Id,OrderVolume
1,4276
2,2703
3,4192
4,9497
5,2017
6,2935
7,6085
8,3402
9,6810
10,4917
11,5429
12,6082
13,4357
14,3482
15,5677
16,5219
17,2619
18,4766
19,4523
20,5877
21,5105
22,3366
23,4530
24,7486
25,8067
26,5642
27,7214
28,2175
29,7686
30,3514
31,5215
32,2465
33,8128
34,7436
35,8846
36,9425
37,7036
38,6189
39,2899
40,4636
41,5954
42,8084
43,4339
44,3528
45,5623
46,4846
47,5554
48,2568
49,7430
50,4379
51,7913
52,6234
53,3417
54,8823
55,3190
56,9045
57,6098
58,6693
59,2510
60,5410
61,4680
62,3833
63,7396
64,10519
65,2973
66,6141
67,5562
68,8048
69,7207
70,5695
71,6752
72,2415
73,2489
74,4670
75,5968
76,8240
77,7607
78,2434
79,4146
80,8515
81,8971
82,5580
83,3346
84,10910
85,5404
86,3643
87,3826
88,2231
89,4565
90,7345
91,3626
92,5750
93,3019
94,5711
95,3947
96,1861
97,4422
98,5242
99,5834
100,8648
101,6873
102,5633
103,3875
104,11119
105,3459
106,6096
107,7443
108,12705
109,5135
110,2957
111,6748
112,5954
113,6327
114,4980
115,10388
116,5795
117,2279
118,7810
119,4621
120,5987
121,2352
122,6906
123,3641
124,2830
125,8356
126,4397
127,5124
128,7908
129,7357
130,4390
131,4934
132,7385
133,3332
134,3100
135,6712
136,4854
137,7118
138,3158
139,4572
140,6206
141,4251
142,3190
143,5309
144,5731
145,6004
146,7193
147,7820
148,7506
149,4129
150,7592
151,5507
152,3175
153,3667
154,7939
155,7209
156,2978
157,7233
158,9623
159,6777
160,4687
161,7090
162,7312
163,5634
164,4504
165,2843
166,5233
167,5302
168,4436
169,5362
170,3189
171,5813
172,7150
173,5991
174,6596
175,6132
176,2916
177,1572
178,7018
179,6198
180,7007
181,3469
182,5566
183,0
184,5436
185,5595
186,3572
187,4083
188,4851
189,7028
190,6670
191,7451
192,14810
193,3933
194,4635
195,10282
196,3552
197,5346
198,836
199,7825
200,6736
201,5395
202,6631
203,5583
204,4590
205,5152
206,4927
207,7809
208,3141
209,5111
210,2700
211,8958
212,3188
213,7664
214,9950
215,6279
216,5965
217,4291
218,2082
219,1816
220,3560
221,5415
222,3072
223,5452
224,7226
225,3796
226,5367
227,4686
228,8526
229,7676
230,7190
231,5119
232,3303
233,8287
234,9377
235,3507
236,4422
237,3830
238,5393
239,5399
240,4014
241,6536
242,3025
243,4990
244,4725
245,8607
246,5598
247,7113
248,6378
249,4632
250,8310
251,17245
252,8522
253,3731
254,3639
255,6425
256,7331
257,2883
258,4696
259,9273
260,6117
261,6800
262,16815
263,5487
264,5388
265,2766
266,2194
267,10293
268,3416
269,6426
270,8918
271,2872
272,3392
273,6158
274,3835
275,6480
276,1956
277,4954
278,4949
279,10623
280,5758
281,5850
282,3135
283,7717
284,5756
285,6668
286,1670
287,9252
288,5058
289,5968
290,4244
291,4434
292,3474
293,4617
294,3521
295,5506
296,4670
297,4908
298,8294
299,7872
300,7545
301,4153
302,4346
303,4499
304,4922
305,6679
306,2964
307,1248
308,6882
309,5429
310,7481
311,5462
312,4380
313,4545
314,3334
315,2473
316,8787
317,6190
318,4946
319,5429
320,11443
321,6187
322,1892
323,7294
324,1962
325,4201
326,5947
327,6065
328,2583
329,4340
330,4301
331,3757
332,1616
333,8174
334,4540
335,8860
336,10380
337,5726
338,5667
339,4289
340,5047
341,4805
342,11192
343,6203
344,6700
345,3056
346,5714
347,5663
348,8003
349,8848
350,6972
351,5595
352,6452
353,5090
354,8626
355,6158
356,6667
357,6138
358,9290
359,6727
360,4861
361,5709
362,7992
363,6057
364,3335
365,5365
366,3109
367,4901
368,8568
369,6912
370,7233
371,6077
372,8056
373,4611
374,4404
375,4253
376,6019
377,6081
378,6388
379,3096
380,13103
381,5102
382,5611
383,15730
384,5392
385,7362
386,6031
387,6878
388,8317
389,7501
390,9670
391,2786
392,4613
393,5444
394,8567
395,2610
396,5396
397,4479
398,5140
399,5403
400,5694
401,3382
402,5829
403,5272
404,3065
405,3051
406,7210
407,4242
408,4981
409,5465
410,5380
411,9266
412,12162
413,4960
414,7371
415,5767
416,9987
417,4776
418,2856
419,3939
420,5120
421,11868
422,4049
423,8845
424,7371
425,2143
426,3833
427,5951
428,6214
429,4888
430,8779
431,8877
432,7497
433,3922
434,11995
435,2168
436,3748
437,8606
438,4153
439,5553
440,3668
441,7036
442,4780
443,3917
444,13627
445,10490
446,2405
447,5018
448,5619
449,7380
450,9289
451,5174
452,2739
453,8043
454,1980
455,9401
456,4598
457,5503
458,9433
459,5618
460,1490
461,4749
462,2209
463,3868
464,11293
465,7570
466,4353
467,12442
468,7232
469,10575
470,11934
471,6921
472,4179
473,2081
474,4903
475,6501
476,2666
477,5713
478,4396
479,7095
480,2461
481,5307
482,8460
483,1660
484,8966
485,5911
486,2709
487,6937
488,3169
489,3043
490,9089
491,7146
492,6916
493,8099
494,5476
495,4861
496,6802
497,7018
498,7916
499,5423
500,6780
501,3699
502,8496
503,6087
504,5737
505,3942
506,4804
507,8117
508,5864
509,4046
510,5182
511,5300
512,4938
513,15614
514,5031
515,9832
516,4688
517,3501
518,6327
519,5315
520,3021
521,4708
522,8798
523,14150
524,6860
525,9705
526,7018
527,10581
528,8302
529,7026
530,5262
531,4333
532,10506
533,7611
534,7184
535,5372
536,5268
537,4996
538,2373
539,12097
540,6390
541,5678
542,4778
543,1529
544,8627
545,8033
546,11753
547,5688
548,4333
549,3920
550,6750
551,4769
552,4182
553,10305
554,4553
555,4302
556,5282
557,3570
558,2513
559,2286
560,14328
561,4822
562,12179
563,4276
564,5835
565,5159
566,4023
567,3126
568,6260
569,3226
570,2785
571,10069
572,5998
573,2632
574,8404
575,2545
576,5786
577,3438
578,9155
579,7396
580,8395
581,2381
582,5111
583,2651
584,4829
585,3535
586,15993
587,11889
588,4900
589,2935
590,5764
591,4208
592,2622
593,7150
594,2471
595,14068
596,4025
597,4878
598,5620
599,11565
600,6717
601,4937
602,5094
603,5986
604,6400
605,6770
606,3922
607,1202
608,4678
609,2955
610,2929
611,5637
612,6785
613,5646
614,5119
615,8095
616,5686
617,3262
618,7637
619,2258
620,9550
621,4924
622,2807
623,4539
624,4276
625,4871
626,7230
627,7053
628,3773
629,5990
630,2355
631,4728
632,7989
633,8708
634,3426
635,2075
636,4938
637,7185
638,6370
639,2588
640,11005
641,3573
642,3408
643,5657
644,9572
645,9295
646,4295
647,4359
648,6028
649,1500
650,6743
651,7108
652,4500
653,4374
654,2907
655,8384
656,3038
657,4311
658,3823
659,3517
660,2834
661,7447
662,6732
663,5452
664,3690
665,5074
666,7518
667,7533
668,7472
669,4903
670,5327
671,5628
672,8072
673,6871
674,5186
675,2022
676,6274
677,6211
678,5985
679,7831
680,5704
681,2833
682,7600
683,5403
684,10131
685,2733
686,2572
687,9109
688,1516
689,5211
690,4407
691,7780
692,3841
693,4378
694,8809
695,2700
696,6254
697,9617
698,14813
699,6612
700,2468
701,5346
702,3632
703,2266
704,7717
705,5001
706,6403
707,5067
708,5696
709,5093
710,4618
711,4800
712,4600
713,8740
714,5300
715,2394
716,6094
717,3915
718,5669
719,5754
720,5749
721,7582
722,8279
723,8080
724,5786
725,4943
726,5950
727,2944
728,5595
729,8714
730,6728
731,6807
732,6021
733,13665
734,3207
735,3617
736,4674
737,4074
738,8643
739,9956
740,7806
741,7170
742,7385
743,1944
744,7683
745,3170
746,6372
747,5944
748,5189
749,2064
750,5033
751,3698
752,3141
753,6983
754,4524
755,8657
756,17255
757,5590
758,3042
759,4659
760,8298
761,6554
762,4439
763,5512
764,2023
765,5965
766,6794
767,3288
768,10491
769,11258
770,3048
771,5356
772,3859
773,3836
774,4068
775,8605
776,3840
777,4649
778,4547
779,2796
780,2619
781,2534
782,5415
783,5716
784,4593
785,7393
786,1161
787,7540
788,15137
789,3124
790,7925
791,6982
792,4486
793,4226
794,2437
795,4085
796,4705
797,5291
798,3039
799,9207
800,4301
801,3840
802,6195
803,4967
804,5884
805,4727
806,5903
807,10203
808,4566
809,7044
810,5804
811,3758
812,3154
813,4561
814,5603
815,6079
816,3664
817,13013
818,5190
819,4835
820,11489
821,4634
822,6685
823,4441
824,5223
825,5000
826,6758
827,15316
828,2939
829,5307
830,3401
831,9333
832,6738
833,4809
834,3626
835,4029
836,2618
837,2040
838,6804
839,2245
840,3821
841,1256
842,20696
843,8767
844,2164
845,5410
846,5905
847,6522
848,5268
849,8181
850,5464
851,5893
852,2754
853,7527
854,6173
855,4013
856,6121
857,9150
858,4294
859,8139
860,6277
861,3128
862,5599
863,6239
864,2790
865,8877
866,6665
867,4460
868,10034
869,3626
870,5149
871,8379
872,6539
873,2258
874,4754
875,3628
876,3133
877,4871
878,5761
879,3376
880,5978
881,2323
882,5713
883,2950
884,5558
885,5625
886,4811
887,5678
888,8755
889,2611
890,5596
891,6780
892,3132
893,5565
894,6075
895,8916
896,6545
897,3785
898,2081
899,2035
900,5440
901,4719
902,3978
903,11645
904,5357
905,5761
906,8480
907,6769
908,2137
909,9659
910,4378
911,7752
912,6488
913,7285
914,6094
915,8295
916,5181
917,4206
918,2769
919,3273
920,6083
921,4311
922,7951
923,5041
924,2805
925,7528
926,7141
927,4645
928,6993
929,4448
930,6929
931,2955
932,4737
933,3731
934,4774
935,3334
936,6185
937,7461
938,7934
939,6145
940,5561
941,4099
942,6180
943,6785
944,7017
945,2856
946,2842
947,8529
948,6136
949,2974
950,3974
951,7586
952,6523
953,2455
954,6052
955,4707
956,1726
957,5015
958,2824
959,4116
960,6322
961,5815
962,5129
963,4089
964,8406
965,6229
966,3654
967,5456
968,5140
969,3128
970,1145
971,7137
972,1563
973,5584
974,9315
975,5594
976,4357
977,3033
978,5316
979,5200
980,4838
981,5652
982,6092
983,7711
984,6006
985,8455
986,3887
987,3686
988,4460
989,3488
990,5221
991,6633
992,3450
993,5339
994,2705
995,7792
996,4574
997,4192
998,3809
999,5409
1000,7319
1001,3339
1002,6499
1003,4520
1004,5341
1005,5294
1006,5864
1007,7585
1008,4641
1009,3645
1010,9533
1011,6462
1012,6560
1013,1986
1014,4369
1015,4999
1016,3929
1017,4660
1018,10366
1019,7866
1020,9084
1021,9580
1022,6193
1023,5267
1024,5903
1025,6103
1026,7237
1027,10281
1028,3155
1029,1820
1030,1420
1031,4031
1032,4974
1033,9876
1034,2389
1035,1839
1036,5200
1037,5481
1038,5663
1039,8726
1040,6660
1041,6251
1042,2645
1043,7527
1044,5867
1045,5955
1046,6814
1047,3433
1048,6210
1049,2955
1050,6502
1051,5569
1052,5208
1053,6185
1054,3799
1055,6198
1056,5151
1057,6826
1058,4715
1059,8160
1060,5358
1061,8471
1062,5049
1063,3520
1064,8141
1065,2780
1066,10455
1067,5808
1068,4566
1069,3203
1070,6890
1071,4588
1072,4410
1073,6894
1074,4417
1075,12529
1076,3004
1077,3041
1078,5448
1079,5969
1080,10309
1081,2747
1082,4635
1083,5947
1084,5632
1085,4717
1086,3482
1087,6036
1088,3201
1089,10504
1090,2749
1091,6797
1092,13103
1093,7235
1094,6147
1095,3211
1096,4864
1097,7767
1098,2674
1099,6817
1100,2839
1101,8216
1102,6541
1103,5567
1104,5667
1105,4670
1106,2876
1107,5287
1108,2248
1109,3568
1110,3286
1111,2830
1112,7599
1113,5509
1114,21004
1115,7387
1116,0
1117,0
1118,0
1119,0
1120,0
1121,0
1122,0
1123,0
1124,0
1125,0
1126,0
1127,0
1128,0
1129,0
1130,0
1131,0
1132,0
1133,0
1134,0
1135,0
1136,0
1137,0
1138,0
1139,0
1140,0
1141,0
1142,0
1143,0
1144,0
1145,0
1146,0
1147,0
1148,0
1149,0
1150,0
1151,0
1152,0
1153,0
1154,0
1155,0
1156,0
1157,0
1158,0
1159,0
1160,0
1161,0
1162,0
1163,0
1164,0
1165,0
1166,0
1167,0
1168,0
1169,0
1170,0
1171,0
1172,0
1173,0
1174,0
1175,0
1176,0
1177,0
1178,0
1179,0
1180,0
1181,0
1182,0
1183,0
1184,0
1185,0
1186,0
1187,0
1188,0
1189,0
1190,0
1191,0
1192,0
1193,0
1194,0
1195,0
1196,0
1197,0
1198,0
1199,0
1200,11860
1201,0
1202,0
1203,0
1204,0
1205,0
1206,0
1207,0
1208,0
1209,0
1210,0
1211,0
1212,0
1213,0
1214,0
1215,0
1216,0
1217,0
1218,0
1219,0
1220,0
1221,0
1222,0
1223,0
1224,0
1225,0
1226,0
1227,0
1228,0
1229,0
1230,0
1231,0
1232,0
1233,0
1234,0
1235,0
1236,0
1237,3108
1238,0
1239,0
1240,0
1241,0
1242,0
1243,0
1244,0
1245,0
1246,0
1247,0
1248,0
1249,0
1250,0
1251,0
1252,0
1253,0
1254,0
1255,0
1256,0
1257,0
1258,0
1259,0
1260,0
1261,0
1262,0
1263,0
1264,0
1265,0
1266,0
1267,0
1268,0
1269,0
1270,0
1271,0
1272,0
1273,0
1274,0
1275,0
1276,0
1277,0
1278,0
1279,0
1280,0
1281,0
1282,0
1283,0
1284,0
1285,0
1286,0
1287,0
1288,0
1289,0
1290,0
1291,0
1292,0
1293,0
1294,0
1295,0
1296,0
1297,0
1298,0
1299,0
1300,0
1301,0
1302,0
1303,0
1304,0
1305,0
1306,0
1307,0
1308,0
1309,0
1310,0
1311,0
1312,0
1313,0
1314,0
1315,0
1316,0
1317,0
1318,0
1319,0
1320,0
1321,0
1322,0
1323,0
1324,2153
1325,0
1326,0
1327,0
1328,0
1329,0
1330,0
1331,0
1332,0
1333,0
1334,0
1335,0
1336,0
1337,0
1338,0
1339,0
1340,0
1341,0
1342,0
1343,0
1344,0
1345,0
1346,0
1347,0
1348,0
1349,0
1350,0
1351,0
1352,0
1353,0
1354,0
1355,0
1356,0
1357,0
1358,0
1359,0
1360,0
1361,0
1362,0
1363,0
1364,0
1365,0
1366,0
1367,0
1368,0
1369,0
1370,0
1371,0
1372,0
1373,0
1374,16379
1375,0
1376,0
1377,28657
1378,0
1379,0
1380,0
1381,0
1382,0
1383,0
1384,0
1385,0
1386,0
1387,0
1388,0
1389,7613
1390,0
1391,0
1392,0
1393,0
1394,0
1395,0
1396,0
1397,0
1398,0
1399,0
1400,0
1401,0
1402,0
1403,0
1404,0
1405,0
1406,0
1407,0
1408,0
1409,0
1410,0
1411,0
1412,0
1413,0
1414,3743
1415,0
1416,0
1417,0
1418,0
1419,0
1420,0
1421,0
1422,0
1423,0
1424,0
1425,2517
1426,0
1427,0
1428,0
1429,0
1430,0
1431,0
1432,0
1433,0
1434,0
1435,0
1436,0
1437,0
1438,0
1439,0
1440,0
1441,0
1442,0
1443,0
1444,0
1445,0
1446,0
1447,0
1448,0
1449,0
1450,8072
1451,0
1452,0
1453,0
1454,0
1455,0
1456,0
1457,0
1458,0
1459,0
1460,0
1461,0
1462,0
1463,0
1464,0
1465,0
1466,0
1467,0
1468,8647
1469,0
1470,0
1471,0
1472,0
1473,0
1474,0
1475,0
1476,0
1477,0
1478,0
1479,0
1480,0
1481,0
1482,0
1483,0
1484,0
1485,0
1486,0
1487,0
1488,0
1489,0
1490,0
1491,0
1492,0
1493,0
1494,0
1495,0
1496,0
1497,0
1498,0
1499,0
1500,0
1501,0
1502,0
1503,0
1504,0
1505,0
1506,0
1507,0
1508,0
1509,0
1510,0
1511,0
1512,0
1513,0
1514,0
1515,0
1516,0
1517,0
1518,0
1519,0
1520,0
1521,0
1522,0
1523,0
1524,0
1525,0
1526,0
1527,0
1528,0
1529,0
1530,0
1531,0
1532,0
1533,0
1534,0
1535,0
1536,0
1537,0
1538,14729
1539,0
1540,0
1541,0
1542,0
1543,0
1544,0
1545,0
1546,0
1547,0
1548,1609
1549,0
1550,0
1551,0
1552,0
1553,0
1554,0
1555,0
1556,0
1557,0
1558,0
1559,0
1560,0
1561,0
1562,0
1563,0
1564,0
1565,0
1566,0
1567,0
1568,4146
1569,0
1570,0
1571,0
1572,0
1573,0
1574,0
1575,0
1576,0
1577,0
1578,0
1579,0
1580,0
1581,0
1582,0
1583,0
1584,0
1585,0
1586,0
1587,0
1588,0
1589,0
1590,0
1591,0
1592,0
1593,0
1594,0
1595,0
1596,0
1597,0
1598,0
1599,0
1600,0
1601,0
1602,0
1603,0
1604,0
1605,0
1606,0
1607,0
1608,0
1609,7775
1610,0
1611,0
1612,0
1613,0
1614,0
1615,0
1616,0
1617,0
1618,0
1619,0
1620,0
1621,0
1622,0
1623,0
1624,0
1625,0
1626,0
1627,7326
1628,0
1629,0
1630,0
1631,0
1632,0
1633,0
1634,0
1635,0
1636,0
1637,0
1638,0
1639,1998
1640,0
1641,0
1642,0
1643,0
1644,0
1645,4371
1646,0
1647,0
1648,0
1649,0
1650,0
1651,0
1652,0
1653,0
1654,0
1655,0
1656,0
1657,0
1658,0
1659,0
1660,0
1661,0
1662,0
1663,0
1664,0
1665,0
1666,0
1667,0
1668,0
1669,0
1670,0
1671,0
1672,0
1673,0
1674,0
1675,0
1676,0
1677,18570
1678,0
1679,0
1680,0
1681,0
1682,0
1683,0
1684,0
1685,0
1686,0
1687,0
1688,0
1689,0
1690,0
1691,0
1692,0
1693,5338
1694,0
1695,0
1696,0
1697,0
1698,0
1699,0
1700,0
1701,0
1702,0
1703,0
1704,0
1705,0
1706,0
1707,0
1708,0
1709,0
1710,0
1711,0
1712,0
1713,0
1714,0
1715,0
1716,0
1717,0
1718,0
1719,0
1720,0
1721,0
1722,0
1723,0
1724,0
1725,0
1726,0
1727,0
1728,0
1729,0
1730,0
1731,0
1732,0
1733,0
1734,0
1735,0
1736,0
1737,0
1738,0
1739,0
1740,0
1741,0
1742,0
1743,0
1744,0
1745,0
1746,0
1747,0
1748,0
1749,0
1750,0
1751,0
1752,0
1753,0
1754,0
1755,0
1756,0
1757,0
1758,0
1759,0
1760,0
1761,0
1762,0
1763,0
1764,0
1765,0
1766,0
1767,0
1768,0
1769,0
1770,0
1771,0
1772,0
1773,0
1774,0
1775,0
1776,0
1777,0
1778,0
1779,0
1780,0
1781,0
1782,0
1783,0
1784,0
1785,0
1786,0
1787,0
1788,0
1789,0
1790,0
1791,13162
1792,0
1793,0
1794,0
1795,0
1796,0
1797,7336
1798,0
1799,0
1800,0
1801,0
1802,0
1803,0
1804,0
1805,0
1806,0
1807,0
1808,0
1809,0
1810,0
1811,0
1812,0
1813,0
1814,0
1815,0
1816,0
1817,0
1818,0
1819,0
1820,0
1821,0
1822,0
1823,0
1824,0
1825,0
1826,0
1827,0
1828,0
1829,0
1830,0
1831,0
1832,0
1833,0
1834,0
1835,0
1836,0
1837,0
1838,0
1839,0
1840,0
1841,0
1842,0
1843,0
1844,0
1845,0
1846,0
1847,2827
1848,15550
1849,0
1850,0
1851,0
1852,0
1853,0
1854,0
1855,0
1856,0
1857,0
1858,0
1859,0
1860,0
1861,0
1862,0
1863,0
1864,0
1865,0
1866,0
1867,0
1868,0
1869,0
1870,0
1871,0
1872,0
1873,0
1874,0
1875,0
1876,0
1877,0
1878,0
1879,0
1880,0
1881,0
1882,0
1883,0
1884,11726
1885,0
1886,0
1887,0
1888,0
1889,0
1890,0
1891,0
1892,0
1893,0
1894,0
1895,0
1896,0
1897,0
1898,0
1899,0
1900,0
1901,0
1902,0
1903,0
1904,0
1905,0
1906,0
1907,0
1908,0
1909,0
1910,0
1911,0
1912,0
1913,0
1914,0
1915,0
1916,0
1917,0
1918,0
1919,0
1920,0
1921,0
1922,0
1923,0
1924,0
1925,0
1926,0
1927,0
1928,0
1929,0
1930,0
1931,0
1932,0
1933,0
1934,0
1935,0
1936,0
1937,0
1938,0
1939,0
1940,0
1941,0
1942,0
1943,0
1944,0
1945,0
1946,0
1947,0
1948,0
1949,0
1950,0
1951,0
1952,0
1953,0
1954,0
1955,0
1956,0
1957,0
1958,0
1959,0
1960,0
1961,0
1962,0
1963,0
1964,0
1965,0
1966,0
1967,0
1968,0
1969,0
1970,0
1971,0
1972,0
1973,0
1974,0
1975,0
1976,0
1977,0
1978,2287
1979,0
1980,0
1981,0
1982,1767
1983,0
1984,0
1985,0
1986,0
1987,0
1988,0
1989,0
1990,0
1991,0
1992,0
1993,0
1994,0
1995,0
1996,0
1997,0
1998,0
1999,0
2000,0
2001,0
2002,0
2003,0
2004,0
2005,0
2006,0
2007,0
2008,0
2009,0
2010,0
2011,0
2012,0
2013,0
2014,0
2015,0
2016,0
2017,0
2018,0
2019,0
2020,0
2021,0
2022,0
2023,0
2024,0
2025,0
2026,0
2027,0
2028,0
2029,0
2030,0
2031,0
2032,0
2033,0
2034,0
2035,0
2036,0
2037,0
2038,0
2039,0
2040,0
2041,0
2042,0
2043,0
2044,0
2045,0
2046,2118
2047,0
2048,0
2049,0
2050,0
2051,0
2052,0
2053,0
2054,0
2055,0
2056,0
2057,0
2058,0
2059,0
2060,0
2061,0
2062,0
2063,11510
2064,0
2065,0
2066,0
2067,0
2068,0
2069,0
2070,0
2071,0
2072,0
2073,0
2074,0
2075,0
2076,0
2077,0
2078,0
2079,0
2080,0
2081,0
2082,0
2083,0
2084,0
2085,0
2086,0
2087,0
2088,0
2089,0
2090,0
2091,0
2092,0
2093,0
2094,0
2095,0
2096,0
2097,0
2098,0
2099,0
2100,0
2101,0
2102,0
2103,0
2104,0
2105,0
2106,0
2107,0
2108,0
2109,0
2110,0
2111,0
2112,0
2113,0
2114,0
2115,0
2116,0
2117,0
2118,0
2119,0
2120,0
2121,0
2122,0
2123,0
2124,0
2125,0
2126,0
2127,0
2128,0
2129,0
2130,0
2131,0
2132,0
2133,0
2134,0
2135,0
2136,0
2137,0
2138,0
2139,0
2140,0
2141,0
2142,0
2143,0
2144,0
2145,0
2146,0
2147,0
2148,0
2149,0
2150,0
2151,0
2152,0
2153,0
2154,0
2155,0
2156,0
2157,0
2158,0
2159,0
2160,3588
2161,0
2162,0
2163,0
2164,0
2165,0
2166,0
2167,0
2168,0
2169,0
2170,0
2171,0
2172,0
2173,0
2174,0
2175,0
2176,0
2177,0
2178,0
2179,0
2180,0
2181,0
2182,0
2183,0
2184,0
2185,0
2186,0
2187,0
2188,0
2189,0
2190,0
2191,0
2192,0
2193,0
2194,0
2195,0
2196,5291
2197,0
2198,0
2199,0
2200,0
2201,0
2202,0
2203,0
2204,0
2205,0
2206,0
2207,0
2208,0
2209,0
2210,0
2211,0
2212,12754
2213,0
2214,4335
2215,0
2216,0
2217,0
2218,0
2219,0
2220,0
2221,0
2222,0
2223,0
2224,0
2225,0
2226,0
2227,0
2228,0
2229,0
2230,0
2231,3784
2232,4296
2233,5957
2234,8777
2235,4209
2236,4432
2237,8443
2238,5752
2239,6950
2240,5712
2241,6723
2242,6481
2243,3560
2244,5539
2245,5825
2246,7609
2247,5282
2248,6313
2249,6363
2250,8513
2251,4149
2252,4151
2253,4370
2254,8488
2255,10245
2256,5314
2257,8063
2258,4065
2259,6877
2260,3390
2261,4727
2262,3917
2263,7446
2264,7732
2265,9436
2266,9085
2267,4985
2268,4730
2269,4155
2270,3741
2271,5210
2272,9058
2273,5955
2274,4726
2275,4355
2276,4134
2277,6780
2278,3349
2279,6288
2280,3583
2281,5996
2282,5229
2283,4602
2284,5953
2285,4696
2286,6787
2287,7664
2288,5944
2289,5310
2290,7469
2291,4697
2292,6883
2293,5585
2294,8872
2295,4343
2296,5519
2297,7137
2298,6553
2299,7458
2300,5605
2301,7545
2302,3804
2303,4605
2304,5428
2305,5603
2306,7905
2307,6353
2308,3002
2309,4845
2310,6532
2311,6706
2312,7902
2313,3806
2314,11861
2315,6583
2316,3978
2317,6307
2318,5511
2319,6055
2320,7480
2321,3798
2322,5010
2323,5346
2324,6326
2325,6063
2326,4673
2327,5942
2328,4747
2329,4708
2330,7457
2331,6500
2332,5719
2333,4672
2334,10025
2335,4909
2336,8736
2337,6970
2338,11294
2339,6052
2340,4358
2341,5419
2342,6150
2343,5109
2344,4297
2345,6802
2346,7186
2347,3688
2348,6896
2349,5661
2350,6382
2351,4287
2352,6806
2353,7311
2354,4537
2355,11136
2356,4577
2357,4154
2358,6903
2359,7778
2360,5151
2361,4584
2362,6392
2363,5331
2364,4988
2365,5194
2366,4349
2367,7842
2368,6996
2369,6311
2370,6939
2371,4638
2372,4569
2373,5235
2374,6147
2375,6576
2376,7012
2377,7029
2378,8909
2379,4800
2380,7314
2381,5976
2382,4919
2383,5399
2384,7864
2385,5692
2386,5505
2387,8936
2388,6798
2389,6225
2390,4521
2391,7028
2392,5976
2393,7048
2394,5851
2395,3715
2396,4792
2397,7827
2398,6862
2399,5029
2400,3382
2401,7623
2402,6746
2403,7328
2404,5869
2405,5328
2406,4841
2407,3671
2408,8592
2409,6177
2410,6272
2411,5282
2412,4498
2413,0
2414,5873
2415,5292
2416,3454
2417,5700
2418,4069
2419,7275
2420,7223
2421,6296
2422,10270
2423,4089
2424,4278
2425,9429
2426,4812
2427,5530
2428,1973
2429,6861
2430,7430
2431,4231
2432,5713
2433,5739
2434,5419
2435,5567
2436,7475
2437,9820
2438,2502
2439,5560
2440,2607
2441,13134
2442,4061
2443,7139
2444,7800
2445,4801
2446,5892
2447,4455
2448,4783
2449,3339
2450,4239
2451,5159
2452,4824
2453,6219
2454,6283
2455,4345
2456,6375
2457,6122
2458,7240
2459,7400
2460,7126
2461,3875
2462,3079
2463,8887
2464,8827
2465,4547
2466,7191
2467,5115
2468,6962
2469,4446
2470,4847
2471,5858
2472,3104
2473,5379
2474,4123
2475,8979
2476,6489
2477,6688
2478,6890
2479,4805
2480,7030
2481,17873
2482,8237
2483,4733
2484,2372
2485,5307
2486,6786
2487,5081
2488,5569
2489,12581
2490,6329
2491,9103
2492,18253
2493,3812
2494,5874
2495,4576
2496,4081
2497,6871
2498,4233
2499,7504
2500,9416
2501,6865
2502,5286
2503,6751
2504,4327
2505,5694
2506,3589
2507,5217
2508,6774
2509,7811
2510,5436
2511,4978
2512,4432
2513,6804
2514,4272
2515,4819
2516,3201
2517,7501
2518,4504
2519,5259
2520,6577
2521,7040
2522,6145
2523,5261
2524,5628
2525,4992
2526,6266
2527,6267
2528,7438
2529,7400
2530,6452
2531,4998
2532,2925
2533,5364
2534,6197
2535,5304
2536,4445
2537,2002
2538,7433
2539,5585
2540,7812
2541,6283
2542,4532
2543,5687
2544,4627
2545,4117
2546,8535
2547,4710
2548,6120
2549,6932
2550,13525
2551,4569
2552,4604
2553,6485
2554,4843
2555,5283
2556,4515
2557,6772
2558,4343
2559,6353
2560,3539
2561,5362
2562,3826
2563,9067
2564,4649
2565,13008
2566,11684
2567,4428
2568,5947
2569,5038
2570,5769
2571,5145
2572,10044
2573,6335
2574,7739
2575,4115
2576,7086
2577,4440
2578,8021
2579,8710
2580,5633
2581,5209
2582,5675
2583,6470
2584,7060
2585,8463
2586,5390
2587,6683
2588,8901
2589,5763
2590,6364
2591,4556
2592,8708
2593,6902
2594,4724
2595,4318
2596,5507
2597,4324
2598,7607
2599,5381
2600,6633
2601,5344
2602,7849
2603,4016
2604,7316
2605,7720
2606,7156
2607,6990
2608,5932
2609,3559
2610,12005
2611,9534
2612,6155
2613,15305
2614,8693
2615,5774
2616,5729
2617,7541
2618,9344
2619,10246
2620,10023
2621,5150
2622,7049
2623,4883
2624,7176
2625,3957
2626,9517
2627,5036
2628,4265
2629,5527
2630,7917
2631,7228
2632,4682
2633,7592
2634,4753
2635,3690
2636,5912
2637,3782
2638,4125
2639,5047
2640,5481
2641,7692
2642,7987
2643,6969
2644,6035
2645,5023
2646,10150
2647,6264
2648,4494
2649,4936
2650,4532
2651,7769
2652,4199
2653,10671
2654,6820
2655,3254
2656,4513
2657,6046
2658,5596
2659,4365
2660,7460
2661,8966
2662,11478
2663,5058
2664,8890
2665,3184
2666,4869
2667,5720
2668,4541
2669,6247
2670,4850
2671,5674
2672,3303
2673,4283
2674,9320
2675,7641
2676,4242
2677,5338
2678,8011
2679,9500
2680,6672
2681,5107
2682,3885
2683,8703
2684,5494
2685,6375
2686,5328
2687,4546
2688,6150
2689,7549
2690,3187
2691,3718
2692,4426
2693,6314
2694,9032
2695,6395
2696,6957
2697,11765
2698,4287
2699,8812
2700,10545
2701,6036
2702,4639
2703,3126
2704,6743
2705,5694
2706,5513
2707,5190
2708,5949
2709,9897
2710,4894
2711,4650
2712,5862
2713,4577
2714,6113
2715,4537
2716,4007
2717,5620
2718,3230
2719,6199
2720,7670
2721,5830
2722,6658
2723,7377
2724,7109
2725,4496
2726,6787
2727,7999
2728,6974
2729,5121
2730,5642
2731,4262
2732,9369
2733,5180
2734,5988
2735,4767
2736,6226
2737,7449
2738,6057
2739,5413
2740,7662
2741,5354
2742,5954
2743,16648
2744,5281
2745,7629
2746,5216
2747,5154
2748,4735
2749,4201
2750,3858
2751,4029
2752,7755
2753,12658
2754,7438
2755,8770
2756,9246
2757,9747
2758,9119
2759,6753
2760,5479
2761,5151
2762,11226
2763,9585
2764,5912
2765,7848
2766,7260
2767,5584
2768,4128
2769,10615
2770,5870
2771,5803
2772,5613
2773,1926
2774,11979
2775,9203
2776,14286
2777,5324
2778,4261
2779,4550
2780,5525
2781,6036
2782,6194
2783,5915
2784,5493
2785,3997
2786,6324
2787,3471
2788,2700
2789,5555
2790,11884
2791,6036
2792,16667
2793,4052
2794,5288
2795,5938
2796,4902
2797,4669
2798,4498
2799,4958
2800,3508
2801,7032
2802,5907
2803,3337
2804,7927
2805,4437
2806,5350
2807,4364
2808,8548
2809,6302
2810,9815
2811,4499
2812,5970
2813,3912
2814,4085
2815,4047
2816,13296
2817,8799
2818,5646
2819,4254
2820,4432
2821,5371
2822,4232
2823,8508
2824,4445
2825,12846
2826,4115
2827,4913
2828,5429
2829,8413
2830,5862
2831,4155
2832,5860
2833,6089
2834,6093
2835,5807
2836,5456
2837,3106
2838,8540
2839,5085
2840,3779
2841,5508
2842,5313
2843,5653
2844,6159
2845,7989
2846,7650
2847,6010
2848,6176
2849,3924
2850,7693
2851,5163
2852,3983
2853,6578
2854,6517
2855,5993
2856,7306
2857,5457
2858,5483
2859,5595
2860,5465
2861,5298
2862,6763
2863,6108
2864,5753
2865,4795
2866,4726
2867,7725
2868,5228
2869,3775
2870,10232
2871,4652
2872,3018
2873,6389
2874,7927
2875,8367
2876,4915
2877,4992
2878,5680
2879,3374
2880,5764
2881,7226
2882,5614
2883,5160
2884,6441
2885,7157
2886,2990
2887,4747
2888,5071
2889,5021
2890,4432
2891,6337
2892,6519
2893,5492
2894,4283
2895,7126
2896,5280
2897,7373
2898,7700
2899,4168
2900,6050
2901,6237
2902,7109
2903,6628
2904,7351
2905,2984
2906,8680
2907,5921
2908,6636
2909,9546
2910,4301
2911,3482
2912,11297
2913,7657
2914,6923
2915,5178
2916,5514
2917,8123
2918,3086
2919,5728
2920,5109
2921,6721
2922,5639
2923,4582
2924,7022
2925,4785
2926,7980
2927,9371
2928,16550
2929,6374
2930,4031
2931,4640
2932,3560
2933,3025
2934,10822
2935,7447
2936,4866
2937,7963
2938,4842
2939,10650
2940,3796
2941,5024
2942,5311
2943,7628
2944,4513
2945,5452
2946,4880
2947,4212
2948,6951
2949,4384
2950,5912
2951,6847
2952,8703
2953,6532
2954,6830
2955,5108
2956,9520
2957,4305
2958,4573
2959,9482
2960,6285
2961,7729
2962,7121
2963,14637
2964,4823
2965,4302
2966,4298
2967,5461
2968,7665
2969,8532
2970,5829
2971,6813
2972,6871
2973,3410
2974,6952
2975,6493
2976,5332
2977,6513
2978,4596
2979,4338
2980,4203
2981,4027
2982,4174
2983,7266
2984,6368
2985,9631
2986,14755
2987,6162
2988,4541
2989,6095
2990,7821
2991,8613
2992,3566
2993,5313
2994,3584
2995,8325
2996,5644
2997,5487
2998,11217
2999,11879
3000,4285
3001,6514
3002,3607
3003,5209
3004,5633
3005,7587
3006,4273
3007,3696
3008,4788
3009,6348
3010,5827
3011,4291
3012,5156
3013,6243
3014,5664
3015,5834
3016,3403
3017,9299
3018,17899
3019,3887
3020,6297
3021,7538
3022,5613
3023,3934
3024,3539
3025,3527
3026,7082
3027,4314
3028,6778
3029,8870
3030,3971
3031,4558
3032,5372
3033,4945
3034,4296
3035,4748
3036,5403
3037,9218
3038,6867
3039,7950
3040,4960
3041,4005
3042,6197
3043,5856
3044,7193
3045,5490
3046,4379
3047,22411
3048,5702
3049,5400
3050,10719
3051,6439
3052,5799
3053,5545
3054,6772
3055,4226
3056,8721
3057,13272
3058,4709
3059,4699
3060,5743
3061,11455
3062,5196
3063,4461
3064,5676
3065,4774
3066,6111
3067,3469
3068,7785
3069,3652
3070,6875
3071,2371
3072,16460
3073,7536
3074,3726
3075,4290
3076,7953
3077,5441
3078,5906
3079,6919
3080,5153
3081,4787
3082,3912
3083,8385
3084,4927
3085,5223
3086,6389
3087,6697
3088,5076
3089,7184
3090,5177
3091,3514
3092,7721
3093,7577
3094,4305
3095,6795
3096,5647
3097,3972
3098,8593
3099,5200
3100,6983
3101,5632
3102,7133
3103,3916
3104,4391
3105,4035
3106,7979
3107,5767
3108,7505
3109,3299
3110,7423
3111,3424
3112,5888
3113,4931
3114,5391
3115,5893
3116,6378
3117,5644
3118,7563
3119,3321
3120,5311
3121,6583
3122,6528
3123,5827
3124,6750
3125,9119
3126,6326
3127,2587
3128,5985
3129,4864
3130,5944
3131,6411
3132,3799
3133,10156
3134,4586
3135,6385
3136,9260
3137,5826
3138,3558
3139,10169
3140,4792
3141,9085
3142,4927
3143,6770
3144,8233
3145,5337
3146,5043
3147,5861
3148,4669
3149,5154
3150,5395
3151,9870
3152,6595
3153,5410
3154,4332
3155,5483
3156,6320
3157,5890
3158,5949
3159,5468
3160,5962
3161,3840
3162,6770
3163,7099
3164,6019
3165,5134
3166,6288
3167,6312
3168,8797
3169,4950
3170,6714
3171,4789
3172,5182
3173,6308
3174,5730
3175,4043
3176,3858
3177,6610
3178,7972
3179,4596
3180,5124
3181,6948
3182,5166
3183,4847
3184,5422
3185,4091
3186,3188
3187,7415
3188,4008
3189,6898
3190,5534
3191,5543
3192,5610
3193,9802
3194,7720
3195,6410
3196,4897
3197,7418
3198,7561
3199,3566
3200,3216
3201,6938
3202,3016
3203,6247
3204,11737
3205,6713
3206,6261
3207,3815
3208,6551
3209,5537
3210,5648
3211,6255
3212,6900
3213,7155
3214,5036
3215,7072
3216,4137
3217,6343
3218,4886
3219,5192
3220,4828
3221,5068
3222,5434
3223,6659
3224,4297
3225,8606
3226,6436
3227,3802
3228,4199
3229,7272
3230,6385
3231,4884
3232,5861
3233,5995
3234,4326
3235,5790
3236,5444
3237,5534
3238,4604
3239,4781
3240,7198
3241,5877
3242,5079
3243,3537
3244,9352
3245,5381
3246,4449
3247,6271
3248,9689
3249,6874
3250,7572
3251,8960
3252,6092
3253,4766
3254,5007
3255,7070
3256,7599
3257,10419
3258,4014
3259,5919
3260,3008
3261,4135
3262,8088
3263,13122
3264,5725
3265,4246
3266,4346
3267,5607
3268,4768
3269,6982
3270,7581
3271,5207
3272,3571
3273,6281
3274,5030
3275,8077
3276,7495
3277,4390
3278,6059
3279,3495
3280,5983
3281,7208
3282,6572
3283,7457
3284,5559
3285,6375
3286,3907
3287,5382
3288,6589
3289,7482
3290,6449
3291,6975
3292,4850
3293,4241
3294,8722
3295,4225
3296,10769
3297,5346
3298,3846
3299,5640
3300,5539
3301,5870
3302,7170
3303,8633
3304,4141
3305,11885
3306,3911
3307,4235
3308,5752
3309,6802
3310,9792
3311,6825
3312,5495
3313,4855
3314,5884
3315,6286
3316,4512
3317,5518
3318,4726
3319,9026
3320,5839
3321,7453
3322,11298
3323,7315
3324,4333
3325,4570
3326,5169
3327,10016
3328,5472
3329,7620
3330,3877
3331,8912
3332,6228
3333,4437
3334,4294
3335,3998
3336,4870
3337,4709
3338,5106
3339,4352
3340,4079
3341,4485
3342,7590
3343,5777
3344,20143
3345,5528
3346,3523
3347,4078
3348,5980
3349,7966
3350,4043
3351,4092
3352,8175
3353,5500
3354,6329
3355,5355
3356,6425
3357,6027
3358,3456
3359,5088
3360,5458
3361,7151
3362,5266
3363,5695
3364,6076
3365,7898
3366,3987
3367,3774
3368,4089
3369,8195
3370,9191
3371,4868
3372,8046
3373,3948
3374,6475
3375,3609
3376,4457
3377,3590
3378,6880
3379,7071
3380,8977
3381,8173
3382,4637
3383,4494
3384,3984
3385,3773
3386,4778
3387,8767
3388,5577
3389,4415
3390,3878
3391,3916
3392,6391
3393,3139
3394,6057
3395,3235
3396,5441
3397,4608
3398,4394
3399,5523
3400,4352
3401,6487
3402,6984
3403,5664
3404,4877
3405,7251
3406,4176
3407,6389
3408,5102
3409,8410
3410,4366
3411,5052
3412,6714
3413,6064
3414,7391
3415,5246
3416,7410
3417,3651
3418,4420
3419,5208
3420,5063
3421,7433
3422,5834
3423,2963
3424,4486
3425,5955
3426,6203
3427,7713
3428,3539
3429,11615
3430,5753
3431,3881
3432,5709
3433,5480
3434,5603
3435,7107
3436,3644
3437,4734
3438,5159
3439,5909
3440,5969
3441,4626
3442,5543
3443,4367
3444,4444
3445,6705
3446,6227
3447,5383
3448,4313
3449,9290
3450,4418
3451,7995
3452,6398
3453,10191
3454,5620
3455,4117
3456,5001
3457,5628
3458,4705
3459,4122
3460,6348
3461,6348
3462,3453
3463,6152
3464,5313
3465,5616
3466,3969
3467,6188
3468,6987
3469,4610
3470,10375
3471,4286
3472,3716
3473,6451
3474,7560
3475,4588
3476,4334
3477,5752
3478,5192
3479,4483
3480,4798
3481,4176
3482,7517
3483,6735
3484,5706
3485,6382
3486,4406
3487,4196
3488,4819
3489,6024
3490,6279
3491,6563
3492,6458
3493,8287
3494,4505
3495,6603
3496,5795
3497,4624
3498,5356
3499,7150
3500,5251
3501,5530
3502,8918
3503,6421
3504,5820
3505,4298
3506,6704
3507,5606
3508,6432
3509,5519
3510,3545
3511,4556
3512,8054
3513,6416
3514,4836
3515,3313
3516,7275
3517,6268
3518,6723
3519,5438
3520,5081
3521,4503
3522,3399
3523,7923
3524,6045
3525,5755
3526,5049
3527,4197
3528,0
3529,5503
3530,4877
3531,3105
3532,5742
3533,3538
3534,6856
3535,6812
3536,5776
3537,9492
3538,3936
3539,4016
3540,8754
3541,4275
3542,5161
3543,2256
3544,6353
3545,7100
3546,3954
3547,5312
3548,5559
3549,5062
3550,5169
3551,7136
3552,8955
3553,2190
3554,5502
3555,2426
3556,12039
3557,3834
3558,6994
3559,7472
3560,4464
3561,5496
3562,4297
3563,4660
3564,3102
3565,4155
3566,4869
3567,4433
3568,5563
3569,5854
3570,4153
3571,5987
3572,5669
3573,7110
3574,6967
3575,6417
3576,3712
3577,2709
3578,8313
3579,8275
3580,4255
3581,6669
3582,4557
3583,6466
3584,4035
3585,4450
3586,5631
3587,2752
3588,5284
3589,3913
3590,8012
3591,5956
3592,6087
3593,6523
3594,4402
3595,6545
3596,16982
3597,7809
3598,4409
3599,2200
3600,5034
3601,6745
3602,4614
3603,5106
3604,11656
3605,5695
3606,8577
3607,16915
3608,3412
3609,5298
3610,4388
3611,3864
3612,6488
3613,3947
3614,7036
3615,8533
3616,6972
3617,5030
3618,6175
3619,3765
3620,5199
3621,3457
3622,4909
3623,6094
3624,7195
3625,4886
3626,4588
3627,4134
3628,6290
3629,4087
3630,4398
3631,3073
3632,6816
3633,4245
3634,4806
3635,6444
3636,6491
3637,5542
3638,5069
3639,5583
3640,4800
3641,5842
3642,5781
3643,6533
3644,6481
3645,6376
3646,4748
3647,2765
3648,5119
3649,5735
3650,4798
3651,4144
3652,2099
3653,7374
3654,5530
3655,7570
3656,5877
3657,4292
3658,5363
3659,4314
3660,3820
3661,8151
3662,4339
3663,5652
3664,6394
3665,12381
3666,4384
3667,4639
3668,6019
3669,4937
3670,5162
3671,4041
3672,6411
3673,4149
3674,5891
3675,3321
3676,4957
3677,3559
3678,8469
3679,4260
3680,13006
3681,11175
3682,4090
3683,5504
3684,4732
3685,5507
3686,4799
3687,9305
3688,6132
3689,7387
3690,3744
3691,6847
3692,4101
3693,7701
3694,8010
3695,5252
3696,5006
3697,5300
3698,6004
3699,6568
3700,7947
3701,5001
3702,6266
3703,8337
3704,5170
3705,5756
3706,4275
3707,7722
3708,6226
3709,4732
3710,4055
3711,5359
3712,4025
3713,7009
3714,4877
3715,6118
3716,4931
3717,7484
3718,3699
3719,6739
3720,7735
3721,6765
3722,7184
3723,5979
3724,3412
3725,11124
3726,8650
3727,5710
3728,13909
3729,8452
3730,5204
3731,5271
3732,7366
3733,9067
3734,9731
3735,9360
3736,4983
3737,6542
3738,4640
3739,6632
3740,3578
3741,9097
3742,4893
3743,4071
3744,5046
3745,7411
3746,6744
3747,4330
3748,7060
3749,4601
3750,3561
3751,5508
3752,3500
3753,3780
3754,4965
3755,5195
3756,7069
3757,7248
3758,6168
3759,5246
3760,4745
3761,9450
3762,6102
3763,4383
3764,4558
3765,4196
3766,7084
3767,3937
3768,9630
3769,6234
3770,2989
3771,4340
3772,5635
3773,5114
3774,4066
3775,6993
3776,8257
3777,10659
3778,5093
3779,8232
3780,2973
3781,4476
3782,5192
3783,4304
3784,5773
3785,4532
3786,5275
3787,3067
3788,4161
3789,8612
3790,7167
3791,4061
3792,4897
3793,7641
3794,8750
3795,6140
3796,4658
3797,3695
3798,8041
3799,5299
3800,5842
3801,5200
3802,4237
3803,5645
3804,7328
3805,3125
3806,3523
3807,4469
3808,5748
3809,8015
3810,6037
3811,6760
3812,11920
3813,3872
3814,8411
3815,10049
3816,5438
3817,4170
3818,2922
3819,6397
3820,5398
3821,5118
3822,4670
3823,5519
3824,9954
3825,4449
3826,4338
3827,5411
3828,5017
3829,5628
3830,4223
3831,3674
3832,5313
3833,3056
3834,6408
3835,7270
3836,5365
3837,6519
3838,7064
3839,6821
3840,4068
3841,6187
3842,7925
3843,6268
3844,4601
3845,5204
3846,3942
3847,8335
3848,4744
3849,5367
3850,4409
3851,5888
3852,6823
3853,5703
3854,5148
3855,7372
3856,4918
3857,5490
3858,15271
3859,5079
3860,7181
3861,5133
3862,4856
3863,4419
3864,3958
3865,3591
3866,3819
3867,7071
3868,11461
3869,7230
3870,7827
3871,9130
3872,9318
3873,8665
3874,6240
3875,4818
3876,4746
3877,10467
3878,8947
3879,5412
3880,7614
3881,7304
3882,5170
3883,3744
3884,9604
3885,5470
3886,5492
3887,5352
3888,1932
3889,11394
3890,8962
3891,12528
3892,5032
3893,4072
3894,4282
3895,5106
3896,5851
3897,5716
3898,5417
3899,5119
3900,3597
3901,6154
3902,3260
3903,2611
3904,4999
3905,11118
3906,5832
3907,15745
3908,4017
3909,4962
3910,5685
3911,4789
3912,4196
3913,4080
3914,4545
3915,3536
3916,6313
3917,5471
3918,3023
3919,7114
3920,4184
3921,4986
3922,3812
3923,7653
3924,5991
3925,8703
3926,4291
3927,5776
3928,3528
3929,4035
3930,3761
3931,12874
3932,8270
3933,5258
3934,4011
3935,3938
3936,4822
3937,4104
3938,8199
3939,4144
3940,12475
3941,3835
3942,4547
3943,4847
3944,7512
3945,5240
3946,3847
3947,5623
3948,6167
3949,5538
3950,5493
3951,4983
3952,3075
3953,8587
3954,4588
3955,3628
3956,5079
3957,4771
3958,5138
3959,5825
3960,7482
3961,7426
3962,5710
3963,5784
3964,3709
3965,7020
3966,4981
3967,3728
3968,6356
3969,6132
3970,5721
3971,6750
3972,4894
3973,5146
3974,5014
3975,5577
3976,4935
3977,6219
3978,5653
3979,5301
3980,5089
3981,4353
3982,7441
3983,4947
3984,3911
3985,9482
3986,4493
3987,3069
3988,6259
3989,7324
3990,8067
3991,4591
3992,4649
3993,5115
3994,2991
3995,5257
3996,6544
3997,5317
3998,4939
3999,5892
4000,6577
4001,2864
4002,4394
4003,4778
4004,4730
4005,4142
4006,5826
4007,6014
4008,5169
4009,3997
4010,6899
4011,4748
4012,6660
4013,7292
4014,3928
4015,5691
4016,5844
4017,6641
4018,6206
4019,6867
4020,3051
4021,7869
4022,5356
4023,6185
4024,8436
4025,3949
4026,3436
4027,11023
4028,7197
4029,6358
4030,5056
4031,5531
4032,7624
4033,2982
4034,5355
4035,4805
4036,6297
4037,5533
4038,4350
4039,6644
4040,4593
4041,7282
4042,8954
4043,14546
4044,6344
4045,3919
4046,4325
4047,3249
4048,2912
4049,9803
4050,6916
4051,4201
4052,7939
4053,4587
4054,10073
4055,3422
4056,4694
4057,5041
4058,7318
4059,4161
4060,5259
4061,4487
4062,3992
4063,6571
4064,4083
4065,5466
4066,6384
4067,8061
4068,6128
4069,6444
4070,4785
4071,9220
4072,4021
4073,4239
4074,9195
4075,5828
4076,7653
4077,6267
4078,13989
4079,4741
4080,4057
4081,3872
4082,5201
4083,7616
4084,7916
4085,5345
4086,6551
4087,6240
4088,3223
4089,6507
4090,6231
4091,5078
4092,6257
4093,4413
4094,4046
4095,3932
4096,3641
4097,3974
4098,6739
4099,5802
4100,9084
4101,13703
4102,5734
4103,4222
4104,5749
4105,7081
4106,7796
4107,3188
4108,4785
4109,3481
4110,7770
4111,5230
4112,5239
4113,10098
4114,10963
4115,4014
4116,5854
4117,3361
4118,4638
4119,5015
4120,6964
4121,4055
4122,3404
4123,4712
4124,6468
4125,6198
4126,4169
4127,4678
4128,5769
4129,5785
4130,5287
4131,3218
4132,8489
4133,16181
4134,3811
4135,5778
4136,7312
4137,5483
4138,3607
4139,3277
4140,3375
4141,6802
4142,4003
4143,6543
4144,8402
4145,3480
4146,4002
4147,4912
4148,4491
4149,3955
4150,4277
4151,5008
4152,8235
4153,6602
4154,7740
4155,4572
4156,3691
4157,5598
4158,5269
4159,6790
4160,5080
4161,4181
4162,20572
4163,5217
4164,5186
4165,9860
4166,5935
4167,5148
4168,5320
4169,6376
4170,4089
4171,8120
4172,11916
4173,4434
4174,4352
4175,5527
4176,11242
4177,4856
4178,4183
4179,5136
4180,4491
4181,5614
4182,3678
4183,7094
4184,3319
4185,6367
4186,2195
4187,15465
4188,6895
4189,3371
4190,4050
4191,8094
4192,5164
4193,5494
4194,6407
4195,4875
4196,4142
4197,3828
4198,8157
4199,4660
4200,4975
4201,5933
4202,6088
4203,4709
4204,6604
4205,5029
4206,3412
4207,7319
4208,7728
4209,4046
4210,6243
4211,5167
4212,3896
4213,7771
4214,4926
4215,6599
4216,5243
4217,6608
4218,3650
4219,3939
4220,3734
4221,8793
4222,5498
4223,6958
4224,3033
4225,6955
4226,3275
4227,5331
4228,4593
4229,4874
4230,5622
4231,6243
4232,5303
4233,7010
4234,3269
4235,4816
4236,5965
4237,6183
4238,5636
4239,6465
4240,8337
4241,5900
4242,2268
4243,5884
4244,4539
4245,5525
4246,5924
4247,3452
4248,9280
4249,4158
4250,6043
4251,8351
4252,6193
4253,3149
4254,9887
4255,4566
4256,8338
4257,4752
4258,6521
4259,8236
4260,4777
4261,4807
4262,5705
4263,4455
4264,4762
4265,5121
4266,8746
4267,6162
4268,5036
4269,4192
4270,5742
4271,5900
4272,5485
4273,5589
4274,5164
4275,5530
4276,3668
4277,6561
4278,6712
4279,5814
4280,4754
4281,5831
4282,6051
4283,8275
4284,4467
4285,6341
4286,4524
4287,4811
4288,5995
4289,5639
4290,4016
4291,3675
4292,6299
4293,7189
4294,4186
4295,4788
4296,6683
4297,4946
4298,4906
4299,5185
4300,3835
4301,2835
4302,6844
4303,3684
4304,6464
4305,5283
4306,5511
4307,5667
4308,9726
4309,7253
4310,6041
4311,4493
4312,6915
4313,6710
4314,3445
4315,3103
4316,6568
4317,2879
4318,5949
4319,10960
4320,6509
4321,5973
4322,3437
4323,6003
4324,5171
4325,5609
4326,5778
4327,6566
4328,6757
4329,4725
4330,6597
4331,3943
4332,5731
4333,4436
4334,4649
4335,4504
4336,4573
4337,4854
4338,6301
4339,4037
4340,7912
4341,6042
4342,3228
4343,3889
4344,6816
4345,6137
4346,4761
4347,5278
4348,6112
4349,4004
4350,5727
4351,5139
4352,5136
4353,4402
4354,4450
4355,6396
4356,5572
4357,4601
4358,3338
4359,9483
4360,4932
4361,4182
4362,6049
4363,9049
4364,6277
4365,6855
4366,8187
4367,5813
4368,4318
4369,4621
4370,6536
4371,7715
4372,9623
4373,4023
4374,5666
4375,2921
4376,3807
4377,8096
4378,12005
4379,5885
4380,4271
4381,4218
4382,5295
4383,4438
4384,6665
4385,7365
4386,5032
4387,3529
4388,6021
4389,4755
4390,7519
4391,6849
4392,4109
4393,5718
4394,3328
4395,5305
4396,6740
4397,6220
4398,7129
4399,5295
4400,6000
4401,3548
4402,5025
4403,6603
4404,7184
4405,6105
4406,6279
4407,4610
4408,3852
4409,8329
4410,3902
4411,10229
4412,5080
4413,3414
4414,5537
4415,5254
4416,5563
4417,6729
4418,8272
4419,3659
4420,10726
4421,3453
4422,4038
4423,5501
4424,6434
4425,8762
4426,6501
4427,5493
4428,4612
4429,5401
4430,5848
4431,4260
4432,5274
4433,4612
4434,8680
4435,5841
4436,6837
4437,10656
4438,6831
4439,4034
4440,4343
4441,4926
4442,9362
4443,4860
4444,6892
4445,4081
4446,8104
4447,5642
4448,4407
4449,3911
4450,3802
4451,4614
4452,4577
4453,4802
4454,4090
4455,3887
4456,4127
4457,7018
4458,5542
4459,18305
4460,5106
4461,3446
4462,4721
4463,5674
4464,7548
4465,4117
4466,3965
4467,7137
4468,5051
4469,5971
4470,4897
4471,6525
4472,5965
4473,3445
4474,4774
4475,5372
4476,6760
4477,4881
4478,5882
4479,5704
4480,7684
4481,3675
4482,3788
4483,3998
4484,8061
4485,8877
4486,4747
4487,7560
4488,3542
4489,6274
4490,3125
4491,4330
4492,3564
4493,6575
4494,6600
4495,8640
4496,7990
4497,4650
4498,4370
4499,3935
4500,3489
4501,4830
4502,8877
4503,5395
4504,4178
4505,3877
4506,3768
4507,6263
4508,2933
4509,5951
4510,3182
4511,5529
4512,4757
4513,4157
4514,5688
4515,4198
4516,6265
4517,6726
4518,5537
4519,4599
4520,7233
4521,4219
4522,5748
4523,5172
4524,8391
4525,4018
4526,4887
4527,6489
4528,6152
4529,7057
4530,4938
4531,7186
4532,3435
4533,3911
4534,5034
4535,4892
4536,7230
4537,5555
4538,3077
4539,4269
4540,5686
4541,6050
4542,7489
4543,3446
4544,11629
4545,5685
4546,3695
4547,5359
4548,5033
4549,5408
4550,6903
4551,3506
4552,4758
4553,4961
4554,5792
4555,5412
4556,4332
4557,5302
4558,4278
4559,4351
4560,6613
4561,5925
4562,5068
4563,4053
4564,8711
4565,4251
4566,7716
4567,6019
4568,10068
4569,5222
4570,3872
4571,5003
4572,5351
4573,4660
4574,4143
4575,6259
4576,5950
4577,3258
4578,6035
4579,5050
4580,5437
4581,3605
4582,6216
4583,7069
4584,4272
4585,9374
4586,4199
4587,3832
4588,6230
4589,7254
4590,4418
4591,4109
4592,5747
4593,4690
4594,4215
4595,4733
4596,4125
4597,7358
4598,6161
4599,5489
4600,6087
4601,4221
4602,4107
4603,4637
4604,5966
4605,6134
4606,6610
4607,6522
4608,7434
4609,4467
4610,6532
4611,5511
4612,4614
4613,5259
4614,6813
4615,5362
4616,5109
4617,8316
4618,6626
4619,5487
4620,4110
4621,6254
4622,5426
4623,5843
4624,5412
4625,3438
4626,4352
4627,7510
4628,6247
4629,4702
4630,3259
4631,6717
4632,5990
4633,6193
4634,5342
4635,4797
4636,4312
4637,3255
4638,7600
4639,5528
4640,5656
4641,4937
4642,4165
4643,0
4644,5296
4645,4861
4646,3140
4647,4733
4648,3681
4649,6690
4650,6615
4651,5605
4652,9372
4653,4235
4654,4008
4655,8480
4656,4209
4657,5194
4658,1856
4659,6234
4660,6707
4661,4001
4662,5085
4663,6229
4664,4903
4665,4786
4666,6513
4667,8732
4668,2140
4669,5019
4670,2378
4671,10864
4672,4077
4673,6829
4674,7472
4675,4455
4676,5299
4677,4122
4678,4347
4679,2913
4680,3851
4681,4714
4682,4125
4683,5702
4684,5777
4685,4050
4686,5574
4687,5410
4688,6977
4689,6890
4690,6238
4691,3765
4692,2750
4693,7853
4694,8085
4695,4050
4696,6247
4697,4318
4698,6080
4699,3918
4700,4324
4701,5625
4702,2682
4703,5241
4704,3998
4705,7593
4706,5637
4707,6015
4708,6184
4709,4203
4710,6509
4711,16400
4712,7934
4713,4121
4714,2302
4715,5135
4716,6343
4717,4190
4718,4920
4719,11534
4720,5423
4721,8225
4722,16807
4723,3475
4724,5000
4725,4221
4726,3530
4727,6325
4728,4166
4729,6605
4730,7978
4731,6282
4732,4623
4733,6005
4734,3770
4735,5154
4736,3176
4737,4805
4738,5861
4739,7312
4740,4870
4741,4470
4742,3850
4743,6112
4744,3984
4745,4263
4746,2904
4747,6725
4748,4177
4749,4651
4750,6018
4751,6137
4752,5062
4753,4690
4754,4758
4755,4844
4756,5438
4757,5557
4758,6654
4759,6032
4760,5794
4761,4585
4762,2700
4763,4992
4764,5253
4765,4661
4766,3993
4767,1880
4768,6927
4769,5373
4770,7419
4771,5524
4772,4133
4773,4863
4774,4146
4775,3563
4776,7614
4777,4350
4778,5650
4779,6225
4780,11326
4781,4350
4782,3917
4783,5932
4784,4174
4785,4788
4786,3985
4787,6131
4788,4037
4789,5871
4790,3278
4791,4647
4792,3111
4793,7984
4794,4275
4795,12582
4796,10461
4797,4057
4798,5259
4799,4298
4800,5235
4801,4578
4802,9117
4803,6033
4804,6762
4805,3543
4806,6687
4807,4121
4808,7330
4809,7494
4810,5108
4811,4896
4812,5171
4813,5949
4814,6518
4815,7269
4816,4976
4817,6046
4818,8328
4819,5194
4820,5433
4821,4336
4822,7163
4823,5840
4824,4289
4825,4073
4826,4807
4827,3933
4828,7130
4829,4762
4830,5983
4831,4924
4832,7278
4833,3696
4834,6168
4835,7072
4836,6159
4837,6176
4838,5468
4839,3274
4840,11699
4841,8094
4842,5763
4843,13280
4844,7294
4845,5271
4846,5155
4847,7016
4848,8585
4849,8927
4850,8947
4851,4448
4852,6322
4853,4529
4854,6486
4855,3531
4856,8140
4857,4691
4858,4044
4859,4963
4860,6961
4861,6386
4862,4248
4863,6810
4864,4517
4865,3427
4866,5407
4867,3459
4868,3836
4869,4555
4870,5584
4871,7142
4872,6992
4873,5932
4874,5144
4875,4646
4876,8925
4877,5761
4878,4257
4879,4424
4880,4183
4881,6919
4882,3782
4883,9514
4884,6297
4885,2848
4886,4285
4887,5440
4888,5073
4889,4102
4890,7007
4891,7705
4892,10091
4893,4684
4894,8299
4895,2877
4896,4199
4897,5152
4898,4183
4899,5373
4900,4466
4901,5328
4902,3024
4903,4009
4904,8952
4905,6943
4906,3850
4907,4513
4908,7475
4909,8315
4910,6216
4911,4478
4912,3454
4913,8244
4914,5283
4915,6307
4916,4775
4917,4196
4918,5554
4919,6795
4920,2718
4921,3701
4922,3960
4923,5461
4924,7939
4925,5927
4926,6623
4927,10502
4928,3904
4929,8010
4930,9800
4931,5305
4932,4029
4933,2748
4934,6455
4935,5073
4936,4885
4937,4552
4938,5229
4939,8812
4940,4221
4941,4248
4942,5424
4943,3956
4944,5641
4945,4177
4946,3639
4947,5188
4948,2835
4949,5665
4950,7004
4951,5292
4952,6086
4953,6884
4954,6670
4955,4053
4956,5983
4957,7207
4958,6116
4959,4600
4960,5281
4961,4476
4962,7997
4963,4832
4964,5065
4965,4207
4966,6045
4967,6800
4968,5508
4969,4852
4970,7169
4971,4671
4972,5387
4973,14132
4974,4906
4975,7266
4976,4642
4977,4468
4978,4426
4979,3859
4980,3341
4981,3807
4982,7000
4983,11102
4984,6799
4985,7483
4986,8225
4987,8986
4988,8394
4989,5993
4990,4474
4991,4434
4992,9895
4993,8305
4994,5602
4995,7247
4996,6431
4997,5065
4998,3242
4999,9258
5000,5490
5001,5244
5002,5082
5003,1924
5004,10241
5005,8791
5006,11841
5007,4896
5008,3932
5009,4057
5010,4961
5011,5191
5012,5689
5013,5310
5014,4730
5015,3637
5016,5517
5017,3439
5018,2472
5019,4641
5020,10844
5021,5652
5022,15539
5023,3795
5024,4853
5025,5673
5026,4296
5027,4083
5028,4077
5029,4194
5030,3380
5031,6195
5032,5487
5033,3122
5034,7014
5035,4158
5036,4776
5037,3552
5038,7388
5039,5861
5040,8269
5041,3962
5042,5272
5043,3462
5044,3880
5045,3638
5046,12592
5047,8349
5048,5045
5049,3785
5050,3849
5051,4693
5052,3870
5053,7357
5054,3526
5055,11956
5056,3652
5057,4182
5058,4619
5059,7273
5060,5293
5061,3799
5062,5247
5063,5786
5064,5440
5065,5448
5066,4735
5067,2839
5068,7724
5069,4258
5070,3464
5071,4984
5072,4765
5073,4980
5074,5323
5075,7141
5076,6992
5077,5352
5078,5568
5079,3516
5080,6983
5081,4823
5082,3600
5083,5934
5084,5930
5085,5455
5086,6748
5087,4801
5088,4861
5089,5056
5090,4883
5091,4633
5092,5866
5093,5787
5094,5179
5095,4303
5096,4440
5097,7280
5098,5087
5099,3803
5100,9369
5101,4246
5102,3163
5103,5776
5104,7327
5105,7727
5106,4404
5107,4378
5108,4893
5109,2949
5110,5110
5111,6386
5112,4989
5113,4582
5114,5485
5115,6442
5116,2741
5117,4262
5118,4684
5119,4394
5120,3949
5121,5613
5122,6004
5123,4967
5124,3954
5125,6417
5126,4794
5127,6365
5128,7021
5129,4067
5130,5444
5131,5616
5132,6404
5133,6019
5134,6903
5135,2785
5136,7826
5137,5260
5138,5896
5139,8300
5140,3872
5141,3217
5142,10649
5143,6594
5144,6262
5145,4772
5146,4795
5147,7567
5148,2832
5149,5087
5150,4558
5151,6294
5152,5000
5153,4212
5154,6400
5155,4476
5156,7029
5157,8895
5158,13928
5159,5805
5160,3636
5161,4279
5162,3213
5163,2775
5164,9041
5165,6592
5166,4127
5167,7161
5168,4420
5169,9300
5170,3507
5171,4737
5172,4770
5173,7682
5174,4234
5175,5364
5176,4448
5177,3945
5178,6022
5179,3941
5180,5714
5181,6182
5182,7843
5183,5945
5184,6144
5185,4505
5186,8635
5187,3778
5188,4134
5189,8722
5190,5702
5191,7534
5192,5921
5193,13536
5194,4415
5195,3993
5196,3848
5197,4726
5198,7294
5199,8007
5200,5315
5201,6091
5202,6198
5203,3057
5204,6322
5205,6259
5206,5004
5207,5981
5208,4396
5209,3621
5210,3929
5211,3442
5212,3896
5213,6489
5214,5441
5215,8617
5216,12928
5217,5581
5218,4134
5219,5822
5220,6705
5221,7418
5222,3153
5223,4787
5224,3335
5225,7187
5226,5280
5227,4739
5228,9986
5229,11289
5230,3941
5231,5609
5232,3201
5233,4628
5234,4691
5235,6941
5236,4014
5237,3477
5238,4441
5239,5555
5240,4918
5241,3852
5242,4532
5243,5525
5244,5308
5245,5199
5246,2934
5247,8362
5248,14864
5249,3565
5250,5591
5251,6844
5252,5504
5253,3519
5254,3140
5255,3459
5256,6233
5257,4143
5258,6019
5259,8086
5260,3470
5261,3927
5262,4868
5263,4350
5264,3965
5265,4188
5266,5128
5267,7938
5268,6177
5269,7646
5270,4470
5271,3421
5272,5267
5273,4915
5274,6224
5275,4952
5276,3900
5277,18779
5278,4851
5279,4850
5280,9623
5281,5505
5282,4968
5283,4910
5284,6156
5285,3951
5286,7789
5287,11231
5288,4049
5289,4076
5290,5493
5291,10482
5292,4730
5293,4117
5294,4852
5295,4338
5296,5239
5297,3227
5298,6934
5299,3259
5300,5899
5301,2205
5302,15004
5303,6734
5304,3699
5305,4213
5306,7208
5307,5018
5308,5402
5309,6202
5310,4792
5311,4242
5312,3576
5313,7650
5314,4598
5315,4747
5316,5568
5317,6051
5318,4453
5319,6463
5320,4542
5321,3314
5322,6654
5323,6772
5324,3917
5325,6149
5326,5111
5327,3817
5328,7435
5329,4496
5330,6192
5331,5162
5332,6351
5333,3431
5334,3783
5335,3645
5336,7205
5337,5693
5338,6684
5339,3019
5340,6504
5341,3327
5342,5141
5343,4277
5344,4761
5345,5538
5346,5839
5347,5113
5348,6767
5349,3185
5350,4799
5351,5722
5352,5664
5353,5720
5354,6650
5355,7946
5356,5533
5357,2383
5358,5262
5359,4137
5360,5164
5361,5538
5362,3442
5363,9196
5364,4128
5365,5543
5366,7954
5367,5432
5368,3160
5369,9657
5370,4492
5371,8110
5372,4526
5373,6102
5374,7019
5375,4788
5376,4445
5377,5425
5378,4300
5379,4466
5380,5104
5381,8015
5382,6046
5383,4764
5384,3924
5385,5218
5386,5779
5387,5094
5388,5768
5389,4820
5390,5185
5391,3428
5392,6262
5393,6647
5394,5635
5395,4490
5396,5675
5397,5667
5398,7482
5399,4468
5400,6037
5401,4342
5402,4654
5403,6100
5404,5303
5405,3855
5406,3420
5407,6947
5408,7152
5409,3962
5410,4481
5411,6288
5412,4912
5413,4374
5414,5492
5415,3875
5416,2697
5417,6366
5418,3481
5419,6026
5420,5248
5421,5211
5422,4824
5423,8230
5424,7054
5425,6186
5426,4323
5427,6571
5428,6277
5429,3406
5430,2750
5431,6249
5432,2730
5433,5753
5434,10619
5435,6263
5436,5726
5437,3311
5438,5798
5439,4975
5440,5323
5441,5545
5442,6298
5443,6653
5444,4625
5445,6196
5446,3964
5447,5323
5448,4286
5449,4456
5450,4461
5451,4492
5452,4777
5453,5975
5454,4029
5455,7593
5456,5708
5457,3198
5458,3700
5459,6708
5460,6020
5461,4528
5462,5061
5463,5292
5464,4145
5465,5162
5466,4970
5467,5085
5468,4216
5469,4361
5470,6636
5471,5500
5472,4559
5473,3183
5474,8092
5475,4814
5476,3955
5477,5517
5478,8801
5479,6183
5480,6741
5481,7713
5482,5496
5483,4347
5484,4446
5485,6117
5486,7157
5487,9903
5488,3780
5489,4970
5490,2652
5491,3641
5492,7265
5493,11076
5494,4954
5495,3707
5496,4200
5497,5068
5498,4432
5499,7104
5500,6993
5501,4936
5502,3351
5503,5855
5504,4509
5505,6941
5506,6909
5507,4010
5508,5582
5509,3176
5510,5339
5511,6581
5512,5932
5513,6952
5514,4892
5515,5732
5516,3642
5517,4871
5518,6007
5519,6748
5520,6012
5521,6275
5522,4477
5523,3575
5524,7919
5525,3716
5526,9481
5527,5008
5528,3536
5529,6346
5530,5082
5531,5017
5532,6698
5533,7791
5534,3794
5535,10010
5536,3295
5537,3806
5538,5308
5539,6143
5540,8790
5541,6154
5542,4899
5543,4505
5544,4939
5545,5645
5546,4087
5547,5016
5548,4388
5549,8407
5550,5742
5551,6432
5552,10328
5553,6934
5554,3929
5555,4205
5556,4652
5557,9287
5558,4496
5559,6486
5560,3669
5561,7742
5562,5490
5563,4225
5564,3882
5565,3673
5566,4241
5567,4457
5568,4427
5569,3973
5570,3571
5571,3820
5572,7013
5573,5390
5574,17507
5575,5075
5576,3283
5577,3998
5578,5752
5579,7455
5580,3776
5581,3876
5582,7200
5583,5724
5584,6060
5585,4845
5586,6163
5587,5822
5588,3556
5589,4890
5590,5575
5591,6577
5592,4944
5593,5744
5594,5908
5595,8267
5596,3747
5597,3684
5598,4098
5599,7948
5600,8979
5601,5263
5602,7447
5603,4017
5604,6113
5605,3479
5606,4524
5607,3312
5608,6546
5609,6566
5610,8625
5611,7880
5612,5027
5613,4297
5614,3736
5615,3706
5616,4783
5617,8490
5618,5310
5619,4118
5620,4129
5621,3809
5622,6060
5623,2946
5624,5701
5625,3293
5626,5699
5627,4928
5628,4242
5629,5681
5630,4125
5631,6470
5632,6942
5633,5504
5634,4512
5635,7093
5636,3923
5637,5688
5638,5425
5639,8846
5640,4405
5641,5144
5642,6428
5643,5873
5644,7096
5645,5035
5646,7239
5647,3622
5648,4052
5649,5037
5650,5092
5651,7293
5652,5848
5653,2966
5654,4201
5655,6179
5656,5735
5657,7920
5658,3370
5659,11023
5660,5831
5661,3590
5662,5248
5663,5200
5664,5233
5665,6805
5666,3539
5667,4863
5668,5089
5669,5893
5670,5457
5671,4306
5672,5721
5673,4510
5674,4280
5675,6596
5676,5957
5677,5069
5678,3965
5679,8616
5680,4066
5681,7390
5682,5985
5683,9922
5684,5200
5685,3823
5686,5188
5687,5238
5688,4537
5689,4032
5690,6196
5691,5994
5692,3327
5693,6031
5694,4746
5695,5515
5696,3743
5697,5865
5698,6746
5699,3978
5700,9798
5701,4203
5702,3639
5703,6173
5704,7401
5705,4421
5706,4137
5707,5784
5708,4890
5709,4183
5710,4869
5711,4051
5712,7234
5713,6759
5714,5394
5715,6121
5716,4262
5717,3948
5718,4692
5719,6367
5720,5983
5721,6779
5722,6328
5723,7545
5724,4300
5725,6869
5726,5670
5727,4357
5728,5282
5729,7166
5730,5244
5731,6029
5732,8327
5733,6375
5734,5616
5735,4409
5736,6125
5737,5583
5738,5954
5739,5270
5740,3298
5741,4484
5742,7621
5743,6019
5744,4851
5745,3260
5746,6934
5747,5788
5748,6283
5749,5226
5750,4712
5751,4453
5752,3203
5753,8170
5754,5737
5755,5614
5756,4938
5757,4225
5758,0
5759,5218
5760,5114
5761,3027
5762,4978
5763,3490
5764,6730
5765,6395
5766,5406
5767,9255
5768,3694
5769,4005
5770,8219
5771,4140
5772,4776
5773,1953
5774,6421
5775,6616
5776,4502
5777,5226
5778,5282
5779,4922
5780,4784
5781,7273
5782,8465
5783,2138
5784,5370
5785,2392
5786,11194
5787,3647
5788,6729
5789,7193
5790,4564
5791,5196
5792,3992
5793,4459
5794,2844
5795,3915
5796,4979
5797,4159
5798,5415
5799,5635
5800,4428
5801,5469
5802,5161
5803,7047
5804,7076
5805,6221
5806,3702
5807,3103
5808,7849
5809,7974
5810,4186
5811,6022
5812,4259
5813,6218
5814,4163
5815,4081
5816,5512
5817,2872
5818,5169
5819,3853
5820,7614
5821,5765
5822,6177
5823,6256
5824,4452
5825,6438
5826,16748
5827,7939
5828,4144
5829,2252
5830,5098
5831,6582
5832,4338
5833,5081
5834,11935
5835,5357
5836,8882
5837,17377
5838,3339
5839,5017
5840,4214
5841,3822
5842,7751
5843,3648
5844,6577
5845,8091
5846,6364
5847,4946
5848,6026
5849,3975
5850,4840
5851,3263
5852,4688
5853,5831
5854,7057
5855,5112
5856,4785
5857,3982
5858,6117
5859,3859
5860,4159
5861,3114
5862,6513
5863,4445
5864,4770
5865,5740
5866,6268
5867,5190
5868,4814
5869,5009
5870,4481
5871,5652
5872,5388
5873,6833
5874,5977
5875,6113
5876,4576
5877,2683
5878,5045
5879,5424
5880,4737
5881,4000
5882,2241
5883,6932
5884,5592
5885,7117
5886,5523
5887,4360
5888,5409
5889,4394
5890,3830
5891,7999
5892,4166
5893,6042
5894,6291
5895,12049
5896,4623
5897,4610
5898,6043
5899,4513
5900,6473
5901,4281
5902,6175
5903,3992
5904,5895
5905,3323
5906,4702
5907,3276
5908,8156
5909,4448
5910,12128
5911,10421
5912,4203
5913,5247
5914,4305
5915,5264
5916,4508
5917,8976
5918,6307
5919,7077
5920,3598
5921,6625
5922,4198
5923,7160
5924,7272
5925,5302
5926,4961
5927,5406
5928,6091
5929,6373
5930,7903
5931,4815
5932,6303
5933,8073
5934,5392
5935,5444
5936,4703
5937,7236
5938,5964
5939,4380
5940,3963
5941,5138
5942,4054
5943,6923
5944,4890
5945,6538
5946,4840
5947,7367
5948,3729
5949,6207
5950,7387
5951,6289
5952,6610
5953,5825
5954,3338
5955,10888
5956,8055
5957,6232
5958,14383
5959,8242
5960,5107
5961,5112
5962,7092
5963,8636
5964,8923
5965,8747
5966,4625
5967,6362
5968,4654
5969,6614
5970,3568
5971,9344
5972,4772
5973,3926
5974,4952
5975,7055
5976,6424
5977,4260
5978,6655
5979,4330
5980,3510
5981,5506
5982,3549
5983,3694
5984,4784
5985,5018
5986,7211
5987,6943
5988,6026
5989,5440
5990,4769
5991,9288
5992,5808
5993,4317
5994,4380
5995,4046
5996,7022
5997,3725
5998,9883
5999,6072
6000,3004
6001,4032
6002,5576
6003,5027
6004,4099
6005,6914
6006,8569
6007,10143
6008,4750
6009,8441
6010,2745
6011,4274
6012,5091
6013,4265
6014,5358
6015,4301
6016,5336
6017,3149
6018,4312
6019,8399
6020,6672
6021,3884
6022,4332
6023,7409
6024,8575
6025,7222
6026,4558
6027,3666
6028,7117
6029,4992
6030,5829
6031,4869
6032,4298
6033,5455
6034,7442
6035,3173
6036,3473
6037,4195
6038,5294
6039,7492
6040,5811
6041,6479
6042,11400
6043,4013
6044,7870
6045,9352
6046,5465
6047,4118
6048,2992
6049,6259
6050,4901
6051,4873
6052,4861
6053,5380
6054,9305
6055,4167
6056,4376
6057,5335
6058,4723
6059,5779
6060,4074
6061,3796
6062,5605
6063,2724
6064,6233
6065,6822
6066,5155
6067,6088
6068,7089
6069,6596
6070,4235
6071,5946
6072,7099
6073,5867
6074,4419
6075,4883
6076,3778
6077,7992
6078,5580
6079,5269
6080,4140
6081,5682
6082,6925
6083,5737
6084,4801
6085,6874
6086,4632
6087,5620
6088,14254
6089,4891
6090,7409
6091,5146
6092,4706
6093,4389
6094,3938
6095,3344
6096,4040
6097,7298
6098,11118
6099,6877
6100,7538
6101,8694
6102,9024
6103,8486
6104,6418
6105,4704
6106,4529
6107,9436
6108,8497
6109,5527
6110,7266
6111,6687
6112,4877
6113,3333
6114,9030
6115,5270
6116,5246
6117,5080
6118,1908
6119,10525
6120,9031
6121,12159
6122,4988
6123,3894
6124,3963
6125,4897
6126,5250
6127,5699
6128,5492
6129,4640
6130,3620
6131,5922
6132,3081
6133,2515
6134,5205
6135,10826
6136,5713
6137,15668
6138,3882
6139,5037
6140,5354
6141,4418
6142,4111
6143,4079
6144,4197
6145,3351
6146,6292
6147,5689
6148,2876
6149,6944
6150,4019
6151,4850
6152,3655
6153,7369
6154,5892
6155,8534
6156,4034
6157,5458
6158,3492
6159,3922
6160,3730
6161,12032
6162,8232
6163,5374
6164,3866
6165,3981
6166,4663
6167,4570
6168,9031
6169,3654
6170,11329
6171,3615
6172,4148
6173,4618
6174,7328
6175,5528
6176,3739
6177,5328
6178,5844
6179,5545
6180,5558
6181,4727
6182,2910
6183,8238
6184,4200
6185,3424
6186,4767
6187,4997
6188,4900
6189,5305
6190,7098
6191,7264
6192,5485
6193,5731
6194,3491
6195,6780
6196,4711
6197,3621
6198,6085
6199,6197
6200,5630
6201,7232
6202,4702
6203,4815
6204,5180
6205,5286
6206,4627
6207,5786
6208,5806
6209,5459
6210,4824
6211,4158
6212,7423
6213,5032
6214,3772
6215,9356
6216,4615
6217,2933
6218,5903
6219,7184
6220,7722
6221,4405
6222,4569
6223,4981
6224,3080
6225,4944
6226,6031
6227,5514
6228,4807
6229,5427
6230,6679
6231,2774
6232,4248
6233,4905
6234,4394
6235,4027
6236,5529
6237,5738
6238,4727
6239,3951
6240,6512
6241,4749
6242,6552
6243,6863
6244,4152
6245,5332
6246,5527
6247,6353
6248,6173
6249,6545
6250,4290
6251,8245
6252,5318
6253,6182
6254,7889
6255,3836
6256,3209
6257,10372
6258,6916
6259,6201
6260,4823
6261,5381
6262,7366
6263,3121
6264,5315
6265,4568
6266,6690
6267,5239
6268,4461
6269,6346
6270,4758
6271,6960
6272,8967
6273,13147
6274,5855
6275,3783
6276,4225
6277,3219
6278,2804
6279,9164
6280,6690
6281,4163
6282,7173
6283,4531
6284,9380
6285,3739
6286,4786
6287,4807
6288,7233
6289,4044
6290,5091
6291,4352
6292,3825
6293,5985
6294,4100
6295,5602
6296,6219
6297,7712
6298,6071
6299,6454
6300,4886
6301,8720
6302,3732
6303,4311
6304,8628
6305,5585
6306,7504
6307,5972
6308,13917
6309,4509
6310,4045
6311,4004
6312,4842
6313,7306
6314,7835
6315,5313
6316,6432
6317,6335
6318,3200
6319,6043
6320,5988
6321,5105
6322,6527
6323,4698
6324,3773
6325,3890
6326,3319
6327,3930
6328,6713
6329,6068
6330,9037
6331,13256
6332,5351
6333,4103
6334,5660
6335,6825
6336,7432
6337,3237
6338,4928
6339,3520
6340,7329
6341,5181
6342,4827
6343,10236
6344,11405
6345,4043
6346,5779
6347,3162
6348,4461
6349,4678
6350,7052
6351,3944
6352,3376
6353,4375
6354,5948
6355,5893
6356,3806
6357,4733
6358,6085
6359,5298
6360,5461
6361,3068
6362,8109
6363,15410
6364,3516
6365,5671
6366,6943
6367,5632
6368,3501
6369,3246
6370,3255
6371,6535
6372,3847
6373,6112
6374,7997
6375,3619
6376,4114
6377,5044
6378,4541
6379,3872
6380,4377
6381,5047
6382,7656
6383,6513
6384,7449
6385,4694
6386,3504
6387,5193
6388,4941
6389,6973
6390,5063
6391,3988
6392,18753
6393,5033
6394,4919
6395,9263
6396,5731
6397,5030
6398,5092
6399,6028
6400,3892
6401,7786
6402,11135
6403,4302
6404,4173
6405,5160
6406,10442
6407,4843
6408,4092
6409,4986
6410,4226
6411,5105
6412,3307
6413,6856
6414,3221
6415,5872
6416,2132
6417,14941
6418,6494
6419,3292
6420,4312
6421,7609
6422,5038
6423,5281
6424,6275
6425,4903
6426,4123
6427,3739
6428,7556
6429,4507
6430,4766
6431,5515
6432,5854
6433,4310
6434,6351
6435,4634
6436,3101
6437,6988
6438,6835
6439,3703
6440,6475
6441,5409
6442,3916
6443,7537
6444,4607
6445,6237
6446,5243
6447,6588
6448,3343
6449,3846
6450,3740
6451,8458
6452,5055
6453,6659
6454,3140
6455,6532
6456,3147
6457,5117
6458,4189
6459,4767
6460,5380
6461,5776
6462,5338
6463,6898
6464,3535
6465,4770
6466,5703
6467,6094
6468,5354
6469,6217
6470,7804
6471,5661
6472,2407
6473,5611
6474,4151
6475,5160
6476,5556
6477,3321
6478,9092
6479,4087
6480,5811
6481,7896
6482,6053
6483,3073
6484,9173
6485,4745
6486,8053
6487,4503
6488,6133
6489,7798
6490,4973
6491,4317
6492,5430
6493,4387
6494,4399
6495,4954
6496,8060
6497,6058
6498,4753
6499,4075
6500,5086
6501,5895
6502,5239
6503,5710
6504,4906
6505,5288
6506,3965
6507,6391
6508,6367
6509,5596
6510,4867
6511,5401
6512,5660
6513,7577
6514,4511
6515,6050
6516,4258
6517,4996
6518,6202
6519,5353
6520,3821
6521,3496
6522,5963
6523,7467
6524,4025
6525,4422
6526,6588
6527,4753
6528,4648
6529,4938
6530,4064
6531,2963
6532,6309
6533,3476
6534,6057
6535,5152
6536,5243
6537,5074
6538,9153
6539,7022
6540,5841
6541,4262
6542,7542
6543,6156
6544,3331
6545,2861
6546,6538
6547,2789
6548,5768
6549,9985
6550,6914
6551,5614
6552,3369
6553,5680
6554,5409
6555,5126
6556,5882
6557,6413
6558,6757
6559,4559
6560,6417
6561,3831
6562,5357
6563,4270
6564,4418
6565,4939
6566,4639
6567,4633
6568,6163
6569,3915
6570,7664
6571,5910
6572,3456
6573,3598
6574,7162
6575,5801
6576,4822
6577,5021
6578,5374
6579,4114
6580,5335
6581,5005
6582,5041
6583,4159
6584,4243
6585,6672
6586,5555
6587,4789
6588,3157
6589,8347
6590,5004
6591,4098
6592,5684
6593,8500
6594,6370
6595,6193
6596,7490
6597,5522
6598,4434
6599,4530
6600,6030
6601,7031
6602,9117
6603,3777
6604,5251
6605,3054
6606,3618
6607,7596
6608,11491
6609,5296
6610,4079
6611,4538
6612,5487
6613,4469
6614,6460
6615,7288
6616,4841
6617,3503
6618,5698
6619,4508
6620,7631
6621,7260
6622,4059
6623,5856
6624,3290
6625,5405
6626,6657
6627,6045
6628,6697
6629,5028
6630,5763
6631,3467
6632,5245
6633,5791
6634,6798
6635,6168
6636,6527
6637,4746
6638,3485
6639,7910
6640,3784
6641,9532
6642,5068
6643,3413
6644,5006
6645,5112
6646,5249
6647,6387
6648,7899
6649,3946
6650,9735
6651,3376
6652,3930
6653,5251
6654,6262
6655,8518
6656,5983
6657,5311
6658,4410
6659,5115
6660,5615
6661,4242
6662,5158
6663,4615
6664,8526
6665,5456
6666,6472
6667,10063
6668,6987
6669,3758
6670,4048
6671,4657
6672,9521
6673,4379
6674,6753
6675,3776
6676,8068
6677,5423
6678,4131
6679,4045
6680,3716
6681,4267
6682,4353
6683,4649
6684,3852
6685,3870
6686,3734
6687,7074
6688,5763
6689,17636
6690,5170
6691,3653
6692,3945
6693,6015
6694,7976
6695,4155
6696,4081
6697,8179
6698,5046
6699,6613
6700,5216
6701,6296
6702,6088
6703,4017
6704,5176
6705,6283
6706,6932
6707,5052
6708,6829
6709,6356
6710,7024
6711,4501
6712,4303
6713,4696
6714,8977
6715,9324
6716,5870
6717,7991
6718,4114
6719,6865
6720,3209
6721,5208
6722,3475
6723,7278
6724,7047
6725,9534
6726,8645
6727,5852
6728,5002
6729,3896
6730,3693
6731,5487
6732,8913
6733,5844
6734,4503
6735,4550
6736,4386
6737,6188
6738,3113
6739,6655
6740,3687
6741,6673
6742,5450
6743,4662
6744,6903
6745,4368
6746,7366
6747,7351
6748,5897
6749,4920
6750,7171
6751,4236
6752,6095
6753,6316
6754,10002
6755,4765
6756,5710
6757,6404
6758,6587
6759,8024
6760,5523
6761,7940
6762,3639
6763,3957
6764,5134
6765,5943
6766,8222
6767,6630
6768,3432
6769,4529
6770,7039
6771,6717
6772,8295
6773,3814
6774,11444
6775,6218
6776,3995
6777,5037
6778,5409
6779,5550
6780,7351
6781,3585
6782,5446
6783,6036
6784,6437
6785,5695
6786,4091
6787,5948
6788,5091
6789,4669
6790,7351
6791,6560
6792,5426
6793,4404
6794,9084
6795,4546
6796,7970
6797,6648
6798,11746
6799,5774
6800,3881
6801,5981
6802,5637
6803,5260
6804,4519
6805,7375
6806,6286
6807,3536
6808,6809
6809,4978
6810,6100
6811,4048
6812,6648
6813,6763
6814,5155
6815,10265
6816,4783
6817,4185
6818,6751
6819,7888
6820,4571
6821,4520
6822,6210
6823,5148
6824,4419
6825,5505
6826,4354
6827,8405
6828,6562
6829,6024
6830,6216
6831,4395
6832,4431
6833,5173
6834,6701
6835,6137
6836,7611
6837,7371
6838,7906
6839,4793
6840,7635
6841,6396
6842,4732
6843,5395
6844,7676
6845,5968
6846,5475
6847,8848
6848,7345
6849,6405
6850,4778
6851,6915
6852,6349
6853,6010
6854,5679
6855,3485
6856,4693
6857,7714
6858,6317
6859,5464
6860,3618
6861,7290
6862,5986
6863,6642
6864,5830
6865,5130
6866,4672
6867,3269
6868,8732
6869,5781
6870,5956
6871,5080
6872,4878
6873,9909
6874,5792
6875,6026
6876,3234
6877,5835
6878,4095
6879,7568
6880,6959
6881,5947
6882,11091
6883,3708
6884,4540
6885,9030
6886,4568
6887,5857
6888,2186
6889,7277
6890,7396
6891,5249
6892,5679
6893,5529
6894,5397
6895,5078
6896,6951
6897,8722
6898,2602
6899,5635
6900,2658
6901,11030
6902,3966
6903,7523
6904,9019
6905,5098
6906,5693
6907,4382
6908,4246
6909,3068
6910,3958
6911,5614
6912,4286
6913,6427
6914,6343
6915,4632
6916,5776
6917,6017
6918,7943
6919,7996
6920,6949
6921,4281
6922,3744
6923,8380
6924,9146
6925,4579
6926,6598
6927,4483
6928,6413
6929,4745
6930,4362
6931,6319
6932,3437
6933,5151
6934,4583
6935,7835
6936,6220
6937,6754
6938,6698
6939,4967
6940,7218
6941,16702
6942,8599
6943,4366
6944,2679
6945,5812
6946,6912
6947,4402
6948,5722
6949,12362
6950,5541
6951,9094
6952,19406
6953,3776
6954,5420
6955,4367
6956,3412
6957,7473
6958,4154
6959,6998
6960,8363
6961,6359
6962,5101
6963,6447
6964,4628
6965,5540
6966,3392
6967,5517
6968,6246
6969,8088
6970,5640
6971,5577
6972,3823
6973,6408
6974,4266
6975,4702
6976,3309
6977,7170
6978,4968
6979,5186
6980,6456
6981,6529
6982,5217
6983,4897
6984,4986
6985,4590
6986,5758
6987,5826
6988,7954
6989,6705
6990,6631
6991,5110
6992,3180
6993,5255
6994,5767
6995,5201
6996,4226
6997,2304
6998,7286
6999,5746
7000,8596
7001,5670
7002,4770
7003,6189
7004,4531
7005,4065
7006,8612
7007,5193
7008,6722
7009,7443
7010,11973
7011,5306
7012,4188
7013,6653
7014,4183
7015,5062
7016,5100
7017,6592
7018,4265
7019,6768
7020,3538
7021,4683
7022,3270
7023,8365
7024,4949
7025,12752
7026,10669
7027,4848
7028,5636
7029,4680
7030,5671
7031,4973
7032,10071
7033,7094
7034,7173
7035,3810
7036,7191
7037,4869
7038,8075
7039,7652
7040,6105
7041,5692
7042,6102
7043,6411
7044,7702
7045,7844
7046,5722
7047,6376
7048,8968
7049,6028
7050,6100
7051,5410
7052,7331
7053,6033
7054,4819
7055,4246
7056,5601
7057,4480
7058,7714
7059,5723
7060,7157
7061,5298
7062,8443
7063,4214
7064,6305
7065,7979
7066,6613
7067,7149
7068,5876
7069,3512
7070,12056
7071,7878
7072,7000
7073,14268
7074,7828
7075,5881
7076,5916
7077,7464
7078,9207
7079,9097
7080,9686
7081,5281
7082,6566
7083,5335
7084,7826
7085,4024
7086,8694
7087,5144
7088,4684
7089,5487
7090,7101
7091,6489
7092,4802
7093,7332
7094,4319
7095,3790
7096,6252
7097,4066
7098,3964
7099,4908
7100,5577
7101,8291
7102,8243
7103,5884
7104,6058
7105,5271
7106,9194
7107,5841
7108,5372
7109,4701
7110,4405
7111,8895
7112,3897
7113,11544
7114,6694
7115,3081
7116,4114
7117,5589
7118,5516
7119,4751
7120,7711
7121,9088
7122,10143
7123,5269
7124,10242
7125,2915
7126,4769
7127,5827
7128,4707
7129,6030
7130,5012
7131,6405
7132,3598
7133,4797
7134,10752
7135,8127
7136,4190
7137,4722
7138,8434
7139,8319
7140,6678
7141,5021
7142,4020
7143,7730
7144,5280
7145,6758
7146,4916
7147,5069
7148,6272
7149,7079
7150,3320
7151,3994
7152,4122
7153,5162
7154,8563
7155,6790
7156,7411
7157,11323
7158,4961
7159,9656
7160,10147
7161,6250
7162,4460
7163,3046
7164,6743
7165,5545
7166,5263
7167,5294
7168,5884
7169,9672
7170,4107
7171,4808
7172,6491
7173,4165
7174,7389
7175,4916
7176,4099
7177,6406
7178,3023
7179,5907
7180,7258
7181,5856
7182,6495
7183,7976
7184,6968
7185,4673
7186,6588
7187,8120
7188,6271
7189,4952
7190,5657
7191,4100
7192,8437
7193,6224
7194,5534
7195,4267
7196,6078
7197,7808
7198,6504
7199,5163
7200,7870
7201,5030
7202,6496
7203,14408
7204,5248
7205,8985
7206,4952
7207,4998
7208,5249
7209,4585
7210,3666
7211,4619
7212,8162
7213,11517
7214,7490
7215,8457
7216,8130
7217,10283
7218,9522
7219,7349
7220,4787
7221,4620
7222,10072
7223,9480
7224,6579
7225,7440
7226,7863
7227,5395
7228,3310
7229,9813
7230,5566
7231,5600
7232,5567
7233,1899
7234,10538
7235,9181
7236,12326
7237,5379
7238,4315
7239,4697
7240,5414
7241,5616
7242,5759
7243,6581
7244,4684
7245,3919
7246,5931
7247,3279
7248,2645
7249,5031
7250,11999
7251,6341
7252,16719
7253,3874
7254,5750
7255,5887
7256,5115
7257,4373
7258,4991
7259,4233
7260,3554
7261,7527
7262,6206
7263,3296
7264,7814
7265,4256
7266,5214
7267,4072
7268,8386
7269,6517
7270,8757
7271,4157
7272,5735
7273,4044
7274,4244
7275,4014
7276,12523
7277,9582
7278,5971
7279,3964
7280,4761
7281,5560
7282,3984
7283,7784
7284,3847
7285,12493
7286,3852
7287,4393
7288,4861
7289,8734
7290,6706
7291,4403
7292,5476
7293,5795
7294,6160
7295,6219
7296,4955
7297,3192
7298,8224
7299,4479
7300,3846
7301,5123
7302,5856
7303,5035
7304,5428
7305,7461
7306,7933
7307,6150
7308,6445
7309,3633
7310,7706
7311,5083
7312,4066
7313,6960
7314,6546
7315,5948
7316,7912
7317,5203
7318,5273
7319,5739
7320,5017
7321,5024
7322,6205
7323,7049
7324,5721
7325,5282
7326,4733
7327,8062
7328,5861
7329,4222
7330,10367
7331,4522
7332,2945
7333,6612
7334,8489
7335,7848
7336,4540
7337,5199
7338,5716
7339,3403
7340,5486
7341,6687
7342,5819
7343,5442
7344,5512
7345,7547
7346,2870
7347,4757
7348,5059
7349,4373
7350,4372
7351,6010
7352,6576
7353,5359
7354,4606
7355,6718
7356,5507
7357,7205
7358,7711
7359,4877
7360,5689
7361,5935
7362,6666
7363,6590
7364,8157
7365,3164
7366,8850
7367,5731
7368,6520
7369,9065
7370,4415
7371,3218
7372,10774
7373,7130
7374,7177
7375,5096
7376,5170
7377,8235
7378,3420
7379,5778
7380,4658
7381,7600
7382,5252
7383,4872
7384,6856
7385,4887
7386,7448
7387,9833
7388,14495
7389,6254
7390,4106
7391,4586
7392,3766
7393,2886
7394,9841
7395,7062
7396,5290
7397,8363
7398,5297
7399,8620
7400,4303
7401,5096
7402,5415
7403,7542
7404,4842
7405,5759
7406,5186
7407,4242
7408,6314
7409,4653
7410,6167
7411,7132
7412,8116
7413,6661
7414,6884
7415,5463
7416,9295
7417,4145
7418,5133
7419,9974
7420,6188
7421,7803
7422,6305
7423,15597
7424,4842
7425,4349
7426,4114
7427,5203
7428,8350
7429,9110
7430,6172
7431,6545
7432,7301
7433,3584
7434,6542
7435,6171
7436,5633
7437,7137
7438,5396
7439,4217
7440,4517
7441,3390
7442,4281
7443,7254
7444,5827
7445,10204
7446,14781
7447,5749
7448,4144
7449,6442
7450,7253
7451,7769
7452,3635
7453,5446
7454,3900
7455,7533
7456,5883
7457,5674
7458,10907
7459,13030
7460,4069
7461,6184
7462,3399
7463,4763
7464,4840
7465,7637
7466,4485
7467,4089
7468,4477
7469,6242
7470,5205
7471,3866
7472,5101
7473,6806
7474,6269
7475,6117
7476,2690
7477,9529
7478,15809
7479,3775
7480,6618
7481,7530
7482,6012
7483,4152
7484,3347
7485,3833
7486,6679
7487,4542
7488,6119
7489,8878
7490,3986
7491,4632
7492,5863
7493,4961
7494,4472
7495,4661
7496,5345
7497,8814
7498,6582
7499,8237
7500,5227
7501,3623
7502,5324
7503,4983
7504,7626
7505,5463
7506,4419
7507,18703
7508,5289
7509,5281
7510,10097
7511,5961
7512,5804
7513,5551
7514,6136
7515,4101
7516,8481
7517,12516
7518,4631
7519,4274
7520,5489
7521,10552
7522,5677
7523,4525
7524,5245
7525,4982
7526,5078
7527,4000
7528,7425
7529,3252
7530,5942
7531,2643
7532,18077
7533,7240
7534,3676
7535,5310
7536,8623
7537,5573
7538,5524
7539,7087
7540,5461
7541,4814
7542,3816
7543,7910
7544,5025
7545,5236
7546,5761
7547,6661
7548,4421
7549,7133
7550,5591
7551,3435
7552,7357
7553,8610
7554,4014
7555,7298
7556,6146
7557,4524
7558,8723
7559,4558
7560,6107
7561,6220
7562,7338
7563,3371
7564,4564
7565,4260
7566,7439
7567,5314
7568,7577
7569,3570
7570,6968
7571,3400
7572,5835
7573,4646
7574,5232
7575,5433
7576,6309
7577,6034
7578,8299
7579,4141
7580,5525
7581,6360
7582,6818
7583,5400
7584,7688
7585,8399
7586,5950
7587,2949
7588,5804
7589,4409
7590,5594
7591,5825
7592,3455
7593,10669
7594,4667
7595,5982
7596,8760
7597,6331
7598,3423
7599,9006
7600,5371
7601,8730
7602,4951
7603,6580
7604,7617
7605,6053
7606,4800
7607,6386
7608,4752
7609,4757
7610,5553
7611,7685
7612,7190
7613,4881
7614,4282
7615,6164
7616,6880
7617,5441
7618,6612
7619,5200
7620,5736
7621,3788
7622,7006
7623,6432
7624,6618
7625,5222
7626,5825
7627,6325
7628,8128
7629,5543
7630,6747
7631,4281
7632,5469
7633,6858
7634,5877
7635,4026
7636,3807
7637,6333
7638,7966
7639,4296
7640,4999
7641,7263
7642,5598
7643,4606
7644,5271
7645,4603
7646,2850
7647,6964
7648,3589
7649,6332
7650,5695
7651,6210
7652,5885
7653,8439
7654,7156
7655,6074
7656,4664
7657,7389
7658,6421
7659,3392
7660,2700
7661,6905
7662,3219
7663,6223
7664,10523
7665,7156
7666,6214
7667,3570
7668,6278
7669,5881
7670,5695
7671,6533
7672,7057
7673,6909
7674,4882
7675,7297
7676,4020
7677,5934
7678,4432
7679,4793
7680,5960
7681,5687
7682,5057
7683,6476
7684,4462
7685,8529
7686,5919
7687,3921
7688,3921
7689,8031
7690,6155
7691,4825
7692,5332
7693,6302
7694,4467
7695,5599
7696,5438
7697,6267
7698,4460
7699,4324
7700,8034
7701,5946
7702,5394
7703,3310
7704,9945
7705,5577
7706,4611
7707,5542
7708,9573
7709,6927
7710,6846
7711,8112
7712,6133
7713,4907
7714,5368
7715,6506
7716,8654
7717,10132
7718,4369
7719,4856
7720,3096
7721,4132
7722,8537
7723,12190
7724,5221
7725,3992
7726,5220
7727,5380
7728,5164
7729,7053
7730,7914
7731,5281
7732,3785
7733,7060
7734,4889
7735,7808
7736,8140
7737,4758
7738,6404
7739,3348
7740,6144
7741,6822
7742,6463
7743,6952
7744,5399
7745,6300
7746,4166
7747,5753
7748,6992
7749,7287
7750,6763
7751,7129
7752,5004
7753,3924
7754,8894
7755,4039
7756,10386
7757,5762
7758,4038
7759,4967
7760,5580
7761,5289
7762,6904
7763,8082
7764,4554
7765,10170
7766,3585
7767,4397
7768,5650
7769,6855
7770,9284
7771,5913
7772,4984
7773,5126
7774,5308
7775,6180
7776,4154
7777,5770
7778,4743
7779,9806
7780,5383
7781,7176
7782,10761
7783,7912
7784,4273
7785,4136
7786,5414
7787,9907
7788,4611
7789,6845
7790,4167
7791,8642
7792,5510
7793,4646
7794,4476
7795,4245
7796,4524
7797,4869
7798,4660
7799,4140
7800,4012
7801,4195
7802,7624
7803,5671
7804,19355
7805,5877
7806,4541
7807,2827
7808,4783
7809,9920
7810,2111
7811,3044
7812,6483
7813,3476
7814,6991
7815,5069
7816,5706
7817,6376
7818,4616
7819,3608
7820,6080
7821,5382
7822,2760
7823,5066
7824,4683
7825,5993
7826,5484
7827,3379
7828,4403
7829,8004
7830,8780
7831,5907
7832,7842
7833,2216
7834,8156
7835,3664
7836,5547
7837,2412
7838,8553
7839,7699
7840,9200
7841,9830
7842,7346
7843,6674
7844,3081
7845,4844
7846,6092
7847,8628
7848,4593
7849,3743
7850,5883
7851,5260
7852,5972
7853,2568
7854,7722
7855,4533
7856,7892
7857,6265
7858,3704
7859,9436
7860,3196
7861,9410
7862,6444
7863,6914
7864,2573
7865,5712
7866,5084
7867,3929
7868,7894
7869,11124
7870,3100
7871,6353
7872,5643
7873,8686
7874,7580
7875,5928
7876,7124
7877,2484
7878,2498
7879,4928
7880,6235
7881,8413
7882,8230
7883,2576
7884,4210
7885,8924
7886,9123
7887,5971
7888,3284
7889,11595
7890,5560
7891,3673
7892,3971
7893,2305
7894,4709
7895,7730
7896,3781
7897,6346
7898,3176
7899,6091
7900,4044
7901,1891
7902,4513
7903,5599
7904,5964
7905,8512
7906,7213
7907,5850
7908,3886
7909,11649
7910,3401
7911,6290
7912,7714
7913,13297
7914,5293
7915,3177
7916,6852
7917,6069
7918,6477
7919,5140
7920,10556
7921,6099
7922,2340
7923,8341
7924,4799
7925,6302
7926,2400
7927,7194
7928,3845
7929,2928
7930,8719
7931,4778
7932,5402
7933,8234
7934,7616
7935,4533
7936,5178
7937,7625
7938,3442
7939,3221
7940,7052
7941,5048
7942,7283
7943,3311
7944,4278
7945,6583
7946,4274
7947,3247
7948,5511
7949,5803
7950,6225
7951,7626
7952,8398
7953,7694
7954,4121
7955,8001
7956,5782
7957,3328
7958,3903
7959,8282
7960,7564
7961,3055
7962,7608
7963,9754
7964,6797
7965,4847
7966,7494
7967,7575
7968,5751
7969,4479
7970,2883
7971,5716
7972,5526
7973,4656
7974,5565
7975,3302
7976,6074
7977,7209
7978,6282
7979,6737
7980,6389
7981,3034
7982,1640
7983,7174
7984,6571
7985,7383
7986,3476
7987,5783
7988,6285
7989,5672
7990,5842
7991,3880
7992,4165
7993,5131
7994,7258
7995,6863
7996,7618
7997,15084
7998,3971
7999,4865
8000,10811
8001,3686
8002,5531
8003,827
8004,8072
8005,7094
8006,5642
8007,6743
8008,5844
8009,4665
8010,5457
8011,5486
8012,8073
8013,3274
8014,5348
8015,2825
8016,9291
8017,3388
8018,8250
8019,10691
8020,6475
8021,6361
8022,4524
8023,2152
8024,1883
8025,3641
8026,5772
8027,3181
8028,5928
8029,7462
8030,4074
8031,5505
8032,4884
8033,8952
8034,8029
8035,7553
8036,5256
8037,3258
8038,8828
8039,10057
8040,3847
8041,4640
8042,3896
8043,5720
8044,5701
8045,4140
8046,6881
8047,3074
8048,5171
8049,5142
8050,8743
8051,6014
8052,7489
8053,6826
8054,4800
8055,8801
8056,18014
8057,9100
8058,3886
8059,3753
8060,6944
8061,7949
8062,3053
8063,4803
8064,9487
8065,6274
8066,7109
8067,17303
8068,5627
8069,5924
8070,2933
8071,2361
8072,11360
8073,3516
8074,6660
8075,9161
8076,2924
8077,3612
8078,6572
8079,3933
8080,6648
8081,1990
8082,5101
8083,4988
8084,11063
8085,5944
8086,6118
8087,3167
8088,7993
8089,5897
8090,6855
8091,1687
8092,9510
8093,5134
8094,6103
8095,4395
8096,4624
8097,3606
8098,4837
8099,3603
8100,5419
8101,4790
8102,4866
8103,8264
8104,8046
8105,7869
8106,4256
8107,4416
8108,4600
8109,5132
8110,6735
8111,3125
8112,1261
8113,7328
8114,5820
8115,8023
8116,5814
8117,4575
8118,4616
8119,3503
8120,2549
8121,9311
8122,6315
8123,4912
8124,5793
8125,12010
8126,6386
8127,1921
8128,7519
8129,2170
8130,4421
8131,6229
8132,6510
8133,2627
8134,4494
8135,4625
8136,3912
8137,1689
8138,8523
8139,4817
8140,9596
8141,11012
8142,5989
8143,5972
8144,4286
8145,5281
8146,5080
8147,11550
8148,6901
8149,7144
8150,3049
8151,5976
8152,5662
8153,8358
8154,8785
8155,7197
8156,5928
8157,6768
8158,5357
8159,9213
8160,6430
8161,6982
8162,6277
8163,9863
8164,7086
8165,5054
8166,6024
8167,8364
8168,6352
8169,3280
8170,5731
8171,3269
8172,5146
8173,9248
8174,7167
8175,7763
8176,6353
8177,8798
8178,4803
8179,4553
8180,4515
8181,6301
8182,6549
8183,6743
8184,3432
8185,13874
8186,5356
8187,5745
8188,16325
8189,5694
8190,7587
8191,6512
8192,7347
8193,8860
8194,7732
8195,10136
8196,2927
8197,4859
8198,5905
8199,9118
8200,2804
8201,5736
8202,4834
8203,5496
8204,5653
8205,6003
8206,3538
8207,6129
8208,5528
8209,2978
8210,3181
8211,7660
8212,4375
8213,5110
8214,6032
8215,5820
8216,9795
8217,12484
8218,5178
8219,7806
8220,6032
8221,10217
8222,5186
8223,2958
8224,4264
8225,5313
8226,12906
8227,4211
8228,8975
8229,7804
8230,2136
8231,3868
8232,6216
8233,6274
8234,5196
8235,8722
8236,9398
8237,7665
8238,4009
8239,12120
8240,2235
8241,3781
8242,9224
8243,4321
8244,5763
8245,3798
8246,7297
8247,5071
8248,3948
8249,14324
8250,10949
8251,2521
8252,5194
8253,6019
8254,7727
8255,9810
8256,5378
8257,2852
8258,8081
8259,2084
8260,9971
8261,4860
8262,5686
8263,9811
8264,6010
8265,1500
8266,5053
8267,2318
8268,3995
8269,11873
8270,7869
8271,4581
8272,13390
8273,7724
8274,11547
8275,12634
8276,7174
8277,4434
8278,2130
8279,4963
8280,6825
8281,2727
8282,5860
8283,4646
8284,7546
8285,2557
8286,5592
8287,9128
8288,1761
8289,9483
8290,6029
8291,2804
8292,7382
8293,3461
8294,3281
8295,9780
8296,7213
8297,7142
8298,8878
8299,5697
8300,5022
8301,7234
8302,7043
8303,8093
8304,5852
8305,6890
8306,3617
8307,8849
8308,6673
8309,6123
8310,3980
8311,5215
8312,8840
8313,6330
8314,4154
8315,5473
8316,5509
8317,5012
8318,16548
8319,5134
8320,10600
8321,4918
8322,3695
8323,6607
8324,5736
8325,3339
8326,4850
8327,9377
8328,14692
8329,7270
8330,10090
8331,7202
8332,11204
8333,8881
8334,7291
8335,5213
8336,4489
8337,10997
8338,7857
8339,7474
8340,5488
8341,5609
8342,5189
8343,2408
8344,12758
8345,6711
8346,6158
8347,4999
8348,1543
8349,9197
8350,8491
8351,12187
8352,5876
8353,4441
8354,3981
8355,6900
8356,5150
8357,4280
8358,10603
8359,4473
8360,4418
8361,5591
8362,3690
8363,2619
8364,2406
8365,15216
8366,5010
8367,13539
8368,4485
8369,6188
8370,5474
8371,4196
8372,3259
8373,6479
8374,3314
8375,2865
8376,10681
8377,6271
8378,2646
8379,8841
8380,2627
8381,6266
8382,3515
8383,9572
8384,7973
8385,9055
8386,2465
8387,5164
8388,2762
8389,4943
8390,3645
8391,16714
8392,11934
8393,5065
8394,2945
8395,5930
8396,4351
8397,2651
8398,7488
8399,2518
8400,14879
8401,4172
8402,4855
8403,5655
8404,12010
8405,7171
8406,5206
8407,5272
8408,6179
8409,6541
8410,7042
8411,4043
8412,1234
8413,5043
8414,2963
8415,3042
8416,5766
8417,7222
8418,5969
8419,5230
8420,8374
8421,6007
8422,3317
8423,7662
8424,2274
8425,9977
8426,5286
8427,2851
8428,4848
8429,4335
8430,5091
8431,7621
8432,7094
8433,3960
8434,5813
8435,2463
8436,4889
8437,8305
8438,9061
8439,3681
8440,2187
8441,5258
8442,7382
8443,6404
8444,2666
8445,11663
8446,3753
8447,3532
8448,6054
8449,10365
8450,9677
8451,4386
8452,4537
8453,6176
8454,1506
8455,6900
8456,7459
8457,4851
8458,4563
8459,3099
8460,9055
8461,3182
8462,4878
8463,3950
8464,3558
8465,2829
8466,7701
8467,7115
8468,5730
8469,3921
8470,5263
8471,7841
8472,7836
8473,7906
8474,5002
8475,5442
8476,5906
8477,8365
8478,7080
8479,5588
8480,2058
8481,6465
8482,6389
8483,6466
8484,8120
8485,6055
8486,2682
8487,7703
8488,5536
8489,10817
8490,2894
8491,2647
8492,9668
8493,1604
8494,5367
8495,4606
8496,8527
8497,3985
8498,4723
8499,9323
8500,2935
8501,6545
8502,10399
8503,15104
8504,7130
8505,2524
8506,5585
8507,3809
8508,2334
8509,7995
8510,5294
8511,6487
8512,5397
8513,5368
8514,5380
8515,5035
8516,5021
8517,4751
8518,9515
8519,5509
8520,2524
8521,6236
8522,4294
8523,5738
8524,5781
8525,6137
8526,7834
8527,8801
8528,8600
8529,6199
8530,5265
8531,6163
8532,3044
8533,5929
8534,9300
8535,7091
8536,7234
8537,6153
8538,14531
8539,3369
8540,3672
8541,4828
8542,4370
8543,9245
8544,10220
8545,8004
8546,7473
8547,7903
8548,2026
8549,8018
8550,3280
8551,6613
8552,6345
8553,5662
8554,2094
8555,5059
8556,3630
8557,3255
8558,7478
8559,4850
8560,9075
8561,18041
8562,5680
8563,3115
8564,5005
8565,8588
8566,6924
8567,4445
8568,5754
8569,2051
8570,6181
8571,7001
8572,3366
8573,11068
8574,12052
8575,3222
8576,5510
8577,3910
8578,3972
8579,4201
8580,8753
8581,4107
8582,4612
8583,4668
8584,2812
8585,2666
8586,2618
8587,5637
8588,5891
8589,5010
8590,8043
8591,1170
8592,7779
8593,15765
8594,3093
8595,8429
8596,7149
8597,4701
8598,4359
8599,2504
8600,4413
8601,4897
8602,5366
8603,3065
8604,9696
8605,4330
8606,4054
8607,6496
8608,5096
8609,6090
8610,4761
8611,5954
8612,10623
8613,4599
8614,7404
8615,5980
8616,3920
8617,3257
8618,4632
8619,5829
8620,6304
8621,3764
8622,13232
8623,5307
8624,5045
8625,11987
8626,4939
8627,7130
8628,4679
8629,5512
8630,5240
8631,7120
8632,16107
8633,3032
8634,5670
8635,3460
8636,9711
8637,7099
8638,4956
8639,3824
8640,4400
8641,2549
8642,2069
8643,7016
8644,2195
8645,4060
8646,1271
8647,20420
8648,9120
8649,2227
8650,5601
8651,6552
8652,7236
8653,5496
8654,8473
8655,5967
8656,5890
8657,2898
8658,7532
8659,6367
8660,4181
8661,6419
8662,9566
8663,4421
8664,8464
8665,6749
8666,3285
8667,6018
8668,6590
8669,2824
8670,9237
8671,7071
8672,4595
8673,10438
8674,3731
8675,5194
8676,8793
8677,6777
8678,2297
8679,4928
8680,3653
8681,3257
8682,5228
8683,6096
8684,3530
8685,6207
8686,2431
8687,5858
8688,3032
8689,5626
8690,5860
8691,4964
8692,5893
8693,9357
8694,2773
8695,5779
8696,7382
8697,3227
8698,5678
8699,6393
8700,9187
8701,6791
8702,3922
8703,2119
8704,2121
8705,5702
8706,4987
8707,4091
8708,11949
8709,5609
8710,6058
8711,8790
8712,7058
8713,2203
8714,8402
8715,4617
8716,8227
8717,6544
8718,7502
8719,6477
8720,8607
8721,5435
8722,4333
8723,2815
8724,3322
8725,6471
8726,4432
8727,8593
8728,5096
8729,3091
8730,7640
8731,7653
8732,4802
8733,7664
8734,4589
8735,7222
8736,3112
8737,4834
8738,3800
8739,5142
8740,3499
8741,6549
8742,7853
8743,8307
8744,6561
8745,5716
8746,4162
8747,6316
8748,7244
8749,7505
8750,2874
8751,2920
8752,8977
8753,6241
8754,2971
8755,4161
8756,8183
8757,6425
8758,2503
8759,6362
8760,5012
8761,1802
8762,5253
8763,3075
8764,4300
8765,6461
8766,6146
8767,5379
8768,4345
8769,8632
8770,6320
8771,3695
8772,5782
8773,5235
8774,3281
8775,1180
8776,7302
8777,1633
8778,6081
8779,9884
8780,6011
8781,4572
8782,3150
8783,5436
8784,5496
8785,5188
8786,5824
8787,6190
8788,8260
8789,6620
8790,9040
8791,4146
8792,3912
8793,4705
8794,3688
8795,5406
8796,6920
8797,3636
8798,5460
8799,2819
8800,8056
8801,4767
8802,4437
8803,4090
8804,5543
8805,7490
8806,3440
8807,6786
8808,4677
8809,5521
8810,5495
8811,6170
8812,7955
8813,4770
8814,3794
8815,10257
8816,6918
8817,6726
8818,2048
8819,4868
8820,5166
8821,4272
8822,4764
8823,11121
8824,8281
8825,9694
8826,10072
8827,6580
8828,5520
8829,6363
8830,6296
8831,7817
8832,10756
8833,3408
8834,1852
8835,1430
8836,4231
8837,5475
8838,10384
8839,2449
8840,1857
8841,5527
8842,5827
8843,5808
8844,9350
8845,7206
8846,6516
8847,2767
8848,8117
8849,6265
8850,6299
8851,7128
8852,3601
8853,6536
8854,3273
8855,6778
8856,5937
8857,5561
8858,6375
8859,3985
8860,6566
8861,5315
8862,7047
8863,5181
8864,8566
8865,5757
8866,8837
8867,5412
8868,3797
8869,8735
8870,2845
8871,11064
8872,5787
8873,4862
8874,3352
8875,7296
8876,4760
8877,4505
8878,7069
8879,4496
8880,13079
8881,3268
8882,3049
8883,5661
8884,6349
8885,10481
8886,2773
8887,4800
8888,6245
8889,5938
8890,4884
8891,3500
8892,6443
8893,3314
8894,11187
8895,3158
8896,7036
8897,13684
8898,7391
8899,6181
8900,3222
8901,5282
8902,7885
8903,2697
8904,7068
8905,3047
8906,8573
8907,6720
8908,5881
8909,5999
8910,4950
8911,2851
8912,5467
8913,2279
8914,3690
8915,3210
8916,2892
8917,8078
8918,5814
8919,22253
8920,7802
8921,0
8922,0
8923,0
8924,0
8925,0
8926,0
8927,0
8928,0
8929,0
8930,0
8931,0
8932,0
8933,0
8934,0
8935,0
8936,0
8937,0
8938,0
8939,0
8940,0
8941,0
8942,0
8943,0
8944,0
8945,0
8946,0
8947,0
8948,0
8949,0
8950,0
8951,0
8952,0
8953,0
8954,0
8955,0
8956,0
8957,0
8958,0
8959,0
8960,0
8961,0
8962,0
8963,0
8964,0
8965,0
8966,0
8967,0
8968,0
8969,0
8970,0
8971,0
8972,0
8973,0
8974,0
8975,0
8976,0
8977,0
8978,0
8979,0
8980,0
8981,0
8982,0
8983,0
8984,0
8985,0
8986,0
8987,0
8988,0
8989,0
8990,0
8991,0
8992,0
8993,0
8994,0
8995,0
8996,0
8997,0
8998,0
8999,0
9000,0
9001,0
9002,0
9003,0
9004,0
9005,12610
9006,0
9007,0
9008,0
9009,0
9010,0
9011,0
9012,0
9013,0
9014,0
9015,0
9016,0
9017,0
9018,0
9019,0
9020,0
9021,0
9022,0
9023,0
9024,0
9025,0
9026,0
9027,0
9028,0
9029,0
9030,0
9031,0
9032,0
9033,0
9034,0
9035,0
9036,0
9037,0
9038,0
9039,0
9040,0
9041,0
9042,3340
9043,0
9044,0
9045,0
9046,0
9047,0
9048,0
9049,0
9050,0
9051,0
9052,0
9053,0
9054,0
9055,0
9056,0
9057,0
9058,0
9059,0
9060,0
9061,0
9062,0
9063,0
9064,0
9065,0
9066,0
9067,0
9068,0
9069,0
9070,0
9071,0
9072,0
9073,0
9074,0
9075,0
9076,0
9077,0
9078,0
9079,0
9080,0
9081,0
9082,0
9083,0
9084,0
9085,0
9086,0
9087,0
9088,0
9089,0
9090,0
9091,0
9092,0
9093,0
9094,0
9095,0
9096,0
9097,0
9098,0
9099,0
9100,0
9101,0
9102,0
9103,0
9104,0
9105,0
9106,0
9107,0
9108,0
9109,0
9110,0
9111,0
9112,0
9113,0
9114,0
9115,0
9116,0
9117,0
9118,0
9119,0
9120,0
9121,0
9122,0
9123,0
9124,0
9125,0
9126,0
9127,0
9128,0
9129,2409
9130,0
9131,0
9132,0
9133,0
9134,0
9135,0
9136,0
9137,0
9138,0
9139,0
9140,0
9141,0
9142,0
9143,0
9144,0
9145,0
9146,0
9147,0
9148,0
9149,0
9150,0
9151,0
9152,0
9153,0
9154,0
9155,0
9156,0
9157,0
9158,0
9159,0
9160,0
9161,0
9162,0
9163,0
9164,0
9165,0
9166,0
9167,0
9168,0
9169,0
9170,0
9171,0
9172,0
9173,0
9174,0
9175,0
9176,0
9177,0
9178,0
9179,17002
9180,0
9181,0
9182,30310
9183,0
9184,0
9185,0
9186,0
9187,0
9188,0
9189,0
9190,0
9191,0
9192,0
9193,0
9194,7732
9195,0
9196,0
9197,0
9198,0
9199,0
9200,0
9201,0
9202,0
9203,0
9204,0
9205,0
9206,0
9207,0
9208,0
9209,0
9210,0
9211,0
9212,0
9213,0
9214,0
9215,0
9216,0
9217,0
9218,0
9219,3883
9220,0
9221,0
9222,0
9223,0
9224,0
9225,0
9226,0
9227,0
9228,0
9229,0
9230,2844
9231,0
9232,0
9233,0
9234,0
9235,0
9236,0
9237,0
9238,0
9239,0
9240,0
9241,0
9242,0
9243,0
9244,0
9245,0
9246,0
9247,0
9248,0
9249,0
9250,0
9251,0
9252,0
9253,0
9254,0
9255,9115
9256,0
9257,0
9258,0
9259,0
9260,0
9261,0
9262,0
9263,0
9264,0
9265,0
9266,0
9267,0
9268,0
9269,0
9270,0
9271,0
9272,0
9273,9305
9274,0
9275,0
9276,0
9277,0
9278,0
9279,0
9280,0
9281,0
9282,0
9283,0
9284,0
9285,0
9286,0
9287,0
9288,0
9289,0
9290,0
9291,0
9292,0
9293,0
9294,0
9295,0
9296,0
9297,0
9298,0
9299,0
9300,0
9301,0
9302,0
9303,0
9304,0
9305,0
9306,0
9307,0
9308,0
9309,0
9310,0
9311,0
9312,0
9313,0
9314,0
9315,0
9316,0
9317,0
9318,0
9319,0
9320,0
9321,0
9322,0
9323,0
9324,0
9325,0
9326,0
9327,0
9328,0
9329,0
9330,0
9331,0
9332,0
9333,0
9334,0
9335,0
9336,0
9337,0
9338,0
9339,0
9340,0
9341,0
9342,0
9343,15237
9344,0
9345,0
9346,0
9347,0
9348,0
9349,0
9350,0
9351,0
9352,0
9353,1687
9354,0
9355,0
9356,0
9357,0
9358,0
9359,0
9360,0
9361,0
9362,0
9363,0
9364,0
9365,0
9366,0
9367,0
9368,0
9369,0
9370,0
9371,0
9372,0
9373,4339
9374,0
9375,0
9376,0
9377,0
9378,0
9379,0
9380,0
9381,0
9382,0
9383,0
9384,0
9385,0
9386,0
9387,0
9388,0
9389,0
9390,0
9391,0
9392,0
9393,0
9394,0
9395,0
9396,0
9397,0
9398,0
9399,0
9400,0
9401,0
9402,0
9403,0
9404,0
9405,0
9406,0
9407,0
9408,0
9409,0
9410,0
9411,0
9412,0
9413,0
9414,8778
9415,0
9416,0
9417,0
9418,0
9419,0
9420,0
9421,0
9422,0
9423,0
9424,0
9425,0
9426,0
9427,0
9428,0
9429,0
9430,0
9431,0
9432,7614
9433,0
9434,0
9435,0
9436,0
9437,0
9438,0
9439,0
9440,0
9441,0
9442,0
9443,0
9444,2150
9445,0
9446,0
9447,0
9448,0
9449,0
9450,4394
9451,0
9452,0
9453,0
9454,0
9455,0
9456,0
9457,0
9458,0
9459,0
9460,0
9461,0
9462,0
9463,0
9464,0
9465,0
9466,0
9467,0
9468,0
9469,0
9470,0
9471,0
9472,0
9473,0
9474,0
9475,0
9476,0
9477,0
9478,0
9479,0
9480,0
9481,0
9482,20025
9483,0
9484,0
9485,0
9486,0
9487,0
9488,0
9489,0
9490,0
9491,0
9492,0
9493,0
9494,0
9495,0
9496,0
9497,0
9498,5950
9499,0
9500,0
9501,0
9502,0
9503,0
9504,0
9505,0
9506,0
9507,0
9508,0
9509,0
9510,0
9511,0
9512,0
9513,0
9514,0
9515,0
9516,0
9517,0
9518,0
9519,0
9520,0
9521,0
9522,0
9523,0
9524,0
9525,0
9526,0
9527,0
9528,0
9529,0
9530,0
9531,0
9532,0
9533,0
9534,0
9535,0
9536,0
9537,0
9538,0
9539,0
9540,0
9541,0
9542,0
9543,0
9544,0
9545,0
9546,0
9547,0
9548,0
9549,0
9550,0
9551,0
9552,0
9553,0
9554,0
9555,0
9556,0
9557,0
9558,0
9559,0
9560,0
9561,0
9562,0
9563,0
9564,0
9565,0
9566,0
9567,0
9568,0
9569,0
9570,0
9571,0
9572,0
9573,0
9574,0
9575,0
9576,0
9577,0
9578,0
9579,0
9580,0
9581,0
9582,0
9583,0
9584,0
9585,0
9586,0
9587,0
9588,0
9589,0
9590,0
9591,0
9592,0
9593,0
9594,0
9595,0
9596,13678
9597,0
9598,0
9599,0
9600,0
9601,0
9602,7643
9603,0
9604,0
9605,0
9606,0
9607,0
9608,0
9609,0
9610,0
9611,0
9612,0
9613,0
9614,0
9615,0
9616,0
9617,0
9618,0
9619,0
9620,0
9621,0
9622,0
9623,0
9624,0
9625,0
9626,0
9627,0
9628,0
9629,0
9630,0
9631,0
9632,0
9633,0
9634,0
9635,0
9636,0
9637,0
9638,0
9639,0
9640,0
9641,0
9642,0
9643,0
9644,0
9645,0
9646,0
9647,0
9648,0
9649,0
9650,0
9651,0
9652,2876
9653,16522
9654,0
9655,0
9656,0
9657,0
9658,0
9659,0
9660,0
9661,0
9662,0
9663,0
9664,0
9665,0
9666,0
9667,0
9668,0
9669,0
9670,0
9671,0
9672,0
9673,0
9674,0
9675,0
9676,0
9677,0
9678,0
9679,0
9680,0
9681,0
9682,0
9683,0
9684,0
9685,0
9686,0
9687,0
9688,0
9689,12476
9690,0
9691,0
9692,0
9693,0
9694,0
9695,0
9696,0
9697,0
9698,0
9699,0
9700,0
9701,0
9702,0
9703,0
9704,0
9705,0
9706,0
9707,0
9708,0
9709,0
9710,0
9711,0
9712,0
9713,0
9714,0
9715,0
9716,0
9717,0
9718,0
9719,0
9720,0
9721,0
9722,0
9723,0
9724,0
9725,0
9726,0
9727,0
9728,0
9729,0
9730,0
9731,0
9732,0
9733,0
9734,0
9735,0
9736,0
9737,0
9738,0
9739,0
9740,0
9741,0
9742,0
9743,0
9744,0
9745,0
9746,0
9747,0
9748,0
9749,0
9750,0
9751,0
9752,0
9753,0
9754,0
9755,0
9756,0
9757,0
9758,0
9759,0
9760,0
9761,0
9762,0
9763,0
9764,0
9765,0
9766,0
9767,0
9768,0
9769,0
9770,0
9771,0
9772,0
9773,0
9774,0
9775,0
9776,0
9777,0
9778,0
9779,0
9780,0
9781,0
9782,0
9783,2399
9784,0
9785,0
9786,0
9787,2002
9788,0
9789,0
9790,0
9791,0
9792,0
9793,0
9794,0
9795,0
9796,0
9797,0
9798,0
9799,0
9800,0
9801,0
9802,0
9803,0
9804,0
9805,0
9806,0
9807,0
9808,0
9809,0
9810,0
9811,0
9812,0
9813,0
9814,0
9815,0
9816,0
9817,0
9818,0
9819,0
9820,0
9821,0
9822,0
9823,0
9824,0
9825,0
9826,0
9827,0
9828,0
9829,0
9830,0
9831,0
9832,0
9833,0
9834,0
9835,0
9836,0
9837,0
9838,0
9839,0
9840,0
9841,0
9842,0
9843,0
9844,0
9845,0
9846,0
9847,0
9848,0
9849,0
9850,0
9851,2173
9852,0
9853,0
9854,0
9855,0
9856,0
9857,0
9858,0
9859,0
9860,0
9861,0
9862,0
9863,0
9864,0
9865,0
9866,0
9867,0
9868,11772
9869,0
9870,0
9871,0
9872,0
9873,0
9874,0
9875,0
9876,0
9877,0
9878,0
9879,0
9880,0
9881,0
9882,0
9883,0
9884,0
9885,0
9886,0
9887,0
9888,0
9889,0
9890,0
9891,0
9892,0
9893,0
9894,0
9895,0
9896,0
9897,0
9898,0
9899,0
9900,0
9901,0
9902,0
9903,0
9904,0
9905,0
9906,0
9907,0
9908,0
9909,0
9910,0
9911,0
9912,0
9913,0
9914,0
9915,0
9916,0
9917,0
9918,0
9919,0
9920,0
9921,0
9922,0
9923,0
9924,0
9925,0
9926,0
9927,0
9928,0
9929,0
9930,0
9931,0
9932,0
9933,0
9934,0
9935,0
9936,0
9937,0
9938,0
9939,0
9940,0
9941,0
9942,0
9943,0
9944,0
9945,0
9946,0
9947,0
9948,0
9949,0
9950,0
9951,0
9952,0
9953,0
9954,0
9955,0
9956,0
9957,0
9958,0
9959,0
9960,0
9961,0
9962,0
9963,0
9964,0
9965,4026
9966,0
9967,0
9968,0
9969,0
9970,0
9971,0
9972,0
9973,0
9974,0
9975,0
9976,0
9977,0
9978,0
9979,0
9980,0
9981,0
9982,0
9983,0
9984,0
9985,0
9986,0
9987,0
9988,0
9989,0
9990,0
9991,0
9992,0
9993,0
9994,0
9995,0
9996,0
9997,0
9998,0
9999,0
10000,0
10001,5475
10002,0
10003,0
10004,0
10005,0
10006,0
10007,0
10008,0
10009,0
10010,0
10011,0
10012,0
10013,0
10014,0
10015,0
10016,0
10017,13486
10018,0
10019,5099
10020,0
10021,0
10022,0
10023,0
10024,0
10025,0
10026,0
10027,0
10028,0
10029,0
10030,0
10031,0
10032,0
10033,0
10034,0
10035,0
10036,5754
10037,8035
10038,11714
10039,12689
10040,7953
10041,7132
10042,13530
10043,10303
10044,11667
10045,7895
10046,10449
10047,12486
10048,8345
10049,8917
10050,10844
10051,11430
10052,10911
10053,11225
10054,10890
10055,11009
10056,10009
10057,7069
10058,8841
10059,16937
10060,15547
10061,11084
10062,16712
10063,7875
10064,14316
10065,6432
10066,7890
10067,6494
10068,11610
10069,11326
10070,19897
10071,11872
10072,9422
10073,10757
10074,9515
10075,5643
10076,8696
10077,16449
10078,10647
10079,8559
10080,7987
10081,9382
10082,11059
10083,5053
10084,10565
10085,7381
10086,10234
10087,10085
10088,7963
10089,11111
10090,7992
10091,10830
10092,14792
10093,12253
10094,9455
10095,14377
10096,7728
10097,9667
10098,11369
10099,17616
10100,8826
10101,8379
10102,12247
10103,8972
10104,12391
10105,10112
10106,14685
10107,8860
10108,7036
10109,9492
10110,8282
10111,13117
10112,12526
10113,6172
10114,8965
10115,11115
10116,9532
10117,15530
10118,5708
10119,19234
10120,9234
10121,7980
10122,8828
10123,10723
10124,8573
10125,12679
10126,7129
10127,11462
10128,9697
10129,12426
10130,10798
10131,10158
10132,10709
10133,8840
10134,8372
10135,10606
10136,10951
10137,11599
10138,6374
10139,12280
10140,8100
10141,11701
10142,9767
10143,16368
10144,9272
10145,6316
10146,10534
10147,7617
10148,7543
10149,7519
10150,10645
10151,10064
10152,5704
10153,14246
10154,9069
10155,11430
10156,6711
10157,10183
10158,13430
10159,6754
10160,16985
10161,9016
10162,9233
10163,13535
10164,12608
10165,7607
10166,7492
10167,10920
10168,9035
10169,6449
10170,9594
10171,8891
10172,11493
10173,12253
10174,9940
10175,10968
10176,8308
10177,6366
10178,10423
10179,9305
10180,10663
10181,14061
10182,12614
10183,12136
10184,8820
10185,12906
10186,11297
10187,9232
10188,11991
10189,14134
10190,10955
10191,11819
10192,14907
10193,9811
10194,12006
10195,8203
10196,10125
10197,12271
10198,9053
10199,11727
10200,5751
10201,8098
10202,14757
10203,11588
10204,9263
10205,6221
10206,14213
10207,9268
10208,12070
10209,8295
10210,8358
10211,9031
10212,6624
10213,16215
10214,11965
10215,10470
10216,10661
10217,8454
10218,12151
10219,10473
10220,10347
10221,6023
10222,9252
10223,9050
10224,11625
10225,11072
10226,8716
10227,16687
10228,8224
10229,6675
10230,15705
10231,8489
10232,9535
10233,6078
10234,13172
10235,10566
10236,7325
10237,8862
10238,9690
10239,7868
10240,9926
10241,13370
10242,18128
10243,4210
10244,9159
10245,4868
10246,20190
10247,6810
10248,14572
10249,14585
10250,9918
10251,11142
10252,6735
10253,7126
10254,4538
10255,6976
10256,8995
10257,8189
10258,11862
10259,11405
10260,8187
10261,9797
10262,9767
10263,11771
10264,13815
10265,11158
10266,7671
10267,5633
10268,13055
10269,19632
10270,9676
10271,11398
10272,6390
10273,11622
10274,8622
10275,7278
10276,10002
10277,7766
10278,10805
10279,10830
10280,11796
10281,9975
10282,13479
10283,11456
10284,7708
10285,15004
10286,25595
10287,17631
10288,10159
10289,4944
10290,9879
10291,13264
10292,7322
10293,8628
10294,14206
10295,7680
10296,22880
10297,21733
10298,5977
10299,10398
10300,8994
10301,6068
10302,11329
10303,7643
10304,14750
10305,13076
10306,14990
10307,11006
10308,13041
10309,5117
10310,9716
10311,5660
10312,9221
10313,10350
10314,17949
10315,8142
10316,8122
10317,6789
10318,10027
10319,8571
10320,7243
10321,6795
10322,10814
10323,8861
10324,9216
10325,12004
10326,12856
10327,10456
10328,9525
10329,8840
10330,7978
10331,10392
10332,11216
10333,11471
10334,9890
10335,10469
10336,7423
10337,5669
10338,9651
10339,9935
10340,9841
10341,6384
10342,4469
10343,14035
10344,12382
10345,13871
10346,9772
10347,9012
10348,11413
10349,8634
10350,6197
10351,16585
10352,8111
10353,10645
10354,10350
10355,20031
10356,8221
10357,9474
10358,10265
10359,9751
10360,9339
10361,7846
10362,12143
10363,6617
10364,10930
10365,6173
10366,8386
10367,5976
10368,13839
10369,7837
10370,24663
10371,19184
10372,6702
10373,10183
10374,7202
10375,10101
10376,8475
10377,15770
10378,13143
10379,15531
10380,6601
10381,10776
10382,6686
10383,11515
10384,10581
10385,11141
10386,10528
10387,8930
10388,7701
10389,13177
10390,12640
10391,8363
10392,11619
10393,16805
10394,8698
10395,10504
10396,9522
10397,13219
10398,10232
10399,6932
10400,8256
10401,10381
10402,9064
10403,18413
10404,8835
10405,12708
10406,10944
10407,15313
10408,6362
10409,10721
10410,16743
10411,13007
10412,12037
10413,9883
10414,6459
10415,20136
10416,13808
10417,12629
10418,21099
10419,15419
10420,11663
10421,11282
10422,14857
10423,16667
10424,15043
10425,17171
10426,9862
10427,12579
10428,9498
10429,12702
10430,5796
10431,16364
10432,10666
10433,8983
10434,9362
10435,15233
10436,13161
10437,8684
10438,11152
10439,7538
10440,9227
10441,10757
10442,6259
10443,7438
10444,9357
10445,11548
10446,14919
10447,11869
10448,9862
10449,9392
10450,8208
10451,15967
10452,11974
10453,9405
10454,8274
10455,7619
10456,12170
10457,5903
10458,13102
10459,11791
10460,5206
10461,7860
10462,13233
10463,8849
10464,8107
10465,11268
10466,13733
10467,15330
10468,8214
10469,13590
10470,4666
10471,8349
10472,10392
10473,10746
10474,11351
10475,8306
10476,9731
10477,7427
10478,8265
10479,13895
10480,10483
10481,8239
10482,7395
10483,13168
10484,15822
10485,11343
10486,8421
10487,7673
10488,12182
10489,9511
10490,9545
10491,9526
10492,8477
10493,10239
10494,14869
10495,6526
10496,6708
10497,7222
10498,9764
10499,12467
10500,12585
10501,12941
10502,18145
10503,7308
10504,16479
10505,17284
10506,10032
10507,7152
10508,5501
10509,11679
10510,9391
10511,9842
10512,9161
10513,10634
10514,16297
10515,7793
10516,9747
10517,10904
10518,8616
10519,9410
10520,7810
10521,8008
10522,10854
10523,5508
10524,13956
10525,10537
10526,10646
10527,11307
10528,15169
10529,11055
10530,9455
10531,12293
10532,11724
10533,8909
10534,8230
10535,7830
10536,7008
10537,14981
10538,11749
10539,9474
10540,8050
10541,12324
10542,14453
10543,12584
10544,10105
10545,12626
10546,7002
10547,7258
10548,22965
10549,10262
10550,12429
10551,10215
10552,9445
10553,10591
10554,8621
10555,5854
10556,7348
10557,13024
10558,17984
10559,11626
10560,12662
10561,16506
10562,15476
10563,17960
10564,11794
10565,7106
10566,6761
10567,13935
10568,15719
10569,13523
10570,12869
10571,13289
10572,9417
10573,6272
10574,13862
10575,11745
10576,11577
10577,9116
10578,5314
10579,22340
10580,18116
10581,18542
10582,8034
10583,8554
10584,6491
10585,8409
10586,9198
10587,15092
10588,9542
10589,6910
10590,7152
10591,11110
10592,6760
10593,4326
10594,10542
10595,19295
10596,10675
10597,22537
10598,7184
10599,9097
10600,11177
10601,8342
10602,8747
10603,7427
10604,6160
10605,6665
10606,11731
10607,11650
10608,5915
10609,13653
10610,11575
10611,10440
10612,6619
10613,12946
10614,12724
10615,13240
10616,8667
10617,10374
10618,6807
10619,7383
10620,6985
10621,21028
10622,15266
10623,8754
10624,9064
10625,7415
10626,7949
10627,6594
10628,12719
10629,6268
10630,22076
10631,6187
10632,7217
10633,7856
10634,12971
10635,11054
10636,7337
10637,9579
10638,11681
10639,10708
10640,11494
10641,8395
10642,7364
10643,16929
10644,6715
10645,7315
10646,7825
10647,10624
10648,9390
10649,8503
10650,13495
10651,12335
10652,10746
10653,9854
10654,7196
10655,11402
10656,8585
10657,6232
10658,11049
10659,10897
10660,11010
10661,14938
10662,9862
10663,9680
10664,9114
10665,9528
10666,8523
10667,9825
10668,9212
10669,11819
10670,10591
10671,12677
10672,12185
10673,8099
10674,7113
10675,17884
10676,9422
10677,4667
10678,11526
10679,12185
10680,15391
10681,6853
10682,9091
10683,9485
10684,6345
10685,8359
10686,10456
10687,11946
10688,8961
10689,11648
10690,15745
10691,4828
10692,10469
10693,9517
10694,8484
10695,8498
10696,9458
10697,14456
10698,7600
10699,8696
10700,12747
10701,10838
10702,13538
10703,12948
10704,6849
10705,9664
10706,10328
10707,10982
10708,11652
10709,13582
10710,6486
10711,10276
10712,10414
10713,12875
10714,14470
10715,6473
10716,5562
10717,16968
10718,13074
10719,14534
10720,10958
10721,10774
10722,13207
10723,6235
10724,10044
10725,8289
10726,13217
10727,11826
10728,13917
10729,10630
10730,11510
10731,12381
10732,18014
10733,20723
10734,10814
10735,7858
10736,10348
10737,6385
10738,5112
10739,16176
10740,13947
10741,8027
10742,13742
10743,7729
10744,14658
10745,8106
10746,9838
10747,9271
10748,14778
10749,7672
10750,10634
10751,8431
10752,10198
10753,10315
10754,6966
10755,10630
10756,9495
10757,12872
10758,11932
10759,10234
10760,7713
10761,17615
10762,6969
10763,7415
10764,17710
10765,10279
10766,15033
10767,9700
10768,17284
10769,9417
10770,10067
10771,7777
10772,10632
10773,12698
10774,17493
10775,10843
10776,11913
10777,12779
10778,7220
10779,10061
10780,14031
10781,10777
10782,11921
10783,10059
10784,7868
10785,7981
10786,6072
10787,9919
10788,12984
10789,11295
10790,15585
10791,23748
10792,10203
10793,6992
10794,12301
10795,9290
10796,13712
10797,6563
10798,8637
10799,5575
10800,12221
10801,9434
10802,9237
10803,20209
10804,14124
10805,8120
10806,9658
10807,5460
10808,6928
10809,7924
10810,12627
10811,8689
10812,6339
10813,8123
10814,11623
10815,10323
10816,7983
10817,8328
10818,9969
10819,11517
10820,12844
10821,5968
10822,15351
10823,24085
10824,4247
10825,10213
10826,14085
10827,13008
10828,10061
10829,4210
10830,8173
10831,12361
10832,7255
10833,12345
10834,13736
10835,7129
10836,8611
10837,10587
10838,9548
10839,7012
10840,8817
10841,11345
10842,13134
10843,10924
10844,16207
10845,8094
10846,5599
10847,10169
10848,8122
10849,13225
10850,8582
10851,7059
10852,27331
10853,11384
10854,8389
10855,15543
10856,10664
10857,11874
10858,9001
10859,10695
10860,7098
10861,13261
10862,16101
10863,8687
10864,7899
10865,10071
10866,19125
10867,9842
10868,8415
10869,9521
10870,8978
10871,9996
10872,6017
10873,12769
10874,6588
10875,9850
10876,4441
10877,23594
10878,12093
10879,7539
10880,6889
10881,15928
10882,9818
10883,10422
10884,11253
10885,11172
10886,6931
10887,7153
10888,12706
10889,9096
10890,9893
10891,10067
10892,10199
10893,7260
10894,10447
10895,8608
10896,5303
10897,12103
10898,11784
10899,6447
10900,10902
10901,10844
10902,7010
10903,13804
10904,10542
10905,8931
10906,9188
10907,10846
10908,5257
10909,7196
10910,8388
10911,16073
10912,8618
10913,13425
10914,6363
10915,10958
10916,7458
10917,8448
10918,7066
10919,9350
10920,8280
10921,10416
10922,11592
10923,12479
10924,6420
10925,10515
10926,11162
10927,12311
10928,8643
10929,14057
10930,13033
10931,8590
10932,4378
10933,11736
10934,9526
10935,8854
10936,11053
10937,5057
10938,14983
10939,8542
10940,9783
10941,14799
10942,8605
10943,7713
10944,14676
10945,10445
10946,14500
10947,7264
10948,12373
10949,13310
10950,8564
10951,7583
10952,10207
10953,7918
10954,8562
10955,8283
10956,13519
10957,10422
10958,6881
10959,7997
10960,8261
10961,13099
10962,10824
10963,15251
10964,8435
10965,10325
10966,5997
10967,10882
10968,11184
10969,11248
10970,8589
10971,9117
10972,12222
10973,13702
10974,9357
10975,11557
10976,8265
10977,10067
10978,10058
10979,9335
10980,6032
10981,6516
10982,10102
10983,8947
10984,9351
10985,9126
10986,13570
10987,7532
10988,8657
10989,11329
10990,8148
10991,5298
10992,14018
10993,5524
10994,10894
10995,11028
10996,9523
10997,11812
10998,19485
10999,13208
11000,11842
11001,6805
11002,12608
11003,10595
11004,5625
11005,5228
11006,12191
11007,6017
11008,12300
11009,16168
11010,12421
11011,11819
11012,9168
11013,11526
11014,11477
11015,11164
11016,11545
11017,13713
11018,14294
11019,11146
11020,12441
11021,7917
11022,10458
11023,6688
11024,8328
11025,9490
11026,8128
11027,8134
11028,12628
11029,9841
11030,13562
11031,13297
11032,8408
11033,6272
11034,15353
11035,9822
11036,10241
11037,9537
11038,12785
11039,8692
11040,8965
11041,10057
11042,10497
11043,8578
11044,6638
11045,14232
11046,10916
11047,8310
11048,6583
11049,18478
11050,9075
11051,10699
11052,9099
11053,15570
11054,15425
11055,11118
11056,11450
11057,12299
11058,9310
11059,8437
11060,10013
11061,15047
11062,21500
11063,9915
11064,8292
11065,5849
11066,8888
11067,15300
11068,20708
11069,10741
11070,8071
11071,8024
11072,9114
11073,8339
11074,12278
11075,14975
11076,7878
11077,6587
11078,10887
11079,9269
11080,11610
11081,14464
11082,8381
11083,12411
11084,5493
11085,10508
11086,12651
11087,11865
11088,13939
11089,9934
11090,11176
11091,7536
11092,8844
11093,11109
11094,12143
11095,11882
11096,11131
11097,10219
11098,7181
11099,13939
11100,5989
11101,14366
11102,8584
11103,6983
11104,10307
11105,10554
11106,8742
11107,11427
11108,13595
11109,8540
11110,14211
11111,6853
11112,7503
11113,12222
11114,13535
11115,14177
11116,9502
11117,9331
11118,7820
11119,8780
11120,10724
11121,10543
11122,9508
11123,8988
11124,15312
11125,11101
11126,13243
11127,15218
11128,11298
11129,6691
11130,7557
11131,9615
11132,12119
11133,8327
11134,11924
11135,9192
11136,15904
11137,9208
11138,8623
11139,8131
11140,9584
11141,7685
11142,11509
11143,10633
11144,7794
11145,8307
11146,8357
11147,15848
11148,8542
11149,25159
11150,10414
11151,5417
11152,8028
11153,11090
11154,12339
11155,6829
11156,6620
11157,13064
11158,9126
11159,9224
11160,7224
11161,10832
11162,12229
11163,7319
11164,8057
11165,10431
11166,10724
11167,11135
11168,10544
11169,9346
11170,11248
11171,9370
11172,6556
11173,7375
11174,14956
11175,15108
11176,9061
11177,16468
11178,7174
11179,11090
11180,6106
11181,7254
11182,6230
11183,10417
11184,10767
11185,17693
11186,11819
11187,8222
11188,8435
11189,8050
11190,5626
11191,7570
11192,15770
11193,9562
11194,7569
11195,6761
11196,8382
11197,11607
11198,4393
11199,9320
11200,5917
11201,8617
11202,9097
11203,7040
11204,10394
11205,7232
11206,10150
11207,13330
11208,10640
11209,9226
11210,13143
11211,7140
11212,8708
11213,10507
11214,16002
11215,8533
11216,7964
11217,11444
11218,8630
11219,12917
11220,8825
11221,12894
11222,7537
11223,6627
11224,8233
11225,7408
11226,11303
11227,11036
11228,5658
11229,7809
11230,9711
11231,8839
11232,14150
11233,4736
11234,16874
11235,8581
11236,7027
11237,8175
11238,9442
11239,8380
11240,11257
11241,6854
11242,9796
11243,9020
11244,9873
11245,10384
11246,9650
11247,9263
11248,7650
11249,7293
11250,9347
11251,10398
11252,9912
11253,5674
11254,11655
11255,6696
11256,11270
11257,9065
11258,14362
11259,8645
11260,5755
11261,9820
11262,7046
11263,6946
11264,6898
11265,10027
11266,9132
11267,4826
11268,11356
11269,8223
11270,10769
11271,5969
11272,9072
11273,12381
11274,6666
11275,16647
11276,8262
11277,7991
11278,12595
11279,12705
11280,7387
11281,6227
11282,10174
11283,8712
11284,5892
11285,8899
11286,8232
11287,11583
11288,10969
11289,9747
11290,11091
11291,7826
11292,5406
11293,9054
11294,8467
11295,10942
11296,12027
11297,10236
11298,11558
11299,8287
11300,11147
11301,10023
11302,7898
11303,11065
11304,11754
11305,9644
11306,10827
11307,13278
11308,10212
11309,10214
11310,7425
11311,8898
11312,11836
11313,8581
11314,10600
11315,5512
11316,7497
11317,14520
11318,10382
11319,8377
11320,5545
11321,11472
11322,9112
11323,11348
11324,7665
11325,7923
11326,7123
11327,6227
11328,14015
11329,10297
11330,9561
11331,10140
11332,7361
11333,9129
11334,8734
11335,8664
11336,5489
11337,8946
11338,7853
11339,11040
11340,10851
11341,8588
11342,14963
11343,7324
11344,6254
11345,13883
11346,7886
11347,9116
11348,6058
11349,11335
11350,9803
11351,6268
11352,7946
11353,9077
11354,7289
11355,9084
11356,12327
11357,15832
11358,3838
11359,8682
11360,4620
11361,18827
11362,6187
11363,13143
11364,12772
11365,9415
11366,9920
11367,6481
11368,7130
11369,4003
11370,6384
11371,8059
11372,7469
11373,11002
11374,10305
11375,7084
11376,9309
11377,8497
11378,10861
11379,13513
11380,10471
11381,7017
11382,4880
11383,12768
11384,16277
11385,8938
11386,10563
11387,5730
11388,10889
11389,6737
11390,6423
11391,8404
11392,6122
11393,10804
11394,8845
11395,11385
11396,9472
11397,12341
11398,11516
11399,6819
11400,13938
11401,23416
11402,15691
11403,8634
11404,4437
11405,8634
11406,12146
11407,6929
11408,7726
11409,14219
11410,7325
11411,19736
11412,21306
11413,5384
11414,9552
11415,7921
11416,5688
11417,10657
11418,7060
11419,13090
11420,12475
11421,15276
11422,10540
11423,10235
11424,4980
11425,9386
11426,5300
11427,8991
11428,9407
11429,14716
11430,7290
11431,7176
11432,6198
11433,9730
11434,8074
11435,6508
11436,5989
11437,10503
11438,7410
11439,7763
11440,10080
11441,11221
11442,9571
11443,9017
11444,8909
11445,7672
11446,10114
11447,9529
11448,9943
11449,8145
11450,11307
11451,6867
11452,5061
11453,8829
11454,9832
11455,8116
11456,6081
11457,4113
11458,13420
11459,10366
11460,12596
11461,9416
11462,7693
11463,9655
11464,7174
11465,5602
11466,13339
11467,7095
11468,9354
11469,9825
11470,19550
11471,7644
11472,9052
11473,9963
11474,10366
11475,8661
11476,6684
11477,10805
11478,5752
11479,9612
11480,5367
11481,8203
11482,5305
11483,13666
11484,6630
11485,24130
11486,19248
11487,6163
11488,9937
11489,7079
11490,8807
11491,7579
11492,15054
11493,11230
11494,15379
11495,6267
11496,9527
11497,5836
11498,11703
11499,10052
11500,10009
11501,8883
11502,8011
11503,7892
11504,10864
11505,11979
11506,7883
11507,10763
11508,13589
11509,7792
11510,9484
11511,9132
11512,12279
11513,9693
11514,6750
11515,7706
11516,9242
11517,7410
11518,16602
11519,7696
11520,10809
11521,9958
11522,13342
11523,5776
11524,9975
11525,17240
11526,12140
11527,12817
11528,8747
11529,5710
11530,18711
11531,13832
11532,10599
11533,20703
11534,16231
11535,9666
11536,10099
11537,13706
11538,13908
11539,14281
11540,16396
11541,8526
11542,9853
11543,7812
11544,11417
11545,5169
11546,15121
11547,9545
11548,8440
11549,8477
11550,15766
11551,12205
11552,7904
11553,9355
11554,7052
11555,7298
11556,9875
11557,5431
11558,6894
11559,9553
11560,9572
11561,12307
11562,11894
11563,9218
11564,8557
11565,7295
11566,14666
11567,11325
11568,8370
11569,7953
11570,6666
11571,11988
11572,5248
11573,12470
11574,10668
11575,4358
11576,6946
11577,12076
11578,7593
11579,6777
11580,10368
11581,12166
11582,14514
11583,7748
11584,12352
11585,3996
11586,7447
11587,9468
11588,9433
11589,9965
11590,8035
11591,8609
11592,6645
11593,7148
11594,12780
11595,9630
11596,7185
11597,6491
11598,11233
11599,15698
11600,10555
11601,8036
11602,7305
11603,10816
11604,8715
11605,8745
11606,8477
11607,7093
11608,9245
11609,15632
11610,5717
11611,6214
11612,7052
11613,8234
11614,11480
11615,10634
11616,10805
11617,17115
11618,6409
11619,15649
11620,15917
11621,9371
11622,6728
11623,4652
11624,11097
11625,8193
11626,8626
11627,8537
11628,9860
11629,17516
11630,6990
11631,8415
11632,9656
11633,9412
11634,8388
11635,6854
11636,6622
11637,10061
11638,4683
11639,14269
11640,10440
11641,9368
11642,11904
11643,13322
11644,11114
11645,8001
11646,10856
11647,11818
11648,8646
11649,7759
11650,7487
11651,6467
11652,15716
11653,10413
11654,8951
11655,7614
11656,10564
11657,12154
11658,11035
11659,9975
11660,10975
11661,6522
11662,7226
11663,22109
11664,9793
11665,11476
11666,8987
11667,8522
11668,8989
11669,7711
11670,5219
11671,6525
11672,11406
11673,16920
11674,10788
11675,11484
11676,16509
11677,13690
11678,15941
11679,10200
11680,6122
11681,6304
11682,12748
11683,13598
11684,11460
11685,11090
11686,13232
11687,9300
11688,5463
11689,14179
11690,9966
11691,9422
11692,9159
11693,4747
11694,23099
11695,16598
11696,17663
11697,7280
11698,7522
11699,5908
11700,7690
11701,9788
11702,13895
11703,9066
11704,6146
11705,6303
11706,10523
11707,5605
11708,4142
11709,10369
11710,18327
11711,8836
11712,22091
11713,6418
11714,7781
11715,9212
11716,8086
11717,8005
11718,6744
11719,5604
11720,5813
11721,10599
11722,9759
11723,5868
11724,11705
11725,10087
11726,9706
11727,5912
11728,11642
11729,10857
11730,12936
11731,7844
11732,9576
11733,5638
11734,6680
11735,6759
11736,18887
11737,13916
11738,7893
11739,8005
11740,6324
11741,7427
11742,5898
11743,12237
11744,5845
11745,20532
11746,5771
11747,6988
11748,7732
11749,11328
11750,10206
11751,6786
11752,9037
11753,12380
11754,9235
11755,10788
11756,7811
11757,6764
11758,17153
11759,6205
11760,5699
11761,7454
11762,9191
11763,9255
11764,8176
11765,12423
11766,11297
11767,10013
11768,8744
11769,6717
11770,10753
11771,7963
11772,5442
11773,10353
11774,8526
11775,9728
11776,12462
11777,8708
11778,9484
11779,7996
11780,8981
11781,8126
11782,9118
11783,8876
11784,9627
11785,9568
11786,10712
11787,12133
11788,7548
11789,6210
11790,15239
11791,8077
11792,4645
11793,12479
11794,11775
11795,16109
11796,6452
11797,8021
11798,8446
11799,5431
11800,8317
11801,9132
11802,9760
11803,8339
11804,10082
11805,12662
11806,5204
11807,9692
11808,8333
11809,7882
11810,7458
11811,8775
11812,12762
11813,6998
11814,7436
11815,13344
11816,9569
11817,11272
11818,12289
11819,6033
11820,9702
11821,10021
11822,10726
11823,10968
11824,12175
11825,5620
11826,10366
11827,9759
11828,11696
11829,12923
11830,6221
11831,5442
11832,16830
11833,12159
11834,12509
11835,9371
11836,9372
11837,11233
11838,5909
11839,8837
11840,7581
11841,11189
11842,9670
11843,12383
11844,10935
11845,9525
11846,11460
11847,16506
11848,20479
11849,11255
11850,7290
11851,9433
11852,5951
11853,4527
11854,14722
11855,12365
11856,6870
11857,12298
11858,6653
11859,14726
11860,6529
11861,8796
11862,8613
11863,13933
11864,6836
11865,9240
11866,7680
11867,8863
11868,10107
11869,6362
11870,10290
11871,9317
11872,12582
11873,11114
11874,8785
11875,7097
11876,16196
11877,6533
11878,6793
11879,14921
11880,9612
11881,13543
11882,8312
11883,16826
11884,8140
11885,8127
11886,7269
11887,9634
11888,10808
11889,15332
11890,9560
11891,11069
11892,10467
11893,5959
11894,10095
11895,12381
11896,9243
11897,11056
11898,8517
11899,7183
11900,7076
11901,5110
11902,7953
11903,11574
11904,10923
11905,14173
11906,23268
11907,9036
11908,6299
11909,10851
11910,8806
11911,12840
11912,5364
11913,7602
11914,5305
11915,12759
11916,8021
11917,7969
11918,18026
11919,14120
11920,6587
11921,8691
11922,4897
11923,6638
11924,7197
11925,11350
11926,7421
11927,5412
11928,8583
11929,10878
11930,10342
11931,7531
11932,7782
11933,8803
11934,10776
11935,10694
11936,5734
11937,14374
11938,22907
11939,4338
11940,8924
11941,11505
11942,11112
11943,7275
11944,3935
11945,6805
11946,10369
11947,6683
11948,11274
11949,11973
11950,5967
11951,6992
11952,9906
11953,8312
11954,6498
11955,7333
11956,10704
11957,12049
11958,11284
11959,13831
11960,7193
11961,5039
11962,9125
11963,7386
11964,11443
11965,8592
11966,6451
11967,26214
11968,9849
11969,7642
11970,15690
11971,10242
11972,9991
11973,8154
11974,9723
11975,6834
11976,11556
11977,14812
11978,7760
11979,7711
11980,9928
11981,18796
11982,9517
11983,7638
11984,8579
11985,7483
11986,8825
11987,5526
11988,11743
11989,5752
11990,9196
11991,3815
11992,21289
11993,11402
11994,6162
11995,6168
11996,15266
11997,9427
11998,10380
11999,10324
12000,9467
12001,5931
12002,7064
12003,12094
12004,8587
12005,9541
12006,9256
12007,9699
12008,6713
12009,9132
12010,8589
12011,5228
12012,12660
12013,11643
12014,6271
12015,9440
12016,10010
12017,6022
12018,12805
12019,10404
12020,8828
12021,7612
12022,9412
12023,4853
12024,5984
12025,7359
12026,16921
12027,8065
12028,12196
12029,5489
12030,10001
12031,6399
12032,7561
12033,5953
12034,8001
12035,7588
12036,8876
12037,10164
12038,11149
12039,5738
12040,8779
12041,10106
12042,10861
12043,8964
12044,11909
12045,11857
12046,8038
12047,4214
12048,10597
12049,9132
12050,8577
12051,9472
12052,4933
12053,12979
12054,7482
12055,8676
12056,14832
12057,8519
12058,6817
12059,14357
12060,9318
12061,12371
12062,6853
12063,12731
12064,13771
12065,7697
12066,6859
12067,8691
12068,7150
12069,8583
12070,8126
12071,12966
12072,8804
12073,6584
12074,6912
12075,9136
12076,11204
12077,8879
12078,12546
12079,7996
12080,8927
12081,5983
12082,10718
12083,10467
12084,9883
12085,7591
12086,8067
12087,11518
12088,12438
12089,7338
12090,10324
12091,8041
12092,9159
12093,8578
12094,9017
12095,5457
12096,6192
12097,10393
12098,8832
12099,8016
12100,7747
12101,12471
12102,7145
12103,8251
12104,9812
12105,6533
12106,4837
12107,12277
12108,5178
12109,10148
12110,10317
12111,8346
12112,10233
12113,17848
12114,12915
12115,11082
12116,6115
12117,11707
12118,9901
12119,5627
12120,5146
12121,11552
12122,4882
12123,11499
12124,16899
12125,10758
12126,9493
12127,7618
12128,10451
12129,10480
12130,8881
12131,9878
12132,11097
12133,12602
12134,10088
12135,11474
12136,7289
12137,9975
12138,6068
12139,7855
12140,8067
12141,6757
12142,7177
12143,12002
12144,7894
12145,12414
12146,12443
12147,7189
12148,6048
12149,14480
12150,10018
12151,9854
12152,8795
12153,11529
12154,7300
12155,8046
12156,10054
12157,9448
12158,7803
12159,6501
12160,13136
12161,9824
12162,7415
12163,5407
12164,17406
12165,8059
12166,8452
12167,9117
12168,14540
12169,12715
12170,10595
12171,10906
12172,9763
12173,8137
12174,7809
12175,9704
12176,14010
12177,19560
12178,8406
12179,8137
12180,5393
12181,6938
12182,16085
12183,20052
12184,10054
12185,7353
12186,6780
12187,8021
12188,7182
12189,11693
12190,12747
12191,8093
12192,6079
12193,10493
12194,9100
12195,10329
12196,12296
12197,7211
12198,11618
12199,5518
12200,9050
12201,13198
12202,10144
12203,13199
12204,9387
12205,10620
12206,6040
12207,7791
12208,10062
12209,11264
12210,10419
12211,9828
12212,9826
12213,5990
12214,12800
12215,5558
12216,13303
12217,7583
12218,6176
12219,10558
12220,9427
12221,8551
12222,10424
12223,13081
12224,7425
12225,13198
12226,6027
12227,6055
12228,12254
12229,13373
12230,13201
12231,9142
12232,9149
12233,7655
12234,9240
12235,9943
12236,9527
12237,8520
12238,8016
12239,13350
12240,10887
12241,11289
12242,15131
12243,10761
12244,6096
12245,7423
12246,8262
12247,11934
12248,7478
12249,10545
12250,8202
12251,13661
12252,9038
12253,8325
12254,7233
12255,7953
12256,7166
12257,10440
12258,9198
12259,7366
12260,7245
12261,7048
12262,12764
12263,7967
12264,24006
12265,9045
12266,4984
12267,6248
12268,7891
12269,10673
12270,6264
12271,6079
12272,10516
12273,7674
12274,8265
12275,6369
12276,8610
12277,8519
12278,5842
12279,5626
12280,7161
12281,9551
12282,7187
12283,7822
12284,7957
12285,9007
12286,5795
12287,4935
12288,6510
12289,10862
12290,12861
12291,8086
12292,10683
12293,5749
12294,9706
12295,4851
12296,6556
12297,5097
12298,9261
12299,9353
12300,12081
12301,9837
12302,7440
12303,7103
12304,6414
12305,4661
12306,6021
12307,11826
12308,6750
12309,6639
12310,6076
12311,5811
12312,8975
12313,4003
12314,8557
12315,5111
12316,6650
12317,6933
12318,6176
12319,8983
12320,6392
12321,8823
12322,10613
12323,7271
12324,6083
12325,11808
12326,5525
12327,7550
12328,8426
12329,11938
12330,5656
12331,6049
12332,10075
12333,8484
12334,9305
12335,7644
12336,10905
12337,5006
12338,5473
12339,7240
12340,6648
12341,10284
12342,8320
12343,4575
12344,6556
12345,8397
12346,7197
12347,9984
12348,4277
12349,16301
12350,7860
12351,5326
12352,7152
12353,8123
12354,6484
12355,9889
12356,5007
12357,7708
12358,6303
12359,8826
12360,8553
12361,6458
12362,8259
12363,5674
12364,6511
12365,8739
12366,8907
12367,8366
12368,5216
12369,10816
12370,5908
12371,10571
12372,8092
12373,12876
12374,7553
12375,5258
12376,6971
12377,6472
12378,6438
12379,6145
12380,7973
12381,8358
12382,4266
12383,9734
12384,7297
12385,7481
12386,5361
12387,8747
12388,11044
12389,5501
12390,14611
12391,6611
12392,5672
12393,8848
12394,9193
12395,5441
12396,5203
12397,7386
12398,7542
12399,5340
12400,6483
12401,6508
12402,8518
12403,9496
12404,6952
12405,8205
12406,6480
12407,4979
12408,7687
12409,8250
12410,8963
12411,9049
12412,9430
12413,10202
12414,6007
12415,9979
12416,8658
12417,7017
12418,8517
12419,10347
12420,6991
12421,8545
12422,11658
12423,9104
12424,8859
12425,6436
12426,8117
12427,7909
12428,7636
12429,7132
12430,4140
12431,6050
12432,12935
12433,9346
12434,7001
12435,4486
12436,9791
12437,7359
12438,9767
12439,6156
12440,6842
12441,6196
12442,4860
12443,12435
12444,8705
12445,8566
12446,6981
12447,6314
12448,7644
12449,7846
12450,7914
12451,4245
12452,6867
12453,6224
12454,10116
12455,8398
12456,6832
12457,12330
12458,7068
12459,5485
12460,12789
12461,5710
12462,8607
12463,3263
12464,9825
12465,8864
12466,5736
12467,7089
12468,9306
12469,5896
12470,7835
12471,8466
12472,13914
12473,3309
12474,6801
12475,3748
12476,16344
12477,6147
12478,9578
12479,9898
12480,7413
12481,7856
12482,5728
12483,6028
12484,3567
12485,5479
12486,7058
12487,6321
12488,7997
12489,7556
12490,6058
12491,8026
12492,7386
12493,9038
12494,9645
12495,9256
12496,5727
12497,4237
12498,10999
12499,13778
12500,5965
12501,9017
12502,5316
12503,8550
12504,6053
12505,5961
12506,7632
12507,4204
12508,8435
12509,5957
12510,10370
12511,8331
12512,9866
12513,8576
12514,6060
12515,10597
12516,21635
12517,12447
12518,6580
12519,3564
12520,7142
12521,9843
12522,6079
12523,5868
12524,13482
12525,6766
12526,14029
12527,20766
12528,4395
12529,8153
12530,6094
12531,4937
12532,9321
12533,6598
12534,10930
12535,10933
12536,9495
12537,6946
12538,9091
12539,4200
12540,7497
12541,4579
12542,7156
12543,8639
12544,10417
12545,6651
12546,6545
12547,5490
12548,7773
12549,5900
12550,5921
12551,5021
12552,8436
12553,6447
12554,6854
12555,8507
12556,9722
12557,8374
12558,7497
12559,7052
12560,6829
12561,8114
12562,8415
12563,9324
12564,7581
12565,7594
12566,6428
12567,4255
12568,7538
12569,8318
12570,7042
12571,4843
12572,3264
12573,9539
12574,8361
12575,11127
12576,8111
12577,6498
12578,8102
12579,5872
12580,4979
12581,11365
12582,5405
12583,8731
12584,8749
12585,16900
12586,6787
12587,5617
12588,8284
12589,6032
12590,6824
12591,5757
12592,9412
12593,5128
12594,8212
12595,4750
12596,6467
12597,4599
12598,12175
12599,5924
12600,18581
12601,16520
12602,5284
12603,6973
12604,6162
12605,7850
12606,6491
12607,11739
12608,8675
12609,10115
12610,4603
12611,8668
12612,5368
12613,8901
12614,9464
12615,6924
12616,6902
12617,7126
12618,7032
12619,9532
12620,10590
12621,6586
12622,9525
12623,12080
12624,7277
12625,8297
12626,7449
12627,10866
12628,8595
12629,5866
12630,6306
12631,7537
12632,6445
12633,12735
12634,6910
12635,7891
12636,8135
12637,9968
12638,4554
12639,8703
12640,10797
12641,10263
12642,9577
12643,7760
12644,4831
12645,17100
12646,10852
12647,9547
12648,18821
12649,9757
12650,8564
12651,7763
12652,11094
12653,12300
12654,13182
12655,14451
12656,6360
12657,8635
12658,6705
12659,9858
12660,4414
12661,12581
12662,7372
12663,5936
12664,6306
12665,10252
12666,8632
12667,5941
12668,8436
12669,6314
12670,5135
12671,7942
12672,4411
12673,5603
12674,6329
12675,8582
12676,11065
12677,8623
12678,8342
12679,6337
12680,6399
12681,12922
12682,8165
12683,6326
12684,6743
12685,5153
12686,10002
12687,5061
12688,11796
12689,7820
12690,3754
12691,6103
12692,7913
12693,6981
12694,5449
12695,9686
12696,10975
12697,13601
12698,6752
12699,10188
12700,3531
12701,6468
12702,7182
12703,6305
12704,8652
12705,6427
12706,7727
12707,5161
12708,6263
12709,12206
12710,9002
12711,5712
12712,5911
12713,10014
12714,11311
12715,9344
12716,5728
12717,5631
12718,10982
12719,8026
12720,9197
12721,7114
12722,5432
12723,8248
12724,11236
12725,4480
12726,5159
12727,5788
12728,7353
12729,10853
12730,9625
12731,9626
12732,15110
12733,6029
12734,13474
12735,14647
12736,7671
12737,5990
12738,3880
12739,9588
12740,7163
12741,7504
12742,6173
12743,8449
12744,13053
12745,6279
12746,6587
12747,8741
12748,5670
12749,7867
12750,5174
12751,4866
12752,7659
12753,4146
12754,8763
12755,8508
12756,8005
12757,8556
12758,9042
12759,9691
12760,5826
12761,9336
12762,10304
12763,7049
12764,6616
12765,5936
12766,6537
12767,10917
12768,7355
12769,7633
12770,6192
12771,8864
12772,8771
12773,7651
12774,6589
12775,10062
12776,5912
12777,6676
12778,19943
12779,6735
12780,9761
12781,7165
12782,7101
12783,6139
12784,5518
12785,4534
12786,5789
12787,8617
12788,15235
12789,9587
12790,10206
12791,12911
12792,12608
12793,11704
12794,9275
12795,5909
12796,5670
12797,11870
12798,12104
12799,8067
12800,9689
12801,9378
12802,6563
12803,4584
12804,11222
12805,7468
12806,8134
12807,6533
12808,3468
12809,14913
12810,13612
12811,15603
12812,6345
12813,6188
12814,5434
12815,6847
12816,7928
12817,9086
12818,6748
12819,5788
12820,5527
12821,8500
12822,5284
12823,3647
12824,7649
12825,16142
12826,8107
12827,19789
12828,5065
12829,6034
12830,8344
12831,6061
12832,6143
12833,5163
12834,5199
12835,5097
12836,8155
12837,7264
12838,4472
12839,10589
12840,6167
12841,8214
12842,5170
12843,10520
12844,9381
12845,10857
12846,6605
12847,8275
12848,5083
12849,5695
12850,5921
12851,18771
12852,10318
12853,7051
12854,6347
12855,5097
12856,6603
12857,5125
12858,10515
12859,5089
12860,17019
12861,5073
12862,5957
12863,6028
12864,10530
12865,8245
12866,4882
12867,7505
12868,8174
12869,8326
12870,7484
12871,7011
12872,4537
12873,10931
12874,5576
12875,4775
12876,6111
12877,6338
12878,6548
12879,7609
12880,10786
12881,9632
12882,7210
12883,7814
12884,5420
12885,8654
12886,7081
12887,4979
12888,7203
12889,7875
12890,7477
12891,11209
12892,7508
12893,7932
12894,7378
12895,7712
12896,6676
12897,8260
12898,6863
12899,8517
12900,7399
12901,6987
12902,9765
12903,6993
12904,5445
12905,14085
12906,6742
12907,4185
12908,8949
12909,8860
12910,12414
12911,5829
12912,6985
12913,7534
12914,4712
12915,6396
12916,8431
12917,8348
12918,6496
12919,8545
12920,10338
12921,3484
12922,7070
12923,6188
12924,6724
12925,5575
12926,7863
12927,10788
12928,6414
12929,6318
12930,9139
12931,8226
12932,10090
12933,10699
12934,5072
12935,7599
12936,6991
12937,9850
12938,8766
12939,9794
12940,3822
12941,9688
12942,8225
12943,8087
12944,12088
12945,5459
12946,4703
12947,15012
12948,10374
12949,9046
12950,6712
12951,7618
12952,10251
12953,4202
12954,7783
12955,6455
12956,8144
12957,7984
12958,7299
12959,8848
12960,6170
12961,10492
12962,12021
12963,18695
12964,7980
12965,5209
12966,6237
12967,4902
12968,3714
12969,12858
12970,9396
12971,6161
12972,9961
12973,5491
12974,12800
12975,4822
12976,6442
12977,6093
12978,11528
12979,5344
12980,8747
12981,5770
12982,5963
12983,8495
12984,5352
12985,8635
12986,8379
12987,11411
12988,8729
12989,7881
12990,6291
12991,13644
12992,5513
12993,5291
12994,12830
12995,8557
12996,10476
12997,7805
12998,16508
12999,6950
13000,6942
13001,5189
13002,6894
13003,9572
13004,11088
13005,8556
13006,9287
13007,9358
13008,4335
13009,8011
13010,8915
13011,7950
13012,9399
13013,5891
13014,5442
13015,5298
13016,4624
13017,6280
13018,9887
13019,8849
13020,12259
13021,18061
13022,7984
13023,5928
13024,8938
13025,8093
13026,11186
13027,4670
13028,6987
13029,4680
13030,9062
13031,7428
13032,6940
13033,15690
13034,12826
13035,6172
13036,7649
13037,4612
13038,6106
13039,6363
13040,8658
13041,5232
13042,4865
13043,6468
13044,8933
13045,7827
13046,6276
13047,5861
13048,7920
13049,7663
13050,8255
13051,4486
13052,12855
13053,21590
13054,3973
13055,7925
13056,9907
13057,8832
13058,5967
13059,3652
13060,5736
13061,9145
13062,5424
13063,9360
13064,10667
13065,5524
13066,6013
13067,7865
13068,7126
13069,5130
13070,6843
13071,8409
13072,10935
13073,8949
13074,12306
13075,6489
13076,4452
13077,7997
13078,6591
13079,9998
13080,6834
13081,5445
13082,24545
13083,8067
13084,6892
13085,12271
13086,8677
13087,8730
13088,7108
13089,8913
13090,5406
13091,10317
13092,14307
13093,6437
13094,6572
13095,7310
13096,16132
13097,7314
13098,6449
13099,7309
13100,6298
13101,7683
13102,4753
13103,10209
13104,5172
13105,8233
13106,3408
13107,20225
13108,10265
13109,5363
13110,4832
13111,9833
13112,7543
13113,7382
13114,9310
13115,6685
13116,5601
13117,4764
13118,10904
13119,6204
13120,7074
13121,8388
13122,8591
13123,5392
13124,8295
13125,7027
13126,4660
13127,8791
13128,9600
13129,5375
13130,8547
13131,7774
13132,5547
13133,9728
13134,6470
13135,7952
13136,7064
13137,8688
13138,4529
13139,5356
13140,6150
13141,12308
13142,8090
13143,10685
13144,4410
13145,8836
13146,5410
13147,6798
13148,5094
13149,6968
13150,6819
13151,8101
13152,7370
13153,9629
13154,4975
13155,6234
13156,8278
13157,9186
13158,7339
13159,10672
13160,10685
13161,7308
13162,3518
13163,8642
13164,5725
13165,6571
13166,8300
13167,4386
13168,12199
13169,5483
13170,7683
13171,12390
13172,7316
13173,4607
13174,9254
13175,6480
13176,11765
13177,6206
13178,10617
13179,10751
13180,6228
13181,6015
13182,7674
13183,6503
13184,6643
13185,6476
13186,11219
13187,8067
13188,6161
13189,4947
13190,6541
13191,7798
13192,7734
13193,9808
13194,6999
13195,7879
13196,4461
13197,7839
13198,9682
13199,7194
13200,6700
13201,7505
13202,8387
13203,10394
13204,6622
13205,9173
13206,5854
13207,6187
13208,8173
13209,7747
13210,5188
13211,4877
13212,8583
13213,8314
13214,6722
13215,6689
13216,8583
13217,6512
13218,6433
13219,8017
13220,5788
13221,3879
13222,10221
13223,4680
13224,8914
13225,8166
13226,7366
13227,8043
13228,13537
13229,10904
13230,10339
13231,5393
13232,8703
13233,8710
13234,4627
13235,3505
13236,9495
13237,4098
13238,8054
13239,13342
13240,8000
13241,8439
13242,5023
13243,9244
13244,7104
13245,7666
13246,8814
13247,9848
13248,9756
13249,7047
13250,8324
13251,6265
13252,8273
13253,5413
13254,5637
13255,7300
13256,6139
13257,6362
13258,8747
13259,5485
13260,11279
13261,7818
13262,5116
13263,5006
13264,10015
13265,7920
13266,6356
13267,7741
13268,7544
13269,6712
13270,6937
13271,7689
13272,8455
13273,6840
13274,5159
13275,10595
13276,8101
13277,5735
13278,4337
13279,12306
13280,7055
13281,6696
13282,8010
13283,12739
13284,8785
13285,9933
13286,9459
13287,8809
13288,6111
13289,6814
13290,8576
13291,11093
13292,14614
13293,5736
13294,6944
13295,4516
13296,5767
13297,10124
13298,16861
13299,7907
13300,5831
13301,5447
13302,7405
13303,6405
13304,11140
13305,9441
13306,6398
13307,4821
13308,9376
13309,6337
13310,9463
13311,11120
13312,5758
13313,7983
13314,4133
13315,8097
13316,9030
13317,8183
13318,11024
13319,7263
13320,9075
13321,4674
13322,6972
13323,8100
13324,10004
13325,8506
13326,8900
13327,7504
13328,5264
13329,10934
13330,5000
13331,11658
13332,6881
13333,4740
13334,8567
13335,8174
13336,7071
13337,8660
13338,9949
13339,5423
13340,12239
13341,4508
13342,5165
13343,8255
13344,9062
13345,10946
13346,8226
13347,7703
13348,6180
13349,6293
13350,8713
13351,7379
13352,7382
13353,5798
13354,11663
13355,7783
13356,9677
13357,12383
13358,10182
13359,4929
13360,5362
13361,6983
13362,11289
13363,6539
13364,8559
13365,5413
13366,11871
13367,7057
13368,6397
13369,5255
13370,6091
13371,5510
13372,6694
13373,7535
13374,5452
13375,5777
13376,5036
13377,10758
13378,7448
13379,23105
13380,7921
13381,4727
13382,5610
13383,7841
13384,10550
13385,5544
13386,5683
13387,10123
13388,8188
13389,7946
13390,6186
13391,8133
13392,8421
13393,5468
13394,5868
13395,7556
13396,9013
13397,7359
13398,7761
13399,7799
13400,9512
13401,6141
13402,5005
13403,6385
13404,10752
13405,12676
13406,8390
13407,10609
13408,5906
13409,9121
13410,5069
13411,6408
13412,4627
13413,8871
13414,8937
13415,12744
13416,9690
13417,7857
13418,6532
13419,5892
13420,4792
13421,6268
13422,11377
13423,7004
13424,6163
13425,6204
13426,5941
13427,8471
13428,3869
13429,8085
13430,5054
13431,7280
13432,7487
13433,5940
13434,8730
13435,6045
13436,8889
13437,10504
13438,7285
13439,6129
13440,10743
13441,5094
13442,7226
13443,8367
13444,12837
13445,6062
13446,6460
13447,9375
13448,7904
13449,9441
13450,7292
13451,10522
13452,5111
13453,5431
13454,6778
13455,6665
13456,9982
13457,8552
13458,4369
13459,6120
13460,8706
13461,6892
13462,10903
13463,4159
13464,14600
13465,7492
13466,5273
13467,6800
13468,7635
13469,6410
13470,9300
13471,5002
13472,7431
13473,6552
13474,8640
13475,8266
13476,6310
13477,8465
13478,6081
13479,6182
13480,8672
13481,8640
13482,7855
13483,5095
13484,10560
13485,5676
13486,9812
13487,7898
13488,12756
13489,7244
13490,5059
13491,7528
13492,6313
13493,6162
13494,5758
13495,7835
13496,8075
13497,4148
13498,9286
13499,6629
13500,7750
13501,5143
13502,7906
13503,9820
13504,5141
13505,13972
13506,6516
13507,5546
13508,8665
13509,9503
13510,5487
13511,5186
13512,7644
13513,7404
13514,5141
13515,6682
13516,6240
13517,8340
13518,9741
13519,7102
13520,8147
13521,6277
13522,4769
13523,7299
13524,8626
13525,8559
13526,9203
13527,8898
13528,9942
13529,6014
13530,9706
13531,8354
13532,6202
13533,8080
13534,10331
13535,7152
13536,9632
13537,11044
13538,8682
13539,8603
13540,6605
13541,7836
13542,8412
13543,7492
13544,7165
13545,4096
13546,6034
13547,11936
13548,8739
13549,6841
13550,4524
13551,9442
13552,7204
13553,9405
13554,6179
13555,6556
13556,5913
13557,4557
13558,12261
13559,8250
13560,8323
13561,7132
13562,6284
13563,7033
13564,7315
13565,8069
13566,4291
13567,6888
13568,5904
13569,9781
13570,8083
13571,6770
13572,12253
13573,5641
13574,5399
13575,11833
13576,5750
13577,7604
13578,3408
13579,9866
13580,8574
13581,6282
13582,7038
13583,7607
13584,5897
13585,7494
13586,9119
13587,13055
13588,3295
13589,7319
13590,3643
13591,15900
13592,5315
13593,9353
13594,9669
13595,7145
13596,7490
13597,5660
13598,5861
13599,3466
13600,5287
13601,7058
13602,6135
13603,7832
13604,7597
13605,6259
13606,7680
13607,7001
13608,8875
13609,10281
13610,8985
13611,5542
13612,4484
13613,10498
13614,12111
13615,6330
13616,8456
13617,5119
13618,8252
13619,6111
13620,5542
13621,7189
13622,4568
13623,7925
13624,5819
13625,9892
13626,8130
13627,9840
13628,8527
13629,6213
13630,10016
13631,21217
13632,11637
13633,6138
13634,3469
13635,6857
13636,9706
13637,5842
13638,6172
13639,13895
13640,6596
13641,14668
13642,20593
13643,4264
13644,7984
13645,5953
13646,5023
13647,10805
13648,5674
13649,10051
13650,10704
13651,9507
13652,7376
13653,8675
13654,4620
13655,6985
13656,4539
13657,6769
13658,8293
13659,10136
13660,6887
13661,6645
13662,5445
13663,7722
13664,5665
13665,5584
13666,5005
13667,8422
13668,6587
13669,6712
13670,7936
13671,9399
13672,7971
13673,7271
13674,7014
13675,6143
13676,7955
13677,7999
13678,9346
13679,7576
13680,8116
13681,6179
13682,4243
13683,6939
13684,8041
13685,6897
13686,4866
13687,3512
13688,9496
13689,8163
13690,10581
13691,7735
13692,6562
13693,8425
13694,5863
13695,4990
13696,11310
13697,5411
13698,8868
13699,8510
13700,16846
13701,7067
13702,6390
13703,8258
13704,6365
13705,8420
13706,6082
13707,8998
13708,4883
13709,8050
13710,4729
13711,6459
13712,4301
13713,12155
13714,5876
13715,17363
13716,15878
13717,5466
13718,7212
13719,5903
13720,7624
13721,6232
13722,11866
13723,8808
13724,10480
13725,4657
13726,8215
13727,5563
13728,8968
13729,9043
13730,7482
13731,6887
13732,7321
13733,7130
13734,9137
13735,10789
13736,6491
13737,9288
13738,11105
13739,7385
13740,8043
13741,7529
13742,10439
13743,8351
13744,5892
13745,5923
13746,7580
13747,6203
13748,11842
13749,6938
13750,8726
13751,7691
13752,9698
13753,4738
13754,8442
13755,11350
13756,9752
13757,9710
13758,7684
13759,4721
13760,15709
13761,10604
13762,9796
13763,19050
13764,10863
13765,8073
13766,7701
13767,10537
13768,11579
13769,12405
13770,13263
13771,6271
13772,8183
13773,6569
13774,9849
13775,4393
13776,13251
13777,6887
13778,5883
13779,6359
13780,10349
13781,8650
13782,5933
13783,8080
13784,5833
13785,5193
13786,7950
13787,4554
13788,5262
13789,6679
13790,7469
13791,10951
13792,8815
13793,8239
13794,6857
13795,6268
13796,12934
13797,8091
13798,6080
13799,6288
13800,5188
13801,9715
13802,4869
13803,11715
13804,7732
13805,3815
13806,5467
13807,8014
13808,6791
13809,5565
13810,9523
13811,11222
13812,12657
13813,6649
13814,10578
13815,3257
13816,6273
13817,7045
13818,6263
13819,8085
13820,6051
13821,7452
13822,5172
13823,6297
13824,11562
13825,8580
13826,5542
13827,5564
13828,9436
13829,11376
13830,10704
13831,5879
13832,5785
13833,9687
13834,7120
13835,8293
13836,6929
13837,5570
13838,7848
13839,11420
13840,4639
13841,4803
13842,5692
13843,6865
13844,10297
13845,9019
13846,8912
13847,15003
13848,5841
13849,12297
13850,13714
13851,7588
13852,5802
13853,4123
13854,9038
13855,6752
13856,7072
13857,6650
13858,7987
13859,12796
13860,5822
13861,6665
13862,8362
13863,6313
13864,8189
13865,5232
13866,5113
13867,7891
13868,3880
13869,9397
13870,8353
13871,7664
13872,8365
13873,9193
13874,9354
13875,6264
13876,8801
13877,10074
13878,6781
13879,6191
13880,5838
13881,5539
13882,11142
13883,8491
13884,7540
13885,5928
13886,8059
13887,9196
13888,8009
13889,6679
13890,9289
13891,5768
13892,6869
13893,20184
13894,6833
13895,9703
13896,7271
13897,6942
13898,6235
13899,5578
13900,4289
13901,6225
13902,9182
13903,14609
13904,9506
13905,10067
13906,13012
13907,12196
13908,11925
13909,9313
13910,5872
13911,5555
13912,11528
13913,11976
13914,8138
13915,9452
13916,9359
13917,6583
13918,4465
13919,10944
13920,7251
13921,7578
13922,6643
13923,3298
13924,14843
13925,13422
13926,15935
13927,6454
13928,5817
13929,5260
13930,6610
13931,7555
13932,8972
13933,7105
13934,5457
13935,5396
13936,8341
13937,4559
13938,3736
13939,7710
13940,15403
13941,7897
13942,19449
13943,5147
13944,6345
13945,7494
13946,6196
13947,5891
13948,5348
13949,4976
13950,4780
13951,8365
13952,7689
13953,4249
13954,9946
13955,6107
13956,7957
13957,5065
13958,10233
13959,8894
13960,10807
13961,6145
13962,8171
13963,4896
13964,5572
13965,5692
13966,16487
13967,10725
13968,7200
13969,6180
13970,5326
13971,6432
13972,5826
13973,12176
13974,4874
13975,16209
13976,4833
13977,5728
13978,6064
13979,10251
13980,8277
13981,4981
13982,7376
13983,8371
13984,8248
13985,7768
13986,6543
13987,4692
13988,11500
13989,5372
13990,4621
13991,5915
13992,6904
13993,6551
13994,7260
13995,10230
13996,9536
13997,7426
13998,7679
13999,4954
14000,8412
14001,6670
14002,4995
14003,7495
14004,7779
14005,7224
14006,11305
14007,7099
14008,7434
14009,7292
14010,7812
14011,6492
14012,7977
14013,7137
14014,8257
14015,7498
14016,6734
14017,10061
14018,6781
14019,5142
14020,13246
14021,6972
14022,3798
14023,8659
14024,8950
14025,11990
14026,5658
14027,6866
14028,7340
14029,4445
14030,6170
14031,7907
14032,8590
14033,6458
14034,8134
14035,9985
14036,3622
14037,6899
14038,6523
14039,6337
14040,5613
14041,7600
14042,9905
14043,6049
14044,6087
14045,9293
14046,7927
14047,9944
14048,10024
14049,5193
14050,7194
14051,7101
14052,9323
14053,8733
14054,8961
14055,5470
14056,9799
14057,8092
14058,8287
14059,10917
14060,5124
14061,4547
14062,14523
14063,10058
14064,9024
14065,6746
14066,7801
14067,9707
14068,4406
14069,7938
14070,6232
14071,9002
14072,7661
14073,7532
14074,8661
14075,6527
14076,9971
14077,11945
14078,17680
14079,7904
14080,5263
14081,6323
14082,4831
14083,3654
14084,12156
14085,9127
14086,6029
14087,9416
14088,6001
14089,12586
14090,5150
14091,6717
14092,6261
14093,10328
14094,5393
14095,7666
14096,5773
14097,5983
14098,8250
14099,5639
14100,8227
14101,8296
14102,10543
14103,8581
14104,7946
14105,6575
14106,13113
14107,5287
14108,5706
14109,11851
14110,8049
14111,10201
14112,7613
14113,16465
14114,6824
14115,6391
14116,5621
14117,6865
14118,9417
14119,11230
14120,8143
14121,9230
14122,8913
14123,4448
14124,7696
14125,8566
14126,7864
14127,9673
14128,6363
14129,5343
14130,5448
14131,4384
14132,5977
14133,9728
14134,9323
14135,12393
14136,17942
14137,7555
14138,5611
14139,8085
14140,7954
14141,10614
14142,4770
14143,6860
14144,4720
14145,9603
14146,7161
14147,6747
14148,15286
14149,12700
14150,6020
14151,7607
14152,4461
14153,5827
14154,6070
14155,9104
14156,5307
14157,4977
14158,6237
14159,8891
14160,8644
14161,5715
14162,6282
14163,8327
14164,7608
14165,8151
14166,4317
14167,11950
14168,20165
14169,3939
14170,7989
14171,9482
14172,8598
14173,5605
14174,3801
14175,5202
14176,8919
14177,5220
14178,8942
14179,10250
14180,5443
14181,6001
14182,7866
14183,6866
14184,5135
14185,6624
14186,7888
14187,10333
14188,9074
14189,11057
14190,6462
14191,4443
14192,7668
14193,6381
14194,10547
14195,6832
14196,5361
14197,23382
14198,7906
14199,6662
14200,11935
14201,8269
14202,8246
14203,7071
14204,8348
14205,5218
14206,10082
14207,14062
14208,6231
14209,6405
14210,7040
14211,15033
14212,7154
14213,6240
14214,7054
14215,5923
14216,7243
14217,4837
14218,9816
14219,4818
14220,7855
14221,3168
14222,19809
14223,9963
14224,4705
14225,5113
14226,10519
14227,7164
14228,7463
14229,8840
14230,6823
14231,5356
14232,5041
14233,10501
14234,6272
14235,6861
14236,8086
14237,8121
14238,5214
14239,7893
14240,6881
14241,4459
14242,8990
14243,9588
14244,5012
14245,8522
14246,8030
14247,5406
14248,9879
14249,6611
14250,7748
14251,7264
14252,8937
14253,4329
14254,5421
14255,5951
14256,13153
14257,6943
14258,10144
14259,4538
14260,8756
14261,4762
14262,6514
14263,4979
14264,6769
14265,6457
14266,7799
14267,7695
14268,9577
14269,5195
14270,6594
14271,7839
14272,9287
14273,6916
14274,9187
14275,10328
14276,7374
14277,3524
14278,8641
14279,5800
14280,6442
14281,7986
14282,4232
14283,11890
14284,5760
14285,7534
14286,12067
14287,7504
14288,4790
14289,0
14290,6743
14291,11039
14292,5866
14293,10091
14294,11290
14295,6450
14296,5586
14297,7377
14298,6185
14299,6333
14300,6385
14301,10829
14302,7858
14303,5860
14304,5153
14305,6466
14306,7990
14307,7445
14308,9106
14309,6737
14310,7493
14311,5085
14312,8209
14313,8694
14314,7372
14315,6888
14316,7061
14317,8343
14318,10352
14319,6315
14320,8826
14321,5639
14322,6897
14323,7996
14324,7378
14325,4931
14326,4828
14327,7715
14328,8497
14329,6419
14330,6386
14331,8923
14332,6343
14333,6500
14334,7103
14335,5789
14336,3856
14337,9254
14338,4534
14339,8405
14340,7757
14341,7104
14342,7712
14343,13861
14344,10450
14345,9052
14346,5200
14347,9680
14348,8361
14349,4401
14350,3679
14351,9750
14352,3887
14353,8061
14354,12769
14355,8863
14356,7964
14357,5174
14358,8673
14359,7757
14360,7267
14361,8751
14362,9455
14363,9651
14364,6881
14365,8795
14366,5841
14367,7941
14368,5375
14369,5640
14370,7565
14371,6164
14372,5947
14373,8914
14374,5400
14375,11004
14376,8031
14377,5434
14378,4796
14379,10848
14380,7617
14381,6729
14382,7440
14383,7531
14384,6375
14385,6730
14386,7418
14387,8133
14388,6435
14389,5082
14390,10267
14391,7756
14392,6238
14393,4157
14394,12384
14395,7272
14396,6410
14397,7884
14398,12086
14399,9049
14400,8807
14401,9301
14402,8249
14403,6258
14404,6675
14405,8317
14406,10456
14407,13917
14408,5607
14409,6761
14410,4517
14411,5502
14412,10530
14413,16893
14414,7687
14415,6079
14416,5827
14417,7471
14418,6432
14419,10156
14420,9813
14421,6338
14422,4838
14423,8713
14424,6462
14425,9690
14426,10834
14427,5525
14428,8205
14429,4268
14430,8186
14431,8878
14432,7993
14433,10031
14434,6944
14435,8745
14436,4626
14437,7393
14438,7736
14439,9676
14440,8314
14441,9029
14442,7531
14443,5095
14444,10620
14445,4842
14446,11404
14447,6835
14448,4643
14449,6618
14450,7679
14451,6986
14452,8205
14453,9905
14454,5812
14455,11839
14456,4609
14457,5158
14458,8203
14459,9296
14460,10645
14461,7715
14462,7934
14463,5848
14464,6669
14465,8453
14466,7289
14467,7377
14468,6002
14469,11400
14470,7386
14471,9462
14472,11891
14473,9762
14474,4833
14475,5309
14476,6655
14477,11366
14478,6180
14479,8815
14480,5478
14481,11829
14482,6897
14483,6222
14484,5675
14485,5965
14486,5543
14487,6643
14488,7280
14489,5295
14490,5790
14491,5171
14492,10330
14493,7692
14494,22599
14495,7749
14496,4454
14497,5029
14498,7741
14499,9726
14500,5247
14501,5374
14502,10011
14503,6448
14504,7832
14505,6116
14506,7482
14507,8076
14508,5609
14509,5875
14510,7586
14511,8508
14512,6720
14513,8129
14514,7594
14515,8124
14516,6433
14517,5335
14518,6300
14519,10977
14520,11038
14521,7722
14522,10250
14523,5355
14524,8649
14525,4153
14526,6282
14527,4621
14528,8559
14529,8391
14530,11914
14531,9595
14532,7327
14533,6447
14534,5224
14535,4427
14536,6277
14537,10787
14538,7146
14539,5904
14540,6031
14541,6230
14542,8047
14543,3853
14544,8155
14545,4972
14546,8060
14547,7643
14548,5820
14549,8730
14550,5723
14551,8851
14552,9512
14553,7544
14554,6047
14555,9500
14556,5109
14557,6810
14558,8035
14559,12584
14560,5944
14561,6594
14562,8457
14563,7518
14564,9364
14565,6999
14566,10321
14567,5016
14568,4842
14569,6187
14570,6639
14571,10210
14572,8569
14573,4213
14574,5983
14575,8674
14576,7504
14577,10337
14578,4161
14579,13613
14580,7396
14581,5063
14582,6047
14583,6974
14584,6494
14585,8794
14586,4708
14587,7085
14588,7323
14589,8233
14590,7582
14591,5661
14592,7750
14593,6235
14594,6073
14595,8519
14596,8346
14597,7439
14598,5190
14599,10268
14600,5616
14601,9621
14602,7728
14603,13029
14604,7143
14605,4449
14606,7712
14607,6128
14608,6298
14609,5664
14610,8578
14611,7738
14612,4024
14613,8901
14614,6175
14615,7795
14616,4979
14617,7456
14618,8768
14619,5975
14620,12328
14621,6234
14622,5843
14623,8737
14624,9626
14625,5390
14626,4921
14627,7574
14628,6751
14629,4881
14630,6895
14631,6181
14632,9078
14633,8359
14634,7499
14635,7726
14636,5824
14637,4827
14638,6983
14639,8368
14640,7910
14641,9236
14642,8798
14643,9397
14644,6308
14645,9170
14646,7969
14647,5985
14648,7561
14649,9569
14650,7727
14651,7473
14652,10510
14653,8706
14654,8639
14655,6322
14656,7865
14657,8653
14658,6901
14659,7328
14660,4326
14661,5688
14662,10311
14663,8305
14664,6883
14665,4585
14666,8996
14667,6887
14668,8644
14669,6623
14670,6413
14671,5536
14672,4145
14673,11319
14674,7414
14675,7579
14676,7172
14677,6112
14678,6141
14679,7094
14680,8223
14681,4410
14682,7050
14683,5823
14684,9540
14685,8275
14686,6833
14687,13108
14688,4949
14689,5394
14690,11507
14691,5516
14692,7893
14693,3446
14694,9520
14695,8460
14696,6205
14697,6787
14698,6708
14699,6122
14700,7024
14701,8137
14702,11315
14703,3411
14704,6801
14705,3689
14706,14407
14707,5020
14708,9283
14709,10277
14710,7350
14711,7154
14712,5302
14713,5316
14714,3369
14715,4841
14716,6839
14717,5611
14718,8330
14719,7684
14720,5783
14721,7211
14722,7046
14723,8969
14724,10474
14725,8538
14726,5841
14727,4738
14728,10082
14729,11995
14730,6169
14731,8133
14732,4999
14733,7745
14734,5944
14735,5346
14736,7301
14737,4711
14738,7253
14739,5948
14740,9399
14741,7817
14742,9310
14743,7887
14744,5928
14745,9703
14746,19156
14747,10951
14748,5617
14749,3663
14750,6892
14751,8892
14752,5439
14753,6598
14754,13691
14755,6180
14756,13359
14757,21302
14758,4518
14759,7273
14760,5740
14761,4288
14762,8413
14763,5639
14764,9121
14765,10138
14766,8830
14767,7090
14768,8170
14769,5072
14770,7507
14771,4212
14772,7184
14773,7563
14774,10863
14775,6826
14776,6599
14777,4815
14778,7733
14779,5858
14780,5793
14781,4701
14782,8433
14783,6254
14784,6638
14785,7836
14786,8406
14787,7154
14788,6402
14789,6419
14790,5843
14791,7409
14792,7660
14793,9987
14794,7226
14795,8094
14796,6109
14797,4435
14798,6711
14799,7307
14800,6671
14801,4882
14802,3203
14803,9319
14804,7356
14805,10620
14806,7066
14807,6360
14808,8006
14809,5438
14810,4801
14811,10866
14812,6244
14813,8338
14814,8708
14815,14782
14816,6823
14817,5418
14818,8135
14819,5318
14820,6243
14821,6214
14822,7956
14823,4703
14824,8495
14825,4653
14826,5772
14827,3932
14828,10607
14829,5844
14830,15836
14831,14266
14832,5663
14833,7359
14834,5668
14835,7268
14836,5950
14837,12093
14838,8883
14839,9554
14840,4701
14841,8207
14842,5717
14843,9415
14844,8534
14845,7734
14846,6817
14847,7184
14848,7218
14849,9411
14850,9521
14851,6597
14852,8263
14853,10584
14854,7090
14855,7842
14856,7301
14857,9353
14858,7617
14859,5786
14860,5759
14861,6921
14862,5941
14863,11297
14864,6949
14865,8621
14866,7289
14867,9894
14868,5040
14869,7717
14870,10444
14871,8972
14872,9123
14873,6838
14874,4415
14875,15189
14876,9452
14877,9294
14878,17692
14879,9192
14880,8383
14881,7751
14882,9867
14883,11003
14884,11371
14885,12736
14886,6205
14887,7634
14888,6446
14889,10078
14890,4402
14891,10554
14892,6618
14893,6162
14894,6609
14895,9161
14896,8022
14897,5800
14898,8050
14899,5364
14900,5012
14901,7822
14902,4709
14903,5286
14904,6368
14905,7378
14906,10920
14907,9540
14908,7464
14909,7035
14910,6216
14911,11528
14912,7529
14913,6465
14914,5732
14915,5277
14916,9824
14917,4704
14918,13027
14919,7747
14920,3580
14921,5056
14922,8039
14923,6788
14924,6206
14925,9557
14926,10595
14927,11779
14928,6338
14929,11620
14930,3170
14931,5988
14932,6958
14933,6322
14934,7785
14935,6251
14936,7726
14937,5112
14938,5994
14939,11768
14940,8896
14941,5282
14942,5331
14943,9568
14944,10611
14945,8365
14946,6076
14947,5550
14948,9139
14949,6512
14950,8342
14951,6124
14952,6077
14953,7999
14954,9680
14955,4201
14956,4893
14957,5078
14958,6159
14959,10062
14960,8888
14961,9314
14962,13267
14963,5704
14964,11687
14965,13111
14966,7694
14967,5586
14968,3661
14969,8551
14970,6515
14971,6547
14972,6990
14973,7387
14974,12105
14975,5232
14976,6459
14977,8052
14978,5014
14979,8928
14980,5698
14981,4689
14982,7821
14983,3886
14984,7981
14985,8348
14986,7547
14987,8268
14988,9449
14989,8618
14990,6345
14991,8497
14992,10076
14993,6801
14994,6166
14995,6444
14996,5381
14997,10762
14998,8115
14999,6707
15000,5560
15001,7652
15002,9435
15003,7962
15004,6780
15005,9323
15006,5561
15007,7344
15008,17884
15009,6889
15010,10373
15011,6357
15012,6540
15013,6869
15014,5805
15015,4291
15016,6110
15017,9697
15018,13542
15019,8782
15020,10116
15021,11097
15022,11802
15023,11641
15024,9120
15025,5637
15026,5131
15027,10978
15028,11801
15029,8951
15030,8604
15031,9699
15032,6563
15033,3984
15034,11190
15035,7278
15036,7008
15037,6857
15038,3044
15039,13274
15040,12140
15041,14344
15042,6300
15043,5690
15044,5639
15045,6706
15046,6915
15047,8470
15048,7430
15049,5092
15050,5424
15051,7460
15052,4139
15053,3478
15054,6538
15055,14441
15056,7819
15057,19309
15058,4704
15059,6547
15060,7326
15061,6390
15062,5408
15063,5912
15064,4716
15065,4319
15066,9062
15067,7741
15068,4494
15069,9939
15070,6346
15071,7432
15072,4946
15073,10085
15074,8307
15075,9538
15076,5753
15077,7551
15078,4897
15079,5502
15080,5385
15081,15200
15082,11439
15083,7115
15084,5735
15085,5586
15086,6773
15087,4613
15088,9150
15089,4602
15090,15278
15091,4596
15092,5542
15093,5922
15094,10406
15095,8263
15096,5519
15097,6977
15098,7611
15099,7990
15100,8281
15101,6159
15102,4658
15103,10076
15104,5280
15105,4390
15106,6000
15107,7674
15108,6146
15109,6563
15110,9564
15111,9426
15112,7513
15113,7823
15114,4840
15115,8852
15116,6383
15117,4905
15118,7792
15119,7521
15120,7008
15121,10118
15122,6923
15123,6874
15124,7342
15125,6703
15126,6085
15127,7555
15128,8155
15129,7436
15130,6920
15131,7156
15132,9894
15133,7103
15134,5139
15135,13068
15136,6005
15137,3496
15138,8678
15139,9806
15140,10858
15141,5404
15142,6792
15143,7333
15144,4446
15145,6573
15146,7684
15147,7720
15148,6568
15149,7079
15150,9432
15151,3705
15152,6475
15153,6292
15154,5616
15155,5717
15156,7473
15157,9368
15158,5911
15159,5887
15160,8722
15161,7743
15162,9248
15163,9656
15164,5627
15165,7209
15166,7283
15167,8603
15168,8366
15169,9405
15170,3969
15171,9853
15172,7858
15173,8014
15174,10968
15175,4987
15176,4202
15177,13105
15178,9244
15179,9257
15180,6624
15181,6688
15182,9496
15183,4220
15184,7603
15185,5782
15186,9098
15187,6766
15188,7247
15189,8740
15190,6230
15191,9288
15192,11902
15193,16979
15194,7925
15195,5180
15196,6504
15197,4978
15198,3503
15199,11814
15200,8610
15201,6389
15202,9663
15203,6374
15204,10760
15205,5558
15206,6762
15207,6861
15208,9551
15209,5900
15210,7302
15211,6355
15212,5872
15213,7957
15214,5456
15215,7931
15216,8449
15217,9668
15218,8462
15219,7552
15220,6407
15221,11900
15222,5185
15223,5964
15224,12101
15225,7574
15226,9622
15227,7196
15228,16713
15229,6449
15230,5921
15231,5495
15232,6424
15233,9639
15234,11860
15235,8073
15236,8230
15237,8696
15238,4515
15239,7776
15240,7992
15241,7677
15242,9086
15243,6396
15244,5524
15245,5716
15246,4089
15247,5546
15248,9304
15249,7718
15250,11973
15251,18110
15252,7322
15253,5254
15254,7992
15255,7763
15256,9644
15257,4713
15258,6742
15259,4648
15260,9125
15261,7320
15262,7077
15263,14001
15264,13427
15265,5535
15266,7440
15267,4245
15268,5711
15269,5622
15270,9379
15271,5262
15272,5045
15273,5928
15274,8330
15275,6871
15276,5019
15277,6238
15278,8100
15279,7859
15280,7807
15281,3637
15282,11769
15283,18623
15284,3853
15285,7964
15286,8933
15287,8021
15288,5480
15289,3441
15290,5047
15291,8104
15292,5433
15293,8046
15294,10018
15295,5186
15296,5789
15297,7523
15298,6720
15299,5410
15300,6499
15301,7566
15302,10550
15303,8427
15304,10787
15305,6374
15306,4135
15307,6813
15308,6066
15309,9817
15310,6841
15311,4980
15312,21180
15313,7349
15314,6352
15315,11838
15316,7567
15317,7919
15318,6843
15319,7500
15320,5227
15321,9948
15322,13722
15323,5853
15324,5911
15325,6817
15326,13217
15327,7274
15328,6170
15329,6569
15330,6089
15331,6334
15332,5079
15333,9295
15334,4452
15335,7011
15336,3295
15337,21406
15338,9464
15339,4493
15340,5749
15341,10827
15342,6766
15343,7297
15344,8675
15345,6733
15346,5669
15347,4724
15348,9926
15349,6215
15350,6741
15351,7449
15352,8062
15353,5169
15354,7961
15355,7086
15356,4254
15357,8551
15358,10098
15359,4862
15360,8303
15361,7993
15362,5501
15363,10317
15364,5804
15365,7254
15366,7418
15367,8931
15368,3979
15369,5326
15370,5889
15371,11136
15372,6284
15373,9583
15374,4510
15375,8415
15376,4312
15377,6478
15378,4900
15379,6595
15380,6208
15381,7546
15382,7571
15383,9833
15384,5230
15385,7000
15386,7500
15387,9206
15388,6521
15389,9817
15390,10128
15391,6781
15392,3778
15393,7657
15394,5714
15395,6664
15396,7262
15397,4191
15398,12414
15399,5874
15400,6947
15401,11377
15402,7135
15403,4881
15404,0
15405,6751
15406,10626
15407,5514
15408,9371
15409,9602
15410,7417
15411,5618
15412,7593
15413,6000
15414,6038
15415,6695
15416,9384
15417,8037
15418,5573
15419,5033
15420,7574
15421,8301
15422,6823
15423,8720
15424,6314
15425,7066
15426,4446
15427,8684
15428,7820
15429,7706
15430,6463
15431,6784
15432,8489
15433,9687
15434,6618
15435,8474
15436,5437
15437,6951
15438,7973
15439,6544
15440,4703
15441,4738
15442,7718
15443,8722
15444,6054
15445,6321
15446,8996
15447,6611
15448,5888
15449,6814
15450,5783
15451,3363
15452,8591
15453,4229
15454,7833
15455,7616
15456,7459
15457,7623
15458,10998
15459,9780
15460,8120
15461,5225
15462,8473
15463,7807
15464,4127
15465,3244
15466,8710
15467,4075
15468,7835
15469,12541
15470,8453
15471,7732
15472,5167
15473,8141
15474,7802
15475,7160
15476,8260
15477,8825
15478,8929
15479,6715
15480,8816
15481,5534
15482,7519
15483,4829
15484,5795
15485,7694
15486,6394
15487,5885
15488,8421
15489,5721
15490,10895
15491,7416
15492,5589
15493,4738
15494,10608
15495,7751
15496,6144
15497,6982
15498,7953
15499,6546
15500,6438
15501,6860
15502,8011
15503,6025
15504,4963
15505,10168
15506,7389
15507,6536
15508,3920
15509,12874
15510,7017
15511,6251
15512,6833
15513,11208
15514,9421
15515,8797
15516,9438
15517,7651
15518,6133
15519,6648
15520,7933
15521,11264
15522,13981
15523,5714
15524,5837
15525,4050
15526,5176
15527,10265
15528,15672
15529,6708
15530,5361
15531,5956
15532,6527
15533,6549
15534,9905
15535,9374
15536,6456
15537,4363
15538,8705
15539,6310
15540,8799
15541,10416
15542,5620
15543,7911
15544,4221
15545,8303
15546,8568
15547,7873
15548,9178
15549,6662
15550,8059
15551,5156
15552,6940
15553,8169
15554,9203
15555,7991
15556,8621
15557,7067
15558,4878
15559,10250
15560,4880
15561,11071
15562,6966
15563,4959
15564,6014
15565,7062
15566,6328
15567,7997
15568,9580
15569,5858
15570,11511
15571,4464
15572,5060
15573,7916
15574,9234
15575,10917
15576,7076
15577,6376
15578,5992
15579,6256
15580,8041
15581,6490
15582,7104
15583,5823
15584,11319
15585,6694
15586,9274
15587,12115
15588,9299
15589,5045
15590,4896
15591,6604
15592,11222
15593,5860
15594,8142
15595,5524
15596,10976
15597,6776
15598,6193
15599,5927
15600,5741
15601,5352
15602,6857
15603,6276
15604,5358
15605,5292
15606,5070
15607,9623
15608,6758
15609,21670
15610,7830
15611,4536
15612,3162
15613,4411
15614,9793
15615,2131
15616,3077
15617,6275
15618,3406
15619,6607
15620,5030
15621,5704
15622,6183
15623,4430
15624,3357
15625,5851
15626,5479
15627,2809
15628,5079
15629,4464
15630,6020
15631,5394
15632,3406
15633,4600
15634,7656
15635,8182
15636,5869
15637,7404
15638,2290
15639,7703
15640,3513
15641,5374
15642,2639
15643,7964
15644,7616
15645,8899
15646,9499
15647,7319
15648,6095
15649,3078
15650,4541
15651,6047
15652,8105
15653,4370
15654,3783
15655,5919
15656,5073
15657,5793
15658,2544
15659,7685
15660,4568
15661,8019
15662,6665
15663,3480
15664,9159
15665,3129
15666,9114
15667,6645
15668,6594
15669,2649
15670,5621
15671,4889
15672,3687
15673,7534
15674,10572
15675,3121
15676,6276
15677,5590
15678,8947
15679,7471
15680,5755
15681,6750
15682,2483
15683,2531
15684,4593
15685,6102
15686,8583
15687,7972
15688,2606
15689,4237
15690,8820
15691,8815
15692,5792
15693,2953
15694,10913
15695,5531
15696,3483
15697,3860
15698,2357
15699,4599
15700,7232
15701,3772
15702,5781
15703,3074
15704,5867
15705,4079
15706,2002
15707,4539
15708,5339
15709,5915
15710,8867
15711,7092
15712,5425
15713,4078
15714,11503
15715,3479
15716,6364
15717,7649
15718,13131
15719,5296
15720,3110
15721,6853
15722,5980
15723,6689
15724,5138
15725,10272
15726,5981
15727,2146
15728,7760
15729,4629
15730,6055
15731,2398
15732,7702
15733,4027
15734,2829
15735,8636
15736,4504
15737,5308
15738,8245
15739,7754
15740,4331
15741,4465
15742,7439
15743,3627
15744,3084
15745,6967
15746,5016
15747,6791
15748,3264
15749,4584
15750,6393
15751,4499
15752,3043
15753,5458
15754,5958
15755,6167
15756,7340
15757,7861
15758,7728
15759,4196
15760,7735
15761,5761
15762,3175
15763,3731
15764,7973
15765,7434
15766,3126
15767,7198
15768,9939
15769,6861
15770,4877
15771,6920
15772,7482
15773,5749
15774,4564
15775,3078
15776,5461
15777,5505
15778,4738
15779,5335
15780,3284
15781,5771
15782,7115
15783,6159
15784,6701
15785,6124
15786,2917
15787,1657
15788,7312
15789,6105
15790,7120
15791,3617
15792,5725
15793,4359
15794,5394
15795,5877
15796,3929
15797,4109
15798,5064
15799,7112
15800,6623
15801,7402
15802,14066
15803,4071
15804,4926
15805,9970
15806,3740
15807,5484
15808,907
15809,8180
15810,6664
15811,5432
15812,6646
15813,5804
15814,4677
15815,5426
15816,5175
15817,7963
15818,3222
15819,5578
15820,2820
15821,9315
15822,3279
15823,7658
15824,9827
15825,6352
15826,5906
15827,4442
15828,2274
15829,1794
15830,3446
15831,5562
15832,3136
15833,5739
15834,7380
15835,4061
15836,5341
15837,4574
15838,8317
15839,8062
15840,7465
15841,5141
15842,3436
15843,8442
15844,9400
15845,3706
15846,4494
15847,3823
15848,5407
15849,5312
15850,4043
15851,6415
15852,3063
15853,5241
15854,4759
15855,8627
15856,5750
15857,7359
15858,6810
15859,4785
15860,8486
15861,17062
15862,8774
15863,3657
15864,3753
15865,6345
15866,7659
15867,3101
15868,4952
15869,9453
15870,6352
15871,7165
15872,17297
15873,5527
15874,5703
15875,2830
15876,2415
15877,10712
15878,3517
15879,6047
15880,9120
15881,2988
15882,3595
15883,6239
15884,3699
15885,6824
15886,2100
15887,5157
15888,5082
15889,10378
15890,5933
15891,6004
15892,3094
15893,7720
15894,5719
15895,6684
15896,1761
15897,9311
15898,5176
15899,6087
15900,4240
15901,4560
15902,3753
15903,4798
15904,3566
15905,5645
15906,4818
15907,4882
15908,8415
15909,8576
15910,7775
15911,4174
15912,4390
15913,4338
15914,4975
15915,6802
15916,2944
15917,1298
15918,7056
15919,5523
15920,7919
15921,5443
15922,4449
15923,4756
15924,3284
15925,2587
15926,8574
15927,6281
15928,5098
15929,5665
15930,11802
15931,6315
15932,2016
15933,7530
15934,2180
15935,4104
15936,6042
15937,6276
15938,2498
15939,4204
15940,4425
15941,3836
15942,1730
15943,8287
15944,4498
15945,9254
15946,10784
15947,5965
15948,5700
15949,4287
15950,5110
15951,4701
15952,11513
15953,6425
15954,6926
15955,3177
15956,5693
15957,5699
15958,8468
15959,8913
15960,7059
15961,5515
15962,6663
15963,5250
15964,8489
15965,6396
15966,6974
15967,6510
15968,9085
15969,7076
15970,5053
15971,5907
15972,8251
15973,6269
15974,3397
15975,5605
15976,3239
15977,4993
15978,8795
15979,7147
15980,7293
15981,6319
15982,8088
15983,4935
15984,4380
15985,4536
15986,6204
15987,6528
15988,6504
15989,3038
15990,12726
15991,5274
15992,5779
15993,16131
15994,5663
15995,7540
15996,6186
15997,6986
15998,8181
15999,7680
16000,10291
16001,2729
16002,4423
16003,5425
16004,8749
16005,2593
16006,5636
16007,4524
16008,5264
16009,5534
16010,5987
16011,3542
16012,5947
16013,4927
16014,3045
16015,3181
16016,7701
16017,4379
16018,5028
16019,5791
16020,5418
16021,9474
16022,12077
16023,5244
16024,7557
16025,5900
16026,10142
16027,4860
16028,2792
16029,4154
16030,5413
16031,12154
16032,4033
16033,9000
16034,7252
16035,2091
16036,3697
16037,6051
16038,6187
16039,5312
16040,8962
16041,8783
16042,7451
16043,4149
16044,11961
16045,2091
16046,3853
16047,8998
16048,4269
16049,5717
16050,3707
16051,6880
16052,5075
16053,3957
16054,14266
16055,10217
16056,2410
16057,5018
16058,5487
16059,7780
16060,9536
16061,5241
16062,2861
16063,8690
16064,2139
16065,10404
16066,4592
16067,5596
16068,9500
16069,5884
16070,1640
16071,5097
16072,2427
16073,3836
16074,11706
16075,7901
16076,4229
16077,12627
16078,7247
16079,11056
16080,12029
16081,7057
16082,4342
16083,2080
16084,5030
16085,6288
16086,2713
16087,5906
16088,4624
16089,7498
16090,2540
16091,5529
16092,8756
16093,1752
16094,9369
16095,5917
16096,2724
16097,7184
16098,3355
16099,3217
16100,9493
16101,7225
16102,7333
16103,8260
16104,5556
16105,5024
16106,7035
16107,7056
16108,7828
16109,5786
16110,6858
16111,3820
16112,9045
16113,6391
16114,5987
16115,3967
16116,4829
16117,8238
16118,6041
16119,4108
16120,5099
16121,5332
16122,5144
16123,16379
16124,5217
16125,9844
16126,4591
16127,3801
16128,6458
16129,5543
16130,3116
16131,5037
16132,9145
16133,14420
16134,7378
16135,10054
16136,7300
16137,10713
16138,8520
16139,7130
16140,5777
16141,4329
16142,9981
16143,7796
16144,7376
16145,5303
16146,5359
16147,5165
16148,2378
16149,12034
16150,6662
16151,5858
16152,4997
16153,1494
16154,9023
16155,8062
16156,12088
16157,5801
16158,4303
16159,3880
16160,6762
16161,5102
16162,4312
16163,10629
16164,4307
16165,4493
16166,5518
16167,3511
16168,2544
16169,2476
16170,14857
16171,4969
16172,13409
16173,4349
16174,5884
16175,5084
16176,4191
16177,3096
16178,6335
16179,3199
16180,2698
16181,10042
16182,6051
16183,2817
16184,8505
16185,2591
16186,6104
16187,3495
16188,9678
16189,7342
16190,8509
16191,2458
16192,5145
16193,2781
16194,4898
16195,3706
16196,15814
16197,12021
16198,4953
16199,3056
16200,6028
16201,4403
16202,2600
16203,7421
16204,2565
16205,14133
16206,4223
16207,4993
16208,5572
16209,11604
16210,7083
16211,5029
16212,5075
16213,6216
16214,6676
16215,6996
16216,4010
16217,1404
16218,5011
16219,3000
16220,2789
16221,5670
16222,7078
16223,5904
16224,5326
16225,8372
16226,5659
16227,3351
16228,7719
16229,2249
16230,9685
16231,4847
16232,2806
16233,4492
16234,4197
16235,4645
16236,7446
16237,7153
16238,3806
16239,5846
16240,2470
16241,4850
16242,8224
16243,9036
16244,3606
16245,2163
16246,5190
16247,7400
16248,6286
16249,2478
16250,11003
16251,3624
16252,3333
16253,5767
16254,10073
16255,9407
16256,4372
16257,4479
16258,6122
16259,1621
16260,6579
16261,6775
16262,4872
16263,4334
16264,3052
16265,8420
16266,3161
16267,4711
16268,3812
16269,3529
16270,2847
16271,7585
16272,6774
16273,5508
16274,3875
16275,5358
16276,7826
16277,7628
16278,7758
16279,4784
16280,5398
16281,5765
16282,8440
16283,7041
16284,5303
16285,1986
16286,6374
16287,6493
16288,6139
16289,8177
16290,5890
16291,2835
16292,7844
16293,5544
16294,10280
16295,2785
16296,2625
16297,9020
16298,1688
16299,5242
16300,4273
16301,7853
16302,3787
16303,4556
16304,9169
16305,2704
16306,6443
16307,9544
16308,15696
16309,6799
16310,2559
16311,5473
16312,3645
16313,2193
16314,7885
16315,5007
16316,6114
16317,5031
16318,5415
16319,5201
16320,4730
16321,5038
16322,4747
16323,9081
16324,5466
16325,2563
16326,6182
16327,4014
16328,5587
16329,5803
16330,5959
16331,7666
16332,8575
16333,8298
16334,5834
16335,5205
16336,6335
16337,2907
16338,5871
16339,8764
16340,6932
16341,6850
16342,6606
16343,14113
16344,3264
16345,3564
16346,4906
16347,4171
16348,8370
16349,10252
16350,8080
16351,7303
16352,7321
16353,2063
16354,7797
16355,3345
16356,6590
16357,6189
16358,5206
16359,2149
16360,5248
16361,3291
16362,2964
16363,6936
16364,4857
16365,8943
16366,17486
16367,5614
16368,3162
16369,4604
16370,8531
16371,6779
16372,4508
16373,5585
16374,2031
16375,6242
16376,6915
16377,3396
16378,10457
16379,11619
16380,3115
16381,5557
16382,3959
16383,3956
16384,4079
16385,8935
16386,4012
16387,4638
16388,4677
16389,2892
16390,2763
16391,2580
16392,5616
16393,5993
16394,4792
16395,7497
16396,1222
16397,7732
16398,15873
16399,3089
16400,8289
16401,6898
16402,4563
16403,4096
16404,2472
16405,4098
16406,4673
16407,5088
16408,3075
16409,9009
16410,4498
16411,3992
16412,6281
16413,5010
16414,6064
16415,4641
16416,5911
16417,10419
16418,4762
16419,6990
16420,5933
16421,3819
16422,3254
16423,4565
16424,5841
16425,6226
16426,3456
16427,13340
16428,5252
16429,4882
16430,11629
16431,4940
16432,7090
16433,4443
16434,5400
16435,5065
16436,6727
16437,16122
16438,3074
16439,5415
16440,3660
16441,9228
16442,6960
16443,4939
16444,3753
16445,4075
16446,2626
16447,2176
16448,6979
16449,2260
16450,3891
16451,1321
16452,21194
16453,8922
16454,2194
16455,5282
16456,6220
16457,6590
16458,5512
16459,8086
16460,5590
16461,5834
16462,2840
16463,7766
16464,6215
16465,4119
16466,6138
16467,9464
16468,4306
16469,8298
16470,6654
16471,3375
16472,5870
16473,6589
16474,2723
16475,8463
16476,6976
16477,4708
16478,9979
16479,3774
16480,5061
16481,8850
16482,6500
16483,2337
16484,4846
16485,3710
16486,3487
16487,5181
16488,5963
16489,3616
16490,6030
16491,2397
16492,5529
16493,2737
16494,5723
16495,5402
16496,4816
16497,5783
16498,8919
16499,2700
16500,5780
16501,6979
16502,3369
16503,5686
16504,6023
16505,9073
16506,6665
16507,3862
16508,2254
16509,2137
16510,5424
16511,4924
16512,4247
16513,12043
16514,5538
16515,5650
16516,8666
16517,6463
16518,2185
16519,0
16520,4555
16521,8114
16522,6160
16523,7438
16524,6323
16525,8590
16526,5162
16527,3950
16528,2840
16529,3423
16530,6106
16531,4521
16532,7727
16533,4996
16534,2685
16535,7928
16536,6968
16537,4644
16538,7039
16539,4528
16540,6839
16541,3535
16542,4979
16543,3943
16544,4855
16545,3502
16546,6034
16547,7815
16548,8133
16549,6094
16550,5828
16551,4031
16552,6315
16553,6840
16554,7074
16555,2870
16556,2894
16557,8798
16558,6213
16559,3072
16560,3945
16561,7700
16562,6626
16563,2586
16564,5959
16565,4704
16566,1749
16567,5202
16568,2897
16569,4340
16570,6332
16571,5791
16572,5147
16573,4265
16574,8638
16575,6389
16576,3520
16577,5488
16578,5170
16579,3199
16580,1204
16581,7270
16582,1677
16583,5902
16584,9521
16585,5698
16586,4378
16587,3117
16588,5601
16589,5426
16590,4846
16591,5809
16592,6094
16593,8097
16594,6101
16595,8905
16596,3945
16597,3952
16598,4351
16599,3613
16600,5443
16601,6478
16602,3322
16603,5570
16604,2743
16605,7987
16606,4519
16607,4404
16608,4022
16609,5684
16610,7519
16611,3439
16612,6698
16613,4455
16614,5612
16615,5263
16616,6145
16617,7705
16618,4627
16619,3625
16620,9675
16621,6511
16622,6774
16623,1975
16624,4593
16625,5158
16626,3948
16627,4843
16628,10707
16629,8160
16630,9300
16631,9916
16632,6239
16633,5480
16634,6070
16635,6110
16636,7318
16637,11139
16638,3313
16639,1894
16640,1562
16641,3993
16642,5357
16643,10389
16644,2462
16645,1998
16646,5306
16647,5396
16648,5828
16649,10196
16650,6719
16651,6256
16652,2607
16653,7978
16654,6295
16655,6702
16656,6963
16657,3511
16658,6304
16659,3341
16660,6833
16661,5826
16662,5123
16663,6030
16664,3956
16665,6463
16666,5296
16667,6956
16668,4632
16669,8407
16670,5357
16671,8687
16672,5305
16673,3747
16674,7999
16675,2828
16676,10100
16677,5787
16678,4932
16679,3416
16680,6827
16681,4556
16682,4319
16683,6680
16684,4511
16685,12733
16686,3153
16687,2819
16688,5934
16689,6128
16690,10277
16691,2644
16692,4829
16693,6300
16694,5778
16695,4999
16696,3635
16697,6052
16698,3188
16699,10204
16700,2918
16701,6808
16702,13255
16703,7596
16704,6109
16705,3197
16706,4967
16707,7917
16708,2762
16709,7251
16710,2818
16711,8413
16712,6494
16713,5827
16714,5930
16715,4715
16716,2936
16717,5503
16718,2313
16719,3676
16720,3262
16721,2780
16722,7455
16723,5646
16724,21482
16725,7780
16726,0
16727,0
16728,0
16729,0
16730,0
16731,0
16732,0
16733,0
16734,0
16735,0
16736,0
16737,0
16738,0
16739,0
16740,0
16741,0
16742,0
16743,0
16744,0
16745,0
16746,0
16747,0
16748,0
16749,0
16750,0
16751,0
16752,0
16753,0
16754,0
16755,0
16756,0
16757,0
16758,0
16759,0
16760,0
16761,0
16762,0
16763,0
16764,0
16765,0
16766,0
16767,0
16768,0
16769,0
16770,0
16771,0
16772,0
16773,0
16774,0
16775,0
16776,0
16777,0
16778,0
16779,0
16780,0
16781,0
16782,0
16783,0
16784,0
16785,0
16786,0
16787,0
16788,0
16789,0
16790,0
16791,0
16792,0
16793,0
16794,0
16795,0
16796,0
16797,0
16798,0
16799,0
16800,0
16801,0
16802,0
16803,0
16804,0
16805,0
16806,0
16807,0
16808,0
16809,0
16810,11886
16811,0
16812,0
16813,0
16814,0
16815,0
16816,0
16817,0
16818,0
16819,0
16820,0
16821,0
16822,0
16823,0
16824,0
16825,0
16826,0
16827,0
16828,0
16829,0
16830,0
16831,0
16832,0
16833,0
16834,0
16835,0
16836,0
16837,0
16838,0
16839,0
16840,0
16841,0
16842,0
16843,0
16844,0
16845,0
16846,0
16847,3406
16848,0
16849,0
16850,0
16851,0
16852,0
16853,0
16854,0
16855,0
16856,0
16857,0
16858,0
16859,0
16860,0
16861,0
16862,0
16863,0
16864,0
16865,0
16866,0
16867,0
16868,0
16869,0
16870,0
16871,0
16872,0
16873,0
16874,0
16875,0
16876,0
16877,0
16878,0
16879,0
16880,0
16881,0
16882,0
16883,0
16884,0
16885,0
16886,0
16887,0
16888,0
16889,0
16890,0
16891,0
16892,0
16893,0
16894,0
16895,0
16896,0
16897,0
16898,0
16899,0
16900,0
16901,0
16902,0
16903,0
16904,0
16905,0
16906,0
16907,0
16908,0
16909,0
16910,0
16911,0
16912,0
16913,0
16914,0
16915,0
16916,0
16917,0
16918,0
16919,0
16920,0
16921,0
16922,0
16923,0
16924,0
16925,0
16926,0
16927,0
16928,0
16929,0
16930,0
16931,0
16932,0
16933,0
16934,2484
16935,0
16936,0
16937,0
16938,0
16939,0
16940,0
16941,0
16942,0
16943,0
16944,0
16945,0
16946,0
16947,0
16948,0
16949,0
16950,0
16951,0
16952,0
16953,0
16954,0
16955,0
16956,0
16957,0
16958,0
16959,0
16960,0
16961,0
16962,0
16963,0
16964,0
16965,0
16966,0
16967,0
16968,0
16969,0
16970,0
16971,0
16972,0
16973,0
16974,0
16975,0
16976,0
16977,0
16978,0
16979,0
16980,0
16981,0
16982,0
16983,0
16984,16951
16985,0
16986,0
16987,27036
16988,0
16989,0
16990,0
16991,0
16992,0
16993,0
16994,0
16995,0
16996,0
16997,0
16998,0
16999,7541
17000,0
17001,0
17002,0
17003,0
17004,0
17005,0
17006,0
17007,0
17008,0
17009,0
17010,0
17011,0
17012,0
17013,0
17014,0
17015,0
17016,0
17017,0
17018,0
17019,0
17020,0
17021,0
17022,0
17023,0
17024,4367
17025,0
17026,0
17027,0
17028,0
17029,0
17030,0
17031,0
17032,0
17033,0
17034,0
17035,2693
17036,0
17037,0
17038,0
17039,0
17040,0
17041,0
17042,0
17043,0
17044,0
17045,0
17046,0
17047,0
17048,0
17049,0
17050,0
17051,0
17052,0
17053,0
17054,0
17055,0
17056,0
17057,0
17058,0
17059,0
17060,8397
17061,0
17062,0
17063,0
17064,0
17065,0
17066,0
17067,0
17068,0
17069,0
17070,0
17071,0
17072,0
17073,0
17074,0
17075,0
17076,0
17077,0
17078,9037
17079,0
17080,0
17081,0
17082,0
17083,0
17084,0
17085,0
17086,0
17087,0
17088,0
17089,0
17090,0
17091,0
17092,0
17093,0
17094,0
17095,0
17096,0
17097,0
17098,0
17099,0
17100,0
17101,0
17102,0
17103,0
17104,0
17105,0
17106,0
17107,0
17108,0
17109,0
17110,0
17111,0
17112,0
17113,0
17114,0
17115,0
17116,0
17117,0
17118,0
17119,0
17120,0
17121,0
17122,0
17123,0
17124,0
17125,0
17126,0
17127,0
17128,0
17129,0
17130,0
17131,0
17132,0
17133,0
17134,0
17135,0
17136,0
17137,0
17138,0
17139,0
17140,0
17141,0
17142,0
17143,0
17144,0
17145,0
17146,0
17147,0
17148,14802
17149,0
17150,0
17151,0
17152,0
17153,0
17154,0
17155,0
17156,0
17157,0
17158,1707
17159,0
17160,0
17161,0
17162,0
17163,0
17164,0
17165,0
17166,0
17167,0
17168,0
17169,0
17170,0
17171,0
17172,0
17173,0
17174,0
17175,0
17176,0
17177,0
17178,4829
17179,0
17180,0
17181,0
17182,0
17183,0
17184,0
17185,0
17186,0
17187,0
17188,0
17189,0
17190,0
17191,0
17192,0
17193,0
17194,0
17195,0
17196,0
17197,0
17198,0
17199,0
17200,0
17201,0
17202,0
17203,0
17204,0
17205,0
17206,0
17207,0
17208,0
17209,0
17210,0
17211,0
17212,0
17213,0
17214,0
17215,0
17216,0
17217,0
17218,0
17219,7992
17220,0
17221,0
17222,0
17223,0
17224,0
17225,0
17226,0
17227,0
17228,0
17229,0
17230,0
17231,0
17232,0
17233,0
17234,0
17235,0
17236,0
17237,7647
17238,0
17239,0
17240,0
17241,0
17242,0
17243,0
17244,0
17245,0
17246,0
17247,0
17248,0
17249,2160
17250,0
17251,0
17252,0
17253,0
17254,0
17255,4769
17256,0
17257,0
17258,0
17259,0
17260,0
17261,0
17262,0
17263,0
17264,0
17265,0
17266,0
17267,0
17268,0
17269,0
17270,0
17271,0
17272,0
17273,0
17274,0
17275,0
17276,0
17277,0
17278,0
17279,0
17280,0
17281,0
17282,0
17283,0
17284,0
17285,0
17286,0
17287,18473
17288,0
17289,0
17290,0
17291,0
17292,0
17293,0
17294,0
17295,0
17296,0
17297,0
17298,0
17299,0
17300,0
17301,0
17302,0
17303,5713
17304,0
17305,0
17306,0
17307,0
17308,0
17309,0
17310,0
17311,0
17312,0
17313,0
17314,0
17315,0
17316,0
17317,0
17318,0
17319,0
17320,0
17321,0
17322,0
17323,0
17324,0
17325,0
17326,0
17327,0
17328,0
17329,0
17330,0
17331,0
17332,0
17333,0
17334,0
17335,0
17336,0
17337,0
17338,0
17339,0
17340,0
17341,0
17342,0
17343,0
17344,0
17345,0
17346,0
17347,0
17348,0
17349,0
17350,0
17351,0
17352,0
17353,0
17354,0
17355,0
17356,0
17357,0
17358,0
17359,0
17360,0
17361,0
17362,0
17363,0
17364,0
17365,0
17366,0
17367,0
17368,0
17369,0
17370,0
17371,0
17372,0
17373,0
17374,0
17375,0
17376,0
17377,0
17378,0
17379,0
17380,0
17381,0
17382,0
17383,0
17384,0
17385,0
17386,0
17387,0
17388,0
17389,0
17390,0
17391,0
17392,0
17393,0
17394,0
17395,0
17396,0
17397,0
17398,0
17399,0
17400,0
17401,13310
17402,0
17403,0
17404,0
17405,0
17406,0
17407,7446
17408,0
17409,0
17410,0
17411,0
17412,0
17413,0
17414,0
17415,0
17416,0
17417,0
17418,0
17419,0
17420,0
17421,0
17422,0
17423,0
17424,0
17425,0
17426,0
17427,0
17428,0
17429,0
17430,0
17431,0
17432,0
17433,0
17434,0
17435,0
17436,0
17437,0
17438,0
17439,0
17440,0
17441,0
17442,0
17443,0
17444,0
17445,0
17446,0
17447,0
17448,0
17449,0
17450,0
17451,0
17452,0
17453,0
17454,0
17455,0
17456,0
17457,3170
17458,16202
17459,0
17460,0
17461,0
17462,0
17463,0
17464,0
17465,0
17466,0
17467,0
17468,0
17469,0
17470,0
17471,0
17472,0
17473,0
17474,0
17475,0
17476,0
17477,0
17478,0
17479,0
17480,0
17481,0
17482,0
17483,0
17484,0
17485,0
17486,0
17487,0
17488,0
17489,0
17490,0
17491,0
17492,0
17493,0
17494,12137
17495,0
17496,0
17497,0
17498,0
17499,0
17500,0
17501,0
17502,0
17503,0
17504,0
17505,0
17506,0
17507,0
17508,0
17509,0
17510,0
17511,0
17512,0
17513,0
17514,0
17515,0
17516,0
17517,0
17518,0
17519,0
17520,0
17521,0
17522,0
17523,0
17524,0
17525,0
17526,0
17527,0
17528,0
17529,0
17530,0
17531,0
17532,0
17533,0
17534,0
17535,0
17536,0
17537,0
17538,0
17539,0
17540,0
17541,0
17542,0
17543,0
17544,0
17545,0
17546,0
17547,0
17548,0
17549,0
17550,0
17551,0
17552,0
17553,0
17554,0
17555,0
17556,0
17557,0
17558,0
17559,0
17560,0
17561,0
17562,0
17563,0
17564,0
17565,0
17566,0
17567,0
17568,0
17569,0
17570,0
17571,0
17572,0
17573,0
17574,0
17575,0
17576,0
17577,0
17578,0
17579,0
17580,0
17581,0
17582,0
17583,0
17584,0
17585,0
17586,0
17587,0
17588,2576
17589,0
17590,0
17591,0
17592,2004
17593,0
17594,0
17595,0
17596,0
17597,0
17598,0
17599,0
17600,0
17601,0
17602,3476
17603,0
17604,0
17605,0
17606,0
17607,0
17608,0
17609,0
17610,0
17611,0
17612,0
17613,0
17614,0
17615,0
17616,0
17617,0
17618,0
17619,0
17620,0
17621,0
17622,0
17623,0
17624,0
17625,0
17626,0
17627,0
17628,0
17629,0
17630,0
17631,0
17632,0
17633,0
17634,0
17635,0
17636,0
17637,0
17638,0
17639,0
17640,0
17641,0
17642,0
17643,0
17644,0
17645,0
17646,0
17647,0
17648,0
17649,0
17650,0
17651,0
17652,0
17653,0
17654,0
17655,0
17656,2400
17657,0
17658,0
17659,0
17660,0
17661,0
17662,0
17663,0
17664,0
17665,0
17666,0
17667,0
17668,0
17669,0
17670,0
17671,0
17672,0
17673,11498
17674,0
17675,0
17676,0
17677,0
17678,0
17679,0
17680,0
17681,0
17682,0
17683,0
17684,0
17685,0
17686,0
17687,0
17688,0
17689,0
17690,0
17691,0
17692,0
17693,0
17694,0
17695,0
17696,0
17697,0
17698,0
17699,0
17700,0
17701,0
17702,0
17703,0
17704,0
17705,0
17706,0
17707,0
17708,0
17709,0
17710,0
17711,0
17712,0
17713,0
17714,0
17715,0
17716,0
17717,0
17718,0
17719,0
17720,0
17721,0
17722,0
17723,0
17724,0
17725,0
17726,0
17727,0
17728,0
17729,0
17730,0
17731,0
17732,0
17733,0
17734,0
17735,0
17736,0
17737,0
17738,0
17739,0
17740,0
17741,0
17742,0
17743,0
17744,0
17745,0
17746,0
17747,0
17748,0
17749,0
17750,0
17751,0
17752,0
17753,0
17754,0
17755,0
17756,0
17757,0
17758,0
17759,0
17760,0
17761,0
17762,0
17763,0
17764,0
17765,0
17766,0
17767,0
17768,0
17769,0
17770,3938
17771,0
17772,0
17773,0
17774,0
17775,0
17776,0
17777,0
17778,0
17779,0
17780,0
17781,0
17782,0
17783,0
17784,0
17785,0
17786,0
17787,0
17788,0
17789,0
17790,0
17791,0
17792,0
17793,0
17794,0
17795,0
17796,0
17797,0
17798,0
17799,0
17800,0
17801,0
17802,0
17803,0
17804,0
17805,0
17806,5102
17807,0
17808,0
17809,0
17810,0
17811,0
17812,0
17813,0
17814,0
17815,0
17816,0
17817,0
17818,0
17819,0
17820,0
17821,0
17822,13535
17823,0
17824,4730
17825,0
17826,0
17827,0
17828,0
17829,0
17830,0
17831,0
17832,0
17833,0
17834,0
17835,0
17836,0
17837,0
17838,0
17839,0
17840,0
17841,4003
17842,4548
17843,6116
17844,9247
17845,4479
17846,4669
17847,8969
17848,5933
17849,6989
17850,5801
17851,7202
17852,6732
17853,3718
17854,5333
17855,6095
17856,7848
17857,5775
17858,6808
17859,6193
17860,8819
17861,4358
17862,4216
17863,4572
17864,8813
17865,10499
17866,5734
17867,8331
17868,4399
17869,7144
17870,3411
17871,4924
17872,3949
17873,7612
17874,8007
17875,9778
17876,9344
17877,5384
17878,4991
17879,4206
17880,3870
17881,5513
17882,9190
17883,5985
17884,4958
17885,4548
17886,4270
17887,7211
17888,3494
17889,6585
17890,3720
17891,6265
17892,5700
17893,4865
17894,6595
17895,4987
17896,7076
17897,8411
17898,6145
17899,5518
17900,8043
17901,4652
17902,6522
17903,5793
17904,9460
17905,4686
17906,5677
17907,7379
17908,7297
17909,7898
17910,5727
17911,7841
17912,3772
17913,4733
17914,5476
17915,5863
17916,8523
17917,6770
17918,3337
17919,5012
17920,6881
17921,6917
17922,8132
17923,3649
17924,12084
17925,6608
17926,4059
17927,6433
17928,5831
17929,6176
17930,7647
17931,3908
17932,5244
17933,5430
17934,6769
17935,6505
17936,5088
17937,6423
17938,5032
17939,4950
17940,7902
17941,6934
17942,5755
17943,4948
17944,10519
17945,5034
17946,9135
17947,7197
17948,11904
17949,6422
17950,4686
17951,5683
17952,6240
17953,5490
17954,4547
17955,7204
17956,7545
17957,3484
17958,6974
17959,5910
17960,6606
17961,4560
17962,7871
17963,7833
17964,4596
17965,11671
17966,4705
17967,4260
17968,7263
17969,8160
17970,5226
17971,4234
17972,6688
17973,5709
17974,5073
17975,5426
17976,4565
17977,7565
17978,7486
17979,6458
17980,7360
17981,4851
17982,4413
17983,5486
17984,6509
17985,6987
17986,7492
17987,7283
17988,9188
17989,5016
17990,7593
17991,6504
17992,4780
17993,5552
17994,8303
17995,6003
17996,5943
17997,9013
17998,7219
17999,6615
18000,4803
18001,6972
18002,6344
18003,7253
18004,5968
18005,3820
18006,5115
18007,8522
18008,7172
18009,5289
18010,3510
18011,7563
18012,6940
18013,7722
18014,6102
18015,5543
18016,4744
18017,3862
18018,9280
18019,6301
18020,6593
18021,5472
18022,4760
18023,5978
18024,6043
18025,5739
18026,3678
18027,5978
18028,4252
18029,7619
18030,7420
18031,6438
18032,10508
18033,4191
18034,4419
18035,9595
18036,5178
18037,5844
18038,2061
18039,7257
18040,7576
18041,4624
18042,5938
18043,6237
18044,5568
18045,5816
18046,7411
18047,10266
18048,2620
18049,6170
18050,2640
18051,13897
18052,4283
18053,7528
18054,8138
18055,5113
18056,6104
18057,4643
18058,4987
18059,3166
18060,4154
18061,5481
18062,5031
18063,6711
18064,6449
18065,4698
18066,6479
18067,6051
18068,7531
18069,7938
18070,7585
18071,4140
18072,3198
18073,9252
18074,9349
18075,4755
18076,7494
18077,5207
18078,7084
18079,4617
18080,4980
18081,5957
18082,3137
18083,5733
18084,4247
18085,9250
18086,6921
18087,7170
18088,7432
18089,5011
18090,7355
18091,17841
18092,8930
18093,4636
18094,2546
18095,5482
18096,7234
18097,5259
18098,5876
18099,12689
18100,6606
18101,10069
18102,18486
18103,3951
18104,6021
18105,4722
18106,4345
18107,7174
18108,4418
18109,7251
18110,9813
18111,7312
18112,5498
18113,6924
18114,4458
18115,6096
18116,3799
18117,5553
18118,7120
18119,8193
18120,5633
18121,5214
18122,4560
18123,7008
18124,4569
18125,4978
18126,3494
18127,7825
18128,4743
18129,5453
18130,6512
18131,7598
18132,6563
18133,5637
18134,5900
18135,5212
18136,6490
18137,6500
18138,7781
18139,8425
18140,6790
18141,5135
18142,2982
18143,5519
18144,6488
18145,5591
18146,4526
18147,2121
18148,7762
18149,5832
18150,8300
18151,6474
18152,4769
18153,6235
18154,4597
18155,4385
18156,8793
18157,4878
18158,6611
18159,7267
18160,14188
18161,5023
18162,4885
18163,6775
18164,5168
18165,5252
18166,4733
18167,7366
18168,4213
18169,6380
18170,3743
18171,5501
18172,4117
18173,9536
18174,4819
18175,12854
18176,12278
18177,4611
18178,6123
18179,5237
18180,5951
18181,5109
18182,10575
18183,6651
18184,8185
18185,4260
18186,7245
18187,4526
18188,8530
18189,9031
18190,5794
18191,5328
18192,5920
18193,6650
18194,7357
18195,8993
18196,5685
18197,7174
18198,8943
18199,6073
18200,6568
18201,4919
18202,8975
18203,7257
18204,4863
18205,4619
18206,6004
18207,4497
18208,8038
18209,5548
18210,6936
18211,5642
18212,8202
18213,4134
18214,7571
18215,8482
18216,7584
18217,7495
18218,6232
18219,3770
18220,12155
18221,10042
18222,6699
18223,15961
18224,9364
18225,6073
18226,6088
18227,7945
18228,9215
18229,10855
18230,10604
18231,5023
18232,6778
18233,5024
18234,7428
18235,3858
18236,10324
18237,5268
18238,4442
18239,5784
18240,8552
18241,7752
18242,5112
18243,7229
18244,4977
18245,3746
18246,6166
18247,3886
18248,4205
18249,5234
18250,5703
18251,8184
18252,8343
18253,7369
18254,6349
18255,5277
18256,10778
18257,6376
18258,4415
18259,5071
18260,4695
18261,8312
18262,4281
18263,10871
18264,7045
18265,3207
18266,4378
18267,6331
18268,5621
18269,4593
18270,7994
18271,9212
18272,11802
18273,5309
18274,9311
18275,2989
18276,5268
18277,6285
18278,4954
18279,6607
18280,4969
18281,5876
18282,3456
18283,4632
18284,10262
18285,7920
18286,4159
18287,5442
18288,7935
18289,9979
18290,7082
18291,5262
18292,4095
18293,9856
18294,5839
18295,7095
18296,5391
18297,4735
18298,6408
18299,7985
18300,3509
18301,3879
18302,4778
18303,6065
18304,9649
18305,6916
18306,6907
18307,12372
18308,4527
18309,9520
18310,10952
18311,6349
18312,4947
18313,2931
18314,7268
18315,5725
18316,5898
18317,5451
18318,6308
18319,10616
18320,5096
18321,4961
18322,6555
18323,4904
18324,6399
18325,4702
18326,3933
18327,5827
18328,3467
18329,6697
18330,8066
18331,5981
18332,7066
18333,7673
18334,7249
18335,4619
18336,7148
18337,8419
18338,7166
18339,5375
18340,5858
18341,4576
18342,9859
18343,5592
18344,6415
18345,4692
18346,6279
18347,7636
18348,6252
18349,5584
18350,7861
18351,5433
18352,6256
18353,17219
18354,5628
18355,7917
18356,5297
18357,5424
18358,5034
18359,4469
18360,3986
18361,4322
18362,8150
18363,13355
18364,8134
18365,9298
18366,9870
18367,10199
18368,9362
18369,7163
18370,6426
18371,5367
18372,10860
18373,9967
18374,6292
18375,7715
18376,7484
18377,5746
18378,4226
18379,10757
18380,6141
18381,5999
18382,5872
18383,2005
18384,12869
18385,9475
18386,14687
18387,5589
18388,4378
18389,4758
18390,5533
18391,6618
18392,6375
18393,6147
18394,5568
18395,4179
18396,6773
18397,3454
18398,2836
18399,5991
18400,12494
18401,6319
18402,17038
18403,4263
18404,5515
18405,5970
18406,5150
18407,4715
18408,4702
18409,5058
18410,3448
18411,7322
18412,6190
18413,3444
18414,8114
18415,4365
18416,5791
18417,4573
18418,9225
18419,6794
18420,10110
18421,4718
18422,6270
18423,4184
18424,4372
18425,4365
18426,13777
18427,9395
18428,5980
18429,4512
18430,4723
18431,5534
18432,4110
18433,8965
18434,4621
18435,13276
18436,4324
18437,5095
18438,5474
18439,8888
18440,6178
18441,4201
18442,6021
18443,6260
18444,6525
18445,5983
18446,5640
18447,3339
18448,9117
18449,5235
18450,3596
18451,5695
18452,5650
18453,6067
18454,6646
18455,8364
18456,7750
18457,6386
18458,6500
18459,3931
18460,8045
18461,5111
18462,4239
18463,6385
18464,6589
18465,5851
18466,8053
18467,5696
18468,5837
18469,5788
18470,5893
18471,5570
18472,7108
18473,6481
18474,6353
18475,5148
18476,4901
18477,8191
18478,5387
18479,3683
18480,10841
18481,4785
18482,3028
18483,6766
18484,8459
18485,8652
18486,5099
18487,5225
18488,5922
18489,3592
18490,5865
18491,7104
18492,6041
18493,5361
18494,6958
18495,7526
18496,2944
18497,5243
18498,5233
18499,5161
18500,4571
18501,6661
18502,6886
18503,5585
18504,4760
18505,7611
18506,5507
18507,7613
18508,8106
18509,4070
18510,6351
18511,6477
18512,7703
18513,6959
18514,7578
18515,3002
18516,8928
18517,6271
18518,6921
18519,10029
18520,4576
18521,3580
18522,11580
18523,7840
18524,7340
18525,5032
18526,5916
18527,8296
18528,3063
18529,5938
18530,5028
18531,6882
18532,5592
18533,4702
18534,7477
18535,4702
18536,8478
18537,9778
18538,17227
18539,6717
18540,4159
18541,4908
18542,3511
18543,2805
18544,11369
18545,7487
18546,4873
18547,8125
18548,4978
18549,10944
18550,3913
18551,5284
18552,5565
18553,8348
18554,4652
18555,5883
18556,5109
18557,4401
18558,7109
18559,4557
18560,6183
18561,7127
18562,9003
18563,6893
18564,7092
18565,5343
18566,10453
18567,4389
18568,4742
18569,9873
18570,6639
18571,7852
18572,8133
18573,14964
18574,4765
18575,4608
18576,4503
18577,5509
18578,7861
18579,9116
18580,6123
18581,7124
18582,7118
18583,3573
18584,7244
18585,7055
18586,5626
18587,7069
18588,4765
18589,4545
18590,4401
18591,3759
18592,4251
18593,7591
18594,6944
18595,10492
18596,15530
18597,6377
18598,4823
18599,6076
18600,8130
18601,9049
18602,3757
18603,5534
18604,3665
18605,8717
18606,5886
18607,5709
18608,11558
18609,11920
18610,4409
18611,6788
18612,3782
18613,5301
18614,5811
18615,8049
18616,4422
18617,3892
18618,5030
18619,6834
18620,6209
18621,4582
18622,5365
18623,6736
18624,5870
18625,6065
18626,3563
18627,10144
18628,18557
18629,3961
18630,6578
18631,7701
18632,5904
18633,4059
18634,3789
18635,3561
18636,7087
18637,4421
18638,7356
18639,9017
18640,4173
18641,4827
18642,5581
18643,5073
18644,4503
18645,4830
18646,5709
18647,9553
18648,7373
18649,8159
18650,5208
18651,4104
18652,6645
18653,6021
18654,7746
18655,5791
18656,4499
18657,22582
18658,5923
18659,5580
18660,11057
18661,6861
18662,6148
18663,5719
18664,6977
18665,4294
18666,8774
18667,14011
18668,5153
18669,4898
18670,6119
18671,11645
18672,5414
18673,4640
18674,5860
18675,4877
18676,6449
18677,3859
18678,8319
18679,3856
18680,7081
18681,2521
18682,17462
18683,7926
18684,3653
18685,4372
18686,8337
18687,5858
18688,6184
18689,7132
18690,5386
18691,4954
18692,4146
18693,8758
18694,5208
18695,5385
18696,6644
18697,7014
18698,5170
18699,7435
18700,5501
18701,3742
18702,8197
18703,8120
18704,4374
18705,6924
18706,5835
18707,4443
18708,8953
18709,5459
18710,7149
18711,5911
18712,7249
18713,4152
18714,4430
18715,4266
18716,9539
18717,6138
18718,8214
18719,3374
18720,7687
18721,3405
18722,5853
18723,4626
18724,5645
18725,5875
18726,6567
18727,5955
18728,7945
18729,3640
18730,5558
18731,6960
18732,7021
18733,6158
18734,6894
18735,9394
18736,6717
18737,2729
18738,6411
18739,5170
18740,6035
18741,6690
18742,4082
18743,10720
18744,4773
18745,6327
18746,9679
18747,5967
18748,3627
18749,0
18750,5169
18751,9494
18752,5068
18753,7101
18754,8745
18755,5672
18756,5080
18757,5779
18758,5064
18759,5410
18760,5449
18761,10434
18762,6712
18763,5504
18764,4229
18765,5810
18766,6391
18767,5800
18768,6351
18769,5737
18770,6273
18771,4317
18772,7022
18773,7672
18774,6054
18775,5419
18776,6099
18777,6609
18778,9034
18779,5081
18780,7410
18781,4814
18782,5294
18783,6715
18784,5942
18785,4306
18786,3930
18787,6839
18788,8017
18789,4862
18790,5224
18791,7207
18792,5505
18793,5100
18794,5500
18795,4364
18796,3168
18797,7811
18798,4169
18799,7198
18800,5830
18801,5736
18802,5819
18803,10713
18804,8066
18805,6851
18806,4739
18807,7559
18808,8061
18809,3690
18810,3323
18811,7386
18812,3104
18813,6641
18814,12036
18815,6959
18816,6299
18817,3859
18818,7306
18819,5916
18820,5710
18821,6775
18822,7424
18823,7627
18824,5377
18825,7435
18826,4358
18827,6776
18828,4907
18829,5380
18830,5328
18831,5090
18832,5289
18833,7341
18834,4139
18835,9182
18836,6552
18837,4012
18838,4228
18839,7931
18840,6704
18841,5110
18842,6067
18843,5805
18844,4612
18845,5881
18846,5957
18847,5805
18848,4873
18849,4919
18850,7582
18851,6094
18852,5400
18853,3378
18854,9640
18855,5693
18856,4659
18857,6732
18858,10273
18859,7301
18860,7871
18861,9437
18862,6215
18863,5151
18864,5247
18865,7311
18866,7939
18867,11498
18868,4082
18869,6305
18870,3246
18871,4168
18872,8840
18873,13835
18874,6076
18875,4545
18876,4623
18877,5724
18878,5107
18879,8776
18880,7638
18881,5321
18882,3610
18883,6878
18884,5312
18885,8949
18886,8182
18887,4312
18888,6307
18889,3680
18890,6266
18891,7461
18892,6576
18893,7559
18894,5759
18895,6680
18896,4127
18897,5632
18898,6462
18899,7843
18900,6544
18901,7273
18902,5102
18903,4421
18904,8865
18905,4255
18906,10573
18907,5605
18908,4073
18909,6050
18910,5716
18911,6000
18912,7144
18913,8650
18914,4394
18915,12401
18916,3949
18917,4136
18918,6185
18919,7222
18920,10094
18921,6642
18922,6038
18923,4993
18924,6146
18925,6548
18926,4720
18927,5791
18928,4596
18929,9313
18930,6180
18931,7718
18932,11633
18933,8011
18934,4452
18935,4819
18936,5254
18937,10246
18938,5831
18939,8188
18940,3968
18941,9329
18942,6448
18943,4869
18944,4524
18945,4284
18946,5064
18947,4985
18948,5501
18949,4457
18950,4184
18951,4452
18952,7836
18953,6003
18954,21055
18955,5730
18956,3663
18957,4385
18958,5879
18959,8308
18960,4269
18961,4276
18962,8509
18963,5525
18964,6105
18965,5294
18966,6723
18967,6185
18968,3417
18969,4804
18970,5636
18971,7222
18972,5676
18973,6166
18974,5774
18975,8029
18976,4061
18977,3795
18978,4187
18979,8249
18980,9058
18981,5201
18982,7910
18983,4137
18984,6448
18985,3487
18986,4599
18987,3603
18988,6721
18989,7185
18990,9162
18991,8417
18992,4996
18993,4520
18994,3855
18995,3784
18996,4955
18997,8511
18998,5480
18999,4511
19000,3912
19001,3992
19002,6627
19003,3125
19004,6220
19005,3293
19006,5565
19007,5067
19008,4505
19009,6025
19010,4559
19011,6590
19012,7622
19013,5751
19014,4990
19015,7812
19016,4109
19017,5818
19018,5338
19019,8793
19020,4645
19021,5186
19022,6775
19023,6571
19024,7666
19025,5285
19026,7514
19027,3578
19028,4530
19029,5064
19030,5304
19031,7781
19032,6098
19033,3102
19034,4530
19035,6109
19036,6252
19037,7626
19038,3228
19039,10928
19040,5840
19041,3780
19042,5759
19043,5746
19044,5620
19045,6927
19046,3765
19047,4757
19048,5129
19049,6114
19050,6315
19051,4946
19052,5980
19053,4505
19054,4529
19055,6985
19056,6494
19057,5270
19058,4443
19059,9455
19060,4344
19061,8234
19062,6499
19063,10510
19064,5813
19065,4384
19066,5181
19067,5603
19068,5047
19069,4370
19070,6577
19071,6556
19072,3102
19073,6198
19074,5458
19075,5811
19076,4077
19077,6860
19078,7449
19079,4373
19080,10614
19081,4412
19082,3780
19083,6729
19084,7818
19085,4636
19086,3887
19087,5969
19088,5423
19089,4548
19090,4999
19091,4279
19092,7062
19093,7161
19094,5808
19095,6594
19096,4559
19097,3904
19098,5008
19099,6254
19100,6431
19101,6810
19102,6462
19103,8400
19104,4603
19105,6881
19106,6150
19107,4331
19108,5374
19109,7453
19110,5451
19111,5858
19112,8580
19113,6633
19114,6064
19115,4487
19116,6314
19117,5875
19118,6586
19119,5580
19120,3592
19121,4617
19122,8490
19123,6459
19124,4932
19125,3277
19126,6914
19127,6319
19128,6921
19129,5624
19130,5149
19131,4279
19132,3525
19133,8480
19134,5871
19135,5930
19136,5162
19137,4346
19138,5346
19139,5460
19140,5207
19141,3289
19142,5940
19143,3652
19144,7034
19145,6823
19146,5818
19147,9629
19148,3847
19149,4085
19150,8471
19151,4573
19152,5409
19153,2400
19154,6613
19155,6865
19156,4069
19157,5453
19158,5965
19159,5130
19160,5327
19161,6624
19162,9229
19163,2254
19164,5959
19165,2444
19166,12419
19167,3955
19168,7095
19169,7488
19170,4666
19171,5534
19172,4398
19173,4759
19174,2846
19175,3997
19176,5116
19177,4561
19178,5880
19179,5964
19180,4482
19181,6014
19182,5408
19183,7151
19184,7227
19185,6741
19186,3820
19187,2992
19188,8506
19189,8401
19190,4347
19191,6849
19192,4565
19193,6268
19194,3945
19195,4504
19196,5530
19197,2836
19198,5496
19199,3902
19200,8188
19201,6162
19202,6406
19203,6894
19204,4490
19205,6685
19206,16194
19207,8370
19208,4216
19209,2298
19210,5077
19211,6843
19212,4708
19213,5312
19214,11938
19215,5792
19216,9450
19217,17279
19218,3557
19219,5456
19220,4429
19221,4094
19222,6725
19223,4027
19224,6544
19225,8735
19226,7417
19227,5098
19228,6215
19229,3882
19230,5450
19231,3696
19232,5147
19233,6294
19234,7358
19235,5021
19236,4735
19237,4139
19238,6306
19239,4220
19240,4469
19241,3196
19242,6975
19243,4325
19244,4903
19245,6151
19246,6943
19247,5732
19248,5300
19249,5674
19250,4911
19251,5972
19252,5878
19253,6786
19254,7376
19255,6586
19256,4844
19257,2860
19258,5129
19259,5867
19260,4983
19261,4161
19262,2210
19263,7398
19264,5644
19265,7957
19266,5913
19267,4360
19268,5745
19269,4138
19270,3966
19271,8154
19272,4392
19273,6043
19274,6617
19275,13016
19276,4781
19277,4889
19278,6276
19279,5233
19280,4944
19281,4140
19282,6855
19283,3864
19284,5767
19285,3295
19286,5017
19287,3731
19288,8798
19289,4297
19290,12735
19291,11425
19292,4225
19293,5566
19294,4789
19295,5558
19296,4680
19297,9679
19298,6252
19299,7645
19300,3827
19301,6751
19302,4212
19303,8023
19304,8236
19305,5351
19306,4898
19307,5463
19308,6168
19309,6550
19310,8253
19311,5185
19312,6613
19313,8084
19314,5334
19315,5909
19316,4622
19317,7805
19318,6363
19319,4802
19320,4211
19321,5711
19322,4150
19323,7319
19324,4991
19325,6307
19326,5101
19327,7544
19328,3876
19329,6887
19330,8384
19331,7000
19332,7496
19333,5903
19334,3406
19335,11493
19336,9042
19337,6164
19338,14704
19339,9011
19340,5354
19341,5514
19342,7472
19343,8617
19344,10101
19345,9731
19346,4673
19347,6099
19348,4582
19349,6778
19350,3346
19351,9718
19352,4777
19353,4218
19354,5177
19355,7917
19356,7246
19357,4696
19358,6515
19359,4622
19360,3455
19361,5778
19362,3521
19363,3769
19364,5105
19365,5168
19366,7422
19367,7511
19368,6415
19369,5380
19370,4956
19371,9750
19372,5941
19373,4039
19374,4599
19375,4250
19376,7481
19377,3933
19378,9845
19379,6208
19380,2895
19381,4070
19382,5754
19383,5101
19384,4225
19385,7301
19386,8068
19387,10833
19388,5406
19389,8523
19390,2781
19391,4798
19392,5694
19393,4609
19394,5970
19395,4700
19396,5225
19397,3249
19398,4392
19399,9482
19400,7119
19401,3889
19402,4875
19403,7311
19404,9076
19405,6388
19406,4762
19407,3866
19408,8945
19409,5576
19410,6462
19411,4980
19412,4316
19413,5759
19414,7595
19415,3333
19416,3669
19417,4766
19418,5319
19419,8534
19420,6345
19421,6382
19422,11786
19423,4080
19424,8904
19425,9494
19426,5597
19427,4341
19428,2696
19429,6956
19430,5241
19431,5415
19432,4905
19433,5855
19434,10521
19435,4582
19436,4497
19437,6040
19438,5287
19439,5821
19440,4327
19441,3492
19442,5545
19443,3126
19444,6825
19445,7503
19446,5448
19447,6776
19448,7170
19449,6964
19450,4111
19451,6438
19452,8078
19453,6296
19454,4861
19455,5328
19456,4083
19457,8606
19458,5113
19459,5609
19460,4602
19461,5750
19462,6819
19463,5765
19464,5190
19465,7229
19466,4914
19467,5725
19468,15629
19469,5293
19470,7301
19471,4955
19472,5023
19473,4544
19474,4117
19475,3767
19476,4040
19477,7316
19478,11963
19479,7698
19480,8178
19481,9593
19482,9355
19483,8767
19484,6562
19485,5498
19486,4854
19487,9783
19488,9144
19489,5696
19490,7202
19491,7237
19492,5222
19493,3728
19494,9649
19495,5627
19496,5450
19497,5483
19498,1986
19499,12020
19500,8887
19501,12689
19502,5144
19503,4082
19504,4394
19505,5064
19506,6187
19507,5789
19508,5558
19509,5123
19510,3766
19511,6384
19512,3100
19513,2618
19514,5572
19515,11583
19516,5858
19517,16038
19518,4001
19519,5017
19520,5442
19521,4943
19522,4131
19523,4122
19524,4577
19525,3299
19526,6450
19527,5617
19528,3171
19529,7279
19530,4176
19531,5314
19532,4103
19533,8311
19534,6256
19535,8832
19536,4340
19537,5925
19538,3776
19539,4102
19540,3976
19541,12335
19542,8563
19543,5443
19544,4184
19545,4084
19546,4976
19547,3842
19548,8393
19549,4040
19550,12376
19551,3957
19552,4653
19553,4852
19554,7800
19555,5620
19556,3886
19557,5655
19558,6179
19559,5779
19560,5706
19561,5063
19562,3262
19563,9094
19564,4647
19565,3322
19566,5186
19567,4967
19568,5469
19569,6157
19570,7711
19571,7225
19572,6074
19573,5947
19574,3651
19575,7162
19576,4792
19577,3834
19578,6009
19579,5945
19580,5383
19581,7430
19582,5089
19583,5341
19584,5180
19585,5915
19586,5143
19587,6311
19588,5938
19589,5825
19590,5317
19591,4472
19592,7670
19593,5047
19594,3704
19595,9802
19596,4476
19597,3027
19598,6496
19599,7743
19600,8214
19601,4677
19602,4798
19603,5287
19604,3100
19605,5263
19606,6159
19607,5656
19608,4953
19609,6272
19610,6647
19611,2932
19612,4708
19613,4854
19614,4799
19615,4148
19616,5942
19617,6291
19618,5244
19619,4265
19620,7088
19621,4976
19622,6878
19623,7567
19624,3818
19625,5834
19626,6008
19627,7216
19628,6462
19629,6701
19630,3004
19631,8030
19632,5613
19633,6292
19634,8626
19635,4142
19636,3450
19637,11375
19638,7178
19639,6663
19640,4856
19641,5795
19642,7459
19643,3094
19644,5509
19645,4561
19646,6278
19647,5231
19648,4499
19649,6938
19650,4282
19651,7563
19652,9014
19653,14994
19654,6539
19655,3999
19656,4441
19657,3225
19658,2627
19659,10166
19660,6675
19661,4318
19662,7682
19663,4725
19664,10254
19665,3569
19666,4875
19667,5163
19668,7623
19669,4252
19670,5635
19671,4668
19672,3981
19673,6518
19674,4177
19675,5705
19676,6535
19677,8174
19678,6313
19679,6413
19680,4940
19681,9942
19682,4071
19683,4367
19684,9225
19685,6031
19686,7584
19687,7177
19688,14006
19689,4613
19690,4254
19691,3997
19692,5148
19693,7437
19694,8318
19695,5551
19696,6809
19697,6239
19698,3321
19699,6588
19700,6667
19701,5314
19702,6748
19703,4421
19704,4100
19705,4074
19706,3300
19707,4017
19708,6803
19709,6312
19710,9730
19711,13678
19712,5808
19713,4274
19714,5570
19715,7248
19716,7989
19717,3238
19718,4914
19719,3517
19720,8024
19721,5362
19722,5342
19723,10415
19724,10988
19725,3976
19726,6017
19727,3385
19728,4682
19729,5099
19730,7289
19731,4063
19732,3436
19733,4829
19734,6876
19735,6564
19736,4387
19737,4834
19738,6152
19739,5702
19740,5334
19741,3320
19742,9193
19743,16404
19744,3827
19745,5903
19746,7144
19747,5656
19748,3627
19749,3425
19750,3322
19751,6566
19752,4183
19753,6954
19754,8169
19755,3648
19756,4146
19757,5092
19758,4661
19759,4077
19760,4319
19761,5207
19762,8334
19763,7030
19764,7632
19765,4708
19766,3750
19767,5945
19768,5266
19769,7156
19770,5321
19771,4043
19772,20632
19773,5322
19774,5238
19775,9929
19776,6146
19777,5494
19778,5377
19779,6469
19780,4076
19781,7844
19782,12263
19783,4773
19784,4500
19785,5822
19786,10839
19787,5002
19788,4335
19789,5205
19790,4362
19791,5819
19792,3817
19793,7575
19794,3426
19795,6422
19796,2308
19797,16711
19798,7147
19799,3242
19800,4002
19801,8236
19802,5371
19803,5659
19804,6490
19805,4970
19806,4199
19807,4015
19808,8282
19809,4926
19810,5049
19811,6025
19812,6305
19813,4779
19814,6686
19815,5178
19816,3396
19817,7574
19818,8320
19819,3908
19820,6075
19821,5326
19822,4153
19823,7894
19824,5151
19825,6772
19826,5440
19827,6517
19828,3807
19829,3929
19830,3976
19831,10338
19832,5811
19833,7447
19834,3208
19835,6986
19836,3201
19837,5150
19838,4109
19839,5058
19840,5274
19841,6149
19842,5563
19843,7190
19844,3439
19845,4940
19846,6031
19847,6625
19848,5756
19849,6265
19850,8461
19851,6061
19852,2465
19853,6238
19854,4785
19855,5583
19856,6107
19857,3608
19858,9538
19859,4307
19860,5699
19861,8556
19862,5941
19863,3169
19864,0
19865,4961
19866,8519
19867,4783
19868,6645
19869,8570
19870,5002
19871,4693
19872,5426
19873,4717
19874,4915
19875,5135
19876,9056
19877,6054
19878,5096
19879,4000
19880,5895
19881,5812
19882,5178
19883,5734
19884,5328
19885,5555
19886,4041
19887,6755
19888,7159
19889,5689
19890,4975
19891,5480
19892,6240
19893,8314
19894,4492
19895,6934
19896,4460
19897,4931
19898,6120
19899,5768
19900,4083
19901,3705
19902,6331
19903,7280
19904,4324
19905,4809
19906,6746
19907,5173
19908,5127
19909,5043
19910,3806
19911,2724
19912,7162
19913,3733
19914,6651
19915,5498
19916,5502
19917,5557
19918,10490
19919,7301
19920,6279
19921,4197
19922,6851
19923,7132
19924,3405
19925,3125
19926,7007
19927,3014
19928,6105
19929,11055
19930,6483
19931,5760
19932,3537
19933,6553
19934,5362
19935,5430
19936,6134
19937,6984
19938,6913
19939,4875
19940,6871
19941,4012
19942,5996
19943,4393
19944,4747
19945,4905
19946,4425
19947,4618
19948,6847
19949,3831
19950,8403
19951,6109
19952,3402
19953,3870
19954,7704
19955,6278
19956,5014
19957,5449
19958,5692
19959,4158
19960,5625
19961,5591
19962,5350
19963,4477
19964,4469
19965,6658
19966,5569
19967,4807
19968,2988
19969,9317
19970,5145
19971,4224
19972,6436
19973,9591
19974,6519
19975,6983
19976,8343
19977,5767
19978,4664
19979,4725
19980,6630
19981,7696
19982,10396
19983,3929
19984,5849
19985,3202
19986,3762
19987,8788
19988,12420
19989,6211
19990,4489
19991,4297
19992,5199
19993,4635
19994,7926
19995,7046
19996,5036
19997,3358
19998,6443
19999,4940
20000,8290
20001,7519
20002,3992
20003,5923
20004,3452
20005,5641
20006,6951
20007,5976
20008,7049
20009,5427
20010,6224
20011,3790
20012,5136
20013,6240
20014,7405
20015,5884
20016,6490
20017,4757
20018,3878
20019,8015
20020,3894
20021,9825
20022,5227
20023,3657
20024,5822
20025,5412
20026,5603
20027,6545
20028,7994
20029,4045
20030,10914
20031,3380
20032,3744
20033,5850
20034,6647
20035,8818
20036,6393
20037,5932
20038,4728
20039,5567
20040,6032
20041,4386
20042,5358
20043,4341
20044,8525
20045,6186
20046,6941
20047,10765
20048,7419
20049,4065
20050,4547
20051,4853
20052,9638
20053,5057
20054,7342
20055,3922
20056,8451
20057,5705
20058,4653
20059,3999
20060,3892
20061,4748
20062,4665
20063,5133
20064,4114
20065,4050
20066,3887
20067,7041
20068,5664
20069,18746
20070,5238
20071,3509
20072,4959
20073,5443
20074,7808
20075,4343
20076,4152
20077,7596
20078,5166
20079,5627
20080,4859
20081,6967
20082,6124
20083,3421
20084,4359
20085,5525
20086,6917
20087,5202
20088,6250
20089,5289
20090,7918
20091,3697
20092,3782
20093,4117
20094,7806
20095,8421
20096,5028
20097,7207
20098,3729
20099,6127
20100,2961
20101,4512
20102,3607
20103,6223
20104,6806
20105,8600
20106,8194
20107,4960
20108,4215
20109,3714
20110,3363
20111,4998
20112,8230
20113,5165
20114,4355
20115,3970
20116,3949
20117,6537
20118,2973
20119,6085
20120,3198
20121,5650
20122,5149
20123,4285
20124,6062
20125,4374
20126,6337
20127,7224
20128,5654
20129,4717
20130,7745
20131,4118
20132,5080
20133,5282
20134,8432
20135,4250
20136,4995
20137,6648
20138,6623
20139,7267
20140,4949
20141,6992
20142,3403
20143,3934
20144,4672
20145,5058
20146,7610
20147,5680
20148,3094
20149,4332
20150,5821
20151,6146
20152,7230
20153,3104
20154,10759
20155,5776
20156,3484
20157,5498
20158,5314
20159,5482
20160,6435
20161,3580
20162,4637
20163,4783
20164,5767
20165,5652
20166,4585
20167,5697
20168,4258
20169,4440
20170,6885
20171,6185
20172,4805
20173,4154
20174,8986
20175,4206
20176,8024
20177,6096
20178,10403
20179,5487
20180,4154
20181,5047
20182,5287
20183,4962
20184,4336
20185,6450
20186,6200
20187,2892
20188,6011
20189,5207
20190,5524
20191,3868
20192,6779
20193,7530
20194,3875
20195,9946
20196,4066
20197,3907
20198,6380
20199,7513
20200,4377
20201,3595
20202,5967
20203,4953
20204,4303
20205,4838
20206,4239
20207,6979
20208,6648
20209,5646
20210,6178
20211,4344
20212,3585
20213,4797
20214,6265
20215,6326
20216,6539
20217,6319
20218,7728
20219,4583
20220,6749
20221,5867
20222,4112
20223,5119
20224,7058
20225,5526
20226,5425
20227,7758
20228,6820
20229,5710
20230,4235
20231,5749
20232,5611
20233,6036
20234,5485
20235,3531
20236,4286
20237,8043
20238,6325
20239,4615
20240,3083
20241,6232
20242,6119
20243,6419
20244,5494
20245,4944
20246,3805
20247,3362
20248,8134
20249,5215
20250,5822
20251,5097
20252,4176
20253,5008
20254,5119
20255,5149
20256,3253
20257,4960
20258,3717
20259,6785
20260,6675
20261,5643
20262,9434
20263,4275
20264,4007
20265,7920
20266,4433
20267,5394
20268,1964
20269,6419
20270,6250
20271,3960
20272,5163
20273,6655
20274,4995
20275,4979
20276,5887
20277,9095
20278,2221
20279,5479
20280,2380
20281,11418
20282,4197
20283,6761
20284,7206
20285,4649
20286,5164
20287,4207
20288,4523
20289,2592
20290,3561
20291,4922
20292,4234
20293,5991
20294,5856
20295,4279
20296,5530
20297,4944
20298,6851
20299,7040
20300,6550
20301,3838
20302,3023
20303,7966
20304,8009
20305,4080
20306,6420
20307,4362
20308,5636
20309,3809
20310,4420
20311,5296
20312,2719
20313,5431
20314,3732
20315,7699
20316,5869
20317,6173
20318,6542
20319,4328
20320,6499
20321,15537
20322,8091
20323,3756
20324,2304
20325,5025
20326,6118
20327,4338
20328,5151
20329,11750
20330,5570
20331,8951
20332,16924
20333,3499
20334,5101
20335,4267
20336,3734
20337,6478
20338,4267
20339,5999
20340,8296
20341,6683
20342,4748
20343,5782
20344,3719
20345,5424
20346,3327
20347,5036
20348,6162
20349,7470
20350,4993
20351,4621
20352,3856
20353,6192
20354,4077
20355,4269
20356,3056
20357,6872
20358,4279
20359,4704
20360,5582
20361,6552
20362,5021
20363,4935
20364,4908
20365,5001
20366,5488
20367,5708
20368,6856
20369,6690
20370,5872
20371,4701
20372,2781
20373,4827
20374,5381
20375,4699
20376,4010
20377,1959
20378,6783
20379,5307
20380,7881
20381,5534
20382,4141
20383,5175
20384,3818
20385,3783
20386,7394
20387,4431
20388,5966
20389,6470
20390,11677
20391,4667
20392,4191
20393,6091
20394,4370
20395,4478
20396,4061
20397,6517
20398,3579
20399,5443
20400,3195
20401,4794
20402,3418
20403,8293
20404,4163
20405,12247
20406,10642
20407,4038
20408,5269
20409,4413
20410,5379
20411,4263
20412,9397
20413,5980
20414,7039
20415,3656
20416,6327
20417,4117
20418,7698
20419,7774
20420,5170
20421,4539
20422,5329
20423,5959
20424,6286
20425,7659
20426,5129
20427,6362
20428,7750
20429,5315
20430,5719
20431,4617
20432,7299
20433,6038
20434,4310
20435,4174
20436,5123
20437,3999
20438,7363
20439,4733
20440,5947
20441,5024
20442,7157
20443,3751
20444,6455
20445,7658
20446,6379
20447,6518
20448,5281
20449,3256
20450,10826
20451,8429
20452,6150
20453,13601
20454,7832
20455,5398
20456,5209
20457,6861
20458,7925
20459,9257
20460,9516
20461,3987
20462,5653
20463,4371
20464,6578
20465,3134
20466,8635
20467,4373
20468,4144
20469,5098
20470,7458
20471,6928
20472,4578
20473,6020
20474,4512
20475,3223
20476,5587
20477,3454
20478,3973
20479,4568
20480,5289
20481,7342
20482,7314
20483,6221
20484,5167
20485,4747
20486,9292
20487,5427
20488,3748
20489,4475
20490,4228
20491,7209
20492,3831
20493,9598
20494,6060
20495,2687
20496,3776
20497,5606
20498,5064
20499,4249
20500,7311
20501,7537
20502,10337
20503,4980
20504,8515
20505,2605
20506,4455
20507,5519
20508,4436
20509,5650
20510,4405
20511,5151
20512,3104
20513,4200
20514,9625
20515,6617
20516,3515
20517,4517
20518,6907
20519,8484
20520,6405
20521,4480
20522,3633
20523,9243
20524,5546
20525,6776
20526,4493
20527,4277
20528,5589
20529,7100
20530,2964
20531,3776
20532,4193
20533,4903
20534,8304
20535,6093
20536,5968
20537,10419
20538,3977
20539,8434
20540,9279
20541,5437
20542,4130
20543,2439
20544,6842
20545,4776
20546,5207
20547,4798
20548,5579
20549,9278
20550,4329
20551,4251
20552,5868
20553,4146
20554,5777
20555,4257
20556,3273
20557,5427
20558,3015
20559,6093
20560,7306
20561,5421
20562,6383
20563,6645
20564,6840
20565,4052
20566,6208
20567,7325
20568,6205
20569,4771
20570,5322
20571,4681
20572,8123
20573,5170
20574,5265
20575,4172
20576,5599
20577,6571
20578,5317
20579,4912
20580,6798
20581,4703
20582,5670
20583,14469
20584,5085
20585,7069
20586,4309
20587,4657
20588,4564
20589,3994
20590,3496
20591,3922
20592,7191
20593,11574
20594,7262
20595,7834
20596,8507
20597,8858
20598,8155
20599,6211
20600,5234
20601,4477
20602,8983
20603,8510
20604,5793
20605,6563
20606,6162
20607,5177
20608,3459
20609,9327
20610,5586
20611,5033
20612,5225
20613,1990
20614,10887
20615,8386
20616,12262
20617,5015
20618,3848
20619,4110
20620,4888
20621,5538
20622,5671
20623,5393
20624,4675
20625,3748
20626,5775
20627,3115
20628,2515
20629,4932
20630,11276
20631,5532
20632,15711
20633,3703
20634,4825
20635,5162
20636,4411
20637,3866
20638,4042
20639,4291
20640,3118
20641,6321
20642,5503
20643,3206
20644,7148
20645,4018
20646,5116
20647,3819
20648,8028
20649,5962
20650,8332
20651,4036
20652,5357
20653,3654
20654,3831
20655,3829
20656,12383
20657,8604
20658,5265
20659,3916
20660,3931
20661,4847
20662,3472
20663,7700
20664,3824
20665,11858
20666,3730
20667,4215
20668,4682
20669,7591
20670,5518
20671,3608
20672,5277
20673,5912
20674,5677
20675,5541
20676,4895
20677,2922
20678,8142
20679,4408
20680,3016
20681,5081
20682,4927
20683,5272
20684,5721
20685,7262
20686,6507
20687,5678
20688,5615
20689,3536
20690,7079
20691,4430
20692,3701
20693,5450
20694,5520
20695,4947
20696,7266
20697,4912
20698,5112
20699,5162
20700,5124
20701,4834
20702,6000
20703,5963
20704,5578
20705,4543
20706,4479
20707,7481
20708,5150
20709,3446
20710,9263
20711,4077
20712,2974
20713,5992
20714,7687
20715,7832
20716,4524
20717,4481
20718,5091
20719,3149
20720,5159
20721,5747
20722,5310
20723,4451
20724,5792
20725,6331
20726,2722
20727,4372
20728,4639
20729,4415
20730,3995
20731,5636
20732,6121
20733,5061
20734,4167
20735,6491
20736,4946
20737,6565
20738,7382
20739,3894
20740,5594
20741,5797
20742,6909
20743,6229
20744,6473
20745,2717
20746,7929
20747,5520
20748,5868
20749,8530
20750,3986
20751,3239
20752,10886
20753,6836
20754,6528
20755,4450
20756,5148
20757,7260
20758,3005
20759,5153
20760,4147
20761,6043
20762,4564
20763,4215
20764,6686
20765,4049
20766,7295
20767,8610
20768,14623
20769,5863
20770,3703
20771,4375
20772,3213
20773,2389
20774,9419
20775,6122
20776,4268
20777,6683
20778,4584
20779,9582
20780,3585
20781,4870
20782,4956
20783,7544
20784,4272
20785,5677
20786,4580
20787,3840
20788,5910
20789,4001
20790,5910
20791,6334
20792,7813
20793,5960
20794,5878
20795,4698
20796,9335
20797,3779
20798,4229
20799,8511
20800,5928
20801,7221
20802,6759
20803,13630
20804,4098
20805,4196
20806,3944
20807,4601
20808,7015
20809,8296
20810,5385
20811,6280
20812,6006
20813,3158
20814,6468
20815,6734
20816,5103
20817,6384
20818,4221
20819,3677
20820,4076
20821,3061
20822,3748
20823,6357
20824,5785
20825,9030
20826,12720
20827,5688
20828,4156
20829,5334
20830,6878
20831,7738
20832,3167
20833,4926
20834,3368
20835,7411
20836,5421
20837,4913
20838,10107
20839,11048
20840,3751
20841,5778
20842,3393
20843,4636
20844,4838
20845,7207
20846,3875
20847,3461
20848,4626
20849,5995
20850,5268
20851,3991
20852,4669
20853,5850
20854,5052
20855,5012
20856,2883
20857,8926
20858,15710
20859,3601
20860,5641
20861,6464
20862,5421
20863,3354
20864,3296
20865,3190
20866,5824
20867,4151
20868,6436
20869,7655
20870,3558
20871,4050
20872,5036
20873,4437
20874,4117
20875,4308
20876,5301
20877,8005
20878,6530
20879,7284
20880,4576
20881,3471
20882,5562
20883,4981
20884,6591
20885,5196
20886,3680
20887,19261
20888,4873
20889,4910
20890,9751
20891,5849
20892,5318
20893,5028
20894,6359
20895,3982
20896,7303
20897,12082
20898,4369
20899,4138
20900,5851
20901,9991
20902,4770
20903,4095
20904,5007
20905,4027
20906,5464
20907,3332
20908,7385
20909,3320
20910,5938
20911,2329
20912,16160
20913,7036
20914,3288
20915,4016
20916,7153
20917,5019
20918,5557
20919,6290
20920,4757
20921,4289
20922,3551
20923,7863
20924,4910
20925,4846
20926,5714
20927,6157
20928,4510
20929,6513
20930,4695
20931,3303
20932,7044
20933,7333
20934,3796
20935,5851
20936,5147
20937,4043
20938,7513
20939,4698
20940,6385
20941,5234
20942,6084
20943,3606
20944,3671
20945,3814
20946,8656
20947,6111
20948,7137
20949,3188
20950,6611
20951,3097
20952,4801
20953,3700
20954,4953
20955,4951
20956,5580
20957,5309
20958,6883
20959,3300
20960,4952
20961,5588
20962,6088
20963,5893
20964,6067
20965,8110
20966,5757
20967,2578
20968,5521
20969,4279
20970,5236
20971,5718
20972,3646
20973,9458
20974,4246
20975,5205
20976,8027
20977,5126
20978,3169
20979,0
20980,4785
20981,8358
20982,4629
20983,6188
20984,7341
20985,4978
20986,4187
20987,4938
20988,4548
20989,4668
20990,5085
20991,8341
20992,5805
20993,4812
20994,3502
20995,5503
20996,5422
20997,4745
20998,5619
20999,5004
21000,5049
21001,3725
21002,6478
21003,7104
21004,5317
21005,4744
21006,5121
21007,5697
21008,7600
21009,4343
21010,6518
21011,4279
21012,4682
21013,6050
21014,5287
21015,3974
21016,3512
21017,7028
21018,7204
21019,4171
21020,4546
21021,6194
21022,5137
21023,4504
21024,5062
21025,3691
21026,2516
21027,6762
21028,3586
21029,6363
21030,5374
21031,5099
21032,4739
21033,8934
21034,7142
21035,6346
21036,3757
21037,6199
21038,6658
21039,3381
21040,2632
21041,6469
21042,2866
21043,5675
21044,10784
21045,6048
21046,5360
21047,3394
21048,6278
21049,5165
21050,5030
21051,5900
21052,6585
21053,6470
21054,4596
21055,6372
21056,3685
21057,5642
21058,4197
21059,4605
21060,4810
21061,4220
21062,4303
21063,6396
21064,3524
21065,8045
21066,5780
21067,3276
21068,3709
21069,7400
21070,6198
21071,4668
21072,5235
21073,4898
21074,4279
21075,4927
21076,5321
21077,5265
21078,4338
21079,4432
21080,6792
21081,5307
21082,4774
21083,2733
21084,7799
21085,4975
21086,3825
21087,5829
21088,9279
21089,6391
21090,6732
21091,7989
21092,5267
21093,4642
21094,4612
21095,6179
21096,6962
21097,10495
21098,3536
21099,5195
21100,2790
21101,3472
21102,7778
21103,11620
21104,5257
21105,3892
21106,4157
21107,4795
21108,4637
21109,7954
21110,6531
21111,4954
21112,3066
21113,6194
21114,4660
21115,7664
21116,7453
21117,3756
21118,5715
21119,3385
21120,5589
21121,6764
21122,5498
21123,6827
21124,5072
21125,5986
21126,3734
21127,4995
21128,5397
21129,7002
21130,5532
21131,6421
21132,4524
21133,3744
21134,7420
21135,3874
21136,8831
21137,5140
21138,3637
21139,6727
21140,5212
21141,5099
21142,6284
21143,7119
21144,4016
21145,10243
21146,3135
21147,3480
21148,5590
21149,6265
21150,8948
21151,6028
21152,5298
21153,4586
21154,5009
21155,5812
21156,4126
21157,5090
21158,3947
21159,8007
21160,6049
21161,6575
21162,10486
21163,7406
21164,4021
21165,4248
21166,4478
21167,9447
21168,4783
21169,6961
21170,3555
21171,7950
21172,5565
21173,4284
21174,3952
21175,3689
21176,4384
21177,4607
21178,4691
21179,3970
21180,3663
21181,3487
21182,6861
21183,5586
21184,18111
21185,5113
21186,3465
21187,4253
21188,5551
21189,7910
21190,4075
21191,4064
21192,7546
21193,5881
21194,5824
21195,4842
21196,6514
21197,5973
21198,3437
21199,4495
21200,5680
21201,6796
21202,5350
21203,6069
21204,5493
21205,8502
21206,3856
21207,3815
21208,4263
21209,7808
21210,8606
21211,5578
21212,7304
21213,4281
21214,6132
21215,3268
21216,4690
21217,3367
21218,6363
21219,6832
21220,8574
21221,8104
21222,5420
21223,4206
21224,3484
21225,3614
21226,5023
21227,8081
21228,5113
21229,4385
21230,4229
21231,3969
21232,6388
21233,2993
21234,5940
21235,3338
21236,5860
21237,5416
21238,4364
21239,6236
21240,4358
21241,6549
21242,7471
21243,5602
21244,4628
21245,7619
21246,3891
21247,5241
21248,5637
21249,9088
21250,4655
21251,5267
21252,6615
21253,6356
21254,7296
21255,5089
21256,7211
21257,3595
21258,4131
21259,4678
21260,5270
21261,7671
21262,5984
21263,3100
21264,4304
21265,6338
21266,5809
21267,7730
21268,3100
21269,10568
21270,5906
21271,3473
21272,5457
21273,5487
21274,5329
21275,6510
21276,3616
21277,4772
21278,4949
21279,5966
21280,5783
21281,4671
21282,6153
21283,4503
21284,4387
21285,6950
21286,6238
21287,4805
21288,4140
21289,8961
21290,4124
21291,7772
21292,6122
21293,10478
21294,5442
21295,4116
21296,5238
21297,5253
21298,4875
21299,4266
21300,6396
21301,6333
21302,2970
21303,6072
21304,4919
21305,5609
21306,4024
21307,6547
21308,7227
21309,3690
21310,10394
21311,4203
21312,3719
21313,6280
21314,7681
21315,4331
21316,3732
21317,5956
21318,5158
21319,4298
21320,4930
21321,4187
21322,6834
21323,7346
21324,5551
21325,6225
21326,4375
21327,3559
21328,4798
21329,6768
21330,6220
21331,6738
21332,6218
21333,7909
21334,4407
21335,7104
21336,6024
21337,3984
21338,5235
21339,7418
21340,5400
21341,6478
21342,7915
21343,6483
21344,5873
21345,4517
21346,5772
21347,5765
21348,6230
21349,5366
21350,3366
21351,4429
21352,8073
21353,6271
21354,4726
21355,3202
21356,6448
21357,5934
21358,6606
21359,5425
21360,4877
21361,4083
21362,3313
21363,8799
21364,5456
21365,5899
21366,5118
21367,4283
21368,4836
21369,5137
21370,5483
21371,3246
21372,5165
21373,3647
21374,6824
21375,6449
21376,5476
21377,9328
21378,3760
21379,4093
21380,7966
21381,4380
21382,5077
21383,2122
21384,6670
21385,6296
21386,4451
21387,5318
21388,5781
21389,5052
21390,5026
21391,6718
21392,8914
21393,2192
21394,6016
21395,2361
21396,11905
21397,3761
21398,6729
21399,7177
21400,4757
21401,5179
21402,4159
21403,4634
21404,2535
21405,3619
21406,5199
21407,4311
21408,5797
21409,5854
21410,4736
21411,5442
21412,4914
21413,6837
21414,7405
21415,6534
21416,3811
21417,3273
21418,7905
21419,8001
21420,4208
21421,6360
21422,4357
21423,5861
21424,4061
21425,4209
21426,5275
21427,2973
21428,5363
21429,3765
21430,7699
21431,6010
21432,6300
21433,6651
21434,4640
21435,6420
21436,15719
21437,8196
21438,3834
21439,2300
21440,5003
21441,6459
21442,4542
21443,5290
21444,12136
21445,5641
21446,9625
21447,17675
21448,3464
21449,5240
21450,4296
21451,4066
21452,8109
21453,3759
21454,6176
21455,8388
21456,6781
21457,5037
21458,5898
21459,3992
21460,5122
21461,3451
21462,4926
21463,6099
21464,7228
21465,5253
21466,4973
21467,4098
21468,6216
21469,3948
21470,4147
21471,3292
21472,6697
21473,4580
21474,4786
21475,5503
21476,6789
21477,5011
21478,5108
21479,5143
21480,4603
21481,5728
21482,5578
21483,7085
21484,6856
21485,6182
21486,4683
21487,2717
21488,4941
21489,5515
21490,4852
21491,4002
21492,2398
21493,6867
21494,5545
21495,7519
21496,5503
21497,4384
21498,5768
21499,4053
21500,3977
21501,7830
21502,4250
21503,6534
21504,6559
21505,12589
21506,5042
21507,4850
21508,6207
21509,4756
21510,5949
21511,4377
21512,6653
21513,3607
21514,5618
21515,3269
21516,4814
21517,3410
21518,8572
21519,4246
21520,11969
21521,10688
21522,4194
21523,5240
21524,4443
21525,5447
21526,4300
21527,9365
21528,6272
21529,7369
21530,3726
21531,6433
21532,4236
21533,7594
21534,7607
21535,5382
21536,4680
21537,5586
21538,6090
21539,6312
21540,8329
21541,4973
21542,6779
21543,7724
21544,5502
21545,5797
21546,5029
21547,7343
21548,6231
21549,4491
21550,4085
21551,5507
21552,4106
21553,7122
21554,4939
21555,6467
21556,4858
21557,7273
21558,3855
21559,6562
21560,7957
21561,6634
21562,7122
21563,5706
21564,3338
21565,10946
21566,8476
21567,6688
21568,14402
21569,8788
21570,5235
21571,5216
21572,6993
21573,8178
21574,9559
21575,9390
21576,4225
21577,5773
21578,4489
21579,6742
21580,3251
21581,10007
21582,4666
21583,4023
21584,5110
21585,7626
21586,6927
21587,4614
21588,5977
21589,4451
21590,3403
21591,5674
21592,3609
21593,3745
21594,4846
21595,4930
21596,7408
21597,7239
21598,6354
21599,5497
21600,4845
21601,9857
21602,5575
21603,3978
21604,4458
21605,4121
21606,7274
21607,3814
21608,10086
21609,5926
21610,2818
21611,3716
21612,5719
21613,5085
21614,4246
21615,7292
21616,8286
21617,10622
21618,5091
21619,8748
21620,2482
21621,4580
21622,5599
21623,4534
21624,5673
21625,4353
21626,5165
21627,3324
21628,4557
21629,9389
21630,6562
21631,3572
21632,4396
21633,6988
21634,8828
21635,7563
21636,4541
21637,3815
21638,8031
21639,5325
21640,6190
21641,4611
21642,4415
21643,5509
21644,7702
21645,3370
21646,3586
21647,4519
21648,4809
21649,8079
21650,6126
21651,6000
21652,11320
21653,4147
21654,8508
21655,9145
21656,5611
21657,4245
21658,2685
21659,6696
21660,4692
21661,5208
21662,5075
21663,5723
21664,9877
21665,4368
21666,4507
21667,5861
21668,4930
21669,5978
21670,4162
21671,3615
21672,5767
21673,2775
21674,6683
21675,7120
21676,5264
21677,6361
21678,6890
21679,6834
21680,4236
21681,6305
21682,7324
21683,5955
21684,4614
21685,5087
21686,3997
21687,8233
21688,5902
21689,5455
21690,4155
21691,5528
21692,6773
21693,5568
21694,4854
21695,6686
21696,4665
21697,5923
21698,15177
21699,5083
21700,7337
21701,4862
21702,4875
21703,4484
21704,4048
21705,3429
21706,4192
21707,7465
21708,11379
21709,7367
21710,7966
21711,9224
21712,8867
21713,8497
21714,6686
21715,5621
21716,4629
21717,8744
21718,8687
21719,5755
21720,6777
21721,6459
21722,5017
21723,3376
21724,9199
21725,5431
21726,5115
21727,5221
21728,1935
21729,11238
21730,8768
21731,12800
21732,5206
21733,3861
21734,4057
21735,4857
21736,5590
21737,5738
21738,5685
21739,4710
21740,3783
21741,6221
21742,2897
21743,2591
21744,5514
21745,11436
21746,5626
21747,15648
21748,3787
21749,4975
21750,5050
21751,4588
21752,3993
21753,4066
21754,4331
21755,3089
21756,6466
21757,5701
21758,3042
21759,7076
21760,4015
21761,5255
21762,3870
21763,8089
21764,6032
21765,8703
21766,4072
21767,5558
21768,3743
21769,4033
21770,3923
21771,11687
21772,8570
21773,5551
21774,3947
21775,4099
21776,4851
21777,4145
21778,9502
21779,4000
21780,11675
21781,3747
21782,4296
21783,4682
21784,7727
21785,5762
21786,3750
21787,5344
21788,5946
21789,5822
21790,5615
21791,4948
21792,3099
21793,8736
21794,4371
21795,3164
21796,4902
21797,5166
21798,5212
21799,5652
21800,7273
21801,6933
21802,5871
21803,5856
21804,3407
21805,6927
21806,4381
21807,3763
21808,5616
21809,5867
21810,5125
21811,7801
21812,4834
21813,5037
21814,5307
21815,5493
21816,4904
21817,6060
21818,6021
21819,5862
21820,5045
21821,4340
21822,7696
21823,5182
21824,3412
21825,9437
21826,4465
21827,2817
21828,6148
21829,7612
21830,7885
21831,4549
21832,4723
21833,5222
21834,3217
21835,4988
21836,5634
21837,5863
21838,4684
21839,5855
21840,6647
21841,2770
21842,4339
21843,4850
21844,4441
21845,4090
21846,5579
21847,5884
21848,4889
21849,4226
21850,6668
21851,4950
21852,6760
21853,7249
21854,4064
21855,5477
21856,5719
21857,7011
21858,6439
21859,6284
21860,4013
21861,8245
21862,5597
21863,6036
21864,8276
21865,3911
21866,3280
21867,10727
21868,7164
21869,6451
21870,4583
21871,5727
21872,7122
21873,3228
21874,5388
21875,4244
21876,6476
21877,4925
21878,4451
21879,6627
21880,4381
21881,7291
21882,8667
21883,14060
21884,5917
21885,3848
21886,4299
21887,3251
21888,2551
21889,9628
21890,6304
21891,4363
21892,6930
21893,4828
21894,9721
21895,3689
21896,4964
21897,5011
21898,7379
21899,4180
21900,5437
21901,4491
21902,3829
21903,5937
21904,4235
21905,5766
21906,6431
21907,7910
21908,6203
21909,6221
21910,5081
21911,9587
21912,3782
21913,4446
21914,8550
21915,5895
21916,7333
21917,6782
21918,13798
21919,4184
21920,4247
21921,4142
21922,4690
21923,7116
21924,8155
21925,5376
21926,6581
21927,6159
21928,3352
21929,6207
21930,6436
21931,5283
21932,7027
21933,4501
21934,3849
21935,4067
21936,3034
21937,3775
21938,6664
21939,6531
21940,9752
21941,13102
21942,5463
21943,4262
21944,5336
21945,7132
21946,7800
21947,3323
21948,5060
21949,3561
21950,7555
21951,5336
21952,5015
21953,10221
21954,11115
21955,3918
21956,5975
21957,3368
21958,4480
21959,4850
21960,7351
21961,3902
21962,3420
21963,4544
21964,6459
21965,6325
21966,3959
21967,4866
21968,6542
21969,5133
21970,5334
21971,3168
21972,8908
21973,15599
21974,3586
21975,5715
21976,6749
21977,5632
21978,3495
21979,3438
21980,3197
21981,6254
21982,4049
21983,6619
21984,7741
21985,3683
21986,4244
21987,5209
21988,4600
21989,4003
21990,4384
21991,5208
21992,7772
21993,7033
21994,7255
21995,4813
21996,3560
21997,5538
21998,5040
21999,7592
22000,5224
22001,3732
22002,19545
22003,5108
22004,5031
22005,9434
22006,6097
22007,5347
22008,5181
22009,6302
22010,3936
22011,7507
22012,12070
22013,4560
22014,4233
22015,5529
22016,10078
22017,4927
22018,4147
22019,5169
22020,4026
22021,5369
22022,3540
22023,7275
22024,3410
22025,6061
22026,2281
22027,16094
22028,6857
22029,3155
22030,4152
22031,7591
22032,5066
22033,5439
22034,6343
22035,4785
22036,4200
22037,3856
22038,7801
22039,4866
22040,4840
22041,5733
22042,5986
22043,4349
22044,6459
22045,4821
22046,3338
22047,7292
22048,7383
22049,3807
22050,6177
22051,5450
22052,4098
22053,7589
22054,4864
22055,6517
22056,5415
22057,6392
22058,3543
22059,3848
22060,3911
22061,10106
22062,5422
22063,7154
22064,3357
22065,6696
22066,2955
22067,4856
22068,3659
22069,4988
22070,5081
22071,5628
22072,5533
22073,7127
22074,3717
22075,4926
22076,5642
22077,6561
22078,5559
22079,5899
22080,8011
22081,5913
22082,2569
22083,5977
22084,4396
22085,5250
22086,5767
22087,3502
22088,9553
22089,4226
22090,5437
22091,8102
22092,5836
22093,3085
22094,0
22095,5094
22096,8320
22097,4550
22098,6297
22099,8146
22100,5168
22101,4087
22102,5059
22103,4707
22104,4628
22105,4967
22106,8511
22107,5890
22108,4915
22109,3793
22110,5255
22111,5637
22112,4890
22113,5710
22114,5075
22115,5248
22116,4311
22117,6598
22118,6938
22119,5338
22120,5100
22121,5087
22122,5684
22123,7714
22124,4421
22125,6663
22126,4248
22127,5017
22128,6220
22129,5325
22130,3947
22131,3550
22132,6134
22133,7452
22134,4240
22135,4464
22136,6475
22137,4992
22138,4869
22139,4686
22140,3992
22141,2796
22142,6729
22143,3619
22144,6358
22145,5338
22146,5117
22147,4991
22148,9877
22149,7254
22150,6003
22151,3825
22152,7302
22153,6612
22154,3408
22155,2879
22156,6975
22157,2952
22158,5776
22159,10296
22160,6689
22161,5398
22162,3465
22163,6194
22164,5667
22165,4947
22166,6305
22167,6759
22168,6882
22169,4686
22170,6614
22171,3725
22172,5759
22173,4284
22174,4560
22175,5339
22176,4420
22177,4237
22178,6742
22179,3639
22180,8155
22181,5941
22182,3485
22183,3606
22184,7862
22185,6005
22186,5079
22187,5252
22188,5025
22189,4251
22190,5111
22191,5423
22192,5271
22193,4315
22194,4330
22195,6933
22196,5451
22197,5011
22198,2880
22199,8362
22200,5186
22201,4004
22202,6149
22203,9106
22204,6575
22205,6257
22206,7802
22207,5432
22208,4738
22209,4675
22210,6090
22211,6958
22212,9950
22213,3646
22214,5511
22215,3280
22216,3525
22217,8210
22218,12298
22219,5606
22220,4386
22221,4496
22222,5161
22223,4705
22224,7797
22225,6950
22226,4909
22227,3323
22228,6183
22229,4736
22230,8462
22231,7836
22232,3827
22233,5967
22234,3416
22235,5691
22236,6785
22237,5695
22238,6585
22239,5151
22240,6132
22241,3652
22242,5436
22243,5529
22244,7137
22245,5748
22246,6702
22247,4837
22248,3733
22249,7574
22250,3745
22251,9008
22252,5238
22253,3463
22254,5273
22255,5316
22256,5379
22257,6231
22258,7465
22259,4187
22260,10264
22261,3338
22262,3680
22263,5550
22264,6359
22265,8704
22266,6018
22267,5819
22268,4449
22269,5212
22270,5910
22271,4324
22272,5259
22273,4198
22274,8223
22275,5701
22276,6652
22277,10159
22278,7664
22279,3836
22280,4149
22281,4465
22282,9630
22283,4734
22284,7438
22285,3722
22286,8366
22287,5498
22288,4247
22289,4158
22290,3720
22291,4449
22292,4476
22293,4966
22294,3964
22295,4003
22296,3640
22297,6978
22298,5981
22299,18272
22300,5222
22301,3783
22302,4087
22303,6072
22304,8544
22305,4498
22306,4353
22307,8683
22308,5182
22309,6608
22310,5363
22311,6535
22312,6270
22313,3971
22314,5018
22315,6331
22316,7258
22317,5528
22318,7222
22319,6183
22320,7279
22321,4592
22322,4427
22323,4917
22324,8924
22325,9404
22326,6310
22327,8100
22328,4376
22329,6932
22330,3266
22331,5387
22332,3569
22333,7283
22334,7389
22335,9424
22336,8838
22337,6370
22338,4940
22339,3991
22340,3848
22341,5683
22342,8857
22343,5676
22344,4810
22345,4749
22346,4505
22347,6596
22348,3209
22349,7001
22350,3788
22351,6879
22352,5949
22353,4760
22354,7506
22355,4659
22356,7381
22357,7953
22358,5984
22359,5170
22360,7791
22361,4098
22362,5971
22363,6486
22364,10086
22365,5013
22366,5866
22367,6750
22368,7049
22369,8024
22370,5657
22371,7960
22372,3639
22373,4051
22374,5262
22375,6138
22376,8773
22377,6745
22378,3604
22379,4728
22380,7268
22381,6930
22382,8312
22383,3652
22384,11510
22385,6355
22386,4098
22387,5320
22388,5811
22389,5664
22390,7529
22391,3690
22392,5444
22393,6042
22394,6482
22395,6172
22396,4462
22397,6396
22398,5098
22399,4864
22400,7892
22401,6829
22402,5613
22403,4765
22404,9507
22405,4687
22406,8525
22407,6876
22408,12245
22409,6004
22410,4108
22411,6114
22412,5711
22413,5637
22414,4874
22415,7776
22416,6664
22417,3496
22418,6781
22419,5166
22420,6198
22421,4337
22422,7323
22423,7330
22424,5153
22425,10839
22426,4792
22427,4309
22428,6837
22429,8278
22430,4462
22431,4031
22432,6460
22433,5565
22434,4618
22435,5496
22436,4620
22437,7990
22438,7200
22439,6264
22440,6370
22441,4592
22442,4385
22443,5380
22444,7309
22445,6474
22446,7656
22447,7327
22448,8315
22449,5003
22450,7806
22451,6849
22452,4779
22453,5506
22454,8032
22455,6246
22456,5868
22457,8736
22458,7602
22459,6773
22460,4969
22461,6821
22462,6587
22463,6301
22464,5839
22465,3653
22466,4935
22467,8263
22468,6746
22469,5432
22470,3821
22471,7248
22472,6181
22473,7021
22474,6063
22475,5353
22476,4599
22477,3411
22478,9473
22479,6011
22480,6338
22481,5350
22482,4920
22483,4939
22484,5830
22485,6595
22486,3451
22487,6032
22488,4236
22489,7769
22490,7149
22491,6045
22492,11132
22493,3908
22494,4734
22495,9271
22496,4841
22497,6281
22498,2319
22499,7595
22500,7459
22501,5323
22502,5842
22503,6043
22504,5579
22505,5420
22506,6892
22507,9094
22508,2691
22509,6261
22510,2649
22511,11816
22512,4102
22513,7590
22514,8843
22515,5373
22516,5762
22517,4631
22518,4388
22519,3000
22520,4028
22521,5776
22522,4536
22523,6800
22524,6513
22525,4981
22526,5793
22527,5971
22528,7778
22529,8297
22530,7246
22531,4425
22532,4055
22533,8544
22534,9100
22535,4712
22536,7006
22537,4632
22538,6503
22539,4694
22540,4592
22541,6170
22542,3577
22543,5476
22544,4510
22545,8024
22546,6616
22547,7057
22548,6911
22549,5035
22550,7320
22551,16577
22552,8668
22553,4318
22554,2691
22555,5711
22556,7153
22557,4598
22558,5962
22559,12413
22560,5850
22561,9703
22562,19493
22563,3880
22564,5469
22565,4599
22566,3713
22567,7490
22568,4317
22569,6996
22570,8775
22571,6872
22572,5250
22573,6496
22574,4600
22575,5919
22576,3642
22577,5832
22578,6497
22579,8325
22580,5864
22581,5711
22582,3975
22583,6638
22584,4448
22585,4757
22586,3556
22587,7467
22588,5141
22589,5278
22590,6424
22591,7096
22592,4008
22593,5256
22594,5168
22595,4877
22596,5842
22597,6051
22598,8419
22599,7595
22600,6732
22601,5248
22602,3268
22603,5427
22604,5839
22605,5370
22606,4300
22607,2467
22608,7535
22609,5791
22610,9139
22611,5729
22612,4852
22613,6642
22614,4493
22615,4207
22616,8558
22617,5287
22618,7288
22619,7683
22620,12419
22621,5834
22622,4471
22623,6900
22624,4266
22625,5088
22626,5123
22627,7064
22628,4207
22629,6780
22630,3693
22631,4846
22632,3513
22633,8889
22634,4888
22635,12484
22636,10885
22637,4949
22638,5680
22639,4882
22640,5867
22641,5068
22642,10462
22643,7099
22644,7538
22645,3964
22646,7173
22647,5006
22648,8659
22649,8149
22650,6121
22651,5563
22652,6217
22653,6402
22654,7530
22655,8182
22656,5942
22657,6900
22658,8767
22659,6257
22660,6477
22661,5756
22662,7552
22663,6396
22664,5014
22665,4485
22666,5963
22667,4560
22668,8028
22669,5839
22670,7089
22671,5433
22672,8323
22673,4381
22674,6638
22675,8561
22676,7048
22677,7525
22678,6034
22679,3667
22680,11696
22681,8285
22682,7594
22683,14783
22684,8259
22685,6144
22686,6045
22687,7580
22688,9036
22689,9684
22690,10497
22691,5271
22692,6422
22693,5324
22694,7964
22695,3938
22696,9295
22697,5416
22698,4763
22699,5639
22700,7650
22701,6837
22702,5116
22703,7079
22704,4539
22705,3841
22706,6522
22707,4142
22708,4150
22709,4955
22710,5613
22711,8580
22712,8582
22713,6304
22714,6091
22715,5491
22716,9774
22717,5893
22718,5315
22719,4900
22720,4565
22721,8872
22722,4072
22723,11690
22724,6586
22725,3108
22726,4178
22727,5889
22728,5610
22729,5085
22730,8293
22731,8966
22732,10669
22733,5502
22734,10623
22735,2819
22736,5225
22737,6291
22738,5060
22739,6433
22740,5061
22741,6269
22742,3697
22743,5194
22744,11398
22745,8348
22746,4322
22747,4753
22748,8335
22749,8517
22750,6951
22751,5078
22752,4145
22753,8729
22754,5647
22755,7218
22756,5013
22757,5222
22758,6339
22759,7306
22760,3649
22761,4160
22762,4468
22763,5046
22764,9096
22765,7043
22766,7349
22767,11824
22768,5016
22769,10053
22770,10435
22771,6515
22772,4737
22773,3062
22774,7262
22775,5657
22776,5696
22777,5635
22778,6304
22779,10366
22780,4361
22781,5010
22782,7064
22783,4181
22784,7663
22785,5074
22786,4020
22787,6577
22788,3112
22789,6297
22790,7718
22791,6086
22792,7023
22793,7785
22794,7256
22795,4714
22796,6999
22797,8427
22798,6430
22799,5158
22800,5933
22801,4415
22802,8670
22803,6602
22804,5784
22805,4398
22806,6114
22807,7713
22808,6664
22809,5287
22810,7923
22811,5118
22812,6740
22813,15200
22814,5451
22815,8754
22816,5076
22817,5293
22818,5461
22819,4697
22820,3837
22821,4775
22822,8512
22823,12142
22824,8001
22825,8958
22826,8682
22827,10296
22828,9590
22829,7595
22830,5792
22831,4815
22832,9723
22833,9796
22834,6873
22835,7453
22836,7923
22837,5448
22838,3365
22839,10054
22840,5755
22841,5725
22842,5750
22843,1932
22844,11167
22845,9256
22846,12744
22847,5659
22848,4351
22849,4927
22850,5430
22851,5827
22852,5803
22853,6655
22854,4763
22855,4180
22856,6262
22857,3298
22858,2748
22859,5334
22860,12544
22861,6441
22862,16919
22863,4077
22864,5713
22865,5865
22866,5380
22867,4352
22868,4999
22869,4432
22870,3583
22871,7833
22872,6204
22873,3438
22874,8008
22875,4281
22876,5563
22877,4181
22878,9131
22879,6660
22880,8626
22881,4320
22882,5971
22883,4365
22884,4372
22885,4233
22886,12754
22887,10003
22888,6152
22889,4168
22890,4867
22891,5822
22892,3987
22893,8083
22894,4097
22895,12927
22896,4105
22897,4685
22898,4943
22899,9224
22900,6929
22901,4445
22902,5530
22903,5951
22904,6671
22905,6383
22906,5221
22907,3435
22908,8549
22909,4765
22910,3780
22911,5310
22912,6100
22913,5393
22914,5908
22915,7656
22916,7889
22917,6534
22918,6644
22919,3631
22920,7960
22921,5149
22922,4231
22923,6904
22924,6562
22925,5739
22926,8563
22927,5376
22928,5487
22929,5971
22930,5456
22931,5176
22932,6536
22933,7405
22934,6212
22935,5603
22936,4844
22937,8464
22938,6064
22939,4217
22940,10510
22941,4715
22942,2853
22943,6816
22944,8977
22945,8128
22946,4735
22947,5338
22948,6066
22949,3625
22950,5547
22951,6673
22952,6313
22953,5354
22954,5883
22955,7575
22956,2844
22957,4986
22958,5215
22959,4482
22960,4517
22961,6206
22962,6668
22963,5552
22964,4964
22965,6955
22966,5760
22967,7407
22968,8207
22969,4836
22970,5935
22971,6130
22972,7350
22973,6911
22974,8256
22975,3070
22976,8759
22977,6122
22978,6535
22979,9606
22980,4511
22981,3457
22982,11078
22983,7431
22984,7497
22985,5169
22986,5583
22987,8006
22988,3625
22989,5913
22990,4781
22991,7414
22992,5352
22993,4849
22994,7335
22995,4827
22996,7903
22997,9611
22998,15392
22999,6367
23000,4122
23001,4784
23002,3789
23003,2939
23004,10485
23005,7112
23006,5241
23007,8477
23008,5660
23009,9034
23010,4265
23011,5282
23012,5623
23013,8049
23014,4866
23015,6085
23016,5361
23017,4176
23018,6345
23019,4834
23020,6235
23021,7408
23022,8326
23023,6787
23024,6817
23025,5624
23026,10221
23027,4162
23028,5282
23029,9963
23030,6530
23031,7932
23032,7195
23033,15304
23034,4916
23035,4636
23036,4342
23037,5433
23038,8126
23039,9445
23040,6281
23041,6799
23042,7213
23043,3770
23044,6796
23045,6621
23046,5899
23047,7739
23048,5273
23049,4377
23050,4711
23051,3312
23052,4308
23053,7247
23054,6462
23055,10893
23056,14989
23057,5971
23058,4372
23059,6549
23060,7679
23061,8173
23062,3743
23063,5598
23064,4043
23065,7822
23066,6221
23067,5881
23068,10770
23069,12304
23070,4326
23071,6394
23072,3563
23073,4845
23074,4920
23075,8064
23076,4380
23077,4238
23078,4714
23079,6876
23080,5707
23081,4101
23082,5285
23083,7359
23084,6334
23085,6140
23086,2904
23087,10389
23088,16631
23089,3844
23090,6843
23091,7663
23092,6066
23093,4078
23094,3528
23095,3655
23096,6747
23097,4605
23098,6849
23099,8788
23100,4157
23101,4752
23102,6013
23103,4983
23104,4699
23105,4738
23106,5593
23107,8867
23108,7176
23109,8259
23110,5399
23111,3628
23112,5712
23113,5168
23114,8255
23115,5707
23116,4380
23117,18959
23118,5427
23119,5344
23120,10428
23121,6378
23122,6008
23123,5641
23124,6299
23125,4230
23126,8480
23127,13349
23128,5017
23129,4489
23130,5930
23131,10695
23132,5823
23133,4677
23134,5482
23135,5029
23136,5463
23137,4219
23138,7960
23139,3529
23140,6114
23141,2828
23142,19863
23143,7594
23144,3708
23145,5263
23146,8713
23147,5690
23148,5857
23149,7196
23150,5424
23151,4951
23152,3743
23153,8391
23154,5452
23155,5377
23156,6030
23157,6811
23158,4524
23159,7318
23160,5884
23161,3562
23162,7392
23163,9458
23164,4057
23165,7134
23166,6242
23167,4767
23168,8644
23169,4869
23170,6372
23171,6270
23172,7261
23173,3634
23174,4635
23175,4540
23176,8554
23177,5729
23178,8087
23179,3797
23180,7256
23181,3508
23182,5787
23183,4489
23184,5528
23185,5392
23186,6359
23187,6319
23188,8479
23189,4343
23190,5722
23191,6573
23192,7411
23193,5640
23194,7818
23195,8744
23196,6157
23197,2991
23198,6226
23199,4674
23200,5731
23201,5937
23202,3694
23203,11089
23204,4756
23205,6033
23206,8923
23207,6534
23208,3477
23209,0
23210,5688
23211,8958
23212,4964
23213,6841
23214,7879
23215,6416
23216,4892
23217,6416
23218,5179
23219,4999
23220,5549
23221,8333
23222,7021
23223,5108
23224,4134
23225,6217
23226,6709
23227,5545
23228,6671
23229,5285
23230,5959
23231,4118
23232,7291
23233,7128
23234,6530
23235,5405
23236,5721
23237,6419
23238,8297
23239,5404
23240,7427
23241,4280
23242,5532
23243,6956
23244,5765
23245,4141
23246,3984
23247,6536
23248,8097
23249,4643
23250,5133
23251,7195
23252,5924
23253,5069
23254,5423
23255,4669
23256,2846
23257,7368
23258,3770
23259,6746
23260,5934
23261,6104
23262,5853
23263,9137
23264,7548
23265,6432
23266,4597
23267,7495
23268,6936
23269,3449
23270,2631
23271,7328
23272,3380
23273,6427
23274,10652
23275,7153
23276,6242
23277,3572
23278,6891
23279,6146
23280,5693
23281,7042
23282,7626
23283,7353
23284,5084
23285,7520
23286,4148
23287,6311
23288,4259
23289,4978
23290,6475
23291,5493
23292,4948
23293,7136
23294,4359
23295,9227
23296,6045
23297,4138
23298,4074
23299,8813
23300,6470
23301,4963
23302,5690
23303,6247
23304,4854
23305,5660
23306,5914
23307,6410
23308,4708
23309,4444
23310,8154
23311,6089
23312,5641
23313,3168
23314,9990
23315,5809
23316,4638
23317,6044
23318,10175
23319,7209
23320,7047
23321,8574
23322,6197
23323,5298
23324,5469
23325,6687
23326,8610
23327,10846
23328,4437
23329,5128
23330,3384
23331,4104
23332,9033
23333,13044
23334,5671
23335,4354
23336,5203
23337,5579
23338,5493
23339,8728
23340,7841
23341,5327
23342,3666
23343,7632
23344,5056
23345,8555
23346,8751
23347,4710
23348,6433
23349,3547
23350,6456
23351,6899
23352,6486
23353,6896
23354,5511
23355,6686
23356,4324
23357,5949
23358,6929
23359,7664
23360,6702
23361,7534
23362,5158
23363,4143
23364,8926
23365,4121
23366,10136
23367,6054
23368,4163
23369,5348
23370,5668
23371,5413
23372,6924
23373,8116
23374,4907
23375,10958
23376,3720
23377,4293
23378,5971
23379,6937
23380,9558
23381,5996
23382,5494
23383,5188
23384,5425
23385,6607
23386,4335
23387,5960
23388,4666
23389,9613
23390,5674
23391,7470
23392,11045
23393,8669
23394,4430
23395,4326
23396,5386
23397,10078
23398,5048
23399,7451
23400,4159
23401,8807
23402,5692
23403,4791
23404,4679
23405,4376
23406,4648
23407,5107
23408,5028
23409,4221
23410,4233
23411,4125
23412,7465
23413,5911
23414,20282
23415,5991
23416,4488
23417,2960
23418,4421
23419,10090
23420,2284
23421,3042
23422,6682
23423,3621
23424,6901
23425,5111
23426,5752
23427,6396
23428,4456
23429,3530
23430,6004
23431,5617
23432,2932
23433,5257
23434,4425
23435,6112
23436,5358
23437,3488
23438,4645
23439,7877
23440,8418
23441,6148
23442,7730
23443,2256
23444,7838
23445,3685
23446,5664
23447,2634
23448,8227
23449,7891
23450,8983
23451,9601
23452,7710
23453,6362
23454,3087
23455,4801
23456,6080
23457,8395
23458,4424
23459,3819
23460,5870
23461,5146
23462,6043
23463,2571
23464,7920
23465,4494
23466,8125
23467,6775
23468,3725
23469,9704
23470,3374
23471,9114
23472,6632
23473,6808
23474,2649
23475,5930
23476,4897
23477,3885
23478,7911
23479,10832
23480,3101
23481,6345
23482,5785
23483,9117
23484,7646
23485,5928
23486,7033
23487,2493
23488,2581
23489,4930
23490,6499
23491,8788
23492,8049
23493,2627
23494,4293
23495,8972
23496,9009
23497,5756
23498,3124
23499,11298
23500,5719
23501,3699
23502,3891
23503,2402
23504,4747
23505,7570
23506,3836
23507,5938
23508,3199
23509,5973
23510,4217
23511,1976
23512,4755
23513,5414
23514,6016
23515,9048
23516,7344
23517,5679
23518,4143
23519,11796
23520,3562
23521,6464
23522,7787
23523,13575
23524,5454
23525,3293
23526,6856
23527,6178
23528,6828
23529,5459
23530,10438
23531,6170
23532,2282
23533,7970
23534,4816
23535,6141
23536,2512
23537,8088
23538,3950
23539,2865
23540,8803
23541,4543
23542,5314
23543,8061
23544,7926
23545,4446
23546,4476
23547,7640
23548,3587
23549,3255
23550,6872
23551,5123
23552,6869
23553,3545
23554,4683
23555,6508
23556,4580
23557,3214
23558,5520
23559,6259
23560,6282
23561,7513
23562,7919
23563,7952
23564,4238
23565,8015
23566,5941
23567,3205
23568,3825
23569,8443
23570,7581
23571,3118
23572,7533
23573,9686
23574,7104
23575,5054
23576,7214
23577,7788
23578,5880
23579,4590
23580,3170
23581,5585
23582,5665
23583,4915
23584,5477
23585,3414
23586,5914
23587,7254
23588,6405
23589,6808
23590,6434
23591,2941
23592,1656
23593,7478
23594,6524
23595,7447
23596,3708
23597,5764
23598,3802
23599,5597
23600,6059
23601,4017
23602,4323
23603,4994
23604,7346
23605,6810
23606,7528
23607,14733
23608,4228
23609,4944
23610,10561
23611,3876
23612,5780
23613,885
23614,8220
23615,7030
23616,5573
23617,6848
23618,6127
23619,4790
23620,5522
23621,5132
23622,8486
23623,3295
23624,5831
23625,2872
23626,9487
23627,3469
23628,7936
23629,10244
23630,6530
23631,6265
23632,4594
23633,2294
23634,1904
23635,3711
23636,5869
23637,3290
23638,5925
23639,7556
23640,4194
23641,5532
23642,4776
23643,8363
23644,8137
23645,7636
23646,5177
23647,3525
23648,8560
23649,9756
23650,3779
23651,4620
23652,4002
23653,5491
23654,5500
23655,4253
23656,6597
23657,3130
23658,5379
23659,4873
23660,8775
23661,6020
23662,7480
23663,6866
23664,4890
23665,8554
23666,17572
23667,8760
23668,3729
23669,3615
23670,6463
23671,7762
23672,3058
23673,5030
23674,9618
23675,6515
23676,7389
23677,17382
23678,5562
23679,5659
23680,2976
23681,2426
23682,10827
23683,3567
23684,6437
23685,9342
23686,3026
23687,3576
23688,6429
23689,3872
23690,6932
23691,2158
23692,5284
23693,5436
23694,10920
23695,6116
23696,6167
23697,3148
23698,7791
23699,5813
23700,6871
23701,1746
23702,9468
23703,5229
23704,6161
23705,4357
23706,4866
23707,0
23708,4916
23709,3637
23710,5593
23711,4797
23712,5112
23713,8681
23714,9241
23715,8005
23716,4348
23717,4465
23718,4682
23719,5027
23720,6821
23721,3048
23722,1452
23723,7270
23724,5673
23725,8421
23726,5606
23727,4583
23728,4916
23729,3356
23730,2700
23731,8861
23732,6306
23733,5453
23734,5804
23735,11909
23736,6684
23737,2046
23738,7589
23739,2103
23740,4307
23741,6064
23742,6691
23743,2559
23744,4275
23745,4516
23746,3761
23747,1674
23748,8810
23749,4636
23750,9452
23751,10713
23752,6020
23753,5861
23754,4248
23755,5382
23756,5021
23757,11790
23758,6720
23759,7238
23760,3159
23761,5907
23762,5686
23763,8675
23764,9050
23765,7105
23766,5629
23767,6905
23768,5252
23769,8622
23770,6548
23771,6961
23772,6520
23773,9426
23774,7173
23775,5027
23776,6167
23777,8329
23778,6425
23779,3399
23780,5663
23781,3432
23782,5099
23783,9072
23784,7251
23785,7455
23786,6308
23787,8259
23788,4845
23789,4444
23790,4629
23791,6384
23792,6716
23793,6645
23794,3243
23795,13047
23796,5352
23797,6107
23798,16387
23799,5854
23800,7693
23801,6390
23802,7103
23803,8533
23804,8066
23805,10653
23806,2846
23807,4697
23808,5645
23809,8835
23810,2634
23811,5849
23812,4782
23813,5339
23814,5590
23815,6190
23816,3472
23817,6227
23818,5167
23819,3128
23820,3168
23821,7626
23822,4443
23823,5020
23824,5834
23825,5534
23826,9733
23827,12397
23828,5259
23829,7710
23830,6164
23831,10653
23832,5130
23833,2892
23834,4108
23835,5318
23836,12697
23837,4213
23838,9396
23839,7452
23840,2158
23841,3941
23842,6266
23843,6196
23844,5335
23845,9266
23846,9022
23847,7992
23848,4181
23849,12346
23850,2203
23851,3997
23852,9371
23853,4427
23854,5945
23855,3698
23856,7065
23857,5001
23858,4099
23859,14814
23860,10936
23861,2454
23862,5175
23863,5582
23864,7719
23865,9820
23866,5280
23867,2853
23868,9012
23869,2181
23870,10126
23871,4864
23872,5682
23873,9607
23874,5835
23875,1661
23876,4971
23877,2566
23878,3907
23879,12196
23880,8152
23881,4426
23882,12913
23883,7467
23884,11294
23885,12295
23886,7264
23887,4526
23888,2167
23889,5115
23890,6727
23891,2900
23892,6034
23893,4652
23894,7835
23895,2623
23896,5633
23897,9362
23898,1787
23899,9677
23900,5956
23901,2703
23902,7344
23903,3573
23904,3325
23905,9765
23906,7495
23907,7500
23908,8338
23909,5779
23910,5062
23911,7278
23912,7391
23913,7962
23914,5734
23915,6975
23916,3869
23917,9091
23918,6671
23919,6053
23920,3994
23921,4929
23922,8317
23923,6206
23924,4171
23925,5383
23926,5575
23927,5107
23928,16710
23929,5289
23930,9910
23931,4885
23932,3923
23933,6597
23934,5648
23935,3422
23936,4986
23937,9264
23938,14745
23939,7617
23940,10439
23941,7625
23942,10809
23943,8707
23944,7442
23945,6409
23946,4555
23947,10490
23948,7990
23949,7488
23950,5467
23951,5434
23952,5203
23953,2451
23954,12407
23955,6807
23956,5949
23957,5143
23958,1541
23959,9451
23960,8239
23961,12410
23962,5950
23963,4357
23964,3932
23965,6742
23966,5195
23967,4257
23968,10646
23969,4493
23970,4526
23971,5639
23972,3672
23973,2701
23974,2479
23975,15420
23976,5068
23977,13384
23978,4454
23979,5938
23980,5332
23981,4329
23982,3180
23983,6256
23984,3258
23985,2805
23986,10393
23987,6135
23988,2899
23989,8786
23990,2624
23991,6303
23992,3782
23993,10298
23994,7553
23995,8726
23996,2462
23997,5305
23998,2789
23999,4934
24000,3750
24001,16580
24002,12200
24003,5152
24004,3080
24005,5993
24006,4420
24007,2668
24008,7750
24009,2566
24010,14271
24011,4377
24012,4990
24013,5702
24014,12101
24015,7231
24016,5050
24017,5224
24018,6169
24019,6911
24020,6987
24021,4212
24022,1329
24023,4927
24024,3065
24025,2937
24026,5852
24027,7216
24028,6099
24029,5712
24030,8442
24031,5896
24032,3475
24033,7782
24034,2271
24035,9875
24036,5188
24037,2952
24038,4723
24039,4288
24040,4893
24041,7984
24042,7237
24043,3954
24044,6032
24045,2575
24046,4931
24047,8410
24048,9136
24049,3781
24050,2293
24051,5187
24052,7607
24053,6506
24054,2641
24055,11034
24056,3763
24057,3199
24058,5985
24059,10353
24060,9682
24061,4464
24062,4738
24063,6337
24064,1575
24065,6754
24066,7249
24067,5148
24068,4448
24069,3180
24070,8448
24071,3066
24072,4775
24073,3945
24074,3577
24075,2919
24076,7744
24077,7004
24078,5653
24079,3902
24080,5229
24081,7867
24082,8047
24083,7985
24084,4837
24085,5549
24086,5891
24087,8646
24088,7348
24089,5468
24090,2035
24091,6382
24092,6544
24093,6330
24094,8284
24095,5875
24096,2857
24097,7974
24098,5649
24099,10541
24100,2957
24101,2777
24102,9061
24103,1633
24104,5472
24105,4550
24106,7916
24107,3881
24108,4470
24109,9380
24110,2788
24111,6760
24112,9808
24113,15750
24114,6881
24115,2631
24116,5540
24117,3733
24118,2281
24119,8059
24120,4961
24121,6236
24122,5311
24123,5674
24124,5236
24125,4731
24126,5154
24127,4826
24128,9378
24129,5515
24130,2582
24131,6315
24132,3996
24133,5707
24134,5821
24135,6100
24136,7928
24137,8710
24138,8424
24139,5895
24140,5337
24141,6476
24142,2987
24143,5873
24144,8968
24145,7177
24146,7271
24147,7054
24148,14168
24149,3285
24150,3706
24151,4921
24152,4322
24153,8655
24154,10423
24155,8072
24156,7674
24157,7570
24158,2111
24159,7982
24160,3471
24161,6820
24162,6618
24163,5352
24164,2149
24165,5237
24166,3706
24167,3176
24168,7205
24169,4937
24170,9464
24171,17745
24172,5741
24173,3231
24174,4977
24175,8861
24176,6917
24177,4505
24178,5879
24179,2078
24180,6337
24181,7144
24182,3514
24183,10911
24184,11589
24185,3288
24186,5717
24187,4105
24188,3923
24189,4203
24190,9124
24191,3950
24192,4403
24193,4800
24194,3012
24195,2859
24196,2661
24197,5734
24198,6307
24199,4931
24200,7672
24201,1211
24202,8053
24203,16196
24204,3169
24205,8378
24206,7286
24207,4786
24208,4190
24209,2635
24210,4029
24211,4901
24212,5222
24213,3207
24214,9307
24215,4485
24216,4163
24217,6565
24218,5064
24219,6103
24220,4734
24221,6003
24222,10667
24223,5087
24224,7404
24225,6046
24226,3662
24227,3309
24228,4701
24229,6158
24230,6405
24231,3661
24232,13186
24233,5271
24234,4983
24235,12014
24236,5049
24237,7356
24238,4641
24239,5649
24240,5145
24241,6785
24242,16620
24243,3160
24244,5695
24245,3733
24246,9472
24247,7108
24248,5023
24249,3821
24250,4209
24251,2639
24252,2214
24253,7247
24254,2301
24255,4004
24256,1335
24257,21627
24258,9108
24259,2112
24260,5403
24261,6381
24262,6780
24263,5509
24264,8295
24265,5683
24266,5901
24267,2832
24268,7917
24269,6564
24270,4122
24271,6525
24272,9560
24273,4393
24274,8376
24275,6757
24276,3087
24277,5938
24278,7158
24279,2800
24280,8827
24281,6956
24282,4926
24283,10242
24284,3771
24285,5183
24286,8819
24287,6645
24288,2353
24289,4984
24290,3795
24291,3609
24292,5437
24293,6333
24294,3683
24295,6238
24296,2401
24297,5728
24298,2898
24299,5821
24300,5640
24301,4997
24302,5925
24303,9242
24304,2846
24305,5890
24306,7314
24307,3404
24308,5774
24309,6283
24310,9330
24311,6988
24312,3936
24313,2233
24314,2196
24315,5633
24316,5118
24317,4248
24318,12247
24319,5613
24320,6024
24321,8759
24322,6850
24323,2243
24324,0
24325,4794
24326,8274
24327,6428
24328,7728
24329,6434
24330,8862
24331,5343
24332,4123
24333,2976
24334,3485
24335,6250
24336,4640
24337,7902
24338,5316
24339,2857
24340,7644
24341,7117
24342,4825
24343,7316
24344,4639
24345,7126
24346,3742
24347,5120
24348,4081
24349,4972
24350,3687
24351,6367
24352,7774
24353,8440
24354,6099
24355,6080
24356,4159
24357,6301
24358,7054
24359,7150
24360,2969
24361,2959
24362,8856
24363,6251
24364,3296
24365,4121
24366,7834
24367,6760
24368,2612
24369,6305
24370,4923
24371,1770
24372,5337
24373,2944
24374,4351
24375,6629
24376,5901
24377,5315
24378,4457
24379,8798
24380,6555
24381,3710
24382,5742
24383,5388
24384,3232
24385,1163
24386,7556
24387,1701
24388,6000
24389,9736
24390,5850
24391,4595
24392,3141
24393,5775
24394,5583
24395,5029
24396,6174
24397,6489
24398,8154
24399,6330
24400,8988
24401,3802
24402,3968
24403,4373
24404,3700
24405,5785
24406,6534
24407,3440
24408,5757
24409,2616
24410,8363
24411,4648
24412,4402
24413,3942
24414,5817
24415,7742
24416,3535
24417,6870
24418,4588
24419,5571
24420,5479
24421,6508
24422,7945
24423,4914
24424,3684
24425,10052
24426,6803
24427,6811
24428,2011
24429,4798
24430,5287
24431,4034
24432,5025
24433,11176
24434,8320
24435,9785
24436,10292
24437,6468
24438,5790
24439,6306
24440,6272
24441,7536
24442,11303
24443,3371
24444,1869
24445,1666
24446,4056
24447,5435
24448,10828
24449,2558
24450,1976
24451,5337
24452,5775
24453,5995
24454,10998
24455,7029
24456,6402
24457,2719
24458,8411
24459,6319
24460,7191
24461,7431
24462,3482
24463,6559
24464,3292
24465,7011
24466,5899
24467,5392
24468,6186
24469,4091
24470,6568
24471,5375
24472,7195
24473,4927
24474,8719
24475,5534
24476,8943
24477,5223
24478,3879
24479,8408
24480,2882
24481,10521
24482,5982
24483,4918
24484,3413
24485,7185
24486,4771
24487,4503
24488,6810
24489,4694
24490,13254
24491,3134
24492,2979
24493,5940
24494,6388
24495,10652
24496,2744
24497,5042
24498,6234
24499,5868
24500,5112
24501,3574
24502,6307
24503,3300
24504,10606
24505,2955
24506,7239
24507,13547
24508,7905
24509,6143
24510,3293
24511,5132
24512,7945
24513,2835
24514,7729
24515,3036
24516,8686
24517,6674
24518,5873
24519,5922
24520,4780
24521,3007
24522,5584
24523,2404
24524,3698
24525,3326
24526,2907
24527,7593
24528,5992
24529,22435
24530,7744
24531,0
24532,0
24533,0
24534,0
24535,0
24536,0
24537,0
24538,0
24539,0
24540,0
24541,0
24542,0
24543,0
24544,0
24545,0
24546,0
24547,0
24548,0
24549,0
24550,0
24551,0
24552,0
24553,0
24554,0
24555,0
24556,0
24557,0
24558,0
24559,0
24560,0
24561,0
24562,0
24563,0
24564,0
24565,0
24566,0
24567,0
24568,0
24569,0
24570,0
24571,0
24572,0
24573,0
24574,0
24575,0
24576,0
24577,0
24578,0
24579,0
24580,0
24581,0
24582,0
24583,0
24584,0
24585,0
24586,0
24587,0
24588,0
24589,0
24590,0
24591,0
24592,0
24593,0
24594,0
24595,0
24596,0
24597,0
24598,0
24599,0
24600,0
24601,0
24602,0
24603,0
24604,0
24605,0
24606,0
24607,0
24608,0
24609,0
24610,0
24611,0
24612,0
24613,0
24614,0
24615,12399
24616,0
24617,0
24618,0
24619,0
24620,0
24621,0
24622,0
24623,0
24624,0
24625,0
24626,0
24627,0
24628,0
24629,0
24630,0
24631,0
24632,0
24633,0
24634,0
24635,0
24636,0
24637,0
24638,0
24639,0
24640,0
24641,0
24642,0
24643,0
24644,0
24645,0
24646,0
24647,0
24648,0
24649,0
24650,0
24651,0
24652,3843
24653,0
24654,0
24655,0
24656,0
24657,0
24658,0
24659,0
24660,0
24661,0
24662,0
24663,0
24664,0
24665,0
24666,0
24667,0
24668,0
24669,0
24670,0
24671,0
24672,0
24673,0
24674,0
24675,0
24676,0
24677,0
24678,0
24679,0
24680,0
24681,0
24682,0
24683,0
24684,0
24685,0
24686,0
24687,0
24688,0
24689,0
24690,0
24691,0
24692,0
24693,0
24694,0
24695,0
24696,0
24697,0
24698,0
24699,0
24700,0
24701,0
24702,0
24703,0
24704,0
24705,0
24706,0
24707,0
24708,0
24709,0
24710,0
24711,0
24712,0
24713,0
24714,0
24715,0
24716,0
24717,0
24718,0
24719,0
24720,0
24721,0
24722,0
24723,0
24724,0
24725,0
24726,0
24727,0
24728,0
24729,0
24730,0
24731,0
24732,0
24733,0
24734,0
24735,0
24736,0
24737,0
24738,0
24739,2974
24740,0
24741,0
24742,0
24743,0
24744,0
24745,0
24746,0
24747,0
24748,0
24749,0
24750,0
24751,0
24752,0
24753,0
24754,0
24755,0
24756,0
24757,0
24758,0
24759,0
24760,0
24761,0
24762,0
24763,0
24764,0
24765,0
24766,0
24767,0
24768,0
24769,0
24770,0
24771,0
24772,0
24773,0
24774,0
24775,0
24776,0
24777,0
24778,0
24779,0
24780,0
24781,0
24782,0
24783,0
24784,0
24785,0
24786,0
24787,0
24788,0
24789,17127
24790,0
24791,0
24792,29756
24793,0
24794,0
24795,0
24796,0
24797,0
24798,0
24799,0
24800,0
24801,0
24802,0
24803,0
24804,7577
24805,0
24806,0
24807,0
24808,0
24809,0
24810,0
24811,0
24812,0
24813,0
24814,0
24815,0
24816,0
24817,0
24818,0
24819,0
24820,0
24821,0
24822,0
24823,0
24824,0
24825,0
24826,0
24827,0
24828,0
24829,5088
24830,0
24831,0
24832,0
24833,0
24834,0
24835,0
24836,0
24837,0
24838,0
24839,0
24840,3144
24841,0
24842,0
24843,0
24844,0
24845,0
24846,0
24847,0
24848,0
24849,0
24850,0
24851,0
24852,0
24853,0
24854,0
24855,0
24856,0
24857,0
24858,0
24859,0
24860,0
24861,0
24862,0
24863,0
24864,0
24865,8824
24866,0
24867,0
24868,0
24869,0
24870,0
24871,0
24872,0
24873,0
24874,0
24875,0
24876,0
24877,0
24878,0
24879,0
24880,0
24881,0
24882,0
24883,9181
24884,0
24885,0
24886,0
24887,0
24888,0
24889,0
24890,0
24891,0
24892,0
24893,0
24894,0
24895,0
24896,0
24897,0
24898,0
24899,0
24900,0
24901,0
24902,0
24903,0
24904,0
24905,0
24906,0
24907,0
24908,0
24909,0
24910,0
24911,0
24912,0
24913,0
24914,0
24915,0
24916,0
24917,0
24918,0
24919,0
24920,0
24921,0
24922,0
24923,0
24924,0
24925,0
24926,0
24927,0
24928,0
24929,0
24930,0
24931,0
24932,0
24933,0
24934,0
24935,0
24936,0
24937,0
24938,0
24939,0
24940,0
24941,0
24942,0
24943,0
24944,0
24945,0
24946,0
24947,0
24948,0
24949,0
24950,0
24951,0
24952,0
24953,15245
24954,0
24955,0
24956,0
24957,0
24958,0
24959,0
24960,0
24961,0
24962,0
24963,1800
24964,0
24965,0
24966,0
24967,0
24968,0
24969,0
24970,0
24971,0
24972,0
24973,0
24974,0
24975,0
24976,0
24977,0
24978,0
24979,0
24980,0
24981,0
24982,0
24983,5430
24984,0
24985,0
24986,0
24987,0
24988,0
24989,0
24990,0
24991,0
24992,0
24993,0
24994,0
24995,0
24996,0
24997,0
24998,0
24999,0
25000,0
25001,0
25002,0
25003,0
25004,0
25005,0
25006,0
25007,0
25008,0
25009,0
25010,0
25011,0
25012,0
25013,0
25014,0
25015,0
25016,0
25017,0
25018,0
25019,0
25020,0
25021,0
25022,0
25023,0
25024,8442
25025,0
25026,0
25027,0
25028,0
25029,0
25030,0
25031,0
25032,0
25033,0
25034,0
25035,0
25036,0
25037,0
25038,0
25039,0
25040,0
25041,0
25042,7709
25043,0
25044,0
25045,0
25046,0
25047,0
25048,0
25049,0
25050,0
25051,0
25052,0
25053,0
25054,2415
25055,0
25056,0
25057,0
25058,0
25059,0
25060,5276
25061,0
25062,0
25063,0
25064,0
25065,0
25066,0
25067,0
25068,0
25069,0
25070,0
25071,0
25072,0
25073,0
25074,0
25075,0
25076,0
25077,0
25078,0
25079,0
25080,0
25081,0
25082,0
25083,0
25084,0
25085,0
25086,0
25087,0
25088,0
25089,0
25090,0
25091,0
25092,19663
25093,0
25094,0
25095,0
25096,0
25097,0
25098,0
25099,0
25100,0
25101,0
25102,0
25103,0
25104,0
25105,0
25106,0
25107,0
25108,6423
25109,0
25110,0
25111,0
25112,0
25113,0
25114,0
25115,0
25116,0
25117,0
25118,0
25119,0
25120,0
25121,0
25122,0
25123,0
25124,0
25125,0
25126,0
25127,0
25128,0
25129,0
25130,0
25131,0
25132,0
25133,0
25134,0
25135,0
25136,0
25137,0
25138,0
25139,0
25140,0
25141,0
25142,0
25143,0
25144,0
25145,0
25146,0
25147,0
25148,0
25149,0
25150,0
25151,0
25152,0
25153,0
25154,0
25155,0
25156,0
25157,0
25158,0
25159,0
25160,0
25161,0
25162,0
25163,0
25164,0
25165,0
25166,0
25167,0
25168,0
25169,0
25170,0
25171,0
25172,0
25173,0
25174,0
25175,0
25176,0
25177,0
25178,0
25179,0
25180,0
25181,0
25182,0
25183,0
25184,0
25185,0
25186,0
25187,0
25188,0
25189,0
25190,0
25191,0
25192,0
25193,0
25194,0
25195,0
25196,0
25197,0
25198,0
25199,0
25200,0
25201,0
25202,0
25203,0
25204,0
25205,0
25206,13567
25207,0
25208,0
25209,0
25210,0
25211,0
25212,7701
25213,0
25214,0
25215,0
25216,0
25217,0
25218,0
25219,0
25220,0
25221,0
25222,0
25223,0
25224,0
25225,0
25226,0
25227,0
25228,0
25229,0
25230,0
25231,0
25232,0
25233,0
25234,0
25235,0
25236,0
25237,0
25238,0
25239,0
25240,0
25241,0
25242,0
25243,0
25244,0
25245,0
25246,0
25247,0
25248,0
25249,0
25250,0
25251,0
25252,0
25253,0
25254,0
25255,0
25256,0
25257,0
25258,0
25259,0
25260,0
25261,0
25262,3707
25263,16449
25264,0
25265,0
25266,0
25267,0
25268,0
25269,0
25270,0
25271,0
25272,0
25273,0
25274,0
25275,0
25276,0
25277,0
25278,0
25279,0
25280,0
25281,0
25282,0
25283,0
25284,0
25285,0
25286,0
25287,0
25288,0
25289,0
25290,0
25291,0
25292,0
25293,0
25294,0
25295,0
25296,0
25297,0
25298,0
25299,12321
25300,0
25301,0
25302,0
25303,0
25304,0
25305,0
25306,0
25307,0
25308,0
25309,0
25310,0
25311,0
25312,0
25313,0
25314,0
25315,0
25316,0
25317,0
25318,0
25319,0
25320,0
25321,0
25322,0
25323,0
25324,0
25325,0
25326,0
25327,0
25328,0
25329,0
25330,0
25331,0
25332,0
25333,0
25334,0
25335,0
25336,0
25337,0
25338,0
25339,0
25340,0
25341,0
25342,0
25343,0
25344,0
25345,0
25346,0
25347,0
25348,0
25349,0
25350,0
25351,0
25352,0
25353,0
25354,0
25355,0
25356,0
25357,0
25358,0
25359,0
25360,0
25361,0
25362,0
25363,0
25364,0
25365,0
25366,0
25367,0
25368,0
25369,0
25370,0
25371,0
25372,0
25373,0
25374,0
25375,0
25376,0
25377,0
25378,0
25379,0
25380,0
25381,0
25382,0
25383,0
25384,0
25385,0
25386,0
25387,0
25388,0
25389,0
25390,0
25391,0
25392,0
25393,2844
25394,0
25395,0
25396,0
25397,2461
25398,0
25399,0
25400,0
25401,0
25402,0
25403,0
25404,0
25405,0
25406,0
25407,0
25408,0
25409,0
25410,0
25411,0
25412,0
25413,0
25414,0
25415,0
25416,0
25417,0
25418,0
25419,0
25420,0
25421,0
25422,0
25423,0
25424,0
25425,0
25426,0
25427,0
25428,0
25429,0
25430,0
25431,0
25432,0
25433,0
25434,0
25435,0
25436,0
25437,0
25438,0
25439,0
25440,0
25441,0
25442,0
25443,0
25444,0
25445,0
25446,0
25447,0
25448,0
25449,0
25450,0
25451,0
25452,0
25453,0
25454,0
25455,0
25456,0
25457,0
25458,0
25459,0
25460,0
25461,2704
25462,0
25463,0
25464,0
25465,0
25466,0
25467,0
25468,0
25469,0
25470,0
25471,0
25472,0
25473,0
25474,0
25475,0
25476,0
25477,0
25478,11898
25479,0
25480,0
25481,0
25482,0
25483,0
25484,0
25485,0
25486,0
25487,0
25488,0
25489,0
25490,0
25491,0
25492,0
25493,0
25494,0
25495,0
25496,0
25497,0
25498,0
25499,0
25500,0
25501,0
25502,0
25503,0
25504,0
25505,0
25506,0
25507,0
25508,0
25509,0
25510,0
25511,0
25512,0
25513,0
25514,0
25515,0
25516,0
25517,0
25518,0
25519,0
25520,0
25521,0
25522,0
25523,0
25524,0
25525,0
25526,0
25527,0
25528,0
25529,0
25530,0
25531,0
25532,0
25533,0
25534,0
25535,0
25536,0
25537,0
25538,0
25539,0
25540,0
25541,0
25542,0
25543,0
25544,0
25545,0
25546,0
25547,0
25548,0
25549,0
25550,0
25551,0
25552,0
25553,0
25554,0
25555,0
25556,0
25557,0
25558,0
25559,0
25560,0
25561,0
25562,0
25563,0
25564,0
25565,0
25566,0
25567,0
25568,0
25569,0
25570,0
25571,0
25572,0
25573,0
25574,0
25575,4699
25576,0
25577,0
25578,0
25579,0
25580,0
25581,0
25582,0
25583,0
25584,0
25585,0
25586,0
25587,0
25588,0
25589,0
25590,0
25591,0
25592,0
25593,0
25594,0
25595,0
25596,0
25597,0
25598,0
25599,0
25600,0
25601,0
25602,0
25603,0
25604,0
25605,0
25606,0
25607,0
25608,0
25609,0
25610,0
25611,5374
25612,0
25613,0
25614,0
25615,0
25616,0
25617,0
25618,0
25619,0
25620,0
25621,0
25622,0
25623,0
25624,0
25625,0
25626,0
25627,13758
25628,0
25629,5113
25630,0
25631,0
25632,0
25633,0
25634,0
25635,0
25636,0
25637,0
25638,0
25639,0
25640,0
25641,0
25642,0
25643,0
25644,0
25645,0
25646,5341
25647,7269
25648,10070
25649,12674
25650,7690
25651,6741
25652,13606
25653,10078
25654,10756
25655,7779
25656,9898
25657,11840
25658,7694
25659,7613
25660,9797
25661,11307
25662,10456
25663,10471
25664,9885
25665,11154
25666,8712
25667,6861
25668,8499
25669,14519
25670,14004
25671,10963
25672,14301
25673,7810
25674,13136
25675,6006
25676,7697
25677,6271
25678,10629
25679,10964
25680,17547
25681,11523
25682,9364
25683,9725
25684,8241
25685,5382
25686,8134
25687,14262
25688,9206
25689,8339
25690,7442
25691,8507
25692,10345
25693,4824
25694,10350
25695,6844
25696,9437
25697,9854
25698,7617
25699,10737
25700,7721
25701,10284
25702,13900
25703,11273
25704,8687
25705,14403
25706,6667
25707,8932
25708,10391
25709,15478
25710,7870
25711,7833
25712,12205
25713,8802
25714,11513
25715,9811
25716,13369
25717,8134
25718,6838
25719,8842
25720,8149
25721,13580
25722,11589
25723,5564
25724,8567
25725,10797
25726,9095
25727,13290
25728,5194
25729,17934
25730,8589
25731,6916
25732,8798
25733,10648
25734,8646
25735,11384
25736,6530
25737,9890
25738,8442
25739,11174
25740,10630
25741,9521
25742,10537
25743,7655
25744,8180
25745,10755
25746,10465
25747,11041
25748,6238
25749,12289
25750,7688
25751,11834
25752,9708
25753,16480
25754,8908
25755,6217
25756,9500
25757,7407
25758,7845
25759,7465
25760,10072
25761,9976
25762,5250
25763,13448
25764,8645
25765,10381
25766,6305
25767,10895
25768,13380
25769,5779
25770,16430
25771,7967
25772,8184
25773,12118
25774,12278
25775,6823
25776,6300
25777,10189
25778,9415
25779,6193
25780,8342
25781,8726
25782,10556
25783,12266
25784,9800
25785,10232
25786,8054
25787,5852
25788,9925
25789,9877
25790,10634
25791,12216
25792,11433
25793,12115
25794,8153
25795,12657
25796,10778
25797,8167
25798,10396
25799,14299
25800,10150
25801,11531
25802,13912
25803,9368
25804,12570
25805,7831
25806,9242
25807,11574
25808,8786
25809,10813
25810,5394
25811,7209
25812,14487
25813,11610
25814,8264
25815,5856
25816,13100
25817,9001
25818,11693
25819,7801
25820,7977
25821,8053
25822,6055
25823,15746
25824,11102
25825,10053
25826,10401
25827,7831
25828,7658
25829,9543
25830,10265
25831,5760
25832,9017
25833,8035
25834,11264
25835,10999
25836,8433
25837,15824
25838,8086
25839,6083
25840,14591
25841,7786
25842,9327
25843,5631
25844,12600
25845,9956
25846,6865
25847,8741
25848,9883
25849,7658
25850,9669
25851,11380
25852,17747
25853,3942
25854,9049
25855,4355
25856,19847
25857,6495
25858,12310
25859,12694
25860,9533
25861,10350
25862,6338
25863,7150
25864,4200
25865,6542
25866,8728
25867,7840
25868,10984
25869,10428
25870,8108
25871,9359
25872,8703
25873,10527
25874,12514
25875,10609
25876,7314
25877,5416
25878,12647
25879,17764
25880,8953
25881,10912
25882,6286
25883,10667
25884,7625
25885,6986
25886,9066
25887,7125
25888,10827
25889,8971
25890,11847
25891,9559
25892,12299
25893,10554
25894,7347
25895,13788
25896,23537
25897,15837
25898,9060
25899,4286
25900,8474
25901,12449
25902,7061
25903,8107
25904,13994
25905,7644
25906,21344
25907,20494
25908,5600
25909,9794
25910,8439
25911,5854
25912,10990
25913,7447
25914,13017
25915,12735
25916,13850
25917,10345
25918,11904
25919,4762
25920,9768
25921,5412
25922,9087
25923,10249
25924,16454
25925,7939
25926,7788
25927,6469
25928,10143
25929,8131
25930,6921
25931,6947
25932,10642
25933,8710
25934,8685
25935,10770
25936,12854
25937,0
25938,9400
25939,8511
25940,7812
25941,9672
25942,10745
25943,11836
25944,10696
25945,9577
25946,7237
25947,5158
25948,9188
25949,9167
25950,9377
25951,6224
25952,4293
25953,12445
25954,10818
25955,13980
25956,9214
25957,8812
25958,11113
25959,7503
25960,5924
25961,15062
25962,7306
25963,11106
25964,9954
25965,19332
25966,8046
25967,8872
25968,9895
25969,8926
25970,8216
25971,7115
25972,11715
25973,6036
25974,10037
25975,5644
25976,7836
25977,5665
25978,13504
25979,7054
25980,21828
25981,18307
25982,6279
25983,9620
25984,6892
25985,9916
25986,7687
25987,15827
25988,11400
25989,14477
25990,6451
25991,9823
25992,6153
25993,11571
25994,10828
25995,10090
25996,8866
25997,8527
25998,6996
25999,11790
26000,12268
26001,7654
26002,11112
26003,15138
26004,8261
26005,10196
26006,8856
26007,13182
26008,10087
26009,6723
26010,7789
26011,10104
26012,8595
26013,16874
26014,8354
26015,10749
26016,10129
26017,13289
26018,5831
26019,10446
26020,15099
26021,12508
26022,11183
26023,9186
26024,6180
26025,19479
26026,13134
26027,12744
26028,20595
26029,14201
26030,11679
26031,10113
26032,14317
26033,15158
26034,15119
26035,16759
26036,8476
26037,11538
26038,8375
26039,12028
26040,5164
26041,15632
26042,9304
26043,8096
26044,8556
26045,14074
26046,11809
26047,8273
26048,9983
26049,7298
26050,8115
26051,9664
26052,5802
26053,6781
26054,8069
26055,10220
26056,14247
26057,11467
26058,10199
26059,8604
26060,7962
26061,15744
26062,10427
26063,7916
26064,7688
26065,6907
26066,11836
26067,5695
26068,12899
26069,9954
26070,4657
26071,7261
26072,12259
26073,8519
26074,7576
26075,11786
26076,12484
26077,15367
26078,8010
26079,13276
26080,4280
26081,8221
26082,10294
26083,9372
26084,11027
26085,7406
26086,8661
26087,6507
26088,8183
26089,14365
26090,10257
26091,7291
26092,7115
26093,12011
26094,14634
26095,10781
26096,7584
26097,7395
26098,12531
26099,9302
26100,9129
26101,8518
26102,7757
26103,9978
26104,13665
26105,6431
26106,5942
26107,7154
26108,8986
26109,12636
26110,12040
26111,11504
26112,17416
26113,7136
26114,15766
26115,16529
26116,9759
26117,6846
26118,4976
26119,11731
26120,8595
26121,9757
26122,8887
26123,10260
26124,15617
26125,7500
26126,9042
26127,10934
26128,7697
26129,9294
26130,7013
26131,6650
26132,10090
26133,5302
26134,12891
26135,10309
26136,10305
26137,11346
26138,12916
26139,10373
26140,8305
26141,11764
26142,11881
26143,8567
26144,7598
26145,7486
26146,7108
26147,14121
26148,10479
26149,8904
26150,7551
26151,10732
26152,12202
26153,10778
26154,9311
26155,11626
26156,6764
26157,6917
26158,22855
26159,9689
26160,10933
26161,9331
26162,9163
26163,9558
26164,7650
26165,5800
26166,6843
26167,11992
26168,17457
26169,11593
26170,12768
26171,16454
26172,14113
26173,15909
26174,11500
26175,8039
26176,6478
26177,13092
26178,15485
26179,12412
26180,11773
26181,11439
26182,8300
26183,6096
26184,13726
26185,10939
26186,10162
26187,8796
26188,4686
26189,20587
26190,16429
26191,18255
26192,7964
26193,8165
26194,6290
26195,8018
26196,8669
26197,14160
26198,8291
26199,6781
26200,7110
26201,10719
26202,5956
26203,4119
26204,9924
26205,19220
26206,9904
26207,20806
26208,6349
26209,7866
26210,10050
26211,7785
26212,7488
26213,6728
26214,5965
26215,6013
26216,11257
26217,9937
26218,5811
26219,12831
26220,10679
26221,9961
26222,6507
26223,13111
26224,11721
26225,12539
26226,8434
26227,10256
26228,6529
26229,6799
26230,6650
26231,20520
26232,14696
26233,8496
26234,8665
26235,6732
26236,7733
26237,5991
26238,12516
26239,6143
26240,20729
26241,6047
26242,6739
26243,7701
26244,12621
26245,10095
26246,6535
26247,9102
26248,10414
26249,10676
26250,10281
26251,8137
26252,7173
26253,15128
26254,6490
26255,6606
26256,7763
26257,9696
26258,8767
26259,8430
26260,13021
26261,11332
26262,10077
26263,9742
26264,6932
26265,10936
26266,7803
26267,6052
26268,9505
26269,10028
26270,9557
26271,14718
26272,9536
26273,8899
26274,9173
26275,9624
26276,8012
26277,9551
26278,8632
26279,11908
26280,10560
26281,11529
26282,12305
26283,7981
26284,6542
26285,16758
26286,8469
26287,4276
26288,10222
26289,11126
26290,14370
26291,6853
26292,8677
26293,9236
26294,6189
26295,8181
26296,9880
26297,11907
26298,8061
26299,11447
26300,13414
26301,4153
26302,9165
26303,8571
26304,7976
26305,8171
26306,9197
26307,13553
26308,7227
26309,8323
26310,11682
26311,10563
26312,13489
26313,12483
26314,6330
26315,9727
26316,9397
26317,11160
26318,11203
26319,11728
26320,5569
26321,9620
26322,10454
26323,10992
26324,14384
26325,5825
26326,5221
26327,15995
26328,12650
26329,13882
26330,9842
26331,10662
26332,11877
26333,5558
26334,9678
26335,7611
26336,11267
26337,10447
26338,12337
26339,10775
26340,9680
26341,12149
26342,15110
26343,20633
26344,9802
26345,7016
26346,9299
26347,6131
26348,4714
26349,15845
26350,12160
26351,7827
26352,12392
26353,7805
26354,14441
26355,7372
26356,9090
26357,8704
26358,13592
26359,6901
26360,10465
26361,7698
26362,8459
26363,10052
26364,6527
26365,9839
26366,9102
26367,12431
26368,11010
26369,9246
26370,7456
26371,17096
26372,6483
26373,6598
26374,16040
26375,9875
26376,13547
26377,10437
26378,16231
26379,8443
26380,10016
26381,7181
26382,9193
26383,11488
26384,16600
26385,10200
26386,11529
26387,11708
26388,6538
26389,9983
26390,12979
26391,10688
26392,11693
26393,8336
26394,7461
26395,7289
26396,5562
26397,8499
26398,12066
26399,11241
26400,15748
26401,20781
26402,10048
26403,6881
26404,10822
26405,9302
26406,12956
26407,6245
26408,8518
26409,5193
26410,11687
26411,9631
26412,9232
26413,19582
26414,13054
26415,7731
26416,9971
26417,5231
26418,6683
26419,7489
26420,11850
26421,7390
26422,6031
26423,8090
26424,12058
26425,10288
26426,7686
26427,7533
26428,10165
26429,10196
26430,11063
26431,5507
26432,14890
26433,23800
26434,4194
26435,9874
26436,12880
26437,11115
26438,8838
26439,3899
26440,7134
26441,11394
26442,6759
26443,12425
26444,12682
26445,6710
26446,8307
26447,9798
26448,8835
26449,6429
26450,8836
26451,11149
26452,12666
26453,10733
26454,14636
26455,7693
26456,5256
26457,9999
26458,7776
26459,13810
26460,8563
26461,6324
26462,26092
26463,10825
26464,8022
26465,15408
26466,10278
26467,11548
26468,8680
26469,10459
26470,6906
26471,12200
26472,16410
26473,8330
26474,7714
26475,9561
26476,17525
26477,9118
26478,7611
26479,9064
26480,7953
26481,10043
26482,5875
26483,12708
26484,6366
26485,9639
26486,4152
26487,23593
26488,11427
26489,6433
26490,6149
26491,14104
26492,8597
26493,9644
26494,10913
26495,9478
26496,6683
26497,6460
26498,12821
26499,8651
26500,8847
26501,9664
26502,10019
26503,7106
26504,10317
26505,8282
26506,4903
26507,11098
26508,11777
26509,5955
26510,9979
26511,9979
26512,6942
26513,13011
26514,9651
26515,8748
26516,8720
26517,10261
26518,5014
26519,6828
26520,7777
26521,14783
26522,8612
26523,12762
26524,6022
26525,10592
26526,6493
26527,8220
26528,6497
26529,9503
26530,7713
26531,9670
26532,11103
26533,11494
26534,6117
26535,9642
26536,9814
26537,12261
26538,8331
26539,13004
26540,12902
26541,8486
26542,3990
26543,11927
26544,8783
26545,8779
26546,10657
26547,5080
26548,14860
26549,7831
26550,9337
26551,14308
26552,8077
26553,6920
26554,0
26555,9361
26556,14081
26557,6774
26558,12461
26559,12877
26560,8070
26561,7109
26562,9223
26563,7761
26564,8408
26565,7807
26566,13371
26567,9617
26568,6737
26569,6761
26570,7618
26571,10821
26572,9597
26573,13048
26574,7977
26575,9557
26576,5840
26577,10605
26578,11115
26579,9632
26580,8297
26581,8465
26582,11080
26583,13355
26584,8362
26585,11496
26586,7947
26587,9026
26588,9717
26589,8774
26590,5921
26591,6107
26592,9313
26593,8415
26594,9283
26595,8688
26596,11360
26597,7556
26598,8639
26599,10015
26600,7382
26601,4694
26602,13626
26603,5219
26604,10610
26605,10669
26606,8529
26607,10661
26608,18692
26609,12642
26610,11771
26611,6207
26612,11124
26613,10469
26614,5183
26615,4603
26616,12386
26617,5950
26618,10634
26619,16022
26620,10464
26621,10637
26622,8428
26623,11313
26624,10643
26625,10024
26626,11210
26627,13575
26628,13313
26629,9532
26630,10991
26631,7016
26632,9984
26633,6326
26634,7652
26635,9252
26636,7297
26637,7405
26638,11730
26639,8262
26640,13653
26641,11149
26642,7731
26643,5892
26644,14371
26645,9877
26646,9221
26647,9150
26648,10773
26649,8714
26650,8359
26651,9676
26652,10185
26653,8322
26654,6472
26655,12850
26656,9813
26657,7638
26658,5784
26659,16365
26660,8601
26661,9263
26662,9134
26663,15036
26664,13939
26665,11057
26666,12070
26667,11240
26668,8824
26669,8054
26670,9715
26671,13801
26672,20188
26673,8475
26674,8072
26675,5591
26676,7892
26677,13870
26678,20396
26679,10731
26680,8023
26681,6990
26682,8594
26683,8315
26684,12747
26685,12843
26686,7633
26687,5688
26688,10947
26689,8512
26690,11968
26691,14372
26692,7244
26693,11186
26694,5233
26695,9984
26696,10965
26697,10527
26698,13093
26699,9867
26700,10526
26701,6773
26702,8750
26703,10200
26704,11672
26705,10303
26706,11068
26707,9338
26708,6975
26709,12574
26710,5932
26711,13539
26712,8650
26713,6257
26714,9787
26715,9891
26716,8496
26717,10492
26718,12136
26719,7969
26720,14368
26721,5984
26722,6708
26723,11500
26724,12318
26725,14257
26726,8821
26727,9407
26728,7223
26729,8013
26730,10491
26731,9969
26732,8927
26733,7717
26734,13825
26735,10121
26736,13249
26737,15071
26738,10941
26739,6353
26740,6961
26741,8417
26742,11564
26743,7985
26744,11631
26745,7894
26746,15851
26747,9272
26748,8027
26749,7374
26750,8469
26751,7296
26752,10487
26753,10631
26754,7636
26755,7953
26756,7625
26757,14588
26758,8366
26759,24763
26760,9671
26761,4918
26762,6351
26763,8991
26764,10725
26765,6119
26766,5673
26767,12035
26768,8482
26769,8590
26770,6723
26771,8843
26772,9915
26773,6082
26774,6534
26775,8299
26776,9870
26777,8763
26778,8205
26779,8118
26780,9783
26781,7317
26782,5665
26783,6720
26784,11623
26785,12244
26786,8092
26787,12819
26788,6338
26789,9943
26790,5613
26791,6655
26792,5293
26793,9171
26794,9626
26795,14035
26796,10249
26797,7359
26798,7512
26799,6516
26800,5114
26801,6480
26802,12189
26803,7731
26804,6884
26805,5907
26806,6727
26807,9376
26808,4135
26809,8557
26810,5244
26811,7307
26812,7729
26813,6393
26814,8578
26815,6433
26816,9005
26817,11054
26818,8601
26819,6915
26820,11604
26821,5818
26822,8112
26823,8380
26824,12693
26825,6452
26826,6721
26827,10274
26828,8103
26829,10554
26830,7797
26831,11130
26832,6182
26833,6119
26834,7426
26835,6905
26836,10522
26837,9356
26838,4484
26839,7068
26840,8854
26841,7744
26842,11395
26843,4452
26844,15245
26845,7553
26846,5932
26847,7559
26848,8302
26849,7268
26850,9954
26851,5586
26852,7855
26853,7366
26854,8966
26855,9092
26856,7641
26857,8160
26858,6267
26859,6653
26860,8673
26861,9098
26862,8785
26863,5329
26864,11013
26865,6116
26866,10473
26867,8220
26868,13425
26869,7841
26870,5343
26871,7886
26872,6485
26873,6534
26874,6155
26875,8634
26876,8451
26877,4512
26878,10038
26879,7457
26880,8508
26881,5359
26882,9045
26883,10846
26884,5664
26885,14240
26886,6673
26887,6395
26888,9815
26889,10778
26890,6006
26891,5161
26892,8264
26893,7963
26894,5519
26895,6981
26896,6856
26897,8963
26898,9850
26899,7992
26900,8933
26901,6869
26902,5052
26903,8048
26904,8132
26905,9342
26906,9600
26907,8989
26908,10731
26909,6748
26910,10180
26911,8365
26912,7158
26913,8909
26914,11021
26915,7875
26916,9305
26917,12328
26918,8682
26919,9438
26920,6737
26921,8242
26922,9510
26923,7860
26924,8577
26925,4697
26926,6253
26927,13226
26928,9525
26929,7087
26930,4912
26931,10391
26932,7934
26933,10183
26934,6694
26935,7043
26936,6353
26937,4942
26938,12375
26939,9291
26940,8403
26941,8316
26942,6530
26943,6375
26944,7612
26945,8239
26946,4896
26947,8214
26948,6315
26949,9991
26950,9388
26951,7484
26952,13598
26953,6718
26954,5322
26955,12288
26956,6084
26957,8070
26958,4797
26959,9973
26960,8894
26961,5650
26962,7310
26963,8207
26964,6437
26965,8017
26966,9558
26967,14398
26968,3364
26969,7825
26970,3810
26971,17172
26972,5572
26973,10399
26974,10295
26975,7697
26976,8276
26977,5617
26978,6497
26979,3794
26980,5971
26981,7316
26982,6616
26983,8204
26984,8334
26985,6355
26986,8463
26987,7556
26988,8961
26989,10726
26990,8956
26991,5822
26992,4243
26993,11567
26994,13464
26995,7274
26996,9457
26997,5426
26998,8970
26999,6025
27000,5984
27001,7551
27002,4996
27003,9066
27004,6846
27005,10476
27006,8299
27007,9925
27008,9293
27009,6160
27010,10965
27011,21555
27012,12533
27013,7110
27014,3692
27015,6966
27016,10680
27017,6184
27018,6666
27019,13411
27020,6865
27021,15883
27022,19596
27023,4891
27024,8376
27025,6798
27026,5106
27027,9490
27028,6143
27029,10852
27030,11271
27031,11929
27032,8363
27033,9404
27034,4461
27035,8132
27036,4649
27037,7552
27038,8622
27039,11997
27040,6618
27041,6570
27042,5637
27043,8426
27044,6919
27045,6032
27046,5443
27047,9089
27048,6578
27049,7052
27050,9144
27051,10013
27052,0
27053,8053
27054,8016
27055,6948
27056,8727
27057,8808
27058,9223
27059,8520
27060,8925
27061,6366
27062,4440
27063,7807
27064,8063
27065,7240
27066,5449
27067,3571
27068,10825
27069,8693
27070,11458
27071,8380
27072,7047
27073,8477
27074,6071
27075,5115
27076,11784
27077,5943
27078,8559
27079,8726
27080,17215
27081,6820
27082,7208
27083,8338
27084,7662
27085,7164
27086,5714
27087,9626
27088,5366
27089,8346
27090,4824
27091,6898
27092,4535
27093,12509
27094,5834
27095,19539
27096,16818
27097,5459
27098,8254
27099,6491
27100,8179
27101,6691
27102,13336
27103,9253
27104,12345
27105,5417
27106,8670
27107,5265
27108,10066
27109,9637
27110,8145
27111,7155
27112,7273
27113,6765
27114,9317
27115,10745
27116,6656
27117,9039
27118,11492
27119,6955
27120,8495
27121,7278
27122,11347
27123,8672
27124,6298
27125,6324
27126,8011
27127,6563
27128,12910
27129,6947
27130,8486
27131,8202
27132,10707
27133,4917
27134,8990
27135,12978
27136,10672
27137,10679
27138,8041
27139,4926
27140,16955
27141,10967
27142,9392
27143,18616
27144,12156
27145,8854
27146,8109
27147,11937
27148,12300
27149,13511
27150,14344
27151,6960
27152,9043
27153,6681
27154,10216
27155,4694
27156,12910
27157,7974
27158,6726
27159,7095
27160,11803
27161,9444
27162,6562
27163,8558
27164,6457
27165,6236
27166,7957
27167,4615
27168,5635
27169,7377
27170,8111
27171,10890
27172,9819
27173,8366
27174,6950
27175,6708
27176,13270
27177,9010
27178,6637
27179,6552
27180,5661
27181,10087
27182,5016
27183,11561
27184,7997
27185,3880
27186,6411
27187,9753
27188,6853
27189,5865
27190,9640
27191,10709
27192,13822
27193,7110
27194,10762
27195,3694
27196,6571
27197,8148
27198,7164
27199,8948
27200,6366
27201,7433
27202,5314
27203,6330
27204,12149
27205,9307
27206,6047
27207,6007
27208,10089
27209,13127
27210,9275
27211,6467
27212,6183
27213,10868
27214,7583
27215,7883
27216,7552
27217,6081
27218,8284
27219,12492
27220,5032
27221,5069
27222,6270
27223,7433
27224,10746
27225,9667
27226,9820
27227,15778
27228,5820
27229,13630
27230,14767
27231,7898
27232,5895
27233,4211
27234,9352
27235,7585
27236,7579
27237,7046
27238,8546
27239,14501
27240,6314
27241,7024
27242,8587
27243,7282
27244,7847
27245,5793
27246,5326
27247,8454
27248,4366
27249,10896
27250,9209
27251,8263
27252,9843
27253,10291
27254,9548
27255,6471
27256,9452
27257,10945
27258,7649
27259,6453
27260,6497
27261,5870
27262,12180
27263,7897
27264,7324
27265,6380
27266,8478
27267,9586
27268,8734
27269,7971
27270,9893
27271,5988
27272,6563
27273,20406
27274,7922
27275,9227
27276,7896
27277,7775
27278,7176
27279,6105
27280,4951
27281,5759
27282,9558
27283,15247
27284,10075
27285,10530
27286,14689
27287,11854
27288,13142
27289,9467
27290,6632
27291,5863
27292,11712
27293,12586
27294,9282
27295,10114
27296,10265
27297,7225
27298,5072
27299,12604
27300,8317
27301,8064
27302,7694
27303,3978
27304,17663
27305,14017
27306,16342
27307,6607
27308,6894
27309,5520
27310,6823
27311,8104
27312,11109
27313,7147
27314,5965
27315,5615
27316,9346
27317,4931
27318,3787
27319,7877
27320,16614
27321,8047
27322,19304
27323,5388
27324,6447
27325,8210
27326,7004
27327,6246
27328,5532
27329,5265
27330,5151
27331,8962
27332,7702
27333,5037
27334,10545
27335,8063
27336,8368
27337,5478
27338,10836
27339,9401
27340,11003
27341,7191
27342,8945
27343,4988
27344,5888
27345,5690
27346,17719
27347,11528
27348,7195
27349,6855
27350,5420
27351,6679
27352,5365
27353,11132
27354,5427
27355,17129
27356,5394
27357,6171
27358,6734
27359,10552
27360,8159
27361,5547
27362,8059
27363,9713
27364,8468
27365,8609
27366,7173
27367,5637
27368,12970
27369,5795
27370,5298
27371,6629
27372,7379
27373,7264
27374,7481
27375,11284
27376,9855
27377,7877
27378,8043
27379,5677
27380,9204
27381,7167
27382,5052
27383,8244
27384,7922
27385,8006
27386,11172
27387,7761
27388,7576
27389,7440
27390,8251
27391,7087
27392,8290
27393,7520
27394,8743
27395,8648
27396,8502
27397,10218
27398,6876
27399,5652
27400,13400
27401,7257
27402,4068
27403,9597
27404,9619
27405,12707
27406,6007
27407,7084
27408,7711
27409,4723
27410,7222
27411,8423
27412,8628
27413,6892
27414,8897
27415,10096
27416,3972
27417,7369
27418,6977
27419,7125
27420,6480
27421,7938
27422,11198
27423,6555
27424,6177
27425,10357
27426,8388
27427,10518
27428,10855
27429,5262
27430,8039
27431,8250
27432,9901
27433,9170
27434,9475
27435,4476
27436,9271
27437,8233
27438,8803
27439,11633
27440,5387
27441,4967
27442,14435
27443,10681
27444,10357
27445,7947
27446,8349
27447,10004
27448,4617
27449,8124
27450,6930
27451,8903
27452,8654
27453,9587
27454,9634
27455,7399
27456,10764
27457,12501
27458,18259
27459,9105
27460,6024
27461,7493
27462,5089
27463,4159
27464,13305
27465,9844
27466,6317
27467,10514
27468,6197
27469,12986
27470,5460
27471,7303
27472,7154
27473,11611
27474,5737
27475,8049
27476,6443
27477,6834
27478,9034
27479,5509
27480,8400
27481,8281
27482,10883
27483,8947
27484,7845
27485,6548
27486,14315
27487,5880
27488,5637
27489,13316
27490,8532
27491,11433
27492,8420
27493,15423
27494,7301
27495,7058
27496,6110
27497,7588
27498,9562
27499,12856
27500,8537
27501,9884
27502,9061
27503,4763
27504,8684
27505,9828
27506,8287
27507,9642
27508,6685
27509,6102
27510,5905
27511,4809
27512,6558
27513,9986
27514,9285
27515,12826
27516,19184
27517,8280
27518,5843
27519,9016
27520,8369
27521,11036
27522,4819
27523,6975
27524,4825
27525,10318
27526,7500
27527,7542
27528,15947
27529,12045
27530,6179
27531,7978
27532,4596
27533,6026
27534,6447
27535,9529
27536,5986
27537,4972
27538,7384
27539,9978
27540,9319
27541,6430
27542,6418
27543,7920
27544,8604
27545,8374
27546,4659
27547,12071
27548,20955
27549,4029
27550,8127
27551,10431
27552,8920
27553,6465
27554,3442
27555,5804
27556,9661
27557,6004
27558,9884
27559,10627
27560,5275
27561,6265
27562,7933
27563,7345
27564,5588
27565,6738
27566,8731
27567,10922
27568,9298
27569,12540
27570,6513
27571,4564
27572,7899
27573,6629
27574,10610
27575,7373
27576,5520
27577,24274
27578,8602
27579,7048
27580,13662
27581,8697
27582,9169
27583,7525
27584,9142
27585,6079
27586,10373
27587,14321
27588,6515
27589,7068
27590,7872
27591,16758
27592,7651
27593,6540
27594,7590
27595,6445
27596,7841
27597,5145
27598,10037
27599,5039
27600,8378
27601,3333
27602,19872
27603,10012
27604,5100
27605,5200
27606,12248
27607,7396
27608,8267
27609,9131
27610,7383
27611,5418
27612,5707
27613,11306
27614,6972
27615,7519
27616,8486
27617,8735
27618,6032
27619,8404
27620,7668
27621,4595
27622,10178
27623,10692
27624,5258
27625,8413
27626,8045
27627,5537
27628,10853
27629,7696
27630,8110
27631,6941
27632,8500
27633,4290
27634,5415
27635,6291
27636,12170
27637,7596
27638,10292
27639,4692
27640,9229
27641,5235
27642,7104
27643,5588
27644,7398
27645,7083
27646,8401
27647,8576
27648,9846
27649,4966
27650,7179
27651,7981
27652,9708
27653,7536
27654,10799
27655,11095
27656,7555
27657,3579
27658,9577
27659,6919
27660,7449
27661,8814
27662,4548
27663,12052
27664,6124
27665,8095
27666,12736
27667,7956
27668,5518
27669,0
27670,7222
27671,11300
27672,6159
27673,11539
27674,11982
27675,6669
27676,6373
27677,7908
27678,6401
27679,7068
27680,7065
27681,11358
27682,7869
27683,6275
27684,5662
27685,7550
27686,8620
27687,7966
27688,9758
27689,7065
27690,7995
27691,5308
27692,8961
27693,9160
27694,7915
27695,6869
27696,7569
27697,9404
27698,11219
27699,6544
27700,9314
27701,6881
27702,7473
27703,8097
27704,7746
27705,5202
27706,5371
27707,8550
27708,8056
27709,7292
27710,7119
27711,9586
27712,6572
27713,7202
27714,8046
27715,5809
27716,3885
27717,10839
27718,4647
27719,9125
27720,8673
27721,7218
27722,8972
27723,16050
27724,10627
27725,10088
27726,5672
27727,9314
27728,8623
27729,4756
27730,4123
27731,9949
27732,4388
27733,8890
27734,14488
27735,8592
27736,8596
27737,6239
27738,8891
27739,8038
27740,8055
27741,8506
27742,10087
27743,10573
27744,8075
27745,9107
27746,6136
27747,8415
27748,5575
27749,6520
27750,7149
27751,6092
27752,6535
27753,9355
27754,6339
27755,11065
27756,8762
27757,5855
27758,5179
27759,11349
27760,8743
27761,7461
27762,7626
27763,9097
27764,6599
27765,7374
27766,7993
27767,8315
27768,6977
27769,5745
27770,10210
27771,8233
27772,6231
27773,4544
27774,14382
27775,7053
27776,7260
27777,8005
27778,13050
27779,10268
27780,9496
27781,10426
27782,8707
27783,6689
27784,6883
27785,8723
27786,12060
27787,16154
27788,6775
27789,7052
27790,4642
27791,6215
27792,11926
27793,17814
27794,8869
27795,6641
27796,5667
27797,7297
27798,6530
27799,11314
27800,10381
27801,7030
27802,4839
27803,9405
27804,7326
27805,10153
27806,10962
27807,5988
27808,9271
27809,4702
27810,8028
27811,9993
27812,8394
27813,11146
27814,8100
27815,9229
27816,5233
27817,7216
27818,9020
27819,10204
27820,8174
27821,9005
27822,7811
27823,5575
27824,11545
27825,5117
27826,12093
27827,7038
27828,5174
27829,8126
27830,8153
27831,7734
27832,8856
27833,10647
27834,5970
27835,12745
27836,4844
27837,5496
27838,9779
27839,10885
27840,11705
27841,8001
27842,8310
27843,6441
27844,7396
27845,8990
27846,7891
27847,7428
27848,6599
27849,11441
27850,8396
27851,10396
27852,13401
27853,9180
27854,5417
27855,5959
27856,6828
27857,10924
27858,6523
27859,9384
27860,6624
27861,12650
27862,7868
27863,6790
27864,5986
27865,6404
27866,6322
27867,8281
27868,8340
27869,6313
27870,6396
27871,6024
27872,10970
27873,7450
27874,23465
27875,7937
27876,4780
27877,6394
27878,8176
27879,10144
27880,5787
27881,5365
27882,10279
27883,7538
27884,7768
27885,6327
27886,9065
27887,9423
27888,5852
27889,5875
27890,7773
27891,9330
27892,7450
27893,7955
27894,7528
27895,9349
27896,6314
27897,5244
27898,6364
27899,11045
27900,11330
27901,7460
27902,10863
27903,5336
27904,8951
27905,4582
27906,6478
27907,5085
27908,8510
27909,8962
27910,12389
27911,10078
27912,6985
27913,6733
27914,6092
27915,4668
27916,6331
27917,12200
27918,6995
27919,6388
27920,5789
27921,6227
27922,9259
27923,3903
27924,8329
27925,5009
27926,7286
27927,7491
27928,6048
27929,8450
27930,5814
27931,8509
27932,9392
27933,7917
27934,6157
27935,10872
27936,5760
27937,7183
27938,8261
27939,11932
27940,5634
27941,6493
27942,9644
27943,8409
27944,9848
27945,7323
27946,10188
27947,5324
27948,5338
27949,6740
27950,6615
27951,10063
27952,8733
27953,4184
27954,6371
27955,8206
27956,7495
27957,10381
27958,4152
27959,14913
27960,7454
27961,5435
27962,6900
27963,7360
27964,6786
27965,9157
27966,5141
27967,7206
27968,6603
27969,8067
27970,7664
27971,6605
27972,7435
27973,5879
27974,6477
27975,8612
27976,8692
27977,7882
27978,5116
27979,10532
27980,5799
27981,10258
27982,7746
27983,12908
27984,7184
27985,5153
27986,7453
27987,6258
27988,6270
27989,5797
27990,8301
27991,7987
27992,4086
27993,9382
27994,7019
27995,7959
27996,4992
27997,9170
27998,10064
27999,4985
28000,13415
28001,6186
28002,6005
28003,9207
28004,9780
28005,5717
28006,4740
28007,7938
28008,7054
28009,5244
28010,6726
28011,6472
28012,8612
28013,8838
28014,7622
28015,8514
28016,6222
28017,4760
28018,7293
28019,8125
28020,8774
28021,9108
28022,8581
28023,9761
28024,6568
28025,9739
28026,7671
28027,6651
28028,8037
28029,10302
28030,7596
28031,7887
28032,10856
28033,8784
28034,8593
28035,6228
28036,7601
28037,8637
28038,7312
28039,7707
28040,4447
28041,5944
28042,11891
28043,9128
28044,6488
28045,4646
28046,9101
28047,7635
28048,9248
28049,6600
28050,6682
28051,5778
28052,4427
28053,11267
28054,7999
28055,8080
28056,7561
28057,6169
28058,5815
28059,7103
28060,7644
28061,4392
28062,6633
28063,5931
28064,9527
28065,8751
28066,7072
28067,13200
28068,6849
28069,5409
28070,11665
28071,5582
28072,8119
28073,3424
28074,9483
28075,8342
28076,5477
28077,6947
28078,8700
28079,6177
28080,7356
28081,8572
28082,13216
28083,3223
28084,7434
28085,3668
28086,15403
28087,5943
28088,9623
28089,9650
28090,7318
28091,7507
28092,5428
28093,5885
28094,3520
28095,5279
28096,6919
28097,5952
28098,7838
28099,8194
28100,5730
28101,7680
28102,6922
28103,8548
28104,10183
28105,8689
28106,5682
28107,4084
28108,10585
28109,12354
28110,6453
28111,8588
28112,5247
28113,8121
28114,5646
28115,5791
28116,7014
28117,4553
28118,8254
28119,6187
28120,10083
28121,7881
28122,9424
28123,8763
28124,5904
28125,10371
28126,20034
28127,11486
28128,6250
28129,3518
28130,6680
28131,9207
28132,5748
28133,6334
28134,13232
28135,6590
28136,14430
28137,19288
28138,4657
28139,7649
28140,6253
28141,4622
28142,9102
28143,6292
28144,9683
28145,10374
28146,9721
28147,7533
28148,8451
28149,4233
28150,7717
28151,4144
28152,7104
28153,8228
28154,11262
28155,6544
28156,6462
28157,5198
28158,8008
28159,6227
28160,5843
28161,4719
28162,8676
28163,6303
28164,6675
28165,7887
28166,8887
28167,0
28168,7071
28169,6849
28170,6747
28171,7886
28172,8049
28173,9212
28174,8190
28175,7987
28176,6343
28177,4300
28178,7461
28179,7371
28180,6875
28181,5044
28182,3051
28183,9789
28184,7828
28185,11156
28186,7807
28187,6386
28188,7349
28189,5614
28190,4870
28191,10355
28192,5792
28193,8059
28194,8515
28195,15921
28196,6391
28197,5860
28198,8081
28199,5966
28200,6461
28201,5649
28202,8632
28203,4943
28204,7700
28205,4521
28206,6335
28207,4070
28208,11330
28209,5608
28210,18377
28211,15438
28212,5362
28213,7743
28214,6017
28215,7654
28216,6104
28217,12229
28218,8507
28219,10702
28220,4928
28221,8168
28222,5234
28223,9585
28224,9313
28225,7604
28226,6439
28227,7053
28228,6756
28229,8725
28230,10066
28231,6539
28232,8164
28233,10874
28234,6869
28235,7821
28236,6986
28237,10471
28238,8050
28239,5779
28240,6160
28241,6803
28242,6243
28243,12438
28244,6687
28245,7995
28246,7882
28247,9752
28248,4850
28249,8282
28250,10756
28251,9573
28252,9411
28253,7180
28254,4642
28255,16504
28256,9984
28257,8755
28258,18272
28259,9925
28260,8355
28261,7587
28262,10357
28263,11182
28264,12592
28265,13468
28266,5927
28267,8083
28268,6153
28269,9583
28270,4218
28271,11260
28272,7074
28273,6493
28274,6775
28275,10265
28276,8767
28277,6192
28278,7946
28279,6249
28280,5471
28281,7754
28282,4401
28283,5468
28284,6634
28285,7976
28286,10650
28287,9392
28288,8016
28289,6783
28290,6259
28291,12512
28292,7999
28293,5952
28294,6188
28295,5489
28296,9790
28297,4989
28298,11441
28299,7793
28300,3597
28301,5923
28302,8583
28303,6805
28304,5780
28305,9524
28306,10036
28307,13649
28308,6582
28309,10643
28310,3457
28311,5901
28312,7824
28313,6333
28314,8099
28315,6170
28316,7005
28317,4963
28318,5735
28319,12060
28320,8913
28321,5460
28322,5764
28323,9327
28324,11953
28325,9135
28326,6092
28327,5585
28328,11295
28329,7173
28330,8426
28331,6619
28332,5793
28333,7979
28334,10858
28335,4178
28336,5184
28337,5291
28338,6847
28339,10559
28340,9266
28341,9149
28342,13777
28343,5859
28344,12274
28345,13776
28346,7603
28347,5630
28348,3717
28349,8749
28350,6864
28351,6818
28352,6704
28353,7814
28354,12195
28355,5938
28356,6534
28357,8142
28358,5626
28359,7814
28360,5553
28361,4844
28362,8154
28363,4075
28364,8914
28365,8757
28366,7809
28367,8837
28368,9383
28369,9111
28370,6164
28371,8726
28372,9870
28373,7216
28374,6372
28375,6395
28376,6365
28377,11403
28378,7486
28379,6889
28380,5991
28381,8304
28382,8929
28383,7848
28384,7237
28385,9339
28386,5689
28387,6504
28388,18711
28389,7287
28390,8995
28391,6789
28392,6979
28393,6648
28394,5875
28395,4663
28396,5673
28397,9422
28398,14322
28399,9443
28400,10132
28401,12057
28402,11437
28403,11897
28404,8986
28405,6605
28406,5570
28407,11308
28408,11783
28409,8850
28410,9076
28411,8555
28412,6870
28413,4457
28414,11660
28415,7960
28416,7311
28417,6997
28418,3534
28419,14663
28420,12935
28421,15003
28422,6397
28423,6124
28424,5303
28425,6613
28426,7115
28427,10120
28428,7024
28429,5809
28430,5458
28431,8014
28432,4955
28433,3567
28434,6954
28435,15344
28436,7481
28437,18549
28438,4917
28439,6096
28440,7674
28441,6287
28442,5696
28443,5381
28444,5079
28445,4694
28446,8458
28447,7363
28448,4716
28449,10054
28450,6789
28451,7787
28452,5158
28453,10589
28454,8662
28455,10451
28456,6401
28457,7936
28458,4547
28459,5554
28460,5392
28461,17947
28462,11197
28463,6870
28464,6264
28465,5328
28466,6460
28467,4829
28468,10198
28469,4957
28470,15834
28471,5016
28472,5797
28473,6291
28474,10264
28475,8028
28476,5275
28477,7327
28478,8623
28479,8053
28480,8142
28481,6675
28482,4636
28483,10992
28484,5355
28485,4553
28486,6384
28487,7103
28488,6645
28489,6921
28490,10354
28491,8945
28492,7296
28493,7639
28494,5390
28495,8963
28496,6618
28497,4900
28498,7418
28499,7357
28500,7172
28501,10343
28502,7268
28503,7144
28504,7196
28505,7095
28506,6540
28507,7985
28508,7366
28509,7918
28510,6875
28511,7498
28512,9710
28513,6907
28514,5150
28515,12809
28516,6289
28517,3912
28518,8537
28519,9356
28520,11762
28521,5709
28522,6586
28523,7278
28524,4365
28525,6632
28526,8003
28527,7672
28528,6057
28529,7703
28530,9532
28531,3651
28532,6737
28533,6484
28534,6539
28535,5805
28536,7571
28537,10310
28538,6285
28539,5592
28540,9541
28541,7976
28542,9835
28543,10077
28544,5376
28545,7473
28546,7638
28547,9194
28548,8722
28549,9096
28550,3977
28551,9236
28552,7960
28553,8082
28554,11285
28555,5194
28556,4598
28557,13878
28558,9820
28559,9631
28560,7026
28561,7013
28562,9431
28563,4106
28564,7521
28565,6171
28566,8376
28567,7362
28568,8016
28569,9114
28570,6503
28571,10100
28572,11912
28573,17520
28574,8238
28575,5415
28576,6738
28577,4890
28578,3609
28579,12297
28580,8881
28581,6091
28582,9215
28583,5796
28584,12069
28585,5250
28586,7049
28587,6563
28588,11356
28589,5762
28590,7821
28591,6182
28592,6191
28593,8142
28594,5342
28595,8337
28596,8276
28597,10453
28598,8639
28599,7305
28600,6200
28601,12615
28602,5343
28603,5484
28604,11582
28605,8145
28606,10466
28607,8206
28608,15123
28609,6451
28610,6379
28611,5650
28612,6628
28613,8852
28614,12084
28615,8158
28616,8803
28617,8490
28618,4471
28619,8213
28620,9152
28621,7743
28622,8619
28623,6102
28624,5513
28625,5736
28626,4440
28627,5889
28628,9198
28629,7993
28630,11355
28631,18260
28632,7718
28633,5746
28634,8470
28635,8038
28636,10342
28637,4605
28638,6849
28639,4589
28640,9628
28641,7415
28642,6823
28643,14830
28644,12447
28645,5827
28646,7491
28647,4468
28648,5881
28649,6130
28650,9281
28651,5396
28652,4881
28653,6632
28654,8221
28655,7030
28656,5584
28657,6262
28658,7316
28659,7398
28660,7676
28661,4080
28662,11345
28663,20148
28664,3911
28665,7649
28666,9162
28667,8292
28668,5680
28669,3284
28670,5378
28671,8480
28672,5659
28673,8549
28674,9852
28675,5070
28676,5872
28677,7662
28678,6897
28679,5425
28680,6738
28681,8368
28682,10513
28683,8385
28684,11458
28685,6242
28686,4286
28687,7207
28688,6351
28689,9345
28690,6990
28691,4922
28692,23402
28693,7791
28694,6676
28695,12826
28696,7959
28697,8691
28698,7001
28699,8727
28700,5615
28701,9424
28702,14047
28703,5682
28704,6397
28705,7571
28706,15082
28707,7159
28708,6197
28709,6918
28710,5893
28711,7058
28712,4562
28713,9407
28714,4814
28715,7895
28716,3217
28717,19831
28718,9582
28719,5116
28720,5105
28721,10215
28722,6815
28723,7815
28724,8878
28725,6564
28726,5538
28727,5081
28728,10572
28729,6509
28730,6810
28731,8055
28732,8435
28733,5612
28734,8113
28735,6810
28736,4446
28737,9317
28738,9535
28739,5168
28740,7945
28741,7626
28742,5537
28743,10164
28744,6545
28745,7629
28746,6847
28747,8034
28748,4120
28749,5183
28750,5904
28751,7432
28752,7864
28753,9440
28754,4406
28755,8538
28756,5009
28757,6526
28758,4940
28759,6874
28760,6718
28761,7631
28762,7870
28763,9403
28764,4567
28765,6776
28766,7567
28767,8452
28768,7558
28769,10289
28770,10456
28771,7130
28772,3559
28773,7967
28774,5787
28775,6892
28776,8033
28777,4449
28778,12056
28779,5961
28780,7427
28781,11718
28782,7057
28783,5000
28784,0
28785,6411
28786,11095
28787,6073
28788,10274
28789,10392
28790,6538
28791,5811
28792,7165
28793,5956
28794,6540
28795,6711
28796,9908
28797,7489
28798,6052
28799,5102
28800,6835
28801,7944
28802,7113
28803,8991
28804,6636
28805,7281
28806,5036
28807,8420
28808,8767
28809,7317
28810,6460
28811,7056
28812,8631
28813,10042
28814,6147
28815,8503
28816,6144
28817,6861
28818,7921
28819,7176
28820,5086
28821,4917
28822,9109
28823,8043
28824,6532
28825,6471
28826,8700
28827,6386
28828,6024
28829,7855
28830,5529
28831,3600
28832,9689
28833,4374
28834,8347
28835,8130
28836,6610
28837,7343
28838,12546
28839,10554
28840,9992
28841,5196
28842,8448
28843,7866
28844,4735
28845,3622
28846,8734
28847,3917
28848,8045
28849,13666
28850,8148
28851,7831
28852,5396
28853,8077
28854,7275
28855,7131
28856,7873
28857,9052
28858,9626
28859,7184
28860,8820
28861,5722
28862,7584
28863,5310
28864,6083
28865,6694
28866,5790
28867,6009
28868,8332
28869,5743
28870,10413
28871,7553
28872,5503
28873,4848
28874,10568
28875,8220
28876,6464
28877,7181
28878,7586
28879,6651
28880,6458
28881,7167
28882,8101
28883,6622
28884,5389
28885,10189
28886,7776
28887,6138
28888,4078
28889,12126
28890,6863
28891,6252
28892,7198
28893,12191
28894,9611
28895,9451
28896,9593
28897,7969
28898,6303
28899,6575
28900,8231
28901,10333
28902,15655
28903,5758
28904,6111
28905,4094
28906,5429
28907,9886
28908,15840
28909,7105
28910,5388
28911,5458
28912,6902
28913,6270
28914,11368
28915,9234
28916,6640
28917,4384
28918,8646
28919,6718
28920,9729
28921,10433
28922,5486
28923,8546
28924,4359
28925,7764
28926,9399
28927,7686
28928,10239
28929,7246
28930,8588
28931,5005
28932,6928
28933,7796
28934,9619
28935,7730
28936,8637
28937,7250
28938,5141
28939,10233
28940,4990
28941,11050
28942,6850
28943,5047
28944,8845
28945,7724
28946,6955
28947,8274
28948,9753
28949,5600
28950,12084
28951,4382
28952,4964
28953,8890
28954,9782
28955,11448
28956,7672
28957,7140
28958,6187
28959,6562
28960,8385
28961,7104
28962,7054
28963,5968
28964,10523
28965,7892
28966,9542
28967,12923
28968,9175
28969,5169
28970,5390
28971,6386
28972,10867
28973,5900
28974,8906
28975,5714
28976,11474
28977,7349
28978,6328
28979,5679
28980,5716
28981,5858
28982,7232
28983,6972
28984,5770
28985,5507
28986,5298
28987,9934
28988,7297
28989,22911
28990,7735
28991,4602
28992,5469
28993,7809
28994,10317
28995,5279
28996,5173
28997,10022
28998,8230
28999,7667
29000,6268
29001,8330
29002,8977
29003,5484
29004,5953
29005,7825
29006,8812
29007,7323
29008,7593
29009,7545
29010,9891
29011,6454
29012,5183
29013,6372
29014,10586
29015,11454
29016,7881
29017,10554
29018,5533
29019,8678
29020,4858
29021,6410
29022,4645
29023,8379
29024,8732
29025,12600
29026,9891
29027,7441
29028,6340
29029,5676
29030,4809
29031,6461
29032,11347
29033,6943
29034,6079
29035,6071
29036,6154
29037,8585
29038,3783
29039,7920
29040,5006
29041,7641
29042,7695
29043,5948
29044,8298
29045,5641
29046,8717
29047,9492
29048,7693
29049,6039
29050,10102
29051,5212
29052,7028
29053,8287
29054,12710
29055,5899
29056,6688
29057,9150
29058,7869
29059,9746
29060,7136
29061,9975
29062,5289
29063,5486
29064,6516
29065,6725
29066,9859
29067,8816
29068,4130
29069,6061
29070,8601
29071,7111
29072,10893
29073,4092
29074,13678
29075,7219
29076,5310
29077,6685
29078,7142
29079,6635
29080,8845
29081,5022
29082,7104
29083,6593
29084,8134
29085,7603
29086,6307
29087,7852
29088,6071
29089,6196
29090,8675
29091,8559
29092,7545
29093,5031
29094,10431
29095,5709
29096,9626
29097,7762
29098,12925
29099,7079
29100,5064
29101,7679
29102,6253
29103,6125
29104,5518
29105,8029
29106,7898
29107,4055
29108,9068
29109,6547
29110,7908
29111,4872
29112,8396
29113,9154
29114,4792
29115,13235
29116,6183
29117,5689
29118,8870
29119,9812
29120,5666
29121,4817
29122,8024
29123,7093
29124,5126
29125,6830
29126,6239
29127,8274
29128,9224
29129,7430
29130,8308
29131,6135
29132,4634
29133,7084
29134,8593
29135,8405
29136,9120
29137,8316
29138,9696
29139,6277
29140,9641
29141,7597
29142,5986
29143,7680
29144,10555
29145,7480
29146,9045
29147,10530
29148,8523
29149,8428
29150,6499
29151,7538
29152,8832
29153,7346
29154,7405
29155,4257
29156,5883
29157,11298
29158,8574
29159,6399
29160,4511
29161,8984
29162,7437
29163,9046
29164,6458
29165,6441
29166,5645
29167,4270
29168,11467
29169,7833
29170,7944
29171,7394
29172,6233
29173,5477
29174,6853
29175,7900
29176,4393
29177,6718
29178,5773
29179,9372
29180,8331
29181,6993
29182,12999
29183,5571
29184,5377
29185,11307
29186,5501
29187,7345
29188,3475
29189,9553
29190,8247
29191,6118
29192,7033
29193,7294
29194,6108
29195,7250
29196,9105
29197,12332
29198,3228
29199,7746
29200,3607
29201,15370
29202,5236
29203,9207
29204,9335
29205,7108
29206,7374
29207,5463
29208,5755
29209,3444
29210,5179
29211,6992
29212,5935
29213,7479
29214,7931
29215,6051
29216,7472
29217,6690
29218,8570
29219,10511
29220,8630
29221,5547
29222,4426
29223,10319
29224,11394
29225,6602
29226,8261
29227,5083
29228,7963
29229,5854
29230,5475
29231,6805
29232,4778
29233,7820
29234,5854
29235,9667
29236,7832
29237,9514
29238,8558
29239,6195
29240,9930
29241,20082
29242,11071
29243,5969
29244,3530
29245,6523
29246,9224
29247,5672
29248,6488
29249,13621
29250,6533
29251,14622
29252,19706
29253,4475
29254,7558
29255,6026
29256,4777
29257,10756
29258,5524
29259,9252
29260,10386
29261,9316
29262,7675
29263,8200
29264,4715
29265,7132
29266,4217
29267,6750
29268,8072
29269,10613
29270,6800
29271,6642
29272,5236
29273,7880
29274,5850
29275,5578
29276,4788
29277,8605
29278,6510
29279,6607
29280,7475
29281,8806
29282,0
29283,7034
29284,6943
29285,6090
29286,7839
29287,7795
29288,9338
29289,8392
29290,8361
29291,6269
29292,4218
29293,7086
29294,7336
29295,6849
29296,4990
29297,3380
29298,9328
29299,7889
29300,10761
29301,7513
29302,6548
29303,7762
29304,5712
29305,4949
29306,10573
29307,5639
29308,8356
29309,8414
29310,16203
29311,6752
29312,6430
29313,8113
29314,6090
29315,8090
29316,6074
29317,8453
29318,4789
29319,7742
29320,4517
29321,6352
29322,3990
29323,11528
29324,5652
29325,17096
29326,14850
29327,5603
29328,7613
29329,5790
29330,7583
29331,6031
29332,12300
29333,8621
29334,10652
29335,4832
29336,7926
29337,5487
29338,9334
29339,8973
29340,7762
29341,6510
29342,7255
29343,6940
29344,8556
29345,10552
29346,6430
29347,8263
29348,10370
29349,7131
29350,7775
29351,7165
29352,10076
29353,7975
29354,5878
29355,5864
29356,7047
29357,6153
29358,11631
29359,6780
29360,8540
29361,7572
29362,9406
29363,4871
29364,8164
29365,10954
29366,9324
29367,9599
29368,7241
29369,4638
29370,14808
29371,9912
29372,9244
29373,18630
29374,10692
29375,8042
29376,7380
29377,10081
29378,11024
29379,12168
29380,12708
29381,5981
29382,7897
29383,6161
29384,9643
29385,4260
29386,12244
29387,6738
29388,6250
29389,6621
29390,10040
29391,8452
29392,5981
29393,7709
29394,5760
29395,5355
29396,7870
29397,4612
29398,5232
29399,6895
29400,7080
29401,10580
29402,9167
29403,8067
29404,7128
29405,6236
29406,12592
29407,7867
29408,5830
29409,5960
29410,5379
29411,9646
29412,4928
29413,11544
29414,7557
29415,3706
29416,5369
29417,8344
29418,6676
29419,5770
29420,9476
29421,10549
29422,12781
29423,6640
29424,11005
29425,3206
29426,5854
29427,7337
29428,6116
29429,7826
29430,5864
29431,7016
29432,5039
29433,5912
29434,11517
29435,8638
29436,5380
29437,5563
29438,8988
29439,11663
29440,10678
29441,6057
29442,5800
29443,9902
29444,6598
29445,7712
29446,6564
29447,5844
29448,7797
29449,11096
29450,4460
29451,4721
29452,5413
29453,6531
29454,10485
29455,8788
29456,8551
29457,13925
29458,5828
29459,11803
29460,13246
29461,7574
29462,5602
29463,3990
29464,8363
29465,6572
29466,6582
29467,6934
29468,7599
29469,12167
29470,5650
29471,6664
29472,8028
29473,6114
29474,8281
29475,5469
29476,5060
29477,8262
29478,3840
29479,9282
29480,8565
29481,7538
29482,8515
29483,9174
29484,8886
29485,6408
29486,8448
29487,9741
29488,6977
29489,6004
29490,6127
29491,5461
29492,11366
29493,8304
29494,7010
29495,5761
29496,7559
29497,9033
29498,7946
29499,7004
29500,8792
29501,5709
29502,6737
29503,19198
29504,7139
29505,9113
29506,7011
29507,6904
29508,6514
29509,5778
29510,4514
29511,6156
29512,9615
29513,14009
29514,9511
29515,10030
29516,12299
29517,11265
29518,11810
29519,9210
29520,6738
29521,5444
29522,11081
29523,11822
29524,8544
29525,9036
29526,8713
29527,6681
29528,4384
29529,11297
29530,7572
29531,7076
29532,6937
29533,3378
29534,14269
29535,12565
29536,15651
29537,6509
29538,5846
29539,5173
29540,6427
29541,7100
29542,9501
29543,7161
29544,5589
29545,5364
29546,7982
29547,4314
29548,3629
29549,7149
29550,14925
29551,7506
29552,18600
29553,4922
29554,6274
29555,7120
29556,6334
29557,5567
29558,5504
29559,4892
29560,4500
29561,8612
29562,7447
29563,4372
29564,9626
29565,6464
29566,7678
29567,5083
29568,10397
29569,8392
29570,10529
29571,6058
29572,7918
29573,4502
29574,5506
29575,5395
29576,15739
29577,11232
29578,7154
29579,6208
29580,5423
29581,6293
29582,5615
29583,12016
29584,4846
29585,15375
29586,4854
29587,5586
29588,6261
29589,10133
29590,8096
29591,5172
29592,7255
29593,8570
29594,8142
29595,8100
29596,6391
29597,4656
29598,11123
29599,5295
29600,4465
29601,6096
29602,7307
29603,6481
29604,6792
29605,9914
29606,9013
29607,7239
29608,7588
29609,4955
29610,8624
29611,6402
29612,5039
29613,7496
29614,7432
29615,6973
29616,10595
29617,7059
29618,6864
29619,7136
29620,7337
29621,6515
29622,7774
29623,7403
29624,7881
29625,7199
29626,6924
29627,10062
29628,6802
29629,4916
29630,12507
29631,6642
29632,3609
29633,8434
29634,9112
29635,11505
29636,5602
29637,6681
29638,7167
29639,4171
29640,6365
29641,7657
29642,8134
29643,6097
29644,7538
29645,9479
29646,3695
29647,6540
29648,6567
29649,6255
29650,5766
29651,7449
29652,9659
29653,5981
29654,5598
29655,9306
29656,7819
29657,9817
29658,9611
29659,5418
29660,7169
29661,7440
29662,8977
29663,8756
29664,8477
29665,5550
29666,9382
29667,7917
29668,8060
29669,10660
29670,4965
29671,4444
29672,13607
29673,9839
29674,9332
29675,6773
29676,7286
29677,9140
29678,4209
29679,7764
29680,6076
29681,8908
29682,7321
29683,7911
29684,8827
29685,6655
29686,9708
29687,11611
29688,16909
29689,7977
29690,5367
29691,6552
29692,4829
29693,3580
29694,12102
29695,8705
29696,6050
29697,8952
29698,6098
29699,12131
29700,5388
29701,7048
29702,6502
29703,10068
29704,5638
29705,7101
29706,5986
29707,5999
29708,7980
29709,5606
29710,8042
29711,8349
29712,10204
29713,8624
29714,7537
29715,6547
29716,12442
29717,5235
29718,5775
29719,11093
29720,7847
29721,10129
29722,8065
29723,15161
29724,6468
29725,6021
29726,5879
29727,6656
29728,8909
29729,11782
29730,7954
29731,9050
29732,8311
29733,4507
29734,7857
29735,8338
29736,7794
29737,9160
29738,6323
29739,5387
29740,5640
29741,4243
29742,5756
29743,9138
29744,8633
29745,11715
29746,17549
29747,7449
29748,5573
29749,7808
29750,7992
29751,10103
29752,4773
29753,6839
29754,4702
29755,9796
29756,7246
29757,6756
29758,14654
29759,12189
29760,5830
29761,7573
29762,4348
29763,5686
29764,5939
29765,9390
29766,5288
29767,4983
29768,6380
29769,8368
29770,7993
29771,5214
29772,6459
29773,7858
29774,7264
29775,7707
29776,3993
29777,11043
29778,19176
29779,3922
29780,7841
29781,9052
29782,8141
29783,5424
29784,3474
29785,4932
29786,8492
29787,5431
29788,8311
29789,9726
29790,5127
29791,6032
29792,7709
29793,6698
29794,5330
29795,6589
29796,7892
29797,10028
29798,8630
29799,10500
29800,6319
29801,4340
29802,7064
29803,6244
29804,10082
29805,6920
29806,5027
29807,23045
29808,7733
29809,6570
29810,12291
29811,7819
29812,8172
29813,7107
29814,8377
29815,5432
29816,9462
29817,14174
29818,5663
29819,6331
29820,6989
29821,14204
29822,7074
29823,6037
29824,6858
29825,5689
29826,6810
29827,4720
29828,9180
29829,4628
29830,7628
29831,3062
29832,19603
29833,9585
29834,4498
29835,5177
29836,10528
29837,6643
29838,7625
29839,8697
29840,6603
29841,5364
29842,5180
29843,10311
29844,6270
29845,6700
29846,7874
29847,7983
29848,5375
29849,7818
29850,6785
29851,4290
29852,9107
29853,9608
29854,4879
29855,8135
29856,7944
29857,5540
29858,10210
29859,6475
29860,7542
29861,7151
29862,8377
29863,3987
29864,5377
29865,5821
29866,0
29867,6778
29868,9205
29869,4580
29870,8535
29871,4483
29872,6397
29873,4863
29874,6775
29875,6510
29876,7541
29877,7949
29878,9478
29879,4910
29880,6906
29881,7355
29882,8711
29883,7046
29884,8978
29885,10272
29886,7310
29887,3540
29888,8133
29889,5643
29890,6700
29891,7900
29892,4271
29893,11875
29894,5940
29895,7452
29896,11582
29897,7348
29898,5020
29899,0
29900,6537
29901,10854
29902,5917
29903,9954
29904,11071
29905,6665
29906,5531
29907,7049
29908,5826
29909,6318
29910,6560
29911,9809
29912,7487
29913,5832
29914,5092
29915,6556
29916,7894
29917,7138
29918,8547
29919,6573
29920,7142
29921,5516
29922,8461
29923,8025
29924,7237
29925,6814
29926,6808
29927,8526
29928,10130
29929,6033
29930,8361
29931,5813
29932,7246
29933,7956
29934,6986
29935,4929
29936,4834
29937,7823
29938,8286
29939,6350
29940,6280
29941,8773
29942,6305
29943,6213
29944,6923
29945,5644
29946,3652
29947,9062
29948,4332
29949,8082
29950,7894
29951,6551
29952,7241
29953,13089
29954,10184
29955,8817
29956,5055
29957,9516
29958,7750
29959,4450
29960,3626
29961,9043
29962,3812
29963,7949
29964,13067
29965,8879
29966,7502
29967,5336
29968,7849
29969,7605
29970,6920
29971,8041
29972,8893
29973,9390
29974,6839
29975,8915
29976,5480
29977,7501
29978,5296
29979,5848
29980,7042
29981,5917
29982,5766
29983,8442
29984,5539
29985,10374
29986,7500
29987,5612
29988,4732
29989,10766
29990,7867
29991,6550
29992,7112
29993,7459
29994,6350
29995,6445
29996,7073
29997,7988
29998,6314
29999,5228
30000,10007
30001,7466
30002,6430
30003,3924
30004,12059
30005,7217
30006,6108
30007,7260
30008,11883
30009,9402
30010,8485
30011,9420
30012,7706
30013,6192
30014,6578
30015,8098
30016,9880
30017,14343
30018,5585
30019,6124
30020,4223
30021,5261
30022,10106
30023,16207
30024,7143
30025,5722
30026,5723
30027,7173
30028,6388
30029,10476
30030,9543
30031,6527
30032,4490
30033,8202
30034,6612
30035,10334
30036,10374
30037,5336
30038,8490
30039,4360
30040,7918
30041,9036
30042,7681
30043,9502
30044,7022
30045,8483
30046,4855
30047,7521
30048,7556
30049,9395
30050,7803
30051,8878
30052,7372
30053,5007
30054,10171
30055,4821
30056,10959
30057,6911
30058,4772
30059,6633
30060,7475
30061,7009
30062,7938
30063,9391
30064,5797
30065,11780
30066,4513
30067,5004
30068,8348
30069,9589
30070,11031
30071,7280
30072,7435
30073,5817
30074,6830
30075,8309
30076,6984
30077,7210
30078,6097
30079,10444
30080,7360
30081,9392
30082,12372
30083,9036
30084,4996
30085,5193
30086,6277
30087,11050
30088,5733
30089,9121
30090,5539
30091,11716
30092,7134
30093,6219
30094,5870
30095,5643
30096,5795
30097,6843
30098,6944
30099,5466
30100,5694
30101,5225
30102,9749
30103,7645
30104,22651
30105,7675
30106,4563
30107,4841
30108,7513
30109,10093
30110,5101
30111,5068
30112,10247
30113,6604
30114,7753
30115,6358
30116,7664
30117,8483
30118,5820
30119,5809
30120,7929
30121,8694
30122,6594
30123,7976
30124,7406
30125,8389
30126,6736
30127,5457
30128,6433
30129,10764
30130,10527
30131,7544
30132,10155
30133,5082
30134,8448
30135,3970
30136,6575
30137,4702
30138,8301
30139,8576
30140,11868
30141,9851
30142,7318
30143,6335
30144,5064
30145,4473
30146,6481
30147,10903
30148,6977
30149,6011
30150,6098
30151,6438
30152,8152
30153,3899
30154,8480
30155,5031
30156,8441
30157,7862
30158,5958
30159,8583
30160,5518
30161,8979
30162,8866
30163,7864
30164,5863
30165,9261
30166,5267
30167,6760
30168,8346
30169,12446
30170,5704
30171,6961
30172,8619
30173,7732
30174,9848
30175,7352
30176,9941
30177,5097
30178,4975
30179,6052
30180,6965
30181,10409
30182,8997
30183,4059
30184,6135
30185,8945
30186,7847
30187,10232
30188,4111
30189,13125
30190,7447
30191,4924
30192,6161
30193,6671
30194,6728
30195,8543
30196,4785
30197,6946
30198,7152
30199,7930
30200,7293
30201,5496
30202,7541
30203,6168
30204,6357
30205,8916
30206,8520
30207,7225
30208,5237
30209,10429
30210,5699
30211,9749
30212,7898
30213,13557
30214,7186
30215,4616
30216,8012
30217,6310
30218,6481
30219,5564
30220,8995
30221,7850
30222,4007
30223,9154
30224,6262
30225,8042
30226,4818
30227,8207
30228,8258
30229,5713
30230,12324
30231,6011
30232,5997
30233,8942
30234,9959
30235,5575
30236,4634
30237,7955
30238,6668
30239,5017
30240,7145
30241,6351
30242,9098
30243,8105
30244,7797
30245,7794
30246,5970
30247,4701
30248,7076
30249,8641
30250,8020
30251,9169
30252,8498
30253,9501
30254,6521
30255,9576
30256,7619
30257,5858
30258,7317
30259,10125
30260,8084
30261,7152
30262,10217
30263,8789
30264,8918
30265,6428
30266,7619
30267,9088
30268,7032
30269,7467
30270,4416
30271,5526
30272,9949
30273,8486
30274,6696
30275,4508
30276,8748
30277,7159
30278,8570
30279,6874
30280,6492
30281,5364
30282,3964
30283,10926
30284,7248
30285,7612
30286,7306
30287,6266
30288,5330
30289,6840
30290,8461
30291,4561
30292,7214
30293,5825
30294,9586
30295,8554
30296,7070
30297,13981
30298,5058
30299,5568
30300,11169
30301,5291
30302,7976
30303,3426
30304,9637
30305,8097
30306,6140
30307,7138
30308,6816
30309,6393
30310,6990
30311,8035
30312,11565
30313,3389
30314,7274
30315,3766
30316,14325
30317,5068
30318,9238
30319,10173
30320,7611
30321,7109
30322,5241
30323,5300
30324,3396
30325,4813
30326,7083
30327,5594
30328,7884
30329,8097
30330,5674
30331,7340
30332,6899
30333,8799
30334,10836
30335,8487
30336,5983
30337,4732
30338,10222
30339,11352
30340,6396
30341,8327
30342,5071
30343,7538
30344,5815
30345,5431
30346,7097
30347,4853
30348,7354
30349,5861
30350,9549
30351,7816
30352,9464
30353,8057
30354,6133
30355,10088
30356,18622
30357,10813
30358,5461
30359,3676
30360,6632
30361,8467
30362,5417
30363,6816
30364,13768
30365,6308
30366,13039
30367,21308
30368,4720
30369,7115
30370,5795
30371,4174
30372,8851
30373,5605
30374,8745
30375,10178
30376,8600
30377,7255
30378,7940
30379,5107
30380,7730
30381,4075
30382,7410
30383,7693
30384,11536
30385,7086
30386,6785
30387,4773
30388,7896
30389,6153
30390,6080
30391,4592
30392,8798
30393,6405
30394,6893
30395,7502
30396,8254
30397,0
30398,6530
30399,6504
30400,6026
30401,7500
30402,7896
30403,10397
30404,8536
30405,8319
30406,6321
30407,4577
30408,6910
30409,7003
30410,6891
30411,5001
30412,3189
30413,8964
30414,7269
30415,10939
30416,7155
30417,6508
30418,7664
30419,5283
30420,4898
30421,10487
30422,6558
30423,8284
30424,8983
30425,14811
30426,6809
30427,5345
30428,8314
30429,5034
30430,6068
30431,6388
30432,7805
30433,4689
30434,8212
30435,4526
30436,5687
30437,3689
30438,10763
30439,5719
30440,16013
30441,13956
30442,5907
30443,7699
30444,5723
30445,7520
30446,5857
30447,12696
30448,8679
30449,9637
30450,4765
30451,8024
30452,5912
30453,9872
30454,8782
30455,8152
30456,6590
30457,7476
30458,7183
30459,9155
30460,9506
30461,6890
30462,7706
30463,10287
30464,7193
30465,7885
30466,7197
30467,9517
30468,7562
30469,5800
30470,5918
30471,6702
30472,6101
30473,11539
30474,7253
30475,8417
30476,7425
30477,9696
30478,5242
30479,7798
30480,10036
30481,9014
30482,9227
30483,6620
30484,4497
30485,14562
30486,9039
30487,9054
30488,17942
30489,9101
30490,8687
30491,7533
30492,9595
30493,10791
30494,11654
30495,12747
30496,5945
30497,7509
30498,6175
30499,10337
30500,4360
30501,10138
30502,6525
30503,6430
30504,6793
30505,9019
30506,7859
30507,5870
30508,7867
30509,5547
30510,5008
30511,8059
30512,4858
30513,5443
30514,6638
30515,7135
30516,11127
30517,10154
30518,7594
30519,7389
30520,6431
30521,11691
30522,7278
30523,6198
30524,5706
30525,5427
30526,10216
30527,4924
30528,12898
30529,7518
30530,3513
30531,5024
30532,8336
30533,6887
30534,6419
30535,10026
30536,10177
30537,12298
30538,6474
30539,12113
30540,3183
30541,5838
30542,7393
30543,6155
30544,7843
30545,6337
30546,7386
30547,5231
30548,5806
30549,12190
30550,9036
30551,5169
30552,5435
30553,9334
30554,10755
30555,8836
30556,6282
30557,5598
30558,9755
30559,6195
30560,8079
30561,5957
30562,6373
30563,8274
30564,9619
30565,4069
30566,4965
30567,4877
30568,5934
30569,10607
30570,9199
30571,9071
30572,12858
30573,6106
30574,11908
30575,12901
30576,8009
30577,5560
30578,3682
30579,8221
30580,6418
30581,6365
30582,7299
30583,7439
30584,11809
30585,5174
30586,6647
30587,8041
30588,4778
30589,9408
30590,6002
30591,4611
30592,8242
30593,3942
30594,7691
30595,8660
30596,7896
30597,8459
30598,9294
30599,8552
30600,6490
30601,8468
30602,10223
30603,7024
30604,6237
30605,6761
30606,5432
30607,10948
30608,7974
30609,6490
30610,5596
30611,7359
30612,9213
30613,7825
30614,7073
30615,9056
30616,5743
30617,7357
30618,17927
30619,7194
30620,10114
30621,6151
30622,6693
30623,7118
30624,5970
30625,4584
30626,6244
30627,10218
30628,13938
30629,8798
30630,10361
30631,10596
30632,11530
30633,11577
30634,9349
30635,6640
30636,5214
30637,10803
30638,12088
30639,9461
30640,8239
30641,9106
30642,6740
30643,4089
30644,11707
30645,7543
30646,6731
30647,7103
30648,3257
30649,12682
30650,11597
30651,14481
30652,6565
30653,5880
30654,5718
30655,6721
30656,6674
30657,8871
30658,7719
30659,5402
30660,5547
30661,7479
30662,4015
30663,3474
30664,6273
30665,14516
30666,7588
30667,19427
30668,4521
30669,6415
30670,7094
30671,6509
30672,5172
30673,6137
30674,4712
30675,4150
30676,9604
30677,7418
30678,4598
30679,10204
30680,6597
30681,7387
30682,5048
30683,10735
30684,7972
30685,9605
30686,5739
30687,7609
30688,4656
30689,5593
30690,5217
30691,15080
30692,11916
30693,7328
30694,5858
30695,5802
30696,6934
30697,4459
30698,9379
30699,4632
30700,15050
30701,4757
30702,5497
30703,6232
30704,10719
30705,8457
30706,5690
30707,7100
30708,7894
30709,8253
30710,8712
30711,6222
30712,4470
30713,9700
30714,5285
30715,4383
30716,6225
30717,8078
30718,6226
30719,6443
30720,9732
30721,9098
30722,7282
30723,8161
30724,4926
30725,9175
30726,6187
30727,5055
30728,7704
30729,7302
30730,6815
30731,9940
30732,7199
30733,6696
30734,7460
30735,6578
30736,6218
30737,7651
30738,8482
30739,7402
30740,6760
30741,7359
30742,10242
30743,7406
30744,4981
30745,12737
30746,5810
30747,3403
30748,8646
30749,10300
30750,10818
30751,5448
30752,6842
30753,7422
30754,4242
30755,6843
30756,7581
30757,7570
30758,6322
30759,6817
30760,9239
30761,3731
30762,6217
30763,6257
30764,5749
30765,5819
30766,7657
30767,9557
30768,6264
30769,5602
30770,8740
30771,8099
30772,9606
30773,9745
30774,5847
30775,7420
30776,7532
30777,8705
30778,8745
30779,9111
30780,3888
30781,9760
30782,7939
30783,7683
30784,11027
30785,4948
30786,4307
30787,12968
30788,9234
30789,9701
30790,6503
30791,6522
30792,9211
30793,4108
30794,7811
30795,5750
30796,9018
30797,6567
30798,7673
30799,8989
30800,6215
30801,9387
30802,11644
30803,16627
30804,8025
30805,5315
30806,6716
30807,5111
30808,3541
30809,12186
30810,8160
30811,6632
30812,9310
30813,6500
30814,10777
30815,5722
30816,7034
30817,7022
30818,9449
30819,6145
30820,6940
30821,6611
30822,5824
30823,7959
30824,5608
30825,7952
30826,8831
30827,9855
30828,8802
30829,7351
30830,6615
30831,11466
30832,5236
30833,6178
30834,11583
30835,7748
30836,9705
30837,8011
30838,15873
30839,6181
30840,5751
30841,5748
30842,6132
30843,9265
30844,12365
30845,8345
30846,8381
30847,8313
30848,4469
30849,8011
30850,7739
30851,7790
30852,8969
30853,6265
30854,5459
30855,5933
30856,3991
30857,5403
30858,8966
30859,7480
30860,11665
30861,17859
30862,7546
30863,5331
30864,7805
30865,7982
30866,9607
30867,4890
30868,6948
30869,4633
30870,9462
30871,7715
30872,7331
30873,14122
30874,13011
30875,5493
30876,7608
30877,4228
30878,5752
30879,5629
30880,9816
30881,5099
30882,5267
30883,6089
30884,7983
30885,6635
30886,4690
30887,6485
30888,7902
30889,7544
30890,7627
30891,3472
30892,11425
30893,18512
30894,3930
30895,8293
30896,8721
30897,7769
30898,5460
30899,3347
30900,4911
30901,7926
30902,5656
30903,7679
30904,9744
30905,5058
30906,5996
30907,7770
30908,6790
30909,5657
30910,6645
30911,7841
30912,10662
30913,8081
30914,10416
30915,6532
30916,4198
30917,6586
30918,6178
30919,9654
30920,6975
30921,4785
30922,21433
30923,7459
30924,6478
30925,12330
30926,7487
30927,8158
30928,7099
30929,7719
30930,5414
30931,9516
30932,14058
30933,5568
30934,6060
30935,6782
30936,12872
30937,7526
30938,6210
30939,6617
30940,5925
30941,6160
30942,5074
30943,9000
30944,4422
30945,7156
30946,3212
30947,22100
30948,9607
30949,4388
30950,5666
30951,10774
30952,6414
30953,7517
30954,9045
30955,6485
30956,5917
30957,4797
30958,10267
30959,6256
30960,6872
30961,7580
30962,8306
30963,5315
30964,8154
30965,7298
30966,4171
30967,8681
30968,10348
30969,4840
30970,8056
30971,8238
30972,5757
30973,10794
30974,5714
30975,7398
30976,7720
30977,8568
30978,3810
30979,5430
30980,5855
30981,0
30982,6427
30983,9199
30984,4693
30985,8620
30986,4113
30987,6450
30988,4839
30989,6861
30990,6136
30991,7356
30992,8017
30993,9981
30994,5073
30995,7228
30996,7150
30997,8979
30998,6649
30999,9717
31000,10525
31001,6993
31002,3975
31003,7448
31004,5561
31005,6945
31006,7523
31007,4203
31008,13005
31009,6063
31010,6977
31011,11343
31012,7127
31013,5025
31014,0
31015,6584
31016,10804
31017,5792
31018,9451
31019,9885
31020,7784
31021,5537
31022,7372
31023,5872
31024,6167
31025,6913
31026,8906
31027,7824
31028,5686
31029,4934
31030,7547
31031,8164
31032,6592
31033,8483
31034,6350
31035,6833
31036,4936
31037,8958
31038,7583
31039,7530
31040,6509
31041,6611
31042,8903
31043,9856
31044,6437
31045,8321
31046,5640
31047,7364
31048,8055
31049,6759
31050,4771
31051,4724
31052,7869
31053,8723
31054,6133
31055,6455
31056,8829
31057,6899
31058,5785
31059,6569
31060,5639
31061,3266
31062,8785
31063,4239
31064,7892
31065,7980
31066,7047
31067,7323
31068,10672
31069,9949
31070,8325
31071,5114
31072,8236
31073,7533
31074,4179
31075,3201
31076,8361
31077,4022
31078,7658
31079,12902
31080,8267
31081,7343
31082,5235
31083,7725
31084,7576
31085,6883
31086,7928
31087,8764
31088,8609
31089,6561
31090,9136
31091,5233
31092,7458
31093,4956
31094,5965
31095,7486
31096,6224
31097,5727
31098,8183
31099,5714
31100,10460
31101,7090
31102,5737
31103,4806
31104,10474
31105,8038
31106,5935
31107,7032
31108,7855
31109,6737
31110,6229
31111,6741
31112,8300
31113,6075
31114,5099
31115,10451
31116,7285
31117,6759
31118,3830
31119,12387
31120,7270
31121,6084
31122,6712
31123,11733
31124,9875
31125,8869
31126,9924
31127,7421
31128,6100
31129,6800
31130,7976
31131,10874
31132,14219
31133,5653
31134,5406
31135,3862
31136,5051
31137,9916
31138,15451
31139,6453
31140,5138
31141,5885
31142,6421
31143,6752
31144,10203
31145,9198
31146,6818
31147,4171
31148,8703
31149,6528
31150,9489
31151,10276
31152,5509
31153,8317
31154,4296
31155,8436
31156,8799
31157,7633
31158,8978
31159,6844
31160,8250
31161,5368
31162,7371
31163,8096
31164,9321
31165,7675
31166,9077
31167,7140
31168,4931
31169,10065
31170,4966
31171,10894
31172,7344
31173,5129
31174,6028
31175,7260
31176,6545
31177,7819
31178,9176
31179,5840
31180,11730
31181,4313
31182,4933
31183,8111
31184,9501
31185,11445
31186,6878
31187,6429
31188,6162
31189,6358
31190,8238
31191,6409
31192,7297
31193,5745
31194,10983
31195,6649
31196,9575
31197,12631
31198,9070
31199,5275
31200,4767
31201,6358
31202,11198
31203,5564
31204,8410
31205,5507
31206,11247
31207,7035
31208,6391
31209,6070
31210,5515
31211,5576
31212,7021
31213,6127
31214,5508
31215,5359
31216,5043
31217,9468
31218,6996
31219,22390
31220,8029
31221,4352
31222,2758
31223,3985
31224,9503
31225,2026
31226,2861
31227,6459
31228,3456
31229,6554
31230,5122
31231,5503
31232,6067
31233,4438
31234,3367
31235,5743
31236,5519
31237,2557
31238,4685
31239,4344
31240,6035
31241,5162
31242,3414
31243,4569
31244,7236
31245,7887
31246,5451
31247,7037
31248,2111
31249,7381
31250,3383
31251,5432
31252,2659
31253,7720
31254,7313
31255,8516
31256,9390
31257,6654
31258,5974
31259,2770
31260,4568
31261,5952
31262,7788
31263,4070
31264,3576
31265,5718
31266,4991
31267,5647
31268,2463
31269,7744
31270,4382
31271,7947
31272,6514
31273,3531
31274,8373
31275,2978
31276,8957
31277,6004
31278,6640
31279,2529
31280,5213
31281,4760
31282,3709
31283,7467
31284,10100
31285,2951
31286,6185
31287,5592
31288,8677
31289,7309
31290,5755
31291,6628
31292,2430
31293,2499
31294,4539
31295,6229
31296,8551
31297,7864
31298,2384
31299,4219
31300,8595
31301,8934
31302,5398
31303,3019
31304,10318
31305,5392
31306,3429
31307,3708
31308,2185
31309,4643
31310,6981
31311,3766
31312,5509
31313,2946
31314,5581
31315,3866
31316,1867
31317,4258
31318,5100
31319,5877
31320,8989
31321,7082
31322,5355
31323,3953
31324,10887
31325,3457
31326,6133
31327,7679
31328,13039
31329,5181
31330,3130
31331,6687
31332,6092
31333,6649
31334,4757
31335,10208
31336,5882
31337,2193
31338,7798
31339,4657
31340,5945
31341,2313
31342,7896
31343,3546
31344,2704
31345,8580
31346,4230
31347,5200
31348,7799
31349,7636
31350,4379
31351,4182
31352,7446
31353,3281
31354,3107
31355,6792
31356,4992
31357,6621
31358,3187
31359,4651
31360,6220
31361,4311
31362,3039
31363,5365
31364,6043
31365,6131
31366,6983
31367,7494
31368,7383
31369,4190
31370,7826
31371,5289
31372,3056
31373,3568
31374,8245
31375,7416
31376,2846
31377,7081
31378,9520
31379,6900
31380,4837
31381,6727
31382,7330
31383,5603
31384,4470
31385,3105
31386,5091
31387,4972
31388,4781
31389,5258
31390,3045
31391,5310
31392,7118
31393,5960
31394,6712
31395,5889
31396,2793
31397,1557
31398,6823
31399,5885
31400,6859
31401,3619
31402,5488
31403,3658
31404,5152
31405,5662
31406,3965
31407,4215
31408,4831
31409,7060
31410,6610
31411,7421
31412,14304
31413,4071
31414,4830
31415,9736
31416,3435
31417,5218
31418,828
31419,7971
31420,6619
31421,5310
31422,6688
31423,5543
31424,4715
31425,5188
31426,4773
31427,8061
31428,3071
31429,5712
31430,2781
31431,8859
31432,3382
31433,7484
31434,9502
31435,6357
31436,5758
31437,4293
31438,2236
31439,1774
31440,3485
31441,5636
31442,3046
31443,5187
31444,7363
31445,3793
31446,5365
31447,4542
31448,8051
31449,7828
31450,7365
31451,5065
31452,3229
31453,8335
31454,8896
31455,3629
31456,4470
31457,3816
31458,5228
31459,5074
31460,3869
31461,6146
31462,3238
31463,5161
31464,4407
31465,8699
31466,5590
31467,7220
31468,6644
31469,4778
31470,8417
31471,16624
31472,8352
31473,3567
31474,3515
31475,6086
31476,7132
31477,2880
31478,4855
31479,9664
31480,6100
31481,6674
31482,17290
31483,5490
31484,5249
31485,2913
31486,2131
31487,10176
31488,3552
31489,5881
31490,8884
31491,2632
31492,3527
31493,5974
31494,3802
31495,6802
31496,1954
31497,5142
31498,4989
31499,10441
31500,5882
31501,5940
31502,2954
31503,7688
31504,5733
31505,6730
31506,1668
31507,9360
31508,5084
31509,5997
31510,4154
31511,4388
31512,0
31513,4616
31514,3630
31515,5621
31516,4690
31517,4954
31518,8553
31519,9387
31520,7702
31521,4230
31522,4391
31523,4638
31524,4748
31525,6671
31526,3004
31527,1339
31528,6682
31529,5338
31530,7867
31531,5421
31532,4413
31533,4382
31534,3182
31535,2616
31536,8340
31537,6188
31538,4715
31539,5568
31540,11351
31541,5988
31542,1962
31543,7492
31544,1920
31545,3934
31546,5957
31547,5939
31548,2510
31549,4130
31550,4186
31551,3652
31552,1527
31553,8212
31554,4349
31555,8911
31556,10323
31557,5890
31558,5591
31559,4178
31560,5173
31561,4705
31562,11498
31563,6126
31564,6557
31565,3114
31566,5583
31567,5591
31568,8457
31569,8731
31570,6946
31571,5099
31572,6604
31573,5196
31574,8121
31575,6411
31576,6950
31577,5683
31578,8779
31579,6832
31580,4777
31581,5429
31582,8122
31583,6040
31584,3455
31585,5572
31586,3106
31587,4911
31588,8770
31589,7145
31590,6975
31591,6128
31592,7669
31593,4774
31594,4261
31595,4137
31596,6010
31597,6446
31598,6220
31599,3174
31600,11504
31601,4934
31602,5527
31603,16000
31604,5346
31605,7531
31606,5939
31607,6668
31608,7944
31609,7578
31610,9639
31611,2633
31612,4310
31613,5185
31614,8629
31615,2535
31616,5312
31617,4252
31618,5169
31619,5410
31620,5556
31621,3334
31622,5589
31623,4840
31624,3062
31625,3028
31626,7603
31627,4382
31628,4995
31629,5605
31630,5218
31631,9546
31632,11961
31633,5098
31634,7517
31635,5898
31636,9797
31637,4629
31638,2771
31639,3945
31640,5181
31641,11727
31642,4122
31643,9061
31644,7006
31645,2072
31646,3646
31647,6030
31648,6103
31649,5196
31650,9028
31651,8526
31652,7644
31653,4106
31654,11980
31655,2087
31656,3574
31657,8152
31658,3898
31659,5504
31660,3695
31661,6613
31662,4898
31663,3581
31664,12707
31665,10322
31666,2288
31667,5135
31668,5393
31669,7472
31670,9732
31671,5118
31672,2995
31673,9113
31674,1987
31675,9486
31676,4399
31677,5531
31678,9529
31679,5750
31680,1605
31681,4783
31682,2291
31683,3707
31684,11329
31685,7798
31686,4220
31687,11792
31688,7212
31689,10477
31690,11610
31691,7118
31692,4271
31693,2080
31694,4633
31695,6254
31696,2598
31697,5874
31698,4369
31699,7097
31700,2409
31701,5522
31702,8047
31703,1652
31704,9314
31705,5849
31706,2539
31707,7015
31708,3420
31709,2918
31710,9500
31711,7199
31712,7252
31713,7713
31714,5507
31715,4841
31716,6740
31717,7058
31718,7841
31719,5489
31720,6900
31721,3770
31722,8617
31723,5778
31724,5904
31725,3911
31726,4664
31727,7877
31728,5654
31729,4165
31730,5066
31731,5447
31732,4983
31733,15692
31734,5139
31735,9463
31736,4477
31737,3702
31738,6315
31739,5452
31740,3379
31741,4890
31742,9039
31743,13847
31744,7164
31745,9599
31746,6781
31747,10305
31748,8139
31749,7213
31750,6743
31751,4165
31752,9653
31753,7757
31754,7264
31755,5187
31756,5144
31757,5060
31758,2393
31759,12220
31760,6592
31761,5485
31762,5022
31763,1439
31764,8217
31765,7658
31766,11788
31767,5749
31768,4351
31769,3785
31770,6548
31771,4884
31772,4140
31773,10422
31774,4498
31775,4455
31776,5263
31777,3412
31778,2443
31779,2288
31780,13910
31781,4745
31782,12451
31783,4130
31784,5535
31785,4963
31786,3970
31787,3008
31788,6213
31789,2994
31790,2623
31791,10303
31792,5743
31793,2850
31794,8520
31795,2559
31796,5924
31797,3507
31798,10032
31799,7158
31800,8266
31801,2416
31802,5122
31803,2581
31804,4642
31805,3500
31806,15434
31807,11743
31808,5024
31809,3037
31810,5794
31811,4350
31812,2506
31813,7527
31814,2483
31815,13934
31816,4181
31817,4819
31818,5531
31819,11131
31820,6997
31821,4973
31822,5030
31823,5933
31824,6682
31825,6913
31826,3836
31827,1205
31828,4449
31829,2966
31830,2766
31831,5674
31832,6947
31833,5354
31834,4992
31835,8171
31836,5530
31837,3118
31838,7650
31839,2260
31840,9713
31841,4793
31842,2950
31843,4332
31844,4188
31845,4533
31846,6956
31847,7103
31848,3806
31849,5831
31850,2359
31851,4782
31852,7820
31853,8924
31854,3458
31855,2128
31856,4979
31857,7455
31858,6333
31859,2498
31860,10647
31861,3442
31862,3092
31863,5691
31864,10024
31865,9143
31866,4347
31867,4430
31868,5866
31869,1546
31870,6662
31871,6745
31872,4589
31873,4220
31874,2786
31875,8062
31876,3038
31877,4308
31878,3642
31879,3493
31880,2811
31881,7398
31882,6811
31883,5706
31884,3599
31885,5094
31886,7718
31887,7770
31888,7506
31889,4746
31890,5358
31891,5730
31892,7797
31893,7065
31894,5044
31895,1876
31896,6305
31897,6405
31898,5768
31899,7899
31900,5617
31901,2848
31902,7747
31903,5084
31904,10318
31905,2694
31906,2548
31907,8645
31908,1604
31909,5189
31910,4263
31911,7461
31912,3527
31913,4376
31914,9166
31915,2581
31916,6224
31917,9169
31918,14509
31919,6608
31920,2493
31921,5298
31922,3686
31923,2193
31924,7632
31925,4788
31926,6129
31927,4943
31928,5050
31929,4946
31930,4609
31931,4994
31932,4673
31933,8581
31934,5323
31935,2357
31936,6157
31937,3678
31938,5520
31939,5654
31940,5865
31941,7879
31942,8443
31943,8293
31944,5580
31945,5205
31946,5898
31947,2934
31948,5705
31949,8298
31950,6692
31951,6760
31952,7131
31953,13742
31954,3151
31955,3331
31956,4802
31957,3952
31958,8221
31959,10093
31960,7824
31961,7454
31962,7015
31963,2018
31964,7876
31965,3144
31966,6504
31967,5936
31968,4928
31969,2074
31970,5083
31971,3260
31972,3096
31973,6632
31974,4410
31975,8444
31976,16603
31977,5606
31978,3177
31979,4493
31980,8325
31981,6452
31982,4207
31983,5667
31984,2062
31985,6219
31986,7026
31987,3522
31988,10291
31989,11228
31990,3143
31991,5577
31992,3596
31993,3813
31994,4032
31995,8861
31996,3633
31997,4334
31998,4627
31999,2670
32000,2526
32001,2278
32002,5414
32003,5633
32004,4409
32005,7054
32006,1151
32007,7298
32008,15415
32009,3159
32010,8212
32011,6823
32012,4455
32013,4039
32014,2380
32015,3779
32016,4595
32017,5119
32018,3009
32019,8685
32020,4146
32021,4063
32022,6281
32023,4870
32024,6022
32025,4560
32026,5874
32027,10245
32028,4432
32029,6851
32030,5910
32031,3617
32032,3054
32033,4638
32034,5657
32035,6189
32036,3369
32037,12830
32038,5092
32039,4775
32040,11625
32041,4673
32042,6924
32043,4502
32044,5489
32045,5068
32046,6457
32047,15356
32048,2865
32049,5322
32050,3435
32051,9060
32052,6916
32053,4789
32054,3675
32055,3972
32056,2412
32057,2144
32058,6417
32059,2228
32060,4002
32061,1224
32062,20809
32063,8390
32064,2109
32065,5078
32066,6019
32067,6230
32068,5322
32069,8188
32070,5138
32071,5847
32072,2756
32073,7774
32074,5615
32075,4080
32076,5917
32077,9259
32078,4353
32079,8213
32080,6329
32081,3313
32082,5696
32083,6730
32084,2664
32085,8220
32086,6731
32087,4852
32088,9964
32089,3361
32090,5011
32091,8538
32092,6206
32093,2168
32094,4906
32095,3658
32096,0
32097,5209
32098,5574
32099,3689
32100,6074
32101,2279
32102,5404
32103,2789
32104,5644
32105,5311
32106,4647
32107,5808
32108,8953
32109,2567
32110,5653
32111,6678
32112,3261
32113,5580
32114,5785
32115,9137
32116,6748
32117,3791
32118,2003
32119,2004
32120,5467
32121,4854
32122,4210
32123,12027
32124,5455
32125,5618
32126,8599
32127,6491
32128,2191
32129,17519
32130,4191
32131,8131
32132,6200
32133,7284
32134,6324
32135,8613
32136,4986
32137,3902
32138,2693
32139,3435
32140,6129
32141,4123
32142,7546
32143,4918
32144,2712
32145,7582
32146,6638
32147,4384
32148,6770
32149,4459
32150,6642
32151,3658
32152,4987
32153,3587
32154,4583
32155,3440
32156,5872
32157,7746
32158,8289
32159,5714
32160,5475
32161,4084
32162,6146
32163,6706
32164,6924
32165,2857
32166,2855
32167,8679
32168,6190
32169,2987
32170,3983
32171,7279
32172,6615
32173,2407
32174,5779
32175,4605
32176,1727
32177,5041
32178,2840
32179,4152
32180,6478
32181,5480
32182,4838
32183,4030
32184,8393
32185,6352
32186,3389
32187,5308
32188,4924
32189,3148
32190,1162
32191,6784
32192,1608
32193,5540
32194,9522
32195,5563
32196,4251
32197,3095
32198,5162
32199,4985
32200,4644
32201,5345
32202,5896
32203,7510
32204,5550
32205,8691
32206,3722
32207,3737
32208,4366
32209,3607
32210,5172
32211,6184
32212,3321
32213,5139
32214,2555
32215,7450
32216,4046
32217,4206
32218,4022
32219,5283
32220,7617
32221,3173
32222,6509
32223,4222
32224,5484
32225,5037
32226,5685
32227,7719
32228,4612
32229,3652
32230,9685
32231,6250
32232,6691
32233,1934
32234,4350
32235,5134
32236,3842
32237,4421
32238,10571
32239,8064
32240,9262
32241,10022
32242,6044
32243,4952
32244,6096
32245,6146
32246,7093
32247,10912
32248,3037
32249,1711
32250,1498
32251,3782
32252,4771
32253,10005
32254,2308
32255,1821
32256,5036
32257,5233
32258,5824
32259,10043
32260,6482
32261,6296
32262,2554
32263,7202
32264,6006
32265,7029
32266,6780
32267,3273
32268,6268
32269,3239
32270,6722
32271,5469
32272,5005
32273,5909
32274,3977
32275,6280
32276,5257
32277,6981
32278,4528
32279,8181
32280,5122
32281,8660
32282,5067
32283,3511
32284,7799
32285,2818
32286,9937
32287,5849
32288,4795
32289,3121
32290,6888
32291,4663
32292,4245
32293,6489
32294,4227
32295,12079
32296,3006
32297,2874
32298,5729
32299,6185
32300,10444
32301,2459
32302,4470
32303,6102
32304,5698
32305,4747
32306,3400
32307,6193
32308,3190
32309,9657
32310,2677
32311,7016
32312,13180
32313,7017
32314,6089
32315,3011
32316,4851
32317,7911
32318,2564
32319,7522
32320,2760
32321,8449
32322,6514
32323,5685
32324,5784
32325,4469
32326,2966
32327,5352
32328,2164
32329,3655
32330,3199
32331,2791
32332,7192
32333,5674
32334,21193
32335,7477
32336,0
32337,0
32338,0
32339,0
32340,0
32341,0
32342,0
32343,0
32344,0
32345,0
32346,0
32347,0
32348,0
32349,0
32350,0
32351,0
32352,0
32353,0
32354,0
32355,0
32356,0
32357,0
32358,0
32359,0
32360,0
32361,0
32362,0
32363,0
32364,0
32365,0
32366,0
32367,0
32368,0
32369,0
32370,0
32371,0
32372,0
32373,0
32374,0
32375,0
32376,0
32377,0
32378,0
32379,0
32380,0
32381,0
32382,0
32383,0
32384,0
32385,0
32386,0
32387,0
32388,0
32389,0
32390,0
32391,0
32392,0
32393,0
32394,0
32395,0
32396,0
32397,0
32398,0
32399,0
32400,0
32401,0
32402,0
32403,0
32404,0
32405,0
32406,0
32407,0
32408,0
32409,0
32410,0
32411,0
32412,0
32413,0
32414,0
32415,0
32416,0
32417,0
32418,0
32419,0
32420,11367
32421,0
32422,0
32423,0
32424,0
32425,0
32426,0
32427,0
32428,0
32429,0
32430,0
32431,0
32432,0
32433,0
32434,0
32435,0
32436,0
32437,0
32438,0
32439,0
32440,0
32441,0
32442,0
32443,0
32444,0
32445,0
32446,0
32447,0
32448,0
32449,0
32450,0
32451,0
32452,0
32453,0
32454,0
32455,0
32456,0
32457,3869
32458,0
32459,0
32460,0
32461,0
32462,0
32463,0
32464,0
32465,0
32466,0
32467,0
32468,0
32469,0
32470,0
32471,0
32472,0
32473,0
32474,0
32475,0
32476,0
32477,0
32478,0
32479,0
32480,0
32481,0
32482,0
32483,0
32484,0
32485,0
32486,0
32487,0
32488,0
32489,0
32490,0
32491,0
32492,0
32493,0
32494,0
32495,0
32496,0
32497,0
32498,0
32499,0
32500,0
32501,0
32502,0
32503,0
32504,0
32505,0
32506,0
32507,0
32508,0
32509,0
32510,0
32511,0
32512,0
32513,0
32514,0
32515,0
32516,0
32517,0
32518,0
32519,0
32520,0
32521,0
32522,0
32523,0
32524,0
32525,0
32526,0
32527,0
32528,0
32529,0
32530,0
32531,0
32532,0
32533,0
32534,0
32535,0
32536,0
32537,0
32538,0
32539,0
32540,0
32541,0
32542,0
32543,0
32544,2688
32545,0
32546,0
32547,0
32548,0
32549,0
32550,0
32551,0
32552,0
32553,0
32554,0
32555,0
32556,0
32557,0
32558,0
32559,0
32560,0
32561,0
32562,0
32563,0
32564,0
32565,0
32566,0
32567,0
32568,0
32569,0
32570,0
32571,0
32572,0
32573,0
32574,0
32575,0
32576,0
32577,0
32578,0
32579,0
32580,0
32581,0
32582,0
32583,0
32584,0
32585,0
32586,0
32587,0
32588,0
32589,0
32590,0
32591,0
32592,0
32593,0
32594,16737
32595,0
32596,0
32597,28001
32598,0
32599,0
32600,0
32601,0
32602,0
32603,0
32604,0
32605,0
32606,0
32607,0
32608,0
32609,7560
32610,0
32611,0
32612,0
32613,0
32614,0
32615,0
32616,0
32617,0
32618,0
32619,0
32620,0
32621,0
32622,0
32623,0
32624,0
32625,0
32626,0
32627,0
32628,0
32629,0
32630,0
32631,0
32632,0
32633,0
32634,5159
32635,0
32636,0
32637,0
32638,0
32639,0
32640,0
32641,0
32642,0
32643,0
32644,0
32645,2663
32646,0
32647,0
32648,0
32649,0
32650,0
32651,0
32652,0
32653,0
32654,0
32655,0
32656,0
32657,0
32658,0
32659,0
32660,0
32661,0
32662,0
32663,0
32664,0
32665,0
32666,0
32667,0
32668,0
32669,0
32670,8054
32671,0
32672,0
32673,0
32674,0
32675,0
32676,0
32677,0
32678,0
32679,0
32680,0
32681,0
32682,0
32683,0
32684,0
32685,0
32686,0
32687,0
32688,8982
32689,0
32690,0
32691,0
32692,0
32693,0
32694,0
32695,0
32696,0
32697,0
32698,0
32699,0
32700,0
32701,0
32702,0
32703,0
32704,0
32705,0
32706,0
32707,0
32708,0
32709,0
32710,0
32711,0
32712,0
32713,0
32714,0
32715,0
32716,0
32717,0
32718,0
32719,0
32720,0
32721,0
32722,0
32723,0
32724,0
32725,0
32726,0
32727,0
32728,0
32729,0
32730,0
32731,0
32732,0
32733,0
32734,0
32735,0
32736,0
32737,0
32738,0
32739,0
32740,0
32741,0
32742,0
32743,0
32744,0
32745,0
32746,0
32747,0
32748,0
32749,0
32750,0
32751,0
32752,0
32753,0
32754,0
32755,0
32756,0
32757,0
32758,14157
32759,0
32760,0
32761,0
32762,0
32763,0
32764,0
32765,0
32766,0
32767,0
32768,1692
32769,0
32770,0
32771,0
32772,0
32773,0
32774,0
32775,0
32776,0
32777,0
32778,0
32779,0
32780,0
32781,0
32782,0
32783,0
32784,0
32785,0
32786,0
32787,0
32788,5714
32789,0
32790,0
32791,0
32792,0
32793,0
32794,0
32795,0
32796,0
32797,0
32798,0
32799,0
32800,0
32801,0
32802,0
32803,0
32804,0
32805,0
32806,0
32807,0
32808,0
32809,0
32810,0
32811,0
32812,0
32813,0
32814,0
32815,0
32816,0
32817,0
32818,0
32819,0
32820,0
32821,0
32822,0
32823,0
32824,0
32825,0
32826,0
32827,0
32828,0
32829,7591
32830,0
32831,0
32832,0
32833,0
32834,0
32835,0
32836,0
32837,0
32838,0
32839,0
32840,0
32841,0
32842,0
32843,0
32844,0
32845,0
32846,0
32847,7432
32848,0
32849,0
32850,0
32851,0
32852,0
32853,0
32854,0
32855,0
32856,0
32857,0
32858,0
32859,2176
32860,0
32861,0
32862,0
32863,0
32864,0
32865,5609
32866,0
32867,0
32868,0
32869,0
32870,0
32871,0
32872,0
32873,0
32874,0
32875,0
32876,0
32877,0
32878,0
32879,0
32880,0
32881,0
32882,0
32883,0
32884,0
32885,0
32886,0
32887,0
32888,0
32889,0
32890,0
32891,0
32892,0
32893,0
32894,0
32895,0
32896,0
32897,18649
32898,0
32899,0
32900,0
32901,0
32902,0
32903,0
32904,0
32905,0
32906,0
32907,0
32908,0
32909,0
32910,0
32911,0
32912,0
32913,6168
32914,0
32915,0
32916,0
32917,0
32918,0
32919,0
32920,0
32921,0
32922,0
32923,0
32924,0
32925,0
32926,0
32927,0
32928,0
32929,0
32930,0
32931,0
32932,0
32933,0
32934,0
32935,0
32936,0
32937,0
32938,0
32939,0
32940,0
32941,0
32942,0
32943,0
32944,0
32945,0
32946,0
32947,0
32948,0
32949,0
32950,0
32951,0
32952,0
32953,0
32954,0
32955,0
32956,0
32957,0
32958,0
32959,0
32960,0
32961,0
32962,0
32963,0
32964,0
32965,0
32966,0
32967,0
32968,0
32969,0
32970,0
32971,0
32972,0
32973,0
32974,0
32975,0
32976,0
32977,0
32978,0
32979,0
32980,0
32981,0
32982,0
32983,0
32984,0
32985,0
32986,0
32987,0
32988,0
32989,0
32990,0
32991,0
32992,0
32993,0
32994,0
32995,0
32996,0
32997,0
32998,0
32999,0
33000,0
33001,0
33002,0
33003,0
33004,0
33005,0
33006,0
33007,0
33008,0
33009,0
33010,0
33011,12945
33012,0
33013,0
33014,0
33015,0
33016,0
33017,7085
33018,0
33019,0
33020,0
33021,0
33022,0
33023,0
33024,0
33025,0
33026,0
33027,0
33028,0
33029,0
33030,0
33031,0
33032,0
33033,0
33034,0
33035,0
33036,0
33037,0
33038,0
33039,0
33040,0
33041,0
33042,0
33043,0
33044,0
33045,0
33046,0
33047,0
33048,0
33049,0
33050,0
33051,0
33052,0
33053,0
33054,0
33055,0
33056,0
33057,0
33058,0
33059,0
33060,0
33061,0
33062,0
33063,0
33064,0
33065,0
33066,0
33067,3749
33068,15441
33069,0
33070,0
33071,0
33072,0
33073,0
33074,0
33075,0
33076,0
33077,0
33078,0
33079,0
33080,0
33081,0
33082,0
33083,0
33084,0
33085,0
33086,0
33087,0
33088,0
33089,0
33090,0
33091,0
33092,0
33093,0
33094,0
33095,0
33096,0
33097,0
33098,0
33099,0
33100,0
33101,0
33102,0
33103,0
33104,11719
33105,0
33106,0
33107,0
33108,0
33109,0
33110,0
33111,0
33112,0
33113,0
33114,0
33115,0
33116,0
33117,0
33118,0
33119,0
33120,0
33121,0
33122,0
33123,0
33124,0
33125,0
33126,0
33127,0
33128,0
33129,0
33130,0
33131,0
33132,0
33133,0
33134,0
33135,0
33136,0
33137,0
33138,0
33139,0
33140,0
33141,0
33142,0
33143,0
33144,0
33145,0
33146,0
33147,0
33148,0
33149,0
33150,0
33151,0
33152,0
33153,0
33154,0
33155,0
33156,0
33157,0
33158,0
33159,0
33160,0
33161,0
33162,0
33163,0
33164,0
33165,0
33166,0
33167,0
33168,0
33169,0
33170,0
33171,0
33172,0
33173,0
33174,0
33175,0
33176,0
33177,0
33178,0
33179,0
33180,0
33181,0
33182,0
33183,0
33184,0
33185,0
33186,0
33187,0
33188,0
33189,0
33190,0
33191,0
33192,0
33193,0
33194,0
33195,0
33196,0
33197,0
33198,2641
33199,0
33200,0
33201,0
33202,2113
33203,0
33204,0
33205,0
33206,0
33207,0
33208,0
33209,0
33210,0
33211,0
33212,0
33213,0
33214,0
33215,0
33216,0
33217,0
33218,0
33219,0
33220,0
33221,0
33222,0
33223,0
33224,0
33225,0
33226,0
33227,0
33228,0
33229,0
33230,0
33231,0
33232,0
33233,0
33234,0
33235,0
33236,0
33237,0
33238,0
33239,0
33240,0
33241,0
33242,0
33243,0
33244,0
33245,0
33246,0
33247,0
33248,0
33249,0
33250,0
33251,0
33252,0
33253,0
33254,0
33255,0
33256,0
33257,0
33258,0
33259,0
33260,0
33261,0
33262,0
33263,0
33264,0
33265,0
33266,2751
33267,0
33268,0
33269,0
33270,0
33271,0
33272,0
33273,0
33274,0
33275,0
33276,0
33277,0
33278,0
33279,0
33280,0
33281,0
33282,0
33283,11400
33284,0
33285,0
33286,0
33287,0
33288,0
33289,0
33290,0
33291,0
33292,0
33293,0
33294,0
33295,0
33296,0
33297,0
33298,0
33299,0
33300,0
33301,0
33302,0
33303,0
33304,0
33305,0
33306,0
33307,0
33308,0
33309,0
33310,0
33311,0
33312,0
33313,0
33314,0
33315,0
33316,0
33317,0
33318,0
33319,0
33320,0
33321,0
33322,0
33323,0
33324,0
33325,0
33326,0
33327,0
33328,0
33329,0
33330,0
33331,0
33332,0
33333,0
33334,0
33335,0
33336,0
33337,0
33338,0
33339,0
33340,0
33341,0
33342,0
33343,0
33344,0
33345,0
33346,0
33347,0
33348,0
33349,0
33350,0
33351,0
33352,0
33353,0
33354,0
33355,0
33356,0
33357,0
33358,0
33359,0
33360,0
33361,0
33362,0
33363,0
33364,0
33365,0
33366,0
33367,0
33368,0
33369,0
33370,0
33371,0
33372,0
33373,0
33374,0
33375,0
33376,0
33377,0
33378,0
33379,0
33380,4904
33381,0
33382,0
33383,0
33384,0
33385,0
33386,0
33387,0
33388,0
33389,0
33390,0
33391,0
33392,0
33393,0
33394,0
33395,0
33396,0
33397,0
33398,0
33399,0
33400,0
33401,0
33402,0
33403,0
33404,0
33405,0
33406,0
33407,0
33408,0
33409,0
33410,0
33411,0
33412,0
33413,0
33414,0
33415,0
33416,4918
33417,0
33418,0
33419,0
33420,0
33421,0
33422,0
33423,0
33424,0
33425,0
33426,0
33427,0
33428,0
33429,0
33430,0
33431,0
33432,12993
33433,0
33434,4830
33435,0
33436,0
33437,0
33438,0
33439,0
33440,0
33441,0
33442,0
33443,0
33444,0
33445,0
33446,0
33447,0
33448,0
33449,0
33450,0
33451,3990
33452,4118
33453,5860
33454,9026
33455,4188
33456,4279
33457,8913
33458,5572
33459,6859
33460,5809
33461,6899
33462,6491
33463,3750
33464,5152
33465,5900
33466,7817
33467,5321
33468,6425
33469,5996
33470,8756
33471,4393
33472,4203
33473,4595
33474,8520
33475,10021
33476,5477
33477,7962
33478,4091
33479,6962
33480,3354
33481,4924
33482,4059
33483,7321
33484,7501
33485,9322
33486,9219
33487,5310
33488,4793
33489,4088
33490,3836
33491,5380
33492,8797
33493,5744
33494,4599
33495,4550
33496,4242
33497,6694
33498,3127
33499,6553
33500,3692
33501,6116
33502,5557
33503,4750
33504,6396
33505,4399
33506,7255
33507,7512
33508,6083
33509,5045
33510,7509
33511,4584
33512,6386
33513,5763
33514,8998
33515,4217
33516,5743
33517,7420
33518,7395
33519,7794
33520,5817
33521,7488
33522,3732
33523,4426
33524,5317
33525,5967
33526,8276
33527,6796
33528,3119
33529,5017
33530,6851
33531,6906
33532,7777
33533,3603
33534,11508
33535,6413
33536,3851
33537,5971
33538,5385
33539,6141
33540,7328
33541,3967
33542,5058
33543,5240
33544,6443
33545,6025
33546,4667
33547,5957
33548,4813
33549,4842
33550,7885
33551,6663
33552,5581
33553,4668
33554,9631
33555,4987
33556,8342
33557,7102
33558,11716
33559,6093
33560,4702
33561,5637
33562,6255
33563,5380
33564,4439
33565,7017
33566,6941
33567,3494
33568,6845
33569,5552
33570,6550
33571,4168
33572,8878
33573,7217
33574,4423
33575,10902
33576,4641
33577,4233
33578,7203
33579,7896
33580,5140
33581,3966
33582,6580
33583,5433
33584,4818
33585,5492
33586,4526
33587,7295
33588,6960
33589,6421
33590,7179
33591,4811
33592,4366
33593,5492
33594,6477
33595,6760
33596,7110
33597,6960
33598,8367
33599,5021
33600,7569
33601,5970
33602,4476
33603,5323
33604,8344
33605,5902
33606,5544
33607,8788
33608,7168
33609,6451
33610,4866
33611,6787
33612,6333
33613,6805
33614,5797
33615,3871
33616,4896
33617,7835
33618,7163
33619,5386
33620,3350
33621,7291
33622,6815
33623,7110
33624,6056
33625,5125
33626,4514
33627,3564
33628,8601
33629,6133
33630,6137
33631,5394
33632,4712
33633,5530
33634,5804
33635,5554
33636,3625
33637,5759
33638,4219
33639,7542
33640,7282
33641,6387
33642,10429
33643,4315
33644,4471
33645,9266
33646,4751
33647,5549
33648,1984
33649,7153
33650,7390
33651,4532
33652,5953
33653,6117
33654,5622
33655,5457
33656,7056
33657,9759
33658,2515
33659,6512
33660,2761
33661,12458
33662,4118
33663,7247
33664,7817
33665,5071
33666,5983
33667,4339
33668,4910
33669,3125
33670,4196
33671,5388
33672,4557
33673,6163
33674,6464
33675,4573
33676,6502
33677,5831
33678,7260
33679,7708
33680,7264
33681,4076
33682,3123
33683,9075
33684,8724
33685,4726
33686,6939
33687,4790
33688,6805
33689,4373
33690,4599
33691,5750
33692,3410
33693,5620
33694,4072
33695,9217
33696,6387
33697,7100
33698,7197
33699,4913
33700,7399
33701,17148
33702,8512
33703,4552
33704,2499
33705,5343
33706,6931
33707,4837
33708,5841
33709,13023
33710,6169
33711,9324
33712,18069
33713,3987
33714,5565
33715,4729
33716,4017
33717,7612
33718,4323
33719,6964
33720,8990
33721,6670
33722,5487
33723,6590
33724,4470
33725,6106
33726,3524
33727,5509
33728,6806
33729,7997
33730,5712
33731,5091
33732,4101
33733,6944
33734,4567
33735,5020
33736,3302
33737,7744
33738,4639
33739,5544
33740,6260
33741,7182
33742,0
33743,5291
33744,5821
33745,5196
33746,6433
33747,6493
33748,7651
33749,9793
33750,6740
33751,4945
33752,3058
33753,5487
33754,6068
33755,5577
33756,4543
33757,2072
33758,7432
33759,5632
33760,8143
33761,6354
33762,4801
33763,5812
33764,4509
33765,4296
33766,8331
33767,4810
33768,6390
33769,7056
33770,13389
33771,4890
33772,4566
33773,6838
33774,4666
33775,5110
33776,4728
33777,6971
33778,4216
33779,6176
33780,3641
33781,5325
33782,3588
33783,8951
33784,4660
33785,12359
33786,11907
33787,4651
33788,6070
33789,5089
33790,5696
33791,5011
33792,10465
33793,6414
33794,7619
33795,4193
33796,7042
33797,4549
33798,8380
33799,8608
33800,5839
33801,5261
33802,5892
33803,6657
33804,6991
33805,8612
33806,5751
33807,6509
33808,8479
33809,6014
33810,6143
33811,4867
33812,9057
33813,6738
33814,4825
33815,4573
33816,5567
33817,4395
33818,7963
33819,5728
33820,6635
33821,5614
33822,7792
33823,4202
33824,6808
33825,7743
33826,6971
33827,7360
33828,5967
33829,3775
33830,11439
33831,9061
33832,6361
33833,15894
33834,8600
33835,5975
33836,5815
33837,7599
33838,8859
33839,9837
33840,9866
33841,4917
33842,6560
33843,4780
33844,7437
33845,3827
33846,9534
33847,5017
33848,4437
33849,5644
33850,7844
33851,7075
33852,5100
33853,6977
33854,4879
33855,3597
33856,6242
33857,3818
33858,4314
33859,5198
33860,5371
33861,8099
33862,8125
33863,7165
33864,6253
33865,5378
33866,9936
33867,6202
33868,4305
33869,4724
33870,4597
33871,8862
33872,4104
33873,10461
33874,6764
33875,3146
33876,4248
33877,6197
33878,5602
33879,4577
33880,7856
33881,8776
33882,11242
33883,5349
33884,9043
33885,3006
33886,4867
33887,6410
33888,4493
33889,6142
33890,5004
33891,5601
33892,3464
33893,4329
33894,10867
33895,7879
33896,4035
33897,5197
33898,7730
33899,9682
33900,7252
33901,5190
33902,4061
33903,11345
33904,5359
33905,6779
33906,5269
33907,4673
33908,6510
33909,7619
33910,3280
33911,3862
33912,4458
33913,5796
33914,9842
33915,6804
33916,6737
33917,11659
33918,4756
33919,9450
33920,10683
33921,6323
33922,4586
33923,2865
33924,6845
33925,5543
33926,5408
33927,5412
33928,6024
33929,9972
33930,4606
33931,4960
33932,6459
33933,4436
33934,6395
33935,4673
33936,3718
33937,5813
33938,3228
33939,6032
33940,7978
33941,6008
33942,6857
33943,7281
33944,6925
33945,4611
33946,6747
33947,8312
33948,7086
33949,5288
33950,5840
33951,4473
33952,9558
33953,5263
33954,6208
33955,4781
33956,6141
33957,7290
33958,6009
33959,5572
33960,7510
33961,5436
33962,6159
33963,16331
33964,5506
33965,7614
33966,5089
33967,5438
33968,4888
33969,4491
33970,4209
33971,4390
33972,8002
33973,13038
33974,7854
33975,8731
33976,8932
33977,9818
33978,9000
33979,7006
33980,7705
33981,4755
33982,10554
33983,9850
33984,6091
33985,7474
33986,7174
33987,5592
33988,3953
33989,10684
33990,5956
33991,5838
33992,5848
33993,2013
33994,11541
33995,9063
33996,13707
33997,5624
33998,4402
33999,4201
34000,5425
34001,6067
34002,6428
34003,6290
34004,5461
34005,4184
34006,6391
34007,3383
34008,2661
34009,5586
34010,12222
34011,6104
34012,17080
34013,4046
34014,5330
34015,5777
34016,4759
34017,4517
34018,4757
34019,4643
34020,3413
34021,7264
34022,5872
34023,3447
34024,8169
34025,4288
34026,5586
34027,4349
34028,10025
34029,6549
34030,9749
34031,4660
34032,6249
34033,3829
34034,4398
34035,4210
34036,13644
34037,9116
34038,5800
34039,4535
34040,4639
34041,5524
34042,4034
34043,8786
34044,4292
34045,12773
34046,4227
34047,4957
34048,5467
34049,8520
34050,6180
34051,4278
34052,5964
34053,6176
34054,6386
34055,6026
34056,5140
34057,3127
34058,8358
34059,4857
34060,3622
34061,5723
34062,5491
34063,5729
34064,6181
34065,8331
34066,7480
34067,5920
34068,6511
34069,3964
34070,7976
34071,5012
34072,4175
34073,6244
34074,6391
34075,5700
34076,7628
34077,5649
34078,5657
34079,5695
34080,5552
34081,5298
34082,6570
34083,6326
34084,6172
34085,4865
34086,4700
34087,8046
34088,5341
34089,3716
34090,10279
34091,4627
34092,2861
34093,6540
34094,8296
34095,8393
34096,4954
34097,4939
34098,5605
34099,3326
34100,5838
34101,6933
34102,5695
34103,5150
34104,6332
34105,7262
34106,3025
34107,4910
34108,5110
34109,5150
34110,4513
34111,6600
34112,6903
34113,5707
34114,4345
34115,7394
34116,5575
34117,7424
34118,7702
34119,4134
34120,6240
34121,6370
34122,7497
34123,6989
34124,7332
34125,2982
34126,8907
34127,6088
34128,6584
34129,9197
34130,4527
34131,3624
34132,10608
34133,7359
34134,7227
34135,4975
34136,5539
34137,7945
34138,2986
34139,6013
34140,5045
34141,6600
34142,5476
34143,4690
34144,7332
34145,4461
34146,7862
34147,9147
34148,15898
34149,6642
34150,4129
34151,4753
34152,3568
34153,2803
34154,10443
34155,7222
34156,4822
34157,7767
34158,4672
34159,10078
34160,3901
34161,5228
34162,5457
34163,7864
34164,4673
34165,5387
34166,5056
34167,4229
34168,6941
34169,4560
34170,6038
34171,6868
34172,8858
34173,6974
34174,6801
34175,5234
34176,9495
34177,4410
34178,4801
34179,9398
34180,6388
34181,7608
34182,9329
34183,14299
34184,4622
34185,4296
34186,4428
34187,5205
34188,7556
34189,8732
34190,6039
34191,7088
34192,6798
34193,3343
34194,7138
34195,6440
34196,5642
34197,6849
34198,4513
34199,4453
34200,4299
34201,3575
34202,4095
34203,7223
34204,6553
34205,9860
34206,15081
34207,6389
34208,4817
34209,5882
34210,7696
34211,8301
34212,3733
34213,5432
34214,3701
34215,8707
34216,5850
34217,5606
34218,10932
34219,11446
34220,4226
34221,6683
34222,3537
34223,5343
34224,5454
34225,7899
34226,4266
34227,4017
34228,4943
34229,6275
34230,5670
34231,4026
34232,5370
34233,6386
34234,5656
34235,5831
34236,3230
34237,9360
34238,17128
34239,3952
34240,6585
34241,7488
34242,5754
34243,3849
34244,3467
34245,3397
34246,6894
34247,4410
34248,6724
34249,8536
34250,4103
34251,4928
34252,5456
34253,5132
34254,4471
34255,4730
34256,5638
34257,9412
34258,6822
34259,7719
34260,5157
34261,3938
34262,6064
34263,5994
34264,7439
34265,5748
34266,4271
34267,21142
34268,5724
34269,5309
34270,10933
34271,6310
34272,6114
34273,5476
34274,6694
34275,4304
34276,8389
34277,13842
34278,4660
34279,4959
34280,5667
34281,11042
34282,5509
34283,4634
34284,5453
34285,4624
34286,5819
34287,3778
34288,7845
34289,3697
34290,6911
34291,2416
34292,16624
34293,7760
34294,3631
34295,4334
34296,8008
34297,5612
34298,6110
34299,7223
34300,5114
34301,4931
34302,4120
34303,8660
34304,5028
34305,5376
34306,6186
34307,7110
34308,5136
34309,7325
34310,5293
34311,3510
34312,7781
34313,8239
34314,4321
34315,6663
34316,5963
34317,4499
34318,8986
34319,5096
34320,6695
34321,5956
34322,6962
34323,3718
34324,4405
34325,4294
34326,0
34327,6007
34328,7514
34329,3566
34330,7661
34331,3383
34332,5768
34333,4546
34334,5557
34335,5717
34336,6328
34337,6015
34338,7635
34339,3327
34340,5417
34341,6737
34342,6565
34343,6017
34344,6668
34345,9403
34346,6507
34347,2807
34348,5928
34349,4655
34350,6013
34351,6385
34352,4003
34353,10562
34354,4717
34355,6310
34356,9471
34357,5868
34358,3665
34359,17181
34360,4788
34361,9049
34362,5035
34363,6982
34364,8600
34365,5635
34366,4959
34367,5713
34368,4630
34369,5312
34370,5415
34371,9274
34372,6466
34373,5149
34374,4132
34375,5786
34376,6222
34377,5648
34378,6095
34379,5420
34380,6125
34381,4661
34382,6943
34383,7012
34384,5848
34385,5213
34386,5920
34387,6757
34388,8933
34389,4898
34390,7073
34391,4709
34392,5377
34393,6541
34394,5892
34395,4139
34396,3872
34397,6483
34398,8004
34399,4542
34400,5271
34401,6960
34402,5392
34403,4734
34404,5269
34405,4195
34406,3101
34407,7360
34408,3887
34409,6735
34410,5900
34411,5479
34412,5536
34413,9777
34414,7801
34415,6784
34416,4665
34417,7333
34418,7336
34419,3585
34420,3185
34421,7019
34422,3067
34423,6417
34424,11802
34425,6793
34426,6083
34427,3789
34428,6669
34429,5396
34430,5581
34431,6286
34432,7189
34433,7194
34434,5042
34435,7354
34436,4082
34437,6379
34438,4878
34439,5307
34440,5047
34441,4971
34442,5173
34443,6755
34444,4001
34445,8475
34446,5885
34447,4048
34448,4289
34449,7549
34450,6725
34451,4784
34452,5814
34453,5743
34454,4526
34455,5688
34456,5723
34457,5811
34458,4499
34459,4819
34460,7594
34461,5859
34462,5323
34463,3240
34464,9199
34465,5691
34466,4406
34467,6199
34468,10154
34469,7124
34470,7723
34471,8866
34472,5974
34473,4994
34474,5191
34475,7221
34476,7631
34477,10980
34478,3932
34479,5442
34480,3054
34481,4066
34482,8044
34483,12740
34484,5513
34485,4211
34486,4428
34487,5548
34488,5030
34489,8625
34490,7345
34491,5303
34492,3438
34493,6767
34494,5207
34495,10285
34496,7761
34497,4271
34498,6221
34499,3571
34500,6282
34501,7190
34502,6427
34503,7234
34504,5582
34505,6502
34506,4074
34507,5579
34508,6313
34509,7388
34510,6348
34511,7281
34512,5086
34513,3893
34514,8607
34515,4204
34516,10309
34517,5517
34518,3993
34519,5681
34520,5811
34521,5746
34522,6929
34523,8259
34524,4169
34525,11370
34526,3882
34527,3980
34528,6148
34529,7136
34530,10025
34531,6089
34532,5830
34533,5063
34534,6055
34535,6305
34536,4553
34537,5763
34538,4364
34539,8837
34540,5747
34541,7557
34542,11456
34543,7598
34544,4502
34545,4388
34546,5098
34547,10215
34548,5233
34549,8537
34550,3808
34551,9023
34552,6334
34553,4831
34554,4468
34555,4045
34556,4890
34557,4787
34558,4970
34559,4441
34560,4011
34561,4292
34562,7493
34563,5837
34564,20361
34565,5764
34566,3769
34567,4088
34568,5811
34569,8200
34570,4042
34571,4007
34572,8867
34573,5296
34574,6218
34575,5419
34576,6496
34577,5990
34578,3464
34579,4810
34580,5399
34581,7334
34582,5281
34583,5735
34584,5781
34585,8048
34586,4047
34587,3843
34588,4251
34589,8122
34590,8980
34591,4916
34592,7851
34593,3926
34594,6415
34595,3635
34596,4528
34597,3704
34598,6717
34599,6888
34600,8670
34601,8318
34602,4791
34603,4444
34604,3941
34605,3850
34606,4870
34607,8516
34608,5321
34609,4387
34610,4054
34611,3977
34612,6312
34613,2970
34614,6239
34615,3350
34616,5508
34617,4936
34618,4439
34619,5804
34620,4201
34621,6805
34622,6798
34623,5683
34624,4607
34625,7305
34626,4122
34627,6082
34628,5166
34629,8321
34630,4292
34631,5204
34632,6918
34633,6721
34634,7809
34635,5438
34636,7349
34637,3598
34638,4232
34639,5076
34640,5435
34641,7644
34642,6205
34643,2983
34644,4639
34645,6258
34646,6296
34647,7515
34648,3329
34649,11106
34650,5732
34651,3705
34652,5533
34653,5303
34654,5603
34655,7014
34656,3702
34657,4676
34658,5033
34659,5795
34660,5951
34661,4610
34662,5552
34663,4338
34664,4462
34665,7041
34666,6178
34667,5204
34668,4271
34669,8986
34670,4517
34671,7702
34672,6573
34673,10480
34674,5512
34675,4463
34676,5244
34677,5782
34678,4977
34679,4188
34680,6476
34681,6252
34682,3303
34683,6021
34684,5127
34685,5739
34686,3875
34687,8020
34688,6962
34689,4432
34690,10145
34691,4296
34692,3781
34693,6669
34694,7660
34695,4666
34696,3690
34697,5867
34698,5273
34699,4402
34700,5067
34701,4267
34702,6914
34703,6766
34704,5785
34705,6650
34706,4593
34707,4013
34708,5025
34709,6315
34710,6360
34711,6495
34712,6257
34713,7868
34714,4657
34715,6738
34716,5649
34717,4500
34718,5245
34719,7598
34720,5408
34721,5520
34722,8671
34723,6731
34724,6059
34725,4644
34726,6404
34727,5956
34728,6288
34729,5409
34730,3659
34731,4654
34732,8007
34733,6590
34734,5113
34735,3412
34736,6951
34737,6248
34738,6634
34739,5622
34740,4839
34741,4319
34742,3204
34743,7858
34744,6007
34745,5590
34746,5116
34747,4393
34748,5041
34749,5359
34750,4960
34751,3247
34752,5784
34753,3720
34754,7177
34755,6751
34756,5813
34757,9608
34758,4108
34759,4114
34760,8614
34761,4214
34762,5114
34763,2246
34764,6667
34765,6993
34766,4092
34767,5540
34768,5762
34769,5185
34770,5149
34771,6770
34772,8925
34773,2245
34774,6479
34775,2495
34776,11701
34777,3830
34778,6863
34779,7243
34780,4663
34781,5531
34782,4165
34783,4739
34784,2969
34785,4107
34786,5019
34787,4315
34788,5439
34789,5965
34790,4310
34791,6179
34792,5365
34793,6967
34794,7253
34795,6403
34796,3822
34797,2729
34798,8684
34799,8027
34800,4468
34801,6478
34802,4309
34803,6318
34804,3866
34805,4314
34806,5308
34807,2928
34808,5442
34809,3814
34810,8396
34811,5838
34812,6511
34813,6752
34814,4347
34815,6919
34816,16336
34817,8045
34818,4267
34819,2258
34820,4904
34821,6819
34822,4458
34823,5335
34824,12072
34825,5566
34826,8764
34827,16848
34828,3605
34829,5085
34830,4591
34831,3797
34832,7010
34833,4095
34834,6637
34835,8234
34836,6817
34837,5235
34838,6072
34839,3753
34840,5484
34841,3425
34842,5104
34843,6105
34844,7273
34845,5135
34846,4584
34847,3890
34848,6314
34849,4212
34850,4580
34851,3158
34852,6933
34853,4261
34854,5041
34855,6193
34856,6645
34857,0
34858,5084
34859,5796
34860,5041
34861,6105
34862,5882
34863,6794
34864,8454
34865,6695
34866,4596
34867,2910
34868,5181
34869,5712
34870,4969
34871,4206
34872,2141
34873,7262
34874,5367
34875,7750
34876,6047
34877,4538
34878,5368
34879,4250
34880,4002
34881,7754
34882,4347
34883,5790
34884,6421
34885,12492
34886,4578
34887,4598
34888,6369
34889,4806
34890,5001
34891,4184
34892,6423
34893,4032
34894,5754
34895,3395
34896,4978
34897,3339
34898,8427
34899,4200
34900,12353
34901,11493
34902,4299
34903,5620
34904,4963
34905,5361
34906,4714
34907,9611
34908,6015
34909,7376
34910,3764
34911,6794
34912,4228
34913,7945
34914,7852
34915,5436
34916,4893
34917,5359
34918,5973
34919,6347
34920,8038
34921,5243
34922,6070
34923,7959
34924,5417
34925,5649
34926,4439
34927,8128
34928,6143
34929,4890
34930,4214
34931,5365
34932,3971
34933,7357
34934,5213
34935,6010
34936,5155
34937,7324
34938,3874
34939,6450
34940,7741
34941,6592
34942,7487
34943,6016
34944,3443
34945,11530
34946,8248
34947,5814
34948,14638
34949,8292
34950,5332
34951,5303
34952,7216
34953,8623
34954,9367
34955,9254
34956,4790
34957,6291
34958,4468
34959,6936
34960,3549
34961,9096
34962,4901
34963,4090
34964,5111
34965,7369
34966,6701
34967,4531
34968,6581
34969,4657
34970,3421
34971,5844
34972,3574
34973,3873
34974,5177
34975,5034
34976,7469
34977,7332
34978,6332
34979,5418
34980,5040
34981,9228
34982,6006
34983,4237
34984,4416
34985,4194
34986,7904
34987,3738
34988,9482
34989,6057
34990,2865
34991,4184
34992,5651
34993,5088
34994,4190
34995,7263
34996,7925
34997,10569
34998,5353
34999,8372
35000,2784
35001,4480
35002,5720
35003,4175
35004,5773
35005,4771
35006,5130
35007,3185
35008,4143
35009,9801
35010,7335
35011,4038
35012,4634
35013,7397
35014,9086
35015,6655
35016,4803
35017,3886
35018,10851
35019,5195
35020,6197
35021,5021
35022,4293
35023,5967
35024,7291
35025,3108
35026,3615
35027,4440
35028,5326
35029,8708
35030,6432
35031,6548
35032,11976
35033,4171
35034,8855
35035,10118
35036,5609
35037,4071
35038,2821
35039,6503
35040,5211
35041,5040
35042,4857
35043,5573
35044,10046
35045,4274
35046,4527
35047,5847
35048,4848
35049,5818
35050,4298
35051,3488
35052,5302
35053,2856
35054,6283
35055,7448
35056,5498
35057,6684
35058,6864
35059,6624
35060,4123
35061,6180
35062,8297
35063,6299
35064,4784
35065,5394
35066,4073
35067,8696
35068,4631
35069,5626
35070,4596
35071,5823
35072,6626
35073,5667
35074,5327
35075,7161
35076,5067
35077,5591
35078,15099
35079,5182
35080,7065
35081,5042
35082,5198
35083,4425
35084,4065
35085,3979
35086,4155
35087,7189
35088,11633
35089,7499
35090,7786
35091,8975
35092,9157
35093,8594
35094,6350
35095,7070
35096,4406
35097,9872
35098,9178
35099,5557
35100,7340
35101,7217
35102,5225
35103,3524
35104,9609
35105,5506
35106,5441
35107,5459
35108,2050
35109,11249
35110,8713
35111,12336
35112,5177
35113,4159
35114,4018
35115,5032
35116,5711
35117,5988
35118,5710
35119,5010
35120,3752
35121,6148
35122,3193
35123,2568
35124,5215
35125,11454
35126,5805
35127,16232
35128,3982
35129,4862
35130,5556
35131,4615
35132,4067
35133,4155
35134,4332
35135,3468
35136,6461
35137,5251
35138,3230
35139,7367
35140,4155
35141,5173
35142,3738
35143,8978
35144,6100
35145,8780
35146,4442
35147,6111
35148,3492
35149,4318
35150,3787
35151,12689
35152,8412
35153,5311
35154,4273
35155,4038
35156,5003
35157,3889
35158,8469
35159,4036
35160,12182
35161,3914
35162,4741
35163,4837
35164,7593
35165,5428
35166,3966
35167,5752
35168,6172
35169,5753
35170,5757
35171,4823
35172,2982
35173,8372
35174,4408
35175,3592
35176,5187
35177,4863
35178,5167
35179,5922
35180,7935
35181,7162
35182,5649
35183,6043
35184,3702
35185,7158
35186,4828
35187,3758
35188,6080
35189,6026
35190,5420
35191,6971
35192,5062
35193,5309
35194,5092
35195,5600
35196,4793
35197,6040
35198,5820
35199,5679
35200,5131
35201,4333
35202,7623
35203,5048
35204,3825
35205,9351
35206,4477
35207,2940
35208,6304
35209,7579
35210,8201
35211,4663
35212,4551
35213,5009
35214,2932
35215,5228
35216,6325
35217,5445
35218,4872
35219,5814
35220,6465
35221,2965
35222,4522
35223,4746
35224,4915
35225,4150
35226,6059
35227,6359
35228,5355
35229,4003
35230,7187
35231,4995
35232,6518
35233,7289
35234,3874
35235,5788
35236,5952
35237,7016
35238,6516
35239,6827
35240,3014
35241,8037
35242,5484
35243,6089
35244,8290
35245,4126
35246,3646
35247,10336
35248,6928
35249,6572
35250,4939
35251,5551
35252,7277
35253,2877
35254,5628
35255,4782
35256,6025
35257,5407
35258,4479
35259,6869
35260,4431
35261,7212
35262,8591
35263,14204
35264,6661
35265,4054
35266,4328
35267,3264
35268,2708
35269,9483
35270,6777
35271,4322
35272,7746
35273,4346
35274,9620
35275,3517
35276,4835
35277,5111
35278,7564
35279,4313
35280,5213
35281,4640
35282,3924
35283,6631
35284,4207
35285,5558
35286,6227
35287,8418
35288,6357
35289,6271
35290,4757
35291,9176
35292,4199
35293,4396
35294,8923
35295,5907
35296,7483
35297,8531
35298,13527
35299,4666
35300,3956
35301,3928
35302,5144
35303,7273
35304,8067
35305,5618
35306,6926
35307,6072
35308,3095
35309,6607
35310,6190
35311,5310
35312,6393
35313,4234
35314,4150
35315,3998
35316,3322
35317,4032
35318,6574
35319,5947
35320,9140
35321,13652
35322,5887
35323,4383
35324,5687
35325,6993
35326,7661
35327,3290
35328,4813
35329,3676
35330,8064
35331,5365
35332,5324
35333,10043
35334,10552
35335,4093
35336,6024
35337,3140
35338,4827
35339,4837
35340,7181
35341,3968
35342,3563
35343,4796
35344,6442
35345,6101
35346,4004
35347,4870
35348,5766
35349,5719
35350,5163
35351,3141
35352,8620
35353,15871
35354,3860
35355,6031
35356,7275
35357,5512
35358,3424
35359,3186
35360,3173
35361,6628
35362,4201
35363,6464
35364,8002
35365,3659
35366,4383
35367,4901
35368,4724
35369,4097
35370,4281
35371,5147
35372,8607
35373,6627
35374,7401
35375,4749
35376,3621
35377,5501
35378,5355
35379,6940
35380,5299
35381,3980
35382,19972
35383,5252
35384,5009
35385,9860
35386,5902
35387,5409
35388,5192
35389,6264
35390,4100
35391,7788
35392,12390
35393,4355
35394,4633
35395,5416
35396,10995
35397,5171
35398,4341
35399,5005
35400,4384
35401,5418
35402,3803
35403,7042
35404,3335
35405,6534
35406,2240
35407,16069
35408,7016
35409,3321
35410,3997
35411,8077
35412,5268
35413,5658
35414,6682
35415,4725
35416,4240
35417,4067
35418,8387
35419,4654
35420,5118
35421,5758
35422,6537
35423,4760
35424,6643
35425,5026
35426,3580
35427,7286
35428,8413
35429,4064
35430,5877
35431,5487
35432,4246
35433,8026
35434,4844
35435,6327
35436,5520
35437,6408
35438,3479
35439,4031
35440,3997
35441,0
35442,5746
35443,6911
35444,3233
35445,7139
35446,3256
35447,5196
35448,4266
35449,4986
35450,5436
35451,6150
35452,5629
35453,6881
35454,3283
35455,4858
35456,6090
35457,6282
35458,5688
35459,6448
35460,8527
35461,5905
35462,2569
35463,5792
35464,4294
35465,5575
35466,5830
35467,3565
35468,9365
35469,4261
35470,5916
35471,8754
35472,6177
35473,3331
35474,13742
35475,4548
35476,8297
35477,4693
35478,6825
35479,8331
35480,4937
35481,4731
35482,5547
35483,4466
35484,4874
35485,5129
35486,8370
35487,5939
35488,4828
35489,3916
35490,5905
35491,5630
35492,5350
35493,5606
35494,5038
35495,5588
35496,4524
35497,6736
35498,6687
35499,5630
35500,4819
35501,5591
35502,6527
35503,8448
35504,4352
35505,6614
35506,4456
35507,4997
35508,5997
35509,5721
35510,3937
35511,3770
35512,6400
35513,7186
35514,4219
35515,4902
35516,6490
35517,5117
35518,4796
35519,5025
35520,3778
35521,2858
35522,6820
35523,3563
35524,6457
35525,5618
35526,5316
35527,5485
35528,9741
35529,7344
35530,6434
35531,4318
35532,6826
35533,6609
35534,3507
35535,3132
35536,6612
35537,2965
35538,5992
35539,10996
35540,6452
35541,5801
35542,3483
35543,6065
35544,4917
35545,5496
35546,5671
35547,6707
35548,6905
35549,4738
35550,6774
35551,3923
35552,5790
35553,4349
35554,4725
35555,4617
35556,4446
35557,4684
35558,6288
35559,3903
35560,7801
35561,5489
35562,3431
35563,3954
35564,7064
35565,6336
35566,4624
35567,5222
35568,5825
35569,4157
35570,5590
35571,5262
35572,5261
35573,4324
35574,4456
35575,6549
35576,5559
35577,4745
35578,3098
35579,9390
35580,5186
35581,4067
35582,5927
35583,9419
35584,6401
35585,7122
35586,8025
35587,5811
35588,4421
35589,4567
35590,6766
35591,7653
35592,10113
35593,3959
35594,5201
35595,3024
35596,3705
35597,7993
35598,11758
35599,5744
35600,4219
35601,4158
35602,5265
35603,4616
35604,8182
35605,7081
35606,5050
35607,3326
35608,6320
35609,4881
35610,9424
35611,7104
35612,4059
35613,5767
35614,3378
35615,5602
35616,6823
35617,6095
35618,6974
35619,5304
35620,6087
35621,3808
35622,5032
35623,6409
35624,7022
35625,5950
35626,6545
35627,4791
35628,3637
35629,8224
35630,3915
35631,9800
35632,5193
35633,3624
35634,5532
35635,5582
35636,5364
35637,6526
35638,7896
35639,3743
35640,10332
35641,3472
35642,3825
35643,5793
35644,6729
35645,8845
35646,5927
35647,5736
35648,4840
35649,5644
35650,5875
35651,4295
35652,5414
35653,4255
35654,8333
35655,5811
35656,6853
35657,10790
35658,6981
35659,4159
35660,4206
35661,4888
35662,9526
35663,4706
35664,7965
35665,4012
35666,8128
35667,5638
35668,4691
35669,4009
35670,3787
35671,4518
35672,4567
35673,4780
35674,4124
35675,3904
35676,3845
35677,6716
35678,5497
35679,18449
35680,5304
35681,3699
35682,4614
35683,5525
35684,7705
35685,4155
35686,3973
35687,7970
35688,4936
35689,5834
35690,5165
35691,6673
35692,5943
35693,3465
35694,4498
35695,5283
35696,7112
35697,4936
35698,5916
35699,5411
35700,7870
35701,3842
35702,3771
35703,4319
35704,7924
35705,8447
35706,4750
35707,7400
35708,3616
35709,6146
35710,3118
35711,4476
35712,3691
35713,6471
35714,6514
35715,8206
35716,8165
35717,4761
35718,4230
35719,3947
35720,3543
35721,4940
35722,8579
35723,5140
35724,4250
35725,4146
35726,3915
35727,6252
35728,2779
35729,6188
35730,3267
35731,5659
35732,5045
35733,4304
35734,5928
35735,4084
35736,6669
35737,6551
35738,5629
35739,4328
35740,7258
35741,4184
35742,5499
35743,5124
35744,8204
35745,3872
35746,5062
35747,6859
35748,6744
35749,7550
35750,5271
35751,6979
35752,3383
35753,3740
35754,4986
35755,5213
35756,7523
35757,5904
35758,3026
35759,4506
35760,6073
35761,6255
35762,7235
35763,3324
35764,11165
35765,5594
35766,3518
35767,5302
35768,4976
35769,5479
35770,6798
35771,3571
35772,4661
35773,4879
35774,5656
35775,5424
35776,4341
35777,5270
35778,4114
35779,4440
35780,6985
35781,5905
35782,4980
35783,3988
35784,8659
35785,4411
35786,7521
35787,6412
35788,10365
35789,5246
35790,4236
35791,5284
35792,5645
35793,4901
35794,4157
35795,6383
35796,5948
35797,3105
35798,5966
35799,4935
35800,5608
35801,3658
35802,8204
35803,7107
35804,4086
35805,9527
35806,4088
35807,3901
35808,6553
35809,7465
35810,4574
35811,3514
35812,5914
35813,4899
35814,4170
35815,5026
35816,4238
35817,6817
35818,6354
35819,5691
35820,6562
35821,4396
35822,3913
35823,4898
35824,6380
35825,6335
35826,6359
35827,6285
35828,7300
35829,4632
35830,6709
35831,5396
35832,4524
35833,5171
35834,7368
35835,5485
35836,5181
35837,8158
35838,7031
35839,5707
35840,4501
35841,6035
35842,5825
35843,5863
35844,5372
35845,3587
35846,4421
35847,7724
35848,6640
35849,4960
35850,3301
35851,6469
35852,6101
35853,6203
35854,5535
35855,4587
35856,4112
35857,3208
35858,7665
35859,5517
35860,5451
35861,5098
35862,4397
35863,4842
35864,5085
35865,4954
35866,3243
35867,4933
35868,3841
35869,7070
35870,6659
35871,5700
35872,9441
35873,4527
35874,4153
35875,8339
35876,4145
35877,5162
35878,1844
35879,6531
35880,6704
35881,4026
35882,5396
35883,6392
35884,5101
35885,4846
35886,6204
35887,8831
35888,2139
35889,5982
35890,2419
35891,10769
35892,4080
35893,6697
35894,7196
35895,4681
35896,5303
35897,3974
35898,4547
35899,2795
35900,3827
35901,4847
35902,4064
35903,5420
35904,5944
35905,4097
35906,5897
35907,5176
35908,6732
35909,7125
35910,6314
35911,3846
35912,2780
35913,8441
35914,7881
35915,4281
35916,6169
35917,4120
35918,5912
35919,3711
35920,4208
35921,5281
35922,2902
35923,5461
35924,3775
35925,8193
35926,5516
35927,6486
35928,6503
35929,4206
35930,6842
35931,16378
35932,7925
35933,3917
35934,2287
35935,4882
35936,6408
35937,4168
35938,5199
35939,12007
35940,5444
35941,8273
35942,16548
35943,3542
35944,4799
35945,4496
35946,3483
35947,6658
35948,4365
35949,6262
35950,7933
35951,6202
35952,4998
35953,5808
35954,3729
35955,5478
35956,3079
35957,5023
35958,6006
35959,7390
35960,5158
35961,4551
35962,3644
35963,6249
35964,4149
35965,4561
35966,2992
35967,6890
35968,4253
35969,5001
35970,5833
35971,6290
35972,0
35973,4759
35974,5210
35975,5164
35976,5875
35977,5847
35978,6878
35979,7853
35980,6240
35981,4466
35982,2912
35983,5047
35984,5341
35985,4818
35986,4095
35987,1949
35988,6832
35989,5110
35990,7684
35991,5917
35992,4387
35993,4873
35994,4063
35995,3904
35996,7173
35997,4405
35998,5726
35999,6330
36000,11409
36001,4510
36002,3964
36003,6303
36004,4066
36005,4654
36006,4195
36007,6101
36008,3873
36009,5693
36010,3351
36011,4830
36012,3086
36013,8071
36014,4150
36015,11945
36016,11150
36017,4260
36018,5494
36019,4656
36020,5200
36021,4504
36022,9337
36023,5856
36024,6750
36025,3685
36026,6595
36027,4210
36028,7712
36029,7441
36030,5379
36031,4704
36032,5227
36033,5883
36034,6250
36035,7492
36036,5178
36037,5858
36038,7937
36039,5445
36040,5457
36041,4422
36042,7711
36043,5825
36044,4502
36045,4250
36046,4766
36047,3728
36048,7402
36049,5131
36050,5744
36051,5242
36052,6947
36053,3776
36054,6040
36055,7181
36056,6108
36057,6504
36058,5513
36059,3381
36060,11071
36061,7907
36062,5743
36063,14313
36064,7388
36065,5413
36066,5124
36067,6899
36068,8189
36069,8678
36070,8959
36071,4307
36072,6016
36073,4370
36074,6840
36075,3296
36076,8350
36077,4742
36078,4009
36079,5073
36080,7096
36081,6408
36082,4415
36083,6391
36084,4712
36085,3274
36086,5679
36087,3480
36088,3932
36089,4747
36090,5416
36091,7690
36092,7202
36093,6199
36094,5439
36095,4958
36096,8790
36097,5685
36098,4112
36099,4264
36100,4202
36101,7662
36102,3632
36103,9318
36104,6057
36105,2756
36106,4108
36107,5555
36108,5101
36109,4262
36110,7328
36111,7524
36112,10045
36113,4964
36114,8530
36115,2681
36116,4200
36117,5631
36118,4025
36119,5433
36120,4661
36121,5076
36122,3129
36123,3949
36124,9819
36125,7133
36126,3746
36127,4368
36128,7223
36129,8828
36130,6635
36131,4665
36132,3685
36133,11081
36134,5255
36135,6675
36136,4718
36137,4272
36138,5971
36139,6866
36140,2822
36141,3823
36142,3947
36143,5023
36144,8556
36145,6438
36146,6387
36147,10685
36148,4081
36149,8513
36150,9841
36151,5500
36152,3924
36153,2666
36154,6411
36155,5006
36156,4898
36157,4776
36158,5338
36159,9006
36160,4108
36161,4417
36162,5755
36163,3885
36164,5927
36165,4283
36166,3370
36167,5344
36168,2788
36169,5653
36170,7311
36171,5417
36172,6345
36173,6472
36174,6483
36175,4107
36176,5900
36177,7851
36178,6272
36179,4735
36180,5441
36181,4711
36182,8517
36183,4662
36184,5374
36185,4246
36186,5895
36187,6562
36188,5403
36189,5164
36190,7084
36191,4942
36192,5547
36193,14167
36194,4993
36195,6997
36196,4460
36197,4945
36198,4464
36199,3947
36200,3751
36201,4115
36202,7144
36203,11314
36204,7102
36205,7549
36206,8159
36207,8801
36208,8220
36209,6049
36210,6518
36211,4100
36212,9344
36213,8722
36214,5664
36215,7038
36216,6421
36217,5204
36218,3096
36219,9395
36220,5535
36221,5238
36222,5267
36223,2077
36224,10209
36225,8453
36226,11777
36227,5076
36228,4048
36229,3745
36230,5030
36231,5163
36232,6043
36233,5597
36234,4653
36235,3779
36236,5627
36237,3330
36238,2425
36239,4814
36240,10989
36241,5641
36242,16100
36243,3685
36244,4751
36245,5512
36246,4074
36247,3853
36248,4215
36249,4099
36250,3259
36251,6372
36252,5215
36253,3222
36254,7249
36255,4043
36256,4964
36257,3541
36258,8749
36259,5937
36260,8318
36261,4245
36262,5718
36263,3399
36264,4040
36265,3641
36266,12777
36267,8530
36268,5184
36269,4114
36270,3996
36271,4946
36272,3649
36273,7784
36274,3746
36275,11807
36276,3777
36277,4459
36278,4671
36279,7322
36280,5458
36281,3983
36282,5541
36283,5928
36284,5738
36285,5594
36286,4643
36287,2775
36288,7653
36289,4187
36290,3227
36291,5156
36292,4836
36293,5004
36294,5572
36295,7696
36296,6654
36297,5346
36298,5897
36299,3614
36300,7123
36301,4750
36302,3695
36303,5710
36304,5846
36305,5166
36306,6855
36307,5057
36308,5152
36309,5147
36310,5076
36311,4513
36312,5828
36313,5960
36314,5452
36315,4425
36316,4342
36317,7495
36318,5214
36319,3704
36320,9055
36321,4224
36322,3013
36323,5857
36324,7574
36325,7993
36326,4561
36327,4345
36328,4853
36329,3012
36330,5165
36331,6203
36332,5217
36333,4437
36334,5404
36335,6295
36336,2859
36337,4335
36338,4662
36339,4681
36340,4037
36341,6038
36342,6322
36343,5215
36344,3883
36345,6912
36346,4986
36347,6258
36348,7097
36349,3999
36350,5629
36351,5773
36352,6761
36353,6403
36354,6881
36355,2712
36356,8061
36357,5491
36358,5758
36359,8190
36360,3986
36361,3515
36362,9819
36363,6525
36364,6500
36365,4727
36366,4972
36367,7179
36368,2755
36369,5469
36370,4505
36371,5905
36372,4920
36373,4297
36374,6709
36375,4102
36376,6964
36377,8368
36378,13790
36379,6228
36380,3902
36381,4289
36382,3264
36383,2612
36384,8746
36385,6436
36386,4310
36387,7030
36388,4237
36389,8996
36390,3506
36391,4831
36392,4919
36393,7851
36394,4272
36395,5298
36396,4601
36397,3661
36398,6260
36399,4067
36400,5844
36401,6091
36402,8352
36403,6345
36404,5931
36405,4609
36406,8761
36407,4070
36408,4281
36409,8365
36410,5827
36411,7369
36412,8249
36413,13168
36414,4305
36415,3872
36416,3917
36417,4690
36418,7026
36419,8145
36420,5608
36421,6470
36422,5952
36423,3086
36424,6548
36425,6242
36426,5295
36427,6048
36428,4146
36429,3819
36430,4035
36431,3144
36432,3805
36433,6275
36434,5503
36435,8663
36436,13421
36437,5863
36438,4276
36439,5750
36440,6716
36441,7365
36442,3183
36443,4875
36444,3539
36445,7563
36446,5439
36447,4887
36448,9759
36449,10717
36450,4044
36451,5841
36452,3093
36453,4900
36454,4599
36455,7166
36456,3890
36457,3495
36458,4654
36459,5698
36460,4950
36461,3715
36462,4734
36463,5564
36464,5284
36465,5032
36466,2825
36467,8314
36468,14731
36469,3666
36470,5970
36471,6717
36472,5355
36473,3239
36474,3076
36475,3254
36476,6064
36477,4220
36478,6096
36479,7688
36480,3609
36481,4232
36482,4855
36483,4652
36484,4077
36485,4337
36486,5288
36487,8575
36488,6206
36489,7338
36490,4791
36491,3293
36492,5211
36493,5128
36494,6340
36495,5226
36496,3689
36497,18669
36498,5050
36499,4708
36500,9835
36501,5568
36502,5267
36503,4898
36504,6119
36505,4044
36506,7494
36507,12138
36508,4051
36509,4414
36510,5464
36511,10207
36512,5071
36513,4171
36514,4799
36515,4184
36516,5154
36517,3525
36518,6923
36519,3287
36520,6253
36521,2242
36522,15760
36523,6914
36524,3522
36525,4035
36526,7226
36527,5010
36528,5638
36529,6653
36530,4634
36531,4374
36532,3725
36533,8031
36534,4547
36535,4977
36536,5514
36537,6527
36538,4545
36539,6523
36540,4539
36541,3501
36542,6726
36543,7479
36544,3872
36545,5779
36546,5465
36547,4206
36548,7941
36549,4375
36550,6005
36551,5515
36552,6213
36553,3174
36554,3992
36555,3905
36556,0
36557,6034
36558,6585
36559,3227
36560,6842
36561,3310
36562,5083
36563,3897
36564,4909
36565,5365
36566,5674
36567,5472
36568,6572
36569,3239
36570,4898
36571,5879
36572,5888
36573,5893
36574,6583
36575,8408
36576,5667
36577,2566
36578,5255
36579,3859
36580,5307
36581,5537
36582,3618
36583,9446
36584,4225
36585,5524
36586,8639
36587,5458
36588,3255
36589,11420
36590,4409
36591,8135
36592,4550
36593,6528
36594,7083
36595,4953
36596,4411
36597,5238
36598,4331
36599,4632
36600,5123
36601,7922
36602,5830
36603,4632
36604,3601
36605,5477
36606,5317
36607,5022
36608,5680
36609,4760
36610,5295
36611,4308
36612,6512
36613,6695
36614,5402
36615,4634
36616,5509
36617,6158
36618,7917
36619,4357
36620,6225
36621,4332
36622,4873
36623,6067
36624,5486
36625,3802
36626,3586
36627,7188
36628,7098
36629,4088
36630,4702
36631,6085
36632,5100
36633,4316
36634,5415
36635,3632
36636,2657
36637,6368
36638,3450
36639,6139
36640,5599
36641,4985
36642,4685
36643,8576
36644,7375
36645,6784
36646,4140
36647,6469
36648,6219
36649,3487
36650,2825
36651,6159
36652,2807
36653,5781
36654,10876
36655,6218
36656,5646
36657,3298
36658,5771
36659,4781
36660,5234
36661,5480
36662,6404
36663,6749
36664,4573
36665,6371
36666,3811
36667,5408
36668,4159
36669,4600
36670,4548
36671,4354
36672,4593
36673,5896
36674,3651
36675,7503
36676,5202
36677,3477
36678,3796
36679,6851
36680,6325
36681,4331
36682,4940
36683,5084
36684,4249
36685,5092
36686,5061
36687,5257
36688,4222
36689,4421
36690,6761
36691,5521
36692,4744
36693,3056
36694,8141
36695,5101
36696,3725
36697,5452
36698,9183
36699,6328
36700,7211
36701,7661
36702,5429
36703,4457
36704,4467
36705,6531
36706,7039
36707,10424
36708,3692
36709,4765
36710,2682
36711,3496
36712,7171
36713,11085
36714,4963
36715,3719
36716,4100
36717,5057
36718,4662
36719,8307
36720,6791
36721,4995
36722,3182
36723,6152
36724,4657
36725,8772
36726,7113
36727,3935
36728,5596
36729,3351
36730,5676
36731,6654
36732,5835
36733,6925
36734,4989
36735,5840
36736,3732
36737,4930
36738,5724
36739,6645
36740,5835
36741,6495
36742,4683
36743,3518
36744,7874
36745,3885
36746,9085
36747,5147
36748,3704
36749,6357
36750,5521
36751,4924
36752,6437
36753,7463
36754,3745
36755,9696
36756,3261
36757,3575
36758,5620
36759,6535
36760,9028
36761,5579
36762,5162
36763,4806
36764,5337
36765,5642
36766,4169
36767,5184
36768,4031
36769,8058
36770,5745
36771,6551
36772,10481
36773,7043
36774,4081
36775,3963
36776,4633
36777,9527
36778,4505
36779,7656
36780,3589
36781,7678
36782,5570
36783,4464
36784,3940
36785,3696
36786,4245
36787,4508
36788,4410
36789,3979
36790,3459
36791,3535
36792,6736
36793,5422
36794,17937
36795,5299
36796,3651
36797,3846
36798,5522
36799,7628
36800,3872
36801,3862
36802,8002
36803,5614
36804,5973
36805,4955
36806,6345
36807,5804
36808,3520
36809,4548
36810,5462
36811,6966
36812,4971
36813,5748
36814,5539
36815,8380
36816,3865
36817,3801
36818,4414
36819,7709
36820,8684
36821,5308
36822,7213
36823,4110
36824,6130
36825,3435
36826,4609
36827,3407
36828,6432
36829,6339
36830,8229
36831,7996
36832,5205
36833,4157
36834,3706
36835,3714
36836,4927
36837,8111
36838,4954
36839,4144
36840,4428
36841,3921
36842,6010
36843,2727
36844,6049
36845,3459
36846,5820
36847,5271
36848,4406
36849,6026
36850,4048
36851,6945
36852,6775
36853,5545
36854,4270
36855,7059
36856,3840
36857,5505
36858,5471
36859,8744
36860,4288
36861,5329
36862,6810
36863,6546
36864,7634
36865,5277
36866,7101
36867,3573
36868,3897
36869,4904
36870,5429
36871,7563
36872,6325
36873,3048
36874,4445
36875,6624
36876,5875
36877,7638
36878,3120
36879,10306
36880,5647
36881,3540
36882,5149
36883,5085
36884,5292
36885,6765
36886,3656
36887,4729
36888,4922
36889,5823
36890,5474
36891,4349
36892,5708
36893,4388
36894,4376
36895,7060
36896,5879
36897,4952
36898,3993
36899,8335
36900,4204
36901,7175
36902,6291
36903,10412
36904,5196
36905,4219
36906,5483
36907,5477
36908,4809
36909,4076
36910,6323
36911,5914
36912,3149
36913,5971
36914,4715
36915,5744
36916,3588
36917,7529
36918,6791
36919,3833
36920,9669
36921,4107
36922,3707
36923,6486
36924,7569
36925,4529
36926,3519
36927,5882
36928,5041
36929,4079
36930,5159
36931,4178
36932,6647
36933,6849
36934,5553
36935,6501
36936,4455
36937,3744
36938,4942
36939,6818
36940,6171
36941,6499
36942,6096
36943,7199
36944,4438
36945,7137
36946,5531
36947,4174
36948,5101
36949,7800
36950,5353
36951,6019
36952,8065
36953,6683
36954,5898
36955,4848
36956,5918
36957,6015
36958,5876
36959,5217
36960,3420
36961,4500
36962,7705
36963,6411
36964,5064
36965,3298
36966,6623
36967,5879
36968,6220
36969,5429
36970,4364
36971,4197
36972,3149
36973,8135
36974,5676
36975,5393
36976,5085
36977,4488
36978,4629
36979,5014
36980,5235
36981,3234
36982,5140
36983,3669
36984,7199
36985,6384
36986,5486
36987,9362
36988,3956
36989,4226
36990,8141
36991,4088
36992,4669
36993,1939
36994,6809
36995,6571
36996,4559
36997,5602
36998,5529
36999,5115
37000,4790
37001,6741
37002,8597
37003,2148
37004,6434
37005,2427
37006,10987
37007,3664
37008,6596
37009,7000
37010,4753
37011,5226
37012,3856
37013,4634
37014,2714
37015,3819
37016,5142
37017,4037
37018,5182
37019,5905
37020,4497
37021,5829
37022,4896
37023,6781
37024,7522
37025,6229
37026,3803
37027,3112
37028,8417
37029,7770
37030,4468
37031,5941
37032,4044
37033,6008
37034,3940
37035,3906
37036,5181
37037,3107
37038,5374
37039,3683
37040,8205
37041,5520
37042,6657
37043,6621
37044,4507
37045,6814
37046,15882
37047,8034
37048,3917
37049,2256
37050,4876
37051,6577
37052,4202
37053,5302
37054,12388
37055,5381
37056,8935
37057,16721
37058,3482
37059,4777
37060,4516
37061,3784
37062,8247
37063,3817
37064,6241
37065,7815
37066,6276
37067,5266
37068,5874
37069,4089
37070,5140
37071,3239
37072,4888
37073,5952
37074,7096
37075,5424
37076,4869
37077,3713
37078,6246
37079,3973
37080,4476
37081,3180
37082,6722
37083,4497
37084,5124
37085,5526
37086,6426
37087,0
37088,4837
37089,5387
37090,4762
37091,6090
37092,5717
37093,7083
37094,7998
37095,6490
37096,4469
37097,2925
37098,4972
37099,5403
37100,5001
37101,4050
37102,2326
37103,6808
37104,5395
37105,7523
37106,5828
37107,4704
37108,5436
37109,4251
37110,4076
37111,7614
37112,4225
37113,6224
37114,6391
37115,12044
37116,4857
37117,4537
37118,6481
37119,4338
37120,6126
37121,4546
37122,6238
37123,3822
37124,5674
37125,3351
37126,4850
37127,3143
37128,8032
37129,4246
37130,11415
37131,11270
37132,4513
37133,5486
37134,4623
37135,5279
37136,4413
37137,9301
37138,6192
37139,6945
37140,3693
37141,6568
37142,4278
37143,7561
37144,7143
37145,5606
37146,4845
37147,5501
37148,6059
37149,6187
37150,8153
37151,5054
37152,6185
37153,7617
37154,5718
37155,5427
37156,4846
37157,7807
37158,5855
37159,4620
37160,4105
37161,5118
37162,3882
37163,7251
37164,5340
37165,6283
37166,5126
37167,7075
37168,3856
37169,6005
37170,7406
37171,6189
37172,7134
37173,5858
37174,3398
37175,10529
37176,7898
37177,6344
37178,15101
37179,8192
37180,5279
37181,5101
37182,6964
37183,8331
37184,8666
37185,8562
37186,4371
37187,5987
37188,4439
37189,7093
37190,3412
37191,9345
37192,4809
37193,3895
37194,5051
37195,7154
37196,6423
37197,4360
37198,6204
37199,4550
37200,3402
37201,5834
37202,3616
37203,3701
37204,4982
37205,4787
37206,7802
37207,7116
37208,6262
37209,5707
37210,5112
37211,9101
37212,5684
37213,4121
37214,4153
37215,4114
37216,7767
37217,3471
37218,9474
37219,5782
37220,2890
37221,3786
37222,5641
37223,5123
37224,4218
37225,7295
37226,8225
37227,9947
37228,5094
37229,8746
37230,2645
37231,4276
37232,5567
37233,4123
37234,5353
37235,4511
37236,5085
37237,3337
37238,4265
37239,9428
37240,6889
37241,3762
37242,4292
37243,7111
37244,9081
37245,7888
37246,4771
37247,3901
37248,9659
37249,4945
37250,6170
37251,4746
37252,4398
37253,5924
37254,7522
37255,3256
37256,3544
37257,4203
37258,4831
37259,8133
37260,6428
37261,6189
37262,11423
37263,4275
37264,8211
37265,9358
37266,5695
37267,3915
37268,2810
37269,6281
37270,4783
37271,4870
37272,5061
37273,5357
37274,9426
37275,4040
37276,4707
37277,5733
37278,4507
37279,6075
37280,4120
37281,3646
37282,5661
37283,2686
37284,6113
37285,7131
37286,5313
37287,6284
37288,6629
37289,6365
37290,4290
37291,5869
37292,7764
37293,5971
37294,4596
37295,5131
37296,3966
37297,8505
37298,5510
37299,5558
37300,4170
37301,5635
37302,6678
37303,5540
37304,5084
37305,6732
37306,4825
37307,5771
37308,14020
37309,4982
37310,7209
37311,4985
37312,5197
37313,4372
37314,4025
37315,3717
37316,4400
37317,7425
37318,11398
37319,7297
37320,7520
37321,8648
37322,8768
37323,8347
37324,6528
37325,7039
37326,4092
37327,8930
37328,8901
37329,5598
37330,7024
37331,6454
37332,5034
37333,3089
37334,9169
37335,5356
37336,5209
37337,5253
37338,2050
37339,10490
37340,8646
37341,11868
37342,5225
37343,4094
37344,3677
37345,4962
37346,5233
37347,6075
37348,5847
37349,4573
37350,3779
37351,5797
37352,3026
37353,2434
37354,5166
37355,10768
37356,5629
37357,15874
37358,3757
37359,4841
37360,5197
37361,4254
37362,3894
37363,4276
37364,4030
37365,3261
37366,6497
37367,5439
37368,3065
37369,7308
37370,4002
37371,5002
37372,3578
37373,8520
37374,5901
37375,8584
37376,4305
37377,5954
37378,3441
37379,4170
37380,3776
37381,12061
37382,8408
37383,5418
37384,4127
37385,4095
37386,4909
37387,4298
37388,9531
37389,3762
37390,11186
37391,3728
37392,4461
37393,4680
37394,7307
37395,5740
37396,3884
37397,5630
37398,5975
37399,5873
37400,5701
37401,4582
37402,2890
37403,8024
37404,4068
37405,3308
37406,4944
37407,5078
37408,4935
37409,5361
37410,7743
37411,6960
37412,5480
37413,6149
37414,3453
37415,6936
37416,4563
37417,3711
37418,5801
37419,6038
37420,5251
37421,7379
37422,4962
37423,5103
37424,5264
37425,5437
37426,4607
37427,5665
37428,6004
37429,5706
37430,4852
37431,4216
37432,7678
37433,5228
37434,3634
37435,9084
37436,4498
37437,2693
37438,6026
37439,7509
37440,7880
37441,4531
37442,4551
37443,4878
37444,3020
37445,5000
37446,5888
37447,5703
37448,4635
37449,5441
37450,6498
37451,2870
37452,4221
37453,4753
37454,4703
37455,4122
37456,5946
37457,6047
37458,4974
37459,3892
37460,6962
37461,4922
37462,6489
37463,6883
37464,4067
37465,5476
37466,5669
37467,6808
37468,6597
37469,6528
37470,4099
37471,8466
37472,5542
37473,5925
37474,7721
37475,3939
37476,3438
37477,9421
37478,6595
37479,6391
37480,4733
37481,5476
37482,7083
37483,2884
37484,5737
37485,4477
37486,6285
37487,5092
37488,4643
37489,6610
37490,4396
37491,6813
37492,8449
37493,12537
37494,6232
37495,4013
37496,4212
37497,3346
37498,2681
37499,8781
37500,6487
37501,4403
37502,6989
37503,4465
37504,8977
37505,3633
37506,4925
37507,4952
37508,7363
37509,4150
37510,5044
37511,4479
37512,3560
37513,6322
37514,4251
37515,5634
37516,6216
37517,8264
37518,6544
37519,6142
37520,4933
37521,8930
37522,4041
37523,4469
37524,8203
37525,5671
37526,7352
37527,8200
37528,13251
37529,4364
37530,3963
37531,4109
37532,4749
37533,7100
37534,7995
37535,5644
37536,6670
37537,6137
37538,3179
37539,6247
37540,5977
37541,5429
37542,6666
37543,4380
37544,3923
37545,4039
37546,3082
37547,3871
37548,6498
37549,6146
37550,9173
37551,13239
37552,5604
37553,4366
37554,5492
37555,6795
37556,7269
37557,3424
37558,5003
37559,3727
37560,7714
37561,5364
37562,5056
37563,9875
37564,10539
37565,4098
37566,6018
37567,3067
37568,4714
37569,4594
37570,7277
37571,3818
37572,3500
37573,4548
37574,5979
37575,5914
37576,3613
37577,4927
37578,6119
37579,5200
37580,5293
37581,3010
37582,8226
37583,14568
37584,3662
37585,6073
37586,6818
37587,5581
37588,3378
37589,3171
37590,3095
37591,6356
37592,4061
37593,6170
37594,7680
37595,3763
37596,4442
37597,5061
37598,4883
37599,3985
37600,4412
37601,5181
37602,8370
37603,6588
37604,7199
37605,5018
37606,3382
37607,5113
37608,5185
37609,7207
37610,5221
37611,3727
37612,17900
37613,5257
37614,4792
37615,9461
37616,5666
37617,5357
37618,5075
37619,6072
37620,3949
37621,7540
37622,11848
37623,4135
37624,4497
37625,5155
37626,10056
37627,5239
37628,4204
37629,4877
37630,4100
37631,5062
37632,3688
37633,6883
37634,3306
37635,6240
37636,2187
37637,15671
37638,6604
37639,3258
37640,4161
37641,7504
37642,4917
37643,5542
37644,6640
37645,4627
37646,4317
37647,3949
37648,7987
37649,4555
37650,4953
37651,5370
37652,6382
37653,4378
37654,6421
37655,4522
37656,3374
37657,7007
37658,7581
37659,3761
37660,6025
37661,5791
37662,4280
37663,8037
37664,4500
37665,5988
37666,5690
37667,6403
37668,3230
37669,3993
37670,4042
37671,0
37672,5472
37673,6641
37674,3446
37675,6883
37676,3132
37677,4996
37678,3868
37679,4950
37680,5221
37681,5615
37682,5719
37683,6911
37684,3449
37685,4853
37686,5849
37687,6268
37688,5520
37689,6104
37690,8281
37691,5821
37692,2705
37693,5635
37694,3923
37695,5293
37696,5592
37697,3488
37698,9502
37699,4215
37700,5694
37701,8623
37702,6084
37703,3225
37704,10238
37705,4670
37706,8102
37707,4553
37708,6580
37709,7836
37710,5141
37711,4235
37712,5239
37713,4379
37714,4569
37715,4982
37716,7931
37717,5857
37718,4584
37719,3832
37720,5313
37721,5457
37722,5060
37723,5680
37724,4842
37725,5333
37726,5026
37727,6587
37728,6450
37729,5287
37730,4985
37731,5275
37732,6187
37733,7999
37734,4407
37735,6331
37736,4259
37737,5207
37738,6214
37739,5616
37740,3669
37741,3654
37742,6231
37743,7389
37744,4061
37745,4629
37746,6291
37747,4950
37748,4614
37749,4715
37750,3890
37751,2800
37752,6153
37753,3433
37754,5947
37755,5607
37756,5024
37757,4925
37758,9255
37759,7338
37760,6368
37761,4032
37762,7363
37763,6143
37764,3346
37765,2918
37766,6541
37767,2876
37768,5810
37769,10184
37770,6732
37771,5558
37772,3421
37773,5661
37774,5207
37775,5034
37776,5801
37777,6594
37778,6787
37779,4457
37780,6660
37781,3753
37782,5344
37783,4212
37784,4517
37785,5089
37786,4495
37787,4379
37788,6159
37789,3657
37790,7588
37791,5226
37792,3707
37793,3817
37794,7272
37795,6113
37796,4659
37797,4907
37798,5138
37799,4233
37800,5206
37801,5140
37802,5219
37803,4059
37804,4292
37805,6858
37806,5533
37807,4947
37808,2895
37809,8369
37810,5323
37811,3818
37812,5618
37813,8855
37814,6519
37815,6656
37816,7375
37817,5541
37818,4508
37819,4607
37820,6429
37821,6783
37822,9752
37823,3678
37824,4920
37825,3079
37826,3485
37827,7487
37828,11405
37829,5231
37830,4064
37831,4483
37832,5340
37833,4733
37834,7796
37835,7006
37836,4922
37837,3292
37838,6089
37839,4721
37840,9360
37841,7474
37842,3847
37843,5779
37844,3370
37845,5826
37846,6610
37847,5849
37848,6648
37849,5105
37850,5828
37851,3590
37852,5338
37853,5595
37854,6625
37855,5882
37856,6827
37857,4985
37858,3477
37859,7792
37860,3781
37861,9123
37862,5213
37863,3431
37864,5026
37865,5538
37866,5165
37867,6184
37868,7461
37869,3944
37870,9641
37871,3370
37872,3799
37873,5541
37874,6625
37875,8751
37876,5548
37877,5599
37878,4671
37879,5467
37880,5643
37881,4346
37882,5382
37883,4196
37884,8088
37885,5420
37886,6646
37887,10086
37888,7167
37889,3876
37890,3921
37891,4563
37892,9692
37893,4388
37894,7904
37895,3651
37896,8169
37897,5488
37898,4473
37899,4152
37900,3690
37901,4303
37902,4345
37903,4620
37904,3928
37905,3772
37906,3679
37907,6805
37908,5790
37909,17528
37910,5518
37911,3892
37912,3779
37913,5568
37914,7748
37915,4072
37916,3947
37917,8807
37918,4845
37919,6172
37920,5098
37921,6175
37922,5911
37923,3978
37924,4694
37925,5939
37926,7223
37927,4911
37928,6578
37929,5827
37930,7054
37931,4552
37932,4280
37933,5003
37934,8409
37935,8582
37936,5737
37937,7334
37938,3976
37939,6537
37940,3084
37941,5199
37942,3545
37943,6839
37944,6683
37945,8904
37946,8567
37947,5784
37948,4677
37949,3619
37950,3636
37951,5543
37952,8147
37953,5321
37954,4315
37955,4835
37956,4369
37957,5897
37958,2837
37959,6956
37960,3825
37961,6725
37962,5689
37963,4626
37964,6872
37965,4117
37966,7729
37967,6860
37968,5825
37969,4594
37970,7066
37971,3978
37972,5617
37973,6122
37974,9488
37975,4469
37976,5865
37977,6714
37978,6964
37979,8250
37980,5479
37981,7495
37982,3516
37983,3830
37984,4804
37985,6105
37986,8465
37987,6924
37988,3132
37989,4846
37990,7389
37991,6802
37992,7773
37993,3516
37994,10439
37995,5767
37996,3655
37997,4737
37998,5244
37999,5506
38000,6904
38001,3684
38002,5065
38003,5682
38004,6136
38005,5549
38006,4012
38007,5805
38008,4791
38009,4729
38010,7845
38011,6291
38012,5545
38013,4354
38014,8473
38015,4650
38016,7409
38017,6587
38018,11972
38019,5525
38020,4226
38021,6245
38022,5557
38023,5453
38024,4431
38025,7540
38026,6005
38027,3282
38028,6473
38029,4747
38030,6257
38031,3864
38032,8174
38033,6604
38034,4797
38035,9627
38036,4578
38037,4183
38038,6941
38039,7979
38040,4590
38041,3678
38042,6240
38043,5099
38044,4233
38045,5668
38046,4500
38047,7587
38048,6516
38049,6159
38050,6439
38051,4563
38052,4116
38053,5408
38054,7182
38055,6276
38056,7170
38057,6832
38058,7268
38059,4923
38060,7634
38061,6080
38062,4514
38063,5099
38064,8161
38065,6120
38066,5296
38067,8277
38068,7726
38069,6643
38070,5163
38071,6440
38072,6731
38073,5751
38074,5572
38075,3611
38076,4478
38077,7479
38078,6704
38079,5290
38080,3525
38081,6757
38082,6009
38083,6267
38084,5914
38085,4639
38086,4161
38087,3105
38088,8415
38089,5424
38090,5597
38091,5167
38092,5083
38093,4693
38094,5485
38095,6017
38096,3387
38097,5789
38098,4368
38099,7922
38100,6883
38101,5902
38102,11027
38103,3885
38104,4786
38105,8586
38106,4304
38107,5545
38108,2100
38109,7533
38110,6980
38111,5108
38112,6003
38113,5601
38114,5535
38115,4906
38116,6150
38117,8379
38118,2530
38119,6462
38120,2785
38121,10386
38122,3835
38123,7108
38124,8486
38125,5308
38126,5392
38127,4073
38128,4282
38129,2844
38130,3781
38131,5574
38132,4002
38133,5946
38134,6527
38135,4529
38136,6018
38137,5569
38138,7453
38139,8240
38140,6729
38141,4334
38142,3812
38143,8687
38144,8502
38145,4853
38146,6261
38147,4142
38148,6531
38149,4311
38150,4094
38151,5792
38152,3667
38153,5301
38154,4143
38155,8292
38156,5882
38157,7216
38158,6669
38159,4882
38160,7482
38161,15744
38162,8311
38163,3981
38164,2859
38165,5353
38166,6476
38167,4090
38168,5831
38169,12631
38170,5247
38171,8730
38172,17584
38173,3805
38174,4838
38175,4598
38176,3406
38177,7431
38178,4097
38179,6381
38180,7810
38181,6030
38182,5350
38183,6059
38184,4672
38185,5844
38186,3292
38187,5707
38188,6144
38189,8054
38190,5927
38191,5472
38192,3456
38193,6494
38194,4371
38195,4930
38196,3345
38197,7332
38198,4973
38199,5543
38200,6040
38201,6399
38202,0
38203,4750
38204,5338
38205,4879
38206,6032
38207,6054
38208,8222
38209,8550
38210,6842
38211,4880
38212,3493
38213,5093
38214,5460
38215,5430
38216,4229
38217,2309
38218,6849
38219,5447
38220,8605
38221,5867
38222,5075
38223,5961
38224,4223
38225,4182
38226,8026
38227,5180
38228,6607
38229,7254
38230,11412
38231,5404
38232,3974
38233,7022
38234,3817
38235,4683
38236,5270
38237,6312
38238,3986
38239,6374
38240,3478
38241,4773
38242,2921
38243,7891
38244,4597
38245,11593
38246,11136
38247,5191
38248,5768
38249,4986
38250,5472
38251,4689
38252,10257
38253,6759
38254,6831
38255,3854
38256,6880
38257,5072
38258,8385
38259,7336
38260,6321
38261,5322
38262,5962
38263,6319
38264,7136
38265,7765
38266,5934
38267,6049
38268,8169
38269,6285
38270,5678
38271,5329
38272,7778
38273,5707
38274,4952
38275,4432
38276,5458
38277,4204
38278,7973
38279,6155
38280,6642
38281,5562
38282,7746
38283,4365
38284,5899
38285,7678
38286,6259
38287,7338
38288,5649
38289,3462
38290,10594
38291,7398
38292,6950
38293,14794
38294,7399
38295,6090
38296,5613
38297,7604
38298,8416
38299,8659
38300,9090
38301,4921
38302,6021
38303,4904
38304,8119
38305,3716
38306,8210
38307,4885
38308,4493
38309,5431
38310,6809
38311,6280
38312,4731
38313,6636
38314,4412
38315,3561
38316,6515
38317,4110
38318,4239
38319,5031
38320,5157
38321,8805
38322,8352
38323,6056
38324,6258
38325,5557
38326,8583
38327,5484
38328,4958
38329,4306
38330,4419
38331,8948
38332,3719
38333,10706
38334,6059
38335,2927
38336,3846
38337,5677
38338,5526
38339,4951
38340,8121
38341,8411
38342,9594
38343,5342
38344,10340
38345,2673
38346,4629
38347,5911
38348,4405
38349,5722
38350,5148
38351,5933
38352,3747
38353,4679
38354,10743
38355,7935
38356,4027
38357,4418
38358,7896
38359,8600
38360,7164
38361,5166
38362,4159
38363,9996
38364,5115
38365,7109
38366,4586
38367,5075
38368,6678
38369,6831
38370,3376
38371,4098
38372,3987
38373,4577
38374,8645
38375,7264
38376,6914
38377,10656
38378,5070
38379,9135
38380,9921
38381,6462
38382,4169
38383,2907
38384,6622
38385,5207
38386,5096
38387,5469
38388,5555
38389,9362
38390,3871
38391,5180
38392,6447
38393,3699
38394,7481
38395,4924
38396,3575
38397,6252
38398,2824
38399,5601
38400,7514
38401,6096
38402,6704
38403,7246
38404,6449
38405,4736
38406,6280
38407,8685
38408,6265
38409,4987
38410,5882
38411,4285
38412,8651
38413,6010
38414,5500
38415,4283
38416,5716
38417,7297
38418,6155
38419,5369
38420,7357
38421,4944
38422,6575
38423,13708
38424,5244
38425,8316
38426,4591
38427,5434
38428,5221
38429,4588
38430,4008
38431,4943
38432,8261
38433,11493
38434,7469
38435,7894
38436,7802
38437,9718
38438,9042
38439,7237
38440,6916
38441,4077
38442,9001
38443,9800
38444,6580
38445,6992
38446,7379
38447,5316
38448,3028
38449,9864
38450,5548
38451,5324
38452,5593
38453,1997
38454,9901
38455,8596
38456,11394
38457,5558
38458,4490
38459,4216
38460,5444
38461,5278
38462,6066
38463,6824
38464,4481
38465,4101
38466,5612
38467,2967
38468,2479
38469,4651
38470,11157
38471,6118
38472,16208
38473,3621
38474,5447
38475,5453
38476,4786
38477,3924
38478,5206
38479,3981
38480,3270
38481,7743
38482,5821
38483,3372
38484,8097
38485,4180
38486,5091
38487,3750
38488,9365
38489,6369
38490,8291
38491,4387
38492,6146
38493,3863
38494,4597
38495,3945
38496,12365
38497,9673
38498,5892
38499,4241
38500,4798
38501,5788
38502,3651
38503,7989
38504,3523
38505,11978
38506,3847
38507,4613
38508,4845
38509,8255
38510,6686
38511,4538
38512,5667
38513,5626
38514,6509
38515,6408
38516,4599
38517,3118
38518,7576
38519,4169
38520,3621
38521,5244
38522,5867
38523,4842
38524,5332
38525,7906
38526,7358
38527,5898
38528,6890
38529,3600
38530,7839
38531,4776
38532,4094
38533,6417
38534,6222
38535,5377
38536,7701
38537,5543
38538,5217
38539,5791
38540,4896
38541,4776
38542,5841
38543,7222
38544,5809
38545,5203
38546,4596
38547,8310
38548,5936
38549,3991
38550,9877
38551,4294
38552,2646
38553,6421
38554,8701
38555,8036
38556,4582
38557,5060
38558,5385
38559,3289
38560,5404
38561,6303
38562,5836
38563,5106
38564,5311
38565,7159
38566,2931
38567,4496
38568,4835
38569,4572
38570,4382
38571,6368
38572,6535
38573,5546
38574,4337
38575,7034
38576,5788
38577,6796
38578,7269
38579,4730
38580,5774
38581,5882
38582,6684
38583,6983
38584,7657
38585,2877
38586,8775
38587,5961
38588,5984
38589,8601
38590,4293
38591,3555
38592,9584
38593,6505
38594,7308
38595,4809
38596,5137
38597,7651
38598,3255
38599,6126
38600,4418
38601,6966
38602,4891
38603,4862
38604,7101
38605,4479
38606,7031
38607,8957
38608,13572
38609,6522
38610,4183
38611,4587
38612,3756
38613,2795
38614,9113
38615,6653
38616,5169
38617,7849
38618,5109
38619,8075
38620,4142
38621,5092
38622,5477
38623,7231
38624,4931
38625,5412
38626,5255
38627,3920
38628,6543
38629,4728
38630,6004
38631,6845
38632,8158
38633,7064
38634,6354
38635,5352
38636,8885
38637,4326
38638,5255
38639,9350
38640,5984
38641,7409
38642,8170
38643,14515
38644,4485
38645,4120
38646,4254
38647,4810
38648,7768
38649,9146
38650,6507
38651,6501
38652,6826
38653,3442
38654,6623
38655,5948
38656,6007
38657,7083
38658,4919
38659,4360
38660,4588
38661,2986
38662,4060
38663,6763
38664,5814
38665,10011
38666,13886
38667,5903
38668,4326
38669,6031
38670,7001
38671,7212
38672,3626
38673,5421
38674,4051
38675,7860
38676,6143
38677,5740
38678,10159
38679,11764
38680,4051
38681,6311
38682,3148
38683,4981
38684,4586
38685,7826
38686,4113
38687,4276
38688,4585
38689,6173
38690,5084
38691,3513
38692,5245
38693,6717
38694,5888
38695,5794
38696,2626
38697,9173
38698,14766
38699,3883
38700,6990
38701,7202
38702,5819
38703,3848
38704,3206
38705,3371
38706,6355
38707,4489
38708,6111
38709,8238
38710,4113
38711,4842
38712,5663
38713,5240
38714,4591
38715,4639
38716,5473
38717,9286
38718,6489
38719,7714
38720,5466
38721,3370
38722,5039
38723,5167
38724,7600
38725,5540
38726,4026
38727,17032
38728,5480
38729,4980
38730,10220
38731,5596
38732,5829
38733,5451
38734,5958
38735,4148
38736,7957
38737,12378
38738,4288
38739,4610
38740,5277
38741,9813
38742,5998
38743,4641
38744,4881
38745,4659
38746,4830
38747,4160
38748,7281
38749,3188
38750,5956
38751,2557
38752,18868
38753,6986
38754,3371
38755,5104
38756,8274
38757,5219
38758,5691
38759,7127
38760,4941
38761,4931
38762,3921
38763,8309
38764,4820
38765,5375
38766,5415
38767,7162
38768,4428
38769,7173
38770,5303
38771,3553
38772,6944
38773,9090
38774,4012
38775,6627
38776,6622
38777,4827
38778,9084
38779,4300
38780,5721
38781,6429
38782,6870
38783,3164
38784,4454
38785,4536
38786,0
38787,5604
38788,6891
38789,3795
38790,7233
38791,3188
38792,5763
38793,4213
38794,5370
38795,5090
38796,5970
38797,6835
38798,7924
38799,4018
38800,5507
38801,6066
38802,6735
38803,5440
38804,7198
38805,8706
38806,5841
38807,3039
38808,5635
38809,4121
38810,5591
38811,5561
38812,3561
38813,10873
38814,4640
38815,5618
38816,9184
38817,6061
38818,3604
38819,10748
38820,5097
38821,8422
38822,4774
38823,6905
38824,7373
38825,6292
38826,4579
38827,6025
38828,4698
38829,4822
38830,5442
38831,7420
38832,6627
38833,4574
38834,3826
38835,6241
38836,6336
38837,5099
38838,6258
38839,4946
38840,5458
38841,4699
38842,7102
38843,6404
38844,6072
38845,5184
38846,5372
38847,6829
38848,7976
38849,5114
38850,6783
38851,4170
38852,5683
38853,6661
38854,5996
38855,3918
38856,3927
38857,6430
38858,7872
38859,4171
38860,5177
38861,6778
38862,5780
38863,4584
38864,4916
38865,4381
38866,2649
38867,6567
38868,3401
38869,6052
38870,6132
38871,5757
38872,5404
38873,8280
38874,7460
38875,6609
38876,4252
38877,6987
38878,6171
38879,3325
38880,2549
38881,6660
38882,3186
38883,6062
38884,10396
38885,6760
38886,5800
38887,3457
38888,6070
38889,5448
38890,5405
38891,6207
38892,7106
38893,6559
38894,4716
38895,7478
38896,3790
38897,5611
38898,4112
38899,4842
38900,5874
38901,5227
38902,4599
38903,6302
38904,3963
38905,8231
38906,5184
38907,4282
38908,4065
38909,7893
38910,6384
38911,4547
38912,5083
38913,5822
38914,4671
38915,5248
38916,5406
38917,6192
38918,4134
38919,4330
38920,7847
38921,5644
38922,5484
38923,3089
38924,9288
38925,5857
38926,4244
38927,5275
38928,9302
38929,7006
38930,7278
38931,7679
38932,5693
38933,4791
38934,5149
38935,6789
38936,8122
38937,10335
38938,4050
38939,4438
38940,2896
38941,3883
38942,7859
38943,11433
38944,5075
38945,3870
38946,4937
38947,5045
38948,5371
38949,8163
38950,7411
38951,5225
38952,3300
38953,6995
38954,4974
38955,9157
38956,8086
38957,4405
38958,6134
38959,3406
38960,6594
38961,6620
38962,6067
38963,6434
38964,5332
38965,6056
38966,4199
38967,5600
38968,6504
38969,6839
38970,6252
38971,7487
38972,5127
38973,3569
38974,8338
38975,4016
38976,9631
38977,5888
38978,4174
38979,4809
38980,5747
38981,4998
38982,6571
38983,7395
38984,4446
38985,9676
38986,3309
38987,4060
38988,5850
38989,7142
38990,9368
38991,5410
38992,5098
38993,5378
38994,5511
38995,6044
38996,4237
38997,5652
38998,4348
38999,8981
39000,5077
39001,7128
39002,10781
39003,7716
39004,4395
39005,3769
39006,5039
39007,10007
39008,4470
39009,7645
39010,3854
39011,8319
39012,5519
39013,4881
39014,4574
39015,4105
39016,4363
39017,4847
39018,4439
39019,4124
39020,3653
39021,3676
39022,7031
39023,5502
39024,18744
39025,6271
39026,4477
39027,2533
39028,4107
39029,9024
39030,2029
39031,2782
39032,6582
39033,3187
39034,6457
39035,4823
39036,5240
39037,5887
39038,4430
39039,3257
39040,5430
39041,5628
39042,2501
39043,4577
39044,4180
39045,5848
39046,5389
39047,3352
39048,4642
39049,7294
39050,7780
39051,5450
39052,7084
39053,2107
39054,7451
39055,3472
39056,5061
39057,2610
39058,7699
39059,6963
39060,8265
39061,9235
39062,6658
39063,5971
39064,2904
39065,4536
39066,5905
39067,7725
39068,4079
39069,3367
39070,5835
39071,4892
39072,5502
39073,2323
39074,7751
39075,4488
39076,7867
39077,6393
39078,3361
39079,8264
39080,2895
39081,9126
39082,6023
39083,6625
39084,2355
39085,5132
39086,4742
39087,3672
39088,7100
39089,9855
39090,2798
39091,6137
39092,5867
39093,8060
39094,7625
39095,5549
39096,6420
39097,2384
39098,2355
39099,4562
39100,6067
39101,8445
39102,8039
39103,2343
39104,4417
39105,8903
39106,8826
39107,5157
39108,2914
39109,10208
39110,5267
39111,3551
39112,3542
39113,2108
39114,4606
39115,7011
39116,3808
39117,5615
39118,2878
39119,5570
39120,3750
39121,1813
39122,4089
39123,5057
39124,5788
39125,8838
39126,6592
39127,5755
39128,3788
39129,10167
39130,3507
39131,5792
39132,7257
39133,13219
39134,4865
39135,3242
39136,6704
39137,5850
39138,6567
39139,4737
39140,10079
39141,5558
39142,2141
39143,7332
39144,4347
39145,6034
39146,2233
39147,8223
39148,3573
39149,2637
39150,7988
39151,4267
39152,5107
39153,7930
39154,7574
39155,4412
39156,4193
39157,7326
39158,3223
39159,2796
39160,6786
39161,4968
39162,6469
39163,3117
39164,4614
39165,6353
39166,4381
39167,3055
39168,5442
39169,6073
39170,6128
39171,6897
39172,7412
39173,6888
39174,4085
39175,7574
39176,5276
39177,3082
39178,3533
39179,8285
39180,7347
39181,2758
39182,6995
39183,9719
39184,6829
39185,4972
39186,6681
39187,7623
39188,5350
39189,4366
39190,3056
39191,5104
39192,5200
39193,4998
39194,5181
39195,3181
39196,5601
39197,7001
39198,5720
39199,6603
39200,5533
39201,2740
39202,1533
39203,6748
39204,6001
39205,6436
39206,3562
39207,5665
39208,3617
39209,5178
39210,5349
39211,3905
39212,4023
39213,4955
39214,7141
39215,6544
39216,7342
39217,14221
39218,4112
39219,4938
39220,9809
39221,3293
39222,5036
39223,804
39224,8072
39225,6555
39226,5187
39227,6912
39228,5522
39229,4744
39230,5038
39231,4682
39232,7559
39233,3022
39234,5734
39235,2855
39236,8090
39237,3210
39238,7325
39239,9449
39240,6369
39241,5815
39242,4065
39243,2315
39244,1729
39245,3478
39246,5312
39247,2888
39248,5002
39249,7426
39250,3709
39251,5496
39252,4359
39253,7951
39254,7862
39255,6822
39256,4999
39257,3027
39258,8601
39259,8750
39260,3824
39261,4180
39262,3480
39263,5620
39264,5130
39265,3613
39266,6219
39267,3095
39268,5196
39269,4292
39270,8870
39271,5143
39272,7545
39273,6311
39274,4479
39275,8598
39276,16465
39277,8173
39278,3534
39279,3590
39280,6100
39281,7225
39282,2725
39283,4874
39284,9497
39285,5786
39286,6555
39287,16359
39288,5493
39289,4865
39290,2893
39291,2086
39292,9919
39293,3289
39294,5882
39295,8297
39296,2684
39297,3519
39298,5981
39299,3847
39300,6685
39301,1893
39302,5113
39303,4730
39304,10351
39305,6079
39306,5579
39307,2760
39308,7625
39309,5672
39310,6787
39311,1611
39312,9238
39313,5054
39314,6225
39315,4068
39316,4248
39317,0
39318,4459
39319,3664
39320,5351
39321,4828
39322,4987
39323,8375
39324,9842
39325,7800
39326,3761
39327,4435
39328,4265
39329,4592
39330,6724
39331,3017
39332,1291
39333,6546
39334,5295
39335,7734
39336,5607
39337,4520
39338,4275
39339,3192
39340,2481
39341,8347
39342,6092
39343,4653
39344,5230
39345,10911
39346,5965
39347,1831
39348,7573
39349,1907
39350,4034
39351,6041
39352,5878
39353,2368
39354,4090
39355,4285
39356,3724
39357,1519
39358,7926
39359,4353
39360,8631
39361,10707
39362,6004
39363,5835
39364,4411
39365,4838
39366,4605
39367,11366
39368,6102
39369,6571
39370,3069
39371,5466
39372,5600
39373,8514
39374,7932
39375,7042
39376,5335
39377,6214
39378,5036
39379,8081
39380,6180
39381,6907
39382,5644
39383,8797
39384,7034
39385,4489
39386,5471
39387,8339
39388,5792
39389,3419
39390,5577
39391,3047
39392,4475
39393,9078
39394,7218
39395,6928
39396,6247
39397,7755
39398,4717
39399,3935
39400,4073
39401,5689
39402,6340
39403,6229
39404,3080
39405,12291
39406,4829
39407,5521
39408,16166
39409,5237
39410,7469
39411,5883
39412,7020
39413,7910
39414,7215
39415,9073
39416,2637
39417,4299
39418,5222
39419,8773
39420,2471
39421,5265
39422,4401
39423,4805
39424,5355
39425,5561
39426,3277
39427,5560
39428,4815
39429,3013
39430,2960
39431,7488
39432,4344
39433,5088
39434,5761
39435,5227
39436,9702
39437,11836
39438,5037
39439,7505
39440,6046
39441,9471
39442,4636
39443,2687
39444,3688
39445,5092
39446,11602
39447,3781
39448,8744
39449,6916
39450,2090
39451,3640
39452,6023
39453,6009
39454,5126
39455,8917
39456,8416
39457,7318
39458,4033
39459,11919
39460,2026
39461,3542
39462,8359
39463,3865
39464,5329
39465,3756
39466,6607
39467,5014
39468,3582
39469,12916
39470,10553
39471,2289
39472,4679
39473,5354
39474,7658
39475,10203
39476,5263
39477,3015
39478,9663
39479,1921
39480,9924
39481,4494
39482,5451
39483,9815
39484,5486
39485,1491
39486,4843
39487,2187
39488,3630
39489,10949
39490,8010
39491,4218
39492,12002
39493,6928
39494,9877
39495,11944
39496,7068
39497,3916
39498,2015
39499,4663
39500,6321
39501,2552
39502,5801
39503,4134
39504,7129
39505,2265
39506,5505
39507,7928
39508,1684
39509,8816
39510,5758
39511,2421
39512,6574
39513,3080
39514,2931
39515,9449
39516,7359
39517,7076
39518,7622
39519,5326
39520,4871
39521,6388
39522,7258
39523,7686
39524,5680
39525,6855
39526,3687
39527,8767
39528,5827
39529,5556
39530,3952
39531,4596
39532,7840
39533,5695
39534,4025
39535,5005
39536,5161
39537,4950
39538,14715
39539,5038
39540,9269
39541,4486
39542,3797
39543,6246
39544,5186
39545,3456
39546,4958
39547,8898
39548,13146
39549,6973
39550,8908
39551,6740
39552,10054
39553,8076
39554,6758
39555,7004
39556,4055
39557,9659
39558,7983
39559,7102
39560,5129
39561,5085
39562,5051
39563,2176
39564,12025
39565,6460
39566,5572
39567,4980
39568,1465
39569,8165
39570,7667
39571,10915
39572,5799
39573,4386
39574,3521
39575,6653
39576,4611
39577,4317
39578,10795
39579,4310
39580,4369
39581,5167
39582,3378
39583,2412
39584,2245
39585,13310
39586,4697
39587,12035
39588,3948
39589,5486
39590,4945
39591,3837
39592,2947
39593,6288
39594,2864
39595,2649
39596,10195
39597,5603
39598,2843
39599,8800
39600,2515
39601,5699
39602,3301
39603,9865
39604,7090
39605,7825
39606,2405
39607,5363
39608,2521
39609,4955
39610,3431
39611,15576
39612,11654
39613,4685
39614,2991
39615,5903
39616,4435
39617,2444
39618,7316
39619,2325
39620,13055
39621,4043
39622,4873
39623,5516
39624,10577
39625,6709
39626,4973
39627,5230
39628,6002
39629,6608
39630,6822
39631,3590
39632,1172
39633,4396
39634,2647
39635,2743
39636,5684
39637,6876
39638,5394
39639,5124
39640,8360
39641,5484
39642,3036
39643,7713
39644,2233
39645,9603
39646,4823
39647,2735
39648,4351
39649,4013
39650,4557
39651,7033
39652,7117
39653,3693
39654,5746
39655,2286
39656,4355
39657,7322
39658,8778
39659,3462
39660,2081
39661,4877
39662,7396
39663,6241
39664,2454
39665,10196
39666,3498
39667,3237
39668,5440
39669,9903
39670,9432
39671,4356
39672,4199
39673,5522
39674,1513
39675,6536
39676,6778
39677,4443
39678,4149
39679,2694
39680,8053
39681,2970
39682,4276
39683,3582
39684,3494
39685,2782
39686,7553
39687,6630
39688,5664
39689,3647
39690,5245
39691,7903
39692,7105
39693,7148
39694,4680
39695,5392
39696,5630
39697,7813
39698,7361
39699,5013
39700,1772
39701,6265
39702,6359
39703,5791
39704,7383
39705,5309
39706,3058
39707,7191
39708,4882
39709,10294
39710,2617
39711,2490
39712,8573
39713,1565
39714,5270
39715,4278
39716,7452
39717,3550
39718,4404
39719,9111
39720,2567
39721,6098
39722,8977
39723,13524
39724,6875
39725,2507
39726,5233
39727,3690
39728,2167
39729,7259
39730,4601
39731,6059
39732,4780
39733,5064
39734,4673
39735,4499
39736,5016
39737,4684
39738,8584
39739,5389
39740,2369
39741,6075
39742,3654
39743,5697
39744,5689
39745,5663
39746,7131
39747,8406
39748,8559
39749,5445
39750,4847
39751,5856
39752,3034
39753,5746
39754,8240
39755,6291
39756,6667
39757,7422
39758,13276
39759,2996
39760,3338
39761,4780
39762,3989
39763,8205
39764,9865
39765,8054
39766,7017
39767,7075
39768,1874
39769,7762
39770,3014
39771,6530
39772,5977
39773,4906
39774,2088
39775,5025
39776,3284
39777,2949
39778,6631
39779,4451
39780,8441
39781,16185
39782,5688
39783,3211
39784,4537
39785,7865
39786,6278
39787,4357
39788,5337
39789,2081
39790,6504
39791,6971
39792,3289
39793,9789
39794,11108
39795,3051
39796,5591
39797,3389
39798,3932
39799,3820
39800,8695
39801,3603
39802,4718
39803,4617
39804,2628
39805,2539
39806,2297
39807,5439
39808,5507
39809,4540
39810,7205
39811,1107
39812,7145
39813,14318
39814,3172
39815,8380
39816,6739
39817,4436
39818,3947
39819,2380
39820,3911
39821,4517
39822,5079
39823,2909
39824,8500
39825,4210
39826,4019
39827,5959
39828,5081
39829,5932
39830,4576
39831,5822
39832,10720
39833,4283
39834,6870
39835,5907
39836,3285
39837,2962
39838,4710
39839,5437
39840,6193
39841,3308
39842,12229
39843,5103
39844,4559
39845,11558
39846,4476
39847,6658
39848,4298
39849,5025
39850,5014
39851,6409
39852,14858
39853,2760
39854,5710
39855,3272
39856,8828
39857,7122
39858,4704
39859,3423
39860,3887
39861,2376
39862,2036
39863,6376
39864,2177
39865,3869
39866,1220
39867,20373
39868,7900
39869,1948
39870,5057
39871,5877
39872,6284
39873,5470
39874,7843
39875,5187
39876,5812
39877,2798
39878,7910
39879,5596
39880,4140
39881,5854
39882,9513
39883,4297
39884,8113
39885,6042
39886,3073
39887,5598
39888,6778
39889,2822
39890,8012
39891,7087
39892,4831
39893,10092
39894,3411
39895,4659
39896,8659
39897,6278
39898,2050
39899,4567
39900,3695
39901,0
39902,5161
39903,5582
39904,3652
39905,6193
39906,2196
39907,5881
39908,2765
39909,5642
39910,5359
39911,4544
39912,6296
39913,8200
39914,2611
39915,5621
39916,6644
39917,3187
39918,5526
39919,5862
39920,9352
39921,6287
39922,3972
39923,1946
39924,1918
39925,5436
39926,4588
39927,4202
39928,11750
39929,5382
39930,5530
39931,8776
39932,6530
39933,2136
39934,9938
39935,4147
39936,7569
39937,5760
39938,7614
39939,5920
39940,8578
39941,5019
39942,3830
39943,2713
39944,3369
39945,6100
39946,4087
39947,7572
39948,4607
39949,2591
39950,7718
39951,6650
39952,4392
39953,6876
39954,4167
39955,6559
39956,3873
39957,4968
39958,3561
39959,4486
39960,3313
39961,5894
39962,7955
39963,7840
39964,5868
39965,5371
39966,4005
39967,6167
39968,6576
39969,6902
39970,2635
39971,2887
39972,8800
39973,6131
39974,2829
39975,4200
39976,7268
39977,6497
39978,2308
39979,5802
39980,4568
39981,1695
39982,4724
39983,2672
39984,3919
39985,6523
39986,5470
39987,4929
39988,4052
39989,8766
39990,6536
39991,3506
39992,5276
39993,4824
39994,3012
39995,1133
39996,6746
39997,1619
39998,5762
39999,9391
40000,5351
40001,4302
40002,2973
40003,4994
40004,4916
40005,4789
40006,5219
40007,5781
40008,7452
40009,5934
40010,8942
40011,3665
40012,3418
40013,4265
40014,3517
40015,5091
40016,6239
40017,3207
40018,4964
40019,2447
40020,7410
40021,3826
40022,4248
40023,4080
40024,5124
40025,7454
40026,3186
40027,6090
40028,4212
40029,5344
40030,5042
40031,5655
40032,7233
40033,4393
40034,3651
40035,9233
40036,6265
40037,6517
40038,1837
40039,4426
40040,5207
40041,3743
40042,4375
40043,9875
40044,7971
40045,9695
40046,8914
40047,6003
40048,5047
40049,5754
40050,6325
40051,7178
40052,10682
40053,3002
40054,1667
40055,1457
40056,3817
40057,4763
40058,9582
40059,2277
40060,1760
40061,5000
40062,5314
40063,5731
40064,10162
40065,6554
40066,6215
40067,2516
40068,7261
40069,6251
40070,7335
40071,6741
40072,3330
40073,5951
40074,3196
40075,6874
40076,5602
40077,4868
40078,5766
40079,3716
40080,5880
40081,5164
40082,6426
40083,4693
40084,7709
40085,5161
40086,8986
40087,5197
40088,3370
40089,7921
40090,2775
40091,9796
40092,5714
40093,4821
40094,3124
40095,6824
40096,4322
40097,4140
40098,6389
40099,4209
40100,11401
40101,2871
40102,2775
40103,5768
40104,6255
40105,10355
40106,2351
40107,4437
40108,6200
40109,5818
40110,4493
40111,3444
40112,5867
40113,3100
40114,9824
40115,2597
40116,6625
40117,13162
40118,6905
40119,6007
40120,3035
40121,4661
40122,7837
40123,2489
40124,7647
40125,2775
40126,7818
40127,6456
40128,5762
40129,5752
40130,4511
40131,2782
40132,5266
40133,2148
40134,3606
40135,3012
40136,2703
40137,7160
40138,5363
40139,20333
40140,7819
40141,0
40142,0
40143,0
40144,0
40145,0
40146,0
40147,0
40148,0
40149,0
40150,0
40151,0
40152,0
40153,0
40154,0
40155,0
40156,0
40157,0
40158,0
40159,0
40160,0
40161,0
40162,0
40163,0
40164,0
40165,0
40166,0
40167,0
40168,0
40169,0
40170,0
40171,0
40172,0
40173,0
40174,0
40175,0
40176,0
40177,0
40178,0
40179,0
40180,0
40181,0
40182,0
40183,0
40184,0
40185,0
40186,0
40187,0
40188,0
40189,0
40190,0
40191,0
40192,0
40193,0
40194,0
40195,0
40196,0
40197,0
40198,0
40199,0
40200,0
40201,0
40202,0
40203,0
40204,0
40205,0
40206,0
40207,0
40208,0
40209,0
40210,0
40211,0
40212,0
40213,0
40214,0
40215,0
40216,0
40217,0
40218,0
40219,0
40220,0
40221,0
40222,0
40223,0
40224,0
40225,11328
40226,0
40227,0
40228,0
40229,0
40230,0
40231,0
40232,0
40233,0
40234,0
40235,0
40236,0
40237,0
40238,0
40239,0
40240,0
40241,0
40242,0
40243,0
40244,0
40245,0
40246,0
40247,0
40248,0
40249,0
40250,0
40251,0
40252,0
40253,0
40254,0
40255,0
40256,0
40257,0
40258,0
40259,0
40260,0
40261,0
40262,3847
40263,0
40264,0
40265,0
40266,0
40267,0
40268,0
40269,0
40270,0
40271,0
40272,0
40273,0
40274,0
40275,0
40276,0
40277,0
40278,0
40279,0
40280,0
40281,0
40282,0
40283,0
40284,0
40285,0
40286,0
40287,0
40288,0
40289,0
40290,0
40291,0
40292,0
40293,0
40294,0
40295,0
40296,0
40297,0
40298,0
40299,0
40300,0
40301,0
40302,0
40303,0
40304,0
40305,0
40306,0
40307,0
40308,0
40309,0
40310,0
40311,0
40312,0
40313,0
40314,0
40315,0
40316,0
40317,0
40318,0
40319,0
40320,0
40321,0
40322,0
40323,0
40324,0
40325,0
40326,0
40327,0
40328,0
40329,0
40330,0
40331,0
40332,0
40333,0
40334,0
40335,0
40336,0
40337,0
40338,0
40339,0
40340,0
40341,0
40342,0
40343,0
40344,0
40345,0
40346,0
40347,0
40348,0
40349,2877
40350,0
40351,0
40352,0
40353,0
40354,0
40355,0
40356,0
40357,0
40358,0
40359,0
40360,0
40361,0
40362,0
40363,0
40364,0
40365,0
40366,0
40367,0
40368,0
40369,0
40370,0
40371,0
40372,0
40373,0
40374,0
40375,0
40376,0
40377,0
40378,0
40379,0
40380,0
40381,0
40382,0
40383,0
40384,0
40385,0
40386,0
40387,0
40388,0
40389,0
40390,0
40391,0
40392,0
40393,0
40394,0
40395,0
40396,0
40397,0
40398,0
40399,16279
40400,0
40401,0
40402,27614
40403,0
40404,0
40405,0
40406,0
40407,0
40408,0
40409,0
40410,0
40411,0
40412,0
40413,0
40414,7496
40415,0
40416,0
40417,0
40418,0
40419,0
40420,0
40421,0
40422,0
40423,0
40424,0
40425,0
40426,0
40427,0
40428,0
40429,0
40430,0
40431,0
40432,0
40433,0
40434,0
40435,0
40436,0
40437,0
40438,0
40439,5342
40440,0
40441,0
40442,0
40443,0
40444,0
40445,0
40446,0
40447,0
40448,0
40449,0
40450,2823
40451,0
40452,0
40453,0
40454,0
40455,0
40456,0
40457,0
40458,0
40459,0
40460,0
40461,0
40462,0
40463,0
40464,0
40465,0
40466,0
40467,0
40468,0
40469,0
40470,0
40471,0
40472,0
40473,0
40474,0
40475,7980
40476,0
40477,0
40478,0
40479,0
40480,0
40481,0
40482,0
40483,0
40484,0
40485,0
40486,0
40487,0
40488,0
40489,0
40490,0
40491,0
40492,0
40493,8876
40494,0
40495,0
40496,0
40497,0
40498,0
40499,0
40500,0
40501,0
40502,0
40503,0
40504,0
40505,0
40506,0
40507,0
40508,0
40509,0
40510,0
40511,0
40512,0
40513,0
40514,0
40515,0
40516,0
40517,0
40518,0
40519,0
40520,0
40521,0
40522,0
40523,0
40524,0
40525,0
40526,0
40527,0
40528,0
40529,0
40530,0
40531,0
40532,0
40533,0
40534,0
40535,0
40536,0
40537,0
40538,0
40539,0
40540,0
40541,0
40542,0
40543,0
40544,0
40545,0
40546,0
40547,0
40548,0
40549,0
40550,0
40551,0
40552,0
40553,0
40554,0
40555,0
40556,0
40557,0
40558,0
40559,0
40560,0
40561,0
40562,0
40563,14130
40564,0
40565,0
40566,0
40567,0
40568,0
40569,0
40570,0
40571,0
40572,0
40573,1668
40574,0
40575,0
40576,0
40577,0
40578,0
40579,0
40580,0
40581,0
40582,0
40583,0
40584,0
40585,0
40586,0
40587,0
40588,0
40589,0
40590,0
40591,0
40592,0
40593,5963
40594,0
40595,0
40596,0
40597,0
40598,0
40599,0
40600,0
40601,0
40602,0
40603,0
40604,0
40605,0
40606,0
40607,0
40608,0
40609,0
40610,0
40611,0
40612,0
40613,0
40614,0
40615,0
40616,0
40617,0
40618,0
40619,0
40620,0
40621,0
40622,0
40623,0
40624,0
40625,0
40626,0
40627,0
40628,0
40629,0
40630,0
40631,0
40632,0
40633,0
40634,7567
40635,0
40636,0
40637,0
40638,0
40639,0
40640,0
40641,0
40642,0
40643,0
40644,0
40645,0
40646,0
40647,0
40648,0
40649,0
40650,0
40651,0
40652,7476
40653,0
40654,0
40655,0
40656,0
40657,0
40658,0
40659,0
40660,0
40661,0
40662,0
40663,0
40664,2162
40665,0
40666,0
40667,0
40668,0
40669,0
40670,5654
40671,0
40672,0
40673,0
40674,0
40675,0
40676,0
40677,0
40678,0
40679,0
40680,0
40681,0
40682,0
40683,0
40684,0
40685,0
40686,0
40687,0
40688,0
40689,0
40690,0
40691,0
40692,0
40693,0
40694,0
40695,0
40696,0
40697,0
40698,0
40699,0
40700,0
40701,0
40702,18696
40703,0
40704,0
40705,0
40706,0
40707,0
40708,0
40709,0
40710,0
40711,0
40712,0
40713,0
40714,0
40715,0
40716,0
40717,0
40718,6121
40719,0
40720,0
40721,0
40722,0
40723,0
40724,0
40725,0
40726,0
40727,0
40728,0
40729,0
40730,0
40731,0
40732,0
40733,0
40734,0
40735,0
40736,0
40737,0
40738,0
40739,0
40740,0
40741,0
40742,0
40743,0
40744,0
40745,0
40746,0
40747,0
40748,0
40749,0
40750,0
40751,0
40752,0
40753,0
40754,0
40755,0
40756,0
40757,0
40758,0
40759,0
40760,0
40761,0
40762,0
40763,0
40764,0
40765,0
40766,0
40767,0
40768,0
40769,0
40770,0
40771,0
40772,0
40773,0
40774,0
40775,0
40776,0
40777,0
40778,0
40779,0
40780,0
40781,0
40782,0
40783,0
40784,0
40785,0
40786,0
40787,0
40788,0
40789,0
40790,0
40791,0
40792,0
40793,0
40794,0
40795,0
40796,0
40797,0
40798,0
40799,0
40800,0
40801,0
40802,0
40803,0
40804,0
40805,0
40806,0
40807,0
40808,0
40809,0
40810,0
40811,0
40812,0
40813,0
40814,0
40815,0
40816,12975
40817,0
40818,0
40819,0
40820,0
40821,0
40822,6966
40823,0
40824,0
40825,0
40826,0
40827,0
40828,0
40829,0
40830,0
40831,0
40832,0
40833,0
40834,0
40835,0
40836,0
40837,0
40838,0
40839,0
40840,0
40841,0
40842,0
40843,0
40844,0
40845,0
40846,0
40847,0
40848,0
40849,0
40850,0
40851,0
40852,0
40853,0
40854,0
40855,0
40856,0
40857,0
40858,0
40859,0
40860,0
40861,0
40862,0
40863,0
40864,0
40865,0
40866,0
40867,0
40868,0
40869,0
40870,0
40871,0
40872,3983
40873,15544
40874,0
40875,0
40876,0
40877,0
40878,0
40879,0
40880,0
40881,0
40882,0
40883,0
40884,0
40885,0
40886,0
40887,0
40888,0
40889,0
40890,0
40891,0
40892,0
40893,0
40894,0
40895,0
40896,0
40897,0
40898,0
40899,0
40900,0
40901,0
40902,0
40903,0
40904,0
40905,0
40906,0
40907,0
40908,0
40909,11455
40910,0
40911,0
40912,0
40913,0
40914,0
40915,0
40916,0
40917,0
40918,0
40919,0
40920,0
40921,0
40922,0
40923,0
40924,0
40925,0
40926,0
40927,0
40928,0
40929,0
40930,0
40931,0
40932,0
40933,0
40934,0
40935,0
40936,0
40937,0
40938,0
40939,0
40940,0
40941,0
40942,0
40943,0
40944,0
40945,0
40946,0
40947,0
40948,0
40949,0
40950,0
40951,0
40952,0
40953,0
40954,0
40955,0
40956,0
40957,0
40958,0
40959,0
40960,0
40961,0
40962,0
40963,0
40964,0
40965,0
40966,0
40967,0
40968,0
40969,0
40970,0
40971,0
40972,0
40973,0
40974,0
40975,0
40976,0
40977,0
40978,0
40979,0
40980,0
40981,0
40982,0
40983,0
40984,0
40985,0
40986,0
40987,0
40988,0
40989,0
40990,0
40991,0
40992,0
40993,0
40994,0
40995,0
40996,0
40997,0
40998,0
40999,0
41000,0
41001,0
41002,0
41003,2790
41004,0
41005,0
41006,0
41007,2312
41008,0
41009,0
41010,0
41011,0
41012,0
41013,0
41014,0
41015,0
41016,0
41017,0
41018,0
41019,0
41020,0
41021,0
41022,0
41023,0
41024,0
41025,0
41026,0
41027,0
41028,0
41029,0
41030,0
41031,0
41032,0
41033,0
41034,0
41035,0
41036,0
41037,0
41038,0
41039,0
41040,0
41041,0
41042,0
41043,0
41044,0
41045,0
41046,0
41047,0
41048,0
41049,0
41050,0
41051,0
41052,0
41053,0
41054,0
41055,0
41056,0
41057,0
41058,0
41059,0
41060,0
41061,0
41062,0
41063,0
41064,0
41065,0
41066,0
41067,0
41068,0
41069,0
41070,0
41071,2908
41072,0
41073,0
41074,0
41075,0
41076,0
41077,0
41078,0
41079,0
41080,0
41081,0
41082,0
41083,0
41084,0
41085,0
41086,0
41087,0
41088,11336
41089,0
41090,0
41091,0
41092,0
41093,0
41094,0
41095,0
41096,0
41097,0
41098,0
41099,0
41100,0
41101,0
41102,0
41103,0
41104,0
41105,0
41106,0
41107,0
41108,0
41109,0
41110,0
41111,0
41112,0
41113,0
41114,0
41115,0
41116,0
41117,0
41118,0
41119,0
41120,0
41121,0
41122,0
41123,0
41124,0
41125,0
41126,0
41127,0
41128,0
41129,0
41130,0
41131,0
41132,0
41133,0
41134,0
41135,0
41136,0
41137,0
41138,0
41139,0
41140,0
41141,0
41142,0
41143,0
41144,0
41145,0
41146,0
41147,0
41148,0
41149,0
41150,0
41151,0
41152,0
41153,0
41154,0
41155,0
41156,0
41157,0
41158,0
41159,0
41160,0
41161,0
41162,0
41163,0
41164,0
41165,0
41166,0
41167,0
41168,0
41169,0
41170,0
41171,0
41172,0
41173,0
41174,0
41175,0
41176,0
41177,0
41178,0
41179,0
41180,0
41181,0
41182,0
41183,0
41184,0
41185,5114
41186,0
41187,0
41188,0
41189,0
41190,0
41191,0
41192,0
41193,0
41194,0
41195,0
41196,0
41197,0
41198,0
41199,0
41200,0
41201,0
41202,0
41203,0
41204,0
41205,0
41206,0
41207,0
41208,0
41209,0
41210,0
41211,0
41212,0
41213,0
41214,0
41215,0
41216,0
41217,0
41218,0
41219,0
41220,0
41221,4828
41222,0
41223,0
41224,0
41225,0
41226,0
41227,0
41228,0
41229,0
41230,0
41231,0
41232,0
41233,0
41234,0
41235,0
41236,0
41237,13093
41238,0
41239,4951
41240,0
41241,0
41242,0
41243,0
41244,0
41245,0
41246,0
41247,0
41248,0
41249,0
41250,0
41251,0
41252,0
41253,0
41254,0
41255,0
41256,5469
41257,6872
41258,9581
41259,12062
41260,7164
41261,6311
41262,14055
41263,9251
41264,10394
41265,7166
41266,9470
41267,10921
41268,7761
41269,7323
41270,9288
41271,11608
41272,9619
41273,9834
41274,9746
41275,10700
41276,9118
41277,6700
41278,8502
41279,14037
41280,13486
41281,10445
41282,13610
41283,7382
41284,12646
41285,5892
41286,7359
41287,6285
41288,10310
41289,10268
41290,16913
41291,11311
41292,9127
41293,9538
41294,8166
41295,5215
41296,8053
41297,13852
41298,8852
41299,7780
41300,7494
41301,8326
41302,9664
41303,4468
41304,10552
41305,6883
41306,9145
41307,9521
41308,7402
41309,10472
41310,7245
41311,10371
41312,13161
41313,11070
41314,8107
41315,13480
41316,6690
41317,8724
41318,10107
41319,14957
41320,7440
41321,7863
41322,12467
41323,8810
41324,11789
41325,9654
41326,12901
41327,7995
41328,6404
41329,8468
41330,8099
41331,13101
41332,11529
41333,5405
41334,8843
41335,10671
41336,8865
41337,12768
41338,5099
41339,16848
41340,7944
41341,6599
41342,8156
41343,9663
41344,8463
41345,10933
41346,6517
41347,9945
41348,8140
41349,10929
41350,9990
41351,8661
41352,9811
41353,7464
41354,8156
41355,10529
41356,9826
41357,10573
41358,5923
41359,11420
41360,7887
41361,10818
41362,9033
41363,16243
41364,8266
41365,6540
41366,9416
41367,7021
41368,7683
41369,7147
41370,9836
41371,9192
41372,5097
41373,12945
41374,7950
41375,10219
41376,5959
41377,11946
41378,12429
41379,5612
41380,15267
41381,7937
41382,7994
41383,12000
41384,11777
41385,6695
41386,5982
41387,10062
41388,8853
41389,5790
41390,8470
41391,8695
41392,10001
41393,11398
41394,9614
41395,9947
41396,8211
41397,5704
41398,9945
41399,9532
41400,10463
41401,11633
41402,11050
41403,10971
41404,8094
41405,12266
41406,10122
41407,7980
41408,10078
41409,13783
41410,9961
41411,10982
41412,13284
41413,9433
41414,12075
41415,7865
41416,8932
41417,11756
41418,8117
41419,10566
41420,5271
41421,6941
41422,13677
41423,11672
41424,8216
41425,5665
41426,12560
41427,8729
41428,10647
41429,7647
41430,7350
41431,7728
41432,5794
41433,15045
41434,10519
41435,9148
41436,10056
41437,7878
41438,7401
41439,9252
41440,9637
41441,5708
41442,8582
41443,8418
41444,11192
41445,10669
41446,8274
41447,15465
41448,8182
41449,6437
41450,14195
41451,7403
41452,8700
41453,5339
41454,12342
41455,9427
41456,6773
41457,8743
41458,9419
41459,7616
41460,8929
41461,10897
41462,16569
41463,3691
41464,9523
41465,4551
41466,18411
41467,6122
41468,11881
41469,12280
41470,9562
41471,9901
41472,5853
41473,7064
41474,4154
41475,6365
41476,8413
41477,7241
41478,10408
41479,10632
41480,7598
41481,9138
41482,8524
41483,10258
41484,12301
41485,9845
41486,7316
41487,5269
41488,12296
41489,17225
41490,9141
41491,10146
41492,5733
41493,10441
41494,7541
41495,6356
41496,8805
41497,6951
41498,10694
41499,8585
41500,11466
41501,8789
41502,13320
41503,10305
41504,7074
41505,14115
41506,22825
41507,15535
41508,8883
41509,4345
41510,8356
41511,12110
41512,6600
41513,7941
41514,13748
41515,7173
41516,20309
41517,19683
41518,5551
41519,9055
41520,8227
41521,5516
41522,11253
41523,6885
41524,12451
41525,11826
41526,12655
41527,9915
41528,11651
41529,4541
41530,9449
41531,5125
41532,8945
41533,9520
41534,16140
41535,8221
41536,7494
41537,5891
41538,9936
41539,8002
41540,6724
41541,6460
41542,10400
41543,8648
41544,8814
41545,10437
41546,12035
41547,0
41548,8886
41549,8391
41550,8024
41551,9683
41552,10703
41553,11389
41554,12385
41555,9270
41556,6697
41557,5457
41558,8574
41559,8572
41560,9447
41561,6149
41562,4086
41563,11638
41564,10594
41565,13633
41566,8962
41567,8592
41568,10470
41569,7494
41570,5890
41571,14504
41572,7137
41573,10294
41574,9482
41575,18127
41576,7826
41577,8034
41578,9994
41579,8262
41580,8065
41581,7357
41582,11360
41583,5898
41584,9796
41585,5529
41586,7550
41587,5280
41588,12549
41589,6967
41590,20814
41591,18211
41592,6305
41593,9397
41594,7050
41595,9271
41596,7467
41597,15385
41598,10909
41599,13381
41600,6304
41601,9504
41602,6409
41603,11344
41604,10028
41605,10124
41606,8859
41607,8178
41608,6998
41609,11474
41610,11678
41611,8047
41612,10243
41613,14551
41614,8281
41615,9308
41616,8837
41617,13146
41618,9149
41619,6512
41620,7882
41621,9612
41622,8041
41623,17640
41624,8597
41625,10353
41626,10412
41627,12832
41628,5929
41629,9472
41630,14187
41631,11578
41632,11175
41633,8937
41634,5828
41635,18735
41636,12380
41637,12041
41638,19900
41639,13570
41640,11326
41641,9855
41642,13818
41643,14620
41644,13845
41645,15535
41646,8280
41647,11220
41648,8156
41649,12156
41650,5023
41651,15143
41652,9143
41653,7659
41654,8376
41655,13238
41656,11234
41657,8129
41658,9556
41659,7318
41660,7761
41661,10065
41662,5763
41663,7185
41664,8022
41665,10031
41666,14234
41667,11298
41668,9949
41669,8487
41670,8100
41671,14590
41672,9965
41673,7860
41674,7213
41675,6749
41676,12180
41677,5259
41678,12280
41679,9593
41680,4515
41681,7010
41682,11907
41683,8491
41684,7368
41685,11523
41686,12242
41687,14403
41688,7989
41689,12844
41690,4159
41691,7578
41692,10262
41693,8607
41694,10333
41695,7724
41696,8444
41697,6908
41698,7641
41699,14209
41700,10201
41701,7239
41702,6569
41703,11669
41704,14617
41705,11817
41706,7293
41707,7416
41708,14345
41709,8730
41710,9439
41711,8272
41712,7663
41713,10089
41714,13037
41715,6078
41716,5867
41717,6662
41718,8433
41719,12879
41720,12610
41721,11207
41722,16471
41723,7354
41724,15500
41725,16685
41726,9617
41727,6437
41728,4802
41729,11154
41730,8387
41731,9063
41732,8738
41733,9651
41734,14976
41735,6913
41736,9108
41737,10629
41738,7324
41739,9089
41740,6868
41741,6405
41742,9532
41743,4870
41744,11944
41745,10010
41746,10706
41747,10789
41748,12300
41749,9480
41750,8379
41751,10947
41752,11697
41753,8354
41754,7787
41755,7458
41756,6841
41757,13723
41758,10150
41759,8399
41760,7499
41761,10431
41762,11806
41763,10483
41764,9126
41765,11163
41766,6331
41767,6810
41768,21230
41769,9484
41770,10749
41771,9166
41772,9191
41773,9347
41774,7756
41775,6036
41776,6987
41777,11553
41778,17029
41779,11338
41780,11832
41781,15814
41782,13667
41783,15244
41784,10736
41785,9313
41786,5874
41787,12713
41788,15615
41789,12086
41790,11314
41791,11171
41792,8421
41793,5509
41794,13311
41795,10613
41796,9917
41797,8601
41798,4874
41799,19076
41800,15912
41801,17087
41802,7964
41803,8121
41804,5757
41805,7840
41806,7926
41807,13790
41808,8916
41809,6554
41810,7043
41811,10069
41812,5720
41813,3749
41814,9454
41815,18097
41816,9489
41817,19778
41818,6079
41819,7693
41820,9710
41821,7222
41822,7275
41823,6801
41824,5546
41825,5761
41826,11176
41827,9534
41828,5756
41829,13510
41830,10366
41831,9458
41832,6133
41833,14223
41834,11018
41835,12185
41836,8248
41837,10241
41838,6246
41839,6876
41840,6414
41841,19568
41842,14312
41843,8210
41844,8427
41845,6856
41846,7783
41847,5770
41848,12328
41849,5776
41850,19488
41851,5930
41852,6751
41853,7590
41854,12101
41855,10113
41856,6444
41857,8975
41858,10259
41859,10301
41860,10294
41861,7443
41862,6698
41863,14631
41864,5983
41865,6398
41866,7673
41867,9513
41868,8399
41869,7907
41870,13024
41871,10924
41872,9433
41873,9794
41874,6976
41875,10730
41876,7581
41877,5877
41878,9090
41879,9712
41880,9343
41881,13817
41882,9506
41883,8488
41884,8864
41885,9041
41886,7504
41887,8737
41888,8390
41889,11132
41890,9809
41891,11102
41892,12062
41893,7873
41894,6298
41895,16264
41896,8213
41897,4160
41898,9802
41899,10909
41900,14769
41901,6706
41902,8065
41903,8564
41904,5868
41905,8008
41906,9522
41907,10918
41908,7968
41909,10605
41910,13906
41911,4068
41912,8857
41913,8185
41914,7864
41915,7999
41916,9026
41917,13328
41918,7354
41919,7905
41920,11293
41921,11183
41922,12242
41923,11840
41924,6221
41925,9609
41926,9254
41927,10840
41928,11792
41929,11564
41930,5441
41931,9323
41932,10357
41933,10631
41934,13292
41935,5807
41936,5346
41937,14514
41938,11780
41939,13373
41940,9295
41941,9856
41942,11548
41943,5389
41944,9559
41945,7357
41946,10921
41947,10188
41948,11958
41949,10403
41950,9425
41951,11280
41952,14710
41953,18595
41954,9643
41955,6867
41956,9067
41957,6108
41958,4543
41959,14959
41960,11839
41961,7687
41962,11904
41963,7537
41964,13442
41965,7185
41966,9059
41967,8502
41968,12859
41969,7096
41970,9586
41971,7581
41972,8237
41973,9759
41974,6535
41975,9627
41976,8537
41977,12137
41978,11596
41979,9019
41980,7138
41981,16240
41982,6463
41983,6610
41984,15352
41985,9431
41986,12712
41987,11976
41988,15740
41989,8235
41990,9177
41991,7035
41992,8845
41993,11209
41994,16041
41995,10287
41996,10642
41997,11418
41998,6009
41999,9721
42000,11892
42001,10720
42002,11057
42003,8124
42004,7348
42005,7166
42006,5369
42007,8566
42008,11806
42009,10777
42010,14966
42011,20119
42012,10109
42013,6846
42014,10641
42015,8699
42016,12053
42017,6473
42018,8268
42019,5324
42020,12236
42021,9499
42022,8699
42023,18388
42024,12619
42025,7504
42026,9714
42027,4862
42028,6586
42029,6968
42030,11490
42031,7135
42032,6308
42033,7923
42034,11092
42035,9535
42036,7078
42037,7358
42038,9518
42039,9881
42040,11264
42041,5304
42042,14237
42043,21752
42044,4220
42045,9960
42046,12225
42047,11198
42048,8546
42049,3703
42050,6989
42051,11117
42052,6632
42053,11469
42054,12333
42055,6623
42056,8762
42057,9579
42058,9031
42059,6352
42060,8706
42061,11160
42062,12555
42063,9936
42064,13845
42065,7763
42066,4920
42067,9261
42068,7846
42069,12821
42070,8393
42071,6102
42072,24927
42073,10498
42074,7533
42075,15026
42076,9427
42077,11557
42078,8247
42079,9632
42080,6835
42081,11846
42082,15704
42083,7833
42084,7716
42085,9026
42086,16845
42087,9366
42088,7547
42089,8389
42090,7689
42091,9219
42092,5689
42093,12244
42094,6090
42095,9277
42096,4007
42097,22672
42098,11081
42099,6218
42100,6070
42101,13228
42102,8485
42103,9870
42104,10896
42105,9133
42106,6685
42107,6347
42108,12841
42109,8106
42110,9184
42111,8852
42112,10461
42113,6985
42114,9924
42115,7837
42116,4908
42117,10607
42118,11959
42119,5971
42120,9713
42121,10474
42122,7260
42123,12820
42124,9088
42125,8324
42126,9034
42127,10025
42128,4642
42129,6401
42130,7639
42131,0
42132,8433
42133,12047
42134,6083
42135,10798
42136,6272
42137,7996
42138,6293
42139,9387
42140,7481
42141,9094
42142,10986
42143,10962
42144,5812
42145,9447
42146,9572
42147,11632
42148,8111
42149,12207
42150,13090
42151,8114
42152,4275
42153,10807
42154,8184
42155,8584
42156,10002
42157,5043
42158,14479
42159,7741
42160,9069
42161,14033
42162,7920
42163,6689
42164,16663
42165,8795
42166,13233
42167,6567
42168,12613
42169,12249
42170,8022
42171,6931
42172,8925
42173,7298
42174,8281
42175,7697
42176,12430
42177,9417
42178,6223
42179,6520
42180,7648
42181,10596
42182,9163
42183,13186
42184,7437
42185,9099
42186,6166
42187,10276
42188,10413
42189,9186
42190,7867
42191,8218
42192,11226
42193,12394
42194,8150
42195,10648
42196,7791
42197,8979
42198,9032
42199,9149
42200,5502
42201,5905
42202,9397
42203,8318
42204,8489
42205,8830
42206,10990
42207,7419
42208,7861
42209,9594
42210,7190
42211,4574
42212,12839
42213,4905
42214,9824
42215,10550
42216,8239
42217,10266
42218,17796
42219,12867
42220,11936
42221,6071
42222,10588
42223,9749
42224,5203
42225,4383
42226,11637
42227,5781
42228,10768
42229,15658
42230,10105
42231,10342
42232,8229
42233,10593
42234,9763
42235,9711
42236,10638
42237,13094
42238,12363
42239,9360
42240,11629
42241,6767
42242,9326
42243,6025
42244,7512
42245,8646
42246,7048
42247,7195
42248,11018
42249,8060
42250,12473
42251,10399
42252,7824
42253,6021
42254,13642
42255,9609
42256,8757
42257,8602
42258,10415
42259,8659
42260,8063
42261,9658
42262,9710
42263,7797
42264,6374
42265,12891
42266,9522
42267,7495
42268,5704
42269,15863
42270,8639
42271,9128
42272,8513
42273,14800
42274,13582
42275,10783
42276,10650
42277,10838
42278,8438
42279,7672
42280,9426
42281,13486
42282,19503
42283,8043
42284,7430
42285,5300
42286,7566
42287,13224
42288,18636
42289,9967
42290,7451
42291,6773
42292,8334
42293,8092
42294,12385
42295,12523
42296,7538
42297,5489
42298,10642
42299,8638
42300,13049
42301,13698
42302,7081
42303,10734
42304,5091
42305,10233
42306,10860
42307,10346
42308,12107
42309,9245
42310,10046
42311,6654
42312,8244
42313,9928
42314,10803
42315,10121
42316,11149
42317,9603
42318,6392
42319,12263
42320,5906
42321,13060
42322,8494
42323,6513
42324,9390
42325,10034
42326,7946
42327,10163
42328,11516
42329,7655
42330,13119
42331,5697
42332,6532
42333,11683
42334,12088
42335,13959
42336,7919
42337,8912
42338,7598
42339,7801
42340,10079
42341,9663
42342,8560
42343,7438
42344,13297
42345,9521
42346,12455
42347,14559
42348,10339
42349,6337
42350,6576
42351,8274
42352,11180
42353,7459
42354,12248
42355,7569
42356,14727
42357,8951
42358,8376
42359,7239
42360,8475
42361,6881
42362,10274
42363,9656
42364,7477
42365,7549
42366,7517
42367,14247
42368,7819
42369,24309
42370,10089
42371,4777
42372,6062
42373,8650
42374,10276
42375,5864
42376,5416
42377,12430
42378,7901
42379,8263
42380,6033
42381,8372
42382,9148
42383,6278
42384,6277
42385,7806
42386,10095
42387,8440
42388,8044
42389,8123
42390,9515
42391,7701
42392,5613
42393,6412
42394,11516
42395,11670
42396,7909
42397,12069
42398,6198
42399,9696
42400,5560
42401,6295
42402,5411
42403,8881
42404,8817
42405,13389
42406,9931
42407,7266
42408,7365
42409,6639
42410,4960
42411,6493
42412,11876
42413,7558
42414,6497
42415,5802
42416,6675
42417,8748
42418,3810
42419,8903
42420,5091
42421,7117
42422,7550
42423,6146
42424,8692
42425,6105
42426,8835
42427,10623
42428,8547
42429,6733
42430,11007
42431,5898
42432,7858
42433,8223
42434,12168
42435,6304
42436,6809
42437,10517
42438,8031
42439,10589
42440,7602
42441,10806
42442,6189
42443,5639
42444,7270
42445,6762
42446,10165
42447,9036
42448,4551
42449,7285
42450,8496
42451,7553
42452,10745
42453,4304
42454,14493
42455,7021
42456,5728
42457,6991
42458,8022
42459,7091
42460,9597
42461,5661
42462,7886
42463,7085
42464,8698
42465,8624
42466,7354
42467,7832
42468,6174
42469,6741
42470,8570
42471,8450
42472,8533
42473,4976
42474,10111
42475,6394
42476,9399
42477,7682
42478,13109
42479,7162
42480,5452
42481,7643
42482,6025
42483,6442
42484,6014
42485,8583
42486,7740
42487,4346
42488,9561
42489,6785
42490,8183
42491,5171
42492,10278
42493,10512
42494,5437
42495,13286
42496,6694
42497,6345
42498,9631
42499,10432
42500,5614
42501,4901
42502,8310
42503,7757
42504,5045
42505,6781
42506,7000
42507,8436
42508,9530
42509,7933
42510,8471
42511,7261
42512,4874
42513,7795
42514,7951
42515,9330
42516,9148
42517,8624
42518,9567
42519,6766
42520,9804
42521,8175
42522,7020
42523,8533
42524,10273
42525,7830
42526,9170
42527,11705
42528,8682
42529,9197
42530,6508
42531,8013
42532,9129
42533,7135
42534,8417
42535,4627
42536,6138
42537,12693
42538,9599
42539,6973
42540,4808
42541,9959
42542,7679
42543,9114
42544,6609
42545,6381
42546,6132
42547,4829
42548,11888
42549,8897
42550,7572
42551,8103
42552,6401
42553,6277
42554,7491
42555,7620
42556,4855
42557,7834
42558,6401
42559,9519
42560,9167
42561,7294
42562,13330
42563,6866
42564,5675
42565,11865
42566,5913
42567,7443
42568,4604
42569,9523
42570,8539
42571,5625
42572,6913
42573,7990
42574,6417
42575,7478
42576,9178
42577,12971
42578,3150
42579,8235
42580,3802
42581,15773
42582,5221
42583,9983
42584,10084
42585,7879
42586,8125
42587,5197
42588,6509
42589,3620
42590,5834
42591,7013
42592,6075
42593,8084
42594,8619
42595,6126
42596,7828
42597,7391
42598,8822
42599,10242
42600,8335
42601,6064
42602,4112
42603,10783
42604,13212
42605,6983
42606,8673
42607,4871
42608,8751
42609,5911
42610,5349
42611,7387
42612,4859
42613,9126
42614,6668
42615,9760
42616,7607
42617,10010
42618,8976
42619,5864
42620,10869
42621,20704
42622,12531
42623,7036
42624,3649
42625,6855
42626,10572
42627,5739
42628,6588
42629,12753
42630,6333
42631,15410
42632,18697
42633,4840
42634,7711
42635,6459
42636,4965
42637,9409
42638,5757
42639,10421
42640,10272
42641,11390
42642,7926
42643,9190
42644,4119
42645,7966
42646,4486
42647,7544
42648,8005
42649,11856
42650,6903
42651,6211
42652,5025
42653,8267
42654,6826
42655,5730
42656,5252
42657,8862
42658,6708
42659,6711
42660,8769
42661,9584
42662,0
42663,7556
42664,7565
42665,7260
42666,8423
42667,8837
42668,8886
42669,9840
42670,8558
42671,5831
42672,4411
42673,7274
42674,7559
42675,7154
42676,5421
42677,3441
42678,10143
42679,8509
42680,11148
42681,7767
42682,6682
42683,8216
42684,6059
42685,5009
42686,11268
42687,5904
42688,8178
42689,8267
42690,16075
42691,6701
42692,6828
42693,8166
42694,7616
42695,7122
42696,5712
42697,9336
42698,5258
42699,8410
42700,4812
42701,6473
42702,4323
42703,11133
42704,5759
42705,18888
42706,16189
42707,5269
42708,7789
42709,6562
42710,7585
42711,6549
42712,12863
42713,8885
42714,11602
42715,5372
42716,8458
42717,5577
42718,9879
42719,8735
42720,7875
42721,7139
42722,6989
42723,6749
42724,9103
42725,10239
42726,7063
42727,8511
42728,11182
42729,6746
42730,7841
42731,7446
42732,10971
42733,7921
42734,6053
42735,6572
42736,7967
42737,6186
42738,13746
42739,6934
42740,8259
42741,8085
42742,10435
42743,5100
42744,8104
42745,12800
42746,9751
42747,10634
42748,7899
42749,4676
42750,16384
42751,10691
42752,9032
42753,17862
42754,11948
42755,8714
42756,7988
42757,11777
42758,11591
42759,12217
42760,13123
42761,6876
42762,8676
42763,6618
42764,9805
42765,4504
42766,12703
42767,7844
42768,6351
42769,7009
42770,11429
42771,9196
42772,6551
42773,8268
42774,6617
42775,5930
42776,8008
42777,4678
42778,6051
42779,7106
42780,8185
42781,10689
42782,9617
42783,8219
42784,6700
42785,6701
42786,12091
42787,8711
42788,6593
42789,6111
42790,5657
42791,10439
42792,4417
42793,10973
42794,7809
42795,3712
42796,6234
42797,9578
42798,6854
42799,5803
42800,9367
42801,10462
42802,12825
42803,7052
42804,10465
42805,3551
42806,6186
42807,8248
42808,6839
42809,8345
42810,6796
42811,7267
42812,5674
42813,5949
42814,12530
42815,9157
42816,6047
42817,5456
42818,9746
42819,12522
42820,10073
42821,6191
42822,6176
42823,12803
42824,7366
42825,8499
42826,7476
42827,6109
42828,8017
42829,12077
42830,4888
42831,5196
42832,5991
42833,6962
42834,10669
42835,9475
42836,9484
42837,14986
42838,5835
42839,12895
42840,14851
42841,7909
42842,5499
42843,4068
42844,9206
42845,7421
42846,7195
42847,6994
42848,7974
42849,14293
42850,5859
42851,6861
42852,8455
42853,7188
42854,7673
42855,5791
42856,5185
42857,7978
42858,3934
42859,10728
42860,8964
42861,8839
42862,9355
42863,9866
42864,8903
42865,6711
42866,8756
42867,10506
42868,7336
42869,6805
42870,6577
42871,5799
42872,11512
42873,8004
42874,6925
42875,6577
42876,8362
42877,9319
42878,8548
42879,7545
42880,9547
42881,5511
42882,6529
42883,18743
42884,7868
42885,9097
42886,7896
42887,7545
42888,7124
42889,6140
42890,5120
42891,5859
42892,9406
42893,14607
42894,9773
42895,9764
42896,14164
42897,11678
42898,12675
42899,8824
42900,7798
42901,5301
42902,11410
42903,12930
42904,9186
42905,9622
42906,10281
42907,7447
42908,4474
42909,12030
42910,8308
42911,7940
42912,7594
42913,3885
42914,16634
42915,13625
42916,15202
42917,6703
42918,6587
42919,4957
42920,6527
42921,7344
42922,10676
42923,7686
42924,5713
42925,5705
42926,8751
42927,4767
42928,3466
42929,7964
42930,15617
42931,7808
42932,18558
42933,5238
42934,6291
42935,8111
42936,6455
42937,6164
42938,5422
42939,4818
42940,5008
42941,8809
42942,7542
42943,5045
42944,10930
42945,7955
42946,7964
42947,5146
42948,11672
42949,9002
42950,10738
42951,6748
42952,8573
42953,4822
42954,5767
42955,5462
42956,17019
42957,11346
42958,6866
42959,6740
42960,5580
42961,6782
42962,5224
42963,10883
42964,5028
42965,16122
42966,5212
42967,6166
42968,6593
42969,9864
42970,8233
42971,5371
42972,7691
42973,9756
42974,8293
42975,8859
42976,6501
42977,5496
42978,12939
42979,5281
42980,5054
42981,6538
42982,7368
42983,7068
42984,7033
42985,10718
42986,9518
42987,7676
42988,7845
42989,5910
42990,9076
42991,6983
42992,4790
42993,8066
42994,7722
42995,7871
42996,10939
42997,7603
42998,7380
42999,7225
43000,7983
43001,6584
43002,7610
43003,7283
43004,8502
43005,8362
43006,8341
43007,10162
43008,6758
43009,5493
43010,12975
43011,7074
43012,3975
43013,9213
43014,9445
43015,13570
43016,5932
43017,6612
43018,7037
43019,4517
43020,7009
43021,8136
43022,8355
43023,6815
43024,8541
43025,10227
43026,3772
43027,7253
43028,6666
43029,6595
43030,6440
43031,7383
43032,10765
43033,6708
43034,6033
43035,9844
43036,9122
43037,9525
43038,10146
43039,5214
43040,8106
43041,8225
43042,9554
43043,9650
43044,9423
43045,4376
43046,8813
43047,8294
43048,8582
43049,10678
43050,5276
43051,4827
43052,13591
43053,9954
43054,10248
43055,7641
43056,8076
43057,9685
43058,4566
43059,7711
43060,6737
43061,8632
43062,8426
43063,9126
43064,9351
43065,7343
43066,9810
43067,12140
43068,16272
43069,8763
43070,5761
43071,7390
43072,5224
43073,3999
43074,12260
43075,9598
43076,6342
43077,10158
43078,6058
43079,12137
43080,5420
43081,7375
43082,7085
43083,11051
43084,6001
43085,7919
43086,6422
43087,6683
43088,8352
43089,5591
43090,8095
43091,7736
43092,10800
43093,9094
43094,7644
43095,6146
43096,13622
43097,5656
43098,5801
43099,12540
43100,8079
43101,10789
43102,9473
43103,14947
43104,7060
43105,6715
43106,6064
43107,7534
43108,9328
43109,12466
43110,8386
43111,9161
43112,8781
43113,4560
43114,8560
43115,9352
43116,8210
43117,9418
43118,6549
43119,5824
43120,5906
43121,4507
43122,6565
43123,9775
43124,9067
43125,12180
43126,18366
43127,8566
43128,5889
43129,8979
43130,7731
43131,10239
43132,5003
43133,6649
43134,4781
43135,10863
43136,7425
43137,7027
43138,14895
43139,11620
43140,6079
43141,7872
43142,4117
43143,5713
43144,5956
43145,9304
43146,5822
43147,5281
43148,7255
43149,9521
43150,8811
43151,6164
43152,6202
43153,7625
43154,8500
43155,8417
43156,4650
43157,11674
43158,19150
43159,4063
43160,7942
43161,10031
43162,8749
43163,6272
43164,3284
43165,5840
43166,9386
43167,5918
43168,9297
43169,10199
43170,5086
43171,6535
43172,7735
43173,7226
43174,5552
43175,6783
43176,8920
43177,10434
43178,8854
43179,11797
43180,6281
43181,4258
43182,7501
43183,6732
43184,10086
43185,7211
43186,5363
43187,22340
43188,8194
43189,6521
43190,13181
43191,8044
43192,9007
43193,6963
43194,8389
43195,6052
43196,10055
43197,13798
43198,6303
43199,6797
43200,7679
43201,16086
43202,7577
43203,6251
43204,7019
43205,6301
43206,7456
43207,4873
43208,9751
43209,4850
43210,8081
43211,3182
43212,18999
43213,9548
43214,4930
43215,5111
43216,11777
43217,7487
43218,8535
43219,8899
43220,7192
43221,5531
43222,5484
43223,11379
43224,6593
43225,7999
43226,7862
43227,8805
43228,6012
43229,8265
43230,7179
43231,4556
43232,9678
43233,10728
43234,5384
43235,8230
43236,8140
43237,5936
43238,10221
43239,7421
43240,7570
43241,6982
43242,8293
43243,4032
43244,5102
43245,5971
43246,0
43247,7319
43248,10117
43249,4798
43250,9486
43251,5224
43252,6886
43253,5419
43254,7411
43255,6843
43256,7957
43257,8465
43258,9242
43259,4776
43260,7146
43261,7990
43262,9402
43263,7302
43264,10365
43265,11356
43266,7122
43267,3734
43268,9126
43269,6638
43270,7263
43271,8001
43272,4487
43273,11769
43274,6058
43275,7903
43276,11939
43277,7762
43278,5165
43279,13782
43280,7009
43281,10670
43282,5838
43283,11274
43284,11279
43285,6674
43286,6219
43287,7654
43288,6105
43289,7064
43290,6950
43291,10471
43292,7714
43293,5683
43294,5435
43295,7700
43296,8572
43297,7790
43298,9817
43299,6525
43300,7766
43301,5711
43302,8742
43303,8695
43304,7688
43305,6506
43306,7279
43307,9118
43308,10644
43309,6385
43310,8954
43311,6769
43312,7222
43313,7609
43314,7854
43315,4681
43316,5047
43317,8708
43318,7995
43319,6807
43320,7250
43321,9231
43322,6461
43323,6868
43324,7793
43325,5781
43326,3807
43327,10072
43328,4331
43329,8405
43330,8391
43331,7007
43332,8713
43333,15527
43334,11302
43335,9989
43336,5482
43337,8951
43338,8240
43339,4817
43340,3737
43341,9526
43342,4297
43343,8949
43344,14073
43345,8395
43346,8361
43347,6185
43348,8415
43349,7753
43350,7873
43351,8168
43352,9718
43353,10122
43354,7984
43355,9619
43356,5973
43357,7840
43358,5245
43359,6466
43360,6799
43361,5955
43362,6300
43363,8967
43364,6233
43365,10300
43366,8384
43367,5864
43368,5361
43369,10926
43370,8624
43371,7326
43372,7134
43373,8830
43374,6714
43375,7047
43376,8009
43377,8017
43378,6590
43379,5742
43380,10079
43381,8182
43382,6182
43383,4507
43384,14168
43385,6930
43386,7190
43387,7698
43388,12576
43389,10182
43390,8990
43391,9210
43392,8362
43393,6517
43394,6521
43395,8085
43396,11872
43397,15752
43398,6601
43399,6709
43400,4505
43401,5953
43402,11591
43403,16317
43404,8508
43405,6322
43406,5538
43407,7042
43408,6411
43409,11270
43410,10166
43411,6924
43412,4693
43413,9252
43414,7658
43415,11307
43416,10675
43417,5927
43418,8822
43419,4626
43420,8027
43421,10047
43422,8323
43423,10523
43424,7714
43425,8653
43426,5216
43427,6735
43428,8881
43429,9210
43430,8212
43431,9371
43432,7730
43433,5075
43434,11208
43435,5203
43436,11689
43437,6934
43438,5472
43439,8008
43440,8165
43441,7148
43442,8735
43443,10216
43444,5818
43445,11572
43446,4639
43447,5385
43448,9959
43449,10498
43450,11395
43451,7240
43452,7971
43453,6449
43454,6969
43455,8410
43456,7594
43457,7113
43458,6421
43459,11151
43460,8137
43461,9692
43462,12929
43463,8872
43464,5431
43465,5724
43466,6783
43467,10053
43468,6171
43469,9758
43470,6338
43471,11573
43472,7639
43473,6862
43474,5970
43475,6489
43476,5880
43477,8105
43478,7941
43479,6275
43480,6087
43481,5887
43482,10633
43483,6849
43484,22234
43485,8041
43486,4749
43487,6330
43488,8041
43489,9901
43490,5676
43491,5227
43492,10732
43493,7171
43494,7720
43495,5752
43496,8787
43497,8885
43498,6230
43499,5780
43500,7528
43501,9629
43502,7338
43503,8007
43504,7826
43505,9309
43506,6850
43507,5347
43508,6127
43509,11318
43510,11235
43511,7604
43512,10733
43513,5358
43514,9031
43515,4731
43516,6229
43517,5314
43518,8503
43519,8319
43520,12448
43521,10000
43522,7100
43523,6806
43524,6445
43525,4654
43526,6545
43527,12084
43528,7014
43529,6139
43530,5779
43531,6356
43532,8887
43533,3616
43534,8829
43535,4980
43536,7327
43537,7528
43538,5946
43539,8752
43540,5746
43541,8477
43542,9153
43543,8096
43544,6120
43545,10723
43546,6049
43547,7096
43548,8340
43549,11841
43550,5632
43551,6726
43552,10047
43553,8642
43554,9862
43555,7231
43556,10192
43557,5455
43558,4993
43559,6777
43560,6653
43561,9952
43562,8479
43563,4402
43564,6608
43565,7961
43566,7570
43567,10034
43568,4118
43569,14238
43570,7032
43571,5442
43572,6431
43573,7282
43574,6810
43575,9146
43576,5343
43577,7555
43578,6447
43579,8077
43580,7460
43581,6480
43582,7394
43583,5909
43584,6734
43585,8589
43586,8293
43587,7979
43588,4859
43589,9699
43590,6220
43591,9196
43592,7451
43593,12740
43594,6746
43595,5434
43596,7419
43597,5928
43598,6321
43599,5855
43600,8452
43601,7349
43602,4082
43603,9179
43604,6471
43605,7812
43606,4878
43607,10612
43608,10073
43609,4985
43610,12526
43611,6427
43612,6169
43613,9212
43614,9591
43615,5514
43616,4636
43617,8235
43618,7026
43619,4804
43620,6728
43621,6840
43622,8376
43623,8750
43624,7719
43625,8270
43626,6724
43627,4713
43628,7270
43629,8074
43630,9037
43631,8924
43632,8613
43633,8791
43634,6741
43635,9600
43636,7741
43637,6675
43638,7973
43639,9855
43640,7730
43641,7917
43642,10570
43643,8984
43644,8566
43645,6159
43646,7567
43647,8615
43648,6752
43649,7807
43650,4454
43651,5992
43652,11720
43653,9335
43654,6556
43655,4668
43656,8917
43657,7600
43658,8434
43659,6606
43660,6129
43661,5719
43662,4506
43663,11157
43664,8032
43665,7400
43666,7562
43667,6182
43668,5857
43669,7198
43670,7361
43671,4505
43672,6457
43673,6262
43674,9265
43675,8740
43676,7066
43677,13349
43678,7062
43679,5908
43680,11589
43681,5584
43682,7512
43683,3404
43684,9283
43685,8284
43686,5586
43687,6690
43688,8560
43689,6282
43690,7010
43691,8617
43692,12555
43693,3136
43694,7835
43695,3798
43696,14174
43697,5608
43698,9490
43699,9596
43700,7776
43701,7633
43702,5101
43703,6054
43704,3429
43705,5289
43706,6871
43707,5541
43708,7818
43709,8598
43710,5728
43711,7225
43712,6966
43713,8591
43714,9922
43715,8163
43716,6097
43717,4060
43718,10096
43719,12222
43720,6377
43721,8069
43722,4756
43723,8240
43724,5743
43725,5220
43726,7080
43727,4490
43728,8477
43729,6433
43730,9511
43731,7319
43732,9773
43733,8682
43734,5726
43735,10367
43736,19514
43737,12004
43738,6389
43739,3541
43740,6903
43741,9550
43742,5346
43743,6373
43744,12590
43745,6162
43746,14261
43747,18570
43748,4716
43749,7104
43750,6019
43751,4595
43752,9390
43753,6016
43754,9792
43755,9509
43756,9634
43757,7186
43758,8518
43759,3948
43760,7746
43761,4141
43762,7274
43763,7758
43764,11478
43765,6954
43766,6125
43767,4698
43768,8033
43769,6323
43770,5620
43771,4647
43772,8737
43773,6586
43774,6504
43775,7829
43776,8802
43777,0
43778,6805
43779,6554
43780,7117
43781,7812
43782,8296
43783,9034
43784,9533
43785,8032
43786,5863
43787,4328
43788,7278
43789,7127
43790,7082
43791,5128
43792,2948
43793,9389
43794,7962
43795,11220
43796,7428
43797,6203
43798,7359
43799,5763
43800,4883
43801,10226
43802,5932
43803,7942
43804,8180
43805,15159
43806,6580
43807,5609
43808,8035
43809,6123
43810,6615
43811,5758
43812,8701
43813,4977
43814,7929
43815,4718
43816,6072
43817,4041
43818,10473
43819,5753
43820,18171
43821,15070
43822,5279
43823,7495
43824,6239
43825,7196
43826,6160
43827,12207
43828,8532
43829,10304
43830,4985
43831,8146
43832,5710
43833,9602
43834,8515
43835,7525
43836,6704
43837,6893
43838,6836
43839,8786
43840,9738
43841,7215
43842,7938
43843,10781
43844,6805
43845,7329
43846,7440
43847,10217
43848,7532
43849,5711
43850,6553
43851,6843
43852,5963
43853,13726
43854,6805
43855,7986
43856,7945
43857,9799
43858,5205
43859,7554
43860,10917
43861,8858
43862,9688
43863,7275
43864,4517
43865,16138
43866,9948
43867,8672
43868,17714
43869,9949
43870,8463
43871,7745
43872,10475
43873,10953
43874,11438
43875,12424
43876,6186
43877,7988
43878,6319
43879,9415
43880,4186
43881,11343
43882,7266
43883,6263
43884,6877
43885,10328
43886,8647
43887,6481
43888,7749
43889,6561
43890,5358
43891,7964
43892,4534
43893,6007
43894,6498
43895,8226
43896,10424
43897,9544
43898,8057
43899,6771
43900,6388
43901,11522
43902,8018
43903,6174
43904,5820
43905,5644
43906,10570
43907,4475
43908,10920
43909,7875
43910,3545
43911,5892
43912,8751
43913,6919
43914,5879
43915,9526
43916,9995
43917,12407
43918,6622
43919,10654
43920,3386
43921,5801
43922,8242
43923,6276
43924,7630
43925,6759
43926,7051
43927,5551
43928,5614
43929,12740
43930,8997
43931,5689
43932,5278
43933,9235
43934,11835
43935,10172
43936,5941
43937,5661
43938,13053
43939,7133
43940,9279
43941,6636
43942,5980
43943,7832
43944,10568
43945,4175
43946,5419
43947,5185
43948,6543
43949,10749
43950,9170
43951,9079
43952,13634
43953,5887
43954,12469
43955,14115
43956,7920
43957,5308
43958,3760
43959,8908
43960,6878
43961,6629
43962,6802
43963,7407
43964,12162
43965,5601
43966,6622
43967,8363
43968,5816
43969,7826
43970,5733
43971,4932
43972,7855
43973,3824
43974,8894
43975,8777
43976,8517
43977,8748
43978,9342
43979,8624
43980,6458
43981,8378
43982,9591
43983,7178
43984,6870
43985,6611
43986,6369
43987,10962
43988,7868
43989,6701
43990,6278
43991,8438
43992,8986
43993,8112
43994,6928
43995,9259
43996,5370
43997,6635
43998,17439
43999,7430
44000,9248
44001,7078
44002,6791
44003,6879
44004,6010
44005,4943
44006,5780
44007,9533
44008,14138
44009,9284
44010,9342
44011,11827
44012,11336
44013,11902
44014,8506
44015,7773
44016,5072
44017,11160
44018,12129
44019,9012
44020,8868
44021,8841
44022,7343
44023,4027
44024,11497
44025,8141
44026,7582
44027,7064
44028,3527
44029,14214
44030,12823
44031,13923
44032,6676
44033,6091
44034,4843
44035,6502
44036,6739
44037,9757
44038,7747
44039,5515
44040,5690
44041,7769
44042,4979
44043,3317
44044,7340
44045,14639
44046,7480
44047,17810
44048,4917
44049,6126
44050,7828
44051,5888
44052,5842
44053,5403
44054,4676
44055,4753
44056,8627
44057,7498
44058,4796
44059,10563
44060,6887
44061,7628
44062,4914
44063,11471
44064,8589
44065,10287
44066,6140
44067,7709
44068,4541
44069,5601
44070,5305
44071,17036
44072,11187
44073,6678
44074,6420
44075,5650
44076,6714
44077,4856
44078,10062
44079,4640
44080,15198
44081,4998
44082,5822
44083,6299
44084,9704
44085,8255
44086,5245
44087,7211
44088,8863
44089,8094
44090,8531
44091,6159
44092,4602
44093,11284
44094,4929
44095,4506
44096,6402
44097,7271
44098,6662
44099,6771
44100,10100
44101,8942
44102,7325
44103,7559
44104,5697
44105,8996
44106,6647
44107,4822
44108,7549
44109,7328
44110,7201
44111,10442
44112,7261
44113,7073
44114,7188
44115,6991
44116,6200
44117,7464
44118,7397
44119,7905
44120,6808
44121,7559
44122,9949
44123,6904
44124,5154
44125,12642
44126,6418
44127,3940
44128,8399
44129,9603
44130,13049
44131,5742
44132,6311
44133,6738
44134,4301
44135,6611
44136,7848
44137,7690
44138,6248
44139,7660
44140,10164
44141,3553
44142,7037
44143,6420
44144,6161
44145,5959
44146,7233
44147,9942
44148,6604
44149,5632
44150,9118
44151,8936
44152,9055
44153,9561
44154,5473
44155,7688
44156,7731
44157,9179
44158,9462
44159,9373
44160,3998
44161,8928
44162,8255
44163,8121
44164,10404
44165,5202
44166,4504
44167,12748
44168,9163
44169,9751
44170,6836
44171,6959
44172,9437
44173,4139
44174,7288
44175,6232
44176,8437
44177,7434
44178,7840
44179,9117
44180,6649
44181,9477
44182,11750
44183,15875
44184,8057
44185,5337
44186,6830
44187,5185
44188,3562
44189,11428
44190,8980
44191,6246
44192,9118
44193,5828
44194,11091
44195,5429
44196,7267
44197,6710
44198,11388
44199,6079
44200,7760
44201,6319
44202,6339
44203,7708
44204,5613
44205,8180
44206,7719
44207,10423
44208,8930
44209,7339
44210,5867
44211,12184
44212,5215
44213,5846
44214,11383
44215,7823
44216,10211
44217,9337
44218,14794
44219,6496
44220,6339
44221,5797
44222,6808
44223,8817
44224,12034
44225,8088
44226,8476
44227,8456
44228,4445
44229,8284
44230,9116
44231,7962
44232,8716
44233,6192
44234,5291
44235,5920
44236,4316
44237,6155
44238,9344
44239,8134
44240,11169
44241,18192
44242,8081
44243,5949
44244,8748
44245,7575
44246,9676
44247,4889
44248,6608
44249,4586
44250,10286
44251,7542
44252,6436
44253,14107
44254,12072
44255,5849
44256,7571
44257,4193
44258,5624
44259,5672
44260,9328
44261,5474
44262,5304
44263,6682
44264,8016
44265,6898
44266,5481
44267,6097
44268,7222
44269,7525
44270,8125
44271,4297
44272,11252
44273,18517
44274,3991
44275,7671
44276,9193
44277,8365
44278,5718
44279,3264
44280,5592
44281,8489
44282,5761
44283,8337
44284,9821
44285,5006
44286,6417
44287,7690
44288,6955
44289,5560
44290,6864
44291,8695
44292,10086
44293,8289
44294,11104
44295,6201
44296,4006
44297,7012
44298,6564
44299,9167
44300,6997
44301,4978
44302,21345
44303,7672
44304,6298
44305,12699
44306,7625
44307,8793
44308,6574
44309,8145
44310,5745
44311,9376
44312,13446
44313,5663
44314,6364
44315,7600
44316,14920
44317,7206
44318,6044
44319,6528
44320,5997
44321,6874
44322,4445
44323,9501
44324,4692
44325,7690
44326,3186
44327,19260
44328,9423
44329,5089
44330,5148
44331,10207
44332,7224
44333,8289
44334,8894
44335,6625
44336,5734
44337,4950
44338,10848
44339,6459
44340,7406
44341,7499
44342,8741
44343,5700
44344,8142
44345,6537
44346,4462
44347,9094
44348,9665
44349,5442
44350,7890
44351,8032
44352,6036
44353,9678
44354,6530
44355,7201
44356,7090
44357,8071
44358,3963
44359,5027
44360,5769
44361,0
44362,7891
44363,9417
44364,4613
44365,8971
44366,5217
44367,6580
44368,4849
44369,7032
44370,6784
44371,7528
44372,7875
44373,9000
44374,4551
44375,6967
44376,7834
44377,8289
44378,7566
44379,9968
44380,10778
44381,6952
44382,3762
44383,7748
44384,5730
44385,6953
44386,7371
44387,4485
44388,11870
44389,6024
44390,7426
44391,11267
44392,7050
44393,4800
44394,13220
44395,6525
44396,10553
44397,5865
44398,10073
44399,10071
44400,6723
44401,5842
44402,7184
44403,5864
44404,6743
44405,6793
44406,9522
44407,7553
44408,5541
44409,5029
44410,7202
44411,8163
44412,7205
44413,9545
44414,6204
44415,7395
44416,5534
44417,8494
44418,8538
44419,7359
44420,6324
44421,6950
44422,8542
44423,9460
44424,6234
44425,8433
44426,6243
44427,6789
44428,7592
44429,7503
44430,4658
44431,4660
44432,9471
44433,8068
44434,6214
44435,6715
44436,8723
44437,6402
44438,5966
44439,7869
44440,5724
44441,3735
44442,9213
44443,4111
44444,7825
44445,8103
44446,6612
44447,7471
44448,12637
44449,11352
44450,9979
44451,5115
44452,8413
44453,7671
44454,4909
44455,3313
44456,8823
44457,3947
44458,8544
44459,13497
44460,8145
44461,7786
44462,5511
44463,7967
44464,7276
44465,7131
44466,7885
44467,9008
44468,9509
44469,7349
44470,9544
44471,5810
44472,7266
44473,5045
44474,6163
44475,6646
44476,5746
44477,5994
44478,8271
44479,5800
44480,9970
44481,7543
44482,5685
44483,5150
44484,10465
44485,8321
44486,6525
44487,6882
44488,7614
44489,6977
44490,6372
44491,7550
44492,8020
44493,6342
44494,5479
44495,10436
44496,7882
44497,6273
44498,4212
44499,12408
44500,6830
44501,6550
44502,7066
44503,12181
44504,9788
44505,9007
44506,8761
44507,7902
44508,6386
44509,6355
44510,7719
44511,10463
44512,15355
44513,5954
44514,5973
44515,4076
44516,5390
44517,9854
44518,14667
44519,7055
44520,5289
44521,5468
44522,6883
44523,6279
44524,11634
44525,9471
44526,6693
44527,4527
44528,8925
44529,7124
44530,11077
44531,10345
44532,5560
44533,8282
44534,4387
44535,7960
44536,9735
44537,7872
44538,9775
44539,7041
44540,8284
44541,5128
44542,6641
44543,7895
44544,8835
44545,8084
44546,9188
44547,7237
44548,4816
44549,10211
44550,5176
44551,10801
44552,6863
44553,5495
44554,8806
44555,7952
44556,6595
44557,8386
44558,9662
44559,5638
44560,11009
44561,4353
44562,5014
44563,9286
44564,9439
44565,11324
44566,6979
44567,7125
44568,6288
44569,6381
44570,7954
44571,6963
44572,6940
44573,5985
44574,10465
44575,7991
44576,9037
44577,12571
44578,9074
44579,5342
44580,5299
44581,6682
44582,9857
44583,5725
44584,9423
44585,5612
44586,10761
44587,7360
44588,6550
44589,5786
44590,6067
44591,5479
44592,7280
44593,6882
44594,5859
44595,5373
44596,5307
44597,9803
44598,6866
44599,21876
44600,7934
44601,4973
44602,5898
44603,8450
44604,11328
44605,5658
44606,5542
44607,11879
44608,8374
44609,8263
44610,6147
44611,9033
44612,9442
44613,6448
44614,6295
44615,8471
44616,10124
44617,7941
44618,8522
44619,8677
44620,10705
44621,7544
44622,5656
44623,6691
44624,12005
44625,13168
44626,8611
44627,11715
44628,6120
44629,9711
44630,5437
44631,6790
44632,5426
44633,9295
44634,9039
44635,13777
44636,10752
44637,8118
44638,7027
44639,6841
44640,5241
44641,7126
44642,12426
44643,7436
44644,6383
44645,6418
44646,6825
44647,9450
44648,3841
44649,9347
44650,5427
44651,8370
44652,8412
44653,6400
44654,9711
44655,5894
44656,9728
44657,10127
44658,8575
44659,6572
44660,10751
44661,5915
44662,7609
44663,9516
44664,13512
44665,6483
44666,7415
44667,10572
44668,9124
44669,10790
44670,7822
44671,11199
44672,5844
44673,5514
44674,7240
44675,7467
44676,10773
44677,9292
44678,4875
44679,6905
44680,8981
44681,7802
44682,11475
44683,4357
44684,14456
44685,7525
44686,5747
44687,6785
44688,7656
44689,7217
44690,9954
44691,5685
44692,8280
44693,7004
44694,8970
44695,8076
44696,6600
44697,8333
44698,6458
44699,6980
44700,9428
44701,9179
44702,8893
44703,5134
44704,10376
44705,6400
44706,9693
44707,8187
44708,13702
44709,7411
44710,5867
44711,8219
44712,6407
44713,6729
44714,6149
44715,8890
44716,7984
44717,4396
44718,10051
44719,6604
44720,8470
44721,5200
44722,10502
44723,10215
44724,5357
44725,14259
44726,7151
44727,6381
44728,9807
44729,10624
44730,5896
44731,5067
44732,8954
44733,7733
44734,5033
44735,7359
44736,7244
44737,9000
44738,9889
44739,8223
44740,9094
44741,7360
44742,4910
44743,7858
44744,9148
44745,9697
44746,9918
44747,9202
44748,9676
44749,6972
44750,10493
44751,8514
44752,6623
44753,8466
44754,11054
44755,8328
44756,10075
44757,11102
44758,9565
44759,9156
44760,6921
44761,8227
44762,9478
44763,7436
44764,8253
44765,4674
44766,6642
44767,12286
44768,9718
44769,7030
44770,4900
44771,9867
44772,8222
44773,9365
44774,6906
44775,6572
44776,6098
44777,4969
44778,12254
44779,8898
44780,8098
44781,8020
44782,6759
44783,5809
44784,7737
44785,8300
44786,4895
44787,7287
44788,6597
44789,10019
44790,9171
44791,7695
44792,13998
44793,6268
44794,6278
44795,12217
44796,6133
44797,7843
44798,3805
44799,10492
44800,9135
44801,6786
44802,7180
44803,8142
44804,6623
44805,7725
44806,10309
44807,13308
44808,3493
44809,8946
44810,4176
44811,15591
44812,5415
44813,10019
44814,10443
44815,8458
44816,8465
44817,5616
44818,6507
44819,3600
44820,5566
44821,7676
44822,6069
44823,8265
44824,9109
44825,6568
44826,7701
44827,7454
44828,9566
44829,11308
44830,9374
44831,6460
44832,4823
44833,10763
44834,12844
44835,6990
44836,8713
44837,4967
44838,9319
44839,6340
44840,5366
44841,7527
44842,5067
44843,9046
44844,6683
44845,10308
44846,8160
44847,11096
44848,9577
44849,6558
44850,11326
44851,21141
44852,12907
44853,6851
44854,3822
44855,7581
44856,10566
44857,5867
44858,7009
44859,13348
44860,6655
44861,15525
44862,19865
44863,4903
44864,7810
44865,6238
44866,5185
44867,11893
44868,5936
44869,10541
44870,10627
44871,10364
44872,8049
44873,9139
44874,4478
44875,7746
44876,4599
44877,7752
44878,8512
44879,11897
44880,7888
44881,6904
44882,5194
44883,8628
44884,6374
44885,5788
44886,5056
44887,9507
44888,7518
44889,6990
44890,8132
44891,9716
44892,0
44893,7555
44894,7279
44895,7010
44896,8588
44897,8739
44898,9987
44899,10217
44900,9231
44901,6251
44902,4743
44903,7594
44904,8084
44905,7652
44906,5444
44907,3709
44908,10048
44909,8704
44910,12264
44911,8034
44912,6806
44913,8533
44914,6447
44915,5479
44916,11298
44917,6185
44918,8945
44919,9132
44920,17302
44921,7602
44922,6683
44923,8761
44924,6870
44925,9048
44926,6545
44927,9534
44928,5179
44929,8897
44930,5263
44931,6721
44932,4271
44933,11985
44934,6355
44935,18662
44936,16566
44937,5807
44938,8059
44939,6624
44940,7847
44941,6713
44942,13299
44943,9523
44944,11830
44945,5293
44946,8601
44947,6337
44948,10163
44949,9022
44950,8348
44951,7511
44952,8004
44953,7334
44954,9473
44955,11390
44956,7733
44957,9029
44958,11256
44959,7714
44960,8133
44961,8477
44962,10960
44963,8263
44964,6165
44965,6945
44966,7860
44967,6461
44968,14701
44969,7476
44970,9290
44971,8567
44972,10723
44973,5503
44974,8360
44975,12247
44976,9888
44977,11388
44978,7993
44979,5073
44980,16898
44981,10995
44982,10131
44983,20147
44984,11963
44985,8857
44986,8246
44987,11501
44988,11562
44989,12033
44990,13283
44991,7000
44992,8527
44993,6944
44994,10404
44995,4654
44996,13915
44997,7645
44998,6703
44999,7193
45000,11373
45001,9306
45002,6729
45003,8225
45004,6635
45005,5644
45006,8883
45007,5166
45008,6283
45009,7252
45010,8380
45011,11482
45012,10209
45013,8924
45014,7679
45015,7004
45016,12677
45017,8743
45018,6683
45019,6396
45020,5842
45021,11982
45022,4640
45023,11367
45024,8465
45025,4018
45026,5771
45027,9431
45028,7423
45029,6306
45030,10482
45031,11296
45032,12863
45033,7189
45034,11839
45035,3330
45036,6354
45037,8191
45038,6511
45039,8277
45040,7090
45041,7828
45042,6160
45043,6230
45044,12949
45045,9490
45046,6245
45047,5451
45048,9878
45049,13144
45050,13002
45051,6484
45052,6521
45053,12761
45054,7221
45055,9318
45056,7262
45057,6273
45058,8401
45059,12200
45060,5037
45061,5458
45062,5783
45063,6869
45064,11314
45065,9721
45066,9418
45067,15487
45068,6370
45069,13815
45070,14952
45071,8800
45072,5891
45073,4444
45074,9523
45075,7253
45076,6980
45077,7567
45078,8237
45079,13737
45080,5896
45081,7318
45082,9116
45083,7031
45084,8807
45085,5927
45086,5624
45087,8831
45088,3886
45089,10275
45090,9368
45091,9077
45092,9536
45093,10241
45094,9283
45095,7192
45096,9161
45097,10578
45098,7589
45099,7154
45100,6716
45101,6083
45102,12618
45103,9377
45104,7941
45105,6735
45106,8770
45107,10149
45108,9047
45109,7317
45110,9839
45111,5772
45112,7395
45113,19767
45114,7864
45115,10505
45116,8104
45117,7491
45118,7282
45119,6632
45120,5248
45121,6721
45122,10669
45123,15179
45124,10136
45125,9956
45126,13723
45127,11959
45128,13159
45129,9572
45130,8038
45131,5382
45132,11703
45133,13167
45134,9557
45135,9870
45136,10467
45137,7713
45138,4381
45139,12032
45140,8346
45141,8312
45142,7629
45143,3711
45144,15348
45145,14653
45146,15746
45147,7366
45148,6234
45149,5129
45150,6721
45151,8015
45152,10031
45153,8658
45154,5620
45155,6126
45156,8544
45157,4851
45158,3749
45159,8539
45160,15860
45161,8182
45162,19392
45163,5371
45164,6656
45165,8059
45166,6489
45167,6464
45168,5827
45169,4769
45170,5080
45171,9547
45172,8191
45173,4915
45174,11163
45175,7035
45176,8387
45177,5381
45178,12070
45179,9263
45180,11720
45181,6357
45182,8493
45183,4816
45184,5967
45185,6119
45186,16563
45187,12215
45188,7648
45189,6869
45190,6079
45191,7262
45192,6056
45193,13161
45194,4903
45195,16644
45196,5206
45197,6206
45198,6825
45199,10482
45200,9431
45201,5598
45202,7922
45203,9813
45204,8840
45205,9249
45206,6492
45207,5050
45208,12640
45209,5228
45210,4849
45211,6585
45212,8236
45213,7252
45214,7276
45215,10758
45216,10245
45217,7861
45218,8186
45219,5809
45220,9523
45221,7079
45222,5356
45223,8294
45224,8101
45225,7759
45226,11563
45227,7642
45228,8095
45229,7774
45230,7786
45231,6820
45232,8059
45233,8114
45234,8429
45235,7842
45236,7737
45237,11422
45238,7341
45239,5330
45240,13362
45241,7523
45242,4026
45243,9528
45244,10300
45245,14577
45246,6023
45247,7123
45248,7329
45249,4530
45250,6870
45251,8152
45252,8783
45253,6877
45254,8040
45255,11400
45256,3945
45257,7669
45258,6984
45259,6403
45260,6274
45261,7773
45262,10702
45263,6735
45264,6150
45265,10050
45266,9782
45267,10064
45268,10433
45269,5805
45270,8298
45271,8134
45272,9925
45273,10836
45274,10191
45275,5992
45276,9570
45277,9184
45278,9281
45279,10612
45280,5585
45281,4930
45282,13822
45283,10040
45284,10423
45285,7197
45286,7935
45287,10002
45288,4753
45289,8033
45290,6694
45291,9944
45292,8072
45293,8361
45294,9824
45295,7412
45296,10309
45297,12905
45298,16945
45299,8672
45300,5703
45301,7288
45302,5566
45303,3794
45304,11971
45305,10258
45306,6752
45307,10156
45308,6403
45309,12212
45310,5887
45311,7899
45312,7282
45313,11425
45314,6348
45315,7728
45316,6590
45317,6751
45318,8347
45319,6393
45320,9034
45321,8598
45322,11451
45323,9978
45324,8252
45325,6780
45326,13407
45327,5556
45328,6460
45329,11809
45330,8279
45331,10786
45332,9774
45333,15788
45334,7142
45335,6576
45336,6518
45337,7731
45338,9723
45339,12815
45340,8608
45341,9674
45342,9303
45343,4816
45344,8750
45345,9156
45346,8857
45347,10148
45348,7014
45349,5746
45350,6207
45351,4478
45352,6657
45353,10557
45354,9954
45355,12395
45356,19659
45357,8399
45358,6181
45359,9177
45360,8071
45361,10807
45362,5547
45363,7218
45364,5167
45365,11738
45366,7912
45367,7033
45368,15812
45369,12729
45370,6297
45371,8401
45372,4536
45373,5964
45374,6131
45375,10462
45376,5791
45377,5884
45378,7046
45379,8757
45380,8523
45381,5636
45382,6735
45383,8462
45384,8288
45385,9310
45386,4762
45387,12191
45388,19411
45389,4319
45390,8353
45391,10009
45392,9269
45393,5941
45394,3710
45395,5790
45396,9216
45397,5888
45398,8897
45399,10500
45400,5489
45401,7030
45402,8742
45403,7522
45404,5855
45405,7461
45406,9185
45407,10579
45408,9420
45409,11114
45410,6730
45411,4492
45412,7580
45413,6910
45414,10658
45415,7569
45416,5689
45417,22272
45418,8446
45419,6821
45420,13429
45421,8491
45422,9515
45423,7288
45424,8617
45425,5864
45426,10431
45427,14370
45428,6289
45429,6899
45430,7566
45431,15799
45432,7957
45433,6476
45434,7135
45435,6446
45436,7277
45437,5019
45438,10453
45439,5048
45440,8308
45441,3315
45442,20639
45443,10466
45444,5117
45445,5501
45446,11557
45447,8000
45448,8977
45449,9561
45450,7420
45451,5963
45452,5491
45453,11659
45454,6717
45455,8084
45456,8192
45457,9290
45458,5748
45459,8520
45460,7271
45461,4713
45462,10276
45463,10726
45464,5609
45465,8917
45466,9111
45467,6434
45468,10674
45469,7194
45470,7870
45471,7942
45472,9302
45473,4110
45474,5583
45475,6238
45476,0
45477,7687
45478,10311
45479,5270
45480,9790
45481,5463
45482,7303
45483,5157
45484,7377
45485,7013
45486,8070
45487,8638
45488,10186
45489,5288
45490,7581
45491,8800
45492,9263
45493,7749
45494,9894
45495,11382
45496,7792
45497,4241
45498,8525
45499,6058
45500,7236
45501,8095
45502,4690
45503,12698
45504,6576
45505,8142
45506,12926
45507,7994
45508,5178
45509,14166
45510,7256
45511,11569
45512,6306
45513,10892
45514,12143
45515,7360
45516,5993
45517,7844
45518,6171
45519,7248
45520,7222
45521,10079
45522,8052
45523,5733
45524,5384
45525,7560
45526,8872
45527,8037
45528,10610
45529,6818
45530,8079
45531,6372
45532,9310
45533,8830
45534,8077
45535,7419
45536,7288
45537,9229
45538,10944
45539,6680
45540,9192
45541,6268
45542,7685
45543,8211
45544,8007
45545,4923
45546,5038
45547,9061
45548,8572
45549,6522
45550,7100
45551,9832
45552,6851
45553,6830
45554,7855
45555,6244
45556,4283
45557,9613
45558,4527
45559,8458
45560,8783
45561,7310
45562,8167
45563,14259
45564,12241
45565,10033
45566,5409
45567,10581
45568,8235
45569,5010
45570,3748
45571,10385
45572,4188
45573,9510
45574,14215
45575,9785
45576,8319
45577,5881
45578,8801
45579,8384
45580,7674
45581,8905
45582,9611
45583,10222
45584,7746
45585,10752
45586,6240
45587,8217
45588,5395
45589,6414
45590,7617
45591,6372
45592,6279
45593,9364
45594,5955
45595,10635
45596,8232
45597,6191
45598,5511
45599,11731
45600,8729
45601,7167
45602,7611
45603,8073
45604,7271
45605,6967
45606,8594
45607,8855
45608,6648
45609,5677
45610,11976
45611,8759
45612,7114
45613,4593
45614,13951
45615,7894
45616,6937
45617,7673
45618,13192
45619,10721
45620,9019
45621,9328
45622,8535
45623,6786
45624,7028
45625,8258
45626,11242
45627,15827
45628,6367
45629,6504
45630,4679
45631,5617
45632,11367
45633,16705
45634,7693
45635,6066
45636,6126
45637,7868
45638,6988
45639,11852
45640,10761
45641,7110
45642,5314
45643,9427
45644,7702
45645,12391
45646,11333
45647,5958
45648,9236
45649,4860
45650,9015
45651,10420
45652,8804
45653,10242
45654,7674
45655,9125
45656,5375
45657,7865
45658,8530
45659,9883
45660,9285
45661,10360
45662,8180
45663,5141
45664,11187
45665,5455
45666,11546
45667,7386
45668,5622
45669,7494
45670,8723
45671,7324
45672,8799
45673,10310
45674,6310
45675,11474
45676,5147
45677,5500
45678,9819
45679,10218
45680,11701
45681,7002
45682,8149
45683,6417
45684,7277
45685,8544
45686,7571
45687,7965
45688,6614
45689,11230
45690,8183
45691,9959
45692,13052
45693,9933
45694,5455
45695,5454
45696,7339
45697,10543
45698,6039
45699,10653
45700,5956
45701,11932
45702,7823
45703,7063
45704,6446
45705,6621
45706,5861
45707,7660
45708,7289
45709,5926
45710,5956
45711,5700
45712,10566
45713,7891
45714,23085
45715,8732
45716,5110
45717,5746
45718,8899
45719,12101
45720,5761
45721,5991
45722,12719
45723,7470
45724,9004
45725,6600
45726,9382
45727,9812
45728,7289
45729,6670
45730,9130
45731,10619
45732,8148
45733,9631
45734,9496
45735,9760
45736,8300
45737,6185
45738,7222
45739,13530
45740,13241
45741,9018
45742,12727
45743,6214
45744,10193
45745,5104
45746,7326
45747,5860
45748,9965
45749,9405
45750,14008
45751,11434
45752,8742
45753,7714
45754,7128
45755,5302
45756,7559
45757,12994
45758,8059
45759,6942
45760,6785
45761,7670
45762,9876
45763,4066
45764,10357
45765,5756
45766,9533
45767,9137
45768,7031
45769,10493
45770,6233
45771,10290
45772,10295
45773,9106
45774,7095
45775,10810
45776,6245
45777,7751
45778,10769
45779,14831
45780,6679
45781,7889
45782,10820
45783,9983
45784,11521
45785,8582
45786,12063
45787,6104
45788,5502
45789,7519
45790,8158
45791,11823
45792,10205
45793,5319
45794,7348
45795,9615
45796,8997
45797,11660
45798,4621
45799,15152
45800,8280
45801,5988
45802,6632
45803,7795
45804,7697
45805,10736
45806,5787
45807,8803
45808,8023
45809,9328
45810,8480
45811,6417
45812,8712
45813,6904
45814,7536
45815,10130
45816,9988
45817,10147
45818,5503
45819,10780
45820,6811
45821,10159
45822,9058
45823,15484
45824,8341
45825,5825
45826,8924
45827,6935
45828,7441
45829,6606
45830,10254
45831,8416
45832,4644
45833,10838
45834,6866
45835,9058
45836,5524
45837,10747
45838,9985
45839,6971
45840,14417
45841,7868
45842,7217
45843,10436
45844,11481
45845,6274
45846,5188
45847,9353
45848,8223
45849,5139
45850,7984
45851,7916
45852,10401
45853,9420
45854,9060
45855,9433
45856,7812
45857,5253
45858,8417
45859,9624
45860,10252
45861,10672
45862,10277
45863,9934
45864,7520
45865,11061
45866,9263
45867,7021
45868,8911
45869,11312
45870,9531
45871,8998
45872,11525
45873,10202
45874,10093
45875,7312
45876,8916
45877,10418
45878,7560
45879,8865
45880,5063
45881,7096
45882,11850
45883,10015
45884,8035
45885,5309
45886,10278
45887,8516
45888,9741
45889,7676
45890,7075
45891,6380
45892,5140
45893,12583
45894,9483
45895,8727
45896,8528
45897,7214
45898,5998
45899,8254
45900,9132
45901,5293
45902,8348
45903,7169
45904,10852
45905,9974
45906,8156
45907,15898
45908,6160
45909,6756
45910,13084
45911,6494
45912,8982
45913,4149
45914,11199
45915,9762
45916,7179
45917,7490
45918,8362
45919,7242
45920,8242
45921,10267
45922,12918
45923,4099
45924,8686
45925,4788
45926,16051
45927,5732
45928,10892
45929,11774
45930,9718
45931,9455
45932,6009
45933,6611
45934,3844
45935,5580
45936,8260
45937,6154
45938,9494
45939,9700
45940,6757
45941,8004
45942,8024
45943,10513
45944,12520
45945,10332
45946,7350
45947,5557
45948,11406
45949,14228
45950,7327
45951,9601
45952,5207
45953,10114
45954,6777
45955,5594
45956,8422
45957,5385
45958,9619
45959,7387
45960,10952
45961,9028
45962,11782
45963,10007
45964,6989
45965,12176
45966,21051
45967,13235
45968,7111
45969,4389
45970,8285
45971,11123
45972,6082
45973,7703
45974,14071
45975,6838
45976,15280
45977,22671
45978,5513
45979,8142
45980,6414
45981,4979
45982,10795
45983,6731
45984,10943
45985,11062
45986,10353
45987,8373
45988,9532
45989,5089
45990,9095
45991,4786
45992,9141
45993,8953
45994,13345
45995,8605
45996,7375
45997,5117
45998,9264
45999,7034
46000,6442
46001,5355
46002,10155
46003,7865
46004,7498
46005,8796
46006,9860
46007,0
46008,7708
46009,7383
46010,7430
46011,9012
46012,9520
46013,11416
46014,10279
46015,10192
46016,6778
46017,5360
46018,8101
46019,8887
46020,8210
46021,5669
46022,3931
46023,10544
46024,8836
46025,13691
46026,8185
46027,7162
46028,9252
46029,6637
46030,5882
46031,12019
46032,7483
46033,9223
46034,10691
46035,17762
46036,8204
46037,6015
46038,9495
46039,6467
46040,7576
46041,7206
46042,9832
46043,5442
46044,10128
46045,5707
46046,6815
46047,4292
46048,11949
46049,6953
46050,18859
46051,17075
46052,6386
46053,8648
46054,7071
46055,8404
46056,7228
46057,14180
46058,10064
46059,11877
46060,5470
46061,9128
46062,7070
46063,11209
46064,9304
46065,9024
46066,8114
46067,8615
46068,8037
46069,10808
46070,11457
46071,8471
46072,9262
46073,12244
46074,8137
46075,8888
46076,9295
46077,11225
46078,8840
46079,6532
46080,7554
46081,8223
46082,7056
46083,15298
46084,8272
46085,9825
46086,9140
46087,11780
46088,5973
46089,8698
46090,12218
46091,10226
46092,12326
46093,7717
46094,5406
46095,17818
46096,10905
46097,10480
46098,21016
46099,11395
46100,9978
46101,9269
46102,12299
46103,12216
46104,12175
46105,14375
46106,7668
46107,8829
46108,7560
46109,11460
46110,5041
46111,12426
46112,8124
46113,7492
46114,7680
46115,11181
46116,9382
46117,7105
46118,8951
46119,6773
46120,5847
46121,9340
46122,5609
46123,6650
46124,7340
46125,9165
46126,12484
46127,11734
46128,9265
46129,8122
46130,7429
46131,12512
46132,9081
46133,7958
46134,6963
46135,6233
46136,13292
46137,4936
46138,13281
46139,9462
46140,4090
46141,5794
46142,10096
46143,7998
46144,7304
46145,11333
46146,11757
46147,12884
46148,7422
46149,13753
46150,3470
46151,6793
46152,8824
46153,7126
46154,9060
46155,8039
46156,9020
46157,6754
46158,6484
46159,14678
46160,10615
46161,6909
46162,5737
46163,10796
46164,13064
46165,11605
46166,7050
46167,7002
46168,12979
46169,7569
46170,10371
46171,7373
46172,7132
46173,9458
46174,12103
46175,4954
46176,5938
46177,5639
46178,6894
46179,12025
46180,10481
46181,10811
46182,15660
46183,7080
46184,15139
46185,15904
46186,9856
46187,6521
46188,4449
46189,10236
46190,7578
46191,7306
46192,8426
46193,8869
46194,14323
46195,5845
46196,7768
46197,9945
46198,6380
46199,10628
46200,6705
46201,5750
46202,9468
46203,4338
46204,9353
46205,9996
46206,10015
46207,10264
46208,11424
46209,9828
46210,7614
46211,10014
46212,11577
46213,8065
46214,7981
46215,7594
46216,6509
46217,13212
46218,9561
46219,8815
46220,6976
46221,9402
46222,11126
46223,9850
46224,7784
46225,10886
46226,6218
46227,8876
46228,20112
46229,8519
46230,12283
46231,7842
46232,7782
46233,8423
46234,7335
46235,5622
46236,7191
46237,11703
46238,15889
46239,10095
46240,10835
46241,12643
46242,13150
46243,13922
46244,10428
46245,8092
46246,5442
46247,12035
46248,14230
46249,11005
46250,9707
46251,12115
46252,8375
46253,4346
46254,13357
46255,8681
46256,8955
46257,8151
46258,3852
46259,15467
46260,14572
46261,15546
46262,7866
46263,6594
46264,5921
46265,7379
46266,9004
46267,10112
46268,9674
46269,5738
46270,6741
46271,8907
46272,5055
46273,4008
46274,8478
46275,17107
46276,8831
46277,21215
46278,5526
46279,7161
46280,8877
46281,7153
46282,6932
46283,6692
46284,4805
46285,5386
46286,10951
46287,8780
46288,5460
46289,12074
46290,7636
46291,9329
46292,5732
46293,12571
46294,9940
46295,11738
46296,6544
46297,8846
46298,5322
46299,6327
46300,6911
46301,17207
46302,13413
46303,8351
46304,7268
46305,6657
46306,8443
46307,5382
46308,11413
46309,4933
46310,18116
46311,5524
46312,6551
46313,7165
46314,11396
46315,10601
46316,6349
46317,8222
46318,9980
46319,9459
46320,10462
46321,6659
46322,5410
46323,11799
46324,5524
46325,5157
46326,6997
46327,9412
46328,7609
46329,7334
46330,11161
46331,11186
46332,8423
46333,9029
46334,6095
46335,10627
46336,7473
46337,5862
46338,9373
46339,8593
46340,8104
46341,11668
46342,8373
46343,9460
46344,8666
46345,7560
46346,7226
46347,8549
46348,9586
46349,8655
46350,8167
46351,8850
46352,12191
46353,8229
46354,5939
46355,14922
46356,7399
46357,4048
46358,11088
46359,12178
46360,14987
46361,6168
46362,8004
46363,8134
46364,4966
46365,7804
46366,8787
46367,9070
46368,7471
46369,7920
46370,12279
46371,4433
46372,8786
46373,7368
46374,6344
46375,6682
46376,8332
46377,11568
46378,7312
46379,6972
46380,10080
46381,10738
46382,10537
46383,11286
46384,6503
46385,9363
46386,8760
46387,10394
46388,11407
46389,12161
46390,4861
46391,10288
46392,9951
46393,10188
46394,11604
46395,6085
46396,5078
46397,13642
46398,10311
46399,11362
46400,7560
46401,7660
46402,10804
46403,5024
46404,8633
46405,6956
46406,10606
46407,7972
46408,8771
46409,10527
46410,7586
46411,10864
46412,14090
46413,18021
46414,9277
46415,5933
46416,7887
46417,6094
46418,4009
46419,12823
46420,10898
46421,7823
46422,11740
46423,7249
46424,11470
46425,6481
46426,8389
46427,8168
46428,11692
46429,7167
46430,8269
46431,7541
46432,7367
46433,8902
46434,6760
46435,9934
46436,9835
46437,12152
46438,10685
46439,8672
46440,7321
46441,13361
46442,5802
46443,7281
46444,13424
46445,8917
46446,11240
46447,9785
46448,17316
46449,7684
46450,6876
46451,6708
46452,8371
46453,10582
46454,14163
46455,9364
46456,10239
46457,10245
46458,5116
46459,9586
46460,9280
46461,9335
46462,10729
46463,7426
46464,6375
46465,6795
46466,4492
46467,7066
46468,11378
46469,9627
46470,13102
46471,22020
46472,9095
46473,6366
46474,10366
46475,8380
46476,11222
46477,5969
46478,7620
46479,5402
46480,11884
46481,8724
46482,8152
46483,17115
46484,14647
46485,6538
46486,8925
46487,4868
46488,6346
46489,6382
46490,11338
46491,6134
46492,6493
46493,7312
46494,9086
46495,7670
46496,5527
46497,7002
46498,9181
46499,9446
46500,10211
46501,4623
46502,14008
46503,19938
46504,4571
46505,9396
46506,10799
46507,9661
46508,6464
46509,3821
46510,6299
46511,9285
46512,6416
46513,9104
46514,11174
46515,5714
46516,7424
46517,9526
46518,7998
46519,6494
46520,8058
46521,9898
46522,11572
46523,9572
46524,11731
46525,7222
46526,4694
46527,7595
46528,7116
46529,10866
46530,8142
46531,6158
46532,21761
46533,8971
46534,7133
46535,14381
46536,9433
46537,10387
46538,7779
46539,8750
46540,6204
46541,11147
46542,15080
46543,6683
46544,7045
46545,7905
46546,16053
46547,8869
46548,7028
46549,7447
46550,7524
46551,7281
46552,5648
46553,10800
46554,5097
46555,8671
46556,3768
46557,23538
46558,11188
46559,5538
46560,6285
46561,13043
46562,8918
46563,9750
46564,10718
46565,7789
46566,7019
46567,5490
46568,12317
46569,7050
46570,8980
46571,8789
46572,10225
46573,5954
46574,9294
46575,8251
46576,4991
46577,10833
46578,12105
46579,5930
46580,9396
46581,10102
46582,6748
46583,11467
46584,7108
46585,8714
46586,8922
46587,10171
46588,4166
46589,6095
46590,6856
46591,0
46592,8052
46593,11009
46594,5615
46595,10447
46596,5959
46597,7908
46598,5422
46599,7749
46600,7204
46601,8404
46602,9121
46603,11677
46604,5763
46605,8322
46606,10198
46607,10253
46608,8007
46609,11623
46610,12142
46611,8206
46612,5031
46613,8687
46614,6455
46615,7852
46616,8435
46617,4865
46618,14616
46619,7213
46620,8129
46621,13826
46622,8210
46623,5585
46624,15457
46625,7737
46626,12032
46627,6634
46628,11419
46629,11898
46630,9002
46631,6468
46632,8786
46633,6607
46634,7815
46635,7978
46636,10026
46637,8951
46638,5887
46639,5477
46640,9075
46641,9880
46642,8453
46643,11320
46644,7416
46645,8681
46646,6077
46647,10382
46648,9188
46649,9091
46650,7958
46651,7688
46652,9925
46653,11501
46654,7551
46655,9925
46656,6470
46657,8244
46658,8956
46659,8592
46660,5114
46661,5259
46662,9883
46663,9480
46664,6915
46665,7651
46666,10995
46667,7785
46668,7022
46669,8334
46670,6889
46671,4191
46672,10156
46673,4796
46674,9139
46675,9326
46676,8673
46677,9110
46678,12644
46679,12985
46680,10296
46681,5835
46682,10327
46683,8857
46684,5060
46685,3519
46686,10511
46687,4899
46688,10441
46689,15387
46690,9719
46691,8995
46692,6167
46693,9863
46694,9118
46695,8195
46696,9591
46697,10211
46698,10478
46699,8122
46700,11465
46701,6704
46702,9361
46703,5494
46704,6961
46705,8573
46706,7064
46707,6750
46708,9693
46709,6613
46710,11393
46711,8268
46712,6573
46713,5925
46714,12238
46715,9423
46716,7024
46717,8225
46718,9299
46719,8146
46720,7186
46721,9041
46722,10110
46723,7012
46724,5816
46725,13131
46726,9495
46727,7820
46728,4955
46729,16099
46730,8495
46731,7533
46732,7813
46733,14226
46734,11734
46735,9924
46736,10050
46737,9229
46738,7037
46739,7774
46740,8861
46741,13415
46742,17471
46743,7312
46744,6254
46745,4666
46746,5907
46747,11836
46748,17421
46749,7405
46750,5910
46751,6719
46752,7910
46753,7658
46754,12613
46755,11357
46756,7731
46757,5784
46758,10787
46759,8184
46760,12049
46761,12031
46762,6805
46763,9926
46764,5142
46765,10065
46766,10797
46767,9531
46768,10882
46769,8084
46770,9736
46771,5981
46772,8303
46773,9864
46774,10318
46775,10429
46776,10893
46777,8653
46778,5343
46779,12091
46780,5921
46781,12331
46782,8207
46783,6132
46784,7404
46785,9514
46786,7378
46787,9410
46788,11140
46789,6811
46790,11925
46791,5654
46792,5916
46793,10052
46794,10726
46795,12736
46796,7163
46797,7763
46798,7040
46799,7484
46800,9105
46801,7622
46802,8705
46803,6734
46804,12681
46805,7962
46806,10645
46807,14417
46808,10651
46809,5938
46810,5423
46811,8345
46812,10995
46813,6459
46814,10700
46815,6532
46816,12310
46817,8413
46818,7665
46819,7070
46820,7197
46821,6053
46822,8473
46823,7144
46824,6265
46825,6136
46826,5876
46827,11001
46828,8003
46829,24071
46830,9566
