Id,OrderVolume
1,4173
2,2773
3,4310
4,9413
5,2042
6,2993
7,6121
8,3509
9,6839
10,5030
11,5436
12,6060
13,4520
14,3624
15,5871
16,5355
17,2560
18,4858
19,4618
20,6160
21,5231
22,3529
23,4550
24,7670
25,8138
26,5778
27,7295
28,2199
29,7826
30,3448
31,5264
32,2502
33,8393
34,7590
35,9112
36,9537
37,7030
38,6279
39,3042
40,4673
41,6036
42,8140
43,4446
44,3536
45,5829
46,4878
47,5673
48,2589
49,7651
50,4316
51,8134
52,6312
53,3423
54,8769
55,3135
56,9286
57,6088
58,6847
59,2504
60,5650
61,4630
62,3854
63,7349
64,10838
65,3055
66,6298
67,5843
68,7881
69,7270
70,5802
71,6637
72,2402
73,2481
74,4578
75,6078
76,8403
77,7538
78,2398
79,4323
80,8591
81,8994
82,5632
83,3377
84,11149
85,5177
86,3562
87,4216
88,2307
89,4720
90,7343
91,3535
92,5791
93,3061
94,5849
95,4075
96,1843
97,4433
98,5150
99,5866
100,8848
101,6969
102,5565
103,4024
104,11012
105,3487
106,6172
107,7651
108,12784
109,5269
110,3094
111,6766
112,5931
113,6382
114,5119
115,10418
116,5898
117,2167
118,8013
119,4681
120,6093
121,2361
122,7050
123,3736
124,2705
125,8347
126,4465
127,5168
128,7894
129,7344
130,4339
131,5030
132,7443
133,3429
134,3194
135,6731
136,4880
137,7253
138,3248
139,4575
140,6249
141,4372
142,3212
143,5361
144,5976
145,6029
146,7327
147,8026
148,7527
149,4150
150,7632
151,5620
152,3230
153,3755
154,8125
155,7175
156,3069
157,7254
158,9716
159,6876
160,4884
161,7117
162,7471
163,5770
164,4579
165,2888
166,5280
167,5378
168,4542
169,5273
170,3192
171,6055
172,7166
173,6076
174,6713
175,6121
176,2989
177,1549
178,7044
179,6136
180,6949
181,3407
182,5618
183,0
184,5608
185,5664
186,3798
187,4153
188,4738
189,7011
190,7027
191,7499
192,15071
193,4019
194,4867
195,10475
196,3629
197,5468
198,813
199,7901
200,6700
201,5549
202,6724
203,5704
204,4736
205,5239
206,5056
207,7844
208,3183
209,5239
210,2695
211,8934
212,3225
213,7756
214,10269
215,6519
216,5981
217,4379
218,2084
219,1802
220,3508
221,5541
222,3193
223,5557
224,7361
225,3895
226,5448
227,4700
228,8560
229,7911
230,7189
231,5211
232,3316
233,8424
234,9712
235,3589
236,4424
237,3844
238,5324
239,5470
240,4216
241,6540
242,3036
243,5060
244,4689
245,8830
246,5658
247,7491
248,6422
249,4697
250,8571
251,17358
252,8743
253,3718
254,3561
255,6625
256,7149
257,2951
258,4793
259,9495
260,6153
261,7016
262,17136
263,5342
264,5393
265,2833
266,2211
267,10330
268,3274
269,6632
270,9169
271,2860
272,3464
273,6337
274,3842
275,6685
276,1974
277,5036
278,4994
279,10614
280,5890
281,5911
282,3099
283,8029
284,5864
285,6687
286,1701
287,9506
288,5310
289,6066
290,4294
291,4493
292,3621
293,4650
294,3469
295,5619
296,4730
297,5126
298,8528
299,7901
300,7580
301,4223
302,4316
303,4510
304,4961
305,6839
306,2914
307,1234
308,6854
309,5493
310,7758
311,5510
312,4467
313,4498
314,3405
315,2469
316,8943
317,6355
318,4985
319,5507
320,11461
321,6181
322,1916
323,7293
324,1955
325,4132
326,6093
327,5998
328,2513
329,4382
330,4281
331,3744
332,1595
333,8069
334,4586
335,9071
336,10285
337,5794
338,5714
339,4193
340,5180
341,4777
342,11581
343,6303
344,6931
345,3200
346,5932
347,5811
348,8146
349,8908
350,7088
351,5547
352,6578
353,5043
354,8769
355,6127
356,6804
357,6190
358,9191
359,6776
360,4820
361,5782
362,8156
363,6063
364,3250
365,5436
366,3151
367,4882
368,8697
369,7002
370,7380
371,6154
372,8306
373,4704
374,4382
375,4274
376,6084
377,6062
378,6490
379,3219
380,13267
381,5174
382,5689
383,16139
384,5553
385,7459
386,6044
387,6873
388,8439
389,7425
390,9846
391,2757
392,4580
393,5579
394,8449
395,2665
396,5428
397,4343
398,5285
399,5440
400,5805
401,3400
402,5746
403,5299
404,3071
405,3100
406,7323
407,4206
408,5090
409,5454
410,5544
411,9620
412,11904
413,5100
414,7414
415,6172
416,9919
417,4825
418,2931
419,3921
420,5300
421,12115
422,4048
423,8939
424,7431
425,2122
426,3798
427,5994
428,6435
429,5039
430,9018
431,9108
432,7385
433,4019
434,12029
435,2089
436,3885
437,8311
438,4280
439,5550
440,3856
441,7299
442,4873
443,3968
444,13625
445,10629
446,2451
447,4956
448,5661
449,7470
450,9420
451,5168
452,2852
453,7971
454,2017
455,9333
456,4613
457,5586
458,9512
459,5605
460,1509
461,4663
462,2258
463,3854
464,11049
465,7804
466,4496
467,12452
468,7214
469,10431
470,11625
471,7097
472,4231
473,2123
474,5068
475,6482
476,2677
477,5903
478,4441
479,7093
480,2461
481,5383
482,8424
483,1661
484,9160
485,5927
486,2716
487,6969
488,3231
489,3019
490,9426
491,7257
492,7098
493,8112
494,5620
495,5063
496,6672
497,6883
498,8089
499,5504
500,6896
501,3739
502,8607
503,6162
504,5825
505,4129
506,4902
507,8226
508,6009
509,4101
510,5036
511,5336
512,4988
513,15451
514,5170
515,10148
516,4700
517,3638
518,6319
519,5528
520,3094
521,4687
522,8791
523,14026
524,6978
525,9778
526,6966
527,10622
528,8433
529,7210
530,5260
531,4345
532,10717
533,7929
534,7321
535,5328
536,5319
537,5085
538,2459
539,12027
540,6527
541,5696
542,5006
543,1537
544,8657
545,8044
546,11537
547,5956
548,4316
549,3847
550,6858
551,4811
552,4195
553,10356
554,4481
555,4371
556,5271
557,3444
558,2560
559,2331
560,14324
561,4998
562,13086
563,4180
564,6018
565,5090
566,3981
567,3170
568,6191
569,3397
570,2773
571,10290
572,6191
573,2593
574,8916
575,2548
576,5824
577,3544
578,9117
579,7508
580,8414
581,2428
582,5288
583,2760
584,4863
585,3556
586,16004
587,11977
588,5057
589,2900
590,5903
591,4384
592,2519
593,7148
594,2561
595,13763
596,4119
597,4951
598,5661
599,11564
600,6706
601,5005
602,5127
603,6061
604,6571
605,7028
606,4078
607,1184
608,4696
609,3013
610,3009
611,5843
612,6898
613,5752
614,5148
615,8304
616,5657
617,3315
618,7779
619,2258
620,9711
621,5020
622,2805
623,4633
624,4276
625,5008
626,7073
627,7054
628,3710
629,6144
630,2466
631,4776
632,8052
633,8876
634,3569
635,2159
636,4890
637,7348
638,6536
639,2494
640,11107
641,3809
642,3374
643,5561
644,9863
645,9294
646,4333
647,4365
648,6127
649,1508
650,6867
651,7239
652,4634
653,4496
654,2910
655,8387
656,3002
657,4363
658,3920
659,3588
660,2802
661,7391
662,6790
663,5561
664,3691
665,5108
666,7630
667,7799
668,7564
669,4888
670,5428
671,5748
672,8199
673,7086
674,5350
675,1970
676,6247
677,6192
678,5991
679,7755
680,5671
681,2846
682,7623
683,5438
684,9997
685,2722
686,2690
687,9365
688,1550
689,5360
690,4404
691,7997
692,3837
693,4521
694,9175
695,2730
696,6198
697,9810
698,14713
699,6704
700,2358
701,5399
702,3598
703,2290
704,7748
705,4941
706,6639
707,5110
708,5599
709,5708
710,4720
711,4980
712,4519
713,8860
714,5421
715,2371
716,6163
717,3970
718,5829
719,5777
720,5864
721,7767
722,7815
723,8071
724,5970
725,5075
726,6013
727,2971
728,5688
729,8793
730,6806
731,6859
732,6269
733,13879
734,3253
735,3486
736,4665
737,4028
738,8833
739,10281
740,7943
741,7160
742,7643
743,1995
744,7821
745,3165
746,6658
747,6214
748,5277
749,2067
750,5008
751,3560
752,3191
753,7118
754,4546
755,8805
756,17213
757,5778
758,3094
759,4668
760,8438
761,6528
762,4524
763,5538
764,2133
765,6188
766,7040
767,3377
768,10312
769,11149
770,3116
771,5479
772,3761
773,3932
774,3998
775,8967
776,3775
777,4639
778,4565
779,2776
780,2711
781,2453
782,5654
783,5785
784,4753
785,7453
786,1129
787,7698
788,15346
789,3249
790,8092
791,7114
792,4690
793,4212
794,2492
795,4157
796,4714
797,5280
798,3083
799,9293
800,4312
801,3859
802,6261
803,5091
804,5974
805,4788
806,6071
807,10331
808,4686
809,7145
810,5853
811,3683
812,3226
813,4531
814,5834
815,6123
816,3571
817,12965
818,5340
819,4867
820,11929
821,4699
822,6787
823,4472
824,5301
825,5104
826,6986
827,16042
828,2953
829,5303
830,3457
831,9473
832,6799
833,4853
834,3658
835,4013
836,2650
837,2022
838,6781
839,2175
840,3757
841,1287
842,20600
843,8997
844,2107
845,5422
846,6024
847,6409
848,5307
849,8362
850,5509
851,6003
852,2764
853,7687
854,6176
855,4002
856,6108
857,9148
858,4519
859,8294
860,6264
861,3155
862,5596
863,6539
864,2781
865,9080
866,6717
867,4709
868,10416
869,3819
870,5133
871,8545
872,6772
873,2394
874,4775
875,3611
876,3204
877,5035
878,5761
879,3404
880,6145
881,2340
882,5693
883,2916
884,5593
885,5603
886,4863
887,5746
888,8891
889,2638
890,5587
891,6696
892,3296
893,5585
894,5985
895,9163
896,6543
897,3660
898,2145
899,2143
900,5637
901,4825
902,4224
903,11934
904,5516
905,5592
906,8817
907,6790
908,2143
909,9640
910,4348
911,7867
912,6526
913,7177
914,6138
915,8201
916,5189
917,4250
918,2841
919,3275
920,6049
921,4403
922,8222
923,4927
924,2837
925,7332
926,7129
927,4677
928,7041
929,4525
930,6824
931,2943
932,4827
933,3773
934,4874
935,3447
936,6184
937,7586
938,7957
939,6321
940,5647
941,4175
942,6300
943,7037
944,7103
945,2830
946,2869
947,8730
948,6264
949,2948
950,3967
951,7687
952,6626
953,2446
954,5996
955,4826
956,1787
957,4941
958,2878
959,4136
960,6435
961,5943
962,5204
963,4066
964,8647
965,6344
966,3643
967,5421
968,5488
969,2967
970,1176
971,7018
972,1482
973,5737
974,9729
975,5557
976,4453
977,3092
978,5262
979,5216
980,4864
981,5773
982,6108
983,7782
984,5946
985,8456
986,3785
987,3788
988,4436
989,3619
990,5327
991,6646
992,3493
993,5469
994,2698
995,7725
996,4595
997,4294
998,3907
999,5479
1000,7453
1001,3332
1002,6635
1003,4422
1004,5436
1005,5358
1006,5803
1007,7635
1008,4621
1009,3808
1010,9670
1011,6365
1012,6715
1013,1998
1014,4489
1015,5032
1016,3836
1017,4756
1018,10386
1019,8285
1020,9199
1021,9669
1022,6335
1023,5343
1024,5958
1025,6025
1026,7198
1027,9961
1028,3243
1029,1883
1030,1386
1031,4038
1032,5146
1033,9978
1034,2428
1035,1961
1036,5204
1037,5558
1038,5813
1039,8606
1040,6792
1041,6269
1042,2664
1043,7710
1044,5957
1045,6008
1046,6962
1047,3345
1048,6373
1049,2957
1050,6508
1051,5685
1052,5265
1053,6161
1054,3960
1055,6384
1056,4951
1057,6877
1058,4620
1059,8232
1060,5386
1061,8838
1062,5115
1063,3642
1064,8208
1065,2752
1066,10408
1067,5892
1068,4643
1069,3255
1070,6931
1071,4586
1072,4524
1073,7071
1074,4442
1075,12482
1076,3086
1077,3018
1078,5596
1079,6068
1080,10536
1081,2885
1082,4549
1083,6041
1084,5641
1085,4782
1086,3499
1087,6130
1088,3331
1089,10670
1090,2812
1091,6941
1092,13228
1093,7119
1094,6325
1095,3235
1096,4939
1097,7672
1098,2686
1099,6927
1100,2860
1101,8340
1102,6665
1103,5703
1104,5748
1105,4723
1106,2992
1107,5196
1108,2236
1109,3647
1110,3277
1111,2760
1112,7624
1113,5641
1114,20719
1115,7504
1116,0
1117,0
1118,0
1119,0
1120,0
1121,0
1122,0
1123,0
1124,0
1125,0
1126,0
1127,0
1128,0
1129,0
1130,0
1131,0
1132,0
1133,0
1134,0
1135,0
1136,0
1137,0
1138,0
1139,0
1140,0
1141,0
1142,0
1143,0
1144,0
1145,0
1146,0
1147,0
1148,0
1149,0
1150,0
1151,0
1152,0
1153,0
1154,0
1155,0
1156,0
1157,0
1158,0
1159,0
1160,0
1161,0
1162,0
1163,0
1164,0
1165,0
1166,0
1167,0
1168,0
1169,0
1170,0
1171,0
1172,0
1173,0
1174,0
1175,0
1176,0
1177,0
1178,0
1179,0
1180,0
1181,0
1182,0
1183,0
1184,0
1185,0
1186,0
1187,0
1188,0
1189,0
1190,0
1191,0
1192,0
1193,0
1194,0
1195,0
1196,0
1197,0
1198,0
1199,0
1200,11923
1201,0
1202,0
1203,0
1204,0
1205,0
1206,0
1207,0
1208,0
1209,0
1210,0
1211,0
1212,0
1213,0
1214,0
1215,0
1216,0
1217,0
1218,0
1219,0
1220,0
1221,0
1222,0
1223,0
1224,0
1225,0
1226,0
1227,0
1228,0
1229,0
1230,0
1231,0
1232,0
1233,0
1234,0
1235,0
1236,0
1237,3105
1238,0
1239,0
1240,0
1241,0
1242,0
1243,0
1244,0
1245,0
1246,0
1247,0
1248,0
1249,0
1250,0
1251,0
1252,0
1253,0
1254,0
1255,0
1256,0
1257,0
1258,0
1259,0
1260,0
1261,0
1262,0
1263,0
1264,0
1265,0
1266,0
1267,0
1268,0
1269,0
1270,0
1271,0
1272,0
1273,0
1274,0
1275,0
1276,0
1277,0
1278,0
1279,0
1280,0
1281,0
1282,0
1283,0
1284,0
1285,0
1286,0
1287,0
1288,0
1289,0
1290,0
1291,0
1292,0
1293,0
1294,0
1295,0
1296,0
1297,0
1298,0
1299,0
1300,0
1301,0
1302,0
1303,0
1304,0
1305,0
1306,0
1307,0
1308,0
1309,0
1310,0
1311,0
1312,0
1313,0
1314,0
1315,0
1316,0
1317,0
1318,0
1319,0
1320,0
1321,0
1322,0
1323,0
1324,2160
1325,0
1326,0
1327,0
1328,0
1329,0
1330,0
1331,0
1332,0
1333,0
1334,0
1335,0
1336,0
1337,0
1338,0
1339,0
1340,0
1341,0
1342,0
1343,0
1344,0
1345,0
1346,0
1347,0
1348,0
1349,0
1350,0
1351,0
1352,0
1353,0
1354,0
1355,0
1356,0
1357,0
1358,0
1359,0
1360,0
1361,0
1362,0
1363,0
1364,0
1365,0
1366,0
1367,0
1368,0
1369,0
1370,0
1371,0
1372,0
1373,0
1374,16693
1375,0
1376,0
1377,28799
1378,0
1379,0
1380,0
1381,0
1382,0
1383,0
1384,0
1385,0
1386,0
1387,0
1388,0
1389,7414
1390,0
1391,0
1392,0
1393,0
1394,0
1395,0
1396,0
1397,0
1398,0
1399,0
1400,0
1401,0
1402,0
1403,0
1404,0
1405,0
1406,0
1407,0
1408,0
1409,0
1410,0
1411,0
1412,0
1413,0
1414,3561
1415,0
1416,0
1417,0
1418,0
1419,0
1420,0
1421,0
1422,0
1423,0
1424,0
1425,2707
1426,0
1427,0
1428,0
1429,0
1430,0
1431,0
1432,0
1433,0
1434,0
1435,0
1436,0
1437,0
1438,0
1439,0
1440,0
1441,0
1442,0
1443,0
1444,0
1445,0
1446,0
1447,0
1448,0
1449,0
1450,8126
1451,0
1452,0
1453,0
1454,0
1455,0
1456,0
1457,0
1458,0
1459,0
1460,0
1461,0
1462,0
1463,0
1464,0
1465,0
1466,0
1467,0
1468,8918
1469,0
1470,0
1471,0
1472,0
1473,0
1474,0
1475,0
1476,0
1477,0
1478,0
1479,0
1480,0
1481,0
1482,0
1483,0
1484,0
1485,0
1486,0
1487,0
1488,0
1489,0
1490,0
1491,0
1492,0
1493,0
1494,0
1495,0
1496,0
1497,0
1498,0
1499,0
1500,0
1501,0
1502,0
1503,0
1504,0
1505,0
1506,0
1507,0
1508,0
1509,0
1510,0
1511,0
1512,0
1513,0
1514,0
1515,0
1516,0
1517,0
1518,0
1519,0
1520,0
1521,0
1522,0
1523,0
1524,0
1525,0
1526,0
1527,0
1528,0
1529,0
1530,0
1531,0
1532,0
1533,0
1534,0
1535,0
1536,0
1537,0
1538,15201
1539,0
1540,0
1541,0
1542,0
1543,0
1544,0
1545,0
1546,0
1547,0
1548,1653
1549,0
1550,0
1551,0
1552,0
1553,0
1554,0
1555,0
1556,0
1557,0
1558,0
1559,0
1560,0
1561,0
1562,0
1563,0
1564,0
1565,0
1566,0
1567,0
1568,3816
1569,0
1570,0
1571,0
1572,0
1573,0
1574,0
1575,0
1576,0
1577,0
1578,0
1579,0
1580,0
1581,0
1582,0
1583,0
1584,0
1585,0
1586,0
1587,0
1588,0
1589,0
1590,0
1591,0
1592,0
1593,0
1594,0
1595,0
1596,0
1597,0
1598,0
1599,0
1600,0
1601,0
1602,0
1603,0
1604,0
1605,0
1606,0
1607,0
1608,0
1609,7576
1610,0
1611,0
1612,0
1613,0
1614,0
1615,0
1616,0
1617,0
1618,0
1619,0
1620,0
1621,0
1622,0
1623,0
1624,0
1625,0
1626,0
1627,7566
1628,0
1629,0
1630,0
1631,0
1632,0
1633,0
1634,0
1635,0
1636,0
1637,0
1638,0
1639,1971
1640,0
1641,0
1642,0
1643,0
1644,0
1645,4132
1646,0
1647,0
1648,0
1649,0
1650,0
1651,0
1652,0
1653,0
1654,0
1655,0
1656,0
1657,0
1658,0
1659,0
1660,0
1661,0
1662,0
1663,0
1664,0
1665,0
1666,0
1667,0
1668,0
1669,0
1670,0
1671,0
1672,0
1673,0
1674,0
1675,0
1676,0
1677,18517
1678,0
1679,0
1680,0
1681,0
1682,0
1683,0
1684,0
1685,0
1686,0
1687,0
1688,0
1689,0
1690,0
1691,0
1692,0
1693,5516
1694,0
1695,0
1696,0
1697,0
1698,0
1699,0
1700,0
1701,0
1702,0
1703,0
1704,0
1705,0
1706,0
1707,0
1708,0
1709,0
1710,0
1711,0
1712,0
1713,0
1714,0
1715,0
1716,0
1717,0
1718,0
1719,0
1720,0
1721,0
1722,0
1723,0
1724,0
1725,0
1726,0
1727,0
1728,0
1729,0
1730,0
1731,0
1732,0
1733,0
1734,0
1735,0
1736,0
1737,0
1738,0
1739,0
1740,0
1741,0
1742,0
1743,0
1744,0
1745,0
1746,0
1747,0
1748,0
1749,0
1750,0
1751,0
1752,0
1753,0
1754,0
1755,0
1756,0
1757,0
1758,0
1759,0
1760,0
1761,0
1762,0
1763,0
1764,0
1765,0
1766,0
1767,0
1768,0
1769,0
1770,0
1771,0
1772,0
1773,0
1774,0
1775,0
1776,0
1777,0
1778,0
1779,0
1780,0
1781,0
1782,0
1783,0
1784,0
1785,0
1786,0
1787,0
1788,0
1789,0
1790,0
1791,12879
1792,0
1793,0
1794,0
1795,0
1796,0
1797,7186
1798,0
1799,0
1800,0
1801,0
1802,0
1803,0
1804,0
1805,0
1806,0
1807,0
1808,0
1809,0
1810,0
1811,0
1812,0
1813,0
1814,0
1815,0
1816,0
1817,0
1818,0
1819,0
1820,0
1821,0
1822,0
1823,0
1824,0
1825,0
1826,0
1827,0
1828,0
1829,0
1830,0
1831,0
1832,0
1833,0
1834,0
1835,0
1836,0
1837,0
1838,0
1839,0
1840,0
1841,0
1842,0
1843,0
1844,0
1845,0
1846,0
1847,2567
1848,15910
1849,0
1850,0
1851,0
1852,0
1853,0
1854,0
1855,0
1856,0
1857,0
1858,0
1859,0
1860,0
1861,0
1862,0
1863,0
1864,0
1865,0
1866,0
1867,0
1868,0
1869,0
1870,0
1871,0
1872,0
1873,0
1874,0
1875,0
1876,0
1877,0
1878,0
1879,0
1880,0
1881,0
1882,0
1883,0
1884,11917
1885,0
1886,0
1887,0
1888,0
1889,0
1890,0
1891,0
1892,0
1893,0
1894,0
1895,0
1896,0
1897,0
1898,0
1899,0
1900,0
1901,0
1902,0
1903,0
1904,0
1905,0
1906,0
1907,0
1908,0
1909,0
1910,0
1911,0
1912,0
1913,0
1914,0
1915,0
1916,0
1917,0
1918,0
1919,0
1920,0
1921,0
1922,0
1923,0
1924,0
1925,0
1926,0
1927,0
1928,0
1929,0
1930,0
1931,0
1932,0
1933,0
1934,0
1935,0
1936,0
1937,0
1938,0
1939,0
1940,0
1941,0
1942,0
1943,0
1944,0
1945,0
1946,0
1947,0
1948,0
1949,0
1950,0
1951,0
1952,0
1953,0
1954,0
1955,0
1956,0
1957,0
1958,0
1959,0
1960,0
1961,0
1962,0
1963,0
1964,0
1965,0
1966,0
1967,0
1968,0
1969,0
1970,0
1971,0
1972,0
1973,0
1974,0
1975,0
1976,0
1977,0
1978,2575
1979,0
1980,0
1981,0
1982,1826
1983,0
1984,0
1985,0
1986,0
1987,0
1988,0
1989,0
1990,0
1991,0
1992,0
1993,0
1994,0
1995,0
1996,0
1997,0
1998,0
1999,0
2000,0
2001,0
2002,0
2003,0
2004,0
2005,0
2006,0
2007,0
2008,0
2009,0
2010,0
2011,0
2012,0
2013,0
2014,0
2015,0
2016,0
2017,0
2018,0
2019,0
2020,0
2021,0
2022,0
2023,0
2024,0
2025,0
2026,0
2027,0
2028,0
2029,0
2030,0
2031,0
2032,0
2033,0
2034,0
2035,0
2036,0
2037,0
2038,0
2039,0
2040,0
2041,0
2042,0
2043,0
2044,0
2045,0
2046,2160
2047,0
2048,0
2049,0
2050,0
2051,0
2052,0
2053,0
2054,0
2055,0
2056,0
2057,0
2058,0
2059,0
2060,0
2061,0
2062,0
2063,11631
2064,0
2065,0
2066,0
2067,0
2068,0
2069,0
2070,0
2071,0
2072,0
2073,0
2074,0
2075,0
2076,0
2077,0
2078,0
2079,0
2080,0
2081,0
2082,0
2083,0
2084,0
2085,0
2086,0
2087,0
2088,0
2089,0
2090,0
2091,0
2092,0
2093,0
2094,0
2095,0
2096,0
2097,0
2098,0
2099,0
2100,0
2101,0
2102,0
2103,0
2104,0
2105,0
2106,0
2107,0
2108,0
2109,0
2110,0
2111,0
2112,0
2113,0
2114,0
2115,0
2116,0
2117,0
2118,0
2119,0
2120,0
2121,0
2122,0
2123,0
2124,0
2125,0
2126,0
2127,0
2128,0
2129,0
2130,0
2131,0
2132,0
2133,0
2134,0
2135,0
2136,0
2137,0
2138,0
2139,0
2140,0
2141,0
2142,0
2143,0
2144,0
2145,0
2146,0
2147,0
2148,0
2149,0
2150,0
2151,0
2152,0
2153,0
2154,0
2155,0
2156,0
2157,0
2158,0
2159,0
2160,3701
2161,0
2162,0
2163,0
2164,0
2165,0
2166,0
2167,0
2168,0
2169,0
2170,0
2171,0
2172,0
2173,0
2174,0
2175,0
2176,0
2177,0
2178,0
2179,0
2180,0
2181,0
2182,0
2183,0
2184,0
2185,0
2186,0
2187,0
2188,0
2189,0
2190,0
2191,0
2192,0
2193,0
2194,0
2195,0
2196,5500
2197,0
2198,0
2199,0
2200,0
2201,0
2202,0
2203,0
2204,0
2205,0
2206,0
2207,0
2208,0
2209,0
2210,0
2211,0
2212,12891
2213,0
2214,4533
2215,0
2216,0
2217,0
2218,0
2219,0
2220,0
2221,0
2222,0
2223,0
2224,0
2225,0
2226,0
2227,0
2228,0
2229,0
2230,0
2231,3773
2232,4228
2233,5984
2234,8769
2235,4217
2236,4365
2237,8219
2238,5672
2239,7085
2240,5669
2241,6700
2242,6532
2243,3780
2244,5530
2245,5878
2246,7611
2247,5304
2248,6361
2249,6251
2250,8654
2251,4324
2252,4153
2253,4432
2254,8474
2255,10360
2256,5274
2257,8196
2258,3911
2259,7091
2260,3391
2261,4716
2262,3879
2263,7634
2264,7643
2265,9426
2266,9180
2267,5014
2268,4750
2269,4251
2270,3920
2271,5253
2272,9101
2273,5972
2274,4652
2275,4354
2276,4200
2277,6679
2278,3291
2279,6328
2280,3455
2281,6073
2282,5292
2283,4623
2284,6100
2285,4701
2286,6816
2287,7839
2288,5985
2289,5165
2290,7641
2291,4640
2292,6942
2293,5648
2294,8841
2295,4327
2296,5571
2297,7162
2298,6327
2299,7690
2300,5624
2301,7549
2302,3808
2303,4585
2304,5447
2305,5622
2306,8030
2307,6218
2308,3072
2309,4972
2310,6432
2311,6734
2312,8018
2313,3951
2314,12276
2315,6457
2316,4008
2317,6223
2318,5450
2319,6184
2320,7663
2321,3796
2322,5184
2323,5319
2324,6343
2325,6298
2326,4749
2327,5927
2328,4753
2329,4851
2330,7648
2331,6729
2332,5697
2333,4676
2334,9982
2335,4895
2336,8582
2337,6877
2338,11344
2339,6040
2340,4285
2341,5266
2342,6082
2343,5196
2344,4358
2345,6944
2346,7037
2347,3663
2348,7168
2349,5631
2350,6298
2351,4353
2352,7159
2353,7321
2354,4575
2355,11066
2356,4672
2357,4198
2358,6846
2359,7877
2360,5163
2361,4744
2362,6538
2363,5297
2364,5036
2365,5276
2366,4578
2367,7784
2368,6837
2369,6313
2370,6766
2371,4693
2372,4575
2373,5082
2374,6435
2375,6591
2376,6966
2377,7110
2378,8669
2379,5084
2380,7378
2381,6196
2382,5123
2383,5385
2384,7795
2385,5705
2386,5493
2387,9048
2388,6663
2389,6327
2390,4600
2391,7038
2392,5889
2393,7064
2394,5995
2395,3735
2396,4931
2397,7735
2398,6916
2399,4998
2400,3498
2401,7654
2402,6715
2403,7325
2404,5860
2405,5284
2406,4778
2407,3607
2408,8868
2409,6289
2410,6260
2411,5447
2412,4492
2413,0
2414,5938
2415,5462
2416,3531
2417,5646
2418,4064
2419,7296
2420,7266
2421,6232
2422,10539
2423,4084
2424,4307
2425,9648
2426,4839
2427,5489
2428,1963
2429,6784
2430,7475
2431,4364
2432,5759
2433,5917
2434,5431
2435,5648
2436,7443
2437,9712
2438,2511
2439,5796
2440,2617
2441,13195
2442,3937
2443,7281
2444,7939
2445,4967
2446,5907
2447,4387
2448,4879
2449,3323
2450,4246
2451,5123
2452,4766
2453,6327
2454,6421
2455,4394
2456,6250
2457,6093
2458,7335
2459,7302
2460,7170
2461,3956
2462,2997
2463,8779
2464,8918
2465,4510
2466,7120
2467,5124
2468,6888
2469,4553
2470,4867
2471,5827
2472,3115
2473,5410
2474,4253
2475,8961
2476,6510
2477,6835
2478,6818
2479,4750
2480,7046
2481,17904
2482,8362
2483,4736
2484,2380
2485,5257
2486,6822
2487,4944
2488,5628
2489,12880
2490,6169
2491,9257
2492,17953
2493,3908
2494,5721
2495,4516
2496,4095
2497,6944
2498,4219
2499,7776
2500,9473
2501,6868
2502,5175
2503,6722
2504,4380
2505,5631
2506,3470
2507,5429
2508,6733
2509,8111
2510,5451
2511,5071
2512,4438
2513,6851
2514,4506
2515,4715
2516,3219
2517,7454
2518,4752
2519,5231
2520,6620
2521,6882
2522,6059
2523,5297
2524,5576
2525,4926
2526,6150
2527,6373
2528,7476
2529,7686
2530,6385
2531,5065
2532,3047
2533,5261
2534,6175
2535,5243
2536,4416
2537,1964
2538,7650
2539,5484
2540,7614
2541,6194
2542,4593
2543,5720
2544,4667
2545,4076
2546,8553
2547,4819
2548,6159
2549,6972
2550,13651
2551,4602
2552,4610
2553,6452
2554,4944
2555,5391
2556,4558
2557,6828
2558,4338
2559,6367
2560,3508
2561,5288
2562,3787
2563,9043
2564,4813
2565,13073
2566,11719
2567,4332
2568,5967
2569,4982
2570,5854
2571,5174
2572,10614
2573,6496
2574,7808
2575,4236
2576,7153
2577,4558
2578,8089
2579,8718
2580,5604
2581,5265
2582,5620
2583,6627
2584,7179
2585,8354
2586,5544
2587,6847
2588,8946
2589,5528
2590,6263
2591,4464
2592,8490
2593,6826
2594,4603
2595,4400
2596,5541
2597,4315
2598,7433
2599,5345
2600,6525
2601,5201
2602,7902
2603,4182
2604,7214
2605,7574
2606,6913
2607,7168
2608,6088
2609,3557
2610,12048
2611,9478
2612,6187
2613,15301
2614,8555
2615,5861
2616,5713
2617,7860
2618,9458
2619,10398
2620,9948
2621,5151
2622,7088
2623,5010
2624,7039
2625,3991
2626,9478
2627,5083
2628,4294
2629,5510
2630,7867
2631,7045
2632,4861
2633,7603
2634,4705
2635,3671
2636,5790
2637,3696
2638,4249
2639,5070
2640,5560
2641,7624
2642,8169
2643,6798
2644,5991
2645,5362
2646,10248
2647,6234
2648,4468
2649,4883
2650,4600
2651,7576
2652,4152
2653,10949
2654,6831
2655,3243
2656,4554
2657,6176
2658,5780
2659,4472
2660,7544
2661,9078
2662,11452
2663,4961
2664,8995
2665,3122
2666,4966
2667,5812
2668,4774
2669,6296
2670,5089
2671,5654
2672,3218
2673,4429
2674,9201
2675,7617
2676,4200
2677,5270
2678,7964
2679,9441
2680,6726
2681,4979
2682,3963
2683,8886
2684,5318
2685,6370
2686,5425
2687,4707
2688,6045
2689,7498
2690,3131
2691,3721
2692,4322
2693,6409
2694,8895
2695,6335
2696,7069
2697,12033
2698,4336
2699,8739
2700,10573
2701,6198
2702,4617
2703,3074
2704,6868
2705,5673
2706,5460
2707,5376
2708,5859
2709,9662
2710,4937
2711,4643
2712,5877
2713,4494
2714,6031
2715,4515
2716,3919
2717,5581
2718,3236
2719,6054
2720,7595
2721,6052
2722,6681
2723,7562
2724,7050
2725,4522
2726,6883
2727,7754
2728,6849
2729,5106
2730,5781
2731,4309
2732,9341
2733,5138
2734,5953
2735,4897
2736,6333
2737,7280
2738,6133
2739,5318
2740,7822
2741,5321
2742,5904
2743,16526
2744,5462
2745,7475
2746,5301
2747,5231
2748,4951
2749,4214
2750,3833
2751,3984
2752,7711
2753,12821
2754,7366
2755,8947
2756,9077
2757,9982
2758,9172
2759,6848
2760,5446
2761,5066
2762,11277
2763,9774
2764,6042
2765,7947
2766,7343
2767,5535
2768,4192
2769,10476
2770,6064
2771,5726
2772,5725
2773,2040
2774,12005
2775,9413
2776,14031
2777,5427
2778,4238
2779,4513
2780,5550
2781,5935
2782,6131
2783,5953
2784,5355
2785,4088
2786,6368
2787,3539
2788,2650
2789,5517
2790,11960
2791,6048
2792,16765
2793,4318
2794,5304
2795,5989
2796,4801
2797,4508
2798,4469
2799,4810
2800,3599
2801,7136
2802,6014
2803,3392
2804,7890
2805,4330
2806,5438
2807,4245
2808,8817
2809,6443
2810,9628
2811,4416
2812,6057
2813,3905
2814,4156
2815,3927
2816,13478
2817,9365
2818,5652
2819,4203
2820,4441
2821,5364
2822,4251
2823,8451
2824,4416
2825,13432
2826,4119
2827,4739
2828,5508
2829,8566
2830,5890
2831,4012
2832,5899
2833,6227
2834,6045
2835,5955
2836,5409
2837,3023
2838,8593
2839,5019
2840,3789
2841,5613
2842,5360
2843,5664
2844,6071
2845,8061
2846,7641
2847,5969
2848,6133
2849,3910
2850,7912
2851,5205
2852,4015
2853,6662
2854,6607
2855,6201
2856,7536
2857,5404
2858,5403
2859,5581
2860,5361
2861,5220
2862,6758
2863,6143
2864,5848
2865,4800
2866,4805
2867,7916
2868,5375
2869,3823
2870,10139
2871,4647
2872,2943
2873,6445
2874,8134
2875,8403
2876,4889
2877,5032
2878,5617
2879,3172
2880,5818
2881,7315
2882,5541
2883,5366
2884,6452
2885,7085
2886,2955
2887,4809
2888,5130
2889,4978
2890,4483
2891,6320
2892,6486
2893,5589
2894,4360
2895,7326
2896,5251
2897,7543
2898,7824
2899,4137
2900,6164
2901,6337
2902,7111
2903,6693
2904,7399
2905,3090
2906,8668
2907,5840
2908,6639
2909,9698
2910,4241
2911,3528
2912,11244
2913,7594
2914,7142
2915,5241
2916,5464
2917,8253
2918,2991
2919,5741
2920,5188
2921,6816
2922,5763
2923,4704
2924,7106
2925,4827
2926,8156
2927,9519
2928,16593
2929,6415
2930,3984
2931,4698
2932,3520
2933,2955
2934,11016
2935,7471
2936,4887
2937,7951
2938,4832
2939,10410
2940,3869
2941,5159
2942,5419
2943,7677
2944,4494
2945,5390
2946,4966
2947,4243
2948,6877
2949,4599
2950,5858
2951,6850
2952,8152
2953,6494
2954,6828
2955,5066
2956,9359
2957,4224
2958,4635
2959,9851
2960,6234
2961,7735
2962,7246
2963,14854
2964,4915
2965,4336
2966,4317
2967,5582
2968,7891
2969,8480
2970,5856
2971,6907
2972,6818
2973,3313
2974,6806
2975,6468
2976,5299
2977,6594
2978,4694
2979,4297
2980,4244
2981,3940
2982,4221
2983,7213
2984,6266
2985,9814
2986,14889
2987,6345
2988,4490
2989,6097
2990,7732
2991,8579
2992,3739
2993,5368
2994,3607
2995,8404
2996,5700
2997,5417
2998,11135
2999,12021
3000,4279
3001,6513
3002,3561
3003,5329
3004,5634
3005,7684
3006,4293
3007,3966
3008,4875
3009,6338
3010,5804
3011,4236
3012,5026
3013,6291
3014,5636
3015,5910
3016,3339
3017,9375
3018,17881
3019,3832
3020,6164
3021,7817
3022,5658
3023,3891
3024,3454
3025,3531
3026,7007
3027,4488
3028,6702
3029,8818
3030,3809
3031,4461
3032,5330
3033,4885
3034,4429
3035,4827
3036,5591
3037,9269
3038,6908
3039,8070
3040,4879
3041,3885
3042,6175
3043,5849
3044,7085
3045,5324
3046,4453
3047,21353
3048,5706
3049,5375
3050,10832
3051,6339
3052,5880
3053,5621
3054,6783
3055,4280
3056,8762
3057,13258
3058,4653
3059,4617
3060,5748
3061,11636
3062,5221
3063,4523
3064,5627
3065,4870
3066,6135
3067,3595
3068,7707
3069,3567
3070,6764
3071,2383
3072,17392
3073,7452
3074,3779
3075,4337
3076,8033
3077,5479
3078,5908
3079,6905
3080,5136
3081,4862
3082,3955
3083,8364
3084,5109
3085,5257
3086,6322
3087,6784
3088,5121
3089,7155
3090,5100
3091,3483
3092,7715
3093,7679
3094,4256
3095,6739
3096,5727
3097,4257
3098,8438
3099,5328
3100,7014
3101,5557
3102,7266
3103,3811
3104,4313
3105,3990
3106,7750
3107,5813
3108,7589
3109,3367
3110,7402
3111,3457
3112,5872
3113,4874
3114,5397
3115,5805
3116,6503
3117,5516
3118,7576
3119,3302
3120,5437
3121,6537
3122,6633
3123,5878
3124,6886
3125,9095
3126,6358
3127,2608
3128,5866
3129,4920
3130,6025
3131,6363
3132,3863
3133,10326
3134,4785
3135,6358
3136,9385
3137,5969
3138,3483
3139,10014
3140,4863
3141,8982
3142,4959
3143,6612
3144,8203
3145,5371
3146,5132
3147,6051
3148,4646
3149,5147
3150,5435
3151,9900
3152,6495
3153,5255
3154,4347
3155,5356
3156,6429
3157,6090
3158,5878
3159,5451
3160,5950
3161,3939
3162,6858
3163,7015
3164,6035
3165,5089
3166,6389
3167,6406
3168,8806
3169,4953
3170,6805
3171,4844
3172,5101
3173,6200
3174,5726
3175,4135
3176,3776
3177,6532
3178,7974
3179,4540
3180,5330
3181,7000
3182,5293
3183,4819
3184,5497
3185,4209
3186,3237
3187,7235
3188,3946
3189,6842
3190,5470
3191,5588
3192,5626
3193,9811
3194,7709
3195,6360
3196,4941
3197,7438
3198,7396
3199,3469
3200,3225
3201,7176
3202,2951
3203,6333
3204,12043
3205,6846
3206,6183
3207,3897
3208,6645
3209,5567
3210,5660
3211,6444
3212,7044
3213,7151
3214,5044
3215,7191
3216,4266
3217,6271
3218,4790
3219,5198
3220,4845
3221,5029
3222,5445
3223,6873
3224,4265
3225,8711
3226,6455
3227,3866
3228,4169
3229,7386
3230,6357
3231,4961
3232,5893
3233,5941
3234,4467
3235,5789
3236,5598
3237,5534
3238,4687
3239,4751
3240,7087
3241,5960
3242,5060
3243,3478
3244,9490
3245,5269
3246,4566
3247,6305
3248,9916
3249,6950
3250,7377
3251,8946
3252,5995
3253,4819
3254,4904
3255,7027
3256,7790
3257,10436
3258,4046
3259,5950
3260,2944
3261,4121
3262,8191
3263,13136
3264,5794
3265,4299
3266,4384
3267,5673
3268,4904
3269,7071
3270,7734
3271,5387
3272,3601
3273,6335
3274,5056
3275,8283
3276,7663
3277,4379
3278,6058
3279,3569
3280,5816
3281,7294
3282,6632
3283,7479
3284,5551
3285,6465
3286,4009
3287,5454
3288,6740
3289,7531
3290,6475
3291,7037
3292,4906
3293,4181
3294,8807
3295,4152
3296,10894
3297,5460
3298,3909
3299,5652
3300,5583
3301,5865
3302,7028
3303,8908
3304,4235
3305,11917
3306,3909
3307,4255
3308,6033
3309,6740
3310,10108
3311,7408
3312,5565
3313,4783
3314,5795
3315,6398
3316,4505
3317,5457
3318,4708
3319,9226
3320,5831
3321,7550
3322,11359
3323,7411
3324,4486
3325,4472
3326,5166
3327,10141
3328,5391
3329,7792
3330,3884
3331,9026
3332,6220
3333,4537
3334,4343
3335,4156
3336,4973
3337,4748
3338,5065
3339,4532
3340,4054
3341,4508
3342,7690
3343,5792
3344,19675
3345,5580
3346,3524
3347,4099
3348,5980
3349,7727
3350,4056
3351,3990
3352,7957
3353,5555
3354,6396
3355,5358
3356,6297
3357,6070
3358,3399
3359,5062
3360,5346
3361,7125
3362,5353
3363,5854
3364,5997
3365,8245
3366,3990
3367,3839
3368,4081
3369,8118
3370,9180
3371,4938
3372,7826
3373,3940
3374,6610
3375,3554
3376,4425
3377,3644
3378,6785
3379,6910
3380,8907
3381,8089
3382,4683
3383,4320
3384,3941
3385,3901
3386,4723
3387,8684
3388,5558
3389,4296
3390,3773
3391,3870
3392,6163
3393,3098
3394,6014
3395,3243
3396,5361
3397,4613
3398,4346
3399,5635
3400,4428
3401,6556
3402,7073
3403,5633
3404,4776
3405,7342
3406,4213
3407,6294
3408,5080
3409,8286
3410,4235
3411,5076
3412,6653
3413,5891
3414,7440
3415,5189
3416,7273
3417,3651
3418,4344
3419,5124
3420,4966
3421,7317
3422,5943
3423,2970
3424,4579
3425,5857
3426,6194
3427,7632
3428,3568
3429,11537
3430,5562
3431,3819
3432,5711
3433,5605
3434,5596
3435,6988
3436,3631
3437,4706
3438,5230
3439,5875
3440,6003
3441,4666
3442,5636
3443,4381
3444,4470
3445,6741
3446,6249
3447,5262
3448,4217
3449,9007
3450,4467
3451,7821
3452,6295
3453,10277
3454,5478
3455,4015
3456,4919
3457,5613
3458,4546
3459,4093
3460,6432
3461,6256
3462,3376
3463,6046
3464,5429
3465,5469
3466,3931
3467,6288
3468,7003
3469,4496
3470,10192
3471,4282
3472,3664
3473,6382
3474,7510
3475,4520
3476,4264
3477,5883
3478,5172
3479,4439
3480,4738
3481,4196
3482,7461
3483,6632
3484,5730
3485,6245
3486,4500
3487,4126
3488,4770
3489,6029
3490,6157
3491,6452
3492,6379
3493,8008
3494,4631
3495,6607
3496,5875
3497,4573
3498,5408
3499,7133
3500,5187
3501,5550
3502,8896
3503,6332
3504,5749
3505,4327
3506,6542
3507,5493
3508,6393
3509,5614
3510,3545
3511,4573
3512,8015
3513,6381
3514,4803
3515,3321
3516,7115
3517,6202
3518,6544
3519,5367
3520,4826
3521,4467
3522,3304
3523,7984
3524,6007
3525,5508
3526,5188
3527,4086
3528,0
3529,5395
3530,4929
3531,3206
3532,5619
3533,3530
3534,6809
3535,6822
3536,5800
3537,9960
3538,3915
3539,4004
3540,8724
3541,4314
3542,5009
3543,2343
3544,6346
3545,6904
3546,3982
3547,5379
3548,5513
3549,5180
3550,5072
3551,7073
3552,9102
3553,2242
3554,5425
3555,2413
3556,12160
3557,3726
3558,6999
3559,7481
3560,4502
3561,5426
3562,4058
3563,4723
3564,3029
3565,4074
3566,4856
3567,4256
3568,5614
3569,5954
3570,4225
3571,5880
3572,5599
3573,7121
3574,6771
3575,6276
3576,3795
3577,2698
3578,8025
3579,7975
3580,4164
3581,6594
3582,4505
3583,6374
3584,4024
3585,4414
3586,5556
3587,2742
3588,5251
3589,3933
3590,7973
3591,5792
3592,6120
3593,6415
3594,4367
3595,6564
3596,17193
3597,7892
3598,4317
3599,2174
3600,4911
3601,6631
3602,4494
3603,5183
3604,11697
3605,5607
3606,8821
3607,16395
3608,3467
3609,5259
3610,4282
3611,3844
3612,6651
3613,3849
3614,7165
3615,8478
3616,6903
3617,4943
3618,6130
3619,3812
3620,5070
3621,3392
3622,4972
3623,5957
3624,7009
3625,4942
3626,4579
3627,3985
3628,6322
3629,4155
3630,4230
3631,3091
3632,6868
3633,4229
3634,4851
3635,6289
3636,6427
3637,5460
3638,4986
3639,5590
3640,4743
3641,5836
3642,5749
3643,6434
3644,6649
3645,6198
3646,4720
3647,2845
3648,5017
3649,5631
3650,4670
3651,4205
3652,2206
3653,7334
3654,5370
3655,7541
3656,5760
3657,4249
3658,5255
3659,4287
3660,3793
3661,8029
3662,4287
3663,5595
3664,6275
3665,12544
3666,4356
3667,4591
3668,5845
3669,4974
3670,5135
3671,4017
3672,6275
3673,4124
3674,5873
3675,3217
3676,4931
3677,3530
3678,8203
3679,4288
3680,13127
3681,11187
3682,4000
3683,5531
3684,4618
3685,5552
3686,4772
3687,9545
3688,6121
3689,7367
3690,3839
3691,6898
3692,4035
3693,7716
3694,7948
3695,5244
3696,5077
3697,5281
3698,6061
3699,6505
3700,7765
3701,5069
3702,6272
3703,8018
3704,5035
3705,5621
3706,4189
3707,7484
3708,6141
3709,4581
3710,4067
3711,5351
3712,3932
3713,6987
3714,4891
3715,5981
3716,4854
3717,7512
3718,3788
3719,6597
3720,7630
3721,6397
3722,7034
3723,5959
3724,3440
3725,11506
3726,8754
3727,5777
3728,13866
3729,8540
3730,5140
3731,5289
3732,7457
3733,8942
3734,10021
3735,9253
3736,4848
3737,6496
3738,4673
3739,6510
3740,3630
3741,9146
3742,4958
3743,4005
3744,5160
3745,7215
3746,6721
3747,4424
3748,6964
3749,4591
3750,3524
3751,5401
3752,3449
3753,3904
3754,5071
3755,5098
3756,7134
3757,7080
3758,6032
3759,5194
3760,5078
3761,9569
3762,6050
3763,4376
3764,4441
3765,4169
3766,6934
3767,3910
3768,9689
3769,6102
3770,2944
3771,4300
3772,5617
3773,5181
3774,4104
3775,6895
3776,8143
3777,10853
3778,5132
3779,8194
3780,2874
3781,4573
3782,5211
3783,4406
3784,5652
3785,4651
3786,5257
3787,3024
3788,4193
3789,8325
3790,7027
3791,3957
3792,4824
3793,7503
3794,8962
3795,6107
3796,4640
3797,3620
3798,7847
3799,5153
3800,5822
3801,5212
3802,4215
3803,5546
3804,7262
3805,3087
3806,3536
3807,4409
3808,5722
3809,7712
3810,5895
3811,6762
3812,11975
3813,3810
3814,8205
3815,9636
3816,5419
3817,4068
3818,2909
3819,6409
3820,5322
3821,5092
3822,4694
3823,5523
3824,9783
3825,4279
3826,4343
3827,5367
3828,5079
3829,5521
3830,4153
3831,3650
3832,5252
3833,3035
3834,6284
3835,7090
3836,5302
3837,6410
3838,7119
3839,6801
3840,4090
3841,6053
3842,7771
3843,6286
3844,4598
3845,5168
3846,3917
3847,8303
3848,4724
3849,5249
3850,4565
3851,5794
3852,6731
3853,5608
3854,5161
3855,7415
3856,4852
3857,5518
3858,15182
3859,5075
3860,7089
3861,5050
3862,5067
3863,4414
3864,3987
3865,3514
3866,3731
3867,6937
3868,11665
3869,7148
3870,7852
3871,9041
3872,9438
3873,8470
3874,6293
3875,4690
3876,4647
3877,10461
3878,9227
3879,5448
3880,7634
3881,7134
3882,5055
3883,3813
3884,9496
3885,5552
3886,5449
3887,5479
3888,1942
3889,11462
3890,8931
3891,12683
3892,4991
3893,3990
3894,4251
3895,5054
3896,5680
3897,5698
3898,5285
3899,5058
3900,3580
3901,6105
3902,3210
3903,2585
3904,5030
3905,11160
3906,5770
3907,15760
3908,4041
3909,4997
3910,5652
3911,4683
3912,4118
3913,3935
3914,4481
3915,3459
3916,6244
3917,5491
3918,3150
3919,6974
3920,4243
3921,4960
3922,3774
3923,7809
3924,5950
3925,8841
3926,4213
3927,5779
3928,3557
3929,4026
3930,3665
3931,12599
3932,8295
3933,5292
3934,3987
3935,3868
3936,4789
3937,4004
3938,7994
3939,4111
3940,12525
3941,3827
3942,4493
3943,4830
3944,7492
3945,5156
3946,3769
3947,5672
3948,6336
3949,5392
3950,5464
3951,4895
3952,2961
3953,8590
3954,4474
3955,3594
3956,5070
3957,4755
3958,5143
3959,5590
3960,7487
3961,7371
3962,5721
3963,5768
3964,3674
3965,7174
3966,4989
3967,3650
3968,6323
3969,6023
3970,5780
3971,6834
3972,4797
3973,5053
3974,5065
3975,5478
3976,4933
3977,6035
3978,5605
3979,5316
3980,5089
3981,4355
3982,7440
3983,4981
3984,3807
3985,9215
3986,4432
3987,3019
3988,6151
3989,7266
3990,7868
3991,4644
3992,4526
3993,5038
3994,2987
3995,5318
3996,6573
3997,5219
3998,4887
3999,6022
4000,6488
4001,2879
4002,4339
4003,4820
4004,4648
4005,4175
4006,5723
4007,5951
4008,5240
4009,3922
4010,6830
4011,4551
4012,6636
4013,7214
4014,3896
4015,5786
4016,5933
4017,6540
4018,6185
4019,6797
4020,2994
4021,7928
4022,5264
4023,6188
4024,8353
4025,3974
4026,3398
4027,11130
4028,7114
4029,6285
4030,5073
4031,5500
4032,7658
4033,2958
4034,5408
4035,4862
4036,6224
4037,5560
4038,4337
4039,6528
4040,4668
4041,7166
4042,8834
4043,14583
4044,6262
4045,3919
4046,4338
4047,3287
4048,2814
4049,9863
4050,6867
4051,4348
4052,7819
4053,4567
4054,9738
4055,3447
4056,4664
4057,5112
4058,7272
4059,4155
4060,5146
4061,4533
4062,3998
4063,6533
4064,4043
4065,5433
4066,6356
4067,7476
4068,6109
4069,6471
4070,4748
4071,9222
4072,3930
4073,4155
4074,9291
4075,5748
4076,7603
4077,6144
4078,14264
4079,4780
4080,4003
4081,3839
4082,5204
4083,7507
4084,7891
4085,5249
4086,6371
4087,6103
4088,3175
4089,6181
4090,6203
4091,5153
4092,6304
4093,4369
4094,4030
4095,3910
4096,3597
4097,3949
4098,6751
4099,5679
4100,9315
4101,13849
4102,5689
4103,4151
4104,5719
4105,6951
4106,7618
4107,3249
4108,4870
4109,3550
4110,7657
4111,5311
4112,5209
4113,10029
4114,11214
4115,3982
4116,5838
4117,3190
4118,4674
4119,4990
4120,6922
4121,4016
4122,3467
4123,4761
4124,6506
4125,6127
4126,4107
4127,4603
4128,5849
4129,5596
4130,5215
4131,3155
4132,8455
4133,16270
4134,3799
4135,5658
4136,7294
4137,5413
4138,3560
4139,3210
4140,3367
4141,6725
4142,4184
4143,6438
4144,8050
4145,3385
4146,3944
4147,4913
4148,4555
4149,4005
4150,4277
4151,4945
4152,8185
4153,6616
4154,7654
4155,4506
4156,3639
4157,5633
4158,5291
4159,6799
4160,4998
4161,4177
4162,20342
4163,5222
4164,5126
4165,10101
4166,5861
4167,5156
4168,5325
4169,6398
4170,4141
4171,7951
4172,11892
4173,4341
4174,4344
4175,5600
4176,11210
4177,4717
4178,4193
4179,5156
4180,4404
4181,5539
4182,3550
4183,7118
4184,3209
4185,6258
4186,2115
4187,16491
4188,6836
4189,3412
4190,3991
4191,8098
4192,5079
4193,5376
4194,6295
4195,4840
4196,4150
4197,3847
4198,8038
4199,4661
4200,4966
4201,5920
4202,6060
4203,4847
4204,6498
4205,4833
4206,3331
4207,7235
4208,7659
4209,3996
4210,6003
4211,5133
4212,3961
4213,7773
4214,5062
4215,6629
4216,5210
4217,6605
4218,3626
4219,3847
4220,3708
4221,8690
4222,5490
4223,7025
4224,3095
4225,6966
4226,3194
4227,5237
4228,4546
4229,4947
4230,5696
4231,6338
4232,5289
4233,6957
4234,3204
4235,4774
4236,5813
4237,6205
4238,5747
4239,6301
4240,8286
4241,5884
4242,2389
4243,5904
4244,4601
4245,5615
4246,5810
4247,3645
4248,9250
4249,4154
4250,5873
4251,8420
4252,6059
4253,3170
4254,9586
4255,4665
4256,8196
4257,4683
4258,6397
4259,8145
4260,4710
4261,4938
4262,5865
4263,4473
4264,4692
4265,5247
4266,8851
4267,6101
4268,5009
4269,4199
4270,5844
4271,5830
4272,5398
4273,5402
4274,5196
4275,5454
4276,3656
4277,6562
4278,6641
4279,5797
4280,4648
4281,5784
4282,6113
4283,8022
4284,4411
4285,6444
4286,4535
4287,4706
4288,6002
4289,5693
4290,3888
4291,3639
4292,6234
4293,7216
4294,4070
4295,4856
4296,6501
4297,4912
4298,4868
4299,5121
4300,3906
4301,2843
4302,6648
4303,3643
4304,6269
4305,5149
4306,5374
4307,5490
4308,9834
4309,7198
4310,5904
4311,4525
4312,6712
4313,6661
4314,3436
4315,3059
4316,7001
4317,2785
4318,5963
4319,11217
4320,6498
4321,5813
4322,3509
4323,5916
4324,5029
4325,5552
4326,5810
4327,6613
4328,6635
4329,4767
4330,6326
4331,4075
4332,5611
4333,4463
4334,4810
4335,4485
4336,4568
4337,4713
4338,6366
4339,4030
4340,7921
4341,6070
4342,3278
4343,3890
4344,6751
4345,5873
4346,4819
4347,5213
4348,6018
4349,4000
4350,5626
4351,5142
4352,5051
4353,4273
4354,4476
4355,6372
4356,5391
4357,4607
4358,3251
4359,9224
4360,4945
4361,4160
4362,5961
4363,8844
4364,6241
4365,6746
4366,8042
4367,5658
4368,4340
4369,4521
4370,6419
4371,7721
4372,9656
4373,4006
4374,5651
4375,2945
4376,3884
4377,8150
4378,12172
4379,5869
4380,4263
4381,4197
4382,5303
4383,4416
4384,6471
4385,7252
4386,5090
4387,3522
4388,6010
4389,4818
4390,7546
4391,6907
4392,4090
4393,5766
4394,3379
4395,5106
4396,6724
4397,6240
4398,6983
4399,5300
4400,6035
4401,3613
4402,5057
4403,6554
4404,6986
4405,5976
4406,6275
4407,4554
4408,3858
4409,8297
4410,3850
4411,10289
4412,5043
4413,3482
4414,5387
4415,5162
4416,5576
4417,6551
4418,8351
4419,3799
4420,10691
4421,3433
4422,4073
4423,5486
4424,6460
4425,8940
4426,6884
4427,5435
4428,4560
4429,5274
4430,5717
4431,4222
4432,5269
4433,4709
4434,8684
4435,5846
4436,6754
4437,10737
4438,6832
4439,4050
4440,4386
4441,4868
4442,9511
4443,4764
4444,7034
4445,4036
4446,7982
4447,5617
4448,4400
4449,3896
4450,3887
4451,4610
4452,4599
4453,4858
4454,4179
4455,3806
4456,4187
4457,6862
4458,5464
4459,18728
4460,4936
4461,3513
4462,4869
4463,5911
4464,7738
4465,4196
4466,4084
4467,7311
4468,5271
4469,6195
4470,4902
4471,6656
4472,6210
4473,3470
4474,4920
4475,5499
4476,6970
4477,5175
4478,6126
4479,5820
4480,7994
4481,3840
4482,3861
4483,4129
4484,8182
4485,9104
4486,4962
4487,7715
4488,3717
4489,6603
4490,3131
4491,4575
4492,3494
4493,6793
4494,6688
4495,8907
4496,8009
4497,4810
4498,4425
4499,4010
4500,3701
4501,4928
4502,9031
4503,5510
4504,4289
4505,4012
4506,3854
4507,6426
4508,2958
4509,6130
4510,3242
4511,5738
4512,4916
4513,4343
4514,5977
4515,4380
4516,6421
4517,7119
4518,5631
4519,4647
4520,7624
4521,4347
4522,5800
4523,5317
4524,8564
4525,4205
4526,5088
4527,6552
4528,6110
4529,7311
4530,5101
4531,7286
4532,3433
4533,3982
4534,5026
4535,5005
4536,7230
4537,5670
4538,3040
4539,4429
4540,5733
4541,6055
4542,7883
4543,3526
4544,11922
4545,5598
4546,3778
4547,5510
4548,5183
4549,5487
4550,6999
4551,3506
4552,4864
4553,5179
4554,6042
4555,5721
4556,4475
4557,5613
4558,4461
4559,4439
4560,6750
4561,6185
4562,5036
4563,3952
4564,8856
4565,4386
4566,7881
4567,6150
4568,10255
4569,5304
4570,3838
4571,5056
4572,5543
4573,4612
4574,4278
4575,6523
4576,5970
4577,3318
4578,6200
4579,5214
4580,5540
4581,3780
4582,6451
4583,7061
4584,4310
4585,9625
4586,4236
4587,3888
4588,6369
4589,7243
4590,4590
4591,4148
4592,5959
4593,4795
4594,4267
4595,4945
4596,4195
4597,7313
4598,6344
4599,5490
4600,6298
4601,4229
4602,4035
4603,4750
4604,6278
4605,6032
4606,6599
4607,6767
4608,7493
4609,4728
4610,6699
4611,5706
4612,4741
4613,5365
4614,7031
4615,5375
4616,5303
4617,8473
4618,6552
4619,5593
4620,4294
4621,6255
4622,5638
4623,5957
4624,5569
4625,3453
4626,4498
4627,7740
4628,6442
4629,4856
4630,3320
4631,6892
4632,5958
4633,6272
4634,5366
4635,4892
4636,4349
4637,3233
4638,7899
4639,5744
4640,5781
4641,5064
4642,4150
4643,0
4644,5415
4645,5151
4646,3197
4647,4778
4648,3697
4649,6749
4650,6782
4651,5668
4652,9857
4653,4212
4654,4016
4655,8698
4656,4326
4657,5188
4658,1969
4659,6331
4660,6699
4661,4073
4662,5350
4663,6345
4664,5029
4665,4898
4666,6776
4667,8981
4668,2186
4669,5108
4670,2415
4671,11337
4672,4108
4673,7069
4674,7697
4675,4566
4676,5392
4677,4091
4678,4428
4679,2940
4680,3854
4681,4840
4682,4130
4683,6027
4684,5983
4685,4169
4686,5577
4687,5473
4688,7294
4689,7067
4690,6415
4691,3853
4692,2846
4693,7961
4694,8096
4695,4090
4696,6375
4697,4427
4698,6050
4699,4079
4700,4412
4701,5726
4702,2758
4703,5228
4704,4015
4705,7936
4706,5787
4707,6225
4708,6258
4709,4281
4710,6643
4711,16614
4712,8035
4713,4161
4714,2394
4715,5129
4716,6423
4717,4247
4718,5000
4719,11645
4720,5594
4721,8766
4722,16459
4723,3471
4724,5175
4725,4185
4726,3681
4727,6548
4728,4268
4729,6978
4730,8300
4731,6568
4732,4802
4733,6195
4734,3761
4735,5124
4736,3220
4737,4832
4738,5887
4739,7420
4740,4889
4741,4699
4742,3871
4743,6312
4744,4024
4745,4212
4746,3044
4747,6856
4748,4266
4749,4871
4750,6110
4751,6306
4752,5178
4753,4803
4754,4880
4755,4870
4756,5655
4757,5660
4758,6676
4759,6186
4760,5978
4761,4720
4762,2830
4763,5059
4764,5254
4765,4642
4766,4047
4767,1956
4768,7177
4769,5370
4770,7654
4771,5541
4772,4161
4773,4981
4774,4176
4775,3724
4776,7675
4777,4405
4778,5893
4779,6393
4780,12065
4781,4540
4782,4097
4783,5971
4784,4413
4785,4965
4786,4128
4787,6319
4788,4026
4789,5975
4790,3159
4791,4747
4792,3296
4793,8055
4794,4338
4795,12941
4796,10789
4797,4064
4798,5389
4799,4308
4800,5448
4801,4570
4802,9501
4803,6393
4804,6993
4805,3575
4806,6779
4807,4179
4808,7346
4809,7506
4810,5291
4811,4882
4812,5303
4813,5986
4814,6809
4815,7520
4816,5174
4817,6200
4818,8415
4819,5164
4820,5463
4821,4498
4822,7239
4823,6088
4824,4290
4825,4123
4826,5036
4827,3991
4828,7121
4829,4929
4830,6125
4831,5020
4832,7510
4833,3807
4834,6288
4835,7178
4836,6165
4837,6256
4838,5636
4839,3337
4840,12146
4841,8239
4842,6038
4843,13578
4844,7475
4845,5362
4846,5397
4847,7245
4848,8488
4849,9531
4850,9085
4851,4485
4852,6424
4853,4604
4854,6522
4855,3541
4856,8331
4857,4884
4858,4137
4859,5047
4860,7190
4861,6582
4862,4467
4863,6743
4864,4633
4865,3411
4866,5424
4867,3343
4868,4021
4869,4573
4870,5605
4871,7487
4872,7010
4873,5929
4874,5228
4875,5018
4876,9377
4877,6007
4878,4294
4879,4477
4880,4156
4881,7021
4882,3829
4883,9569
4884,6373
4885,2915
4886,4331
4887,5552
4888,5286
4889,4141
4890,7109
4891,7886
4892,10616
4893,4859
4894,8593
4895,2876
4896,4382
4897,5341
4898,4406
4899,5582
4900,4559
4901,5471
4902,3054
4903,4221
4904,9251
4905,7024
4906,3803
4907,4658
4908,7563
4909,8791
4910,6268
4911,4623
4912,3481
4913,8133
4914,5310
4915,6527
4916,4968
4917,4243
4918,5587
4919,7012
4920,2856
4921,3734
4922,3950
4923,5574
4924,8183
4925,5912
4926,6670
4927,11026
4928,3875
4929,8145
4930,9650
4931,5310
4932,4151
4933,2781
4934,6801
4935,5112
4936,5061
4937,4723
4938,5286
4939,8992
4940,4187
4941,4257
4942,5525
4943,4061
4944,5811
4945,4244
4946,3568
4947,5417
4948,2929
4949,5801
4950,7075
4951,5373
4952,6144
4953,7095
4954,6774
4955,4220
4956,6071
4957,7322
4958,6119
4959,4784
4960,5303
4961,4480
4962,8366
4963,5119
4964,5151
4965,4371
4966,6145
4967,7001
4968,5654
4969,5056
4970,7450
4971,4784
4972,5434
4973,14376
4974,4924
4975,7458
4976,4748
4977,4969
4978,4576
4979,3985
4980,3409
4981,3805
4982,7082
4983,11519
4984,7096
4985,7966
4986,8415
4987,9374
4988,8653
4989,6228
4990,4430
4991,4462
4992,10054
4993,8814
4994,5782
4995,7273
4996,6570
4997,5087
4998,3495
4999,9286
5000,5733
5001,5399
5002,5200
5003,2033
5004,10930
5005,9153
5006,12288
5007,4982
5008,3951
5009,4104
5010,5088
5011,5233
5012,5812
5013,5459
5014,4811
5015,3703
5016,5660
5017,3476
5018,2480
5019,4901
5020,11176
5021,5795
5022,15796
5023,3941
5024,5047
5025,5879
5026,4326
5027,4058
5028,4051
5029,4195
5030,3369
5031,6280
5032,5636
5033,3136
5034,7210
5035,4116
5036,4909
5037,3693
5038,7759
5039,5941
5040,8554
5041,4062
5042,5560
5043,3602
5044,3918
5045,3658
5046,13293
5047,8741
5048,5155
5049,3901
5050,3962
5051,4789
5052,3918
5053,7714
5054,3719
5055,12436
5056,3724
5057,4195
5058,4697
5059,7566
5060,5485
5061,3826
5062,5373
5063,6076
5064,5507
5065,5477
5066,4776
5067,2880
5068,8165
5069,4246
5070,3487
5071,5028
5072,4894
5073,5183
5074,5319
5075,7284
5076,7149
5077,5617
5078,5655
5079,3631
5080,7298
5081,4868
5082,3632
5083,5944
5084,6085
5085,5500
5086,7243
5087,4974
5088,4949
5089,5102
5090,5116
5091,4852
5092,6070
5093,5856
5094,5472
5095,4480
5096,4539
5097,7298
5098,5250
5099,3818
5100,9393
5101,4409
5102,3108
5103,5904
5104,7425
5105,7676
5106,4311
5107,4491
5108,4993
5109,3064
5110,5263
5111,6512
5112,5092
5113,4658
5114,5737
5115,6520
5116,2812
5117,4322
5118,4920
5119,4518
5120,4032
5121,5721
5122,6137
5123,5172
5124,4085
5125,6656
5126,4687
5127,6562
5128,7282
5129,4067
5130,5551
5131,5736
5132,6568
5133,6225
5134,7221
5135,2927
5136,7770
5137,5230
5138,6091
5139,8602
5140,3899
5141,3251
5142,11118
5143,6679
5144,6363
5145,4917
5146,5038
5147,7666
5148,2859
5149,5316
5150,4646
5151,6410
5152,5240
5153,4288
5154,6547
5155,4627
5156,7289
5157,9120
5158,14568
5159,5892
5160,3804
5161,4269
5162,3253
5163,2795
5164,9319
5165,6641
5166,4309
5167,7260
5168,4595
5169,9372
5170,3616
5171,4768
5172,4885
5173,7961
5174,4356
5175,5414
5176,4512
5177,3981
5178,6246
5179,3910
5180,5760
5181,6394
5182,7611
5183,6072
5184,6379
5185,4654
5186,8918
5187,3805
5188,4157
5189,8753
5190,5751
5191,7670
5192,6100
5193,13908
5194,4531
5195,4146
5196,3881
5197,4929
5198,7473
5199,8212
5200,5500
5201,6225
5202,6252
5203,3226
5204,6193
5205,6378
5206,5175
5207,6235
5208,4468
5209,3773
5210,3891
5211,3503
5212,4025
5213,6696
5214,5514
5215,8967
5216,13618
5217,5826
5218,4142
5219,6021
5220,6866
5221,7527
5222,3261
5223,4955
5224,3419
5225,7218
5226,5364
5227,4818
5228,10240
5229,11327
5230,4095
5231,5631
5232,3252
5233,4814
5234,4866
5235,7144
5236,4001
5237,3550
5238,4496
5239,5868
5240,5304
5241,3925
5242,4528
5243,5715
5244,5324
5245,5391
5246,2993
5247,8725
5248,15964
5249,3483
5250,5697
5251,7102
5252,5624
5253,3550
5254,3118
5255,3440
5256,6500
5257,4181
5258,6168
5259,8034
5260,3481
5261,3960
5262,5028
5263,4440
5264,4038
5265,4436
5266,5109
5267,8192
5268,6375
5269,7805
5270,4593
5271,3452
5272,5451
5273,5147
5274,6471
5275,4991
5276,3997
5277,19404
5278,4973
5279,5011
5280,10025
5281,5635
5282,5140
5283,5066
5284,6307
5285,4076
5286,7893
5287,11656
5288,4156
5289,4168
5290,5671
5291,10724
5292,4741
5293,4145
5294,4897
5295,4358
5296,5453
5297,3375
5298,7075
5299,3183
5300,6134
5301,2287
5302,16364
5303,6947
5304,3646
5305,4225
5306,7364
5307,5139
5308,5518
5309,6481
5310,4887
5311,4276
5312,3741
5313,7801
5314,4879
5315,4896
5316,5741
5317,6128
5318,4509
5319,6407
5320,4625
5321,3269
5322,6914
5323,7136
5324,3907
5325,6147
5326,5160
5327,4055
5328,7836
5329,4726
5330,6326
5331,5244
5332,6696
5333,3491
5334,3812
5335,3718
5336,7543
5337,5849
5338,6932
5339,3125
5340,6778
5341,3347
5342,5166
5343,4312
5344,4877
5345,5623
5346,6114
5347,5266
5348,7029
5349,3209
5350,4940
5351,5861
5352,5942
5353,5737
5354,6743
5355,8112
5356,5707
5357,2450
5358,5450
5359,4308
5360,5332
5361,5748
5362,3651
5363,9330
5364,4237
5365,5715
5366,8294
5367,5475
5368,3197
5369,9299
5370,4675
5371,8232
5372,4768
5373,6111
5374,7303
5375,4932
5376,4472
5377,5639
5378,4348
5379,4473
5380,5156
5381,8380
5382,6224
5383,4789
5384,4068
5385,5281
5386,5974
5387,5293
5388,5862
5389,5014
5390,5326
5391,3557
5392,6412
5393,6795
5394,5812
5395,4613
5396,5738
5397,5968
5398,7768
5399,4541
5400,6307
5401,4336
5402,4879
5403,6396
5404,5411
5405,3890
5406,3535
5407,7052
5408,7146
5409,4036
5410,4587
5411,6440
5412,4955
5413,4508
5414,5527
5415,4035
5416,2756
5417,6435
5418,3542
5419,6074
5420,5199
5421,5213
5422,4854
5423,8729
5424,7237
5425,6263
5426,4324
5427,6795
5428,6338
5429,3421
5430,2795
5431,6559
5432,2745
5433,5942
5434,10998
5435,6454
5436,5723
5437,3388
5438,5987
5439,5227
5440,5445
5441,5726
5442,6574
5443,6772
5444,4764
5445,6464
5446,4019
5447,5534
5448,4450
5449,4557
5450,4661
5451,4474
5452,4813
5453,6251
5454,3958
5455,7955
5456,5863
5457,3401
5458,3777
5459,7009
5460,5992
5461,4805
5462,5257
5463,5409
5464,4131
5465,5362
5466,5084
5467,5328
5468,4242
5469,4343
5470,6935
5471,5640
5472,4653
5473,3166
5474,8371
5475,4982
5476,4044
5477,5848
5478,9009
5479,6311
5480,6849
5481,7813
5482,5535
5483,4539
5484,4578
5485,6282
5486,7237
5487,10046
5488,3814
5489,5148
5490,2771
5491,3796
5492,7659
5493,11432
5494,5273
5495,3827
5496,4235
5497,5155
5498,4514
5499,7188
5500,7020
5501,5078
5502,3366
5503,5988
5504,4654
5505,7162
5506,7362
5507,3984
5508,5801
5509,3246
5510,5440
5511,6721
5512,5974
5513,6951
5514,5064
5515,5972
5516,3669
5517,5100
5518,6127
5519,6916
5520,6090
5521,6435
5522,4558
5523,3668
5524,8061
5525,3732
5526,9645
5527,5105
5528,3599
5529,6583
5530,5185
5531,5139
5532,6670
5533,8260
5534,3922
5535,10099
5536,3302
5537,3866
5538,5495
5539,6280
5540,8835
5541,6776
5542,5119
5543,4612
5544,5119
5545,5819
5546,4209
5547,5117
5548,4407
5549,8545
5550,5863
5551,6618
5552,10519
5553,7145
5554,3955
5555,4179
5556,4741
5557,9483
5558,4598
5559,6737
5560,3827
5561,8043
5562,5511
5563,4309
5564,3960
5565,3744
5566,4279
5567,4498
5568,4672
5569,3976
5570,3712
5571,3867
5572,6954
5573,5574
5574,18342
5575,5195
5576,3334
5577,4042
5578,5900
5579,7446
5580,3805
5581,3814
5582,7321
5583,5773
5584,6139
5585,4877
5586,6155
5587,5954
5588,3570
5589,4935
5590,5707
5591,6646
5592,5038
5593,5846
5594,5779
5595,8467
5596,3832
5597,3668
5598,4083
5599,7843
5600,8979
5601,5124
5602,7507
5603,3976
5604,6349
5605,3484
5606,4553
5607,3175
5608,6412
5609,6647
5610,8663
5611,7795
5612,4983
5613,4182
5614,3680
5615,3803
5616,4749
5617,8370
5618,5350
5619,4086
5620,4126
5621,3911
5622,6132
5623,2934
5624,5722
5625,3259
5626,5865
5627,5032
5628,4330
5629,5798
5630,4158
5631,6556
5632,7145
5633,5604
5634,4566
5635,7141
5636,3956
5637,5539
5638,5430
5639,8780
5640,4442
5641,5214
5642,6356
5643,5699
5644,7229
5645,5019
5646,7203
5647,3641
5648,3982
5649,4920
5650,5084
5651,7200
5652,5859
5653,2934
5654,4182
5655,6105
5656,5712
5657,7990
5658,3377
5659,10980
5660,5897
5661,3689
5662,5274
5663,5247
5664,5267
5665,6699
5666,3545
5667,4862
5668,5174
5669,5912
5670,5574
5671,4395
5672,5664
5673,4602
5674,4250
5675,6727
5676,6133
5677,4965
5678,3848
5679,8472
5680,4139
5681,7228
5682,6012
5683,9848
5684,5195
5685,3756
5686,5149
5687,5269
5688,4481
5689,4042
5690,6352
5691,5866
5692,3246
5693,6023
5694,4822
5695,5368
5696,3648
5697,5801
5698,6793
5699,3961
5700,9481
5701,4268
5702,3705
5703,6186
5704,7463
5705,4540
5706,4081
5707,5898
5708,4775
5709,4110
5710,5023
5711,4108
5712,7276
5713,6722
5714,5441
5715,6061
5716,4192
5717,3831
5718,4511
5719,6540
5720,5799
5721,6790
5722,6183
5723,7409
5724,4461
5725,6880
5726,5569
5727,4319
5728,5379
5729,7155
5730,5190
5731,5966
5732,8053
5733,6370
5734,5625
5735,4432
5736,6010
5737,5538
5738,5994
5739,5284
5740,3264
5741,4534
5742,7619
5743,6058
5744,4887
5745,3249
5746,6844
5747,5717
5748,6243
5749,5220
5750,4622
5751,4378
5752,3161
5753,8067
5754,5716
5755,5579
5756,5055
5757,4214
5758,0
5759,5232
5760,5242
5761,3132
5762,5023
5763,3623
5764,6628
5765,6517
5766,5407
5767,9668
5768,3673
5769,4045
5770,8079
5771,4149
5772,4770
5773,2076
5774,6245
5775,6545
5776,4537
5777,5221
5778,5272
5779,5027
5780,4602
5781,7274
5782,8563
5783,2134
5784,5158
5785,2429
5786,11262
5787,3607
5788,6790
5789,7204
5790,4580
5791,5074
5792,3915
5793,4459
5794,2749
5795,3876
5796,4963
5797,3969
5798,5634
5799,5809
5800,4441
5801,5254
5802,5102
5803,7134
5804,7087
5805,6348
5806,3735
5807,3029
5808,7785
5809,7696
5810,4204
5811,5971
5812,4146
5813,6048
5814,4223
5815,4022
5816,5383
5817,2958
5818,5049
5819,3773
5820,7594
5821,5822
5822,6238
5823,6394
5824,4493
5825,6368
5826,16185
5827,8008
5828,4044
5829,2186
5830,5085
5831,6804
5832,4226
5833,5203
5834,12180
5835,5287
5836,9087
5837,18007
5838,3370
5839,5046
5840,4128
5841,3767
5842,7838
5843,3645
5844,6761
5845,8122
5846,6555
5847,4864
5848,6006
5849,4237
5850,4896
5851,3188
5852,4691
5853,5843
5854,7066
5855,5112
5856,4757
5857,3819
5858,6160
5859,3938
5860,4034
5861,3185
5862,6528
5863,4482
5864,4810
5865,5619
5866,6285
5867,5169
5868,4780
5869,4933
5870,4508
5871,5634
5872,5388
5873,6858
5874,5958
5875,6206
5876,4637
5877,2766
5878,4851
5879,5385
5880,4719
5881,3991
5882,2248
5883,7067
5884,5540
5885,6635
5886,5371
5887,4368
5888,5312
5889,4338
5890,3774
5891,7848
5892,4154
5893,5965
5894,6345
5895,12015
5896,4590
5897,4659
5898,5960
5899,4725
5900,6368
5901,4383
5902,6124
5903,3848
5904,5932
5905,3250
5906,4656
5907,3240
5908,7988
5909,4467
5910,12123
5911,10332
5912,4232
5913,5291
5914,4208
5915,5335
5916,4340
5917,9225
5918,6470
5919,7254
5920,3588
5921,6649
5922,4216
5923,7194
5924,7223
5925,5364
5926,4919
5927,5427
5928,6309
5929,6338
5930,7942
5931,4771
5932,6252
5933,7899
5934,5130
5935,5218
5936,4698
5937,7147
5938,5978
5939,4473
5940,3942
5941,5118
5942,3944
5943,6771
5944,4922
5945,6591
5946,4886
5947,7370
5948,3726
5949,6168
5950,7281
5951,6117
5952,6594
5953,5833
5954,3382
5955,11113
5956,8062
5957,6276
5958,14177
5959,8159
5960,5008
5961,5227
5962,7218
5963,8400
5964,9090
5965,8487
5966,4596
5967,6331
5968,4576
5969,6569
5970,3511
5971,9319
5972,4861
5973,3942
5974,5040
5975,7044
5976,6524
5977,4322
5978,6496
5979,4310
5980,3412
5981,5484
5982,3403
5983,3640
5984,4896
5985,5091
5986,7277
5987,6929
5988,5924
5989,5444
5990,5065
5991,9496
5992,5814
5993,4357
5994,4280
5995,4006
5996,6893
5997,3742
5998,9975
5999,5981
6000,3044
6001,3981
6002,5675
6003,5143
6004,4093
6005,6943
6006,8476
6007,10210
6008,4208
6009,8639
6010,2646
6011,4326
6012,5212
6013,4380
6014,5373
6015,4307
6016,5303
6017,3077
6018,4274
6019,8318
6020,6609
6021,3730
6022,4378
6023,7260
6024,8574
6025,7161
6026,4553
6027,3591
6028,7157
6029,4849
6030,6062
6031,4801
6032,4321
6033,5343
6034,7510
6035,3109
6036,3422
6037,4142
6038,5287
6039,7356
6040,5724
6041,6492
6042,11053
6043,3953
6044,7836
6045,9210
6046,5465
6047,4178
6048,2914
6049,6226
6050,4860
6051,4838
6052,4961
6053,5415
6054,9295
6055,4041
6056,4399
6057,5381
6058,4690
6059,5793
6060,4115
6061,3679
6062,5793
6063,2774
6064,6299
6065,6844
6066,5125
6067,6102
6068,7139
6069,6667
6070,4307
6071,5958
6072,6903
6073,5809
6074,4397
6075,4925
6076,3762
6077,8019
6078,5730
6079,5160
6080,4155
6081,5588
6082,7004
6083,5762
6084,4853
6085,7015
6086,4587
6087,5690
6088,14039
6089,4916
6090,7346
6091,5102
6092,4931
6093,4421
6094,4011
6095,3333
6096,3967
6097,7169
6098,10741
6099,6403
6100,7724
6101,8611
6102,9090
6103,8377
6104,6495
6105,4819
6106,4471
6107,9369
6108,8613
6109,5629
6110,7142
6111,6689
6112,4888
6113,3360
6114,8928
6115,5419
6116,5259
6117,5198
6118,2049
6119,10557
6120,9063
6121,12536
6122,5012
6123,3874
6124,3894
6125,4886
6126,5157
6127,5693
6128,5541
6129,4487
6130,3665
6131,5966
6132,3005
6133,2570
6134,5124
6135,10623
6136,5614
6137,15781
6138,3973
6139,5184
6140,5415
6141,4475
6142,4023
6143,4048
6144,4092
6145,3348
6146,6358
6147,5722
6148,2890
6149,6978
6150,3982
6151,4768
6152,3710
6153,7431
6154,5918
6155,8798
6156,3936
6157,5495
6158,3473
6159,3922
6160,3691
6161,11852
6162,8530
6163,5365
6164,3857
6165,3967
6166,4633
6167,4396
6168,9194
6169,3661
6170,11870
6171,3617
6172,4076
6173,4660
6174,7074
6175,5529
6176,3742
6177,5286
6178,6025
6179,5571
6180,5601
6181,4570
6182,2887
6183,8281
6184,4048
6185,3434
6186,4762
6187,5099
6188,4984
6189,5182
6190,7128
6191,7106
6192,5491
6193,5808
6194,3352
6195,7121
6196,4654
6197,3605
6198,6082
6199,6170
6200,5599
6201,7364
6202,4757
6203,4683
6204,5279
6205,5309
6206,4764
6207,5746
6208,5880
6209,5435
6210,4828
6211,4328
6212,7458
6213,5068
6214,3684
6215,9203
6216,4549
6217,2922
6218,5956
6219,7238
6220,7423
6221,4293
6222,4562
6223,4872
6224,3039
6225,4963
6226,6032
6227,5451
6228,4812
6229,5602
6230,6602
6231,2778
6232,4249
6233,4935
6234,4401
6235,4067
6236,5477
6237,5666
6238,4810
6239,3932
6240,6551
6241,4657
6242,6701
6243,6906
6244,4126
6245,5344
6246,5571
6247,6285
6248,6289
6249,6586
6250,4298
6251,8329
6252,5327
6253,6142
6254,7848
6255,3901
6256,3151
6257,10492
6258,6708
6259,6364
6260,4780
6261,5268
6262,7332
6263,3089
6264,5453
6265,4496
6266,6649
6267,5281
6268,4505
6269,6389
6270,4907
6271,7022
6272,8815
6273,13666
6274,5907
6275,3903
6276,4220
6277,3207
6278,2748
6279,9233
6280,6576
6281,4309
6282,7004
6283,4650
6284,8955
6285,3669
6286,4927
6287,4987
6288,7188
6289,4188
6290,5012
6291,4473
6292,3907
6293,5945
6294,4171
6295,5556
6296,6178
6297,7374
6298,6123
6299,6412
6300,4884
6301,8676
6302,3701
6303,4250
6304,8655
6305,5489
6306,7484
6307,5718
6308,14207
6309,4464
6310,4062
6311,4029
6312,4893
6313,7281
6314,7966
6315,5310
6316,6501
6317,6146
6318,3198
6319,5971
6320,6148
6321,5205
6322,6568
6323,4678
6324,3826
6325,3885
6326,3262
6327,3834
6328,6578
6329,5941
6330,8991
6331,13110
6332,5410
6333,4028
6334,5497
6335,6828
6336,7203
6337,3318
6338,4988
6339,3556
6340,7300
6341,5271
6342,4821
6343,9941
6344,11358
6345,4133
6346,5751
6347,3102
6348,4580
6349,4754
6350,7105
6351,4015
6352,3490
6353,4466
6354,5912
6355,5870
6356,3805
6357,4697
6358,6120
6359,5208
6360,5363
6361,3018
6362,8122
6363,14968
6364,3492
6365,5625
6366,6914
6367,5609
6368,3450
6369,3147
6370,3164
6371,6547
6372,4020
6373,6227
6374,7698
6375,3504
6376,4100
6377,5017
6378,4481
6379,3900
6380,4461
6381,4995
6382,7635
6383,6392
6384,7356
6385,4713
6386,3448
6387,5200
6388,4951
6389,6988
6390,4998
6391,3973
6392,18762
6393,4947
6394,4945
6395,9350
6396,5566
6397,5073
6398,5048
6399,6126
6400,3912
6401,7780
6402,11131
6403,4239
6404,4045
6405,5218
6406,10228
6407,4705
6408,4066
6409,4940
6410,4181
6411,5057
6412,3400
6413,6845
6414,3252
6415,5820
6416,2128
6417,16184
6418,6461
6419,3359
6420,4244
6421,7670
6422,5037
6423,5249
6424,6287
6425,4821
6426,4217
6427,3835
6428,7404
6429,4603
6430,4657
6431,5468
6432,5843
6433,4360
6434,6371
6435,4584
6436,3094
6437,7085
6438,6606
6439,3713
6440,6227
6441,5493
6442,3873
6443,7671
6444,4799
6445,6180
6446,5199
6447,6819
6448,3349
6449,3692
6450,3726
6451,8525
6452,4988
6453,6711
6454,3145
6455,6628
6456,3115
6457,5002
6458,4085
6459,4727
6460,5420
6461,6096
6462,5322
6463,7001
6464,3518
6465,4730
6466,5592
6467,6117
6468,5424
6469,6169
6470,7766
6471,5630
6472,2461
6473,5626
6474,4246
6475,5212
6476,5653
6477,3482
6478,9086
6479,4239
6480,5676
6481,7820
6482,5897
6483,3087
6484,8821
6485,4782
6486,8118
6487,4540
6488,6009
6489,7856
6490,5004
6491,4284
6492,5546
6493,4353
6494,4352
6495,5040
6496,8119
6497,5991
6498,4613
6499,4062
6500,5072
6501,6019
6502,5326
6503,5533
6504,4879
6505,5245
6506,3902
6507,6474
6508,6310
6509,5525
6510,4795
6511,5269
6512,5832
6513,7652
6514,4391
6515,6142
6516,4247
6517,4955
6518,6293
6519,5350
6520,3837
6521,3459
6522,5936
6523,7483
6524,3857
6525,4443
6526,6562
6527,4750
6528,4598
6529,4856
6530,4072
6531,2917
6532,6039
6533,3420
6534,5946
6535,5123
6536,5157
6537,4994
6538,9061
6539,6943
6540,5800
6541,4141
6542,7293
6543,6137
6544,3274
6545,2840
6546,6541
6547,2766
6548,5745
6549,10297
6550,6982
6551,5393
6552,3502
6553,5638
6554,5442
6555,5191
6556,5817
6557,6452
6558,6709
6559,4636
6560,6591
6561,3922
6562,5398
6563,4293
6564,4500
6565,4958
6566,4524
6567,4561
6568,6282
6569,3914
6570,7753
6571,5983
6572,3447
6573,3583
6574,7242
6575,5739
6576,4962
6577,4983
6578,5427
6579,4091
6580,5318
6581,4947
6582,5045
6583,4078
6584,4233
6585,6783
6586,5566
6587,4875
6588,3103
6589,8561
6590,5018
6591,4076
6592,5705
6593,8511
6594,6603
6595,6105
6596,7277
6597,5460
6598,4426
6599,4583
6600,5981
6601,7128
6602,9000
6603,3813
6604,5240
6605,2965
6606,3692
6607,7780
6608,11372
6609,5368
6610,3943
6611,4459
6612,5314
6613,4473
6614,6418
6615,7258
6616,4981
6617,3458
6618,5744
6619,4658
6620,7523
6621,7273
6622,3968
6623,5979
6624,3291
6625,5373
6626,6691
6627,5954
6628,6643
6629,5039
6630,5724
6631,3487
6632,5260
6633,5761
6634,6848
6635,6066
6636,6560
6637,4715
6638,3564
6639,7819
6640,3584
6641,9322
6642,5107
6643,3326
6644,5173
6645,5152
6646,5194
6647,6300
6648,8021
6649,3956
6650,9617
6651,3312
6652,3932
6653,5130
6654,6424
6655,8568
6656,6188
6657,5309
6658,4303
6659,5193
6660,5507
6661,4228
6662,5104
6663,4546
6664,8442
6665,5576
6666,6555
6667,9782
6668,7004
6669,3702
6670,3998
6671,4583
6672,9665
6673,4309
6674,6817
6675,3757
6676,8208
6677,5411
6678,4239
6679,4150
6680,3774
6681,4416
6682,4315
6683,4653
6684,3865
6685,3819
6686,3806
6687,6987
6688,5762
6689,17918
6690,5144
6691,3568
6692,4071
6693,6038
6694,7979
6695,4195
6696,4023
6697,8263
6698,5221
6699,6509
6700,5295
6701,6348
6702,6249
6703,4046
6704,5214
6705,6488
6706,7127
6707,5194
6708,6719
6709,6276
6710,7235
6711,4855
6712,4320
6713,4753
6714,8653
6715,9086
6716,5714
6717,8036
6718,4024
6719,6952
6720,3153
6721,5273
6722,3514
6723,7162
6724,7027
6725,9500
6726,8731
6727,5908
6728,5030
6729,3903
6730,3733
6731,5411
6732,8835
6733,5823
6734,4575
6735,4492
6736,4456
6737,6479
6738,3150
6739,6912
6740,3566
6741,6797
6742,5395
6743,4794
6744,7112
6745,4341
6746,7475
6747,7569
6748,5951
6749,4932
6750,7227
6751,4349
6752,5987
6753,6276
6754,9947
6755,4827
6756,5775
6757,6549
6758,6568
6759,8282
6760,5576
6761,8031
6762,3675
6763,3987
6764,5031
6765,5964
6766,8177
6767,6853
6768,3412
6769,4609
6770,7208
6771,6960
6772,8409
6773,3876
6774,11432
6775,6085
6776,3922
6777,5076
6778,5551
6779,5677
6780,7304
6781,3664
6782,5407
6783,6066
6784,6490
6785,5840
6786,4183
6787,5906
6788,5126
6789,4788
6790,7456
6791,6737
6792,5195
6793,4464
6794,9107
6795,4522
6796,7964
6797,6766
6798,11369
6799,5828
6800,3856
6801,5967
6802,5751
6803,5169
6804,4601
6805,7719
6806,6258
6807,3494
6808,6962
6809,5283
6810,6079
6811,3997
6812,6708
6813,6991
6814,5074
6815,10436
6816,4796
6817,4181
6818,6896
6819,7843
6820,4543
6821,4439
6822,6322
6823,5176
6824,4396
6825,5566
6826,4347
6827,8425
6828,6581
6829,6027
6830,6309
6831,4268
6832,4305
6833,5072
6834,6735
6835,5934
6836,7625
6837,7332
6838,7916
6839,4948
6840,7810
6841,6370
6842,4676
6843,5510
6844,7680
6845,5980
6846,5505
6847,8691
6848,7433
6849,6369
6850,4825
6851,6888
6852,6338
6853,6073
6854,5814
6855,3517
6856,4732
6857,8030
6858,6388
6859,5359
6860,3597
6861,7136
6862,5971
6863,6569
6864,5814
6865,5207
6866,4632
6867,3292
6868,8711
6869,5717
6870,5939
6871,5202
6872,4832
6873,8264
6874,5718
6875,6151
6876,3283
6877,5759
6878,4121
6879,7634
6880,7191
6881,5989
6882,11599
6883,3736
6884,4579
6885,8943
6886,4498
6887,5751
6888,2294
6889,6986
6890,7356
6891,5166
6892,5764
6893,5607
6894,5554
6895,5030
6896,6837
6897,8874
6898,2722
6899,5705
6900,2679
6901,11446
6902,3914
6903,7449
6904,9150
6905,5176
6906,5675
6907,4384
6908,4206
6909,2991
6910,3903
6911,5706
6912,4315
6913,6460
6914,6562
6915,4790
6916,5723
6917,5867
6918,8010
6919,8050
6920,7100
6921,4391
6922,3747
6923,8389
6924,8867
6925,4551
6926,6729
6927,4552
6928,6296
6929,4887
6930,4396
6931,6192
6932,3515
6933,5185
6934,4470
6935,7904
6936,6249
6937,6956
6938,6747
6939,5119
6940,7226
6941,16660
6942,8701
6943,4177
6944,2739
6945,5836
6946,7065
6947,4393
6948,5850
6949,12363
6950,5535
6951,9427
6952,18887
6953,3914
6954,5538
6955,4372
6956,3424
6957,7643
6958,4099
6959,7128
6960,8533
6961,6557
6962,5176
6963,6352
6964,4650
6965,5604
6966,3360
6967,5659
6968,6352
6969,8475
6970,5615
6971,5759
6972,3811
6973,6644
6974,4408
6975,4815
6976,3340
6977,7446
6978,5059
6979,5277
6980,6377
6981,6650
6982,5289
6983,4910
6984,4969
6985,4484
6986,5754
6987,5860
6988,8031
6989,7099
6990,6641
6991,5166
6992,3264
6993,5237
6994,5719
6995,5224
6996,4248
6997,2369
6998,7370
6999,5737
7000,8585
7001,5562
7002,4924
7003,6193
7004,4494
7005,4131
7006,8376
7007,5358
7008,6746
7009,7618
7010,12224
7011,5330
7012,4216
7013,6630
7014,4274
7015,5147
7016,5217
7017,6714
7018,4152
7019,6601
7020,3435
7021,4703
7022,3284
7023,8402
7024,5001
7025,12722
7026,10769
7027,4846
7028,5662
7029,4565
7030,5817
7031,4976
7032,10510
7033,7162
7034,7526
7035,3944
7036,7395
7037,4839
7038,8046
7039,7608
7040,6209
7041,5685
7042,6178
7043,6520
7044,7670
7045,7810
7046,5729
7047,6402
7048,8633
7049,5955
7050,6028
7051,5347
7052,7331
7053,6087
7054,4821
7055,4367
7056,5657
7057,4488
7058,7610
7059,5850
7060,7328
7061,5311
7062,8446
7063,4318
7064,6309
7065,8152
7066,6497
7067,7256
7068,5932
7069,3617
7070,12257
7071,7994
7072,7099
7073,14518
7074,7889
7075,5868
7076,6129
7077,7403
7078,9035
7079,9163
7080,9733
7081,5270
7082,6529
7083,5425
7084,7925
7085,4035
7086,8757
7087,5149
7088,4622
7089,5558
7090,7196
7091,6576
7092,4888
7093,7223
7094,4375
7095,3660
7096,6175
7097,3966
7098,4009
7099,4961
7100,5523
7101,8443
7102,8323
7103,5835
7104,6000
7105,5554
7106,9361
7107,5800
7108,5266
7109,4705
7110,4552
7111,8959
7112,3906
7113,11549
7114,6669
7115,3080
7116,4028
7117,5739
7118,5437
7119,4816
7120,7725
7121,8882
7122,10316
7123,5211
7124,10372
7125,2800
7126,4718
7127,6067
7128,4920
7129,6156
7130,5053
7131,6285
7132,3599
7133,4835
7134,10614
7135,8321
7136,4070
7137,4875
7138,8306
7139,8304
7140,6711
7141,5083
7142,4038
7143,7875
7144,5284
7145,6904
7146,4895
7147,5150
7148,6267
7149,7471
7150,3291
7151,3940
7152,4139
7153,5205
7154,8587
7155,6883
7156,7378
7157,11476
7158,5099
7159,9488
7160,10072
7161,6336
7162,4523
7163,2898
7164,6782
7165,5558
7166,5251
7167,5348
7168,5847
7169,9929
7170,4137
7171,4843
7172,6622
7173,4107
7174,7640
7175,5085
7176,3979
7177,6555
7178,3034
7179,5972
7180,7478
7181,6063
7182,6584
7183,7892
7184,6948
7185,4884
7186,6481
7187,7934
7188,6408
7189,5112
7190,5627
7191,3985
7192,8479
7193,6390
7194,5494
7195,4258
7196,6179
7197,7797
7198,6460
7199,5215
7200,7972
7201,5002
7202,6379
7203,14810
7204,5242
7205,8762
7206,4950
7207,5114
7208,5400
7209,4793
7210,3690
7211,4488
7212,8135
7213,11844
7214,7713
7215,8666
7216,8215
7217,10319
7218,9323
7219,7416
7220,4989
7221,4623
7222,9970
7223,9766
7224,6838
7225,7338
7226,7637
7227,5489
7228,3453
7229,10155
7230,5668
7231,5585
7232,5797
7233,1989
7234,10884
7235,9078
7236,12690
7237,5482
7238,4244
7239,4668
7240,5451
7241,5550
7242,5833
7243,6671
7244,4633
7245,3991
7246,5938
7247,3126
7248,2728
7249,5026
7250,11816
7251,6321
7252,16373
7253,3927
7254,5851
7255,5957
7256,5107
7257,4367
7258,5065
7259,4181
7260,3387
7261,7933
7262,6339
7263,3368
7264,7943
7265,4294
7266,5406
7267,4017
7268,8517
7269,6460
7270,8876
7271,4150
7272,5838
7273,4039
7274,4227
7275,4010
7276,12510
7277,9717
7278,5967
7279,4051
7280,4961
7281,5482
7282,3914
7283,7955
7284,3846
7285,12894
7286,3956
7287,4356
7288,5014
7289,8799
7290,6757
7291,4466
7292,5452
7293,5858
7294,6067
7295,6459
7296,4927
7297,3180
7298,8525
7299,4481
7300,3770
7301,5380
7302,5930
7303,5197
7304,5497
7305,7686
7306,7911
7307,6166
7308,6424
7309,3513
7310,8029
7311,5022
7312,4059
7313,6873
7314,6647
7315,6027
7316,7976
7317,5247
7318,5160
7319,5784
7320,4981
7321,4976
7322,6449
7323,7091
7324,5847
7325,5331
7326,4816
7327,8290
7328,5975
7329,4151
7330,10193
7331,4322
7332,2929
7333,6817
7334,8599
7335,7878
7336,4469
7337,5226
7338,5630
7339,3416
7340,5628
7341,6696
7342,5879
7343,5561
7344,5603
7345,7284
7346,2892
7347,4868
7348,5122
7349,4399
7350,4595
7351,5847
7352,6499
7353,5454
7354,4619
7355,6638
7356,5450
7357,7485
7358,7842
7359,4706
7360,5684
7361,6026
7362,6773
7363,6889
7364,8504
7365,3080
7366,8698
7367,5562
7368,6451
7369,9123
7370,4477
7371,3318
7372,10765
7373,7137
7374,7311
7375,5074
7376,5269
7377,8087
7378,3402
7379,5798
7380,4575
7381,7680
7382,5260
7383,4873
7384,7012
7385,5005
7386,7617
7387,9601
7388,14481
7389,6329
7390,4148
7391,4605
7392,3823
7393,2847
7394,9977
7395,6873
7396,5395
7397,8225
7398,5369
7399,8566
7400,4287
7401,5131
7402,5547
7403,7621
7404,5037
7405,5773
7406,5248
7407,4118
7408,6244
7409,4663
7410,6181
7411,7226
7412,7705
7413,6638
7414,6995
7415,5610
7416,9137
7417,4189
7418,5144
7419,9911
7420,6226
7421,7804
7422,6649
7423,15617
7424,4806
7425,4280
7426,4115
7427,5232
7428,8267
7429,9112
7430,6149
7431,6738
7432,7055
7433,3658
7434,6571
7435,6333
7436,5824
7437,7427
7438,5425
7439,4316
7440,4565
7441,3396
7442,4181
7443,7232
7444,5695
7445,10266
7446,15185
7447,5775
7448,4159
7449,6343
7450,7352
7451,7880
7452,3728
7453,5646
7454,3872
7455,7553
7456,5922
7457,5717
7458,11013
7459,12636
7460,4122
7461,6123
7462,3444
7463,4953
7464,4875
7465,7758
7466,4359
7467,4158
7468,4631
7469,6181
7470,5263
7471,3915
7472,5145
7473,6824
7474,6218
7475,5980
7476,2841
7477,9335
7478,15833
7479,3762
7480,6696
7481,7424
7482,6069
7483,4081
7484,3337
7485,3723
7486,6770
7487,4681
7488,6071
7489,8599
7490,3946
7491,4770
7492,5912
7493,4872
7494,4564
7495,4614
7496,5306
7497,9030
7498,6640
7499,8342
7500,5188
7501,3685
7502,5441
7503,5166
7504,7739
7505,5527
7506,4390
7507,18777
7508,5296
7509,5392
7510,10511
7511,5932
7512,5872
7513,5708
7514,6273
7515,4289
7516,8410
7517,12798
7518,4609
7519,4336
7520,5590
7521,10395
7522,5641
7523,4433
7524,5264
7525,4921
7526,5135
7527,3987
7528,7514
7529,3176
7530,5934
7531,2544
7532,18970
7533,7541
7534,3468
7535,5366
7536,8597
7537,5472
7538,5563
7539,7102
7540,5463
7541,4786
7542,3884
7543,7745
7544,5044
7545,5186
7546,5759
7547,6870
7548,4505
7549,7085
7550,5582
7551,3288
7552,7546
7553,8678
7554,3953
7555,7165
7556,6131
7557,4643
7558,9113
7559,4684
7560,6169
7561,6171
7562,7373
7563,3402
7564,4539
7565,4149
7566,7454
7567,5353
7568,7529
7569,3436
7570,7165
7571,3318
7572,5730
7573,4573
7574,5281
7575,5431
7576,6473
7577,5978
7578,8587
7579,4153
7580,5583
7581,6284
7582,6969
7583,5600
7584,7725
7585,8372
7586,6035
7587,3066
7588,5836
7589,4371
7590,5759
7591,5941
7592,3705
7593,10621
7594,4980
7595,5871
7596,8794
7597,6295
7598,3373
7599,9342
7600,5552
7601,8790
7602,5001
7603,6465
7604,7886
7605,6130
7606,4736
7607,6370
7608,4776
7609,4713
7610,5707
7611,7736
7612,7212
7613,4918
7614,4326
7615,6219
7616,6905
7617,5380
7618,6566
7619,5333
7620,5662
7621,3915
7622,7116
7623,6476
7624,6631
7625,5257
7626,5760
7627,6380
7628,8079
7629,5349
7630,6859
7631,4312
7632,5558
7633,6790
7634,5966
7635,4045
7636,3759
7637,6328
7638,7900
7639,4274
7640,5078
7641,7275
7642,5531
7643,4671
7644,5348
7645,4615
7646,2718
7647,7103
7648,3612
7649,6377
7650,5678
7651,6112
7652,5832
7653,8566
7654,7306
7655,6088
7656,4702
7657,7473
7658,6402
7659,3380
7660,2687
7661,7018
7662,3230
7663,6096
7664,10775
7665,7353
7666,6041
7667,3692
7668,6175
7669,6046
7670,5756
7671,6682
7672,7171
7673,6933
7674,4933
7675,7348
7676,4089
7677,5965
7678,4603
7679,4999
7680,6028
7681,5658
7682,5050
7683,6591
7684,4409
7685,8627
7686,5776
7687,3943
7688,3855
7689,8209
7690,6265
7691,4828
7692,5425
7693,6221
7694,4558
7695,5525
7696,5402
7697,6259
7698,4423
7699,4427
7700,8262
7701,5914
7702,5543
7703,3184
7704,9443
7705,5494
7706,4559
7707,5423
7708,9565
7709,7067
7710,6903
7711,8040
7712,6112
7713,5035
7714,5485
7715,6497
7716,8551
7717,10361
7718,4322
7719,4939
7720,3081
7721,4110
7722,8620
7723,12123
7724,5272
7725,4008
7726,5179
7727,5283
7728,5251
7729,7117
7730,7824
7731,5453
7732,3553
7733,7298
7734,5095
7735,7738
7736,8342
7737,4675
7738,6610
7739,3409
7740,5946
7741,7043
7742,6383
7743,6922
7744,5531
7745,6372
7746,4266
7747,5821
7748,6876
7749,7308
7750,6727
7751,7192
7752,5106
7753,3954
7754,8832
7755,3955
7756,10238
7757,5822
7758,4007
7759,5098
7760,5570
7761,5299
7762,6946
7763,8384
7764,4695
7765,10309
7766,3546
7767,4356
7768,5812
7769,7122
7770,9503
7771,6125
7772,5063
7773,5197
7774,5422
7775,6139
7776,4085
7777,5779
7778,4783
7779,9551
7780,5582
7781,7363
7782,10842
7783,7848
7784,4263
7785,4172
7786,5371
7787,9895
7788,4611
7789,7123
7790,4205
7791,8946
7792,5497
7793,4640
7794,4544
7795,4170
7796,4658
7797,4889
7798,4686
7799,4237
7800,3923
7801,4150
7802,7449
7803,5768
7804,20114
7805,5799
7806,4516
7807,2958
7808,4969
7809,10135
7810,2176
7811,3095
7812,6834
7813,3647
7814,7057
7815,5169
7816,5742
7817,6542
7818,4817
7819,3821
7820,6578
7821,5438
7822,2746
7823,5278
7824,4829
7825,6519
7826,5812
7827,3592
7828,4545
7829,8274
7830,8965
7831,6116
7832,8051
7833,2285
7834,8449
7835,3596
7836,5698
7837,2445
7838,8828
7839,7976
7840,9970
7841,10141
7842,7579
7843,6948
7844,3215
7845,4848
7846,6194
7847,8730
7848,4655
7849,3796
7850,6221
7851,5335
7852,6303
7853,2644
7854,7961
7855,4565
7856,8224
7857,6441
7858,3682
7859,9611
7860,3132
7861,9962
7862,6812
7863,7147
7864,2610
7865,6046
7866,5240
7867,3977
7868,8176
7869,11858
7870,3196
7871,6565
7872,6000
7873,8751
7874,7757
7875,6154
7876,7160
7877,2499
7878,2506
7879,4856
7880,6417
7881,8644
7882,8579
7883,2538
7884,4356
7885,9207
7886,9327
7887,6111
7888,3456
7889,11803
7890,5533
7891,3829
7892,4336
7893,2410
7894,4905
7895,7705
7896,3826
7897,6428
7898,3128
7899,6397
7900,4196
7901,1899
7902,4555
7903,5679
7904,6033
7905,8730
7906,7506
7907,5905
7908,4134
7909,11569
7910,3447
7911,6502
7912,8114
7913,13222
7914,5494
7915,3206
7916,6976
7917,6134
7918,6672
7919,5172
7920,11033
7921,6304
7922,2239
7923,8822
7924,4945
7925,6503
7926,2357
7927,7313
7928,3948
7929,2853
7930,8937
7931,4996
7932,5519
7933,8505
7934,7801
7935,4769
7936,5311
7937,7690
7938,3543
7939,3262
7940,7324
7941,5082
7942,7558
7943,3405
7944,4535
7945,7008
7946,4399
7947,3248
7948,5549
7949,6151
7950,6381
7951,7922
7952,8693
7953,7956
7954,4248
7955,8396
7956,5961
7957,3407
7958,4073
7959,8601
7960,7755
7961,3144
7962,7599
7963,9890
7964,6930
7965,5086
7966,7577
7967,7907
7968,5911
7969,4699
7970,3032
7971,5953
7972,5721
7973,4724
7974,5683
7975,3380
7976,6476
7977,7301
7978,6419
7979,6824
7980,6528
7981,3070
7982,1617
7983,7333
7984,6639
7985,7514
7986,3488
7987,5956
7988,5864
7989,5850
7990,6053
7991,3928
7992,4228
7993,5186
7994,7386
7995,7297
7996,7783
7997,15660
7998,3991
7999,5148
8000,11139
8001,3804
8002,5852
8003,797
8004,8190
8005,7192
8006,5877
8007,6935
8008,5986
8009,4812
8010,5500
8011,5637
8012,8285
8013,3357
8014,5571
8015,2842
8016,9393
8017,3527
8018,8644
8019,11036
8020,6673
8021,6403
8022,4760
8023,2161
8024,1852
8025,3560
8026,6007
8027,3262
8028,6162
8029,7865
8030,4251
8031,5600
8032,5040
8033,8989
8034,8299
8035,7965
8036,5440
8037,3241
8038,9182
8039,10603
8040,3961
8041,4692
8042,3970
8043,5598
8044,5928
8045,4342
8046,7039
8047,3142
8048,5242
8049,5290
8050,9110
8051,6127
8052,8022
8053,7100
8054,4979
8055,9103
8056,18189
8057,9357
8058,3914
8059,3806
8060,7218
8061,8027
8062,3042
8063,4941
8064,9493
8065,6339
8066,7430
8067,17680
8068,5654
8069,6020
8070,2934
8071,2378
8072,11455
8073,3430
8074,6970
8075,9634
8076,3037
8077,3752
8078,6781
8079,4049
8080,7047
8081,2038
8082,5168
8083,5070
8084,11368
8085,5981
8086,6330
8087,3172
8088,8400
8089,6086
8090,6888
8091,1715
8092,9739
8093,5330
8094,6273
8095,4371
8096,4731
8097,3928
8098,4840
8099,3590
8100,5481
8101,4840
8102,5102
8103,8406
8104,8079
8105,8157
8106,4321
8107,4500
8108,4505
8109,5141
8110,6973
8111,3035
8112,1208
8113,7529
8114,6004
8115,8507
8116,5971
8117,4739
8118,4710
8119,3561
8120,2550
8121,9525
8122,6610
8123,4974
8124,5847
8125,12197
8126,6485
8127,1938
8128,7673
8129,2190
8130,4397
8131,6471
8132,6483
8133,2595
8134,4551
8135,4569
8136,3910
8137,1680
8138,8528
8139,5011
8140,10031
8141,11143
8142,6138
8143,6201
8144,4162
8145,5487
8146,5149
8147,11928
8148,7085
8149,7587
8150,3238
8151,6156
8152,5736
8153,8634
8154,8835
8155,7548
8156,6043
8157,7005
8158,5358
8159,9456
8160,6505
8161,7130
8162,6450
8163,10026
8164,7329
8165,5104
8166,6117
8167,8633
8168,6418
8169,3413
8170,5918
8171,3357
8172,5309
8173,9638
8174,7414
8175,8040
8176,6492
8177,9187
8178,4913
8179,4618
8180,4670
8181,6522
8182,6697
8183,6914
8184,3414
8185,14283
8186,5398
8187,5870
8188,16728
8189,5886
8190,7815
8191,6931
8192,7527
8193,9093
8194,7844
8195,10462
8196,2933
8197,4936
8198,6315
8199,9401
8200,2926
8201,5877
8202,4729
8203,5777
8204,5864
8205,6130
8206,3828
8207,6197
8208,5624
8209,3030
8210,3268
8211,7845
8212,4486
8213,5244
8214,6342
8215,5983
8216,10387
8217,12479
8218,5364
8219,7969
8220,6493
8221,10526
8222,5201
8223,3008
8224,4177
8225,5580
8226,13510
8227,4338
8228,9222
8229,8017
8230,2155
8231,3846
8232,6473
8233,6549
8234,5443
8235,8935
8236,9764
8237,7725
8238,4266
8239,12300
8240,2198
8241,3955
8242,9131
8243,4499
8244,5758
8245,4075
8246,7684
8247,5236
8248,4043
8249,14667
8250,11032
8251,2490
8252,5190
8253,6257
8254,8030
8255,10293
8256,5558
8257,2867
8258,8360
8259,2090
8260,9967
8261,4870
8262,5839
8263,10033
8264,6230
8265,1491
8266,5288
8267,2345
8268,3997
8269,11730
8270,8181
8271,4683
8272,13247
8273,8117
8274,11622
8275,12434
8276,7380
8277,4581
8278,2180
8279,5116
8280,6968
8281,2771
8282,5971
8283,4713
8284,7601
8285,2589
8286,5834
8287,9164
8288,1962
8289,9854
8290,6304
8291,2966
8292,7808
8293,3541
8294,3358
8295,9961
8296,7342
8297,7499
8298,9138
8299,5894
8300,5275
8301,7221
8302,7045
8303,8497
8304,6154
8305,7017
8306,3790
8307,9099
8308,7054
8309,6268
8310,4216
8311,5274
8312,9244
8313,6550
8314,4306
8315,5491
8316,5649
8317,5032
8318,16384
8319,5239
8320,10869
8321,5096
8322,3840
8323,6805
8324,6116
8325,3326
8326,4955
8327,9433
8328,15053
8329,7423
8330,10274
8331,7245
8332,11476
8333,9002
8334,7756
8335,5361
8336,4555
8337,11399
8338,8124
8339,7753
8340,5575
8341,5842
8342,5266
8343,2529
8344,12914
8345,7018
8346,6407
8347,5362
8348,1585
8349,9367
8350,8545
8351,12268
8352,6211
8353,4487
8354,3993
8355,7140
8356,5282
8357,4382
8358,11281
8359,4444
8360,4496
8361,5602
8362,3595
8363,2740
8364,2423
8365,15853
8366,5249
8367,13614
8368,4394
8369,6577
8370,5449
8371,4336
8372,3342
8373,6529
8374,3537
8375,2894
8376,10810
8377,6585
8378,2706
8379,9211
8380,2644
8381,6254
8382,3716
8383,9929
8384,7996
8385,9384
8386,2538
8387,5238
8388,2837
8389,5129
8390,3739
8391,16574
8392,11995
8393,5229
8394,2842
8395,6148
8396,4508
8397,2629
8398,7547
8399,2510
8400,14777
8401,4306
8402,4963
8403,5653
8404,12012
8405,7369
8406,5498
8407,5287
8408,6340
8409,6805
8410,7411
8411,4209
8412,1223
8413,5165
8414,2992
8415,3116
8416,6057
8417,7597
8418,6188
8419,5350
8420,8683
8421,6009
8422,3337
8423,7915
8424,2248
8425,10237
8426,5474
8427,2864
8428,5016
8429,4427
8430,5357
8431,7802
8432,7242
8433,4062
8434,5931
8435,2585
8436,4981
8437,8568
8438,9207
8439,3856
8440,2312
8441,5315
8442,7625
8443,6470
8444,2630
8445,12040
8446,3894
8447,3539
8448,6176
8449,10390
8450,9676
8451,4481
8452,4609
8453,6372
8454,1492
8455,7216
8456,7508
8457,4932
8458,4789
8459,3171
8460,9552
8461,3217
8462,5217
8463,4062
8464,3749
8465,2888
8466,7846
8467,7320
8468,6015
8469,4014
8470,5337
8471,8084
8472,8178
8473,8166
8474,5084
8475,5569
8476,6121
8477,8444
8478,7456
8479,6015
8480,2107
8481,6519
8482,6243
8483,6772
8484,8347
8485,6259
8486,2758
8487,8019
8488,5559
8489,10730
8490,2813
8491,2781
8492,10146
8493,1603
8494,5510
8495,4641
8496,9119
8497,4052
8498,4871
8499,9631
8500,2897
8501,6618
8502,10816
8503,15321
8504,7238
8505,2526
8506,5774
8507,3768
8508,2351
8509,8215
8510,5276
8511,6692
8512,5592
8513,5406
8514,6093
8515,5153
8516,5327
8517,4819
8518,9638
8519,5737
8520,2574
8521,6455
8522,4407
8523,5909
8524,5846
8525,6428
8526,8272
8527,8471
8528,8686
8529,6545
8530,5435
8531,6292
8532,3068
8533,6176
8534,9523
8535,7225
8536,7495
8537,6600
8538,14919
8539,3340
8540,3667
8541,4895
8542,4414
8543,9528
8544,10433
8545,8200
8546,7583
8547,8165
8548,2174
8549,8314
8550,3372
8551,6974
8552,6843
8553,5964
8554,2125
8555,5110
8556,3560
8557,3277
8558,7675
8559,4770
8560,9291
8561,18633
8562,5805
8563,3175
8564,5046
8565,8807
8566,7130
8567,4504
8568,6026
8569,2203
8570,6373
8571,7209
8572,3499
8573,11537
8574,12148
8575,3207
8576,5768
8577,3863
8578,4099
8579,4254
8580,9047
8581,4172
8582,4570
8583,4817
8584,2847
8585,2792
8586,2563
8587,5971
8588,6068
8589,5304
8590,8390
8591,1154
8592,8027
8593,16123
8594,3238
8595,8838
8596,7322
8597,4951
8598,4423
8599,2558
8600,4577
8601,4858
8602,5412
8603,3073
8604,9993
8605,4431
8606,4228
8607,6608
8608,5480
8609,6247
8610,4796
8611,6103
8612,10896
8613,4621
8614,7586
8615,6097
8616,3901
8617,3290
8618,4737
8619,6029
8620,6409
8621,3813
8622,13568
8623,5413
8624,5187
8625,12591
8626,5028
8627,7447
8628,4763
8629,5615
8630,5436
8631,7451
8632,16591
8633,3124
8634,5633
8635,3588
8636,10082
8637,7215
8638,5116
8639,3970
8640,4388
8641,2558
8642,2059
8643,7132
8644,2186
8645,4073
8646,1268
8647,20583
8648,9510
8649,2150
8650,5779
8651,6801
8652,7332
8653,5627
8654,8843
8655,6275
8656,5994
8657,2987
8658,7711
8659,6547
8660,4205
8661,6492
8662,9670
8663,4651
8664,8643
8665,6847
8666,3130
8667,6139
8668,7155
8669,2948
8670,9476
8671,7229
8672,4957
8673,10979
8674,3936
8675,5284
8676,9130
8677,7166
8678,2366
8679,5019
8680,3678
8681,3328
8682,5417
8683,6394
8684,3473
8685,6362
8686,2388
8687,5907
8688,3105
8689,5661
8690,6034
8691,5079
8692,6190
8693,9814
8694,2868
8695,5990
8696,7388
8697,3367
8698,5808
8699,6390
8700,9587
8701,6962
8702,3986
8703,2169
8704,2246
8705,5979
8706,5217
8707,4433
8708,12174
8709,5859
8710,5937
8711,9275
8712,7041
8713,2235
8714,8632
8715,4807
8716,8587
8717,6761
8718,7676
8719,6647
8720,8909
8721,5476
8722,4460
8723,2826
8724,3424
8725,6552
8726,4429
8727,8997
8728,5060
8729,3061
8730,7556
8731,7896
8732,4844
8733,7848
8734,4743
8735,7222
8736,3283
8737,4985
8738,3939
8739,5400
8740,3679
8741,6559
8742,8250
8743,8528
8744,6857
8745,5893
8746,4201
8747,6563
8748,7549
8749,7862
8750,2882
8751,2962
8752,9204
8753,6406
8754,2977
8755,4144
8756,8468
8757,6477
8758,2443
8759,6513
8760,5216
8761,1812
8762,5264
8763,2969
8764,4349
8765,6567
8766,6375
8767,5564
8768,4470
8769,8969
8770,6448
8771,3855
8772,5752
8773,5607
8774,3276
8775,1221
8776,6899
8777,1574
8778,6257
8779,10268
8780,6374
8781,4623
8782,3215
8783,5387
8784,5595
8785,5352
8786,5935
8787,6368
8788,8522
8789,6778
8790,9296
8791,4236
8792,3947
8793,4870
8794,3800
8795,5585
8796,7065
8797,3669
8798,5615
8799,2904
8800,8158
8801,4874
8802,4702
8803,4095
8804,5679
8805,7694
8806,3476
8807,6966
8808,4636
8809,5534
8810,5570
8811,6178
8812,8208
8813,4841
8814,3949
8815,10908
8816,6943
8817,6850
8818,2090
8819,4918
8820,5238
8821,4327
8822,4758
8823,11156
8824,8950
8825,9695
8826,10303
8827,6739
8828,5712
8829,6547
8830,6446
8831,8056
8832,10550
8833,3564
8834,1947
8835,1383
8836,4378
8837,5670
8838,10739
8839,2519
8840,1906
8841,5646
8842,5878
8843,6132
8844,9496
8845,7526
8846,6639
8847,2781
8848,8315
8849,6454
8850,6582
8851,7371
8852,3450
8853,6902
8854,3162
8855,6890
8856,6189
8857,5543
8858,6506
8859,4214
8860,6844
8861,5322
8862,7228
8863,5195
8864,8720
8865,5984
8866,9173
8867,5635
8868,3854
8869,8815
8870,2823
8871,11275
8872,5842
8873,4989
8874,3436
8875,7513
8876,4786
8877,4631
8878,7487
8879,4479
8880,13109
8881,3248
8882,3236
8883,5806
8884,6600
8885,10772
8886,2925
8887,4725
8888,6505
8889,6165
8890,4853
8891,3624
8892,6671
8893,3532
8894,11521
8895,3225
8896,7425
8897,13808
8898,7341
8899,6387
8900,3382
8901,5396
8902,8057
8903,2716
8904,7440
8905,3074
8906,8971
8907,6910
8908,6116
8909,6341
8910,5161
8911,3029
8912,5445
8913,2332
8914,3872
8915,3275
8916,2863
8917,8455
8918,6138
8919,22224
8920,8106
8921,0
8922,0
8923,0
8924,0
8925,0
8926,0
8927,0
8928,0
8929,0
8930,0
8931,0
8932,0
8933,0
8934,0
8935,0
8936,0
8937,0
8938,0
8939,0
8940,0
8941,0
8942,0
8943,0
8944,0
8945,0
8946,0
8947,0
8948,0
8949,0
8950,0
8951,0
8952,0
8953,0
8954,0
8955,0
8956,0
8957,0
8958,0
8959,0
8960,0
8961,0
8962,0
8963,0
8964,0
8965,0
8966,0
8967,0
8968,0
8969,0
8970,0
8971,0
8972,0
8973,0
8974,0
8975,0
8976,0
8977,0
8978,0
8979,0
8980,0
8981,0
8982,0
8983,0
8984,0
8985,0
8986,0
8987,0
8988,0
8989,0
8990,0
8991,0
8992,0
8993,0
8994,0
8995,0
8996,0
8997,0
8998,0
8999,0
9000,0
9001,0
9002,0
9003,0
9004,0
9005,12915
9006,0
9007,0
9008,0
9009,0
9010,0
9011,0
9012,0
9013,0
9014,0
9015,0
9016,0
9017,0
9018,0
9019,0
9020,0
9021,0
9022,0
9023,0
9024,0
9025,0
9026,0
9027,0
9028,0
9029,0
9030,0
9031,0
9032,0
9033,0
9034,0
9035,0
9036,0
9037,0
9038,0
9039,0
9040,0
9041,0
9042,3261
9043,0
9044,0
9045,0
9046,0
9047,0
9048,0
9049,0
9050,0
9051,0
9052,0
9053,0
9054,0
9055,0
9056,0
9057,0
9058,0
9059,0
9060,0
9061,0
9062,0
9063,0
9064,0
9065,0
9066,0
9067,0
9068,0
9069,0
9070,0
9071,0
9072,0
9073,0
9074,0
9075,0
9076,0
9077,0
9078,0
9079,0
9080,0
9081,0
9082,0
9083,0
9084,0
9085,0
9086,0
9087,0
9088,0
9089,0
9090,0
9091,0
9092,0
9093,0
9094,0
9095,0
9096,0
9097,0
9098,0
9099,0
9100,0
9101,0
9102,0
9103,0
9104,0
9105,0
9106,0
9107,0
9108,0
9109,0
9110,0
9111,0
9112,0
9113,0
9114,0
9115,0
9116,0
9117,0
9118,0
9119,0
9120,0
9121,0
9122,0
9123,0
9124,0
9125,0
9126,0
9127,0
9128,0
9129,2394
9130,0
9131,0
9132,0
9133,0
9134,0
9135,0
9136,0
9137,0
9138,0
9139,0
9140,0
9141,0
9142,0
9143,0
9144,0
9145,0
9146,0
9147,0
9148,0
9149,0
9150,0
9151,0
9152,0
9153,0
9154,0
9155,0
9156,0
9157,0
9158,0
9159,0
9160,0
9161,0
9162,0
9163,0
9164,0
9165,0
9166,0
9167,0
9168,0
9169,0
9170,0
9171,0
9172,0
9173,0
9174,0
9175,0
9176,0
9177,0
9178,0
9179,17246
9180,0
9181,0
9182,29783
9183,0
9184,0
9185,0
9186,0
9187,0
9188,0
9189,0
9190,0
9191,0
9192,0
9193,0
9194,7891
9195,0
9196,0
9197,0
9198,0
9199,0
9200,0
9201,0
9202,0
9203,0
9204,0
9205,0
9206,0
9207,0
9208,0
9209,0
9210,0
9211,0
9212,0
9213,0
9214,0
9215,0
9216,0
9217,0
9218,0
9219,3921
9220,0
9221,0
9222,0
9223,0
9224,0
9225,0
9226,0
9227,0
9228,0
9229,0
9230,3126
9231,0
9232,0
9233,0
9234,0
9235,0
9236,0
9237,0
9238,0
9239,0
9240,0
9241,0
9242,0
9243,0
9244,0
9245,0
9246,0
9247,0
9248,0
9249,0
9250,0
9251,0
9252,0
9253,0
9254,0
9255,9472
9256,0
9257,0
9258,0
9259,0
9260,0
9261,0
9262,0
9263,0
9264,0
9265,0
9266,0
9267,0
9268,0
9269,0
9270,0
9271,0
9272,0
9273,9650
9274,0
9275,0
9276,0
9277,0
9278,0
9279,0
9280,0
9281,0
9282,0
9283,0
9284,0
9285,0
9286,0
9287,0
9288,0
9289,0
9290,0
9291,0
9292,0
9293,0
9294,0
9295,0
9296,0
9297,0
9298,0
9299,0
9300,0
9301,0
9302,0
9303,0
9304,0
9305,0
9306,0
9307,0
9308,0
9309,0
9310,0
9311,0
9312,0
9313,0
9314,0
9315,0
9316,0
9317,0
9318,0
9319,0
9320,0
9321,0
9322,0
9323,0
9324,0
9325,0
9326,0
9327,0
9328,0
9329,0
9330,0
9331,0
9332,0
9333,0
9334,0
9335,0
9336,0
9337,0
9338,0
9339,0
9340,0
9341,0
9342,0
9343,15445
9344,0
9345,0
9346,0
9347,0
9348,0
9349,0
9350,0
9351,0
9352,0
9353,1684
9354,0
9355,0
9356,0
9357,0
9358,0
9359,0
9360,0
9361,0
9362,0
9363,0
9364,0
9365,0
9366,0
9367,0
9368,0
9369,0
9370,0
9371,0
9372,0
9373,4165
9374,0
9375,0
9376,0
9377,0
9378,0
9379,0
9380,0
9381,0
9382,0
9383,0
9384,0
9385,0
9386,0
9387,0
9388,0
9389,0
9390,0
9391,0
9392,0
9393,0
9394,0
9395,0
9396,0
9397,0
9398,0
9399,0
9400,0
9401,0
9402,0
9403,0
9404,0
9405,0
9406,0
9407,0
9408,0
9409,0
9410,0
9411,0
9412,0
9413,0
9414,8755
9415,0
9416,0
9417,0
9418,0
9419,0
9420,0
9421,0
9422,0
9423,0
9424,0
9425,0
9426,0
9427,0
9428,0
9429,0
9430,0
9431,0
9432,7702
9433,0
9434,0
9435,0
9436,0
9437,0
9438,0
9439,0
9440,0
9441,0
9442,0
9443,0
9444,2162
9445,0
9446,0
9447,0
9448,0
9449,0
9450,4201
9451,0
9452,0
9453,0
9454,0
9455,0
9456,0
9457,0
9458,0
9459,0
9460,0
9461,0
9462,0
9463,0
9464,0
9465,0
9466,0
9467,0
9468,0
9469,0
9470,0
9471,0
9472,0
9473,0
9474,0
9475,0
9476,0
9477,0
9478,0
9479,0
9480,0
9481,0
9482,20008
9483,0
9484,0
9485,0
9486,0
9487,0
9488,0
9489,0
9490,0
9491,0
9492,0
9493,0
9494,0
9495,0
9496,0
9497,0
9498,6235
9499,0
9500,0
9501,0
9502,0
9503,0
9504,0
9505,0
9506,0
9507,0
9508,0
9509,0
9510,0
9511,0
9512,0
9513,0
9514,0
9515,0
9516,0
9517,0
9518,0
9519,0
9520,0
9521,0
9522,0
9523,0
9524,0
9525,0
9526,0
9527,0
9528,0
9529,0
9530,0
9531,0
9532,0
9533,0
9534,0
9535,0
9536,0
9537,0
9538,0
9539,0
9540,0
9541,0
9542,0
9543,0
9544,0
9545,0
9546,0
9547,0
9548,0
9549,0
9550,0
9551,0
9552,0
9553,0
9554,0
9555,0
9556,0
9557,0
9558,0
9559,0
9560,0
9561,0
9562,0
9563,0
9564,0
9565,0
9566,0
9567,0
9568,0
9569,0
9570,0
9571,0
9572,0
9573,0
9574,0
9575,0
9576,0
9577,0
9578,0
9579,0
9580,0
9581,0
9582,0
9583,0
9584,0
9585,0
9586,0
9587,0
9588,0
9589,0
9590,0
9591,0
9592,0
9593,0
9594,0
9595,0
9596,13704
9597,0
9598,0
9599,0
9600,0
9601,0
9602,7800
9603,0
9604,0
9605,0
9606,0
9607,0
9608,0
9609,0
9610,0
9611,0
9612,0
9613,0
9614,0
9615,0
9616,0
9617,0
9618,0
9619,0
9620,0
9621,0
9622,0
9623,0
9624,0
9625,0
9626,0
9627,0
9628,0
9629,0
9630,0
9631,0
9632,0
9633,0
9634,0
9635,0
9636,0
9637,0
9638,0
9639,0
9640,0
9641,0
9642,0
9643,0
9644,0
9645,0
9646,0
9647,0
9648,0
9649,0
9650,0
9651,0
9652,2834
9653,16967
9654,0
9655,0
9656,0
9657,0
9658,0
9659,0
9660,0
9661,0
9662,0
9663,0
9664,0
9665,0
9666,0
9667,0
9668,0
9669,0
9670,0
9671,0
9672,0
9673,0
9674,0
9675,0
9676,0
9677,0
9678,0
9679,0
9680,0
9681,0
9682,0
9683,0
9684,0
9685,0
9686,0
9687,0
9688,0
9689,12629
9690,0
9691,0
9692,0
9693,0
9694,0
9695,0
9696,0
9697,0
9698,0
9699,0
9700,0
9701,0
9702,0
9703,0
9704,0
9705,0
9706,0
9707,0
9708,0
9709,0
9710,0
9711,0
9712,0
9713,0
9714,0
9715,0
9716,0
9717,0
9718,0
9719,0
9720,0
9721,0
9722,0
9723,0
9724,0
9725,0
9726,0
9727,0
9728,0
9729,0
9730,0
9731,0
9732,0
9733,0
9734,0
9735,0
9736,0
9737,0
9738,0
9739,0
9740,0
9741,0
9742,0
9743,0
9744,0
9745,0
9746,0
9747,0
9748,0
9749,0
9750,0
9751,0
9752,0
9753,0
9754,0
9755,0
9756,0
9757,0
9758,0
9759,0
9760,0
9761,0
9762,0
9763,0
9764,0
9765,0
9766,0
9767,0
9768,0
9769,0
9770,0
9771,0
9772,0
9773,0
9774,0
9775,0
9776,0
9777,0
9778,0
9779,0
9780,0
9781,0
9782,0
9783,2689
9784,0
9785,0
9786,0
9787,1991
9788,0
9789,0
9790,0
9791,0
9792,0
9793,0
9794,0
9795,0
9796,0
9797,0
9798,0
9799,0
9800,0
9801,0
9802,0
9803,0
9804,0
9805,0
9806,0
9807,0
9808,0
9809,0
9810,0
9811,0
9812,0
9813,0
9814,0
9815,0
9816,0
9817,0
9818,0
9819,0
9820,0
9821,0
9822,0
9823,0
9824,0
9825,0
9826,0
9827,0
9828,0
9829,0
9830,0
9831,0
9832,0
9833,0
9834,0
9835,0
9836,0
9837,0
9838,0
9839,0
9840,0
9841,0
9842,0
9843,0
9844,0
9845,0
9846,0
9847,0
9848,0
9849,0
9850,0
9851,2271
9852,0
9853,0
9854,0
9855,0
9856,0
9857,0
9858,0
9859,0
9860,0
9861,0
9862,0
9863,0
9864,0
9865,0
9866,0
9867,0
9868,12024
9869,0
9870,0
9871,0
9872,0
9873,0
9874,0
9875,0
9876,0
9877,0
9878,0
9879,0
9880,0
9881,0
9882,0
9883,0
9884,0
9885,0
9886,0
9887,0
9888,0
9889,0
9890,0
9891,0
9892,0
9893,0
9894,0
9895,0
9896,0
9897,0
9898,0
9899,0
9900,0
9901,0
9902,0
9903,0
9904,0
9905,0
9906,0
9907,0
9908,0
9909,0
9910,0
9911,0
9912,0
9913,0
9914,0
9915,0
9916,0
9917,0
9918,0
9919,0
9920,0
9921,0
9922,0
9923,0
9924,0
9925,0
9926,0
9927,0
9928,0
9929,0
9930,0
9931,0
9932,0
9933,0
9934,0
9935,0
9936,0
9937,0
9938,0
9939,0
9940,0
9941,0
9942,0
9943,0
9944,0
9945,0
9946,0
9947,0
9948,0
9949,0
9950,0
9951,0
9952,0
9953,0
9954,0
9955,0
9956,0
9957,0
9958,0
9959,0
9960,0
9961,0
9962,0
9963,0
9964,0
9965,4860
9966,0
9967,0
9968,0
9969,0
9970,0
9971,0
9972,0
9973,0
9974,0
9975,0
9976,0
9977,0
9978,0
9979,0
9980,0
9981,0
9982,0
9983,0
9984,0
9985,0
9986,0
9987,0
9988,0
9989,0
9990,0
9991,0
9992,0
9993,0
9994,0
9995,0
9996,0
9997,0
9998,0
9999,0
10000,0
10001,5807
10002,0
10003,0
10004,0
10005,0
10006,0
10007,0
10008,0
10009,0
10010,0
10011,0
10012,0
10013,0
10014,0
10015,0
10016,0
10017,13328
10018,0
10019,5284
10020,0
10021,0
10022,0
10023,0
10024,0
10025,0
10026,0
10027,0
10028,0
10029,0
10030,0
10031,0
10032,0
10033,0
10034,0
10035,0
10036,5818
10037,8454
10038,11858
10039,12988
10040,8053
10041,7256
10042,13437
10043,10176
10044,12171
10045,8079
10046,10616
10047,12753
10048,8178
10049,9219
10050,11242
10051,11461
10052,11212
10053,11539
10054,11046
10055,11024
10056,9807
10057,6997
10058,9126
10059,17197
10060,15913
10061,11293
10062,17510
10063,7739
10064,14546
10065,6379
10066,7950
10067,6473
10068,12178
10069,11522
10070,20863
10071,12122
10072,9529
10073,11281
10074,9325
10075,5715
10076,8691
10077,17154
10078,11309
10079,8610
10080,8058
10081,9154
10082,11289
10083,5062
10084,10928
10085,7620
10086,10393
10087,10124
10088,8071
10089,11378
10090,8000
10091,10868
10092,15080
10093,11927
10094,9699
10095,15129
10096,8083
10097,9883
10098,11528
10099,18459
10100,9248
10101,8492
10102,12306
10103,9140
10104,12574
10105,10444
10106,14627
10107,9054
10108,7222
10109,9768
10110,8328
10111,13228
10112,12903
10113,6234
10114,8902
10115,11383
10116,9385
10117,15569
10118,5931
10119,18933
10120,9113
10121,8088
10122,8829
10123,10712
10124,8646
10125,13102
10126,7184
10127,11504
10128,10225
10129,12544
10130,11185
10131,10460
10132,11237
10133,9013
10134,8235
10135,10858
10136,11245
10137,11576
10138,6409
10139,12391
10140,8001
10141,11827
10142,10001
10143,16943
10144,9563
10145,6535
10146,10639
10147,7623
10148,7525
10149,7710
10150,10670
10151,10375
10152,5931
10153,14400
10154,9120
10155,11967
10156,6572
10157,10572
10158,13564
10159,6809
10160,16900
10161,9331
10162,9180
10163,13731
10164,12627
10165,8012
10166,7632
10167,10649
10168,8868
10169,6444
10170,9662
10171,8796
10172,11523
10173,12743
10174,10107
10175,11023
10176,8233
10177,6615
10178,10388
10179,9419
10180,10459
10181,14148
10182,13044
10183,12425
10184,9000
10185,13052
10186,11468
10187,9481
10188,11714
10189,14263
10190,10937
10191,11813
10192,15244
10193,9790
10194,12463
10195,8310
10196,10446
10197,12833
10198,9152
10199,11563
10200,5760
10201,8357
10202,14265
10203,11602
10204,9726
10205,6684
10206,14391
10207,9054
10208,12007
10209,8456
10210,8487
10211,9166
10212,6842
10213,16557
10214,12398
10215,10607
10216,10665
10217,8485
10218,10952
10219,10795
10220,10798
10221,6027
10222,9471
10223,8820
10224,12076
10225,11096
10226,8512
10227,16984
10228,8072
10229,6593
10230,16238
10231,8778
10232,9412
10233,6480
10234,13107
10235,10857
10236,7706
10237,9050
10238,9665
10239,7934
10240,9961
10241,13977
10242,18059
10243,4426
10244,9291
10245,4989
10246,19972
10247,6890
10248,14971
10249,14737
10250,9937
10251,10955
10252,6677
10253,7250
10254,4795
10255,7176
10256,8855
10257,8083
10258,12195
10259,11667
10260,8304
10261,9849
10262,9830
10263,12210
10264,13965
10265,11444
10266,7870
10267,5699
10268,13257
10269,20045
10270,10018
10271,11404
10272,6467
10273,11336
10274,8805
10275,7397
10276,10205
10277,7881
10278,10656
10279,11176
10280,11970
10281,9965
10282,13574
10283,11624
10284,8023
10285,14652
10286,25454
10287,17867
10288,10297
10289,5254
10290,10027
10291,13408
10292,7310
10293,8636
10294,14167
10295,7717
10296,24131
10297,22038
10298,6205
10299,10590
10300,8874
10301,6095
10302,11681
10303,7557
10304,16273
10305,13322
10306,15945
10307,11427
10308,13338
10309,5265
10310,9911
10311,5680
10312,8966
10313,10582
10314,19116
10315,8144
10316,8380
10317,6969
10318,10317
10319,8591
10320,7339
10321,7134
10322,10852
10323,8712
10324,9295
10325,12362
10326,13104
10327,10701
10328,9932
10329,9016
10330,7825
10331,10642
10332,11198
10333,11439
10334,9868
10335,10795
10336,7519
10337,5819
10338,9419
10339,9912
10340,9990
10341,6314
10342,4510
10343,14578
10344,12321
10345,13988
10346,9891
10347,9168
10348,11613
10349,8770
10350,6241
10351,17075
10352,8031
10353,10811
10354,10599
10355,20149
10356,8443
10357,9860
10358,10219
10359,10155
10360,9710
10361,7968
10362,12613
10363,6823
10364,11267
10365,6498
10366,8083
10367,6038
10368,13674
10369,8070
10370,25659
10371,19287
10372,6647
10373,10705
10374,7300
10375,10285
10376,8650
10377,15816
10378,13748
10379,16111
10380,6943
10381,10902
10382,6677
10383,11683
10384,10879
10385,11561
10386,10439
10387,8997
10388,7822
10389,13176
10390,12668
10391,8487
10392,11799
10393,17269
10394,8818
10395,10722
10396,9880
10397,13143
10398,10101
10399,7054
10400,8142
10401,10403
10402,8924
10403,18785
10404,9150
10405,12839
10406,11148
10407,15988
10408,6380
10409,10913
10410,17869
10411,13159
10412,12137
10413,10125
10414,6501
10415,20496
10416,13851
10417,12695
10418,21186
10419,15864
10420,11493
10421,11723
10422,15360
10423,16533
10424,15100
10425,17173
10426,9996
10427,12870
10428,10049
10429,13086
10430,5829
10431,16850
10432,10564
10433,9087
10434,8988
10435,15720
10436,13790
10437,9067
10438,11337
10439,7471
10440,9283
10441,10674
10442,6017
10443,7490
10444,9635
10445,11248
10446,15168
10447,12028
10448,9872
10449,9660
10450,9003
10451,16179
10452,12109
10453,9476
10454,8403
10455,7477
10456,12648
10457,6058
10458,13626
10459,11818
10460,5431
10461,8216
10462,13315
10463,8883
10464,8142
10465,11332
10466,14124
10467,15573
10468,8410
10469,13583
10470,4866
10471,8429
10472,10871
10473,11006
10474,11483
10475,8073
10476,9457
10477,7356
10478,8432
10479,14376
10480,10861
10481,8650
10482,7662
10483,13464
10484,16506
10485,11381
10486,8624
10487,7935
10488,12032
10489,9676
10490,9714
10491,9927
10492,8403
10493,10629
10494,15220
10495,6597
10496,6897
10497,7117
10498,9905
10499,12574
10500,12680
10501,13171
10502,18998
10503,7746
10504,17297
10505,17335
10506,10217
10507,7230
10508,5717
10509,11782
10510,9439
10511,10111
10512,9188
10513,10861
10514,16040
10515,7926
10516,9488
10517,11172
10518,8756
10519,9812
10520,7874
10521,8112
10522,10834
10523,5570
10524,14016
10525,10645
10526,10772
10527,11338
10528,15567
10529,11293
10530,9284
10531,12782
10532,11602
10533,8870
10534,8234
10535,7944
10536,7048
10537,15202
10538,12655
10539,9434
10540,7951
10541,12667
10542,14594
10543,12714
10544,10435
10545,13019
10546,7129
10547,7080
10548,23104
10549,10497
10550,12656
10551,10415
10552,9616
10553,10442
10554,8922
10555,5969
10556,7586
10557,13012
10558,18277
10559,11663
10560,12942
10561,16362
10562,15557
10563,18297
10564,12028
10565,6935
10566,6868
10567,14791
10568,16004
10569,13739
10570,13035
10571,13283
10572,9528
10573,6432
10574,13907
10575,11425
10576,12199
10577,9298
10578,5784
10579,22993
10580,18725
10581,18727
10582,8071
10583,8728
10584,6494
10585,9038
10586,9203
10587,15261
10588,9953
10589,7052
10590,7269
10591,11260
10592,7368
10593,4342
10594,10713
10595,20011
10596,11137
10597,22352
10598,7433
10599,9377
10600,11469
10601,8562
10602,8610
10603,7727
10604,6211
10605,6882
10606,11435
10607,11955
10608,5929
10609,13510
10610,11648
10611,10488
10612,6543
10613,12885
10614,13003
10615,13500
10616,8856
10617,10388
10618,6881
10619,7461
10620,7148
10621,21067
10622,15727
10623,9069
10624,9216
10625,7565
10626,7795
10627,6970
10628,12959
10629,6101
10630,21941
10631,6158
10632,7454
10633,7953
10634,13362
10635,11333
10636,7706
10637,9410
10638,11332
10639,10254
10640,12075
10641,8418
10642,7641
10643,17920
10644,6818
10645,7453
10646,7803
10647,10927
10648,9434
10649,8470
10650,13890
10651,12229
10652,11077
10653,10258
10654,7433
10655,11479
10656,8974
10657,6288
10658,11119
10659,11200
10660,11239
10661,16039
10662,9881
10663,9716
10664,9099
10665,9390
10666,8422
10667,10166
10668,9309
10669,12213
10670,10734
10671,12755
10672,12143
10673,8144
10674,7358
10675,18478
10676,9716
10677,4906
10678,11310
10679,12389
10680,15102
10681,6872
10682,8977
10683,9632
10684,6547
10685,8556
10686,10824
10687,11637
10688,9381
10689,11750
10690,16035
10691,5009
10692,10371
10693,9695
10694,8732
10695,8264
10696,9526
10697,14379
10698,7488
10699,8883
10700,13148
10701,10905
10702,13685
10703,13529
10704,6859
10705,9457
10706,10096
10707,11072
10708,11663
10709,13479
10710,6868
10711,10072
10712,10528
10713,12891
10714,14584
10715,6611
10716,5709
10717,16904
10718,13125
10719,13966
10720,11372
10721,10935
10722,13038
10723,6312
10724,10327
10725,8395
10726,13908
10727,11851
10728,14475
10729,10675
10730,12025
10731,12670
10732,18712
10733,21319
10734,10835
10735,8163
10736,10197
10737,6310
10738,5461
10739,16125
10740,13842
10741,7960
10742,13951
10743,7759
10744,14382
10745,8110
10746,10064
10747,9357
10748,14777
10749,7762
10750,10687
10751,8296
10752,10573
10753,10411
10754,6909
10755,11027
10756,9838
10757,12447
10758,12228
10759,10603
10760,7765
10761,17367
10762,7248
10763,7451
10764,17994
10765,10594
10766,15300
10767,9705
10768,17392
10769,9793
10770,10049
10771,7783
10772,11013
10773,12657
10774,17868
10775,10977
10776,11686
10777,13067
10778,7586
10779,10157
10780,14293
10781,10596
10782,12139
10783,10470
10784,7749
10785,7802
10786,6123
10787,10115
10788,13065
10789,11081
10790,15680
10791,25214
10792,10376
10793,6999
10794,12235
10795,9450
10796,13526
10797,6585
10798,9067
10799,5830
10800,12446
10801,9247
10802,9591
10803,20153
10804,14511
10805,8754
10806,9638
10807,5470
10808,6890
10809,8040
10810,12616
10811,8935
10812,6307
10813,8362
10814,12163
10815,10581
10816,7826
10817,8352
10818,10446
10819,11976
10820,12947
10821,6135
10822,15548
10823,24306
10824,4249
10825,10670
10826,13984
10827,12940
10828,10109
10829,4337
10830,8335
10831,12543
10832,7224
10833,12749
10834,14253
10835,7219
10836,8826
10837,10997
10838,9585
10839,7167
10840,8876
10841,11115
10842,13172
10843,11002
10844,17132
10845,8176
10846,5491
10847,10351
10848,8108
10849,13499
10850,8390
10851,7360
10852,27712
10853,11218
10854,8602
10855,15649
10856,10649
10857,12082
10858,9148
10859,10694
10860,7018
10861,13364
10862,16861
10863,8635
10864,7817
10865,10742
10866,19748
10867,9869
10868,8581
10869,9402
10870,9131
10871,10350
10872,6126
10873,12955
10874,6632
10875,9746
10876,4574
10877,24967
10878,12492
10879,7502
10880,7276
10881,16514
10882,10158
10883,10514
10884,11606
10885,11802
10886,7103
10887,7705
10888,12645
10889,9436
10890,9468
10891,10273
10892,10793
10893,7291
10894,10458
10895,8684
10896,5294
10897,12475
10898,11678
10899,6478
10900,11368
10901,11150
10902,6878
10903,14576
10904,10966
10905,9013
10906,9665
10907,11420
10908,5173
10909,7100
10910,8357
10911,16413
10912,8861
10913,13761
10914,6238
10915,10997
10916,7756
10917,8450
10918,7573
10919,9155
10920,8061
10921,10631
10922,11541
10923,12505
10924,6441
10925,10327
10926,10798
10927,12503
10928,8459
10929,13914
10930,12995
10931,8594
10932,4445
10933,11804
10934,9643
10935,8979
10936,11309
10937,5530
10938,14851
10939,8494
10940,10246
10941,14803
10942,9203
10943,7996
10944,14024
10945,10735
10946,15098
10947,7532
10948,12346
10949,13378
10950,8618
10951,7786
10952,10399
10953,8018
10954,8545
10955,8051
10956,13338
10957,10778
10958,7051
10959,8284
10960,8169
10961,13392
10962,11451
10963,16060
10964,8457
10965,10319
10966,5899
10967,11051
10968,11499
10969,11487
10970,8712
10971,9315
10972,12414
10973,13645
10974,9587
10975,11603
10976,8224
10977,10395
10978,10250
10979,9420
10980,6107
10981,6438
10982,10077
10983,8946
10984,9387
10985,9208
10986,14063
10987,7306
10988,8701
10989,11456
10990,8330
10991,5433
10992,14038
10993,5487
10994,10943
10995,10829
10996,9812
10997,11632
10998,20169
10999,12834
11000,11651
11001,7134
11002,12874
11003,10774
11004,5547
11005,5504
11006,11732
11007,6146
11008,12519
11009,16542
11010,12577
11011,12081
11012,9217
11013,11839
11014,11811
11015,11473
11016,11555
11017,13945
11018,14811
11019,11399
11020,12368
11021,8245
11022,10399
11023,6715
11024,8139
11025,9733
11026,8514
11027,8172
11028,13034
11029,10135
11030,14039
11031,13685
11032,8841
11033,6269
11034,16343
11035,9783
11036,10442
11037,9778
11038,13250
11039,8649
11040,8855
11041,10021
11042,10558
11043,8659
11044,6692
11045,14198
11046,10824
11047,8316
11048,7082
11049,19449
11050,9118
11051,10382
11052,9139
11053,15942
11054,15929
11055,11180
11056,11554
11057,12570
11058,9452
11059,8572
11060,9990
11061,15137
11062,22432
11063,10116
11064,8052
11065,5850
11066,8948
11067,15878
11068,21072
11069,10851
11070,8289
11071,8047
11072,9193
11073,8256
11074,12851
11075,15603
11076,7860
11077,6838
11078,10742
11079,9476
11080,11491
11081,14711
11082,8253
11083,12336
11084,5435
11085,10645
11086,12857
11087,11947
11088,13999
11089,10528
11090,11260
11091,7697
11092,9086
11093,11175
11094,11960
11095,12073
11096,11458
11097,10395
11098,7296
11099,14131
11100,5826
11101,15138
11102,8497
11103,6791
11104,10424
11105,10709
11106,8880
11107,11747
11108,14192
11109,8919
11110,14098
11111,7083
11112,7704
11113,12095
11114,13885
11115,13699
11116,10084
11117,9620
11118,7894
11119,8847
11120,10881
11121,10617
11122,9676
11123,9191
11124,15589
11125,11449
11126,13480
11127,15069
11128,11810
11129,6989
11130,7494
11131,9677
11132,11766
11133,8325
11134,11665
11135,9283
11136,16410
11137,8972
11138,8746
11139,8154
11140,9791
11141,7934
11142,11382
11143,11023
11144,7989
11145,8608
11146,9043
11147,15953
11148,8831
11149,25923
11150,10539
11151,5589
11152,8857
11153,11640
11154,13131
11155,7284
11156,6763
11157,13501
11158,9612
11159,9484
11160,7370
11161,11338
11162,12711
11163,7504
11164,7886
11165,11223
11166,11049
11167,11792
11168,11300
11169,9277
11170,11801
11171,9702
11172,6895
11173,7531
11174,15489
11175,15290
11176,9561
11177,16785
11178,7444
11179,11585
11180,5945
11181,7615
11182,6429
11183,10739
11184,10918
11185,18541
11186,12955
11187,8251
11188,8569
11189,7948
11190,5637
11191,8041
11192,16257
11193,9788
11194,7726
11195,7173
11196,8592
11197,12307
11198,4381
11199,9986
11200,6159
11201,9417
11202,9723
11203,7513
11204,11050
11205,7391
11206,10137
11207,13330
11208,11089
11209,10056
11210,13772
11211,8127
11212,8739
11213,11296
11214,16778
11215,9292
11216,8410
11217,12045
11218,9061
11219,13742
11220,9022
11221,12641
11222,8134
11223,6853
11224,8410
11225,7600
11226,11774
11227,11630
11228,6169
11229,8142
11230,10131
11231,9157
11232,14163
11233,4574
11234,16878
11235,8786
11236,7369
11237,8007
11238,9870
11239,8518
11240,11569
11241,7242
11242,9905
11243,9276
11244,10340
11245,10753
11246,9883
11247,9778
11248,7836
11249,7487
11250,10031
11251,11222
11252,10500
11253,5955
11254,12158
11255,7138
11256,11470
11257,9449
11258,15386
11259,9021
11260,6081
11261,10089
11262,7149
11263,7229
11264,6996
11265,10817
11266,9446
11267,4679
11268,12294
11269,8660
11270,11332
11271,5995
11272,9652
11273,12706
11274,6979
11275,17117
11276,8921
11277,8667
11278,13347
11279,13118
11280,7853
11281,6125
11282,10784
11283,8577
11284,5969
11285,9363
11286,8440
11287,12367
11288,11905
11289,10208
11290,11931
11291,8050
11292,5440
11293,9448
11294,8773
11295,11301
11296,12341
11297,10186
11298,11924
11299,8802
11300,11581
11301,10424
11302,8127
11303,10524
11304,12181
11305,9913
11306,10787
11307,13216
11308,10294
11309,10586
11310,7726
11311,9160
11312,12511
11313,8831
11314,11204
11315,5627
11316,8018
11317,15125
11318,10665
11319,8473
11320,5884
11321,11211
11322,9572
11323,11845
11324,8295
11325,7994
11326,7003
11327,6459
11328,14704
11329,10704
11330,10078
11331,10756
11332,7854
11333,9421
11334,9013
11335,9158
11336,5834
11337,9289
11338,8188
11339,11844
11340,11442
11341,8938
11342,16684
11343,7323
11344,6604
11345,14705
11346,8590
11347,9283
11348,6306
11349,12032
11350,10201
11351,6369
11352,7676
11353,9144
11354,7604
11355,9440
11356,13055
11357,16144
11358,4029
11359,9059
11360,4797
11361,19168
11362,6473
11363,13469
11364,13009
11365,9786
11366,10385
11367,7016
11368,7442
11369,3889
11370,6366
11371,8467
11372,7812
11373,11863
11374,10778
11375,7575
11376,9431
11377,8433
11378,11306
11379,15038
11380,11411
11381,7414
11382,4934
11383,13002
11384,16269
11385,9407
11386,11412
11387,5802
11388,11150
11389,6928
11390,6581
11391,8618
11392,6293
11393,11119
11394,9292
11395,11981
11396,10080
11397,13156
11398,11913
11399,7270
11400,14253
11401,23612
11402,15610
11403,8736
11404,4665
11405,9062
11406,12027
11407,7176
11408,8387
11409,14534
11410,7412
11411,20881
11412,22068
11413,5940
11414,9998
11415,8394
11416,5778
11417,11114
11418,7433
11419,13325
11420,12725
11421,16173
11422,10835
11423,11025
11424,5428
11425,9948
11426,5196
11427,9262
11428,9887
11429,15968
11430,7272
11431,7520
11432,6347
11433,10131
11434,8494
11435,6603
11436,6401
11437,11002
11438,7616
11439,8119
11440,10358
11441,11871
11442,10372
11443,9332
11444,9235
11445,7818
11446,10498
11447,9868
11448,9905
11449,8126
11450,11954
11451,6850
11452,5452
11453,8976
11454,10471
11455,8627
11456,6218
11457,4223
11458,13542
11459,10540
11460,13131
11461,9873
11462,7842
11463,10355
11464,7169
11465,5902
11466,13584
11467,7648
11468,9588
11469,10730
11470,19680
11471,8061
11472,9449
11473,10306
11474,11022
11475,8838
11476,7093
11477,11866
11478,5690
11479,9738
11480,5647
11481,8761
11482,5348
11483,13650
11484,6755
11485,24705
11486,19224
11487,6395
11488,10785
11489,7302
11490,8994
11491,7719
11492,15813
11493,11648
11494,15953
11495,6657
11496,9523
11497,6296
11498,12443
11499,10619
11500,10722
11501,8913
11502,8479
11503,7968
11504,10625
11505,12630
11506,8184
11507,11685
11508,13532
11509,7966
11510,10007
11511,9899
11512,12522
11513,10119
11514,7023
11515,8349
11516,9759
11517,7942
11518,17316
11519,8079
11520,11137
11521,10394
11522,13712
11523,6257
11524,10406
11525,18058
11526,12375
11527,13607
11528,9041
11529,6030
11530,19084
11531,14071
11532,11200
11533,21202
11534,16794
11535,10118
11536,10520
11537,13877
11538,13718
11539,14807
11540,16724
11541,8925
11542,9789
11543,8088
11544,11803
11545,5119
11546,15908
11547,9574
11548,9073
11549,8775
11550,16340
11551,13859
11552,8596
11553,9592
11554,7154
11555,7645
11556,10201
11557,5486
11558,7350
11559,9996
11560,9664
11561,12891
11562,12159
11563,9700
11564,9252
11565,8140
11566,15199
11567,11306
11568,8627
11569,8866
11570,7056
11571,13064
11572,5359
11573,12828
11574,11372
11575,4422
11576,6918
11577,12926
11578,8082
11579,7308
11580,10496
11581,12384
11582,14632
11583,8031
11584,13398
11585,3715
11586,7923
11587,9934
11588,10523
11589,10694
11590,8686
11591,8908
11592,7040
11593,7262
11594,13295
11595,9853
11596,7371
11597,6583
11598,10973
11599,16132
11600,10676
11601,8902
11602,7989
11603,11449
11604,9264
11605,9059
11606,8856
11607,7339
11608,9687
11609,15612
11610,5869
11611,6614
11612,7056
11613,8162
11614,11778
11615,11220
11616,11249
11617,17844
11618,6959
11619,16855
11620,15950
11621,9667
11622,7240
11623,4803
11624,11166
11625,8274
11626,8933
11627,8421
11628,10673
11629,17433
11630,7436
11631,8793
11632,10355
11633,10015
11634,8854
11635,7382
11636,6776
11637,10732
11638,4781
11639,14542
11640,11085
11641,9539
11642,12766
11643,14058
11644,12014
11645,8409
11646,11904
11647,11915
11648,9047
11649,8330
11650,7725
11651,6637
11652,16747
11653,11217
11654,10056
11655,8257
11656,10763
11657,12603
11658,11452
11659,10406
11660,11116
11661,6734
11662,7300
11663,22935
11664,10432
11665,11754
11666,8831
11667,9061
11668,9257
11669,8414
11670,5424
11671,6873
11672,12301
11673,17455
11674,11197
11675,11801
11676,16285
11677,13929
11678,16662
11679,10990
11680,6205
11681,6496
11682,12800
11683,14528
11684,12518
11685,10999
11686,13187
11687,9822
11688,5739
11689,14850
11690,10755
11691,10213
11692,9674
11693,5119
11694,23456
11695,16837
11696,18124
11697,7614
11698,7702
11699,6132
11700,8076
11701,10916
11702,14381
11703,9583
11704,6303
11705,6581
11706,11332
11707,5788
11708,4298
11709,10915
11710,19541
11711,9087
11712,22155
11713,6806
11714,8035
11715,9601
11716,8701
11717,8297
11718,7220
11719,5569
11720,5967
11721,11173
11722,10130
11723,5976
11724,12150
11725,10493
11726,9822
11727,6020
11728,11982
11729,10914
11730,13076
11731,8373
11732,9777
11733,5826
11734,6878
11735,7187
11736,18380
11737,14279
11738,8221
11739,8500
11740,6836
11741,7744
11742,5991
11743,12347
11744,5710
11745,21183
11746,5845
11747,7479
11748,8263
11749,11883
11750,11196
11751,7498
11752,9360
11753,13028
11754,9440
11755,11566
11756,8096
11757,7034
11758,18342
11759,6464
11760,5683
11761,7694
11762,9774
11763,9664
11764,7918
11765,12767
11766,11537
11767,10716
11768,8907
11769,7016
11770,11378
11771,8360
11772,5627
11773,10676
11774,8735
11775,9544
11776,13459
11777,8931
11778,10439
11779,8591
11780,9301
11781,8670
11782,9624
11783,9225
11784,10146
11785,10156
11786,11340
11787,12380
11788,7835
11789,6093
11790,15884
11791,8254
11792,4484
11793,12868
11794,13116
11795,16803
11796,6899
11797,8647
11798,8906
11799,5564
11800,8880
11801,9348
11802,10344
11803,8569
11804,10822
11805,13445
11806,5364
11807,10380
11808,8449
11809,8006
11810,7950
11811,8974
11812,13182
11813,7406
11814,7965
11815,13523
11816,9857
11817,11668
11818,12959
11819,6415
11820,9950
11821,10521
11822,11063
11823,11490
11824,12460
11825,5782
11826,10397
11827,10332
11828,12343
11829,12733
11830,6819
11831,5611
11832,17079
11833,12582
11834,12919
11835,9324
11836,9425
11837,11781
11838,6252
11839,9242
11840,7561
11841,11358
11842,10005
11843,12881
11844,11811
11845,9807
11846,12025
11847,17203
11848,21498
11849,11953
11850,7837
11851,9893
11852,6231
11853,4452
11854,15132
11855,12382
11856,7114
11857,12751
11858,6897
11859,14480
11860,7001
11861,9342
11862,9217
11863,13911
11864,7383
11865,9939
11866,8251
11867,9619
11868,10456
11869,6740
11870,11277
11871,9610
11872,12172
11873,11451
11874,9026
11875,7455
11876,16777
11877,6702
11878,7523
11879,15231
11880,9931
11881,13301
11882,8754
11883,16500
11884,8271
11885,8376
11886,7744
11887,10287
11888,10793
11889,16303
11890,10010
11891,11982
11892,10736
11893,6270
11894,10628
11895,13372
11896,9350
11897,11717
11898,8797
11899,7360
11900,7378
11901,4855
11902,8212
11903,11904
11904,10933
11905,14866
11906,24257
11907,9454
11908,6455
11909,10856
11910,9032
11911,13443
11912,5508
11913,7899
11914,5723
11915,13575
11916,8381
11917,8237
11918,19140
11919,14804
11920,6611
11921,9093
11922,5196
11923,6857
11924,7612
11925,11920
11926,7866
11927,5543
11928,8997
11929,11597
11930,11142
11931,7533
11932,8537
11933,9284
11934,11078
11935,10991
11936,6003
11937,15152
11938,23677
11939,4359
11940,9297
11941,12229
11942,11276
11943,7648
11944,4158
11945,6840
11946,10696
11947,7215
11948,12119
11949,12179
11950,6227
11951,7749
11952,10504
11953,8714
11954,7242
11955,7636
11956,10937
11957,12561
11958,11363
11959,13977
11960,7186
11961,5218
11962,9542
11963,7674
11964,11818
11965,9043
11966,6694
11967,27090
11968,10033
11969,7997
11970,16398
11971,11095
11972,10869
11973,8318
11974,10168
11975,7123
11976,11838
11977,15722
11978,8278
11979,7800
11980,10580
11981,18531
11982,9840
11983,8078
11984,9073
11985,7621
11986,9242
11987,5786
11988,12307
11989,5912
11990,9479
11991,3841
11992,22821
11993,12456
11994,6273
11995,6152
11996,15605
11997,9799
11998,10914
11999,10766
12000,9922
12001,6168
12002,7698
12003,12318
12004,8947
12005,9870
12006,9730
12007,10099
12008,6928
12009,9693
12010,8817
12011,5329
12012,13528
12013,11594
12014,6649
12015,9467
12016,10386
12017,6151
12018,13621
12019,10619
12020,9069
12021,8129
12022,9302
12023,4777
12024,6281
12025,7637
12026,17501
12027,8467
12028,12795
12029,5655
12030,10484
12031,6869
12032,7608
12033,5910
12034,8184
12035,7619
12036,9159
12037,10504
12038,11914
12039,5952
12040,9087
12041,10644
12042,11486
12043,9473
12044,11791
12045,11917
12046,8285
12047,4466
12048,11287
12049,9471
12050,8833
12051,9909
12052,5588
12053,13641
12054,7934
12055,8576
12056,15160
12057,8639
12058,7404
12059,14183
12060,10004
12061,13143
12062,7217
12063,13015
12064,14138
12065,8194
12066,7011
12067,8949
12068,7367
12069,9137
12070,8633
12071,12745
12072,8987
12073,6741
12074,7091
12075,9272
12076,11608
12077,9226
12078,13107
12079,8520
12080,9344
12081,6138
12082,11458
12083,11338
12084,10323
12085,7996
12086,7897
12087,11929
12088,12327
12089,7596
12090,11253
12091,8211
12092,9731
12093,8844
12094,9397
12095,5712
12096,6572
12097,11049
12098,8948
12099,8328
12100,8221
12101,13257
12102,7062
12103,8405
12104,10065
12105,6716
12106,4890
12107,12741
12108,5218
12109,10834
12110,10416
12111,8695
12112,10868
12113,18298
12114,13100
12115,11026
12116,6048
12117,11779
12118,10320
12119,5920
12120,5383
12121,11541
12122,5162
12123,12422
12124,17806
12125,11234
12126,9504
12127,7946
12128,11511
12129,11018
12130,8925
12131,10416
12132,11800
12133,12559
12134,10546
12135,12392
12136,7745
12137,11044
12138,6288
12139,8314
12140,8234
12141,6710
12142,7140
12143,13271
12144,8089
12145,12897
12146,13374
12147,7759
12148,6465
12149,15858
12150,10411
12151,11196
12152,9603
12153,11579
12154,7381
12155,8031
12156,10514
12157,10030
12158,8027
12159,6781
12160,14307
12161,10004
12162,7704
12163,5343
12164,18413
12165,8340
12166,8406
12167,9159
12168,15532
12169,13677
12170,11002
12171,11183
12172,10168
12173,8767
12174,8363
12175,10029
12176,13485
12177,20219
12178,8911
12179,8202
12180,5523
12181,7098
12182,16669
12183,20171
12184,10385
12185,7633
12186,6841
12187,7994
12188,7372
12189,12508
12190,12782
12191,8531
12192,6396
12193,10664
12194,9373
12195,10793
12196,12677
12197,7424
12198,12583
12199,5762
12200,9600
12201,13980
12202,10126
12203,13607
12204,9747
12205,10964
12206,6461
12207,8199
12208,10212
12209,11730
12210,10739
12211,10192
12212,10090
12213,6176
12214,12946
12215,5648
12216,13505
12217,7835
12218,6680
12219,10632
12220,9761
12221,8750
12222,10278
12223,13396
12224,8017
12225,13406
12226,6300
12227,6075
12228,12532
12229,13516
12230,13731
12231,9331
12232,9580
12233,7928
12234,9648
12235,9872
12236,9797
12237,9165
12238,8052
12239,13611
12240,11084
12241,11454
12242,16150
12243,11245
12244,6519
12245,7655
12246,8695
12247,12072
12248,7629
12249,11016
12250,8193
12251,13768
12252,9433
12253,8789
12254,7834
12255,8232
12256,7864
12257,10967
12258,9465
12259,7767
12260,7521
12261,7113
12262,12249
12263,8128
12264,25265
12265,9322
12266,5084
12267,6331
12268,8106
12269,11197
12270,6562
12271,6207
12272,11108
12273,8040
12274,8332
12275,6545
12276,8871
12277,8674
12278,5974
12279,5347
12280,7313
12281,9904
12282,7347
12283,7886
12284,8048
12285,8997
12286,5566
12287,4925
12288,6716
12289,10525
12290,12621
12291,8413
12292,10754
12293,6025
12294,9709
12295,4811
12296,6757
12297,5271
12298,9225
12299,9594
12300,12259
12301,10092
12302,7833
12303,7153
12304,6482
12305,4656
12306,6017
12307,11716
12308,6422
12309,6789
12310,6203
12311,5715
12312,9244
12313,4302
12314,8817
12315,5504
12316,7010
12317,6799
12318,6422
12319,9353
12320,6901
12321,8940
12322,11399
12323,7159
12324,6089
12325,12507
12326,5474
12327,7338
12328,8741
12329,11927
12330,5683
12331,5993
12332,9965
12333,8999
12334,9135
12335,8037
12336,10954
12337,4895
12338,5724
12339,7343
12340,6991
12341,10514
12342,8226
12343,4814
12344,6736
12345,8509
12346,7256
12347,10032
12348,4222
12349,16847
12350,7980
12351,5306
12352,7351
12353,8494
12354,6456
12355,10231
12356,4925
12357,8030
12358,6303
12359,8876
12360,9264
12361,6630
12362,8539
12363,5531
12364,6652
12365,9062
12366,9577
12367,8927
12368,5376
12369,11261
12370,5972
12371,10841
12372,8419
12373,13486
12374,8047
12375,5547
12376,6957
12377,6786
12378,6471
12379,6084
12380,8037
12381,8665
12382,4389
12383,10177
12384,7581
12385,7376
12386,5499
12387,9024
12388,11289
12389,5644
12390,15461
12391,6858
12392,5574
12393,8958
12394,8815
12395,5301
12396,5183
12397,7467
12398,7660
12399,5384
12400,6695
12401,6716
12402,9051
12403,10091
12404,6793
12405,8292
12406,6471
12407,4942
12408,8041
12409,8509
12410,9012
12411,8857
12412,9420
12413,10613
12414,5871
12415,10319
12416,9003
12417,7089
12418,8680
12419,10600
12420,6802
12421,9220
12422,11670
12423,9095
12424,9218
12425,6710
12426,8176
12427,7391
12428,7846
12429,7124
12430,3948
12431,6137
12432,13583
12433,9600
12434,7181
12435,4406
12436,9821
12437,7385
12438,10280
12439,6066
12440,7079
12441,6364
12442,5009
12443,12825
12444,9026
12445,9025
12446,6942
12447,6506
12448,7885
12449,8019
12450,8267
12451,4267
12452,7229
12453,6349
12454,10464
12455,8431
12456,6867
12457,12908
12458,7012
12459,5445
12460,12850
12461,5845
12462,8942
12463,3340
12464,9931
12465,8964
12466,5734
12467,7342
12468,9580
12469,5748
12470,8149
12471,8452
12472,14526
12473,3534
12474,6814
12475,3837
12476,17063
12477,6399
12478,9500
12479,9977
12480,7856
12481,8062
12482,6095
12483,6179
12484,3577
12485,5519
12486,7273
12487,6609
12488,7941
12489,7302
12490,6364
12491,7912
12492,7376
12493,9182
12494,9741
12495,9899
12496,5911
12497,4404
12498,11353
12499,14355
12500,5764
12501,9647
12502,5520
12503,8901
12504,6161
12505,6055
12506,7649
12507,4105
12508,8698
12509,5994
12510,10724
12511,8781
12512,10225
12513,8774
12514,6334
12515,10886
12516,21731
12517,12627
12518,6545
12519,3688
12520,7401
12521,10262
12522,6177
12523,5842
12524,13364
12525,6932
12526,14107
12527,21564
12528,4401
12529,8581
12530,6186
12531,5084
12532,9861
12533,6752
12534,11543
12535,11567
12536,9795
12537,6906
12538,9389
12539,4259
12540,7399
12541,4754
12542,7403
12543,8979
12544,10297
12545,6596
12546,6890
12547,5713
12548,7750
12549,5751
12550,5948
12551,5423
12552,8449
12553,6673
12554,6980
12555,8532
12556,9936
12557,8895
12558,7970
12559,7287
12560,7013
12561,8323
12562,8490
12563,9458
12564,7584
12565,7716
12566,6856
12567,4386
12568,7721
12569,8704
12570,7333
12571,4759
12572,3351
12573,9530
12574,8523
12575,11747
12576,8340
12577,6617
12578,8439
12579,5995
12580,5371
12581,11515
12582,5417
12583,9036
12584,9236
12585,17350
12586,7084
12587,5653
12588,8298
12589,6100
12590,6819
12591,5925
12592,9919
12593,5154
12594,8419
12595,5091
12596,6398
12597,4885
12598,12391
12599,6077
12600,18892
12601,16775
12602,5211
12603,6789
12604,6250
12605,8157
12606,6524
12607,11906
12608,8699
12609,10806
12610,4591
12611,8564
12612,5447
12613,8596
12614,9707
12615,6740
12616,7132
12617,7434
12618,6883
12619,9725
12620,11057
12621,6832
12622,9846
12623,12272
12624,7407
12625,8551
12626,7826
12627,10902
12628,9146
12629,6045
12630,6530
12631,7941
12632,6661
12633,12703
12634,7128
12635,7616
12636,8473
12637,9963
12638,4372
12639,9201
12640,10945
12641,10678
12642,10141
12643,7930
12644,5130
12645,17929
12646,11097
12647,9991
12648,19011
12649,9931
12650,8944
12651,7561
12652,11272
12653,12218
12654,13582
12655,15049
12656,6734
12657,8741
12658,6985
12659,9973
12660,4472
12661,13189
12662,7790
12663,6136
12664,6196
12665,10372
12666,8930
12667,5949
12668,8451
12669,6340
12670,5070
12671,8145
12672,4582
12673,5722
12674,6363
12675,8783
12676,11563
12677,8431
12678,8380
12679,6330
12680,6928
12681,13432
12682,8002
12683,6594
12684,7229
12685,5024
12686,10845
12687,5258
12688,11813
12689,7783
12690,3978
12691,6016
12692,7584
12693,7241
12694,5276
12695,9704
12696,11283
12697,13972
12698,7007
12699,10584
12700,3486
12701,6777
12702,7237
12703,6343
12704,9126
12705,6376
12706,7770
12707,5322
12708,6472
12709,12751
12710,9110
12711,5683
12712,5962
12713,9836
12714,11027
12715,9250
12716,5622
12717,5759
12718,11078
12719,8503
12720,9651
12721,7713
12722,5259
12723,8428
12724,11781
12725,4713
12726,5173
12727,6064
12728,7351
12729,11108
12730,9895
12731,9508
12732,16329
12733,6384
12734,14007
12735,14616
12736,8010
12737,6381
12738,3993
12739,9876
12740,7228
12741,7833
12742,6108
12743,9145
12744,13345
12745,6500
12746,6594
12747,9187
12748,5740
12749,8462
12750,5188
12751,4815
12752,7869
12753,4232
12754,8810
12755,8474
12756,8046
12757,8585
12758,9424
12759,9852
12760,5738
12761,9783
12762,10404
12763,7129
12764,6936
12765,5838
12766,6567
12767,10848
12768,7567
12769,8344
12770,6281
12771,8952
12772,8577
12773,7648
12774,6448
12775,10284
12776,6086
12777,6816
12778,20467
12779,6606
12780,9877
12781,7544
12782,7610
12783,5985
12784,5785
12785,4643
12786,5938
12787,8442
12788,15463
12789,9787
12790,10680
12791,13035
12792,12631
12793,11459
12794,9603
12795,6134
12796,5821
12797,11923
12798,12609
12799,7856
12800,9852
12801,9880
12802,6711
12803,4873
12804,11163
12805,7706
12806,8501
12807,6487
12808,3303
12809,15257
12810,14155
12811,16218
12812,6649
12813,6169
12814,5716
12815,7462
12816,8764
12817,8923
12818,6892
12819,5929
12820,5734
12821,8900
12822,5481
12823,3889
12824,8170
12825,17326
12826,8174
12827,20266
12828,4988
12829,5891
12830,8476
12831,6329
12832,6383
12833,5145
12834,5254
12835,5255
12836,8222
12837,6958
12838,4291
12839,10599
12840,5810
12841,8461
12842,5380
12843,10926
12844,9805
12845,11652
12846,6808
12847,8354
12848,5314
12849,5916
12850,6216
12851,18328
12852,10712
12853,7380
12854,6547
12855,5088
12856,6729
12857,5205
12858,11057
12859,5192
12860,17914
12861,5162
12862,5979
12863,5980
12864,10802
12865,8908
12866,4790
12867,7759
12868,8295
12869,8253
12870,7636
12871,7295
12872,4511
12873,11279
12874,5706
12875,4779
12876,5870
12877,6177
12878,6592
12879,7730
12880,10894
12881,9740
12882,7306
12883,8051
12884,5563
12885,8793
12886,7310
12887,5193
12888,7181
12889,7941
12890,7422
12891,11765
12892,7895
12893,8580
12894,7652
12895,8043
12896,7103
12897,8998
12898,6811
12899,9178
12900,7942
12901,6885
12902,10195
12903,7228
12904,5449
12905,14688
12906,6860
12907,4176
12908,9534
12909,9109
12910,12582
12911,5917
12912,7525
12913,7793
12914,5042
12915,6455
12916,8394
12917,8724
12918,6643
12919,8788
12920,10992
12921,3509
12922,7386
12923,6157
12924,6755
12925,5563
12926,8035
12927,11110
12928,6674
12929,6792
12930,9089
12931,8398
12932,10426
12933,11262
12934,5168
12935,7725
12936,7122
12937,10118
12938,8977
12939,10215
12940,3598
12941,9641
12942,8329
12943,8132
12944,12156
12945,5865
12946,4780
12947,15400
12948,10908
12949,8978
12950,6646
12951,7905
12952,10504
12953,4237
12954,7857
12955,6531
12956,7949
12957,8128
12958,7135
12959,8986
12960,6359
12961,11587
12962,12204
12963,20016
12964,7922
12965,5312
12966,6247
12967,4796
12968,3760
12969,13200
12970,9546
12971,6359
12972,10596
12973,5395
12974,12619
12975,4694
12976,6031
12977,6233
12978,11515
12979,5208
12980,9183
12981,5726
12982,5931
12983,8801
12984,5336
12985,8989
12986,8780
12987,11171
12988,9005
12989,7878
12990,6662
12991,14599
12992,5611
12993,5310
12994,12831
12995,8948
12996,10289
12997,7967
12998,16517
12999,7111
13000,7161
13001,5113
13002,7235
13003,9464
13004,11179
13005,9094
13006,9849
13007,9527
13008,4402
13009,7964
13010,8870
13011,8196
13012,9709
13013,5790
13014,5514
13015,5130
13016,4594
13017,6468
13018,9846
13019,9089
13020,12673
13021,18667
13022,8237
13023,5794
13024,9265
13025,8353
13026,11962
13027,4781
13028,7256
13029,4863
13030,8826
13031,7567
13032,7333
13033,16666
13034,13229
13035,6218
13036,7770
13037,4906
13038,6041
13039,6620
13040,8606
13041,5208
13042,4806
13043,6337
13044,9246
13045,8266
13046,6441
13047,5752
13048,8239
13049,7567
13050,8632
13051,4543
13052,13264
13053,22041
13054,3966
13055,8177
13056,10426
13057,9248
13058,6259
13059,3807
13060,5663
13061,9065
13062,5254
13063,9971
13064,10562
13065,5539
13066,6282
13067,8338
13068,7351
13069,5110
13070,7075
13071,8719
13072,11308
13073,9280
13074,12839
13075,6485
13076,4657
13077,8318
13078,6676
13079,10241
13080,6739
13081,5406
13082,25879
13083,8428
13084,7130
13085,12380
13086,9229
13087,9222
13088,7414
13089,9081
13090,5391
13091,10224
13092,15178
13093,6826
13094,6772
13095,7091
13096,16521
13097,7403
13098,6528
13099,7629
13100,6248
13101,8071
13102,4914
13103,10653
13104,5274
13105,8524
13106,3532
13107,21860
13108,10656
13109,5340
13110,4593
13111,9411
13112,7576
13113,7423
13114,9457
13115,6913
13116,5788
13117,4834
13118,11209
13119,6082
13120,7398
13121,8891
13122,8633
13123,5211
13124,8357
13125,7348
13126,4779
13127,8830
13128,9900
13129,5534
13130,8556
13131,7978
13132,5683
13133,9809
13134,6518
13135,8319
13136,7616
13137,8700
13138,4635
13139,5586
13140,6593
13141,12942
13142,8411
13143,11150
13144,4652
13145,9017
13146,5686
13147,6751
13148,4902
13149,7191
13150,6774
13151,8166
13152,7297
13153,10461
13154,5346
13155,6221
13156,8670
13157,9854
13158,7257
13159,11322
13160,10821
13161,7685
13162,3588
13163,9016
13164,5761
13165,6496
13166,8643
13167,4628
13168,12416
13169,5510
13170,7590
13171,12755
13172,7437
13173,4561
13174,9217
13175,6552
13176,11970
13177,6419
13178,10893
13179,11345
13180,6162
13181,5824
13182,7868
13183,6690
13184,6850
13185,6461
13186,11059
13187,8015
13188,6349
13189,4820
13190,6663
13191,7521
13192,7797
13193,10165
13194,7378
13195,8141
13196,4414
13197,7718
13198,10107
13199,7106
13200,7156
13201,7241
13202,8457
13203,10973
13204,6659
13205,9658
13206,5725
13207,6118
13208,8210
13209,8075
13210,5434
13211,4847
13212,8316
13213,8306
13214,6998
13215,7077
13216,8453
13217,6492
13218,6750
13219,8021
13220,6119
13221,3856
13222,10881
13223,4737
13224,9455
13225,8363
13226,7508
13227,8216
13228,14105
13229,10697
13230,10270
13231,5354
13232,8723
13233,8996
13234,4655
13235,3398
13236,9066
13237,4383
13238,8352
13239,13629
13240,7850
13241,8494
13242,4845
13243,9875
13244,7226
13245,7553
13246,9078
13247,10207
13248,9971
13249,7119
13250,8243
13251,6310
13252,8689
13253,5690
13254,5546
13255,7591
13256,6120
13257,6172
13258,9003
13259,5225
13260,11772
13261,8001
13262,5004
13263,5188
13264,9896
13265,7711
13266,6351
13267,8359
13268,7161
13269,6925
13270,7042
13271,7865
13272,8764
13273,7358
13274,4975
13275,11222
13276,8452
13277,5746
13278,4370
13279,12571
13280,7146
13281,6751
13282,8355
13283,13542
13284,8587
13285,9886
13286,9957
13287,9057
13288,6245
13289,7203
13290,8725
13291,10937
13292,14462
13293,5736
13294,7190
13295,4691
13296,5772
13297,10314
13298,17800
13299,8344
13300,6056
13301,5284
13302,7517
13303,6490
13304,11977
13305,9718
13306,6442
13307,5135
13308,9386
13309,6213
13310,9464
13311,11774
13312,5711
13313,8398
13314,3984
13315,8523
13316,9168
13317,8360
13318,11517
13319,7781
13320,9474
13321,4627
13322,7309
13323,8164
13324,10643
13325,8772
13326,9187
13327,7782
13328,5567
13329,11188
13330,5099
13331,11662
13332,6977
13333,4648
13334,8615
13335,8524
13336,7505
13337,8747
13338,10390
13339,5431
13340,12806
13341,4800
13342,5158
13343,7921
13344,8869
13345,10842
13346,8580
13347,8102
13348,6027
13349,6339
13350,8866
13351,7654
13352,8052
13353,5679
13354,11798
13355,7957
13356,9887
13357,12368
13358,10771
13359,4832
13360,5228
13361,7151
13362,11364
13363,6863
13364,8793
13365,5459
13366,12263
13367,6832
13368,6429
13369,5305
13370,6379
13371,5544
13372,6633
13373,7995
13374,5286
13375,5930
13376,4760
13377,10697
13378,7811
13379,24089
13380,8434
13381,4780
13382,5839
13383,8157
13384,10949
13385,5679
13386,5813
13387,10499
13388,8573
13389,8169
13390,6457
13391,8382
13392,8903
13393,5493
13394,5904
13395,7852
13396,9359
13397,7616
13398,7982
13399,7961
13400,9965
13401,6244
13402,5071
13403,6558
13404,10912
13405,12553
13406,8657
13407,11154
13408,6125
13409,9652
13410,5157
13411,6656
13412,4881
13413,8919
13414,9227
13415,13192
13416,10003
13417,8158
13418,6740
13419,6261
13420,4880
13421,6569
13422,11567
13423,6806
13424,6298
13425,6403
13426,6272
13427,8989
13428,3970
13429,8412
13430,5405
13431,7809
13432,7627
13433,6408
13434,9221
13435,6246
13436,9261
13437,11203
13438,7447
13439,6429
13440,10967
13441,5184
13442,7164
13443,8781
13444,13061
13445,6337
13446,6559
13447,9540
13448,8328
13449,9524
13450,7667
13451,10906
13452,5351
13453,5530
13454,6868
13455,6911
13456,10289
13457,8700
13458,4557
13459,6302
13460,9050
13461,7197
13462,11383
13463,4084
13464,15217
13465,7753
13466,5412
13467,7122
13468,7929
13469,6743
13470,9846
13471,5042
13472,7855
13473,6544
13474,9118
13475,8651
13476,6364
13477,8861
13478,6001
13479,6457
13480,9041
13481,9326
13482,8515
13483,5248
13484,10830
13485,5841
13486,9967
13487,8222
13488,13679
13489,7706
13490,5196
13491,7572
13492,6748
13493,6338
13494,5793
13495,8222
13496,8253
13497,4301
13498,9932
13499,7094
13500,7993
13501,5173
13502,7972
13503,9929
13504,5283
13505,14250
13506,6691
13507,5821
13508,8817
13509,9589
13510,5553
13511,5274
13512,8143
13513,7474
13514,5197
13515,7071
13516,6599
13517,9127
13518,9963
13519,7331
13520,8360
13521,6373
13522,4702
13523,7514
13524,8913
13525,8677
13526,9472
13527,9077
13528,10184
13529,6098
13530,10020
13531,8699
13532,6339
13533,8365
13534,10752
13535,7303
13536,9864
13537,11250
13538,8758
13539,9108
13540,6968
13541,7942
13542,8441
13543,7630
13544,7538
13545,4148
13546,6191
13547,12486
13548,8990
13549,7035
13550,4438
13551,9648
13552,7455
13553,9874
13554,6422
13555,6802
13556,6051
13557,4832
13558,12449
13559,8456
13560,8965
13561,7320
13562,6609
13563,7341
13564,7365
13565,8439
13566,4465
13567,7260
13568,6176
13569,9980
13570,8471
13571,7079
13572,13374
13573,5720
13574,5455
13575,12237
13576,5927
13577,7880
13578,3668
13579,10099
13580,8870
13581,6281
13582,7373
13583,7766
13584,6006
13585,7867
13586,9428
13587,13279
13588,3433
13589,7288
13590,3763
13591,16636
13592,5589
13593,9774
13594,9814
13595,7577
13596,7859
13597,5880
13598,6138
13599,3477
13600,5334
13601,7519
13602,6349
13603,8056
13604,7574
13605,6573
13606,7671
13607,7085
13608,9304
13609,10595
13610,9643
13611,5890
13612,4769
13613,10771
13614,12580
13615,6503
13616,8815
13617,5246
13618,8687
13619,6248
13620,5658
13621,7246
13622,4729
13623,8162
13624,6040
13625,10282
13626,8472
13627,10009
13628,8813
13629,6605
13630,10274
13631,20773
13632,12125
13633,6111
13634,3803
13635,7126
13636,10022
13637,5818
13638,6447
13639,14129
13640,6795
13641,14973
13642,20878
13643,4557
13644,8471
13645,6204
13646,5126
13647,11520
13648,6018
13649,10565
13650,11318
13651,9730
13652,7566
13653,9284
13654,4684
13655,7176
13656,4542
13657,7159
13658,8731
13659,10505
13660,7027
13661,6872
13662,5530
13663,8161
13664,5856
13665,5664
13666,5402
13667,8783
13668,6912
13669,7114
13670,8110
13671,9500
13672,8692
13673,7761
13674,7333
13675,6319
13676,8059
13677,8346
13678,9606
13679,7645
13680,8556
13681,6372
13682,4527
13683,6965
13684,8326
13685,7400
13686,4903
13687,3614
13688,9844
13689,8523
13690,10933
13691,8047
13692,6925
13693,8761
13694,6036
13695,5159
13696,11670
13697,5701
13698,8786
13699,8769
13700,17467
13701,7449
13702,6604
13703,8499
13704,6632
13705,8584
13706,6366
13707,9224
13708,4948
13709,8546
13710,5015
13711,6775
13712,4456
13713,12109
13714,6131
13715,18116
13716,16307
13717,5879
13718,7239
13719,6009
13720,7975
13721,6499
13722,12323
13723,9269
13724,11262
13725,4874
13726,8361
13727,5659
13728,9102
13729,9195
13730,7568
13731,7222
13732,7709
13733,7231
13734,9640
13735,11391
13736,6783
13737,9555
13738,11568
13739,7590
13740,8251
13741,8073
13742,10635
13743,8820
13744,6191
13745,6438
13746,8000
13747,6455
13748,12452
13749,7225
13750,8800
13751,7937
13752,10218
13753,4757
13754,8769
13755,11808
13756,10275
13757,10156
13758,7777
13759,5140
13760,16501
13761,10926
13762,10223
13763,19667
13764,11323
13765,8715
13766,7635
13767,11219
13768,12163
13769,12799
13770,13880
13771,6641
13772,8368
13773,6844
13774,10307
13775,4496
13776,13788
13777,7292
13778,6240
13779,6595
13780,10656
13781,8782
13782,6096
13783,8043
13784,5939
13785,5287
13786,8426
13787,4829
13788,5624
13789,7059
13790,7911
13791,11654
13792,8994
13793,8563
13794,7037
13795,6857
13796,13417
13797,8280
13798,6458
13799,6841
13800,5309
13801,10232
13802,5106
13803,11853
13804,8044
13805,3956
13806,5527
13807,8092
13808,7153
13809,5668
13810,9709
13811,11588
13812,13085
13813,6551
13814,11014
13815,3192
13816,6649
13817,7104
13818,6424
13819,8485
13820,6405
13821,7756
13822,5323
13823,6427
13824,11807
13825,8738
13826,5838
13827,5671
13828,9478
13829,11478
13830,10857
13831,5876
13832,5910
13833,9580
13834,7559
13835,8779
13836,7352
13837,5619
13838,8130
13839,11929
13840,4955
13841,5033
13842,5904
13843,7006
13844,10558
13845,9398
13846,8855
13847,16056
13848,6126
13849,12722
13850,13639
13851,7997
13852,6311
13853,4190
13854,9209
13855,6842
13856,7442
13857,6883
13858,8415
13859,13016
13860,5968
13861,7024
13862,8808
13863,6335
13864,8643
13865,5496
13866,5212
13867,8068
13868,3936
13869,9810
13870,8660
13871,8012
13872,8767
13873,9902
13874,9467
13875,6575
13876,9254
13877,10060
13878,6943
13879,6463
13880,5815
13881,5829
13882,11392
13883,8847
13884,8124
13885,6200
13886,8286
13887,9616
13888,8398
13889,6836
13890,9429
13891,6102
13892,7061
13893,20278
13894,7121
13895,10124
13896,7571
13897,7347
13898,6590
13899,5759
13900,4452
13901,6547
13902,9356
13903,14611
13904,9823
13905,10313
13906,13314
13907,12523
13908,12226
13909,9746
13910,6119
13911,5562
13912,11629
13913,12470
13914,8293
13915,9622
13916,9810
13917,6854
13918,4905
13919,11311
13920,7667
13921,7998
13922,6858
13923,3319
13924,15456
13925,13927
13926,16691
13927,6877
13928,5898
13929,5440
13930,7350
13931,8123
13932,9099
13933,7344
13934,5575
13935,5735
13936,8673
13937,4675
13938,3943
13939,8066
13940,16132
13941,8129
13942,19809
13943,5253
13944,6428
13945,7766
13946,6570
13947,6188
13948,5406
13949,5052
13950,4812
13951,8716
13952,7627
13953,4355
13954,10224
13955,6271
13956,7979
13957,5223
13958,10638
13959,9199
13960,11460
13961,6218
13962,8446
13963,5088
13964,5699
13965,5887
13966,16485
13967,11231
13968,7671
13969,6619
13970,5365
13971,6747
13972,6013
13973,12504
13974,5003
13975,16861
13976,4919
13977,5875
13978,6179
13979,10657
13980,8807
13981,4987
13982,7535
13983,8650
13984,8567
13985,7988
13986,6732
13987,4957
13988,11891
13989,5416
13990,4619
13991,6052
13992,6862
13993,6729
13994,7217
13995,10444
13996,9679
13997,7433
13998,7918
13999,5126
14000,8938
14001,6939
14002,5163
14003,7485
14004,7734
14005,7194
14006,11605
14007,7535
14008,8035
14009,7634
14010,7864
14011,6920
14012,8821
14013,7448
14014,8515
14015,7858
14016,7005
14017,10350
14018,7134
14019,5188
14020,14185
14021,7134
14022,3770
14023,9195
14024,9428
14025,12267
14026,5844
14027,7270
14028,7574
14029,4613
14030,6509
14031,8026
14032,8948
14033,6704
14034,8520
14035,10717
14036,3730
14037,7431
14038,6660
14039,6435
14040,5900
14041,7916
14042,10260
14043,6115
14044,6336
14045,9430
14046,8290
14047,10564
14048,10324
14049,5367
14050,7563
14051,7331
14052,9487
14053,8991
14054,9569
14055,5628
14056,9939
14057,8330
14058,8605
14059,11174
14060,5364
14061,4730
14062,14939
14063,10214
14064,9355
14065,6819
14066,7896
14067,10227
14068,4489
14069,8037
14070,6223
14071,9124
14072,8308
14073,7541
14074,9064
14075,6751
14076,10522
14077,12359
14078,18907
14079,8244
14080,5383
14081,6688
14082,4782
14083,3658
14084,12566
14085,9389
14086,6299
14087,10103
14088,5920
14089,12331
14090,5152
14091,6516
14092,6625
14093,10847
14094,5441
14095,7938
14096,6022
14097,6152
14098,8589
14099,5885
14100,8517
14101,8543
14102,10544
14103,9051
14104,7976
14105,6812
14106,13593
14107,5413
14108,5799
14109,12430
14110,8313
14111,10400
14112,7765
14113,16457
14114,7041
14115,6645
14116,5494
14117,7373
14118,9705
14119,11895
14120,8436
14121,9996
14122,9109
14123,4487
14124,7995
14125,9013
14126,8304
14127,10083
14128,6462
14129,5438
14130,5343
14131,4283
14132,6269
14133,9892
14134,9549
14135,12674
14136,18915
14137,7854
14138,5586
14139,8398
14140,8146
14141,11112
14142,4868
14143,7190
14144,4927
14145,9783
14146,7466
14147,7196
14148,16106
14149,13051
14150,6005
14151,7800
14152,4715
14153,6026
14154,6292
14155,9460
14156,5474
14157,5037
14158,6288
14159,9193
14160,8885
14161,5871
14162,6382
14163,8593
14164,7808
14165,8467
14166,4323
14167,12240
14168,20680
14169,3923
14170,8315
14171,10172
14172,8959
14173,5857
14174,3936
14175,5217
14176,9342
14177,5375
14178,9286
14179,10162
14180,5547
14181,6400
14182,8415
14183,7286
14184,5242
14185,6885
14186,8352
14187,10692
14188,9227
14189,11685
14190,6651
14191,4506
14192,7989
14193,6563
14194,10767
14195,7026
14196,5318
14197,24105
14198,8181
14199,7017
14200,12529
14201,8474
14202,8608
14203,7271
14204,8709
14205,5270
14206,10263
14207,15270
14208,6719
14209,6608
14210,6994
14211,15422
14212,7448
14213,6521
14214,7362
14215,6136
14216,7535
14217,5074
14218,10406
14219,4996
14220,8184
14221,3227
14222,21645
14223,10488
14224,4850
14225,4952
14226,11093
14227,7235
14228,7639
14229,9307
14230,7216
14231,5694
14232,5167
14233,10734
14234,6282
14235,7406
14236,8496
14237,8262
14238,5329
14239,8284
14240,7542
14241,4540
14242,9254
14243,9746
14244,5218
14245,8500
14246,8223
14247,5422
14248,10365
14249,6707
14250,7981
14251,7754
14252,9038
14253,4369
14254,5725
14255,6399
14256,14390
14257,7083
14258,10573
14259,4701
14260,9173
14261,5028
14262,6550
14263,4834
14264,7022
14265,6494
14266,8168
14267,7913
14268,10359
14269,5496
14270,6914
14271,8059
14272,9639
14273,7322
14274,9706
14275,10512
14276,7646
14277,3641
14278,8920
14279,5930
14280,6605
14281,8390
14282,4603
14283,12168
14284,5907
14285,7440
14286,12451
14287,7654
14288,4993
14289,0
14290,7049
14291,11284
14292,6099
14293,10195
14294,11641
14295,6743
14296,5605
14297,7726
14298,6535
14299,6742
14300,6576
14301,10803
14302,7993
14303,5913
14304,5151
14305,6828
14306,8066
14307,7620
14308,9927
14309,7118
14310,7907
14311,5005
14312,8391
14313,8797
14314,7511
14315,7234
14316,6962
14317,8840
14318,10843
14319,6448
14320,9228
14321,5770
14322,7126
14323,8300
14324,7661
14325,5067
14326,4902
14327,7532
14328,8712
14329,6743
14330,6701
14331,9132
14332,6459
14333,6745
14334,7406
14335,6021
14336,3940
14337,9511
14338,4511
14339,8612
14340,8196
14341,7148
14342,8017
14343,14342
14344,10264
14345,9009
14346,5071
14347,9726
14348,8675
14349,4468
14350,3671
14351,9777
14352,4206
14353,8604
14354,13367
14355,8901
14356,7995
14357,5272
14358,9143
14359,7931
14360,7414
14361,9040
14362,9642
14363,10139
14364,7170
14365,8900
14366,5930
14367,8136
14368,5626
14369,5780
14370,7728
14371,6135
14372,5888
14373,9143
14374,5275
14375,11412
14376,8282
14377,5668
14378,5027
14379,10909
14380,7944
14381,7038
14382,7865
14383,7462
14384,6898
14385,6823
14386,7766
14387,8510
14388,6902
14389,5115
14390,10907
14391,7973
14392,6439
14393,4185
14394,12758
14395,7638
14396,6438
14397,8081
14398,12445
14399,9125
14400,9142
14401,9843
14402,8620
14403,6403
14404,7090
14405,8559
14406,10773
14407,14092
14408,5715
14409,6967
14410,4733
14411,5589
14412,10685
14413,17617
14414,7911
14415,6327
14416,5908
14417,7493
14418,6720
14419,10991
14420,10237
14421,6566
14422,4990
14423,8851
14424,6400
14425,9521
14426,11363
14427,5714
14428,8733
14429,4331
14430,8538
14431,9228
14432,8115
14433,10651
14434,7482
14435,8967
14436,4774
14437,7756
14438,7822
14439,10205
14440,8664
14441,9466
14442,7711
14443,5288
14444,11031
14445,5022
14446,11375
14447,6932
14448,4705
14449,6714
14450,8122
14451,7246
14452,8239
14453,10362
14454,5909
14455,11995
14456,5028
14457,5189
14458,8400
14459,9474
14460,11010
14461,8001
14462,8159
14463,5958
14464,6928
14465,8741
14466,7686
14467,7817
14468,5973
14469,11579
14470,7516
14471,9980
14472,12390
14473,9997
14474,4986
14475,5310
14476,6837
14477,11420
14478,6357
14479,8622
14480,5567
14481,12205
14482,7017
14483,6585
14484,5935
14485,6625
14486,5794
14487,6917
14488,7503
14489,5407
14490,5955
14491,5057
14492,10303
14493,8071
14494,22917
14495,8112
14496,4452
14497,5170
14498,7818
14499,9696
14500,5295
14501,5336
14502,9986
14503,6650
14504,7839
14505,6397
14506,7562
14507,8203
14508,5330
14509,5750
14510,7521
14511,8450
14512,6604
14513,8074
14514,7264
14515,8320
14516,6604
14517,5237
14518,6252
14519,10663
14520,10435
14521,7684
14522,10408
14523,5329
14524,8499
14525,4079
14526,6178
14527,4659
14528,8379
14529,8393
14530,12239
14531,10083
14532,7346
14533,6213
14534,5053
14535,4387
14536,6262
14537,10796
14538,6761
14539,5951
14540,6059
14541,6086
14542,8121
14543,3897
14544,8190
14545,4927
14546,8459
14547,7666
14548,5808
14549,8566
14550,5704
14551,8913
14552,9378
14553,7623
14554,6001
14555,9334
14556,5133
14557,6595
14558,7802
14559,12547
14560,5809
14561,6547
14562,8389
14563,7655
14564,9288
14565,7154
14566,10289
14567,5060
14568,4825
14569,6006
14570,6578
14571,10149
14572,8539
14573,4233
14574,6040
14575,8623
14576,7879
14577,10288
14578,4168
14579,13061
14580,7619
14581,5077
14582,6158
14583,7090
14584,6711
14585,8549
14586,4753
14587,6658
14588,7276
14589,8311
14590,7525
14591,5603
14592,7679
14593,5865
14594,6149
14595,8563
14596,8456
14597,7290
14598,5153
14599,10454
14600,5512
14601,9438
14602,7929
14603,13128
14604,7222
14605,4504
14606,7517
14607,6335
14608,6315
14609,5431
14610,8889
14611,7686
14612,3978
14613,8972
14614,6379
14615,7654
14616,4906
14617,7627
14618,8866
14619,5718
14620,12489
14621,6025
14622,5937
14623,8559
14624,9645
14625,5270
14626,4851
14627,7750
14628,6676
14629,5014
14630,6842
14631,6299
14632,9668
14633,8459
14634,7557
14635,7766
14636,5744
14637,4712
14638,6843
14639,8435
14640,7791
14641,9270
14642,8614
14643,9490
14644,6340
14645,8945
14646,8060
14647,5780
14648,7452
14649,9207
14650,7626
14651,7550
14652,10580
14653,8647
14654,8710
14655,6346
14656,7747
14657,8350
14658,7043
14659,7300
14660,4427
14661,5682
14662,10370
14663,8336
14664,6655
14665,4412
14666,8656
14667,7063
14668,8618
14669,6786
14670,6505
14671,5333
14672,4202
14673,11086
14674,7371
14675,7725
14676,7203
14677,5878
14678,6397
14679,6828
14680,8352
14681,4570
14682,7087
14683,5738
14684,9272
14685,8600
14686,6914
14687,14073
14688,4924
14689,5335
14690,11151
14691,5315
14692,7741
14693,3647
14694,9117
14695,8362
14696,6156
14697,6797
14698,6784
14699,6112
14700,7171
14701,8006
14702,11143
14703,3469
14704,6816
14705,3560
14706,14834
14707,5002
14708,9103
14709,10262
14710,7435
14711,7120
14712,5478
14713,5314
14714,3269
14715,4895
14716,6693
14717,5693
14718,8101
14719,7610
14720,5739
14721,7047
14722,6804
14723,8762
14724,10327
14725,8406
14726,5668
14727,4689
14728,9865
14729,11730
14730,6072
14731,8277
14732,5098
14733,7757
14734,5771
14735,5397
14736,6897
14737,4573
14738,7200
14739,5800
14740,9345
14741,7787
14742,8798
14743,7931
14744,5977
14745,9477
14746,18351
14747,10711
14748,5284
14749,3742
14750,6497
14751,8566
14752,5506
14753,6664
14754,14152
14755,6367
14756,13252
14757,21307
14758,4771
14759,7452
14760,5704
14761,4301
14762,8424
14763,5727
14764,8933
14765,10259
14766,8965
14767,7062
14768,8152
14769,5209
14770,7485
14771,4217
14772,7150
14773,7415
14774,11022
14775,6711
14776,6570
14777,5002
14778,7903
14779,6066
14780,5626
14781,4841
14782,8570
14783,6269
14784,6629
14785,7690
14786,8327
14787,7626
14788,6484
14789,6466
14790,5828
14791,7290
14792,7674
14793,9999
14794,7187
14795,8275
14796,6151
14797,4494
14798,6356
14799,7301
14800,6718
14801,4917
14802,3131
14803,9311
14804,7237
14805,10516
14806,7010
14807,6279
14808,7771
14809,5242
14810,4880
14811,10583
14812,6393
14813,8202
14814,8588
14815,14694
14816,6650
14817,5406
14818,7931
14819,5299
14820,5970
14821,6338
14822,7994
14823,4683
14824,8273
14825,4753
14826,5636
14827,3933
14828,10613
14829,5719
14830,15109
14831,14138
14832,5521
14833,7233
14834,5621
14835,7470
14836,5740
14837,12557
14838,8700
14839,9933
14840,4786
14841,8191
14842,5616
14843,9690
14844,8510
14845,7715
14846,6651
14847,7223
14848,7578
14849,9507
14850,9358
14851,6573
14852,8243
14853,10193
14854,7004
14855,7854
14856,7309
14857,9067
14858,7769
14859,5823
14860,5943
14861,6873
14862,5904
14863,11067
14864,6934
14865,8336
14866,7311
14867,9889
14868,4894
14869,7872
14870,10587
14871,8886
14872,9022
14873,6814
14874,4490
14875,15344
14876,9295
14877,8961
14878,17810
14879,9289
14880,8535
14881,7514
14882,9590
14883,10814
14884,11332
14885,12820
14886,6067
14887,7487
14888,6249
14889,10114
14890,4283
14891,10435
14892,6549
14893,6160
14894,6702
14895,9141
14896,8190
14897,5806
14898,7935
14899,5386
14900,4896
14901,7834
14902,4703
14903,5296
14904,6263
14905,7268
14906,10874
14907,9838
14908,7617
14909,6983
14910,6533
14911,11600
14912,7502
14913,6191
14914,5738
14915,5337
14916,9899
14917,4707
14918,13171
14919,7655
14920,3571
14921,4951
14922,7829
14923,6931
14924,6176
14925,9552
14926,10522
14927,11831
14928,6200
14929,11858
14930,3066
14931,6061
14932,7102
14933,6184
14934,7875
14935,6530
14936,7418
14937,5206
14938,5884
14939,11796
14940,9003
14941,5052
14942,5399
14943,9371
14944,10143
14945,8115
14946,6034
14947,5401
14948,8866
14949,6543
14950,8622
14951,6025
14952,5988
14953,7883
14954,9713
14955,4176
14956,4983
14957,5168
14958,6005
14959,9983
14960,8787
14961,9040
14962,12894
14963,5677
14964,11587
14965,12489
14966,7593
14967,5675
14968,3657
14969,8461
14970,6292
14971,6584
14972,6891
14973,7300
14974,11801
14975,5274
14976,6301
14977,8168
14978,4962
14979,8882
14980,5900
14981,4525
14982,7693
14983,3814
14984,8018
14985,8622
14986,7591
14987,8320
14988,9505
14989,8516
14990,6385
14991,8562
14992,9893
14993,7000
14994,6278
14995,6541
14996,5428
14997,10682
14998,8058
14999,6744
15000,5617
15001,7546
15002,9270
15003,7926
15004,6653
15005,9164
15006,5673
15007,7443
15008,17985
15009,6987
15010,10051
15011,6138
15012,6686
15013,6795
15014,5747
15015,4362
15016,6049
15017,9678
15018,13610
15019,8776
15020,10365
15021,10743
15022,11642
15023,11749
15024,8995
15025,5572
15026,5168
15027,10567
15028,11819
15029,9024
15030,8402
15031,9185
15032,6671
15033,4270
15034,11544
15035,7470
15036,6792
15037,6781
15038,3016
15039,13351
15040,11950
15041,14494
15042,6617
15043,5571
15044,5549
15045,6939
15046,7050
15047,8335
15048,7453
15049,5297
15050,5561
15051,7528
15052,4036
15053,3638
15054,6488
15055,14506
15056,7760
15057,19286
15058,4683
15059,6257
15060,7199
15061,6490
15062,5251
15063,5767
15064,4746
15065,4199
15066,9366
15067,7488
15068,4511
15069,9970
15070,6298
15071,7363
15072,4899
15073,10293
15074,8180
15075,9761
15076,5642
15077,7386
15078,4882
15079,5422
15080,5339
15081,14909
15082,11491
15083,7161
15084,5701
15085,5639
15086,6780
15087,4520
15088,9118
15089,4622
15090,15311
15091,4665
15092,5466
15093,5971
15094,10683
15095,8063
15096,5313
15097,6969
15098,7564
15099,7820
15100,8264
15101,6264
15102,4719
15103,10064
15104,5250
15105,4274
15106,6166
15107,7395
15108,6133
15109,6623
15110,9179
15111,9135
15112,7417
15113,7832
15114,4773
15115,9247
15116,6251
15117,4993
15118,7563
15119,7318
15120,6658
15121,10023
15122,7092
15123,7013
15124,7478
15125,6735
15126,5998
15127,7910
15128,8423
15129,7421
15130,6881
15131,7178
15132,9797
15133,7198
15134,4956
15135,12874
15136,5900
15137,3435
15138,8493
15139,10486
15140,10625
15141,5499
15142,6829
15143,7328
15144,4514
15145,6788
15146,7656
15147,7683
15148,6403
15149,7145
15150,9543
15151,3717
15152,6471
15153,6241
15154,5631
15155,5699
15156,7366
15157,9177
15158,6001
15159,5873
15160,8566
15161,7678
15162,9419
15163,9554
15164,5612
15165,7231
15166,7552
15167,8491
15168,8313
15169,9013
15170,3740
15171,10180
15172,7660
15173,7763
15174,10868
15175,5016
15176,4307
15177,12907
15178,8966
15179,9330
15180,6277
15181,6829
15182,9530
15183,4216
15184,7581
15185,5618
15186,8781
15187,6606
15188,7056
15189,9163
15190,6088
15191,9593
15192,11860
15193,17710
15194,7776
15195,5128
15196,6628
15197,4795
15198,3486
15199,11644
15200,8324
15201,6492
15202,9468
15203,6364
15204,10778
15205,5388
15206,6627
15207,6951
15208,9551
15209,5715
15210,7266
15211,6295
15212,5818
15213,7871
15214,5510
15215,7821
15216,8298
15217,9502
15218,8356
15219,7238
15220,6363
15221,11684
15222,5179
15223,5808
15224,11823
15225,7581
15226,9700
15227,7334
15228,16495
15229,6309
15230,5913
15231,5554
15232,6351
15233,9299
15234,12078
15235,7996
15236,8386
15237,8404
15238,4454
15239,7937
15240,7784
15241,7621
15242,8859
15243,6055
15244,5432
15245,5684
15246,3985
15247,5367
15248,8996
15249,7594
15250,11737
15251,18167
15252,7361
15253,5167
15254,7652
15255,7890
15256,10006
15257,4693
15258,6797
15259,4703
15260,8876
15261,7356
15262,7044
15263,13847
15264,13438
15265,5354
15266,7469
15267,4540
15268,5798
15269,5537
15270,9646
15271,5095
15272,4987
15273,6072
15274,8226
15275,6966
15276,5131
15277,6049
15278,8070
15279,7700
15280,7531
15281,3641
15282,11370
15283,18976
15284,3847
15285,7962
15286,8859
15287,7907
15288,5274
15289,3476
15290,4786
15291,8151
15292,5424
15293,8028
15294,9471
15295,5014
15296,5954
15297,7613
15298,6721
15299,5482
15300,6516
15301,7485
15302,10492
15303,8301
15304,10695
15305,6364
15306,4193
15307,6761
15308,6077
15309,9852
15310,6882
15311,4764
15312,22225
15313,7459
15314,6378
15315,12494
15316,7634
15317,7781
15318,6739
15319,7720
15320,5316
15321,9654
15322,14320
15323,5924
15324,5798
15325,6770
15326,13072
15327,7278
15328,6006
15329,6728
15330,6077
15331,6460
15332,5051
15333,9352
15334,4372
15335,7075
15336,3292
15337,22312
15338,9556
15339,4401
15340,5595
15341,10826
15342,6437
15343,7399
15344,8666
15345,6698
15346,5855
15347,4676
15348,9706
15349,6130
15350,6805
15351,7588
15352,8040
15353,5296
15354,7965
15355,7303
15356,4199
15357,8471
15358,10034
15359,4870
15360,8107
15361,8035
15362,5475
15363,10354
15364,5769
15365,7337
15366,7445
15367,8750
15368,4050
15369,5368
15370,5894
15371,10964
15372,6409
15373,9747
15374,4512
15375,8533
15376,4325
15377,6402
15378,4707
15379,6765
15380,5857
15381,7495
15382,7408
15383,9830
15384,5192
15385,7148
15386,7235
15387,9077
15388,6720
15389,9722
15390,10021
15391,6904
15392,3814
15393,7608
15394,5643
15395,6811
15396,7334
15397,4508
15398,12199
15399,5919
15400,6521
15401,11405
15402,7020
15403,4891
15404,0
15405,6773
15406,10296
15407,5408
15408,9037
15409,9442
15410,7635
15411,5394
15412,7458
15413,6140
15414,6020
15415,6777
15416,9180
15417,8118
15418,5466
15419,4935
15420,7338
15421,8131
15422,6487
15423,8643
15424,6339
15425,6994
15426,4519
15427,8651
15428,7858
15429,7560
15430,6406
15431,6524
15432,8496
15433,9870
15434,6302
15435,8468
15436,5493
15437,6853
15438,7944
15439,6657
15440,4694
15441,4675
15442,7549
15443,9082
15444,6096
15445,6406
15446,8827
15447,6560
15448,5935
15449,6605
15450,5671
15451,3399
15452,8727
15453,4221
15454,7916
15455,7561
15456,7265
15457,7441
15458,10960
15459,9609
15460,7778
15461,5008
15462,8331
15463,7712
15464,4074
15465,3229
15466,8553
15467,4060
15468,7794
15469,13075
15470,8209
15471,7533
15472,5131
15473,8036
15474,7916
15475,6728
15476,8096
15477,8839
15478,9013
15479,6683
15480,8591
15481,5442
15482,7453
15483,4955
15484,5916
15485,7644
15486,6128
15487,5665
15488,8395
15489,5412
15490,10699
15491,7445
15492,5518
15493,4740
15494,10592
15495,7982
15496,6122
15497,7038
15498,7634
15499,6665
15500,6386
15501,6802
15502,7905
15503,6233
15504,5074
15505,9932
15506,7209
15507,6492
15508,3809
15509,12610
15510,6765
15511,6000
15512,6697
15513,11289
15514,9551
15515,8820
15516,9516
15517,7350
15518,6203
15519,6649
15520,7832
15521,10535
15522,13941
15523,5393
15524,5848
15525,4033
15526,5014
15527,10216
15528,16210
15529,6731
15530,5345
15531,5603
15532,6243
15533,6452
15534,10497
15535,9306
15536,6616
15537,4325
15538,8428
15539,6207
15540,8650
15541,10367
15542,5544
15543,7918
15544,4305
15545,8234
15546,8761
15547,7755
15548,9086
15549,6761
15550,7961
15551,5223
15552,6995
15553,7842
15554,9168
15555,7861
15556,8503
15557,6877
15558,4961
15559,9942
15560,4866
15561,10785
15562,6915
15563,4908
15564,5922
15565,7116
15566,6314
15567,7773
15568,9912
15569,5660
15570,11649
15571,4525
15572,4878
15573,7824
15574,9151
15575,11313
15576,7186
15577,6399
15578,5765
15579,6381
15580,7870
15581,6433
15582,7235
15583,5617
15584,11137
15585,6743
15586,9189
15587,12577
15588,9076
15589,5224
15590,4970
15591,6481
15592,11491
15593,5910
15594,8380
15595,5453
15596,10844
15597,6753
15598,6163
15599,5998
15600,5509
15601,5373
15602,6752
15603,6371
15604,5381
15605,5295
15606,4979
15607,9190
15608,6756
15609,22385
15610,7928
15611,4439
15612,3111
15613,4538
15614,9497
15615,2169
15616,3125
15617,6714
15618,3489
15619,6484
15620,5122
15621,5712
15622,6222
15623,4521
15624,3509
15625,6085
15626,5528
15627,2869
15628,5191
15629,4556
15630,6440
15631,5513
15632,3671
15633,4689
15634,7916
15635,8038
15636,5974
15637,7353
15638,2319
15639,7870
15640,3479
15641,5347
15642,2534
15643,8227
15644,7463
15645,9483
15646,9910
15647,7198
15648,6337
15649,3253
15650,4590
15651,6343
15652,8175
15653,4512
15654,3646
15655,6130
15656,5171
15657,6007
15658,2511
15659,7729
15660,4444
15661,8462
15662,6683
15663,3487
15664,8732
15665,3141
15666,9522
15667,6697
15668,6894
15669,2631
15670,5958
15671,4794
15672,3764
15673,7512
15674,11023
15675,3191
15676,6381
15677,5854
15678,8929
15679,7557
15680,5919
15681,6615
15682,2543
15683,2454
15684,4460
15685,6111
15686,8871
15687,7925
15688,2462
15689,4388
15690,8846
15691,8979
15692,5790
15693,3107
15694,10883
15695,5360
15696,3589
15697,4286
15698,2457
15699,5087
15700,7099
15701,3746
15702,5726
15703,3141
15704,6144
15705,4173
15706,1978
15707,4558
15708,5372
15709,6052
15710,8908
15711,7199
15712,5428
15713,4252
15714,11134
15715,3375
15716,6270
15717,7787
15718,13159
15719,5464
15720,3163
15721,7057
15722,5836
15723,6712
15724,5056
15725,10387
15726,5964
15727,2140
15728,8109
15729,4731
15730,6276
15731,2335
15732,7822
15733,3931
15734,2762
15735,8635
15736,4591
15737,5376
15738,8255
15739,7955
15740,4487
15741,4465
15742,7877
15743,3688
15744,3138
15745,7237
15746,5114
15747,7415
15748,3478
15749,4962
15750,6704
15751,4499
15752,3081
15753,5536
15754,6371
15755,6347
15756,7528
15757,7979
15758,7622
15759,4398
15760,7512
15761,5909
15762,3266
15763,3952
15764,8048
15765,7399
15766,3238
15767,7066
15768,10024
15769,7057
15770,5041
15771,6930
15772,7689
15773,5820
15774,4884
15775,3076
15776,5635
15777,5625
15778,4800
15779,5374
15780,3327
15781,5854
15782,7248
15783,6128
15784,6933
15785,6146
15786,3010
15787,1638
15788,7307
15789,6019
15790,7092
15791,3798
15792,5855
15793,5007
15794,5562
15795,5918
15796,3936
15797,4211
15798,5110
15799,7054
15800,7257
15801,7627
15802,14696
15803,4072
15804,5097
15805,10256
15806,3810
15807,5527
15808,907
15809,8286
15810,6700
15811,5516
15812,6811
15813,5872
15814,4884
15815,5525
15816,5205
15817,7979
15818,3276
15819,5659
15820,2813
15821,9257
15822,3337
15823,7801
15824,10064
15825,6613
15826,5910
15827,4552
15828,2366
15829,1751
15830,3421
15831,5649
15832,3322
15833,5931
15834,7384
15835,4160
15836,5441
15837,4654
15838,8347
15839,8170
15840,7704
15841,5273
15842,3353
15843,8636
15844,9663
15845,3857
15846,4557
15847,3866
15848,5293
15849,5414
15850,4270
15851,6428
15852,3166
15853,5342
15854,4801
15855,8894
15856,5840
15857,7589
15858,6918
15859,4848
15860,8792
15861,16941
15862,8910
15863,3748
15864,3810
15865,6590
15866,7456
15867,3084
15868,5189
15869,9561
15870,6193
15871,7382
15872,17737
15873,5374
15874,5690
15875,2993
15876,2372
15877,10357
15878,3434
15879,6327
15880,9188
15881,3060
15882,3819
15883,6253
15884,3872
15885,7132
15886,2058
15887,5323
15888,5197
15889,10788
15890,5968
15891,6018
15892,3180
15893,8186
15894,5882
15895,6667
15896,1780
15897,9390
15898,5480
15899,6281
15900,4276
15901,4596
15902,4017
15903,4771
15904,3623
15905,5814
15906,4852
15907,4970
15908,8462
15909,8225
15910,7916
15911,4215
15912,4374
15913,4245
15914,5152
15915,6927
15916,3107
15917,1249
15918,7149
15919,5643
15920,8063
15921,5582
15922,4620
15923,4726
15924,3386
15925,2584
15926,8730
15927,6344
15928,5065
15929,5575
15930,11683
15931,6306
15932,2021
15933,7560
15934,2169
15935,3977
15936,6202
15937,6078
15938,2409
15939,4219
15940,4503
15941,3745
15942,1676
15943,8257
15944,4668
15945,9499
15946,10763
15947,6046
15948,5923
15949,4260
15950,5239
15951,4720
15952,12107
15953,6438
15954,7334
15955,3393
15956,5799
15957,5625
15958,8872
15959,8670
15960,7331
15961,5476
15962,6774
15963,5186
15964,8704
15965,6355
15966,7038
15967,6534
15968,9043
15969,7206
15970,5097
15971,5945
15972,8252
15973,6268
15974,3443
15975,5723
15976,3380
15977,5037
15978,8958
15979,7313
15980,7451
15981,6544
15982,8263
15983,4919
15984,4442
15985,4852
15986,6193
15987,6491
15988,6528
15989,3296
15990,12723
15991,5254
15992,5805
15993,16560
15994,5813
15995,7868
15996,6431
15997,6980
15998,8272
15999,7611
16000,10437
16001,2865
16002,4379
16003,5653
16004,8930
16005,2724
16006,5766
16007,4384
16008,5442
16009,5775
16010,6103
16011,3819
16012,5718
16013,4931
16014,3150
16015,3252
16016,7843
16017,4266
16018,5039
16019,5914
16020,5491
16021,9809
16022,11971
16023,5526
16024,7629
16025,6212
16026,10008
16027,4934
16028,2896
16029,4084
16030,5497
16031,12221
16032,4032
16033,9059
16034,7410
16035,2079
16036,3699
16037,6149
16038,6514
16039,5448
16040,9061
16041,9125
16042,7447
16043,4206
16044,12241
16045,1982
16046,3967
16047,8599
16048,4384
16049,5588
16050,3957
16051,7181
16052,5054
16053,4033
16054,13886
16055,10237
16056,2427
16057,5005
16058,5657
16059,7844
16060,9317
16061,5328
16062,2915
16063,8563
16064,2161
16065,10450
16066,4565
16067,5837
16068,9573
16069,5935
16070,1628
16071,5068
16072,2401
16073,3824
16074,11041
16075,7982
16076,4287
16077,12368
16078,7146
16079,10569
16080,11643
16081,7282
16082,4364
16083,2099
16084,5089
16085,6425
16086,2812
16087,6205
16088,4696
16089,7533
16090,2514
16091,5745
16092,8314
16093,1846
16094,9373
16095,6114
16096,2781
16097,7256
16098,3301
16099,3325
16100,9720
16101,7240
16102,7663
16103,8295
16104,5774
16105,5190
16106,6809
16107,7031
16108,8157
16109,6063
16110,7094
16111,3973
16112,9133
16113,6618
16114,6187
16115,4155
16116,4895
16117,8507
16118,6173
16119,4260
16120,5077
16121,5354
16122,5320
16123,15877
16124,5541
16125,9998
16126,4644
16127,3909
16128,6603
16129,5775
16130,3233
16131,5064
16132,9180
16133,14190
16134,7204
16135,9733
16136,7207
16137,10752
16138,8567
16139,7406
16140,6020
16141,4274
16142,10143
16143,8000
16144,7751
16145,5305
16146,5540
16147,5346
16148,2567
16149,12309
16150,7141
16151,5872
16152,5334
16153,1498
16154,9084
16155,8169
16156,12207
16157,6050
16158,4306
16159,3770
16160,7007
16161,5364
16162,4497
16163,10900
16164,4257
16165,4473
16166,5474
16167,3413
16168,2593
16169,2553
16170,14832
16171,5016
16172,13414
16173,4270
16174,6094
16175,5055
16176,4250
16177,3265
16178,6274
16179,3449
16180,2792
16181,10477
16182,6241
16183,2731
16184,8793
16185,2789
16186,5945
16187,3617
16188,9936
16189,7458
16190,8535
16191,2494
16192,5216
16193,2904
16194,4912
16195,3760
16196,15639
16197,12263
16198,5161
16199,3051
16200,6117
16201,4631
16202,2505
16203,7331
16204,2500
16205,13655
16206,4248
16207,5081
16208,5734
16209,11275
16210,7041
16211,5188
16212,5180
16213,6294
16214,6902
16215,7264
16216,4163
16217,1478
16218,5016
16219,2998
16220,2914
16221,6014
16222,7209
16223,6070
16224,5453
16225,8362
16226,5613
16227,3464
16228,7854
16229,2373
16230,10013
16231,4928
16232,2770
16233,4664
16234,4206
16235,4677
16236,7306
16237,7153
16238,3985
16239,5944
16240,2675
16241,4876
16242,8234
16243,9377
16244,3781
16245,2210
16246,5243
16247,7620
16248,6373
16249,2526
16250,11265
16251,3853
16252,3238
16253,5700
16254,10569
16255,9525
16256,4540
16257,4600
16258,6164
16259,1617
16260,7053
16261,6753
16262,5068
16263,4467
16264,3175
16265,8742
16266,3295
16267,4905
16268,3974
16269,3638
16270,3024
16271,7512
16272,6825
16273,5589
16274,3913
16275,5356
16276,7840
16277,7741
16278,7562
16279,5029
16280,5523
16281,6191
16282,8236
16283,7258
16284,5429
16285,2035
16286,6494
16287,6335
16288,6231
16289,7833
16290,5815
16291,2952
16292,7821
16293,5459
16294,10470
16295,2860
16296,2783
16297,9212
16298,1708
16299,5481
16300,4284
16301,8192
16302,3816
16303,4732
16304,9619
16305,2786
16306,6540
16307,10017
16308,15608
16309,6877
16310,2476
16311,5667
16312,3571
16313,2192
16314,7930
16315,5050
16316,6518
16317,5279
16318,5425
16319,6128
16320,5036
16321,5327
16322,4908
16323,9204
16324,5534
16325,2552
16326,6312
16327,4120
16328,5696
16329,5797
16330,6076
16331,7680
16332,8148
16333,8366
16334,5848
16335,5242
16336,6370
16337,3022
16338,5951
16339,8955
16340,6749
16341,6864
16342,6905
16343,14200
16344,3303
16345,3499
16346,5019
16347,4221
16348,8448
16349,10892
16350,8140
16351,7396
16352,7503
16353,2068
16354,8108
16355,3500
16356,6942
16357,6368
16358,5294
16359,2187
16360,5230
16361,3251
16362,3247
16363,7089
16364,4863
16365,9014
16366,17763
16367,5727
16368,3154
16369,4629
16370,8471
16371,6830
16372,4558
16373,5671
16374,2133
16375,6609
16376,7108
16377,3450
16378,10892
16379,11571
16380,3175
16381,5710
16382,3808
16383,3997
16384,4020
16385,9334
16386,3902
16387,4543
16388,4778
16389,2874
16390,2863
16391,2466
16392,5792
16393,6129
16394,4892
16395,7638
16396,1202
16397,7783
16398,15800
16399,3249
16400,8317
16401,7045
16402,4746
16403,4170
16404,2550
16405,4171
16406,4632
16407,5112
16408,3137
16409,8902
16410,4457
16411,4096
16412,6304
16413,5279
16414,6170
16415,4975
16416,6183
16417,10609
16418,4828
16419,6931
16420,6139
16421,3782
16422,3310
16423,4635
16424,6130
16425,6454
16426,3354
16427,13288
16428,5532
16429,4931
16430,12340
16431,4974
16432,7077
16433,4501
16434,5487
16435,5188
16436,6687
16437,16596
16438,3078
16439,5272
16440,3776
16441,9317
16442,7085
16443,5093
16444,3831
16445,4079
16446,2693
16447,2191
16448,6992
16449,2270
16450,3976
16451,1358
16452,21495
16453,8791
16454,2200
16455,5190
16456,6279
16457,6504
16458,5583
16459,8015
16460,5892
16461,5992
16462,2943
16463,7865
16464,6136
16465,4221
16466,6095
16467,9383
16468,4648
16469,8208
16470,6663
16471,3378
16472,5959
16473,6929
16474,2850
16475,8685
16476,7136
16477,4828
16478,10199
16479,3891
16480,5108
16481,9128
16482,6555
16483,2437
16484,4841
16485,3782
16486,3724
16487,5252
16488,6172
16489,3538
16490,6141
16491,2389
16492,5541
16493,2903
16494,5726
16495,5368
16496,4824
16497,6000
16498,9041
16499,2799
16500,6077
16501,6899
16502,3507
16503,5986
16504,5718
16505,9101
16506,6631
16507,3711
16508,2301
16509,2251
16510,5888
16511,5055
16512,4502
16513,12231
16514,5697
16515,5435
16516,9085
16517,6298
16518,2260
16519,0
16520,4625
16521,8057
16522,6020
16523,7462
16524,6285
16525,8580
16526,5136
16527,4099
16528,2922
16529,3570
16530,6188
16531,4537
16532,8072
16533,4875
16534,2839
16535,7736
16536,7138
16537,4538
16538,7282
16539,4718
16540,6913
16541,3581
16542,5124
16543,4049
16544,5016
16545,3604
16546,5870
16547,8056
16548,8065
16549,6380
16550,5949
16551,4272
16552,6519
16553,7097
16554,7012
16555,2822
16556,2967
16557,8743
16558,6439
16559,3115
16560,4060
16561,7732
16562,6659
16563,2629
16564,5991
16565,4902
16566,1831
16567,5276
16568,2931
16569,4329
16570,6433
16571,6020
16572,5141
16573,4245
16574,8753
16575,6355
16576,3551
16577,5459
16578,5590
16579,3129
16580,1241
16581,6744
16582,1522
16583,6074
16584,10468
16585,5860
16586,4527
16587,3350
16588,5529
16589,5558
16590,4860
16591,5946
16592,6148
16593,8068
16594,6144
16595,8689
16596,3927
16597,3995
16598,4447
16599,3721
16600,5525
16601,6382
16602,3439
16603,5633
16604,2769
16605,7831
16606,4688
16607,4501
16608,3917
16609,5937
16610,7594
16611,3427
16612,6862
16613,4421
16614,5608
16615,5247
16616,6065
16617,7682
16618,4657
16619,3993
16620,9843
16621,6396
16622,6969
16623,1994
16624,4687
16625,5272
16626,4038
16627,4767
16628,10471
16629,8666
16630,9249
16631,9901
16632,6310
16633,5592
16634,6052
16635,6137
16636,7426
16637,11026
16638,3511
16639,1976
16640,1514
16641,4048
16642,5617
16643,10451
16644,2501
16645,2015
16646,5340
16647,5469
16648,5992
16649,10938
16650,6913
16651,6313
16652,2713
16653,7714
16654,6263
16655,7032
16656,7194
16657,3351
16658,6645
16659,3286
16660,7000
16661,6011
16662,5108
16663,6309
16664,4133
16665,6475
16666,5135
16667,6961
16668,4636
16669,8274
16670,5326
16671,8828
16672,5428
16673,3654
16674,8043
16675,2997
16676,10060
16677,5877
16678,4878
16679,3409
16680,6859
16681,4607
16682,4438
16683,7193
16684,4459
16685,12405
16686,3365
16687,2990
16688,6198
16689,6427
16690,10893
16691,2770
16692,4720
16693,6446
16694,5965
16695,4913
16696,3694
16697,6208
16698,3358
16699,10507
16700,2990
16701,6962
16702,13482
16703,7300
16704,6386
16705,3402
16706,5091
16707,7956
16708,2711
16709,7515
16710,3023
16711,8564
16712,6750
16713,5905
16714,6180
16715,4844
16716,2998
16717,5459
16718,2289
16719,3875
16720,3218
16721,2799
16722,7327
16723,5765
16724,21424
16725,8035
16726,0
16727,0
16728,0
16729,0
16730,0
16731,0
16732,0
16733,0
16734,0
16735,0
16736,0
16737,0
16738,0
16739,0
16740,0
16741,0
16742,0
16743,0
16744,0
16745,0
16746,0
16747,0
16748,0
16749,0
16750,0
16751,0
16752,0
16753,0
16754,0
16755,0
16756,0
16757,0
16758,0
16759,0
16760,0
16761,0
16762,0
16763,0
16764,0
16765,0
16766,0
16767,0
16768,0
16769,0
16770,0
16771,0
16772,0
16773,0
16774,0
16775,0
16776,0
16777,0
16778,0
16779,0
16780,0
16781,0
16782,0
16783,0
16784,0
16785,0
16786,0
16787,0
16788,0
16789,0
16790,0
16791,0
16792,0
16793,0
16794,0
16795,0
16796,0
16797,0
16798,0
16799,0
16800,0
16801,0
16802,0
16803,0
16804,0
16805,0
16806,0
16807,0
16808,0
16809,0
16810,11941
16811,0
16812,0
16813,0
16814,0
16815,0
16816,0
16817,0
16818,0
16819,0
16820,0
16821,0
16822,0
16823,0
16824,0
16825,0
16826,0
16827,0
16828,0
16829,0
16830,0
16831,0
16832,0
16833,0
16834,0
16835,0
16836,0
16837,0
16838,0
16839,0
16840,0
16841,0
16842,0
16843,0
16844,0
16845,0
16846,0
16847,3379
16848,0
16849,0
16850,0
16851,0
16852,0
16853,0
16854,0
16855,0
16856,0
16857,0
16858,0
16859,0
16860,0
16861,0
16862,0
16863,0
16864,0
16865,0
16866,0
16867,0
16868,0
16869,0
16870,0
16871,0
16872,0
16873,0
16874,0
16875,0
16876,0
16877,0
16878,0
16879,0
16880,0
16881,0
16882,0
16883,0
16884,0
16885,0
16886,0
16887,0
16888,0
16889,0
16890,0
16891,0
16892,0
16893,0
16894,0
16895,0
16896,0
16897,0
16898,0
16899,0
16900,0
16901,0
16902,0
16903,0
16904,0
16905,0
16906,0
16907,0
16908,0
16909,0
16910,0
16911,0
16912,0
16913,0
16914,0
16915,0
16916,0
16917,0
16918,0
16919,0
16920,0
16921,0
16922,0
16923,0
16924,0
16925,0
16926,0
16927,0
16928,0
16929,0
16930,0
16931,0
16932,0
16933,0
16934,2450
16935,0
16936,0
16937,0
16938,0
16939,0
16940,0
16941,0
16942,0
16943,0
16944,0
16945,0
16946,0
16947,0
16948,0
16949,0
16950,0
16951,0
16952,0
16953,0
16954,0
16955,0
16956,0
16957,0
16958,0
16959,0
16960,0
16961,0
16962,0
16963,0
16964,0
16965,0
16966,0
16967,0
16968,0
16969,0
16970,0
16971,0
16972,0
16973,0
16974,0
16975,0
16976,0
16977,0
16978,0
16979,0
16980,0
16981,0
16982,0
16983,0
16984,17445
16985,0
16986,0
16987,28247
16988,0
16989,0
16990,0
16991,0
16992,0
16993,0
16994,0
16995,0
16996,0
16997,0
16998,0
16999,7567
17000,0
17001,0
17002,0
17003,0
17004,0
17005,0
17006,0
17007,0
17008,0
17009,0
17010,0
17011,0
17012,0
17013,0
17014,0
17015,0
17016,0
17017,0
17018,0
17019,0
17020,0
17021,0
17022,0
17023,0
17024,4126
17025,0
17026,0
17027,0
17028,0
17029,0
17030,0
17031,0
17032,0
17033,0
17034,0
17035,2782
17036,0
17037,0
17038,0
17039,0
17040,0
17041,0
17042,0
17043,0
17044,0
17045,0
17046,0
17047,0
17048,0
17049,0
17050,0
17051,0
17052,0
17053,0
17054,0
17055,0
17056,0
17057,0
17058,0
17059,0
17060,8732
17061,0
17062,0
17063,0
17064,0
17065,0
17066,0
17067,0
17068,0
17069,0
17070,0
17071,0
17072,0
17073,0
17074,0
17075,0
17076,0
17077,0
17078,9109
17079,0
17080,0
17081,0
17082,0
17083,0
17084,0
17085,0
17086,0
17087,0
17088,0
17089,0
17090,0
17091,0
17092,0
17093,0
17094,0
17095,0
17096,0
17097,0
17098,0
17099,0
17100,0
17101,0
17102,0
17103,0
17104,0
17105,0
17106,0
17107,0
17108,0
17109,0
17110,0
17111,0
17112,0
17113,0
17114,0
17115,0
17116,0
17117,0
17118,0
17119,0
17120,0
17121,0
17122,0
17123,0
17124,0
17125,0
17126,0
17127,0
17128,0
17129,0
17130,0
17131,0
17132,0
17133,0
17134,0
17135,0
17136,0
17137,0
17138,0
17139,0
17140,0
17141,0
17142,0
17143,0
17144,0
17145,0
17146,0
17147,0
17148,15009
17149,0
17150,0
17151,0
17152,0
17153,0
17154,0
17155,0
17156,0
17157,0
17158,1724
17159,0
17160,0
17161,0
17162,0
17163,0
17164,0
17165,0
17166,0
17167,0
17168,0
17169,0
17170,0
17171,0
17172,0
17173,0
17174,0
17175,0
17176,0
17177,0
17178,4713
17179,0
17180,0
17181,0
17182,0
17183,0
17184,0
17185,0
17186,0
17187,0
17188,0
17189,0
17190,0
17191,0
17192,0
17193,0
17194,0
17195,0
17196,0
17197,0
17198,0
17199,0
17200,0
17201,0
17202,0
17203,0
17204,0
17205,0
17206,0
17207,0
17208,0
17209,0
17210,0
17211,0
17212,0
17213,0
17214,0
17215,0
17216,0
17217,0
17218,0
17219,7706
17220,0
17221,0
17222,0
17223,0
17224,0
17225,0
17226,0
17227,0
17228,0
17229,0
17230,0
17231,0
17232,0
17233,0
17234,0
17235,0
17236,0
17237,7932
17238,0
17239,0
17240,0
17241,0
17242,0
17243,0
17244,0
17245,0
17246,0
17247,0
17248,0
17249,2123
17250,0
17251,0
17252,0
17253,0
17254,0
17255,4583
17256,0
17257,0
17258,0
17259,0
17260,0
17261,0
17262,0
17263,0
17264,0
17265,0
17266,0
17267,0
17268,0
17269,0
17270,0
17271,0
17272,0
17273,0
17274,0
17275,0
17276,0
17277,0
17278,0
17279,0
17280,0
17281,0
17282,0
17283,0
17284,0
17285,0
17286,0
17287,18682
17288,0
17289,0
17290,0
17291,0
17292,0
17293,0
17294,0
17295,0
17296,0
17297,0
17298,0
17299,0
17300,0
17301,0
17302,0
17303,5758
17304,0
17305,0
17306,0
17307,0
17308,0
17309,0
17310,0
17311,0
17312,0
17313,0
17314,0
17315,0
17316,0
17317,0
17318,0
17319,0
17320,0
17321,0
17322,0
17323,0
17324,0
17325,0
17326,0
17327,0
17328,0
17329,0
17330,0
17331,0
17332,0
17333,0
17334,0
17335,0
17336,0
17337,0
17338,0
17339,0
17340,0
17341,0
17342,0
17343,0
17344,0
17345,0
17346,0
17347,0
17348,0
17349,0
17350,0
17351,0
17352,0
17353,0
17354,0
17355,0
17356,0
17357,0
17358,0
17359,0
17360,0
17361,0
17362,0
17363,0
17364,0
17365,0
17366,0
17367,0
17368,0
17369,0
17370,0
17371,0
17372,0
17373,0
17374,0
17375,0
17376,0
17377,0
17378,0
17379,0
17380,0
17381,0
17382,0
17383,0
17384,0
17385,0
17386,0
17387,0
17388,0
17389,0
17390,0
17391,0
17392,0
17393,0
17394,0
17395,0
17396,0
17397,0
17398,0
17399,0
17400,0
17401,13575
17402,0
17403,0
17404,0
17405,0
17406,0
17407,7323
17408,0
17409,0
17410,0
17411,0
17412,0
17413,0
17414,0
17415,0
17416,0
17417,0
17418,0
17419,0
17420,0
17421,0
17422,0
17423,0
17424,0
17425,0
17426,0
17427,0
17428,0
17429,0
17430,0
17431,0
17432,0
17433,0
17434,0
17435,0
17436,0
17437,0
17438,0
17439,0
17440,0
17441,0
17442,0
17443,0
17444,0
17445,0
17446,0
17447,0
17448,0
17449,0
17450,0
17451,0
17452,0
17453,0
17454,0
17455,0
17456,0
17457,3093
17458,16869
17459,0
17460,0
17461,0
17462,0
17463,0
17464,0
17465,0
17466,0
17467,0
17468,0
17469,0
17470,0
17471,0
17472,0
17473,0
17474,0
17475,0
17476,0
17477,0
17478,0
17479,0
17480,0
17481,0
17482,0
17483,0
17484,0
17485,0
17486,0
17487,0
17488,0
17489,0
17490,0
17491,0
17492,0
17493,0
17494,12626
17495,0
17496,0
17497,0
17498,0
17499,0
17500,0
17501,0
17502,0
17503,0
17504,0
17505,0
17506,0
17507,0
17508,0
17509,0
17510,0
17511,0
17512,0
17513,0
17514,0
17515,0
17516,0
17517,0
17518,0
17519,0
17520,0
17521,0
17522,0
17523,0
17524,0
17525,0
17526,0
17527,0
17528,0
17529,0
17530,0
17531,0
17532,0
17533,0
17534,0
17535,0
17536,0
17537,0
17538,0
17539,0
17540,0
17541,0
17542,0
17543,0
17544,0
17545,0
17546,0
17547,0
17548,0
17549,0
17550,0
17551,0
17552,0
17553,0
17554,0
17555,0
17556,0
17557,0
17558,0
17559,0
17560,0
17561,0
17562,0
17563,0
17564,0
17565,0
17566,0
17567,0
17568,0
17569,0
17570,0
17571,0
17572,0
17573,0
17574,0
17575,0
17576,0
17577,0
17578,0
17579,0
17580,0
17581,0
17582,0
17583,0
17584,0
17585,0
17586,0
17587,0
17588,2757
17589,0
17590,0
17591,0
17592,2045
17593,0
17594,0
17595,0
17596,0
17597,0
17598,0
17599,0
17600,0
17601,0
17602,3039
17603,0
17604,0
17605,0
17606,0
17607,0
17608,0
17609,0
17610,0
17611,0
17612,0
17613,0
17614,0
17615,0
17616,0
17617,0
17618,0
17619,0
17620,0
17621,0
17622,0
17623,0
17624,0
17625,0
17626,0
17627,0
17628,0
17629,0
17630,0
17631,0
17632,0
17633,0
17634,0
17635,0
17636,0
17637,0
17638,0
17639,0
17640,0
17641,0
17642,0
17643,0
17644,0
17645,0
17646,0
17647,0
17648,0
17649,0
17650,0
17651,0
17652,0
17653,0
17654,0
17655,0
17656,2430
17657,0
17658,0
17659,0
17660,0
17661,0
17662,0
17663,0
17664,0
17665,0
17666,0
17667,0
17668,0
17669,0
17670,0
17671,0
17672,0
17673,11858
17674,0
17675,0
17676,0
17677,0
17678,0
17679,0
17680,0
17681,0
17682,0
17683,0
17684,0
17685,0
17686,0
17687,0
17688,0
17689,0
17690,0
17691,0
17692,0
17693,0
17694,0
17695,0
17696,0
17697,0
17698,0
17699,0
17700,0
17701,0
17702,0
17703,0
17704,0
17705,0
17706,0
17707,0
17708,0
17709,0
17710,0
17711,0
17712,0
17713,0
17714,0
17715,0
17716,0
17717,0
17718,0
17719,0
17720,0
17721,0
17722,0
17723,0
17724,0
17725,0
17726,0
17727,0
17728,0
17729,0
17730,0
17731,0
17732,0
17733,0
17734,0
17735,0
17736,0
17737,0
17738,0
17739,0
17740,0
17741,0
17742,0
17743,0
17744,0
17745,0
17746,0
17747,0
17748,0
17749,0
17750,0
17751,0
17752,0
17753,0
17754,0
17755,0
17756,0
17757,0
17758,0
17759,0
17760,0
17761,0
17762,0
17763,0
17764,0
17765,0
17766,0
17767,0
17768,0
17769,0
17770,3981
17771,0
17772,0
17773,0
17774,0
17775,0
17776,0
17777,0
17778,0
17779,0
17780,0
17781,0
17782,0
17783,0
17784,0
17785,0
17786,0
17787,0
17788,0
17789,0
17790,0
17791,0
17792,0
17793,0
17794,0
17795,0
17796,0
17797,0
17798,0
17799,0
17800,0
17801,0
17802,0
17803,0
17804,0
17805,0
17806,5229
17807,0
17808,0
17809,0
17810,0
17811,0
17812,0
17813,0
17814,0
17815,0
17816,0
17817,0
17818,0
17819,0
17820,0
17821,0
17822,13720
17823,0
17824,4900
17825,0
17826,0
17827,0
17828,0
17829,0
17830,0
17831,0
17832,0
17833,0
17834,0
17835,0
17836,0
17837,0
17838,0
17839,0
17840,0
17841,3984
17842,4691
17843,6403
17844,9166
17845,4650
17846,4712
17847,8781
17848,5896
17849,7000
17850,5821
17851,7297
17852,6764
17853,3765
17854,5349
17855,6139
17856,7930
17857,5973
17858,6928
17859,6214
17860,9010
17861,4536
17862,4239
17863,4709
17864,8787
17865,10542
17866,5903
17867,8415
17868,4411
17869,7136
17870,3572
17871,4973
17872,3871
17873,7701
17874,8052
17875,9891
17876,9632
17877,5592
17878,4893
17879,4469
17880,4113
17881,5452
17882,9250
17883,5872
17884,4970
17885,4712
17886,4346
17887,7207
17888,3400
17889,6673
17890,3698
17891,6333
17892,5469
17893,4890
17894,6804
17895,5034
17896,7243
17897,8908
17898,6116
17899,5706
17900,8397
17901,4642
17902,6662
17903,5800
17904,9407
17905,4757
17906,5811
17907,7292
17908,7054
17909,8146
17910,5754
17911,7967
17912,3982
17913,4766
17914,5550
17915,5800
17916,8721
17917,6839
17918,3371
17919,5144
17920,6841
17921,6855
17922,8158
17923,3728
17924,12574
17925,6885
17926,4081
17927,6505
17928,6004
17929,6360
17930,7853
17931,3933
17932,5394
17933,5484
17934,6761
17935,6994
17936,5250
17937,6617
17938,4946
17939,5028
17940,7977
17941,7110
17942,6039
17943,4988
17944,10525
17945,5018
17946,9117
17947,7269
17948,11988
17949,6414
17950,4657
17951,5687
17952,6300
17953,5530
17954,4629
17955,7261
17956,7503
17957,3514
17958,7379
17959,5892
17960,6713
17961,4623
17962,8162
17963,8196
17964,4543
17965,12155
17966,4824
17967,4313
17968,7249
17969,8179
17970,5345
17971,4432
17972,6809
17973,5858
17974,5171
17975,5661
17976,4707
17977,7943
17978,7604
17979,6330
17980,7395
17981,4879
17982,4411
17983,5538
17984,6309
17985,7014
17986,7208
17987,7273
17988,9185
17989,5208
17990,7603
17991,6965
17992,5020
17993,5515
17994,8200
17995,5960
17996,6142
17997,9212
17998,7119
17999,6789
18000,4936
18001,7066
18002,6386
18003,7390
18004,6153
18005,3784
18006,5378
18007,8873
18008,7359
18009,5126
18010,3648
18011,7466
18012,6860
18013,7924
18014,6012
18015,5621
18016,4795
18017,4015
18018,9732
18019,6608
18020,6754
18021,5520
18022,4820
18023,6231
18024,5996
18025,6006
18026,3622
18027,5908
18028,4380
18029,7733
18030,7611
18031,6544
18032,10844
18033,4228
18034,4439
18035,9683
18036,5354
18037,5893
18038,2167
18039,7412
18040,7727
18041,4641
18042,6096
18043,6609
18044,5486
18045,6082
18046,7453
18047,10290
18048,2671
18049,6219
18050,2683
18051,14109
18052,4181
18053,7358
18054,7967
18055,5130
18056,6209
18057,4702
18058,5054
18059,3135
18060,4234
18061,5387
18062,5125
18063,6911
18064,6545
18065,4866
18066,6401
18067,6020
18068,7487
18069,7903
18070,7768
18071,4059
18072,3279
18073,9365
18074,9298
18075,4791
18076,7650
18077,5306
18078,7291
18079,4739
18080,5120
18081,5878
18082,3224
18083,5792
18084,4438
18085,9351
18086,6956
18087,7345
18088,7490
18089,5075
18090,7503
18091,18044
18092,8997
18093,4704
18094,2539
18095,5392
18096,7383
18097,5380
18098,5874
18099,13469
18100,6531
18101,10390
18102,18844
18103,4033
18104,6200
18105,4774
18106,4415
18107,6994
18108,4516
18109,7490
18110,10034
18111,7575
18112,5596
18113,6988
18114,5055
18115,5994
18116,3722
18117,5662
18118,7010
18119,8402
18120,5576
18121,5283
18122,4712
18123,7166
18124,4696
18125,4990
18126,3692
18127,7744
18128,4808
18129,5546
18130,6488
18131,7609
18132,6263
18133,5729
18134,5996
18135,5207
18136,6544
18137,6497
18138,7718
18139,8709
18140,7006
18141,5215
18142,3233
18143,5529
18144,6606
18145,5675
18146,4542
18147,2197
18148,8077
18149,5818
18150,8085
18151,6524
18152,4928
18153,6434
18154,4681
18155,4351
18156,8828
18157,4892
18158,6945
18159,7270
18160,14470
18161,5180
18162,5002
18163,6732
18164,5513
18165,5349
18166,4781
18167,7589
18168,4239
18169,6414
18170,3789
18171,5514
18172,4302
18173,9697
18174,5008
18175,13091
18176,12718
18177,4562
18178,6259
18179,5128
18180,6082
18181,5232
18182,10969
18183,6816
18184,8814
18185,4384
18186,7246
18187,4661
18188,8481
18189,9038
18190,5893
18191,5366
18192,5841
18193,6951
18194,7318
18195,8966
18196,5682
18197,7654
18198,8922
18199,5986
18200,6648
18201,4923
18202,8819
18203,7370
18204,4833
18205,4665
18206,6201
18207,4573
18208,7923
18209,5619
18210,6772
18211,5706
18212,8042
18213,4285
18214,7636
18215,8746
18216,7528
18217,7669
18218,6502
18219,3886
18220,12252
18221,10190
18222,6915
18223,16010
18224,9545
18225,6383
18226,6054
18227,8127
18228,9365
18229,11191
18230,10943
18231,5121
18232,6811
18233,5190
18234,7390
18235,3936
18236,10499
18237,5376
18238,4530
18239,5755
18240,8790
18241,7823
18242,5277
18243,7254
18244,4897
18245,3762
18246,6342
18247,3650
18248,4323
18249,5422
18250,5670
18251,8234
18252,8381
18253,7147
18254,6251
18255,5847
18256,10893
18257,6568
18258,4598
18259,5203
18260,4718
18261,7976
18262,4337
18263,11330
18264,6989
18265,3265
18266,4477
18267,6289
18268,5744
18269,4630
18270,7821
18271,9433
18272,11860
18273,5269
18274,9284
18275,2921
18276,5535
18277,6515
18278,5238
18279,6761
18280,5173
18281,5892
18282,3371
18283,4882
18284,10189
18285,8051
18286,4120
18287,5464
18288,7952
18289,10147
18290,6953
18291,5232
18292,4135
18293,10080
18294,5887
18295,7151
18296,5630
18297,4841
18298,6377
18299,8065
18300,3495
18301,3951
18302,4887
18303,6156
18304,9386
18305,6758
18306,7034
18307,12855
18308,4586
18309,9643
18310,10869
18311,6458
18312,5021
18313,3036
18314,7321
18315,5689
18316,6076
18317,5493
18318,6412
18319,10659
18320,5196
18321,4993
18322,6804
18323,5068
18324,6265
18325,4705
18326,3882
18327,5833
18328,3372
18329,6910
18330,8078
18331,6205
18332,7151
18333,7768
18334,7206
18335,4752
18336,7320
18337,8428
18338,7249
18339,5398
18340,5916
18341,4601
18342,10075
18343,5613
18344,6460
18345,4870
18346,6546
18347,7520
18348,6526
18349,5696
18350,7915
18351,5534
18352,6386
18353,17429
18354,5767
18355,7814
18356,5440
18357,5644
18358,5146
18359,4458
18360,3992
18361,4329
18362,8197
18363,13548
18364,7760
18365,9466
18366,9847
18367,10250
18368,9576
18369,7099
18370,6880
18371,5265
18372,11050
18373,10122
18374,6394
18375,7842
18376,7512
18377,5835
18378,4465
18379,10805
18380,6367
18381,6176
18382,5957
18383,2022
18384,13176
18385,9787
18386,14614
18387,5519
18388,4438
18389,4863
18390,5813
18391,6639
18392,6560
18393,6136
18394,5529
18395,4386
18396,6931
18397,3560
18398,2839
18399,6175
18400,12924
18401,6365
18402,17729
18403,4673
18404,5497
18405,6129
18406,5199
18407,4662
18408,4724
18409,4939
18410,3644
18411,7414
18412,6251
18413,3374
18414,8189
18415,4399
18416,5887
18417,4477
18418,9351
18419,6995
18420,10211
18421,4715
18422,6485
18423,4303
18424,4422
18425,4348
18426,14196
18427,9724
18428,5959
18429,4517
18430,4667
18431,5624
18432,4196
18433,8806
18434,4644
18435,14065
18436,4326
18437,5164
18438,5603
18439,8961
18440,6197
18441,4153
18442,6198
18443,6490
18444,6457
18445,6162
18446,5740
18447,3427
18448,9646
18449,5262
18450,3769
18451,5692
18452,5504
18453,6159
18454,6794
18455,8610
18456,7844
18457,6509
18458,6601
18459,3889
18460,8299
18461,5347
18462,4201
18463,6444
18464,6578
18465,5919
18466,8455
18467,5740
18468,6010
18469,5594
18470,6130
18471,5570
18472,7273
18473,6560
18474,6553
18475,5285
18476,4974
18477,8125
18478,5479
18479,3816
18480,10796
18481,4913
18482,2918
18483,6817
18484,8468
18485,8808
18486,5067
18487,5475
18488,5989
18489,3541
18490,6023
18491,7109
18492,6247
18493,5457
18494,7238
18495,7443
18496,3111
18497,5330
18498,5307
18499,5197
18500,4664
18501,6657
18502,6755
18503,5605
18504,5057
18505,7866
18506,5318
18507,7760
18508,8324
18509,4342
18510,6269
18511,6499
18512,7838
18513,7084
18514,7592
18515,3126
18516,9327
18517,6157
18518,6929
18519,10337
18520,4518
18521,3678
18522,11409
18523,7670
18524,7529
18525,5213
18526,6022
18527,8286
18528,3271
18529,6127
18530,5193
18531,6831
18532,5737
18533,4802
18534,7532
18535,4842
18536,8813
18537,9763
18538,17180
18539,6923
18540,4154
18541,4958
18542,3459
18543,2837
18544,11644
18545,7493
18546,4989
18547,8305
18548,5057
18549,10952
18550,3967
18551,5507
18552,5726
18553,8456
18554,4610
18555,6020
18556,5081
18557,4574
18558,7102
18559,4685
18560,6116
18561,7034
18562,8807
18563,7001
18564,7050
18565,5362
18566,10511
18567,4419
18568,4913
18569,10037
18570,6654
18571,7679
18572,8358
18573,15216
18574,4908
18575,4688
18576,4533
18577,5695
18578,7867
18579,9143
18580,6264
18581,7339
18582,7007
18583,3508
18584,7212
18585,7242
18586,5709
18587,7217
18588,4739
18589,4650
18590,4441
18591,3809
18592,4259
18593,7449
18594,7116
18595,10684
18596,16228
18597,6462
18598,4754
18599,6068
18600,8008
18601,9155
18602,3862
18603,5549
18604,3664
18605,8620
18606,5880
18607,5675
18608,11879
18609,12153
18610,4513
18611,6711
18612,3788
18613,5418
18614,5863
18615,8038
18616,4359
18617,4039
18618,5088
18619,7010
18620,6378
18621,4672
18622,5416
18623,6863
18624,5863
18625,6171
18626,3540
18627,10443
18628,19029
18629,3859
18630,6645
18631,7879
18632,5985
18633,3996
18634,3721
18635,3594
18636,7010
18637,4618
18638,7515
18639,8838
18640,4065
18641,4828
18642,5458
18643,5117
18644,4530
18645,5020
18646,5999
18647,9731
18648,7478
18649,8431
18650,5243
18651,4092
18652,6855
18653,6059
18654,7748
18655,5706
18656,4568
18657,22345
18658,6162
18659,5552
18660,11343
18661,6966
18662,6086
18663,5637
18664,7059
18665,4417
18666,8741
18667,14153
18668,5254
18669,4848
18670,6300
18671,11676
18672,5621
18673,4735
18674,5968
18675,4905
18676,6579
18677,3885
18678,8374
18679,3905
18680,7266
18681,2577
18682,18740
18683,7847
18684,3685
18685,4279
18686,8425
18687,5900
18688,6284
18689,7088
18690,5307
18691,4957
18692,4282
18693,8809
18694,5295
18695,5528
18696,6726
18697,7078
18698,5260
18699,7263
18700,5478
18701,3801
18702,8407
18703,7792
18704,4369
18705,6715
18706,6133
18707,4542
18708,8869
18709,5573
18710,7348
18711,6012
18712,7235
18713,4092
18714,4464
18715,4344
18716,10027
18717,6190
18718,8448
18719,3450
18720,7644
18721,3512
18722,5854
18723,4672
18724,5668
18725,5955
18726,6679
18727,5984
18728,8008
18729,3663
18730,5636
18731,6954
18732,7284
18733,6270
18734,6937
18735,9389
18736,6657
18737,2782
18738,6556
18739,5394
18740,6069
18741,6688
18742,4243
18743,10795
18744,4834
18745,6222
18746,10063
18747,6194
18748,3544
18749,0
18750,5472
18751,9465
18752,5013
18753,6917
18754,8880
18755,5488
18756,5190
18757,5973
18758,5027
18759,5430
18760,5618
18761,10574
18762,6552
18763,5437
18764,4278
18765,5763
18766,6314
18767,6050
18768,6264
18769,5785
18770,6543
18771,4329
18772,7046
18773,7871
18774,6105
18775,5468
18776,6026
18777,6852
18778,9389
18779,5015
18780,7530
18781,5068
18782,5298
18783,6701
18784,5913
18785,4425
18786,3998
18787,6750
18788,8461
18789,4979
18790,5474
18791,7196
18792,5572
18793,5251
18794,5662
18795,4404
18796,3204
18797,7935
18798,4173
18799,7301
18800,5775
18801,5797
18802,5732
18803,10805
18804,8037
18805,6698
18806,4803
18807,7568
18808,8192
18809,3619
18810,3380
18811,7898
18812,3112
18813,6895
18814,12529
18815,7014
18816,6281
18817,4070
18818,7572
18819,6094
18820,5768
18821,7140
18822,7743
18823,7620
18824,5345
18825,7525
18826,4476
18827,6799
18828,4887
18829,5252
18830,5509
18831,5037
18832,5294
18833,7641
18834,4215
18835,9504
18836,6766
18837,4026
18838,4337
18839,8254
18840,6619
18841,5184
18842,6288
18843,5790
18844,4674
18845,5962
18846,6222
18847,5804
18848,5101
18849,4832
18850,7345
18851,6208
18852,5376
18853,3432
18854,9949
18855,5799
18856,4699
18857,6923
18858,10512
18859,7227
18860,7755
18861,9492
18862,6189
18863,5338
18864,5219
18865,7312
18866,7925
18867,11482
18868,4105
18869,6469
18870,3363
18871,4124
18872,9325
18873,14068
18874,6222
18875,4743
18876,4630
18877,5846
18878,5149
18879,9333
18880,7682
18881,5369
18882,3716
18883,7046
18884,5296
18885,9018
18886,8490
18887,4382
18888,6430
18889,3722
18890,6507
18891,7629
18892,6735
18893,7755
18894,5733
18895,6794
18896,4126
18897,5605
18898,6529
18899,7866
18900,6621
18901,7212
18902,5172
18903,4429
18904,8873
18905,4251
18906,10575
18907,5536
18908,4001
18909,6339
18910,5769
18911,5978
18912,6934
18913,9156
18914,4573
18915,12483
18916,4116
18917,4164
18918,6445
18919,7319
18920,10584
18921,7063
18922,6127
18923,5147
18924,6285
18925,6763
18926,4823
18927,5772
18928,4699
18929,9333
18930,6377
18931,7812
18932,11732
18933,8218
18934,4615
18935,4865
18936,5342
18937,10779
18938,5974
18939,8256
18940,3930
18941,9506
18942,6468
18943,4943
18944,4623
18945,4556
18946,5057
18947,4877
18948,5500
18949,4608
18950,4278
18951,4507
18952,7555
18953,6050
18954,21173
18955,5816
18956,3781
18957,4473
18958,6023
18959,8401
18960,4380
18961,4299
18962,8622
18963,5670
18964,6216
18965,5429
18966,6715
18967,6329
18968,3556
18969,4870
18970,5786
18971,7179
18972,5898
18973,6424
18974,5710
18975,8609
18976,4217
18977,4008
18978,4365
18979,8329
18980,9189
18981,5626
18982,7884
18983,4293
18984,6772
18985,3472
18986,4762
18987,3639
18988,6708
18989,7315
18990,9399
18991,8707
18992,5171
18993,4558
18994,3876
18995,3956
18996,5217
18997,8583
18998,5407
18999,4566
19000,4066
19001,4147
19002,6711
19003,3167
19004,6475
19005,3355
19006,5680
19007,5263
19008,4653
19009,6285
19010,4672
19011,6764
19012,7938
19013,5874
19014,5156
19015,8121
19016,4180
19017,5820
19018,5484
19019,8782
19020,4643
19021,5416
19022,6715
19023,6577
19024,7894
19025,5384
19026,7511
19027,3778
19028,4553
19029,4997
19030,5451
19031,8132
19032,6306
19033,3154
19034,4674
19035,6295
19036,6457
19037,7615
19038,3294
19039,11524
19040,5834
19041,3723
19042,5879
19043,5995
19044,5829
19045,6803
19046,3822
19047,4880
19048,5313
19049,6113
19050,6553
19051,5065
19052,6178
19053,4526
19054,4668
19055,7151
19056,6690
19057,5444
19058,4495
19059,9640
19060,4492
19061,8304
19062,6570
19063,10932
19064,5860
19065,4421
19066,5195
19067,5667
19068,5084
19069,4485
19070,6864
19071,6695
19072,3249
19073,6510
19074,5658
19075,5910
19076,4122
19077,7141
19078,7625
19079,4318
19080,11050
19081,4365
19082,3886
19083,6822
19084,8032
19085,4772
19086,3929
19087,6222
19088,5607
19089,4610
19090,5106
19091,4470
19092,7610
19093,7295
19094,5933
19095,6519
19096,4669
19097,3822
19098,5150
19099,6473
19100,6598
19101,6714
19102,6442
19103,8561
19104,4921
19105,7150
19106,6440
19107,4402
19108,5441
19109,7613
19110,5525
19111,6080
19112,8672
19113,6589
19114,6301
19115,4677
19116,6289
19117,5965
19118,6625
19119,5846
19120,3667
19121,4887
19122,8870
19123,6598
19124,4827
19125,3413
19126,6791
19127,6481
19128,6930
19129,5700
19130,5276
19131,4314
19132,3615
19133,8795
19134,5829
19135,6022
19136,5382
19137,4513
19138,5716
19139,5359
19140,5314
19141,3317
19142,5835
19143,3792
19144,7125
19145,7135
19146,6100
19147,10531
19148,3958
19149,4156
19150,8649
19151,4701
19152,5515
19153,2457
19154,6719
19155,6846
19156,4155
19157,5663
19158,6169
19159,5343
19160,5438
19161,6875
19162,9616
19163,2401
19164,6173
19165,2492
19166,13074
19167,4008
19168,7028
19169,7318
19170,4842
19171,5514
19172,4475
19173,4853
19174,2837
19175,4001
19176,5178
19177,4561
19178,6034
19179,6146
19180,4692
19181,5933
19182,5309
19183,7126
19184,7153
19185,6877
19186,3951
19187,3021
19188,8498
19189,8210
19190,4351
19191,7039
19192,4669
19193,6474
19194,4164
19195,4685
19196,5495
19197,2850
19198,5579
19199,4049
19200,8336
19201,6327
19202,6594
19203,6916
19204,4687
19205,6865
19206,17325
19207,8592
19208,4151
19209,2414
19210,5087
19211,6787
19212,4784
19213,5500
19214,11900
19215,5920
19216,9788
19217,17196
19218,3725
19219,5570
19220,4447
19221,4139
19222,6953
19223,4107
19224,6640
19225,8982
19226,7541
19227,5248
19228,6327
19229,3991
19230,5446
19231,3599
19232,5275
19233,6305
19234,7708
19235,5111
19236,4914
19237,4288
19238,6602
19239,4414
19240,4454
19241,3374
19242,7318
19243,4470
19244,5200
19245,5952
19246,7144
19247,5482
19248,5435
19249,5719
19250,4990
19251,6017
19252,5797
19253,6891
19254,7772
19255,6767
19256,4918
19257,2976
19258,5155
19259,5938
19260,5096
19261,4261
19262,2250
19263,7626
19264,5540
19265,8107
19266,5831
19267,4541
19268,5861
19269,4166
19270,4057
19271,8116
19272,4532
19273,6219
19274,6526
19275,13459
19276,4967
19277,4941
19278,6281
19279,5442
19280,4926
19281,4299
19282,6893
19283,3781
19284,5730
19285,3466
19286,4887
19287,3803
19288,8977
19289,4426
19290,13424
19291,11930
19292,4255
19293,5654
19294,4777
19295,5708
19296,4618
19297,10318
19298,6380
19299,8164
19300,4021
19301,6737
19302,4188
19303,8176
19304,8413
19305,5430
19306,4944
19307,5666
19308,6236
19309,6590
19310,8302
19311,5344
19312,6846
19313,7907
19314,5406
19315,5978
19316,4690
19317,7851
19318,6544
19319,4789
19320,4391
19321,5911
19322,4283
19323,7416
19324,5142
19325,6312
19326,5324
19327,7464
19328,3997
19329,6996
19330,8548
19331,6804
19332,7491
19333,6003
19334,3640
19335,11826
19336,9201
19337,6342
19338,14627
19339,9416
19340,5560
19341,5614
19342,7594
19343,8669
19344,10677
19345,9857
19346,4631
19347,6222
19348,4742
19349,6796
19350,3463
19351,10005
19352,5030
19353,4332
19354,5443
19355,8001
19356,7508
19357,4991
19358,6460
19359,4594
19360,3566
19361,5868
19362,3517
19363,3934
19364,5361
19365,5153
19366,7711
19367,7640
19368,6376
19369,5491
19370,5448
19371,10202
19372,5943
19373,4242
19374,4819
19375,4435
19376,7593
19377,4064
19378,9984
19379,6233
19380,2888
19381,4073
19382,5771
19383,5379
19384,4344
19385,7396
19386,8314
19387,11353
19388,5450
19389,8902
19390,2619
19391,5149
19392,5861
19393,4899
19394,6001
19395,4853
19396,5366
19397,3162
19398,4539
19399,9483
19400,6960
19401,3784
19402,5061
19403,7239
19404,9471
19405,6336
19406,4934
19407,3853
19408,9207
19409,5647
19410,6686
19411,5095
19412,4561
19413,5810
19414,7681
19415,3350
19416,3800
19417,4775
19418,5345
19419,8527
19420,6399
19421,6381
19422,12520
19423,4216
19424,9169
19425,9521
19426,5734
19427,4507
19428,2736
19429,7043
19430,5131
19431,5663
19432,5059
19433,6021
19434,10580
19435,4622
19436,4624
19437,6376
19438,5574
19439,5873
19440,4471
19441,3612
19442,5720
19443,3210
19444,6897
19445,7553
19446,5548
19447,7026
19448,7398
19449,7019
19450,4256
19451,6607
19452,8143
19453,6563
19454,4986
19455,5338
19456,4152
19457,8850
19458,5167
19459,5607
19460,4630
19461,5856
19462,6775
19463,5913
19464,5392
19465,7284
19466,5042
19467,5836
19468,15935
19469,5466
19470,7218
19471,5027
19472,5333
19473,4782
19474,4235
19475,3723
19476,4078
19477,7487
19478,12737
19479,7512
19480,8410
19481,9605
19482,9526
19483,8724
19484,6686
19485,5855
19486,4846
19487,9794
19488,9512
19489,5909
19490,7141
19491,7019
19492,5206
19493,3971
19494,10001
19495,5941
19496,5578
19497,5617
19498,2067
19499,12513
19500,8905
19501,13434
19502,5253
19503,4087
19504,4472
19505,5261
19506,6139
19507,5925
19508,5618
19509,5194
19510,3844
19511,6581
19512,3180
19513,2685
19514,5618
19515,12240
19516,5892
19517,16348
19518,4139
19519,5108
19520,5531
19521,4972
19522,4141
19523,4234
19524,4627
19525,3366
19526,6774
19527,5701
19528,3222
19529,7385
19530,4299
19531,5374
19532,4056
19533,8576
19534,6336
19535,9247
19536,4366
19537,5870
19538,3837
19539,4302
19540,4077
19541,13050
19542,9025
19543,5611
19544,4263
19545,4122
19546,5059
19547,3811
19548,8425
19549,4207
19550,13385
19551,4082
19552,4787
19553,5111
19554,7932
19555,5740
19556,3920
19557,5815
19558,6233
19559,5891
19560,5935
19561,5053
19562,3281
19563,9374
19564,4573
19565,3423
19566,5389
19567,5120
19568,5612
19569,6061
19570,7865
19571,7348
19572,6166
19573,6096
19574,3757
19575,7613
19576,4848
19577,3883
19578,6005
19579,5731
19580,5382
19581,7746
19582,5217
19583,5511
19584,5299
19585,5888
19586,5298
19587,6492
19588,6128
19589,6036
19590,5428
19591,4718
19592,7774
19593,5279
19594,3598
19595,9869
19596,4553
19597,2966
19598,6478
19599,7773
19600,8291
19601,4787
19602,4999
19603,5488
19604,3243
19605,5539
19606,6191
19607,5773
19608,4923
19609,6629
19610,6726
19611,3049
19612,4653
19613,4976
19614,4827
19615,4372
19616,6076
19617,6254
19618,5355
19619,4365
19620,7288
19621,4738
19622,7009
19623,7679
19624,4081
19625,5866
19626,6088
19627,7338
19628,6597
19629,6711
19630,3012
19631,8335
19632,5723
19633,6339
19634,8758
19635,4300
19636,3490
19637,11593
19638,7054
19639,6949
19640,4925
19641,5830
19642,7609
19643,3196
19644,5759
19645,4618
19646,6254
19647,5337
19648,4555
19649,7079
19650,4448
19651,7785
19652,9024
19653,15453
19654,6659
19655,4062
19656,4590
19657,3262
19658,2617
19659,10544
19660,6683
19661,4567
19662,7740
19663,4845
19664,10444
19665,3709
19666,5037
19667,5359
19668,7573
19669,4419
19670,5721
19671,4849
19672,4195
19673,6566
19674,4275
19675,5745
19676,6643
19677,8032
19678,6487
19679,6371
19680,5152
19681,10112
19682,4074
19683,4489
19684,9407
19685,6138
19686,7505
19687,7614
19688,14418
19689,4530
19690,4228
19691,4146
19692,5131
19693,7271
19694,8616
19695,5623
19696,6947
19697,6234
19698,3303
19699,6588
19700,6775
19701,5548
19702,6918
19703,4440
19704,4130
19705,4186
19706,3371
19707,3916
19708,6843
19709,6468
19710,10251
19711,14989
19712,5831
19713,4244
19714,5486
19715,7320
19716,8200
19717,3354
19718,5183
19719,3638
19720,8091
19721,5545
19722,5542
19723,10908
19724,11362
19725,4009
19726,6062
19727,3413
19728,4836
19729,5261
19730,7481
19731,4055
19732,3656
19733,4902
19734,7070
19735,6534
19736,4339
19737,5011
19738,6296
19739,5700
19740,5426
19741,3335
19742,9528
19743,16975
19744,3823
19745,6061
19746,7141
19747,5660
19748,3588
19749,3433
19750,3289
19751,6507
19752,4315
19753,7125
19754,7799
19755,3564
19756,4263
19757,5239
19758,4902
19759,4210
19760,4590
19761,5279
19762,8431
19763,7167
19764,7569
19765,4887
19766,3873
19767,6175
19768,5336
19769,7333
19770,5390
19771,4055
19772,21047
19773,5648
19774,5241
19775,10593
19776,6170
19777,5571
19778,5451
19779,6604
19780,4266
19781,7703
19782,12926
19783,4844
19784,4528
19785,6002
19786,11137
19787,5026
19788,4455
19789,5457
19790,4400
19791,5892
19792,3793
19793,7766
19794,3486
19795,6560
19796,2355
19797,17826
19798,7453
19799,3370
19800,3886
19801,8309
19802,5335
19803,5583
19804,6660
19805,5093
19806,4294
19807,4078
19808,8382
19809,5067
19810,5132
19811,6116
19812,6322
19813,4951
19814,6712
19815,5220
19816,3554
19817,7851
19818,8356
19819,4004
19820,5955
19821,5531
19822,4279
19823,7977
19824,5279
19825,6981
19826,5577
19827,6467
19828,3868
19829,3958
19830,4096
19831,10625
19832,5983
19833,7635
19834,3262
19835,6951
19836,3181
19837,4993
19838,4076
19839,5274
19840,5359
19841,6139
19842,5648
19843,7436
19844,3532
19845,5141
19846,5914
19847,6679
19848,6052
19849,6300
19850,8563
19851,6107
19852,2539
19853,6349
19854,4952
19855,5733
19856,6149
19857,3939
19858,9893
19859,4342
19860,5528
19861,8954
19862,5816
19863,3198
19864,0
19865,5228
19866,8596
19867,4847
19868,6507
19869,8751
19870,5121
19871,4718
19872,5594
19873,4843
19874,5018
19875,5374
19876,9363
19877,6130
19878,5194
19879,3981
19880,5881
19881,5711
19882,5204
19883,5604
19884,5524
19885,5654
19886,4108
19887,6875
19888,7262
19889,5771
19890,5060
19891,5363
19892,6443
19893,8599
19894,4451
19895,7184
19896,4702
19897,5077
19898,6191
19899,5977
19900,4098
19901,3765
19902,6151
19903,7399
19904,4453
19905,4965
19906,6627
19907,5215
19908,5219
19909,4956
19910,4046
19911,2902
19912,7190
19913,3841
19914,6663
19915,5511
19916,5459
19917,5535
19918,10836
19919,7191
19920,6140
19921,4272
19922,6778
19923,7418
19924,3507
19925,3109
19926,7658
19927,2915
19928,6406
19929,11850
19930,6433
19931,5659
19932,3737
19933,6787
19934,5521
19935,5314
19936,6391
19937,7321
19938,6836
19939,4930
19940,6653
19941,4130
19942,6136
19943,4528
19944,4941
19945,5087
19946,4469
19947,4537
19948,7028
19949,3791
19950,8665
19951,6309
19952,3456
19953,3928
19954,7834
19955,6369
19956,5221
19957,5767
19958,5446
19959,4270
19960,5463
19961,5761
19962,5445
19963,4675
19964,4517
19965,6759
19966,5445
19967,5028
19968,3048
19969,9299
19970,5331
19971,4273
19972,6479
19973,9681
19974,6621
19975,6972
19976,8697
19977,5771
19978,4802
19979,4970
19980,6643
19981,7650
19982,10609
19983,3963
19984,6003
19985,3238
19986,3759
19987,9144
19988,12888
19989,6212
19990,4547
19991,4326
19992,5158
19993,4766
19994,8320
19995,7019
19996,5304
19997,3479
19998,6616
19999,5091
20000,8370
20001,7754
20002,3997
20003,6166
20004,3550
20005,5723
20006,7119
20007,6055
20008,7229
20009,5503
20010,6445
20011,3839
20012,5281
20013,6120
20014,7595
20015,5862
20016,6576
20017,4947
20018,4023
20019,7940
20020,3992
20021,9856
20022,5301
20023,3806
20024,6086
20025,5478
20026,5704
20027,6288
20028,8386
20029,4197
20030,11184
20031,3573
20032,3882
20033,6114
20034,6772
20035,9354
20036,6839
20037,6065
20038,4786
20039,5683
20040,6211
20041,4595
20042,5603
20043,4388
20044,8542
20045,6274
20046,7098
20047,11183
20048,7621
20049,4196
20050,4600
20051,4925
20052,9828
20053,5114
20054,7560
20055,3887
20056,8650
20057,5844
20058,4787
20059,4307
20060,4013
20061,4758
20062,4761
20063,5235
20064,4352
20065,4061
20066,3990
20067,6922
20068,5668
20069,20090
20070,5303
20071,3592
20072,5045
20073,5755
20074,8052
20075,4426
20076,4241
20077,7822
20078,5307
20079,5605
20080,4839
20081,7027
20082,6254
20083,3556
20084,4502
20085,5752
20086,6978
20087,5500
20088,6455
20089,5249
20090,8257
20091,3867
20092,3978
20093,4268
20094,7963
20095,8439
20096,5315
20097,7301
20098,3909
20099,6313
20100,2934
20101,4787
20102,3547
20103,6125
20104,7029
20105,8991
20106,8386
20107,5164
20108,4258
20109,3688
20110,3513
20111,5184
20112,8337
20113,5183
20114,4449
20115,4077
20116,4015
20117,6702
20118,3030
20119,6278
20120,3237
20121,6059
20122,5213
20123,4514
20124,6256
20125,4526
20126,6622
20127,7678
20128,5738
20129,4826
20130,8260
20131,4159
20132,5063
20133,5461
20134,8546
20135,4434
20136,5141
20137,6518
20138,6662
20139,7524
20140,5128
20141,7118
20142,3529
20143,4071
20144,4626
20145,5258
20146,7823
20147,5801
20148,3166
20149,4388
20150,5931
20151,6259
20152,7511
20153,3144
20154,11261
20155,5788
20156,3444
20157,5625
20158,5486
20159,5646
20160,6365
20161,3616
20162,4644
20163,4992
20164,5934
20165,6205
20166,4743
20167,6056
20168,4402
20169,4755
20170,7181
20171,6506
20172,4902
20173,4217
20174,9316
20175,4384
20176,8348
20177,6156
20178,10837
20179,5519
20180,4197
20181,5127
20182,5355
20183,5033
20184,4466
20185,6766
20186,6256
20187,3010
20188,6255
20189,5314
20190,5757
20191,3961
20192,6991
20193,7610
20194,3878
20195,10400
20196,4107
20197,3950
20198,6524
20199,7527
20200,4505
20201,3670
20202,6248
20203,5021
20204,4330
20205,5006
20206,4379
20207,7352
20208,6922
20209,5688
20210,6251
20211,4387
20212,3501
20213,4904
20214,6585
20215,6268
20216,6477
20217,6356
20218,8034
20219,4925
20220,6982
20221,6151
20222,4311
20223,5207
20224,7203
20225,5685
20226,5665
20227,7922
20228,6737
20229,5980
20230,4474
20231,5760
20232,5828
20233,6310
20234,5645
20235,3563
20236,4393
20237,8476
20238,6374
20239,4593
20240,3205
20241,6317
20242,6236
20243,6683
20244,5496
20245,5162
20246,3992
20247,3475
20248,8534
20249,5202
20250,6015
20251,5244
20252,4268
20253,5307
20254,5110
20255,5447
20256,3265
20257,5056
20258,3827
20259,6824
20260,6874
20261,5859
20262,10208
20263,4167
20264,4043
20265,8042
20266,4534
20267,5425
20268,2118
20269,6521
20270,6288
20271,3968
20272,5441
20273,6944
20274,5052
20275,5080
20276,6116
20277,9303
20278,2286
20279,5726
20280,2457
20281,12078
20282,4232
20283,6772
20284,7121
20285,4787
20286,5205
20287,4307
20288,4551
20289,2577
20290,3509
20291,5051
20292,4377
20293,6262
20294,5941
20295,4473
20296,5449
20297,4948
20298,6947
20299,7192
20300,6875
20301,3915
20302,3150
20303,7915
20304,8019
20305,4127
20306,6757
20307,4566
20308,5785
20309,3941
20310,4553
20311,5217
20312,2823
20313,5459
20314,3881
20315,7913
20316,6162
20317,6334
20318,6744
20319,4469
20320,6658
20321,15881
20322,8146
20323,3711
20324,2347
20325,5022
20326,6167
20327,4376
20328,5359
20329,11671
20330,5756
20331,9429
20332,16801
20333,3647
20334,5227
20335,4224
20336,3870
20337,6717
20338,4445
20339,6148
20340,8696
20341,7026
20342,4885
20343,5939
20344,3752
20345,5280
20346,3333
20347,5049
20348,6212
20349,7765
20350,4980
20351,4955
20352,3963
20353,6409
20354,4175
20355,4245
20356,3142
20357,7055
20358,4507
20359,4898
20360,5549
20361,6734
20362,4909
20363,5156
20364,4848
20365,5077
20366,5521
20367,5590
20368,7005
20369,7024
20370,6043
20371,4788
20372,2852
20373,4922
20374,5467
20375,4923
20376,4065
20377,1987
20378,7142
20379,5341
20380,7944
20381,5396
20382,4309
20383,5354
20384,3869
20385,3926
20386,7406
20387,4591
20388,6447
20389,6628
20390,12381
20391,5082
20392,4328
20393,6011
20394,4739
20395,4419
20396,4271
20397,6663
20398,3516
20399,5455
20400,3220
20401,4597
20402,3484
20403,8481
20404,4286
20405,12847
20406,11034
20407,4069
20408,5224
20409,4381
20410,5566
20411,4146
20412,9894
20413,6228
20414,7405
20415,3838
20416,6458
20417,4249
20418,7813
20419,7989
20420,5298
20421,4560
20422,5528
20423,5993
20424,6305
20425,7905
20426,5244
20427,6578
20428,7776
20429,5303
20430,5845
20431,4827
20432,7354
20433,6318
20434,4370
20435,4268
20436,5394
20437,4186
20438,7207
20439,4894
20440,6152
20441,5132
20442,7192
20443,3906
20444,6666
20445,7966
20446,6353
20447,6451
20448,5408
20449,3420
20450,11677
20451,8608
20452,6392
20453,13897
20454,8131
20455,5685
20456,5348
20457,6956
20458,7871
20459,9847
20460,9663
20461,3991
20462,5679
20463,4425
20464,6656
20465,3152
20466,8911
20467,4563
20468,4281
20469,5275
20470,7641
20471,7157
20472,4871
20473,6043
20474,4508
20475,3251
20476,5606
20477,3406
20478,3950
20479,4657
20480,5192
20481,7719
20482,7407
20483,6233
20484,5228
20485,5181
20486,9634
20487,5501
20488,3911
20489,4690
20490,4388
20491,7264
20492,3884
20493,9698
20494,6197
20495,2672
20496,3776
20497,5664
20498,5414
20499,4379
20500,7388
20501,7540
20502,10844
20503,5119
20504,9127
20505,2478
20506,4724
20507,5793
20508,4739
20509,5818
20510,4587
20511,5283
20512,3138
20513,4452
20514,9966
20515,6545
20516,3363
20517,4768
20518,6932
20519,8838
20520,6399
20521,4618
20522,3581
20523,9474
20524,5657
20525,7155
20526,4567
20527,4497
20528,5632
20529,7270
20530,3055
20531,3881
20532,4238
20533,5046
20534,8565
20535,6148
20536,5869
20537,11133
20538,4016
20539,9001
20540,9038
20541,5578
20542,4285
20543,2461
20544,7071
20545,4699
20546,5466
20547,5012
20548,5734
20549,9471
20550,4348
20551,4346
20552,6094
20553,4221
20554,5853
20555,4512
20556,3267
20557,5540
20558,3059
20559,6380
20560,7294
20561,5412
20562,6517
20563,6777
20564,7009
20565,4241
20566,6296
20567,7319
20568,6268
20569,4888
20570,5497
20571,4613
20572,8435
20573,5392
20574,5359
20575,4335
20576,5681
20577,6689
20578,5444
20579,5041
20580,6938
20581,4748
20582,5711
20583,14831
20584,5265
20585,7079
20586,4459
20587,5033
20588,4845
20589,4125
20590,3595
20591,3987
20592,7356
20593,12155
20594,7215
20595,8251
20596,8572
20597,8903
20598,8354
20599,6354
20600,5761
20601,4616
20602,8917
20603,8717
20604,6092
20605,6455
20606,6165
20607,5239
20608,3616
20609,9612
20610,5902
20611,5121
20612,5330
20613,2059
20614,11500
20615,8494
20616,12815
20617,5133
20618,3952
20619,4244
20620,5106
20621,5632
20622,5780
20623,5659
20624,4856
20625,3876
20626,6043
20627,3148
20628,2489
20629,5210
20630,12006
20631,5679
20632,15796
20633,3729
20634,4885
20635,5217
20636,4507
20637,3941
20638,4119
20639,4309
20640,3084
20641,6472
20642,5568
20643,3235
20644,7253
20645,4129
20646,5329
20647,3783
20648,8273
20649,6184
20650,8883
20651,4023
20652,5354
20653,3783
20654,3973
20655,3850
20656,13060
20657,9052
20658,5409
20659,3967
20660,4054
20661,4895
20662,3459
20663,7998
20664,3845
20665,12984
20666,3885
20667,4328
20668,4861
20669,7892
20670,5815
20671,3811
20672,5372
20673,5988
20674,5827
20675,5656
20676,4938
20677,3067
20678,8517
20679,4423
20680,3106
20681,5179
20682,5021
20683,5451
20684,5734
20685,7346
20686,6562
20687,5972
20688,5800
20689,3632
20690,7541
20691,4392
20692,3747
20693,5413
20694,5509
20695,4889
20696,7676
20697,5078
20698,5259
20699,5299
20700,5313
20701,5055
20702,6227
20703,6092
20704,5971
20705,4853
20706,4724
20707,7552
20708,5351
20709,3403
20710,9278
20711,4186
20712,2898
20713,6081
20714,7696
20715,7648
20716,4453
20717,4608
20718,5319
20719,3290
20720,5369
20721,5614
20722,5490
20723,4472
20724,6129
20725,6306
20726,2816
20727,4280
20728,4768
20729,4474
20730,4177
20731,5732
20732,6124
20733,5153
20734,4419
20735,6690
20736,4793
20737,6868
20738,7747
20739,4199
20740,5547
20741,5957
20742,7148
20743,6352
20744,6641
20745,2777
20746,7999
20747,5634
20748,6000
20749,8860
20750,4169
20751,3298
20752,11207
20753,6952
20754,6846
20755,4565
20756,5384
20757,7229
20758,3032
20759,5456
20760,4179
20761,6041
20762,4720
20763,4289
20764,7001
20765,4141
20766,7763
20767,8749
20768,15002
20769,5893
20770,3748
20771,4428
20772,3216
20773,2410
20774,9909
20775,6163
20776,4577
20777,6838
20778,4924
20779,9773
20780,3750
20781,5097
20782,5042
20783,7651
20784,4498
20785,5831
20786,4718
20787,3945
20788,6061
20789,4099
20790,5934
20791,6447
20792,7771
20793,6001
20794,5866
20795,4931
20796,9754
20797,3737
20798,4349
20799,8502
20800,6089
20801,7255
20802,7201
20803,13896
20804,4082
20805,4433
20806,4156
20807,4553
20808,6972
20809,8758
20810,5591
20811,6401
20812,5980
20813,3285
20814,6462
20815,6929
20816,5364
20817,6619
20818,4268
20819,3788
20820,4158
20821,3106
20822,3706
20823,6457
20824,6165
20825,9415
20826,13997
20827,5773
20828,4225
20829,5271
20830,7174
20831,7997
20832,3230
20833,5175
20834,3414
20835,7417
20836,5540
20837,5037
20838,10684
20839,11165
20840,3823
20841,5829
20842,3422
20843,4734
20844,4989
20845,7490
20846,3841
20847,3592
20848,4623
20849,6321
20850,5636
20851,4067
20852,4834
20853,6056
20854,5142
20855,5135
20856,3054
20857,9452
20858,16557
20859,3567
20860,5738
20861,6493
20862,5567
20863,3406
20864,3285
20865,3171
20866,5940
20867,4203
20868,6614
20869,7431
20870,3531
20871,4207
20872,5071
20873,4587
20874,4215
20875,4654
20876,5387
20877,8182
20878,6748
20879,7454
20880,4750
20881,3561
20882,5835
20883,5018
20884,6655
20885,5300
20886,3670
20887,19675
20888,5208
20889,5001
20890,10505
20891,5942
20892,5359
20893,5137
20894,6412
20895,4114
20896,7294
20897,12519
20898,4522
20899,4249
20900,6032
20901,10137
20902,4782
20903,4177
20904,5219
20905,4041
20906,5702
20907,3566
20908,7583
20909,3410
20910,6093
20911,2404
20912,17349
20913,7331
20914,3331
20915,3984
20916,7279
20917,4995
20918,5611
20919,6494
20920,4935
20921,4391
20922,3757
20923,7897
20924,5076
20925,4839
20926,5768
20927,6219
20928,4571
20929,6521
20930,4936
20931,3388
20932,7329
20933,7503
20934,3848
20935,5841
20936,5297
20937,4283
20938,7657
20939,4848
20940,6571
20941,5320
20942,6114
20943,3740
20944,3867
20945,3942
20946,9274
20947,6175
20948,7536
20949,3275
20950,6714
20951,3047
20952,4653
20953,3682
20954,5165
20955,4978
20956,5656
20957,5485
20958,7275
20959,3499
20960,5193
20961,5466
20962,6374
20963,5952
20964,6118
20965,8107
20966,5896
20967,2566
20968,5664
20969,4514
20970,5397
20971,5874
20972,3865
20973,9758
20974,4369
20975,5118
20976,8257
20977,5081
20978,3110
20979,0
20980,5107
20981,8614
20982,4762
20983,6095
20984,7634
20985,5101
20986,4023
20987,5122
20988,4576
20989,4702
20990,5214
20991,8822
20992,5789
20993,4897
20994,3701
20995,5650
20996,5485
20997,4670
20998,5576
20999,5210
21000,5195
21001,3977
21002,6594
21003,7273
21004,5435
21005,4889
21006,4957
21007,5967
21008,7850
21009,4370
21010,6853
21011,4369
21012,4869
21013,6216
21014,5554
21015,3984
21016,3558
21017,6911
21018,7295
21019,4250
21020,4588
21021,6209
21022,5219
21023,4693
21024,4942
21025,3905
21026,2629
21027,6960
21028,3614
21029,6560
21030,5343
21031,5055
21032,4810
21033,9350
21034,7074
21035,6329
21036,3773
21037,6317
21038,6851
21039,3455
21040,2736
21041,6747
21042,2875
21043,5971
21044,11377
21045,6143
21046,5397
21047,3498
21048,6587
21049,5377
21050,5050
21051,6231
21052,6983
21053,6402
21054,4717
21055,6519
21056,3818
21057,5850
21058,4415
21059,4720
21060,5057
21061,4096
21062,4248
21063,6811
21064,3576
21065,8568
21066,6091
21067,3439
21068,3779
21069,7867
21070,6293
21071,4932
21072,5622
21073,4854
21074,4311
21075,4958
21076,5540
21077,5457
21078,4530
21079,4358
21080,7021
21081,5291
21082,4989
21083,2775
21084,7942
21085,5115
21086,3920
21087,6133
21088,9609
21089,6485
21090,6628
21091,8230
21092,5290
21093,5005
21094,4842
21095,6287
21096,6857
21097,10702
21098,3570
21099,5342
21100,2979
21101,3487
21102,8410
21103,12052
21104,5578
21105,4021
21106,4106
21107,4734
21108,4855
21109,8408
21110,6478
21111,5142
21112,3194
21113,6316
21114,4774
21115,7829
21116,8001
21117,3711
21118,6013
21119,3387
21120,5821
21121,6913
21122,5522
21123,6895
21124,5212
21125,6255
21126,3843
21127,5171
21128,5421
21129,7218
21130,5522
21131,6503
21132,4653
21133,3789
21134,7384
21135,3911
21136,8824
21137,5247
21138,3752
21139,7077
21140,5298
21141,5213
21142,6223
21143,7854
21144,4164
21145,10691
21146,3233
21147,3470
21148,5815
21149,6448
21150,9194
21151,6444
21152,5661
21153,4690
21154,5154
21155,6169
21156,4254
21157,5232
21158,4005
21159,7982
21160,6257
21161,6830
21162,10751
21163,7815
21164,4088
21165,4362
21166,4465
21167,9650
21168,4891
21169,7214
21170,3504
21171,8248
21172,5741
21173,4422
21174,4178
21175,3753
21176,4437
21177,4700
21178,4889
21179,4054
21180,3862
21181,3544
21182,6625
21183,5659
21184,19015
21185,5315
21186,3449
21187,4203
21188,5902
21189,7990
21190,4057
21191,4001
21192,7564
21193,5860
21194,5773
21195,4776
21196,6390
21197,6025
21198,3541
21199,4688
21200,5789
21201,6739
21202,5438
21203,6159
21204,5392
21205,8576
21206,3918
21207,3863
21208,4134
21209,7758
21210,8886
21211,5528
21212,7415
21213,4199
21214,6320
21215,3425
21216,4654
21217,3267
21218,6281
21219,6992
21220,8867
21221,7996
21222,5403
21223,4120
21224,3583
21225,3911
21226,5052
21227,8133
21228,5092
21229,4417
21230,4175
21231,3991
21232,6509
21233,3069
21234,5830
21235,3252
21236,5985
21237,5413
21238,4434
21239,6375
21240,4453
21241,6666
21242,7752
21243,5700
21244,4800
21245,7781
21246,3860
21247,5277
21248,5586
21249,9057
21250,4795
21251,5254
21252,6444
21253,6225
21254,7277
21255,5026
21256,7256
21257,3685
21258,4090
21259,4815
21260,5325
21261,7725
21262,5885
21263,3140
21264,4242
21265,6192
21266,5769
21267,7868
21268,3152
21269,10692
21270,6025
21271,3592
21272,5468
21273,5599
21274,5457
21275,6506
21276,3548
21277,4808
21278,5145
21279,5958
21280,6059
21281,4680
21282,6050
21283,4606
21284,4560
21285,6949
21286,6444
21287,4877
21288,4164
21289,9158
21290,4102
21291,7805
21292,6025
21293,10557
21294,5358
21295,4121
21296,5154
21297,5231
21298,4809
21299,4253
21300,6612
21301,6340
21302,3081
21303,6308
21304,4991
21305,5522
21306,3979
21307,6672
21308,7250
21309,3761
21310,10399
21311,4276
21312,3770
21313,6083
21314,7700
21315,4361
21316,3704
21317,6061
21318,5065
21319,4275
21320,4944
21321,4360
21322,7169
21323,7370
21324,5535
21325,6079
21326,4317
21327,3661
21328,4660
21329,6754
21330,6130
21331,6700
21332,6150
21333,8004
21334,4617
21335,7045
21336,6054
21337,4182
21338,5331
21339,7344
21340,5318
21341,6306
21342,7768
21343,6345
21344,5952
21345,4543
21346,5723
21347,5736
21348,6237
21349,5503
21350,3398
21351,4688
21352,8221
21353,6152
21354,4751
21355,3455
21356,6404
21357,5995
21358,6752
21359,5413
21360,4901
21361,4129
21362,3390
21363,8792
21364,5487
21365,5961
21366,5227
21367,4266
21368,4969
21369,5116
21370,5689
21371,3220
21372,5119
21373,3582
21374,6698
21375,6605
21376,5593
21377,9935
21378,3689
21379,3983
21380,8071
21381,4362
21382,5109
21383,2244
21384,6533
21385,6376
21386,4532
21387,5345
21388,5743
21389,5106
21390,4935
21391,6967
21392,8992
21393,2208
21394,5870
21395,2419
21396,12445
21397,3749
21398,6713
21399,7133
21400,4799
21401,5213
21402,4114
21403,4571
21404,2616
21405,3650
21406,5129
21407,4324
21408,5859
21409,5879
21410,4881
21411,5219
21412,4939
21413,6744
21414,7241
21415,6600
21416,3754
21417,3384
21418,7662
21419,7807
21420,4180
21421,6439
21422,4385
21423,5986
21424,4050
21425,4177
21426,5073
21427,3066
21428,5309
21429,3758
21430,7726
21431,6092
21432,6289
21433,6687
21434,4823
21435,6356
21436,16368
21437,8205
21438,3802
21439,2346
21440,4961
21441,6751
21442,4499
21443,5325
21444,11969
21445,5698
21446,9801
21447,18564
21448,3581
21449,5285
21450,4219
21451,4045
21452,8147
21453,3760
21454,6349
21455,8439
21456,6801
21457,4998
21458,5971
21459,4232
21460,4991
21461,3356
21462,4895
21463,6069
21464,7382
21465,5207
21466,5017
21467,4164
21468,6347
21469,4053
21470,4054
21471,3428
21472,6673
21473,4739
21474,4847
21475,5441
21476,6803
21477,4794
21478,5208
21479,4967
21480,4731
21481,5484
21482,5391
21483,7073
21484,7053
21485,6076
21486,4760
21487,2797
21488,5015
21489,5357
21490,4903
21491,4042
21492,2356
21493,7222
21494,5579
21495,6958
21496,5296
21497,4425
21498,5676
21499,4081
21500,3967
21501,7720
21502,4340
21503,6633
21504,6354
21505,12678
21506,5181
21507,4801
21508,6087
21509,4880
21510,5966
21511,4404
21512,6583
21513,3595
21514,5710
21515,3345
21516,4777
21517,3415
21518,8552
21519,4368
21520,12347
21521,10715
21522,4208
21523,5099
21524,4408
21525,5481
21526,4328
21527,9725
21528,6390
21529,7773
21530,3706
21531,6430
21532,4216
21533,7538
21534,7667
21535,5308
21536,4665
21537,5586
21538,6015
21539,6229
21540,8077
21541,4943
21542,6813
21543,7691
21544,5224
21545,5751
21546,5074
21547,7127
21548,6346
21549,4594
21550,4037
21551,5530
21552,4049
21553,6940
21554,4881
21555,6532
21556,4900
21557,7173
21558,3888
21559,6556
21560,8090
21561,6501
21562,7061
21563,5792
21564,3419
21565,11061
21566,8636
21567,6734
21568,14704
21569,8749
21570,5290
21571,5328
21572,7241
21573,8265
21574,9733
21575,9320
21576,4308
21577,5765
21578,4473
21579,6664
21580,3336
21581,9946
21582,4854
21583,4074
21584,5157
21585,7558
21586,6856
21587,4778
21588,6057
21589,4309
21590,3491
21591,5693
21592,3504
21593,3707
21594,4898
21595,4934
21596,7366
21597,7141
21598,6146
21599,5371
21600,5110
21601,9987
21602,5761
21603,4211
21604,4541
21605,4245
21606,7117
21607,3821
21608,10071
21609,5895
21610,2958
21611,3739
21612,5752
21613,5399
21614,4302
21615,7264
21616,8322
21617,10552
21618,4469
21619,9081
21620,2437
21621,4712
21622,5774
21623,4668
21624,5660
21625,4380
21626,5131
21627,3146
21628,4549
21629,9459
21630,6642
21631,3477
21632,4459
21633,6881
21634,8720
21635,7357
21636,4583
21637,3723
21638,7933
21639,5229
21640,6359
21641,4777
21642,4562
21643,5343
21644,7680
21645,3328
21646,3544
21647,4489
21648,4874
21649,8196
21650,6040
21651,6040
21652,11467
21653,4158
21654,8671
21655,9361
21656,5490
21657,4369
21658,2733
21659,6552
21660,4823
21661,5177
21662,5133
21663,5830
21664,9910
21665,4390
21666,4510
21667,6038
21668,4970
21669,5898
21670,4247
21671,3533
21672,5838
21673,2870
21674,6755
21675,7101
21676,5163
21677,6361
21678,6984
21679,7029
21680,4220
21681,6337
21682,7166
21683,5925
21684,4481
21685,5003
21686,3977
21687,8349
21688,6100
21689,5229
21690,4129
21691,5515
21692,6870
21693,5629
21694,4829
21695,6809
21696,4531
21697,5861
21698,14969
21699,5163
21700,7207
21701,4998
21702,5000
21703,4673
21704,4043
21705,3455
21706,4116
21707,7388
21708,11630
21709,6944
21710,8222
21711,8907
21712,9015
21713,8465
21714,6719
21715,6157
21716,4673
21717,8989
21718,8698
21719,5947
21720,6957
21721,6456
21722,5006
21723,3422
21724,9410
21725,5686
21726,5197
21727,5362
21728,2018
21729,11433
21730,8802
21731,13050
21732,5195
21733,3759
21734,4070
21735,4831
21736,5492
21737,5644
21738,5643
21739,4634
21740,3779
21741,6295
21742,2944
21743,2604
21744,5403
21745,11744
21746,5659
21747,15735
21748,3971
21749,5081
21750,5254
21751,4688
21752,4077
21753,4010
21754,4286
21755,3301
21756,6491
21757,5658
21758,3102
21759,6928
21760,4057
21761,5434
21762,3855
21763,8073
21764,6121
21765,8865
21766,3984
21767,5396
21768,3819
21769,4036
21770,3879
21771,12226
21772,8955
21773,5630
21774,3906
21775,4016
21776,4842
21777,4221
21778,9582
21779,3953
21780,12295
21781,3910
21782,4333
21783,4701
21784,7610
21785,5717
21786,3646
21787,5308
21788,5877
21789,5942
21790,5676
21791,4878
21792,3077
21793,8650
21794,4305
21795,3254
21796,5037
21797,5237
21798,5223
21799,5647
21800,7249
21801,6961
21802,5852
21803,5820
21804,3376
21805,7277
21806,4475
21807,3778
21808,5727
21809,5867
21810,5171
21811,7887
21812,4815
21813,5018
21814,5492
21815,5528
21816,4999
21817,6262
21818,6037
21819,5910
21820,5097
21821,4618
21822,7636
21823,5299
21824,3539
21825,9454
21826,4584
21827,2809
21828,6083
21829,7525
21830,7627
21831,4428
21832,4737
21833,5250
21834,3298
21835,5168
21836,5751
21837,5813
21838,4727
21839,6058
21840,6496
21841,2734
21842,4392
21843,4962
21844,4424
21845,4128
21846,5523
21847,5759
21848,4925
21849,4268
21850,6643
21851,4770
21852,6870
21853,7314
21854,4155
21855,5369
21856,5787
21857,7039
21858,6438
21859,6392
21860,4120
21861,8256
21862,5697
21863,6042
21864,8319
21865,3942
21866,3229
21867,10726
21868,7074
21869,6630
21870,4793
21871,5690
21872,6993
21873,3305
21874,5426
21875,4305
21876,6372
21877,5146
21878,4456
21879,6649
21880,4410
21881,7359
21882,8873
21883,14606
21884,5941
21885,3868
21886,4391
21887,3221
21888,2584
21889,9858
21890,6336
21891,4517
21892,6896
21893,5109
21894,9507
21895,3784
21896,5138
21897,5078
21898,7465
21899,4198
21900,5452
21901,4644
21902,3848
21903,5846
21904,4225
21905,5640
21906,6330
21907,7642
21908,6201
21909,6095
21910,5099
21911,9555
21912,3681
21913,4392
21914,8657
21915,5973
21916,7422
21917,6917
21918,14037
21919,4319
21920,4275
21921,4222
21922,4888
21923,6984
21924,8523
21925,5286
21926,6484
21927,6048
21928,3314
21929,6157
21930,6611
21931,5402
21932,6990
21933,4512
21934,3838
21935,4100
21936,3122
21937,3731
21938,6601
21939,6489
21940,9771
21941,13889
21942,5356
21943,4110
21944,5316
21945,7215
21946,7894
21947,3343
21948,5163
21949,3620
21950,7504
21951,5377
21952,4993
21953,10444
21954,11143
21955,3913
21956,5851
21957,3357
21958,4429
21959,4891
21960,7496
21961,3923
21962,3544
21963,4565
21964,6398
21965,6211
21966,3930
21967,4810
21968,6411
21969,5158
21970,5323
21971,3160
21972,9065
21973,15741
21974,3476
21975,5724
21976,6737
21977,5664
21978,3430
21979,3378
21980,3151
21981,6142
21982,4172
21983,6623
21984,7396
21985,3674
21986,4264
21987,4984
21988,4528
21989,4124
21990,4704
21991,5155
21992,7629
21993,6855
21994,7248
21995,4799
21996,3521
21997,5587
21998,4900
21999,7626
22000,5317
22001,3776
22002,19639
22003,5100
22004,5088
22005,9912
22006,6009
22007,5250
22008,5133
22009,6277
22010,4028
22011,7503
22012,12664
22013,4593
22014,4158
22015,5563
22016,10212
22017,4788
22018,4140
22019,5268
22020,4007
22021,5360
22022,3530
22023,7244
22024,3414
22025,6011
22026,2292
22027,17130
22028,7001
22029,3262
22030,4080
22031,7569
22032,5002
22033,5343
22034,6309
22035,4848
22036,4346
22037,3822
22038,7620
22039,5009
22040,4703
22041,5716
22042,5925
22043,4457
22044,6338
22045,4853
22046,3353
22047,7406
22048,7036
22049,3742
22050,6035
22051,5368
22052,3996
22053,7479
22054,4952
22055,6698
22056,5288
22057,6529
22058,3573
22059,3691
22060,3917
22061,10123
22062,5360
22063,7255
22064,3289
22065,6582
22066,3104
22067,4832
22068,3663
22069,5025
22070,5186
22071,5876
22072,5478
22073,7251
22074,3720
22075,4991
22076,5682
22077,6585
22078,5610
22079,5949
22080,7816
22081,5916
22082,2548
22083,5938
22084,4414
22085,5268
22086,5710
22087,3709
22088,9593
22089,4244
22090,5262
22091,8085
22092,5830
22093,3051
22094,0
22095,5165
22096,8174
22097,4563
22098,6072
22099,8169
22100,5195
22101,4089
22102,5186
22103,4698
22104,4556
22105,5069
22106,8605
22107,5746
22108,4925
22109,3926
22110,5154
22111,5699
22112,4945
22113,5553
22114,5056
22115,5332
22116,4372
22117,6540
22118,6889
22119,5441
22120,5052
22121,5045
22122,5856
22123,7732
22124,4346
22125,6816
22126,4366
22127,4977
22128,6254
22129,5449
22130,3966
22131,3581
22132,6049
22133,7288
22134,4207
22135,4462
22136,6363
22137,5014
22138,4842
22139,4765
22140,4052
22141,2951
22142,6595
22143,3613
22144,6297
22145,5214
22146,5008
22147,4993
22148,9771
22149,7030
22150,5936
22151,3820
22152,7287
22153,6622
22154,3332
22155,2803
22156,6935
22157,2949
22158,5949
22159,10705
22160,6743
22161,5414
22162,3610
22163,6252
22164,5792
22165,4905
22166,6333
22167,6866
22168,6940
22169,4830
22170,6505
22171,3918
22172,5824
22173,4279
22174,4538
22175,5349
22176,4305
22177,4244
22178,6857
22179,3582
22180,8508
22181,6094
22182,3419
22183,3654
22184,8062
22185,6041
22186,5220
22187,5469
22188,5171
22189,4272
22190,5219
22191,5370
22192,5243
22193,4432
22194,4260
22195,6936
22196,5534
22197,5068
22198,2936
22199,8702
22200,5188
22201,4013
22202,6206
22203,9417
22204,6588
22205,6119
22206,7844
22207,5272
22208,4844
22209,4744
22210,5995
22211,6978
22212,10002
22213,3700
22214,5462
22215,3311
22216,3611
22217,8503
22218,12530
22219,5750
22220,4242
22221,4486
22222,5178
22223,4735
22224,8370
22225,7034
22226,5142
22227,3335
22228,6281
22229,4748
22230,8302
22231,7959
22232,3906
22233,6117
22234,3374
22235,5713
22236,6846
22237,5698
22238,6536
22239,5150
22240,6299
22241,3643
22242,5440
22243,5491
22244,7412
22245,5675
22246,6524
22247,4814
22248,3774
22249,7562
22250,3764
22251,9064
22252,5276
22253,3526
22254,5305
22255,5263
22256,5309
22257,6173
22258,7984
22259,4195
22260,10290
22261,3441
22262,3680
22263,5499
22264,6415
22265,8882
22266,6444
22267,5888
22268,4334
22269,5160
22270,5991
22271,4374
22272,5158
22273,4245
22274,8186
22275,5803
22276,6759
22277,10255
22278,7700
22279,3926
22280,4151
22281,4484
22282,9676
22283,4733
22284,7528
22285,3706
22286,8555
22287,5499
22288,4388
22289,4254
22290,3835
22291,4496
22292,4572
22293,4920
22294,3996
22295,4111
22296,3739
22297,6699
22298,5846
22299,19090
22300,5174
22301,3786
22302,4145
22303,6339
22304,8458
22305,4586
22306,4388
22307,8772
22308,5333
22309,6587
22310,5506
22311,6705
22312,6477
22313,4057
22314,5220
22315,6494
22316,7438
22317,5769
22318,7258
22319,6123
22320,7568
22321,4807
22322,4516
22323,4921
22324,8864
22325,9118
22326,6185
22327,8191
22328,4383
22329,7094
22330,3331
22331,5512
22332,3624
22333,7289
22334,7511
22335,9679
22336,8960
22337,6600
22338,4947
22339,4023
22340,4120
22341,5707
22342,9029
22343,5751
22344,4822
22345,4818
22346,4689
22347,6942
22348,3288
22349,7265
22350,3642
22351,6996
22352,6003
22353,4814
22354,7923
22355,4783
22356,7579
22357,8200
22358,6166
22359,5247
22360,7995
22361,4206
22362,6074
22363,6384
22364,10099
22365,5107
22366,5961
22367,6922
22368,6946
22369,8166
22370,5722
22371,8144
22372,3760
22373,4221
22374,5367
22375,6099
22376,8828
22377,6876
22378,3610
22379,4891
22380,7344
22381,7164
22382,8473
22383,3767
22384,11531
22385,6230
22386,4111
22387,5452
22388,6052
22389,5964
22390,7529
22391,3814
22392,5496
22393,6254
22394,6739
22395,6242
22396,4554
22397,6383
22398,5153
22399,5172
22400,8053
22401,7070
22402,5608
22403,4838
22404,9431
22405,4675
22406,8452
22407,6945
22408,12029
22409,5958
22410,4135
22411,6105
22412,5893
22413,5757
22414,4976
22415,8015
22416,6636
22417,3513
22418,7234
22419,5363
22420,6147
22421,4281
22422,7379
22423,7579
22424,5226
22425,10980
22426,4991
22427,4390
22428,6903
22429,8254
22430,4526
22431,4148
22432,6715
22433,5624
22434,4649
22435,5455
22436,4750
22437,8376
22438,7437
22439,6238
22440,6404
22441,4573
22442,4451
22443,5351
22444,7359
22445,6566
22446,7663
22447,7318
22448,8356
22449,5119
22450,7825
22451,7039
22452,4850
22453,5716
22454,8107
22455,6255
22456,5935
22457,8712
22458,7592
22459,6886
22460,5051
22461,6889
22462,6581
22463,6374
22464,6037
22465,3706
22466,5182
22467,8571
22468,6915
22469,5320
22470,4052
22471,7145
22472,6326
22473,7146
22474,6077
22475,5518
22476,4704
22477,3559
22478,9417
22479,6086
22480,6416
22481,5495
22482,5038
22483,5219
22484,5881
22485,6727
22486,3438
22487,6004
22488,4280
22489,7813
22490,7542
22491,6222
22492,11688
22493,3982
22494,4716
22495,9379
22496,4862
22497,6392
22498,2488
22499,7443
22500,7674
22501,5353
22502,6016
22503,6175
22504,5653
22505,5431
22506,7000
22507,9288
22508,2778
22509,6521
22510,2735
22511,12053
22512,4119
22513,7470
22514,8770
22515,5510
22516,6075
22517,4798
22518,4464
22519,3007
22520,4120
22521,5800
22522,4669
22523,7037
22524,6710
22525,5231
22526,5735
22527,5977
22528,7833
22529,8223
22530,7437
22531,4489
22532,4158
22533,8546
22534,9141
22535,4811
22536,7266
22537,4736
22538,6580
22539,4797
22540,4664
22541,6088
22542,3635
22543,5631
22544,4550
22545,8171
22546,6813
22547,7191
22548,6988
22549,5207
22550,7344
22551,17434
22552,8737
22553,4342
22554,2795
22555,5726
22556,7372
22557,4638
22558,6047
22559,12397
22560,5968
22561,9945
22562,18719
22563,3942
22564,5552
22565,4610
22566,3754
22567,7411
22568,4400
22569,7230
22570,8821
22571,7116
22572,5381
22573,6522
22574,4610
22575,5921
22576,3641
22577,5894
22578,6721
22579,8830
22580,5812
22581,5833
22582,4038
22583,6972
22584,4719
22585,4889
22586,3576
22587,7739
22588,5335
22589,5449
22590,6387
22591,7348
22592,3719
22593,5408
22594,5241
22595,4987
22596,5786
22597,6110
22598,8433
22599,8079
22600,6927
22601,5374
22602,3450
22603,5596
22604,5938
22605,5462
22606,4369
22607,2552
22608,7842
22609,5884
22610,9004
22611,5644
22612,5006
22613,6798
22614,4646
22615,4250
22616,8586
22617,5428
22618,7522
22619,7830
22620,12550
22621,5914
22622,4527
22623,6893
22624,4478
22625,5323
22626,5264
22627,7251
22628,4303
22629,6657
22630,3765
22631,4794
22632,3554
22633,8990
22634,5030
22635,13024
22636,10976
22637,4882
22638,5668
22639,4782
22640,5959
22641,5186
22642,10920
22643,7237
22644,8103
22645,4188
22646,7438
22647,5015
22648,8505
22649,8157
22650,6157
22651,5727
22652,6272
22653,6290
22654,7409
22655,8213
22656,5861
22657,7028
22658,8558
22659,6242
22660,6529
22661,5839
22662,7393
22663,6470
22664,5034
22665,4639
22666,6102
22667,4765
22668,7820
22669,5887
22670,7104
22671,5515
22672,8315
22673,4508
22674,6716
22675,8730
22676,6803
22677,7576
22678,6268
22679,3818
22680,12484
22681,8457
22682,7897
22683,14767
22684,8365
22685,6333
22686,6211
22687,7438
22688,9217
22689,9705
22690,10333
22691,5402
22692,6411
22693,5344
22694,8036
22695,4048
22696,9415
22697,5487
22698,4783
22699,5690
22700,7690
22701,6982
22702,5279
22703,7044
22704,4658
22705,3878
22706,6446
22707,4058
22708,4130
22709,5017
22710,5585
22711,8721
22712,8633
22713,6290
22714,5999
22715,5843
22716,9896
22717,6098
22718,5468
22719,5112
22720,4787
22721,8821
22722,4029
22723,11522
22724,6608
22725,3205
22726,4224
22727,6034
22728,5744
22729,5063
22730,8188
22731,8968
22732,10613
22733,5484
22734,10720
22735,2775
22736,5243
22737,6624
22738,5241
22739,6561
22740,5208
22741,6355
22742,3844
22743,5218
22744,11477
22745,8877
22746,4263
22747,4846
22748,8253
22749,8635
22750,6903
22751,5157
22752,4156
22753,8741
22754,5791
22755,7295
22756,5215
22757,5363
22758,6538
22759,7657
22760,3682
22761,4154
22762,4583
22763,5141
22764,9099
22765,7138
22766,7337
22767,12089
22768,5151
22769,10020
22770,10584
22771,6485
22772,4848
22773,3095
22774,7378
22775,5775
22776,5783
22777,5793
22778,6338
22779,10520
22780,4424
22781,5001
22782,7411
22783,4285
22784,7675
22785,5158
22786,4037
22787,6607
22788,3185
22789,6515
22790,7829
22791,6262
22792,7115
22793,7667
22794,7206
22795,4902
22796,6956
22797,8323
22798,6647
22799,5206
22800,5994
22801,4427
22802,8771
22803,6827
22804,5823
22805,4462
22806,6233
22807,7773
22808,6779
22809,5339
22810,8091
22811,5156
22812,6601
22813,15215
22814,5625
22815,8513
22816,5155
22817,5331
22818,5767
22819,4838
22820,3866
22821,4631
22822,8384
22823,12425
22824,7976
22825,9059
22826,8706
22827,10453
22828,9463
22829,7671
22830,6473
22831,4884
22832,9485
22833,9854
22834,7308
22835,7504
22836,7730
22837,5590
22838,3585
22839,10481
22840,6036
22841,5838
22842,5916
22843,2002
22844,11462
22845,9298
22846,12898
22847,5827
22848,4230
22849,4895
22850,5607
22851,5792
22852,5913
22853,6795
22854,4843
22855,4308
22856,6325
22857,3277
22858,2827
22859,5485
22860,12562
22861,6571
22862,16501
22863,4293
22864,5984
22865,6124
22866,5480
22867,4524
22868,5077
22869,4362
22870,3702
22871,8220
22872,6307
22873,3477
22874,8128
22875,4521
22876,5916
22877,4208
22878,9268
22879,6613
22880,8719
22881,4217
22882,5972
22883,4427
22884,4459
22885,4416
22886,13324
22887,10217
22888,6166
22889,4297
22890,4948
22891,5914
22892,3987
22893,8105
22894,4150
22895,13233
22896,4267
22897,4769
22898,5169
22899,9296
22900,6992
22901,4384
22902,5578
22903,6114
22904,6604
22905,6659
22906,5257
22907,3497
22908,8464
22909,4822
22910,3831
22911,5586
22912,6098
22913,5563
22914,6074
22915,7811
22916,7877
22917,6637
22918,6752
22919,3647
22920,8368
22921,5184
22922,4353
22923,7024
22924,6667
22925,5788
22926,8605
22927,5425
22928,5511
22929,6140
22930,5596
22931,5291
22932,7047
22933,7415
22934,6457
22935,5715
22936,5068
22937,8623
22938,6160
22939,4275
22940,10340
22941,4823
22942,2913
22943,6934
22944,8820
22945,8111
22946,4773
22947,5447
22948,6035
22949,3736
22950,5892
22951,6822
22952,6441
22953,5528
22954,6114
22955,7465
22956,2917
22957,5028
22958,5393
22959,4530
22960,4745
22961,6170
22962,6532
22963,5615
22964,5088
22965,6946
22966,5812
22967,7608
22968,8222
22969,4823
22970,5938
22971,6182
22972,7556
22973,7215
22974,8890
22975,3138
22976,8548
22977,6213
22978,6395
22979,9675
22980,4514
22981,3545
22982,11029
22983,7515
22984,7809
22985,5347
22986,5702
22987,7873
22988,3637
22989,5917
22990,4893
22991,7417
22992,5451
22993,4803
22994,7663
22995,4944
22996,8253
22997,9596
22998,15331
22999,6422
23000,4073
23001,5002
23002,3835
23003,2962
23004,10493
23005,7147
23006,5681
23007,8424
23008,5768
23009,8849
23010,4398
23011,5516
23012,5694
23013,8079
23014,4974
23015,6109
23016,5444
23017,4260
23018,6410
23019,4917
23020,6196
23021,7402
23022,8031
23023,6823
23024,6825
23025,5720
23026,10067
23027,4165
23028,5276
23029,9980
23030,6700
23031,7912
23032,7627
23033,15387
23034,5051
23035,4716
23036,4360
23037,5609
23038,7990
23039,9824
23040,6146
23041,7102
23042,7073
23043,3789
23044,6914
23045,6788
23046,6037
23047,8035
23048,5339
23049,4529
23050,4732
23051,3378
23052,4345
23053,7236
23054,6616
23055,10879
23056,15955
23057,6043
23058,4387
23059,6511
23060,7726
23061,8301
23062,3892
23063,5762
23064,4005
23065,7785
23066,6367
23067,5892
23068,11217
23069,12415
23070,4338
23071,6432
23072,3715
23073,4945
23074,4971
23075,8358
23076,4397
23077,4340
23078,4814
23079,7050
23080,5886
23081,4164
23082,5368
23083,7403
23084,6353
23085,6072
23086,2968
23087,10183
23088,16471
23089,3901
23090,6938
23091,7676
23092,6203
23093,4142
23094,3518
23095,3601
23096,6852
23097,4782
23098,6999
23099,8648
23100,4276
23101,4890
23102,6131
23103,4902
23104,4807
23105,5045
23106,5667
23107,9059
23108,7326
23109,8350
23110,5336
23111,3764
23112,5878
23113,5283
23114,8384
23115,5893
23116,4407
23117,18988
23118,5559
23119,5515
23120,11020
23121,6486
23122,5966
23123,5688
23124,6493
23125,4430
23126,8406
23127,13455
23128,5077
23129,4536
23130,6129
23131,10843
23132,5895
23133,4614
23134,5561
23135,5017
23136,5532
23137,4241
23138,8001
23139,3534
23140,6156
23141,2753
23142,20095
23143,7886
23144,3695
23145,5385
23146,8798
23147,5734
23148,5850
23149,6992
23150,5559
23151,5112
23152,3796
23153,8245
23154,5409
23155,5341
23156,6072
23157,6909
23158,4685
23159,7301
23160,5986
23161,3629
23162,7633
23163,9544
23164,4059
23165,7075
23166,6379
23167,4922
23168,8742
23169,4904
23170,6445
23171,6218
23172,7356
23173,3735
23174,4531
23175,4469
23176,8841
23177,5868
23178,8173
23179,3649
23180,7301
23181,3525
23182,5747
23183,4434
23184,5692
23185,5534
23186,6468
23187,6300
23188,8657
23189,4427
23190,5808
23191,6664
23192,7618
23193,5832
23194,7797
23195,8591
23196,6293
23197,3094
23198,6314
23199,4670
23200,5905
23201,6005
23202,3987
23203,11038
23204,4826
23205,5761
23206,9088
23207,6650
23208,3488
23209,0
23210,5878
23211,8926
23212,5041
23213,6732
23214,8076
23215,6469
23216,5003
23217,6487
23218,5251
23219,5032
23220,5691
23221,8461
23222,6951
23223,5101
23224,4218
23225,6188
23226,6633
23227,5543
23228,6674
23229,5415
23230,6151
23231,4403
23232,7337
23233,7298
23234,6600
23235,5567
23236,5786
23237,6583
23238,8321
23239,5360
23240,7678
23241,4525
23242,5572
23243,7065
23244,5898
23245,4243
23246,3954
23247,6511
23248,7765
23249,4740
23250,5139
23251,7148
23252,5880
23253,5131
23254,5580
23255,4841
23256,2907
23257,7480
23258,3896
23259,6872
23260,6022
23261,6082
23262,5950
23263,9332
23264,7523
23265,6371
23266,4689
23267,7765
23268,6888
23269,3482
23270,2660
23271,7331
23272,3412
23273,6501
23274,11204
23275,7347
23276,6347
23277,3849
23278,7091
23279,6313
23280,5677
23281,7343
23282,7962
23283,7274
23284,5240
23285,7533
23286,4377
23287,6524
23288,4350
23289,5145
23290,6708
23291,5589
23292,5030
23293,7312
23294,4444
23295,9320
23296,6094
23297,4075
23298,4126
23299,8990
23300,6707
23301,5093
23302,5912
23303,6242
23304,4992
23305,5807
23306,5984
23307,6430
23308,4815
23309,4615
23310,8153
23311,6071
23312,5907
23313,3203
23314,10101
23315,5876
23316,4703
23317,6162
23318,10271
23319,7401
23320,7238
23321,8538
23322,6234
23323,5417
23324,5536
23325,6633
23326,8527
23327,11073
23328,4610
23329,5211
23330,3464
23331,4158
23332,9206
23333,13146
23334,5873
23335,4380
23336,5283
23337,5806
23338,5633
23339,9306
23340,7786
23341,5491
23342,3660
23343,7875
23344,5252
23345,8489
23346,8948
23347,4759
23348,6709
23349,3589
23350,6482
23351,6986
23352,6618
23353,7065
23354,5622
23355,6806
23356,4516
23357,5953
23358,6796
23359,7808
23360,6662
23361,7641
23362,5183
23363,4261
23364,8915
23365,4134
23366,10234
23367,6079
23368,4138
23369,5528
23370,5637
23371,5488
23372,7051
23373,8831
23374,5077
23375,10853
23376,3895
23377,4283
23378,6186
23379,7168
23380,9908
23381,6354
23382,5721
23383,5369
23384,5510
23385,6689
23386,4403
23387,6047
23388,4864
23389,9487
23390,5852
23391,7574
23392,11318
23393,8594
23394,4586
23395,4367
23396,5411
23397,9941
23398,5059
23399,7801
23400,4377
23401,9144
23402,5881
23403,4783
23404,4826
23405,4448
23406,4738
23407,5178
23408,5095
23409,4414
23410,4260
23411,4343
23412,7255
23413,6052
23414,20632
23415,6050
23416,4427
23417,3037
23418,4351
23419,10120
23420,2274
23421,3150
23422,6955
23423,3644
23424,6846
23425,5178
23426,5968
23427,6590
23428,4573
23429,3613
23430,6251
23431,5707
23432,2931
23433,5403
23434,4548
23435,6649
23436,5382
23437,3733
23438,4703
23439,8034
23440,8480
23441,6272
23442,7550
23443,2322
23444,7988
23445,3651
23446,5825
23447,2560
23448,8411
23449,7991
23450,9777
23451,9885
23452,7844
23453,6561
23454,3198
23455,4892
23456,6222
23457,8401
23458,4517
23459,3769
23460,6001
23461,5271
23462,6340
23463,2609
23464,7957
23465,4444
23466,8335
23467,6682
23468,3747
23469,9652
23470,3402
23471,9498
23472,6924
23473,7056
23474,2641
23475,6326
23476,4777
23477,4027
23478,7977
23479,11217
23480,3290
23481,6297
23482,6089
23483,9142
23484,7683
23485,6033
23486,6979
23487,2551
23488,2573
23489,4867
23490,6651
23491,8902
23492,8177
23493,2571
23494,4427
23495,8997
23496,9020
23497,5737
23498,3300
23499,11424
23500,5653
23501,3806
23502,4453
23503,2512
23504,5129
23505,7433
23506,3801
23507,5901
23508,3192
23509,6241
23510,4412
23511,1970
23512,4804
23513,5450
23514,6059
23515,9215
23516,7554
23517,5742
23518,4368
23519,11594
23520,3601
23521,6676
23522,7898
23523,13461
23524,5676
23525,3465
23526,6909
23527,6035
23528,6885
23529,5473
23530,10592
23531,6403
23532,2295
23533,8463
23534,5045
23535,6187
23536,2478
23537,8269
23538,4046
23539,2803
23540,8907
23541,4568
23542,5391
23543,7949
23544,8058
23545,4474
23546,4552
23547,7903
23548,3769
23549,3311
23550,7084
23551,5112
23552,7308
23553,3645
23554,4928
23555,6643
23556,4523
23557,3269
23558,5427
23559,6616
23560,6535
23561,7673
23562,8234
23563,8001
23564,4283
23565,8071
23566,6204
23567,3398
23568,4019
23569,8536
23570,7494
23571,3092
23572,7334
23573,9615
23574,7226
23575,5160
23576,7226
23577,7860
23578,6067
23579,4790
23580,3070
23581,5735
23582,5723
23583,4953
23584,5493
23585,3501
23586,6279
23587,7374
23588,6550
23589,6926
23590,6659
23591,3034
23592,1683
23593,7682
23594,6421
23595,7422
23596,3704
23597,5864
23598,4349
23599,5699
23600,6197
23601,3882
23602,4396
23603,4903
23604,7263
23605,7380
23606,7703
23607,14971
23608,4192
23609,5009
23610,10789
23611,3989
23612,5940
23613,895
23614,8215
23615,7120
23616,5680
23617,7026
23618,6297
23619,4915
23620,5705
23621,5082
23622,8554
23623,3276
23624,6278
23625,2841
23626,9589
23627,3681
23628,8095
23629,10483
23630,6749
23631,6370
23632,4827
23633,2399
23634,1860
23635,3738
23636,6044
23637,3483
23638,6049
23639,7622
23640,4406
23641,5546
23642,4807
23643,8372
23644,8022
23645,8012
23646,5262
23647,3562
23648,8954
23649,10149
23650,3804
23651,4776
23652,4053
23653,5562
23654,5682
23655,4574
23656,6653
23657,3274
23658,5448
23659,4922
23660,9086
23661,6227
23662,7582
23663,7132
23664,5121
23665,8757
23666,17563
23667,8965
23668,3768
23669,3664
23670,6649
23671,7614
23672,3087
23673,5169
23674,9643
23675,6594
23676,7642
23677,18081
23678,5392
23679,5762
23680,3032
23681,2395
23682,10718
23683,3507
23684,6593
23685,9716
23686,3085
23687,3735
23688,6532
23689,4045
23690,7141
23691,2112
23692,5340
23693,5637
23694,10874
23695,6037
23696,6333
23697,3280
23698,8355
23699,5924
23700,6906
23701,1760
23702,9527
23703,5515
23704,6175
23705,4324
23706,4987
23707,0
23708,5078
23709,3669
23710,5689
23711,4786
23712,5234
23713,8663
23714,9175
23715,8069
23716,4398
23717,4532
23718,4576
23719,5123
23720,7028
23721,3209
23722,1413
23723,7236
23724,5792
23725,8723
23726,5705
23727,4655
23728,5001
23729,3452
23730,2653
23731,9066
23732,6439
23733,5599
23734,5981
23735,12184
23736,6774
23737,2033
23738,7611
23739,2107
23740,4133
23741,6161
23742,6652
23743,2497
23744,4335
23745,4485
23746,3678
23747,1680
23748,8910
23749,4721
23750,9818
23751,10739
23752,6022
23753,5888
23754,4284
23755,5486
23756,5084
23757,12244
23758,6827
23759,7630
23760,3373
23761,6091
23762,5650
23763,8765
23764,9058
23765,7186
23766,5631
23767,7131
23768,5161
23769,8859
23770,6728
23771,6999
23772,6749
23773,9576
23774,7220
23775,5223
23776,6305
23777,8319
23778,6590
23779,3498
23780,5710
23781,3528
23782,5254
23783,9252
23784,7387
23785,7680
23786,6356
23787,8384
23788,4818
23789,4605
23790,4782
23791,6564
23792,6781
23793,6814
23794,3467
23795,13226
23796,5579
23797,6266
23798,16640
23799,6037
23800,7883
23801,6603
23802,7223
23803,8707
23804,8218
23805,10628
23806,2891
23807,4687
23808,5808
23809,9073
23810,2774
23811,5929
23812,4634
23813,5692
23814,5776
23815,6285
23816,3549
23817,6170
23818,5132
23819,3157
23820,3313
23821,7658
23822,4390
23823,5062
23824,5942
23825,5601
23826,9971
23827,12241
23828,5637
23829,7671
23830,6571
23831,10792
23832,5138
23833,2945
23834,4230
23835,5417
23836,12540
23837,4360
23838,9401
23839,7575
23840,2113
23841,3920
23842,6429
23843,6548
23844,5462
23845,9292
23846,9313
23847,8115
23848,4392
23849,12346
23850,2103
23851,4238
23852,9177
23853,4662
23854,6001
23855,3844
23856,7372
23857,4989
23858,4247
23859,15071
23860,11097
23861,2499
23862,5191
23863,5823
23864,7615
23865,9894
23866,5289
23867,2931
23868,9081
23869,2139
23870,9939
23871,4781
23872,5848
23873,9833
23874,5978
23875,1621
23876,4980
23877,2668
23878,3905
23879,12032
23880,8219
23881,4427
23882,12712
23883,7621
23884,11207
23885,12155
23886,7319
23887,4595
23888,2195
23889,5315
23890,6788
23891,2907
23892,6228
23893,4803
23894,7817
23895,2602
23896,5759
23897,9412
23898,1936
23899,9782
23900,6069
23901,2774
23902,7551
23903,3632
23904,3395
23905,10043
23906,7497
23907,7584
23908,8477
23909,6145
23910,5176
23911,7192
23912,7208
23913,8328
23914,5847
23915,7040
23916,4034
23917,9186
23918,7040
23919,6202
23920,4166
23921,5059
23922,8518
23923,6309
23924,4241
23925,5466
23926,5611
23927,5346
23928,16045
23929,5366
23930,10164
23931,4889
23932,3905
23933,6643
23934,5847
23935,3409
23936,4933
23937,9103
23938,14787
23939,7669
23940,10356
23941,7543
23942,11020
23943,8662
23944,7782
23945,7022
23946,4648
23947,10739
23948,8108
23949,7600
23950,5518
23951,5546
23952,5308
23953,2566
23954,12604
23955,7011
23956,6119
23957,5400
23958,1548
23959,9421
23960,8368
23961,12471
23962,6199
23963,4381
23964,3995
23965,7030
23966,5452
23967,4241
23968,10984
23969,4545
23970,4438
23971,5776
23972,3602
23973,2763
23974,2517
23975,15449
23976,5075
23977,13508
23978,4387
23979,6203
23980,5342
23981,4401
23982,3317
23983,6271
23984,3518
23985,2864
23986,10568
23987,6309
23988,2786
23989,8912
23990,2824
23991,6510
23992,3873
23993,10851
23994,7691
23995,8890
23996,2534
23997,5340
23998,2985
23999,5059
24000,3969
24001,16518
24002,12318
24003,5430
24004,3039
24005,6010
24006,4604
24007,2555
24008,7855
24009,2572
24010,13964
24011,4533
24012,5092
24013,5771
24014,11953
24015,7250
24016,5164
24017,5269
24018,6249
24019,6936
24020,7109
24021,4351
24022,1321
24023,5037
24024,3069
24025,2986
24026,6129
24027,7213
24028,6278
24029,5757
24030,8508
24031,5948
24032,3467
24033,7927
24034,2320
24035,10028
24036,5140
24037,2995
24038,4720
24039,4378
24040,5000
24041,8118
24042,7278
24043,4084
24044,6192
24045,2715
24046,5038
24047,8606
24048,9131
24049,3923
24050,2351
24051,5235
24052,7728
24053,6554
24054,2661
24055,11539
24056,4091
24057,3324
24058,6044
24059,10806
24060,9597
24061,4623
24062,4852
24063,6577
24064,1582
24065,7180
24066,7271
24067,5284
24068,4542
24069,3189
24070,8739
24071,3139
24072,4866
24073,4131
24074,3663
24075,3013
24076,7625
24077,6990
24078,5640
24079,4171
24080,5097
24081,7874
24082,8322
24083,8084
24084,5052
24085,5732
24086,6109
24087,8684
24088,7553
24089,5581
24090,2040
24091,6418
24092,6440
24093,6357
24094,8194
24095,5909
24096,2944
24097,8033
24098,5617
24099,10408
24100,2908
24101,2866
24102,9469
24103,1638
24104,5623
24105,4597
24106,8189
24107,3958
24108,4596
24109,9623
24110,2808
24111,6973
24112,10128
24113,15532
24114,6872
24115,2506
24116,5701
24117,3754
24118,2279
24119,8192
24120,4991
24121,6608
24122,5349
24123,5767
24124,6134
24125,5001
24126,5351
24127,4909
24128,9365
24129,5565
24130,2576
24131,6257
24132,3984
24133,5806
24134,5739
24135,6346
24136,8103
24137,8247
24138,8380
24139,5944
24140,5457
24141,6647
24142,3062
24143,5861
24144,9187
24145,7398
24146,7321
24147,7503
24148,14492
24149,3369
24150,3699
24151,4938
24152,4236
24153,8852
24154,10779
24155,8150
24156,7692
24157,7697
24158,2187
24159,8243
24160,3567
24161,7161
24162,6976
24163,5563
24164,2177
24165,5167
24166,3590
24167,3239
24168,7396
24169,5098
24170,9583
24171,17776
24172,5822
24173,3379
24174,4963
24175,8998
24176,7141
24177,4512
24178,6089
24179,2174
24180,6558
24181,7323
24182,3594
24183,11485
24184,12027
24185,3179
24186,5902
24187,4025
24188,4042
24189,4183
24190,9236
24191,3972
24192,4546
24193,4842
24194,2981
24195,2885
24196,2579
24197,5892
24198,6471
24199,5119
24200,7861
24201,1237
24202,8303
24203,16108
24204,3338
24205,8435
24206,7396
24207,4869
24208,4239
24209,2631
24210,4142
24211,4786
24212,5279
24213,3254
24214,9470
24215,4503
24216,4293
24217,6637
24218,5217
24219,6062
24220,4982
24221,6194
24222,10697
24223,5089
24224,7394
24225,6098
24226,3822
24227,3329
24228,4756
24229,6571
24230,6591
24231,3585
24232,13462
24233,5453
24234,5173
24235,12753
24236,5178
24237,7401
24238,4748
24239,5772
24240,5317
24241,7012
24242,16708
24243,3207
24244,5716
24245,3821
24246,9899
24247,7155
24248,5073
24249,3947
24250,4261
24251,2649
24252,2155
24253,7355
24254,2215
24255,4059
24256,1352
24257,21458
24258,9321
24259,2097
24260,5398
24261,6505
24262,6778
24263,5581
24264,8303
24265,5836
24266,5915
24267,2847
24268,7984
24269,6685
24270,4131
24271,6551
24272,9643
24273,4716
24274,8366
24275,6877
24276,3123
24277,6097
24278,7688
24279,2870
24280,9108
24281,7017
24282,5209
24283,10491
24284,3877
24285,5370
24286,8991
24287,6757
24288,2468
24289,4992
24290,3893
24291,3458
24292,5563
24293,6756
24294,3572
24295,6321
24296,2345
24297,5839
24298,2980
24299,5841
24300,5754
24301,4969
24302,6029
24303,9362
24304,2941
24305,6116
24306,7257
24307,3519
24308,5913
24309,6182
24310,9312
24311,7258
24312,3888
24313,2213
24314,2296
24315,5973
24316,5280
24317,4486
24318,12488
24319,5618
24320,5845
24321,9264
24322,6819
24323,2333
24324,0
24325,4858
24326,8424
24327,6627
24328,7722
24329,6657
24330,8664
24331,5313
24332,4221
24333,3022
24334,3642
24335,6298
24336,4735
24337,8279
24338,5309
24339,2810
24340,7370
24341,7119
24342,4776
24343,7239
24344,4843
24345,7251
24346,3872
24347,5131
24348,4271
24349,5157
24350,3821
24351,6277
24352,8013
24353,8298
24354,6468
24355,6207
24356,4336
24357,6481
24358,7258
24359,7390
24360,3096
24361,3059
24362,8725
24363,6482
24364,3249
24365,4181
24366,7830
24367,6751
24368,2567
24369,6284
24370,5165
24371,1815
24372,5464
24373,2968
24374,4400
24375,6712
24376,6059
24377,5344
24378,4481
24379,8967
24380,6588
24381,3832
24382,5747
24383,5984
24384,3084
24385,1165
24386,7240
24387,1588
24388,6159
24389,10465
24390,6030
24391,4617
24392,3326
24393,5925
24394,5697
24395,5081
24396,6395
24397,6569
24398,8259
24399,6431
24400,8820
24401,4067
24402,4112
24403,4485
24404,3827
24405,5926
24406,6582
24407,3491
24408,5930
24409,2720
24410,8485
24411,4798
24412,4417
24413,4010
24414,5984
24415,7711
24416,3624
24417,7250
24418,4525
24419,5641
24420,5466
24421,6590
24422,8097
24423,4906
24424,4038
24425,10192
24426,6772
24427,6918
24428,1963
24429,4770
24430,5326
24431,4068
24432,5136
24433,11314
24434,8648
24435,9764
24436,10272
24437,6520
24438,6092
24439,6497
24440,6320
24441,7722
24442,11314
24443,3649
24444,1936
24445,1652
24446,4197
24447,5621
24448,10985
24449,2608
24450,2039
24451,5455
24452,5796
24453,6139
24454,11533
24455,7113
24456,6484
24457,2724
24458,8428
24459,6320
24460,7725
24461,7690
24462,3480
24463,6863
24464,3184
24465,7157
24466,5913
24467,5348
24468,6449
24469,4290
24470,6907
24471,5169
24472,7410
24473,4832
24474,8719
24475,5527
24476,9047
24477,5243
24478,3959
24479,8439
24480,3036
24481,10590
24482,6129
24483,4877
24484,3448
24485,7214
24486,4985
24487,4612
24488,7261
24489,4661
24490,12902
24491,3279
24492,3062
24493,5955
24494,6469
24495,11235
24496,2828
24497,5051
24498,6487
24499,5858
24500,5172
24501,3591
24502,6491
24503,3467
24504,10898
24505,2972
24506,7602
24507,13747
24508,7788
24509,6375
24510,3479
24511,5286
24512,8225
24513,2838
24514,7999
24515,3026
24516,8898
24517,6935
24518,5917
24519,6036
24520,4880
24521,3121
24522,5520
24523,2401
24524,3921
24525,3339
24526,2795
24527,7588
24528,6280
24529,22065
24530,7966
24531,0
24532,0
24533,0
24534,0
24535,0
24536,0
24537,0
24538,0
24539,0
24540,0
24541,0
24542,0
24543,0
24544,0
24545,0
24546,0
24547,0
24548,0
24549,0
24550,0
24551,0
24552,0
24553,0
24554,0
24555,0
24556,0
24557,0
24558,0
24559,0
24560,0
24561,0
24562,0
24563,0
24564,0
24565,0
24566,0
24567,0
24568,0
24569,0
24570,0
24571,0
24572,0
24573,0
24574,0
24575,0
24576,0
24577,0
24578,0
24579,0
24580,0
24581,0
24582,0
24583,0
24584,0
24585,0
24586,0
24587,0
24588,0
24589,0
24590,0
24591,0
24592,0
24593,0
24594,0
24595,0
24596,0
24597,0
24598,0
24599,0
24600,0
24601,0
24602,0
24603,0
24604,0
24605,0
24606,0
24607,0
24608,0
24609,0
24610,0
24611,0
24612,0
24613,0
24614,0
24615,13001
24616,0
24617,0
24618,0
24619,0
24620,0
24621,0
24622,0
24623,0
24624,0
24625,0
24626,0
24627,0
24628,0
24629,0
24630,0
24631,0
24632,0
24633,0
24634,0
24635,0
24636,0
24637,0
24638,0
24639,0
24640,0
24641,0
24642,0
24643,0
24644,0
24645,0
24646,0
24647,0
24648,0
24649,0
24650,0
24651,0
24652,4159
24653,0
24654,0
24655,0
24656,0
24657,0
24658,0
24659,0
24660,0
24661,0
24662,0
24663,0
24664,0
24665,0
24666,0
24667,0
24668,0
24669,0
24670,0
24671,0
24672,0
24673,0
24674,0
24675,0
24676,0
24677,0
24678,0
24679,0
24680,0
24681,0
24682,0
24683,0
24684,0
24685,0
24686,0
24687,0
24688,0
24689,0
24690,0
24691,0
24692,0
24693,0
24694,0
24695,0
24696,0
24697,0
24698,0
24699,0
24700,0
24701,0
24702,0
24703,0
24704,0
24705,0
24706,0
24707,0
24708,0
24709,0
24710,0
24711,0
24712,0
24713,0
24714,0
24715,0
24716,0
24717,0
24718,0
24719,0
24720,0
24721,0
24722,0
24723,0
24724,0
24725,0
24726,0
24727,0
24728,0
24729,0
24730,0
24731,0
24732,0
24733,0
24734,0
24735,0
24736,0
24737,0
24738,0
24739,2924
24740,0
24741,0
24742,0
24743,0
24744,0
24745,0
24746,0
24747,0
24748,0
24749,0
24750,0
24751,0
24752,0
24753,0
24754,0
24755,0
24756,0
24757,0
24758,0
24759,0
24760,0
24761,0
24762,0
24763,0
24764,0
24765,0
24766,0
24767,0
24768,0
24769,0
24770,0
24771,0
24772,0
24773,0
24774,0
24775,0
24776,0
24777,0
24778,0
24779,0
24780,0
24781,0
24782,0
24783,0
24784,0
24785,0
24786,0
24787,0
24788,0
24789,17802
24790,0
24791,0
24792,30242
24793,0
24794,0
24795,0
24796,0
24797,0
24798,0
24799,0
24800,0
24801,0
24802,0
24803,0
24804,7805
24805,0
24806,0
24807,0
24808,0
24809,0
24810,0
24811,0
24812,0
24813,0
24814,0
24815,0
24816,0
24817,0
24818,0
24819,0
24820,0
24821,0
24822,0
24823,0
24824,0
24825,0
24826,0
24827,0
24828,0
24829,5263
24830,0
24831,0
24832,0
24833,0
24834,0
24835,0
24836,0
24837,0
24838,0
24839,0
24840,3214
24841,0
24842,0
24843,0
24844,0
24845,0
24846,0
24847,0
24848,0
24849,0
24850,0
24851,0
24852,0
24853,0
24854,0
24855,0
24856,0
24857,0
24858,0
24859,0
24860,0
24861,0
24862,0
24863,0
24864,0
24865,8931
24866,0
24867,0
24868,0
24869,0
24870,0
24871,0
24872,0
24873,0
24874,0
24875,0
24876,0
24877,0
24878,0
24879,0
24880,0
24881,0
24882,0
24883,9199
24884,0
24885,0
24886,0
24887,0
24888,0
24889,0
24890,0
24891,0
24892,0
24893,0
24894,0
24895,0
24896,0
24897,0
24898,0
24899,0
24900,0
24901,0
24902,0
24903,0
24904,0
24905,0
24906,0
24907,0
24908,0
24909,0
24910,0
24911,0
24912,0
24913,0
24914,0
24915,0
24916,0
24917,0
24918,0
24919,0
24920,0
24921,0
24922,0
24923,0
24924,0
24925,0
24926,0
24927,0
24928,0
24929,0
24930,0
24931,0
24932,0
24933,0
24934,0
24935,0
24936,0
24937,0
24938,0
24939,0
24940,0
24941,0
24942,0
24943,0
24944,0
24945,0
24946,0
24947,0
24948,0
24949,0
24950,0
24951,0
24952,0
24953,15614
24954,0
24955,0
24956,0
24957,0
24958,0
24959,0
24960,0
24961,0
24962,0
24963,1775
24964,0
24965,0
24966,0
24967,0
24968,0
24969,0
24970,0
24971,0
24972,0
24973,0
24974,0
24975,0
24976,0
24977,0
24978,0
24979,0
24980,0
24981,0
24982,0
24983,5315
24984,0
24985,0
24986,0
24987,0
24988,0
24989,0
24990,0
24991,0
24992,0
24993,0
24994,0
24995,0
24996,0
24997,0
24998,0
24999,0
25000,0
25001,0
25002,0
25003,0
25004,0
25005,0
25006,0
25007,0
25008,0
25009,0
25010,0
25011,0
25012,0
25013,0
25014,0
25015,0
25016,0
25017,0
25018,0
25019,0
25020,0
25021,0
25022,0
25023,0
25024,8577
25025,0
25026,0
25027,0
25028,0
25029,0
25030,0
25031,0
25032,0
25033,0
25034,0
25035,0
25036,0
25037,0
25038,0
25039,0
25040,0
25041,0
25042,7953
25043,0
25044,0
25045,0
25046,0
25047,0
25048,0
25049,0
25050,0
25051,0
25052,0
25053,0
25054,2332
25055,0
25056,0
25057,0
25058,0
25059,0
25060,5433
25061,0
25062,0
25063,0
25064,0
25065,0
25066,0
25067,0
25068,0
25069,0
25070,0
25071,0
25072,0
25073,0
25074,0
25075,0
25076,0
25077,0
25078,0
25079,0
25080,0
25081,0
25082,0
25083,0
25084,0
25085,0
25086,0
25087,0
25088,0
25089,0
25090,0
25091,0
25092,19514
25093,0
25094,0
25095,0
25096,0
25097,0
25098,0
25099,0
25100,0
25101,0
25102,0
25103,0
25104,0
25105,0
25106,0
25107,0
25108,6433
25109,0
25110,0
25111,0
25112,0
25113,0
25114,0
25115,0
25116,0
25117,0
25118,0
25119,0
25120,0
25121,0
25122,0
25123,0
25124,0
25125,0
25126,0
25127,0
25128,0
25129,0
25130,0
25131,0
25132,0
25133,0
25134,0
25135,0
25136,0
25137,0
25138,0
25139,0
25140,0
25141,0
25142,0
25143,0
25144,0
25145,0
25146,0
25147,0
25148,0
25149,0
25150,0
25151,0
25152,0
25153,0
25154,0
25155,0
25156,0
25157,0
25158,0
25159,0
25160,0
25161,0
25162,0
25163,0
25164,0
25165,0
25166,0
25167,0
25168,0
25169,0
25170,0
25171,0
25172,0
25173,0
25174,0
25175,0
25176,0
25177,0
25178,0
25179,0
25180,0
25181,0
25182,0
25183,0
25184,0
25185,0
25186,0
25187,0
25188,0
25189,0
25190,0
25191,0
25192,0
25193,0
25194,0
25195,0
25196,0
25197,0
25198,0
25199,0
25200,0
25201,0
25202,0
25203,0
25204,0
25205,0
25206,13956
25207,0
25208,0
25209,0
25210,0
25211,0
25212,7800
25213,0
25214,0
25215,0
25216,0
25217,0
25218,0
25219,0
25220,0
25221,0
25222,0
25223,0
25224,0
25225,0
25226,0
25227,0
25228,0
25229,0
25230,0
25231,0
25232,0
25233,0
25234,0
25235,0
25236,0
25237,0
25238,0
25239,0
25240,0
25241,0
25242,0
25243,0
25244,0
25245,0
25246,0
25247,0
25248,0
25249,0
25250,0
25251,0
25252,0
25253,0
25254,0
25255,0
25256,0
25257,0
25258,0
25259,0
25260,0
25261,0
25262,3936
25263,17340
25264,0
25265,0
25266,0
25267,0
25268,0
25269,0
25270,0
25271,0
25272,0
25273,0
25274,0
25275,0
25276,0
25277,0
25278,0
25279,0
25280,0
25281,0
25282,0
25283,0
25284,0
25285,0
25286,0
25287,0
25288,0
25289,0
25290,0
25291,0
25292,0
25293,0
25294,0
25295,0
25296,0
25297,0
25298,0
25299,13085
25300,0
25301,0
25302,0
25303,0
25304,0
25305,0
25306,0
25307,0
25308,0
25309,0
25310,0
25311,0
25312,0
25313,0
25314,0
25315,0
25316,0
25317,0
25318,0
25319,0
25320,0
25321,0
25322,0
25323,0
25324,0
25325,0
25326,0
25327,0
25328,0
25329,0
25330,0
25331,0
25332,0
25333,0
25334,0
25335,0
25336,0
25337,0
25338,0
25339,0
25340,0
25341,0
25342,0
25343,0
25344,0
25345,0
25346,0
25347,0
25348,0
25349,0
25350,0
25351,0
25352,0
25353,0
25354,0
25355,0
25356,0
25357,0
25358,0
25359,0
25360,0
25361,0
25362,0
25363,0
25364,0
25365,0
25366,0
25367,0
25368,0
25369,0
25370,0
25371,0
25372,0
25373,0
25374,0
25375,0
25376,0
25377,0
25378,0
25379,0
25380,0
25381,0
25382,0
25383,0
25384,0
25385,0
25386,0
25387,0
25388,0
25389,0
25390,0
25391,0
25392,0
25393,2855
25394,0
25395,0
25396,0
25397,2324
25398,0
25399,0
25400,0
25401,0
25402,0
25403,0
25404,0
25405,0
25406,0
25407,0
25408,0
25409,0
25410,0
25411,0
25412,0
25413,0
25414,0
25415,0
25416,0
25417,0
25418,0
25419,0
25420,0
25421,0
25422,0
25423,0
25424,0
25425,0
25426,0
25427,0
25428,0
25429,0
25430,0
25431,0
25432,0
25433,0
25434,0
25435,0
25436,0
25437,0
25438,0
25439,0
25440,0
25441,0
25442,0
25443,0
25444,0
25445,0
25446,0
25447,0
25448,0
25449,0
25450,0
25451,0
25452,0
25453,0
25454,0
25455,0
25456,0
25457,0
25458,0
25459,0
25460,0
25461,2559
25462,0
25463,0
25464,0
25465,0
25466,0
25467,0
25468,0
25469,0
25470,0
25471,0
25472,0
25473,0
25474,0
25475,0
25476,0
25477,0
25478,12303
25479,0
25480,0
25481,0
25482,0
25483,0
25484,0
25485,0
25486,0
25487,0
25488,0
25489,0
25490,0
25491,0
25492,0
25493,0
25494,0
25495,0
25496,0
25497,0
25498,0
25499,0
25500,0
25501,0
25502,0
25503,0
25504,0
25505,0
25506,0
25507,0
25508,0
25509,0
25510,0
25511,0
25512,0
25513,0
25514,0
25515,0
25516,0
25517,0
25518,0
25519,0
25520,0
25521,0
25522,0
25523,0
25524,0
25525,0
25526,0
25527,0
25528,0
25529,0
25530,0
25531,0
25532,0
25533,0
25534,0
25535,0
25536,0
25537,0
25538,0
25539,0
25540,0
25541,0
25542,0
25543,0
25544,0
25545,0
25546,0
25547,0
25548,0
25549,0
25550,0
25551,0
25552,0
25553,0
25554,0
25555,0
25556,0
25557,0
25558,0
25559,0
25560,0
25561,0
25562,0
25563,0
25564,0
25565,0
25566,0
25567,0
25568,0
25569,0
25570,0
25571,0
25572,0
25573,0
25574,0
25575,4987
25576,0
25577,0
25578,0
25579,0
25580,0
25581,0
25582,0
25583,0
25584,0
25585,0
25586,0
25587,0
25588,0
25589,0
25590,0
25591,0
25592,0
25593,0
25594,0
25595,0
25596,0
25597,0
25598,0
25599,0
25600,0
25601,0
25602,0
25603,0
25604,0
25605,0
25606,0
25607,0
25608,0
25609,0
25610,0
25611,5913
25612,0
25613,0
25614,0
25615,0
25616,0
25617,0
25618,0
25619,0
25620,0
25621,0
25622,0
25623,0
25624,0
25625,0
25626,0
25627,13971
25628,0
25629,5339
25630,0
25631,0
25632,0
25633,0
25634,0
25635,0
25636,0
25637,0
25638,0
25639,0
25640,0
25641,0
25642,0
25643,0
25644,0
25645,0
25646,5337
25647,7527
25648,10307
25649,12918
25650,7904
25651,7015
25652,13553
25653,10072
25654,11576
25655,7922
25656,10084
25657,12212
25658,7506
25659,7679
25660,10055
25661,11381
25662,10685
25663,10681
25664,9894
25665,11191
25666,8512
25667,6751
25668,8753
25669,14560
25670,14275
25671,11411
25672,14999
25673,7792
25674,13522
25675,5829
25676,7746
25677,6249
25678,11206
25679,11309
25680,18432
25681,11713
25682,9768
25683,10221
25684,8301
25685,5450
25686,8150
25687,14323
25688,9452
25689,8307
25690,7393
25691,8307
25692,10717
25693,5004
25694,10596
25695,6806
25696,9535
25697,9800
25698,7793
25699,11094
25700,7917
25701,10060
25702,14585
25703,11098
25704,8819
25705,14941
25706,6767
25707,9192
25708,10643
25709,16085
25710,8006
25711,7767
25712,12024
25713,9037
25714,11485
25715,10114
25716,13710
25717,8075
25718,7057
25719,9014
25720,8301
25721,13285
25722,11652
25723,5772
25724,8397
25725,10869
25726,8995
25727,13610
25728,5140
25729,18353
25730,8796
25731,6812
25732,8669
25733,10764
25734,8414
25735,12087
25736,6564
25737,10185
25738,8633
25739,11569
25740,11089
25741,9637
25742,11109
25743,7777
25744,8014
25745,10837
25746,10930
25747,11201
25748,6290
25749,12498
25750,7527
25751,11849
25752,9834
25753,16855
25754,9211
25755,6499
25756,9435
25757,7525
25758,7694
25759,7767
25760,9873
25761,10080
25762,5271
25763,13759
25764,8831
25765,10404
25766,6515
25767,10652
25768,13577
25769,5808
25770,16501
25771,8368
25772,8164
25773,11985
25774,12247
25775,6895
25776,6338
25777,9949
25778,9447
25779,6412
25780,8266
25781,8479
25782,11057
25783,12705
25784,9814
25785,9914
25786,7802
25787,5892
25788,9869
25789,9590
25790,10442
25791,12212
25792,11908
25793,12392
25794,8189
25795,12899
25796,11132
25797,8370
25798,10482
25799,14137
25800,10118
25801,11870
25802,14675
25803,9356
25804,12592
25805,7922
25806,9357
25807,11743
25808,8885
25809,10515
25810,5434
25811,7185
25812,14484
25813,11649
25814,8574
25815,5797
25816,13332
25817,8789
25818,11925
25819,7931
25820,8416
25821,8166
25822,6264
25823,16420
25824,11277
25825,10292
25826,10248
25827,7945
25828,7951
25829,9560
25830,10941
25831,5552
25832,9297
25833,7880
25834,11530
25835,10870
25836,8428
25837,16159
25838,7983
25839,6048
25840,14887
25841,8041
25842,9530
25843,5954
25844,12615
25845,10269
25846,7071
25847,8693
25848,10022
25849,7623
25850,9721
25851,11839
25852,17937
25853,4071
25854,9268
25855,4299
25856,19971
25857,6747
25858,12856
25859,13065
25860,9448
25861,10350
25862,6459
25863,7227
25864,4449
25865,6540
25866,8691
25867,7838
25868,11345
25869,10438
25870,8252
25871,9337
25872,8521
25873,10867
25874,12293
25875,10922
25876,7219
25877,5562
25878,12747
25879,18361
25880,8698
25881,11083
25882,6379
25883,10804
25884,7816
25885,7092
25886,9097
25887,7163
25888,10762
25889,9335
25890,11823
25891,9822
25892,12369
25893,10742
25894,7643
25895,13535
25896,23671
25897,15873
25898,9187
25899,4425
25900,8584
25901,12290
25902,7082
25903,8048
25904,14080
25905,7747
25906,21879
25907,21140
25908,5844
25909,9920
25910,8083
25911,5777
25912,11393
25913,7300
25914,14338
25915,13160
25916,14038
25917,10421
25918,12560
25919,4885
25920,9994
25921,5406
25922,8935
25923,10359
25924,16709
25925,7898
25926,8076
25927,6704
25928,10199
25929,8027
25930,6877
25931,7082
25932,10544
25933,8625
25934,8629
25935,11068
25936,12977
25937,0
25938,9650
25939,8577
25940,7542
25941,9700
25942,10811
25943,11553
25944,10871
25945,9411
25946,7402
25947,5156
25948,9289
25949,9095
25950,9461
25951,6215
25952,4330
25953,12822
25954,11197
25955,13637
25956,9009
25957,8882
25958,11504
25959,7633
25960,5914
25961,15707
25962,7143
25963,11560
25964,10175
25965,19659
25966,8343
25967,9004
25968,9702
25969,8953
25970,8676
25971,7218
25972,12471
25973,6162
25974,10250
25975,5762
25976,7238
25977,5758
25978,13824
25979,7095
25980,21360
25981,18378
25982,6263
25983,9343
25984,6890
25985,10208
25986,7705
25987,15623
25988,12237
25989,14890
25990,6550
25991,10046
25992,6136
25993,11542
25994,10967
25995,10001
25996,8943
25997,8748
25998,7233
25999,12014
26000,12291
26001,7664
26002,11492
26003,15319
26004,8283
26005,10465
26006,9259
26007,13166
26008,10086
26009,6719
26010,7579
26011,10073
26012,8709
26013,17132
26014,8317
26015,10865
26016,9953
26017,13628
26018,5668
26019,10585
26020,15405
26021,12911
26022,11499
26023,9389
26024,6197
26025,19160
26026,13399
26027,12934
26028,20499
26029,14316
26030,11563
26031,9915
26032,14567
26033,15494
26034,15378
26035,17162
26036,8593
26037,11717
26038,8592
26039,12289
26040,5119
26041,16296
26042,9584
26043,8283
26044,8218
26045,14192
26046,12172
26047,8543
26048,10132
26049,7196
26050,8082
26051,9781
26052,5569
26053,6761
26054,8063
26055,10176
26056,14108
26057,11599
26058,10001
26059,8710
26060,8722
26061,16337
26062,10604
26063,8112
26064,7912
26065,6927
26066,12250
26067,5757
26068,13179
26069,10059
26070,4750
26071,7351
26072,12178
26073,8716
26074,7440
26075,11480
26076,13015
26077,15808
26078,8168
26079,12953
26080,4370
26081,8426
26082,10290
26083,9681
26084,11326
26085,7252
26086,8694
26087,6536
26088,8396
26089,15099
26090,10642
26091,7408
26092,7250
26093,12351
26094,14990
26095,10893
26096,7554
26097,7542
26098,12730
26099,9463
26100,9360
26101,8756
26102,7862
26103,10074
26104,13917
26105,6697
26106,6001
26107,7210
26108,9067
26109,12750
26110,12065
26111,11890
26112,17972
26113,7538
26114,16400
26115,16588
26116,9563
26117,6955
26118,5039
26119,12038
26120,8682
26121,9993
26122,9145
26123,10618
26124,15901
26125,7463
26126,8906
26127,11451
26128,7761
26129,9606
26130,7120
26131,6693
26132,10003
26133,5427
26134,12830
26135,10343
26136,10229
26137,11006
26138,12936
26139,10411
26140,8236
26141,12472
26142,11492
26143,8593
26144,7576
26145,7441
26146,6885
26147,13707
26148,11235
26149,8925
26150,7297
26151,11215
26152,12483
26153,10829
26154,9079
26155,12088
26156,6784
26157,6841
26158,22662
26159,9702
26160,11129
26161,9403
26162,9076
26163,9438
26164,8126
26165,5803
26166,6881
26167,11742
26168,17742
26169,11628
26170,12887
26171,16799
26172,14254
26173,16020
26174,11916
26175,7972
26176,6683
26177,13605
26178,15934
26179,12131
26180,12213
26181,11622
26182,8359
26183,6374
26184,13586
26185,10833
26186,10691
26187,8739
26188,4869
26189,20989
26190,16904
26191,18762
26192,8039
26193,8223
26194,6509
26195,8529
26196,8776
26197,13959
26198,8454
26199,6940
26200,7093
26201,10989
26202,6237
26203,4138
26204,9838
26205,19528
26206,10138
26207,20780
26208,6457
26209,7985
26210,10176
26211,8196
26212,7395
26213,6693
26214,5975
26215,6011
26216,11109
26217,10018
26218,5716
26219,12865
26220,10599
26221,10263
26222,6523
26223,13237
26224,12058
26225,12777
26226,8499
26227,9975
26228,6660
26229,6834
26230,6929
26231,20487
26232,14967
26233,8723
26234,8746
26235,6734
26236,7473
26237,6220
26238,12783
26239,6166
26240,21001
26241,6141
26242,6782
26243,7556
26244,13018
26245,10345
26246,6471
26247,8858
26248,10348
26249,10318
26250,10463
26251,8099
26252,7116
26253,15325
26254,6544
26255,6664
26256,7665
26257,9542
26258,8852
26259,8583
26260,13460
26261,11183
26262,10179
26263,9830
26264,6850
26265,10821
26266,7839
26267,6283
26268,9661
26269,10201
26270,9706
26271,15530
26272,9522
26273,8947
26274,9189
26275,9652
26276,8128
26277,9959
26278,8725
26279,12295
26280,10748
26281,11553
26282,12177
26283,8003
26284,6566
26285,17557
26286,8785
26287,4294
26288,10384
26289,11451
26290,14255
26291,6892
26292,8787
26293,9553
26294,6487
26295,8233
26296,10025
26297,12086
26298,8207
26299,11654
26300,14092
26301,4169
26302,9173
26303,8601
26304,8055
26305,7960
26306,9272
26307,13589
26308,7075
26309,8619
26310,11939
26311,10696
26312,13779
26313,13265
26314,6334
26315,9428
26316,9306
26317,11511
26318,11330
26319,11909
26320,5671
26321,10069
26322,10368
26323,11195
26324,14637
26325,6030
26326,5269
26327,15829
26328,13080
26329,13397
26330,10140
26331,11014
26332,11879
26333,5681
26334,9848
26335,7584
26336,11603
26337,10661
26338,12684
26339,10721
26340,10060
26341,13112
26342,15499
26343,21392
26344,9642
26345,7132
26346,9353
26347,5891
26348,4865
26349,16188
26350,12359
26351,7635
26352,12714
26353,8161
26354,14452
26355,7192
26356,9154
26357,8754
26358,13832
26359,6783
26360,10530
26361,7478
26362,8529
26363,10067
26364,6566
26365,10083
26366,9197
26367,12161
26368,11123
26369,9432
26370,7686
26371,17296
26372,6513
26373,6633
26374,16497
26375,10314
26376,13994
26377,10350
26378,16642
26379,8825
26380,10092
26381,6907
26382,9363
26383,11778
26384,16532
26385,10119
26386,11689
26387,12145
26388,6625
26389,9906
26390,13031
26391,10334
26392,12137
26393,8455
26394,7079
26395,7178
26396,5599
26397,8671
26398,12190
26399,11457
26400,16049
26401,21911
26402,9938
26403,6799
26404,11038
26405,9498
26406,13098
26407,6152
26408,8970
26409,5355
26410,11600
26411,9210
26412,9517
26413,19803
26414,13324
26415,7970
26416,9665
26417,5322
26418,6547
26419,7588
26420,11710
26421,7549
26422,5816
26423,8195
26424,12327
26425,10645
26426,7728
26427,7453
26428,10398
26429,10250
26430,11431
26431,5677
26432,15233
26433,23828
26434,4206
26435,9862
26436,13100
26437,11554
26438,8883
26439,4087
26440,6940
26441,11821
26442,6882
26443,12738
26444,12889
26445,6867
26446,8539
26447,10065
26448,8758
26449,6228
26450,8585
26451,11087
26452,12606
26453,11162
26454,15717
26455,7523
26456,5274
26457,10165
26458,7593
26459,14250
26460,8268
26461,6244
26462,26665
26463,10553
26464,8395
26465,15691
26466,10238
26467,11825
26468,8833
26469,10643
26470,6778
26471,12330
26472,17242
26473,8526
26474,7703
26475,9808
26476,18024
26477,9123
26478,7612
26479,9050
26480,7930
26481,10252
26482,5916
26483,12920
26484,6462
26485,9557
26486,4295
26487,24498
26488,12170
26489,6498
26490,6277
26491,14233
26492,8810
26493,9469
26494,11122
26495,9669
26496,6812
26497,6578
26498,12953
26499,8762
26500,8547
26501,9967
26502,10370
26503,7194
26504,10051
26505,8666
26506,4907
26507,11380
26508,11644
26509,5892
26510,10089
26511,10016
26512,6992
26513,13251
26514,9745
26515,8796
26516,8828
26517,10505
26518,5053
26519,6701
26520,7739
26521,14457
26522,8567
26523,13125
26524,5827
26525,10647
26526,6643
26527,8285
26528,6497
26529,9253
26530,7684
26531,10035
26532,10873
26533,12053
26534,6269
26535,9490
26536,9577
26537,12441
26538,8250
26539,13206
26540,13000
26541,8760
26542,3907
26543,12069
26544,8881
26545,8646
26546,10983
26547,5462
26548,14517
26549,7576
26550,9685
26551,14367
26552,8456
26553,6873
26554,0
26555,9582
26556,14480
26557,6976
26558,12173
26559,13058
26560,8298
26561,7126
26562,9025
26563,8114
26564,8346
26565,7357
26566,13582
26567,9654
26568,6839
26569,6739
26570,7514
26571,11241
26572,10110
26573,13400
26574,8010
26575,9776
26576,5760
26577,10385
26578,11499
26579,9655
26580,8460
26581,8759
26582,11506
26583,13485
26584,8514
26585,11792
26586,7964
26587,9176
26588,9988
26589,8796
26590,5978
26591,5887
26592,9154
26593,8637
26594,9613
26595,8721
26596,11933
26597,7218
26598,8692
26599,10294
26600,7491
26601,4731
26602,13780
26603,5275
26604,10732
26605,10474
26606,8655
26607,10696
26608,19385
26609,12286
26610,11477
26611,6350
26612,11508
26613,10450
26614,5060
26615,4706
26616,12139
26617,5901
26618,11109
26619,16096
26620,10540
26621,11009
26622,8323
26623,11596
26624,10853
26625,10094
26626,11612
26627,13880
26628,13594
26629,9757
26630,10907
26631,7310
26632,10062
26633,6392
26634,7541
26635,9646
26636,7417
26637,7442
26638,12234
26639,8349
26640,14143
26641,11817
26642,7787
26643,5765
26644,14804
26645,9771
26646,9205
26647,9690
26648,11499
26649,8410
26650,8416
26651,9793
26652,10460
26653,8555
26654,6468
26655,13076
26656,9776
26657,7457
26658,5878
26659,17009
26660,8567
26661,9323
26662,9271
26663,15804
26664,14097
26665,11128
26666,12041
26667,11617
26668,8981
26669,8207
26670,9497
26671,14243
26672,20660
26673,8530
26674,8023
26675,5687
26676,7844
26677,14048
26678,21013
26679,11146
26680,8311
26681,6922
26682,8718
26683,8187
26684,13319
26685,13206
26686,7574
26687,5724
26688,11157
26689,8645
26690,11648
26691,14749
26692,7310
26693,11423
26694,5051
26695,9955
26696,11107
26697,10730
26698,13435
26699,10248
26700,10934
26701,6860
26702,8982
26703,10237
26704,11879
26705,10381
26706,11165
26707,9225
26708,7125
26709,12951
26710,5804
26711,13810
26712,8292
26713,6252
26714,9762
26715,10081
26716,8790
26717,10729
26718,13455
26719,8237
26720,14224
26721,6127
26722,6733
26723,11209
26724,12479
26725,13962
26726,9466
26727,9521
26728,7148
26729,7697
26730,10994
26731,10009
26732,8986
26733,7765
26734,14356
26735,10203
26736,13456
26737,15051
26738,11480
26739,6619
26740,6905
26741,8550
26742,11527
26743,8118
26744,11562
26745,7853
26746,16252
26747,8959
26748,7864
26749,7389
26750,8797
26751,7480
26752,10376
26753,10746
26754,7699
26755,8234
26756,7720
26757,14942
26758,8526
26759,25255
26760,9623
26761,4907
26762,6552
26763,9043
26764,11050
26765,6226
26766,5643
26767,11978
26768,8334
26769,8741
26770,6948
26771,8871
26772,10017
26773,5864
26774,6423
26775,8403
26776,9794
26777,8926
26778,8398
26779,7934
26780,9982
26781,7428
26782,5657
26783,6772
26784,11572
26785,12208
26786,8202
26787,12843
26788,6447
26789,10140
26790,5350
26791,6758
26792,5122
26793,8948
26794,9631
26795,14669
26796,10515
26797,7302
26798,7577
26799,6471
26800,5057
26801,6633
26802,12341
26803,7756
26804,6839
26805,5824
26806,6703
26807,9346
26808,4165
26809,8782
26810,5287
26811,7614
26812,7915
26813,6487
26814,8769
26815,6414
26816,8693
26817,10834
26818,8700
26819,7004
26820,11706
26821,5907
26822,8060
26823,8489
26824,12968
26825,6527
26826,6837
26827,10241
26828,8089
26829,10528
26830,8043
26831,11113
26832,6371
26833,6213
26834,7337
26835,6961
26836,10489
26837,9404
26838,4565
26839,7046
26840,8877
26841,7676
26842,11605
26843,4361
26844,15245
26845,7618
26846,5855
26847,7433
26848,8188
26849,7202
26850,9793
26851,5620
26852,7891
26853,7548
26854,9075
26855,8915
26856,7747
26857,8266
26858,6335
26859,6644
26860,8914
26861,9351
26862,8743
26863,5484
26864,11265
26865,6157
26866,10471
26867,8386
26868,13709
26869,7734
26870,5327
26871,7928
26872,6584
26873,6442
26874,6166
26875,8777
26876,8595
26877,4323
26878,10342
26879,7490
26880,8534
26881,5167
26882,8899
26883,10916
26884,5413
26885,14153
26886,6704
26887,6550
26888,9897
26889,10649
26890,5946
26891,5089
26892,8550
26893,7645
26894,5519
26895,7029
26896,6720
26897,9582
26898,10067
26899,8063
26900,8906
26901,6858
26902,4884
26903,7942
26904,8247
26905,8981
26906,9813
26907,8874
26908,10960
26909,7064
26910,10369
26911,8252
26912,6989
26913,8571
26914,11126
26915,7892
26916,9253
26917,12159
26918,8587
26919,9535
26920,6758
26921,8001
26922,9646
26923,7849
26924,8479
26925,4628
26926,6321
26927,13102
26928,9438
26929,7193
26930,4945
26931,10148
26932,7846
26933,10206
26934,6871
26935,7143
26936,6151
26937,4975
26938,12515
26939,9146
26940,8399
26941,8517
26942,6585
26943,6734
26944,7583
26945,8397
26946,4879
26947,8210
26948,6252
26949,10092
26950,9412
26951,7485
26952,14072
26953,6681
26954,5197
26955,12506
26956,6196
26957,8141
26958,4823
26959,10025
26960,8842
26961,5747
26962,7271
26963,8137
26964,6468
26965,8099
26966,9650
26967,14297
26968,3376
26969,7953
26970,3656
26971,17315
26972,5640
26973,10721
26974,10423
26975,7635
26976,8234
26977,5644
26978,6550
26979,3750
26980,5863
26981,7375
26982,6792
26983,8359
26984,8453
26985,6441
26986,8327
26987,7107
26988,9125
26989,11040
26990,9033
26991,5835
26992,4218
26993,11311
26994,13545
26995,7153
26996,9590
26997,5382
26998,8964
26999,6070
27000,5943
27001,7496
27002,5031
27003,8951
27004,7029
27005,10546
27006,8400
27007,10100
27008,9181
27009,6273
27010,11028
27011,21148
27012,12753
27013,6955
27014,3626
27015,6966
27016,10296
27017,6257
27018,6946
27019,13568
27020,6970
27021,16248
27022,20035
27023,4995
27024,8450
27025,6897
27026,5087
27027,9925
27028,6249
27029,11009
27030,11205
27031,12103
27032,8292
27033,9639
27034,4600
27035,8207
27036,4466
27037,7518
27038,8599
27039,12126
27040,6662
27041,6787
27042,5718
27043,8488
27044,6834
27045,5967
27046,5461
27047,9195
27048,6773
27049,7175
27050,9098
27051,10062
27052,0
27053,8223
27054,7962
27055,6835
27056,8549
27057,8686
27058,9307
27059,8729
27060,8968
27061,6291
27062,4429
27063,7684
27064,7967
27065,7389
27066,5428
27067,3629
27068,11027
27069,8686
27070,11361
27071,8288
27072,6915
27073,8387
27074,5948
27075,5168
27076,12040
27077,6026
27078,8733
27079,8740
27080,16617
27081,7066
27082,7308
27083,8292
27084,7774
27085,7179
27086,5779
27087,9825
27088,5195
27089,8130
27090,4786
27091,6761
27092,4396
27093,12224
27094,5909
27095,19942
27096,16548
27097,5434
27098,8379
27099,6372
27100,8279
27101,6561
27102,13291
27103,9518
27104,12798
27105,5361
27106,8704
27107,5256
27108,10155
27109,9864
27110,8385
27111,7128
27112,7398
27113,6744
27114,9286
27115,10737
27116,6481
27117,9040
27118,11585
27119,6858
27120,8625
27121,7551
27122,11238
27123,8808
27124,6260
27125,6447
27126,7950
27127,6670
27128,13065
27129,7037
27130,8633
27131,8235
27132,10889
27133,4967
27134,9077
27135,12811
27136,10658
27137,10504
27138,7927
27139,4974
27140,16799
27141,10877
27142,9332
27143,18379
27144,12319
27145,8939
27146,7986
27147,11979
27148,12135
27149,13636
27150,14178
27151,6784
27152,8797
27153,6599
27154,10189
27155,4588
27156,13031
27157,8035
27158,6860
27159,7060
27160,12070
27161,9799
27162,6749
27163,8395
27164,6498
27165,6320
27166,7920
27167,4564
27168,5621
27169,7416
27170,7996
27171,11146
27172,9974
27173,8386
27174,7139
27175,7107
27176,13525
27177,9032
27178,6627
27179,6871
27180,5686
27181,10564
27182,4941
27183,11595
27184,8214
27185,3922
27186,6243
27187,9956
27188,7122
27189,5994
27190,9541
27191,10572
27192,13854
27193,7151
27194,11141
27195,3551
27196,6614
27197,8534
27198,7276
27199,9002
27200,6399
27201,7354
27202,5310
27203,6364
27204,12684
27205,9392
27206,5922
27207,6026
27208,9775
27209,13037
27210,9321
27211,6751
27212,6411
27213,11047
27214,7633
27215,7870
27216,7537
27217,6081
27218,8476
27219,12143
27220,4982
27221,5124
27222,6184
27223,7121
27224,10855
27225,9671
27226,9741
27227,15721
27228,6292
27229,13744
27230,14582
27231,7794
27232,6010
27233,4233
27234,9413
27235,7479
27236,7584
27237,7087
27238,8752
27239,14411
27240,6358
27241,7008
27242,8830
27243,7186
27244,7930
27245,5914
27246,5267
27247,8430
27248,4400
27249,10887
27250,9363
27251,8167
27252,9717
27253,10604
27254,9723
27255,6697
27256,9595
27257,10753
27258,7638
27259,6532
27260,6419
27261,5711
27262,12169
27263,8070
27264,7572
27265,6615
27266,8348
27267,9791
27268,8658
27269,7845
27270,9858
27271,6088
27272,6500
27273,20054
27274,8180
27275,9384
27276,7626
27277,7676
27278,7307
27279,6282
27280,4880
27281,5679
27282,9743
27283,15525
27284,9773
27285,10833
27286,14542
27287,12027
27288,13215
27289,9667
27290,6898
27291,5858
27292,11565
27293,12740
27294,9431
27295,9904
27296,10213
27297,7338
27298,5302
27299,12273
27300,8776
27301,8252
27302,7669
27303,4093
27304,17466
27305,13956
27306,16719
27307,6761
27308,6661
27309,5660
27310,7206
27311,8008
27312,11366
27313,7209
27314,5826
27315,5652
27316,9625
27317,4878
27318,3733
27319,7766
27320,17242
27321,8049
27322,18891
27323,5381
27324,6474
27325,8160
27326,7149
27327,6124
27328,5636
27329,5268
27330,4904
27331,9218
27332,7782
27333,5087
27334,10622
27335,8137
27336,8554
27337,5314
27338,11250
27339,9228
27340,11102
27341,7219
27342,8890
27343,4931
27344,5867
27345,5543
27346,17193
27347,11869
27348,7286
27349,6904
27350,5485
27351,6742
27352,5256
27353,11161
27354,5364
27355,17413
27356,5307
27357,6081
27358,6893
27359,10950
27360,8319
27361,5640
27362,8042
27363,9651
27364,8364
27365,8850
27366,7193
27367,5509
27368,13437
27369,5803
27370,5172
27371,6635
27372,7563
27373,7306
27374,7285
27375,11356
27376,9840
27377,8051
27378,8016
27379,5516
27380,9473
27381,7078
27382,5084
27383,8236
27384,7690
27385,7928
27386,11412
27387,7775
27388,7728
27389,7732
27390,8303
27391,7096
27392,8523
27393,7526
27394,8865
27395,8635
27396,8742
27397,10410
27398,7069
27399,5512
27400,13752
27401,7115
27402,4035
27403,9441
27404,10014
27405,12911
27406,6101
27407,7242
27408,7997
27409,4725
27410,7270
27411,8322
27412,8607
27413,6956
27414,9027
27415,10265
27416,4012
27417,7589
27418,7119
27419,7015
27420,6404
27421,7873
27422,11211
27423,6579
27424,6233
27425,10388
27426,8492
27427,10478
27428,11230
27429,5409
27430,7933
27431,8395
27432,9896
27433,9327
27434,9381
27435,4440
27436,9342
27437,8202
27438,8880
27439,11662
27440,5514
27441,4929
27442,14702
27443,10718
27444,10326
27445,7885
27446,8324
27447,10211
27448,4647
27449,8151
27450,6783
27451,9025
27452,8605
27453,9772
27454,9753
27455,7459
27456,10828
27457,12647
27458,18307
27459,9036
27460,6070
27461,7613
27462,5000
27463,4114
27464,13589
27465,9486
27466,6299
27467,10708
27468,6274
27469,12822
27470,5492
27471,7536
27472,7186
27473,11222
27474,5897
27475,8399
27476,6610
27477,6828
27478,9196
27479,5514
27480,8506
27481,8217
27482,10693
27483,9146
27484,7690
27485,6711
27486,14394
27487,5828
27488,5772
27489,13127
27490,8707
27491,11369
27492,8687
27493,15175
27494,7235
27495,6748
27496,6052
27497,7584
27498,9558
27499,13172
27500,8575
27501,10010
27502,9184
27503,4724
27504,8597
27505,9914
27506,8248
27507,9706
27508,6826
27509,6055
27510,5948
27511,4770
27512,6511
27513,10039
27514,9289
27515,12705
27516,18808
27517,8317
27518,5859
27519,8716
27520,8433
27521,11188
27522,4748
27523,7119
27524,4880
27525,10387
27526,7662
27527,7563
27528,16034
27529,12105
27530,5857
27531,7958
27532,4518
27533,6029
27534,6423
27535,9677
27536,6012
27537,4840
27538,7323
27539,10160
27540,9412
27541,6332
27542,6613
27543,7890
27544,8481
27545,8531
27546,4626
27547,12140
27548,20726
27549,4076
27550,8084
27551,10680
27552,9041
27553,6462
27554,3525
27555,5585
27556,9733
27557,5984
27558,10075
27559,10590
27560,5367
27561,6460
27562,8141
27563,7332
27564,5641
27565,6637
27566,8675
27567,11040
27568,9184
27569,12805
27570,6439
27571,4524
27572,7884
27573,6694
27574,10583
27575,7238
27576,5328
27577,24572
27578,8503
27579,7147
27580,13770
27581,8740
27582,9437
27583,7424
27584,9009
27585,5874
27586,10298
27587,14931
27588,6512
27589,7084
27590,8037
27591,16167
27592,7681
27593,6502
27594,7652
27595,6339
27596,7848
27597,5069
27598,10295
27599,4993
27600,8459
27601,3364
27602,21982
27603,10448
27604,5014
27605,5031
27606,12475
27607,7316
27608,8132
27609,9298
27610,7619
27611,5475
27612,5829
27613,11395
27614,7089
27615,7513
27616,8598
27617,8808
27618,5995
27619,8526
27620,7797
27621,4502
27622,10164
27623,10618
27624,5289
27625,8254
27626,8088
27627,5571
27628,10916
27629,7601
27630,8186
27631,7086
27632,8479
27633,4142
27634,5435
27635,6220
27636,12072
27637,7251
27638,10337
27639,4663
27640,9272
27641,5252
27642,7070
27643,5284
27644,7479
27645,6969
27646,8420
27647,8455
27648,9905
27649,4847
27650,7277
27651,7836
27652,9599
27653,7589
27654,10636
27655,11043
27656,7480
27657,3531
27658,9699
27659,6993
27660,7364
27661,8913
27662,4802
27663,12146
27664,6123
27665,7687
27666,12717
27667,7809
27668,5517
27669,0
27670,7266
27671,11634
27672,6186
27673,11590
27674,11664
27675,6788
27676,6358
27677,8021
27678,6407
27679,7018
27680,6942
27681,11300
27682,7909
27683,6316
27684,5555
27685,7516
27686,8811
27687,7902
27688,9840
27689,7104
27690,8051
27691,5158
27692,8988
27693,9284
27694,8116
27695,6882
27696,7458
27697,9604
27698,11152
27699,6558
27700,9493
27701,6833
27702,7733
27703,8214
27704,7999
27705,5145
27706,5365
27707,8553
27708,8060
27709,7561
27710,7173
27711,9721
27712,6429
27713,7055
27714,8074
27715,5733
27716,3741
27717,11065
27718,4637
27719,9091
27720,8642
27721,7230
27722,9036
27723,16079
27724,10393
27725,9651
27726,5418
27727,9313
27728,8499
27729,4843
27730,4005
27731,9844
27732,4366
27733,9262
27734,14508
27735,8798
27736,8246
27737,6385
27738,8985
27739,8138
27740,7654
27741,8428
27742,10386
27743,10399
27744,8097
27745,9184
27746,6105
27747,8479
27748,5533
27749,6626
27750,7124
27751,6029
27752,6339
27753,9648
27754,6333
27755,11260
27756,9451
27757,5860
27758,5208
27759,11987
27760,8623
27761,7676
27762,7909
27763,9199
27764,6440
27765,7197
27766,8027
27767,8453
27768,7021
27769,5681
27770,10412
27771,7806
27772,6219
27773,4381
27774,14193
27775,7065
27776,7118
27777,7916
27778,13093
27779,10348
27780,9567
27781,10487
27782,8601
27783,6730
27784,7021
27785,8646
27786,11971
27787,15811
27788,6863
27789,6776
27790,4603
27791,6182
27792,12033
27793,18334
27794,8929
27795,6606
27796,5548
27797,7179
27798,6500
27799,11334
27800,10269
27801,7032
27802,4829
27803,9414
27804,7475
27805,10045
27806,10905
27807,5999
27808,9487
27809,4615
27810,8033
27811,10267
27812,8296
27813,11225
27814,8191
27815,9215
27816,5181
27817,7404
27818,8862
27819,10365
27820,8060
27821,9162
27822,7707
27823,5649
27824,11152
27825,5037
27826,12040
27827,7209
27828,5233
27829,8199
27830,8209
27831,7674
27832,8652
27833,11460
27834,6113
27835,12718
27836,4831
27837,5426
27838,9725
27839,10765
27840,11616
27841,8258
27842,8470
27843,6401
27844,7235
27845,9032
27846,7850
27847,7600
27848,6557
27849,11525
27850,8505
27851,10451
27852,13246
27853,9152
27854,5444
27855,5829
27856,6739
27857,11033
27858,6400
27859,9143
27860,6651
27861,12534
27862,7645
27863,6787
27864,6162
27865,6489
27866,6476
27867,8465
27868,8305
27869,6485
27870,6446
27871,6046
27872,10783
27873,7510
27874,23301
27875,7952
27876,4838
27877,6610
27878,8514
27879,10639
27880,5933
27881,5452
27882,10483
27883,7785
27884,8022
27885,6724
27886,9504
27887,9845
27888,6002
27889,5827
27890,8130
27891,9476
27892,7711
27893,8153
27894,7700
27895,9549
27896,6424
27897,5350
27898,6651
27899,11089
27900,11282
27901,7659
27902,11335
27903,5470
27904,9247
27905,4434
27906,6724
27907,5016
27908,8489
27909,9322
27910,13171
27911,10303
27912,7209
27913,7046
27914,6181
27915,4681
27916,6441
27917,12253
27918,6987
27919,6595
27920,5838
27921,6306
27922,9568
27923,4117
27924,8664
27925,5195
27926,7879
27927,7690
27928,6311
27929,8809
27930,6008
27931,8480
27932,9774
27933,8086
27934,6282
27935,11273
27936,5902
27937,7269
27938,8553
27939,12352
27940,5787
27941,6807
27942,9598
27943,8686
27944,9890
27945,7734
27946,10420
27947,5256
27948,5519
27949,6832
27950,6774
27951,10162
27952,8957
27953,4337
27954,6533
27955,8602
27956,7715
27957,10702
27958,4160
27959,15221
27960,7668
27961,5569
27962,7139
27963,7337
27964,6852
27965,9435
27966,5245
27967,7320
27968,6851
27969,8297
27970,8002
27971,6747
27972,7530
27973,5989
27974,6541
27975,9001
27976,9162
27977,8126
27978,5283
27979,10966
27980,5789
27981,10516
27982,8066
27983,13413
27984,7502
27985,5246
27986,7753
27987,6629
27988,6315
27989,5891
27990,8593
27991,8275
27992,4147
27993,9521
27994,7244
27995,8249
27996,5014
27997,9080
27998,10343
27999,4978
28000,13973
28001,6306
28002,6078
28003,9538
28004,9874
28005,5811
28006,4796
28007,8332
28008,7187
28009,5316
28010,7120
28011,6463
28012,9300
28013,9183
28014,7733
28015,8835
28016,6359
28017,4706
28018,7481
28019,8580
28020,8731
28021,9356
28022,8571
28023,10274
28024,6639
28025,10077
28026,7684
28027,6762
28028,8130
28029,10569
28030,7720
28031,8376
28032,11154
28033,8895
28034,8906
28035,6343
28036,7618
28037,8647
28038,7611
28039,7760
28040,4396
28041,6127
28042,12187
28043,9400
28044,6649
28045,4781
28046,9324
28047,7670
28048,9680
28049,6641
28050,6915
28051,5843
28052,4547
28053,11654
28054,8102
28055,8364
28056,7650
28057,6285
28058,6117
28059,7264
28060,8093
28061,4471
28062,6825
28063,5987
28064,9770
28065,8899
28066,7306
28067,13560
28068,6826
28069,5462
28070,11959
28071,5794
28072,8452
28073,3627
28074,9765
28075,8580
28076,5670
28077,7329
28078,8929
28079,6274
28080,7677
28081,8624
28082,13845
28083,3267
28084,7474
28085,3722
28086,16092
28087,6197
28088,9751
28089,10212
28090,7553
28091,7799
28092,5597
28093,5913
28094,3509
28095,5355
28096,7031
28097,6267
28098,8073
28099,8485
28100,5847
28101,7622
28102,6924
28103,8779
28104,10581
28105,8989
28106,5798
28107,4128
28108,10832
28109,12770
28110,6602
28111,9156
28112,5393
28113,8372
28114,5834
28115,5945
28116,7150
28117,4701
28118,8407
28119,6441
28120,10405
28121,8236
28122,9692
28123,9116
28124,6104
28125,10557
28126,20439
28127,11746
28128,6263
28129,3526
28130,6893
28131,9358
28132,5861
28133,6370
28134,13329
28135,6847
28136,14894
28137,20425
28138,4785
28139,7925
28140,6468
28141,4712
28142,9625
28143,6487
28144,10460
28145,10997
28146,10121
28147,7629
28148,8783
28149,4435
28150,7921
28151,4233
28152,7176
28153,8350
28154,11385
28155,6737
28156,6806
28157,5435
28158,8217
28159,6090
28160,5903
28161,4883
28162,9010
28163,6611
28164,6937
28165,7862
28166,9234
28167,0
28168,7681
28169,7029
28170,6987
28171,8070
28172,8174
28173,9538
28174,8337
28175,8406
28176,6721
28177,4346
28178,7640
28179,7601
28180,7304
28181,5013
28182,3183
28183,10155
28184,8056
28185,11440
28186,7862
28187,6522
28188,7571
28189,5798
28190,4996
28191,10802
28192,6050
28193,8424
28194,8848
28195,15787
28196,6670
28197,6006
28198,8144
28199,6096
28200,6513
28201,5694
28202,8945
28203,5019
28204,7851
28205,4612
28206,6368
28207,4136
28208,11920
28209,5759
28210,18422
28211,15564
28212,5342
28213,7962
28214,6056
28215,7978
28216,6192
28217,12702
28218,8873
28219,11518
28220,4932
28221,8417
28222,5403
28223,9687
28224,9656
28225,7855
28226,6603
28227,7454
28228,6824
28229,8965
28230,10193
28231,6747
28232,8235
28233,10959
28234,6919
28235,8153
28236,7310
28237,10526
28238,8509
28239,5838
28240,6195
28241,6958
28242,6343
28243,12653
28244,6921
28245,8143
28246,8088
28247,10186
28248,4886
28249,8656
28250,11118
28251,10037
28252,9560
28253,7373
28254,4763
28255,16684
28256,10170
28257,8927
28258,18312
28259,10190
28260,8553
28261,7647
28262,10781
28263,11413
28264,13076
28265,14151
28266,6106
28267,8219
28268,6294
28269,9868
28270,4248
28271,11672
28272,7319
28273,6794
28274,6807
28275,10631
28276,8940
28277,6392
28278,8048
28279,6361
28280,5500
28281,7854
28282,4576
28283,5657
28284,6802
28285,8189
28286,11259
28287,9695
28288,8013
28289,7088
28290,6325
28291,13024
28292,8103
28293,6192
28294,6535
28295,5510
28296,10218
28297,5165
28298,11776
28299,7951
28300,3678
28301,5928
28302,8801
28303,7046
28304,5759
28305,9812
28306,10314
28307,13976
28308,6837
28309,11295
28310,3441
28311,6104
28312,8423
28313,6479
28314,8445
28315,6219
28316,7131
28317,5054
28318,5900
28319,12616
28320,9338
28321,5401
28322,5760
28323,9386
28324,12284
28325,9216
28326,6228
28327,5588
28328,11720
28329,7471
28330,8545
28331,6948
28332,5839
28333,8231
28334,11456
28335,4183
28336,5208
28337,5363
28338,6774
28339,11032
28340,9530
28341,9166
28342,14543
28343,6274
28344,12863
28345,13855
28346,7884
28347,5775
28348,3758
28349,9073
28350,7058
28351,6991
28352,6893
28353,8369
28354,12796
28355,6094
28356,6566
28357,8362
28358,5786
28359,8183
28360,5729
28361,4862
28362,8476
28363,4213
28364,8805
28365,8951
28366,7948
28367,8897
28368,9809
28369,9317
28370,6332
28371,9110
28372,10068
28373,7396
28374,6384
28375,6451
28376,6254
28377,11563
28378,7749
28379,7242
28380,6128
28381,8408
28382,9108
28383,7972
28384,7353
28385,9558
28386,5877
28387,6525
28388,19496
28389,7305
28390,9260
28391,6937
28392,7156
28393,6910
28394,6139
28395,4795
28396,5797
28397,9650
28398,14572
28399,9564
28400,10508
28401,12228
28402,11669
28403,12537
28404,9272
28405,7021
28406,5737
28407,11396
28408,12108
28409,9126
28410,9386
28411,8719
28412,7125
28413,4801
28414,11756
28415,8371
28416,7447
28417,7046
28418,3597
28419,15312
28420,13539
28421,15965
28422,6482
28423,6164
28424,5527
28425,7238
28426,7427
28427,10381
28428,7411
28429,5908
28430,5607
28431,8371
28432,5113
28433,3608
28434,7048
28435,16391
28436,7714
28437,18938
28438,4897
28439,6204
28440,7797
28441,6651
28442,5758
28443,5546
28444,5173
28445,4721
28446,8738
28447,7493
28448,4687
28449,10267
28450,6709
28451,8320
28452,5318
28453,11265
28454,8844
28455,10971
28456,6383
28457,8099
28458,4641
28459,5735
28460,5510
28461,17958
28462,11823
28463,7069
28464,6369
28465,5506
28466,6511
28467,4920
28468,10619
28469,5101
28470,16465
28471,5107
28472,5818
28473,6416
28474,10715
28475,8462
28476,5331
28477,7575
28478,8992
28479,8135
28480,8616
28481,6880
28482,4653
28483,11670
28484,5469
28485,4593
28486,6349
28487,7264
28488,6861
28489,7116
28490,10635
28491,9190
28492,7522
28493,7835
28494,5454
28495,9338
28496,6634
28497,5171
28498,7686
28499,7481
28500,7207
28501,10797
28502,7675
28503,7422
28504,7603
28505,7269
28506,6803
28507,8605
28508,7611
28509,8331
28510,6989
28511,7711
28512,10160
28513,7219
28514,5165
28515,13590
28516,6398
28517,3950
28518,8827
28519,9970
28520,11934
28521,5716
28522,6895
28523,7790
28524,4477
28525,6808
28526,8161
28527,7804
28528,6316
28529,7791
28530,9816
28531,3703
28532,7061
28533,6688
28534,6618
28535,5875
28536,7813
28537,10503
28538,6501
28539,5646
28540,9633
28541,8249
28542,10083
28543,10815
28544,5610
28545,7539
28546,7794
28547,9471
28548,9076
28549,9431
28550,4089
28551,9316
28552,8191
28553,8224
28554,11803
28555,5449
28556,4606
28557,14470
28558,10104
28559,9906
28560,7138
28561,7245
28562,9749
28563,4158
28564,7860
28565,6437
28566,8474
28567,7468
28568,8157
28569,9400
28570,6770
28571,11158
28572,12051
28573,18255
28574,8316
28575,5558
28576,6888
28577,4813
28578,3647
28579,12812
28580,8843
28581,6299
28582,9597
28583,5870
28584,12138
28585,5215
28586,7157
28587,6664
28588,11357
28589,5812
28590,8190
28591,6325
28592,6283
28593,8436
28594,5223
28595,8503
28596,8482
28597,10569
28598,8908
28599,7399
28600,6537
28601,13110
28602,5354
28603,5711
28604,11663
28605,8609
28606,10589
28607,8484
28608,15526
28609,6517
28610,6400
28611,5661
28612,6920
28613,8967
28614,12383
28615,8468
28616,9142
28617,8834
28618,4545
28619,8369
28620,9374
28621,7920
28622,8798
28623,6300
28624,5575
28625,5822
28626,4528
28627,6100
28628,9346
28629,8455
28630,11621
28631,18794
28632,7866
28633,5679
28634,8769
28635,8383
28636,11056
28637,4660
28638,7145
28639,4663
28640,9773
28641,7502
28642,7090
28643,15213
28644,12817
28645,5751
28646,7580
28647,4578
28648,5854
28649,6149
28650,9671
28651,5503
28652,4840
28653,6658
28654,8574
28655,7385
28656,5765
28657,6330
28658,7461
28659,7305
28660,8099
28661,4108
28662,11597
28663,20593
28664,3926
28665,7945
28666,9371
28667,8606
28668,5914
28669,3378
28670,5311
28671,8710
28672,5661
28673,8889
28674,9862
28675,5128
28676,6045
28677,8013
28678,7014
28679,5571
28680,6807
28681,8377
28682,10896
28683,8643
28684,12135
28685,6266
28686,4379
28687,7427
28688,6443
28689,9541
28690,7064
28691,4914
28692,24399
28693,7914
28694,6919
28695,13176
28696,8250
28697,9044
28698,7269
28699,8930
28700,5643
28701,9446
28702,15052
28703,5824
28704,6623
28705,7571
28706,15061
28707,7449
28708,6232
28709,7261
28710,5969
28711,7267
28712,4664
28713,9800
28714,4886
28715,8167
28716,3286
28717,21603
28718,10041
28719,5135
28720,5098
28721,10386
28722,6854
28723,8097
28724,9200
28725,6797
28726,5707
28727,5251
28728,10901
28729,6645
28730,6984
28731,8443
28732,8683
28733,5628
28734,8240
28735,7060
28736,4522
28737,9729
28738,9948
28739,5313
28740,8105
28741,7860
28742,5755
28743,10723
28744,6547
28745,8039
28746,7365
28747,8240
28748,4100
28749,5334
28750,6133
28751,7610
28752,7984
28753,9697
28754,4565
28755,8767
28756,5205
28757,6676
28758,4872
28759,7062
28760,6746
28761,7693
28762,7989
28763,10033
28764,4691
28765,7003
28766,7646
28767,8772
28768,7543
28769,10686
28770,10634
28771,7494
28772,3534
28773,8174
28774,5985
28775,6825
28776,8371
28777,4818
28778,12123
28779,5996
28780,7283
28781,11954
28782,7197
28783,5067
28784,0
28785,6481
28786,11605
28787,6242
28788,10470
28789,10810
28790,6714
28791,5801
28792,7470
28793,6095
28794,6517
28795,6776
28796,10259
28797,7693
28798,6337
28799,5065
28800,7257
28801,8171
28802,7226
28803,9329
28804,6706
28805,7555
28806,5155
28807,8595
28808,9093
28809,7492
28810,6717
28811,7170
28812,8952
28813,10704
28814,6254
28815,8734
28816,6158
28817,7099
28818,8159
28819,7550
28820,5340
28821,4913
28822,9248
28823,8094
28824,6844
28825,6742
28826,8917
28827,6474
28828,6248
28829,7904
28830,5733
28831,3509
28832,10342
28833,4526
28834,8815
28835,8275
28836,6761
28837,7461
28838,12960
28839,10325
28840,9997
28841,5237
28842,8669
28843,7991
28844,4707
28845,3610
28846,8641
28847,3958
28848,8376
28849,13959
28850,8444
28851,7885
28852,5349
28853,8425
28854,7395
28855,7050
28856,7929
28857,9453
28858,9892
28859,7400
28860,8922
28861,5835
28862,7875
28863,5389
28864,6132
28865,6743
28866,5942
28867,6018
28868,8640
28869,5753
28870,10816
28871,7923
28872,5551
28873,4868
28874,10810
28875,8215
28876,6571
28877,7727
28878,7837
28879,6619
28880,6622
28881,7407
28882,8463
28883,6936
28884,5411
28885,10631
28886,7679
28887,6284
28888,4093
28889,12306
28890,7079
28891,6422
28892,7439
28893,12727
28894,9847
28895,9546
28896,10250
28897,8263
28898,6572
28899,6814
28900,8392
28901,10433
28902,15629
28903,5932
28904,6075
28905,4207
28906,5441
28907,10225
28908,16437
28909,7336
28910,5506
28911,5502
28912,6919
28913,6407
28914,11723
28915,9516
28916,6843
28917,4493
28918,8707
28919,6919
28920,9995
28921,10945
28922,5546
28923,8867
28924,4261
28925,8189
28926,9655
28927,7765
28928,10759
28929,7648
28930,8961
28931,5011
28932,7193
28933,8034
28934,10150
28935,7840
28936,8850
28937,7351
28938,5372
28939,10541
28940,4898
28941,11302
28942,7002
28943,5098
28944,9264
28945,8015
28946,7193
28947,8393
28948,10797
28949,5831
28950,12563
28951,4456
28952,4953
28953,8787
28954,9905
28955,11593
28956,8119
28957,7594
28958,6139
28959,6631
28960,8792
28961,7233
28962,7475
28963,6087
28964,10836
28965,8247
28966,9762
28967,12994
28968,9497
28969,5218
28970,5398
28971,6425
28972,11071
28973,6063
28974,9368
28975,5810
28976,11995
28977,7251
28978,6375
28979,5791
28980,5951
28981,6055
28982,7333
28983,7109
28984,5745
28985,5662
28986,5366
28987,10031
28988,7547
28989,23056
28990,7972
28991,4640
28992,5607
28993,7936
28994,10517
28995,5316
28996,5276
28997,10123
28998,8439
28999,7897
29000,6558
29001,8542
29002,9333
29003,5519
29004,6089
29005,8130
29006,9002
29007,7603
29008,7865
29009,7657
29010,10194
29011,6538
29012,5330
29013,6446
29014,10707
29015,11527
29016,7992
29017,11047
29018,5794
29019,9171
29020,4715
29021,6621
29022,4753
29023,8373
29024,9014
29025,13172
29026,10052
29027,7698
29028,6524
29029,6017
29030,4890
29031,6781
29032,11581
29033,6980
29034,6179
29035,6076
29036,6489
29037,8906
29038,3882
29039,8186
29040,5102
29041,8091
29042,7948
29043,6264
29044,8641
29045,5828
29046,8910
29047,9871
29048,7943
29049,6296
29050,10271
29051,5256
29052,7132
29053,8532
29054,12913
29055,6131
29056,6833
29057,9222
29058,8238
29059,9692
29060,7771
29061,10145
29062,5451
29063,5554
29064,6592
29065,6932
29066,9919
29067,8884
29068,4243
29069,6124
29070,8726
29071,7337
29072,11268
29073,4094
29074,14036
29075,7384
29076,5423
29077,6906
29078,7088
29079,6934
29080,9158
29081,5107
29082,7284
29083,6723
29084,8427
29085,7795
29086,6380
29087,8093
29088,6185
29089,6384
29090,8909
29091,8854
29092,7964
29093,5015
29094,10640
29095,5855
29096,9584
29097,8063
29098,13383
29099,7354
29100,5101
29101,7830
29102,6681
29103,6226
29104,5748
29105,8375
29106,8057
29107,4174
29108,9483
29109,6815
29110,8025
29111,4886
29112,8277
29113,9372
29114,4823
29115,13290
29116,6234
29117,5811
29118,8804
29119,9931
29120,5750
29121,4875
29122,8528
29123,7184
29124,5161
29125,7105
29126,6525
29127,9059
29128,9236
29129,7668
29130,8458
29131,6270
29132,4624
29133,7117
29134,8906
29135,8394
29136,9458
29137,8470
29138,9831
29139,6292
29140,9874
29141,7669
29142,6021
29143,7762
29144,10969
29145,7647
29146,9258
29147,10622
29148,8566
29149,8784
29150,6683
29151,7516
29152,8982
29153,7419
29154,7755
29155,4337
29156,6097
29157,11517
29158,8733
29159,6700
29160,4695
29161,9096
29162,7513
29163,9258
29164,6630
29165,6616
29166,5735
29167,4407
29168,11549
29169,7959
29170,8172
29171,7564
29172,6415
29173,5594
29174,6976
29175,8178
29176,4468
29177,6957
29178,5833
29179,9505
29180,8666
29181,7364
29182,13585
29183,5618
29184,5459
29185,11649
29186,5702
29187,7665
29188,3693
29189,9624
29190,8351
29191,6288
29192,7363
29193,7389
29194,6333
29195,7497
29196,9223
29197,12720
29198,3170
29199,7818
29200,3639
29201,15768
29202,5412
29203,9625
29204,9616
29205,7395
29206,7704
29207,5618
29208,5963
29209,3442
29210,5292
29211,7203
29212,6138
29213,7513
29214,8105
29215,6264
29216,7454
29217,6640
29218,8880
29219,10594
29220,8958
29221,5715
29222,4457
29223,10560
29224,11630
29225,6760
29226,8366
29227,5110
29228,8165
29229,6039
29230,5596
29231,6911
29232,4839
29233,7946
29234,6146
29235,10128
29236,7949
29237,9589
29238,8787
29239,6437
29240,9888
29241,19685
29242,11413
29243,5974
29244,3555
29245,6885
29246,9351
29247,5813
29248,6598
29249,14599
29250,6873
29251,15005
29252,20317
29253,4787
29254,7794
29255,6229
29256,4779
29257,11132
29258,5805
29259,9553
29260,10710
29261,9233
29262,7688
29263,8545
29264,4987
29265,7396
29266,4165
29267,6980
29268,8325
29269,10829
29270,6943
29271,6921
29272,5376
29273,8393
29274,6125
29275,5704
29276,4967
29277,8927
29278,6756
29279,6945
29280,7529
29281,9041
29282,0
29283,7562
29284,7232
29285,6173
29286,7937
29287,8038
29288,9643
29289,8508
29290,8634
29291,6521
29292,4442
29293,7303
29294,7546
29295,7194
29296,5075
29297,3460
29298,9617
29299,8207
29300,11074
29301,7791
29302,6694
29303,7961
29304,5858
29305,5027
29306,10818
29307,5984
29308,8355
29309,8509
29310,16462
29311,7121
29312,6695
29313,8352
29314,6234
29315,8182
29316,6236
29317,8555
29318,4909
29319,8019
29320,4620
29321,6493
29322,3909
29323,11798
29324,5905
29325,17069
29326,15120
29327,6030
29328,7841
29329,5877
29330,7896
29331,6227
29332,12576
29333,8995
29334,11431
29335,4879
29336,8011
29337,5566
29338,9398
29339,9118
29340,7904
29341,6738
29342,7622
29343,7369
29344,8768
29345,10604
29346,6580
29347,8389
29348,10813
29349,7190
29350,7970
29351,7571
29352,10167
29353,8323
29354,5979
29355,6114
29356,7226
29357,6384
29358,11951
29359,7005
29360,8763
29361,7772
29362,9942
29363,4907
29364,8307
29365,11239
29366,9579
29367,9833
29368,7372
29369,4817
29370,15349
29371,10037
29372,9484
29373,18959
29374,10994
29375,8431
29376,7636
29377,10700
29378,11472
29379,12262
29380,13220
29381,6227
29382,8112
29383,6380
29384,9898
29385,4289
29386,12676
29387,7066
29388,6502
29389,6816
29390,10330
29391,8536
29392,6217
29393,7685
29394,5840
29395,5515
29396,8105
29397,4747
29398,5501
29399,7167
29400,7320
29401,10915
29402,9512
29403,8165
29404,7280
29405,6335
29406,12962
29407,8145
29408,6113
29409,6270
29410,5547
29411,10063
29412,5019
29413,11793
29414,7885
29415,3815
29416,5402
29417,8708
29418,7005
29419,5962
29420,9582
29421,10671
29422,13098
29423,6720
29424,11240
29425,3232
29426,6088
29427,7682
29428,6189
29429,8078
29430,6096
29431,7225
29432,5134
29433,5886
29434,11981
29435,8885
29436,5571
29437,5638
29438,9091
29439,11959
29440,10890
29441,6211
29442,5931
29443,9988
29444,6741
29445,7744
29446,6765
29447,5914
29448,7933
29449,11402
29450,4524
29451,4914
29452,5444
29453,6520
29454,10606
29455,8949
29456,8421
29457,14571
29458,6276
29459,12156
29460,13205
29461,7813
29462,5817
29463,4009
29464,8568
29465,6792
29466,6765
29467,7115
29468,7900
29469,12556
29470,5862
29471,6772
29472,8317
29473,6132
29474,8556
29475,5746
29476,5161
29477,8418
29478,3941
29479,9404
29480,8804
29481,7853
29482,8672
29483,9715
29484,9048
29485,6584
29486,8735
29487,9703
29488,7162
29489,6082
29490,6292
29491,5520
29492,11446
29493,8666
29494,7403
29495,5962
29496,7709
29497,9554
29498,8129
29499,7028
29500,8948
29501,6030
29502,7026
29503,19117
29504,7329
29505,9527
29506,7069
29507,6772
29508,6942
29509,6019
29510,4564
29511,6440
29512,9814
29513,14225
29514,9584
29515,10259
29516,12482
29517,11652
29518,12204
29519,9410
29520,7164
29521,5512
29522,11096
29523,11925
29524,8860
29525,9091
29526,8814
29527,6940
29528,4664
29529,11577
29530,7948
29531,7340
29532,7061
29533,3510
29534,14803
29535,13331
29536,16080
29537,6851
29538,5949
29539,5274
29540,7008
29541,7333
29542,9475
29543,7410
29544,5647
29545,5592
29546,8204
29547,4355
29548,3672
29549,7209
29550,15245
29551,7726
29552,18840
29553,5117
29554,6529
29555,7324
29556,6580
29557,5714
29558,5592
29559,4951
29560,4487
29561,9015
29562,7578
29563,4516
29564,9710
29565,6653
29566,8044
29567,5366
29568,10640
29569,8587
29570,10838
29571,6045
29572,8163
29573,4549
29574,5608
29575,5495
29576,15713
29577,11648
29578,7515
29579,6477
29580,5592
29581,6469
29582,5712
29583,12336
29584,4941
29585,15786
29586,5017
29587,5636
29588,6381
29589,10445
29590,8338
29591,5270
29592,7438
29593,8781
29594,8350
29595,8333
29596,6558
29597,4656
29598,11505
29599,5339
29600,4489
29601,6221
29602,7429
29603,6726
29604,6858
29605,10001
29606,9236
29607,7312
29608,7879
29609,5047
29610,9214
29611,6434
29612,5146
29613,7564
29614,7551
29615,6954
29616,10938
29617,7274
29618,7303
29619,7563
29620,7329
29621,6506
29622,8302
29623,7742
29624,8036
29625,7348
29626,7150
29627,10340
29628,7155
29629,4930
29630,13365
29631,6615
29632,3613
29633,8553
29634,9680
29635,11625
29636,5701
29637,7052
29638,7450
29639,4267
29640,6699
29641,7714
29642,8279
29643,6414
29644,7545
29645,9698
29646,3745
29647,7107
29648,6860
29649,6332
29650,6088
29651,7720
29652,10015
29653,6095
29654,5645
29655,9221
29656,8173
29657,10017
29658,9925
29659,5457
29660,7476
29661,7618
29662,9242
29663,8993
29664,8846
29665,5807
29666,10241
29667,8137
29668,8183
29669,10885
29670,5178
29671,4562
29672,14248
29673,9908
29674,9553
29675,6881
29676,7494
29677,9331
29678,4235
29679,7910
29680,6328
29681,8981
29682,7611
29683,8119
29684,9160
29685,6920
29686,10061
29687,11836
29688,17300
29689,8215
29690,5574
29691,6848
29692,4819
29693,3592
29694,12456
29695,8644
29696,6194
29697,9338
29698,6201
29699,11871
29700,5534
29701,7162
29702,6775
29703,10379
29704,5789
29705,7270
29706,6280
29707,6138
29708,8100
29709,5769
29710,8175
29711,8558
29712,10291
29713,9019
29714,7598
29715,6844
29716,12857
29717,5381
29718,5961
29719,11582
29720,8033
29721,10275
29722,8398
29723,15981
29724,6608
29725,6085
29726,5933
29727,6929
29728,9190
29729,12180
29730,8087
29731,9559
29732,8385
29733,4495
29734,8159
29735,8720
29736,7989
29737,9274
29738,6665
29739,5416
29740,5717
29741,4268
29742,6036
29743,9470
29744,8870
29745,11790
29746,18276
29747,7539
29748,5627
29749,8000
29750,8213
29751,10417
29752,4752
29753,7132
29754,4715
29755,9966
29756,7439
29757,6945
29758,14939
29759,12766
29760,5550
29761,7669
29762,4464
29763,5823
29764,5937
29765,9671
29766,5475
29767,4970
29768,6479
29769,8525
29770,8219
29771,5297
29772,6571
29773,7993
29774,7303
29775,7882
29776,4063
29777,11259
29778,19397
29779,3915
29780,8037
29781,9466
29782,8368
29783,5634
29784,3603
29785,4938
29786,8726
29787,5685
29788,8487
29789,9675
29790,5122
29791,6343
29792,7997
29793,6972
29794,5537
29795,6650
29796,8037
29797,10224
29798,8649
29799,10870
29800,6403
29801,4378
29802,7213
29803,6390
29804,10176
29805,7104
29806,5060
29807,23134
29808,7720
29809,6809
29810,12958
29811,7902
29812,8461
29813,7313
29814,8557
29815,5547
29816,9679
29817,15195
29818,5929
29819,6545
29820,7008
29821,14533
29822,7380
29823,6170
29824,7146
29825,5870
29826,6934
29827,4774
29828,9653
29829,4633
29830,7983
29831,3085
29832,20997
29833,9932
29834,4618
29835,5259
29836,10971
29837,6783
29838,7750
29839,9267
29840,6953
29841,5662
29842,5275
29843,10552
29844,6397
29845,6865
29846,8039
29847,8235
29848,5668
29849,8095
29850,7134
29851,4296
29852,9397
29853,9810
29854,5037
29855,8134
29856,8058
29857,5645
29858,10621
29859,6543
29860,7749
29861,7451
29862,8517
29863,3917
29864,5656
29865,6024
29866,0
29867,6875
29868,9479
29869,4559
29870,8775
29871,4675
29872,6487
29873,4709
29874,6852
29875,6480
29876,7753
29877,8187
29878,9971
29879,4957
29880,7055
29881,7461
29882,9000
29883,7286
29884,8886
29885,10325
29886,7671
29887,3599
29888,8354
29889,5935
29890,6818
29891,8106
29892,4724
29893,12017
29894,6108
29895,7176
29896,11892
29897,7480
29898,5052
29899,0
29900,6777
29901,10979
29902,6105
29903,10140
29904,11227
29905,7060
29906,5719
29907,7196
29908,6070
29909,6480
29910,6791
29911,10113
29912,7692
29913,5992
29914,5094
29915,6943
29916,8232
29917,7288
29918,9069
29919,6679
29920,7404
29921,5548
29922,8641
29923,8044
29924,7448
29925,6914
29926,7025
29927,9021
29928,10577
29929,6115
29930,8579
29931,6024
29932,7472
29933,8140
29934,7552
29935,4986
29936,4841
29937,7746
29938,8954
29939,6647
29940,6455
29941,9021
29942,6331
29943,6347
29944,7213
29945,5859
29946,3666
29947,9278
29948,4419
29949,8269
29950,8160
29951,6768
29952,7403
29953,13263
29954,10022
29955,8624
29956,5064
29957,9551
29958,7864
29959,4425
29960,3566
29961,9110
29962,3959
29963,8204
29964,13552
29965,9031
29966,7456
29967,5386
29968,8072
29969,7705
29970,6937
29971,8045
29972,9010
29973,9694
29974,7053
29975,8885
29976,5640
29977,7671
29978,5376
29979,6062
29980,7076
29981,5933
29982,5826
29983,8633
29984,5527
29985,10658
29986,7804
29987,5782
29988,4899
29989,11053
29990,8179
29991,6885
29992,7508
29993,7666
29994,6472
29995,6633
29996,7389
29997,8275
29998,6586
29999,5309
30000,10326
30001,7411
30002,6645
30003,3962
30004,11953
30005,7446
30006,6234
30007,7456
30008,12028
30009,9369
30010,8760
30011,9844
30012,7867
30013,6490
30014,6939
30015,8222
30016,10251
30017,14763
30018,5655
30019,6019
30020,4313
30021,5358
30022,10183
30023,16681
30024,7263
30025,5798
30026,5931
30027,7324
30028,6628
30029,10682
30030,9954
30031,6854
30032,4621
30033,8474
30034,6823
30035,10197
30036,10672
30037,5622
30038,8799
30039,4409
30040,8170
30041,9216
30042,7755
30043,9974
30044,7339
30045,8680
30046,4944
30047,7840
30048,7690
30049,9683
30050,8010
30051,9080
30052,7332
30053,5184
30054,10532
30055,4887
30056,11128
30057,7029
30058,4985
30059,6686
30060,7939
30061,7232
30062,8032
30063,10229
30064,6049
30065,11924
30066,4570
30067,5082
30068,8381
30069,9519
30070,11297
30071,7783
30072,7781
30073,6009
30074,6991
30075,8657
30076,7018
30077,7709
30078,6096
30079,10647
30080,7551
30081,9635
30082,12671
30083,9261
30084,5134
30085,5245
30086,6426
30087,11548
30088,5877
30089,9180
30090,5678
30091,12030
30092,7267
30093,6349
30094,6101
30095,5975
30096,6070
30097,7115
30098,7031
30099,5629
30100,5824
30101,5221
30102,9834
30103,7775
30104,22542
30105,7773
30106,4508
30107,4908
30108,7593
30109,10084
30110,5074
30111,5089
30112,10391
30113,6732
30114,7890
30115,6674
30116,7822
30117,8798
30118,5638
30119,5961
30120,8083
30121,8876
30122,6560
30123,8089
30124,7319
30125,8656
30126,7211
30127,5442
30128,6632
30129,10635
30130,10166
30131,7602
30132,10438
30133,5113
30134,8571
30135,3861
30136,6529
30137,4837
30138,8319
30139,8607
30140,12353
30141,10313
30142,7317
30143,6362
30144,5080
30145,4473
30146,6693
30147,10894
30148,6892
30149,6012
30150,6312
30151,6402
30152,8303
30153,3877
30154,8845
30155,5198
30156,8885
30157,8036
30158,6020
30159,8621
30160,5532
30161,9202
30162,8652
30163,8175
30164,5949
30165,9220
30166,5447
30167,6857
30168,8269
30169,12492
30170,5659
30171,7201
30172,8738
30173,8057
30174,9963
30175,7790
30176,10096
30177,5299
30178,5053
30179,6077
30180,7049
30181,10410
30182,9342
30183,4104
30184,6275
30185,9338
30186,8316
30187,10352
30188,4243
30189,13011
30190,7609
30191,5011
30192,6294
30193,6704
30194,6981
30195,8519
30196,5044
30197,6624
30198,7319
30199,8264
30200,7159
30201,5392
30202,7503
30203,6076
30204,6572
30205,8927
30206,8661
30207,7406
30208,5150
30209,10638
30210,5866
30211,9606
30212,8064
30213,13532
30214,7302
30215,4656
30216,8100
30217,6659
30218,6662
30219,5565
30220,9345
30221,7859
30222,4025
30223,9192
30224,6392
30225,8309
30226,4774
30227,8369
30228,8425
30229,5668
30230,12360
30231,6068
30232,6164
30233,9017
30234,10126
30235,5674
30236,4691
30237,8209
30238,6577
30239,5135
30240,7302
30241,6547
30242,9754
30243,8171
30244,8056
30245,8066
30246,5981
30247,4691
30248,7107
30249,8820
30250,7933
30251,9330
30252,8444
30253,9745
30254,6719
30255,9747
30256,7632
30257,5941
30258,7305
30259,10207
30260,8241
30261,7239
30262,10421
30263,9214
30264,9196
30265,6619
30266,7557
30267,9126
30268,7165
30269,7690
30270,4520
30271,5630
30272,9922
30273,8621
30274,6502
30275,4577
30276,8856
30277,7367
30278,8627
30279,7143
30280,6562
30281,5276
30282,4057
30283,10923
30284,7374
30285,7583
30286,7562
30287,6319
30288,5590
30289,6722
30290,8574
30291,4662
30292,7362
30293,5864
30294,9650
30295,8956
30296,7377
30297,14609
30298,5189
30299,5581
30300,11235
30301,5294
30302,7913
30303,3640
30304,9689
30305,8307
30306,6311
30307,7335
30308,6892
30309,6559
30310,7189
30311,7959
30312,11545
30313,3360
30314,7378
30315,3727
30316,14582
30317,5157
30318,9245
30319,10476
30320,7769
30321,7211
30322,5310
30323,5285
30324,3344
30325,4985
30326,6945
30327,5610
30328,7845
30329,8324
30330,5650
30331,7420
30332,6769
30333,8839
30334,11034
30335,8530
30336,5893
30337,4673
30338,10380
30339,11364
30340,6486
30341,8348
30342,5118
30343,7707
30344,5875
30345,5501
30346,6942
30347,4889
30348,7464
30349,5952
30350,9855
30351,7702
30352,9431
30353,8179
30354,6202
30355,10133
30356,18739
30357,10703
30358,5325
30359,3702
30360,6619
30361,8248
30362,5613
30363,7005
30364,14422
30365,6643
30366,13312
30367,21302
30368,4950
30369,7127
30370,5996
30371,4277
30372,8692
30373,5772
30374,8911
30375,10309
30376,8640
30377,7495
30378,8053
30379,5290
30380,7863
30381,4042
30382,7549
30383,7689
30384,11584
30385,7275
30386,6924
30387,5018
30388,8347
30389,6401
30390,6112
30391,4626
30392,9162
30393,6722
30394,7067
30395,7466
30396,8367
30397,0
30398,6810
30399,6743
30400,6174
30401,7609
30402,8164
30403,10661
30404,8688
30405,8753
30406,6554
30407,4641
30408,6704
30409,7085
30410,7218
30411,5087
30412,3209
30413,9256
30414,7238
30415,10858
30416,7190
30417,6538
30418,7534
30419,5270
30420,4951
30421,10667
30422,6911
30423,8076
30424,9117
30425,14452
30426,6715
30427,5363
30428,8605
30429,4890
30430,6099
30431,6816
30432,7869
30433,4757
30434,8257
30435,4621
30436,5737
30437,3629
30438,10852
30439,5868
30440,15238
30441,14304
30442,6093
30443,7934
30444,5910
30445,7747
30446,5918
30447,13019
30448,8765
30449,10209
30450,4884
30451,8064
30452,5952
30453,10197
30454,8976
30455,8376
30456,6627
30457,7646
30458,7574
30459,9315
30460,9568
30461,6958
30462,7709
30463,10106
30464,7159
30465,7987
30466,7403
30467,9620
30468,7657
30469,5924
30470,6122
30471,6547
30472,6109
30473,11438
30474,7469
30475,8282
30476,7675
30477,9749
30478,5159
30479,7833
30480,10194
30481,8902
30482,9250
30483,6763
30484,4636
30485,14753
30486,8854
30487,8934
30488,18091
30489,8892
30490,8891
30491,7565
30492,9778
30493,10781
30494,11333
30495,12790
30496,6105
30497,7496
30498,6156
30499,10730
30500,4320
30501,9901
30502,6596
30503,6519
30504,6951
30505,8934
30506,8011
30507,5852
30508,7931
30509,5706
30510,5009
30511,8145
30512,4884
30513,5694
30514,6764
30515,7243
30516,11276
30517,10590
30518,7775
30519,7634
30520,6411
30521,11723
30522,7347
30523,6298
30524,5647
30525,5478
30526,10450
30527,4904
30528,13137
30529,7551
30530,3577
30531,5056
30532,8367
30533,7157
30534,6706
30535,10224
30536,10392
30537,12302
30538,6548
30539,12196
30540,3145
30541,5863
30542,7503
30543,6113
30544,7983
30545,6691
30546,7377
30547,5466
30548,5751
30549,12416
30550,9402
30551,5046
30552,5467
30553,9367
30554,10776
30555,8975
30556,6550
30557,5564
30558,9982
30559,6192
30560,8310
30561,5966
30562,6438
30563,8451
30564,9838
30565,4096
30566,5038
30567,4821
30568,5909
30569,10566
30570,9453
30571,9081
30572,12591
30573,6183
30574,12021
30575,12636
30576,8108
30577,5556
30578,3714
30579,8345
30580,6479
30581,6405
30582,7394
30583,7528
30584,11561
30585,5260
30586,6697
30587,8017
30588,4787
30589,9374
30590,6156
30591,4542
30592,8191
30593,3949
30594,7689
30595,8853
30596,8209
30597,8642
30598,9216
30599,8507
30600,6729
30601,8686
30602,10272
30603,7322
30604,6568
30605,6864
30606,5488
30607,11032
30608,8038
30609,6618
30610,5841
30611,7353
30612,9352
30613,7781
30614,7214
30615,9296
30616,5922
30617,7350
30618,17685
30619,7536
30620,10044
30621,6184
30622,6969
30623,7330
30624,6010
30625,4675
30626,6331
30627,10477
30628,14091
30629,9034
30630,10608
30631,10497
30632,11687
30633,11906
30634,9278
30635,7152
30636,5375
30637,10416
30638,12105
30639,9675
30640,8269
30641,8827
30642,6986
30643,4369
30644,12004
30645,7788
30646,6724
30647,7234
30648,3370
30649,12825
30650,11960
30651,14403
30652,6751
30653,5789
30654,5769
30655,7232
30656,6721
30657,9079
30658,8060
30659,5553
30660,5603
30661,7498
30662,3955
30663,3457
30664,6229
30665,14673
30666,7804
30667,19006
30668,4514
30669,6457
30670,7169
30671,6676
30672,5157
30673,6215
30674,4821
30675,4181
30676,10123
30677,7472
30678,4732
30679,10554
30680,6787
30681,7574
30682,5181
30683,11164
30684,8085
30685,10051
30686,5760
30687,7706
30688,4719
30689,5687
30690,5218
30691,15213
30692,12345
30693,7442
30694,5963
30695,5939
30696,7124
30697,4472
30698,9589
30699,4696
30700,15198
30701,4820
30702,5576
30703,6321
30704,11117
30705,8532
30706,5723
30707,7260
30708,8035
30709,8313
30710,8919
30711,6316
30712,4425
30713,9464
30714,5297
30715,4350
30716,6398
30717,8153
30718,6307
30719,6590
30720,9730
30721,9197
30722,7366
30723,8452
30724,4888
30725,9752
30726,6176
30727,5226
30728,7870
30729,7389
30730,6800
30731,9953
30732,7424
30733,6727
30734,7857
30735,6588
30736,6020
30737,7917
30738,8776
30739,7357
30740,6809
30741,7514
30742,10392
30743,7619
30744,4896
30745,12801
30746,5959
30747,3429
30748,8548
30749,10807
30750,10894
30751,5625
30752,6987
30753,7491
30754,4320
30755,7211
30756,7673
30757,7510
30758,6551
30759,6894
30760,9373
30761,3725
30762,6355
30763,6373
30764,5801
30765,5903
30766,7776
30767,9589
30768,6405
30769,5516
30770,8720
30771,8547
30772,9650
30773,9770
30774,6009
30775,7547
30776,7888
30777,8826
30778,9003
30779,9134
30780,3870
30781,10132
30782,8095
30783,7559
30784,11195
30785,5025
30786,4457
30787,12845
30788,9113
30789,10078
30790,6450
30791,6603
30792,9492
30793,4147
30794,8064
30795,5838
30796,8999
30797,6538
30798,7880
30799,9529
30800,6443
30801,9978
30802,11716
30803,16592
30804,8003
30805,5290
30806,6896
30807,5077
30808,3560
30809,11999
30810,8195
30811,6965
30812,9337
30813,6493
30814,10678
30815,5656
30816,7150
30817,7240
30818,9505
30819,6109
30820,6987
30821,6671
30822,5796
30823,8125
30824,5781
30825,8073
30826,8869
30827,9747
30828,9002
30829,7325
30830,6713
30831,11438
30832,5313
30833,6217
30834,11623
30835,7741
30836,9815
30837,8202
30838,16017
30839,6239
30840,5679
30841,5725
30842,6237
30843,9292
30844,12337
30845,8572
30846,8626
30847,8282
30848,4537
30849,8295
30850,7696
30851,7811
30852,8790
30853,6285
30854,5479
30855,5840
30856,4040
30857,5268
30858,9024
30859,7429
30860,11481
30861,18029
30862,7667
30863,5334
30864,7811
30865,8318
30866,9915
30867,4815
30868,7048
30869,4711
30870,9592
30871,7784
30872,7376
30873,13844
30874,13157
30875,5272
30876,7811
30877,4413
30878,5889
30879,5554
30880,10138
30881,5065
30882,5297
30883,6275
30884,7981
30885,6572
30886,4721
30887,6494
30888,8020
30889,7486
30890,7722
30891,3537
30892,11291
30893,18560
30894,4024
30895,8557
30896,8843
30897,7884
30898,5376
30899,3373
30900,4764
30901,8150
30902,5680
30903,7775
30904,9572
30905,5098
30906,6089
30907,7978
30908,6961
30909,5794
30910,6852
30911,7885
30912,10797
30913,8072
30914,10610
30915,6816
30916,4211
30917,6553
30918,6357
30919,9708
30920,7119
30921,4731
30922,21799
30923,7785
30924,6597
30925,12903
30926,7626
30927,8208
30928,7185
30929,7885
30930,5520
30931,9602
30932,14864
30933,5574
30934,6187
30935,6785
30936,12933
30937,7891
30938,6160
30939,6869
30940,6132
30941,6296
30942,5034
30943,9162
30944,4375
30945,7375
30946,3208
30947,22228
30948,9699
30949,4383
30950,5785
30951,10893
30952,6365
30953,7655
30954,9095
30955,6625
30956,6297
30957,4830
30958,10457
30959,6276
30960,6899
30961,7679
30962,8562
30963,5526
30964,8519
30965,7366
30966,4181
30967,8986
30968,10643
30969,5025
30970,8170
30971,8565
30972,5906
30973,11291
30974,5680
30975,7553
30976,7936
30977,8633
30978,3768
30979,5452
30980,5981
30981,0
30982,6538
30983,9244
30984,4664
30985,8804
30986,4141
30987,6591
30988,4714
30989,7092
30990,5988
30991,7419
30992,8203
30993,10134
30994,5012
30995,7335
30996,7168
30997,8938
30998,6826
30999,9893
31000,10594
31001,7266
31002,3986
31003,7380
31004,5657
31005,7044
31006,7731
31007,4574
31008,12741
31009,6163
31010,6497
31011,11741
31012,7276
31013,5004
31014,0
31015,6599
31016,10929
31017,5807
31018,9576
31019,9921
31020,8193
31021,5622
31022,7531
31023,5901
31024,6166
31025,7024
31026,8968
31027,8066
31028,5690
31029,4920
31030,7738
31031,8366
31032,6515
31033,8620
31034,6365
31035,6818
31036,5161
31037,9026
31038,7612
31039,7544
31040,6558
31041,6707
31042,9224
31043,10218
31044,6464
31045,8418
31046,5834
31047,7512
31048,8249
31049,6925
31050,4800
31051,4818
31052,8026
31053,8982
31054,6253
31055,6625
31056,8869
31057,6925
31058,5839
31059,6545
31060,5719
31061,3230
31062,8837
31063,4309
31064,8073
31065,8189
31066,7146
31067,7469
31068,10488
31069,10054
31070,8136
31071,5150
31072,8377
31073,7392
31074,4184
31075,3225
31076,8306
31077,3928
31078,7742
31079,13135
31080,8329
31081,7383
31082,5261
31083,7811
31084,7604
31085,6669
31086,7732
31087,9017
31088,8822
31089,6818
31090,9411
31091,5372
31092,7553
31093,5005
31094,6223
31095,7745
31096,6232
31097,5744
31098,8102
31099,5579
31100,10622
31101,7247
31102,5830
31103,4881
31104,10692
31105,8444
31106,5969
31107,7163
31108,7929
31109,6827
31110,6423
31111,6675
31112,8275
31113,6310
31114,5334
31115,10277
31116,7146
31117,6987
31118,3740
31119,12159
31120,7443
31121,6170
31122,6592
31123,11836
31124,10068
31125,9377
31126,10133
31127,7240
31128,6199
31129,6842
31130,8197
31131,10774
31132,13887
31133,5518
31134,5301
31135,3885
31136,5095
31137,9838
31138,15659
31139,6421
31140,5070
31141,5809
31142,6369
31143,6885
31144,10493
31145,9309
31146,7063
31147,4186
31148,8522
31149,6718
31150,9767
31151,10242
31152,5604
31153,8492
31154,4317
31155,8690
31156,8933
31157,7763
31158,9020
31159,6967
31160,8208
31161,5351
31162,7525
31163,8102
31164,9264
31165,7744
31166,9268
31167,7125
31168,5060
31169,10158
31170,5024
31171,10787
31172,7513
31173,5159
31174,5994
31175,7438
31176,6691
31177,7927
31178,9978
31179,5765
31180,12035
31181,4350
31182,4857
31183,8347
31184,9646
31185,11748
31186,7183
31187,6531
31188,5996
31189,6621
31190,8349
31191,6423
31192,7521
31193,5860
31194,10965
31195,6732
31196,9603
31197,12774
31198,9071
31199,5443
31200,4864
31201,6470
31202,11317
31203,5561
31204,8842
31205,5527
31206,11379
31207,7090
31208,6412
31209,6195
31210,5409
31211,5679
31212,7061
31213,6179
31214,5626
31215,5351
31216,5051
31217,9354
31218,7013
31219,22665
31220,8413
31221,4225
31222,2716
31223,3820
31224,9177
31225,1957
31226,2820
31227,6638
31228,3434
31229,6375
31230,5163
31231,5336
31232,6125
31233,4544
31234,3338
31235,5849
31236,5473
31237,2553
31238,4640
31239,4342
31240,6409
31241,5120
31242,3556
31243,4575
31244,7411
31245,7578
31246,5317
31247,6794
31248,2179
31249,7311
31250,3246
31251,5546
31252,2577
31253,7685
31254,7036
31255,8958
31256,9612
31257,6495
31258,6056
31259,2924
31260,4421
31261,6120
31262,7554
31263,4092
31264,3427
31265,5781
31266,4977
31267,5678
31268,2279
31269,7791
31270,4281
31271,8172
31272,6326
31273,3543
31274,8141
31275,2908
31276,9259
31277,5644
31278,6784
31279,2401
31280,5215
31281,4458
31282,3738
31283,7294
31284,10119
31285,2935
31286,6126
31287,5730
31288,8340
31289,7214
31290,5953
31291,6338
31292,2503
31293,2452
31294,4334
31295,6337
31296,8601
31297,7864
31298,2219
31299,4312
31300,8741
31301,8911
31302,5191
31303,3108
31304,10323
31305,5184
31306,3453
31307,4116
31308,2246
31309,4963
31310,6613
31311,3564
31312,5310
31313,2945
31314,5700
31315,3730
31316,1821
31317,4156
31318,5033
31319,5850
31320,9088
31321,7125
31322,5192
31323,4046
31324,10409
31325,3438
31326,5974
31327,7796
31328,12858
31329,5158
31330,3230
31331,6664
31332,5868
31333,6605
31334,4750
31335,10262
31336,5706
31337,2092
31338,8248
31339,4658
31340,5948
31341,2277
31342,7825
31343,3523
31344,2623
31345,7973
31346,4092
31347,5205
31348,7719
31349,7750
31350,4377
31351,4141
31352,7663
31353,3340
31354,3012
31355,6843
31356,4982
31357,6991
31358,3262
31359,4793
31360,6278
31361,4295
31362,3048
31363,5333
31364,6218
31365,6194
31366,7078
31367,7337
31368,7084
31369,4151
31370,7699
31371,5274
31372,3161
31373,3625
31374,8379
31375,7184
31376,2869
31377,6698
31378,9493
31379,6968
31380,4866
31381,6546
31382,7507
31383,5478
31384,4698
31385,3027
31386,4990
31387,4890
31388,4844
31389,5217
31390,3061
31391,5519
31392,7175
31393,5840
31394,6828
31395,5854
31396,2754
31397,1580
31398,6604
31399,5621
31400,6548
31401,3471
31402,5410
31403,4225
31404,5153
31405,5438
31406,3815
31407,4079
31408,4665
31409,6996
31410,6995
31411,7521
31412,14390
31413,4089
31414,4864
31415,9666
31416,3408
31417,5137
31418,836
31419,7954
31420,6538
31421,5360
31422,6849
31423,5496
31424,4906
31425,5116
31426,4539
31427,7997
31428,2888
31429,5954
31430,2764
31431,8769
31432,3445
31433,7388
31434,9511
31435,6498
31436,5637
31437,4268
31438,2337
31439,1714
31440,3431
31441,5655
31442,3095
31443,5150
31444,7300
31445,3907
31446,5355
31447,4489
31448,7935
31449,7797
31450,7426
31451,5206
31452,3218
31453,8723
31454,8878
31455,3663
31456,4412
31457,3675
31458,5059
31459,5122
31460,3910
31461,5961
31462,3234
31463,5096
31464,4272
31465,9151
31466,5339
31467,7372
31468,6647
31469,4899
31470,8577
31471,15736
31472,8256
31473,3391
31474,3523
31475,6026
31476,6745
31477,2797
31478,5044
31479,9946
31480,5878
31481,6630
31482,17249
31483,5242
31484,5053
31485,2979
31486,2091
31487,10086
31488,3341
31489,5771
31490,8888
31491,2562
31492,3590
31493,5935
31494,3935
31495,6850
31496,1905
31497,5256
31498,5076
31499,10315
31500,5842
31501,5957
31502,2928
31503,8202
31504,5750
31505,6666
31506,1655
31507,9262
31508,5370
31509,6096
31510,4050
31511,4348
31512,0
31513,4447
31514,3638
31515,5695
31516,4622
31517,4965
31518,8608
31519,8822
31520,7701
31521,4102
31522,4338
31523,4552
31524,4659
31525,6791
31526,3191
31527,1318
31528,6387
31529,5277
31530,7960
31531,5463
31532,4451
31533,4338
31534,3238
31535,2574
31536,8226
31537,6199
31538,4614
31539,5442
31540,11227
31541,5864
31542,1950
31543,7574
31544,1882
31545,3670
31546,6015
31547,5643
31548,2391
31549,4087
31550,4059
31551,3557
31552,1568
31553,8034
31554,4361
31555,8986
31556,10155
31557,5924
31558,5650
31559,4225
31560,5136
31561,4700
31562,11918
31563,6020
31564,6815
31565,3222
31566,5578
31567,5592
31568,8787
31569,8446
31570,6960
31571,5157
31572,6627
31573,5211
31574,8072
31575,6423
31576,6796
31577,5602
31578,8711
31579,6817
31580,4728
31581,5442
31582,7987
31583,5812
31584,3420
31585,5478
31586,3187
31587,4886
31588,8725
31589,7189
31590,7012
31591,6198
31592,7632
31593,4695
31594,4210
31595,4035
31596,5674
31597,6352
31598,6092
31599,3307
31600,12154
31601,4816
31602,5407
31603,16276
31604,5273
31605,7787
31606,5890
31607,6669
31608,7850
31609,7398
31610,9458
31611,2661
31612,4192
31613,5243
31614,8905
31615,2572
31616,5115
31617,4103
31618,5271
31619,5554
31620,5335
31621,3348
31622,5438
31623,4681
31624,3073
31625,2973
31626,7611
31627,4296
31628,5043
31629,5618
31630,5160
31631,9972
31632,11845
31633,5346
31634,7539
31635,5872
31636,9518
31637,4507
31638,2689
31639,3737
31640,5276
31641,11567
31642,4078
31643,9361
31644,6974
31645,2032
31646,3537
31647,6188
31648,6378
31649,5370
31650,9060
31651,8559
31652,7341
31653,4233
31654,11968
31655,2021
31656,3648
31657,7580
31658,3881
31659,5312
31660,3809
31661,6691
31662,4733
31663,3621
31664,12424
31665,10201
31666,2287
31667,4987
31668,5403
31669,7309
31670,9514
31671,5113
31672,2901
31673,9236
31674,1941
31675,8921
31676,4162
31677,5711
31678,9703
31679,5692
31680,1634
31681,4643
31682,2296
31683,3538
31684,10494
31685,7940
31686,4155
31687,11463
31688,7299
31689,9804
31690,11053
31691,7112
31692,4102
31693,1972
31694,4632
31695,6163
31696,2622
31697,5993
31698,4325
31699,6925
31700,2267
31701,5534
31702,7671
31703,1750
31704,9279
31705,5910
31706,2601
31707,6997
31708,3400
31709,2869
31710,9510
31711,7023
31712,7203
31713,7542
31714,5548
31715,4881
31716,6403
31717,6784
31718,8108
31719,5547
31720,6896
31721,3904
31722,8367
31723,5608
31724,5964
31725,4131
31726,4616
31727,7782
31728,5647
31729,4260
31730,5052
31731,5410
31732,5115
31733,14641
31734,5225
31735,9539
31736,4352
31737,3815
31738,6293
31739,5656
31740,3390
31741,4944
31742,8860
31743,13339
31744,7009
31745,9242
31746,6516
31747,10236
31748,8019
31749,7401
31750,7128
31751,4185
31752,9704
31753,7799
31754,7346
31755,5107
31756,5042
31757,5044
31758,2414
31759,12184
31760,6632
31761,5337
31762,5180
31763,1503
31764,7927
31765,7627
31766,11403
31767,5924
31768,4267
31769,3528
31770,6748
31771,4943
31772,4168
31773,10328
31774,4422
31775,4424
31776,5018
31777,3203
31778,2439
31779,2241
31780,13341
31781,4648
31782,13070
31783,3833
31784,5669
31785,4779
31786,3882
31787,2976
31788,6160
31789,3191
31790,2592
31791,10302
31792,5707
31793,2751
31794,8506
31795,2753
31796,5633
31797,3583
31798,10293
31799,6920
31800,8428
31801,2470
31802,5063
31803,2595
31804,4851
31805,3519
31806,15046
31807,11842
31808,5173
31809,2908
31810,5783
31811,4439
31812,2334
31813,7452
31814,2329
31815,12813
31816,4129
31817,4964
31818,5615
31819,10700
31820,6796
31821,5098
31822,5122
31823,5941
31824,6657
31825,6905
31826,3820
31827,1219
31828,4338
31829,2851
31830,2797
31831,5893
31832,6884
31833,5293
31834,4985
31835,8110
31836,5333
31837,3141
31838,7959
31839,2385
31840,9753
31841,4604
31842,2934
31843,4292
31844,4101
31845,4556
31846,6815
31847,7007
31848,3795
31849,5961
31850,2495
31851,4711
31852,7746
31853,8909
31854,3544
31855,2115
31856,5047
31857,7541
31858,6327
31859,2404
31860,10733
31861,3510
31862,3005
31863,5592
31864,10285
31865,9039
31866,4490
31867,4330
31868,5668
31869,1546
31870,6854
31871,6576
31872,4618
31873,4189
31874,2770
31875,8093
31876,3013
31877,4122
31878,3680
31879,3501
31880,2975
31881,7254
31882,6673
31883,5533
31884,3586
31885,4842
31886,7669
31887,7871
31888,7141
31889,4949
31890,5518
31891,5835
31892,7543
31893,7034
31894,5016
31895,1900
31896,6351
31897,6244
31898,5549
31899,7488
31900,5497
31901,2934
31902,7754
31903,4960
31904,10041
31905,2646
31906,2633
31907,8634
31908,1616
31909,5339
31910,4222
31911,7369
31912,3444
31913,4505
31914,9278
31915,2588
31916,6047
31917,8974
31918,13996
31919,6473
31920,2393
31921,5431
31922,3779
31923,2089
31924,7601
31925,4643
31926,6405
31927,4777
31928,4950
31929,5506
31930,4909
31931,5159
31932,4709
31933,8041
31934,5238
31935,2353
31936,5991
31937,3604
31938,5548
31939,5685
31940,5961
31941,7787
31942,7859
31943,8134
31944,5486
31945,5227
31946,5715
31947,3040
31948,5716
31949,8189
31950,6341
31951,6587
31952,7404
31953,13595
31954,3118
31955,3289
31956,4860
31957,3793
31958,8146
31959,10392
31960,7992
31961,7278
31962,6865
31963,2016
31964,7986
31965,3141
31966,6701
31967,5873
31968,4984
31969,2134
31970,4969
31971,3136
31972,3034
31973,6510
31974,4285
31975,8474
31976,16177
31977,5490
31978,3215
31979,4364
31980,8135
31981,6258
31982,4233
31983,5708
31984,2196
31985,6404
31986,7041
31987,3445
31988,10533
31989,11229
31990,2868
31991,5691
31992,3438
31993,3799
31994,3824
31995,9119
31996,3533
31997,4337
31998,4646
31999,2577
32000,2545
32001,2194
32002,5506
32003,5773
32004,4469
32005,6879
32006,1164
32007,7242
32008,14868
32009,3294
32010,8258
32011,6815
32012,4472
32013,3960
32014,2242
32015,3767
32016,4472
32017,5073
32018,2990
32019,8418
32020,3941
32021,4163
32022,6102
32023,5007
32024,5910
32025,4811
32026,6009
32027,10263
32028,4304
32029,6698
32030,5997
32031,3623
32032,3067
32033,4598
32034,5740
32035,6189
32036,3177
32037,12594
32038,5200
32039,4679
32040,12074
32041,4499
32042,6730
32043,4505
32044,5375
32045,5190
32046,6381
32047,15510
32048,2851
32049,5243
32050,3395
32051,8932
32052,6960
32053,4861
32054,3608
32055,3893
32056,2469
32057,2105
32058,6318
32059,2064
32060,3897
32061,1251
32062,20868
32063,8063
32064,2033
32065,4952
32066,5855
32067,5675
32068,5136
32069,8058
32070,5056
32071,5886
32072,2747
32073,7887
32074,5402
32075,4041
32076,5817
32077,9142
32078,4629
32079,8201
32080,6066
32081,3175
32082,5535
32083,7233
32084,2787
32085,8199
32086,6608
32087,4991
32088,10149
32089,3257
32090,4992
32091,8666
32092,6082
32093,2230
32094,4869
32095,3642
32096,0
32097,5146
32098,5503
32099,3504
32100,6032
32101,2160
32102,5426
32103,2789
32104,5711
32105,5178
32106,4447
32107,5944
32108,8952
32109,2593
32110,5774
32111,6169
32112,3294
32113,5668
32114,5524
32115,8935
32116,6617
32117,3564
32118,1997
32119,2036
32120,5818
32121,4855
32122,4118
32123,12166
32124,5307
32125,5260
32126,8848
32127,6225
32128,2262
32129,18114
32130,4138
32131,8157
32132,6129
32133,7271
32134,6083
32135,8394
32136,4866
32137,3911
32138,2788
32139,3625
32140,6111
32141,4027
32142,7530
32143,4697
32144,2656
32145,7341
32146,6593
32147,4249
32148,6462
32149,4487
32150,6230
32151,4015
32152,5065
32153,3561
32154,4515
32155,3497
32156,5622
32157,7694
32158,8164
32159,5856
32160,5324
32161,4245
32162,6192
32163,6830
32164,6933
32165,2865
32166,2949
32167,8508
32168,6344
32169,2941
32170,3992
32171,7073
32172,6538
32173,2423
32174,5438
32175,4629
32176,1702
32177,4803
32178,2788
32179,4041
32180,6484
32181,5457
32182,4760
32183,3912
32184,8321
32185,6330
32186,3459
32187,5126
32188,5189
32189,2989
32190,1195
32191,6573
32192,1489
32193,5557
32194,10114
32195,5538
32196,4197
32197,3192
32198,5019
32199,4889
32200,4632
32201,5342
32202,5599
32203,7233
32204,5592
32205,8198
32206,3611
32207,3695
32208,4350
32209,3701
32210,5172
32211,6068
32212,3349
32213,4989
32214,2575
32215,7175
32216,3967
32217,4253
32218,3891
32219,5115
32220,7461
32221,3189
32222,6427
32223,4088
32224,5427
32225,4899
32226,5412
32227,7626
32228,4407
32229,3940
32230,9647
32231,5869
32232,6602
32233,1851
32234,4196
32235,5219
32236,3758
32237,4333
32238,9907
32239,8280
32240,9319
32241,9685
32242,5864
32243,4995
32244,6146
32245,6170
32246,7018
32247,10477
32248,3204
32249,1764
32250,1535
32251,3805
32252,4726
32253,9758
32254,2317
32255,1855
32256,4988
32257,5016
32258,5971
32259,10289
32260,6334
32261,6306
32262,2543
32263,6943
32264,5854
32265,7589
32266,6853
32267,3225
32268,6480
32269,3078
32270,6837
32271,5425
32272,4921
32273,6015
32274,4002
32275,6241
32276,4997
32277,6936
32278,4519
32279,7837
32280,4972
32281,8747
32282,5073
32283,3492
32284,7636
32285,3054
32286,9693
32287,5973
32288,4758
32289,3123
32290,6854
32291,4629
32292,4315
32293,6643
32294,4032
32295,11675
32296,2976
32297,2882
32298,5619
32299,6190
32300,10888
32301,2541
32302,4241
32303,6193
32304,5767
32305,4634
32306,3213
32307,6333
32308,3245
32309,9714
32310,2637
32311,7214
32312,12904
32313,6468
32314,6179
32315,2924
32316,4793
32317,7998
32318,2529
32319,7652
32320,2693
32321,8501
32322,6531
32323,5607
32324,5752
32325,4381
32326,3100
32327,5301
32328,2095
32329,3808
32330,3066
32331,2625
32332,7006
32333,5762
32334,20268
32335,7538
32336,0
32337,0
32338,0
32339,0
32340,0
32341,0
32342,0
32343,0
32344,0
32345,0
32346,0
32347,0
32348,0
32349,0
32350,0
32351,0
32352,0
32353,0
32354,0
32355,0
32356,0
32357,0
32358,0
32359,0
32360,0
32361,0
32362,0
32363,0
32364,0
32365,0
32366,0
32367,0
32368,0
32369,0
32370,0
32371,0
32372,0
32373,0
32374,0
32375,0
32376,0
32377,0
32378,0
32379,0
32380,0
32381,0
32382,0
32383,0
32384,0
32385,0
32386,0
32387,0
32388,0
32389,0
32390,0
32391,0
32392,0
32393,0
32394,0
32395,0
32396,0
32397,0
32398,0
32399,0
32400,0
32401,0
32402,0
32403,0
32404,0
32405,0
32406,0
32407,0
32408,0
32409,0
32410,0
32411,0
32412,0
32413,0
32414,0
32415,0
32416,0
32417,0
32418,0
32419,0
32420,11398
32421,0
32422,0
32423,0
32424,0
32425,0
32426,0
32427,0
32428,0
32429,0
32430,0
32431,0
32432,0
32433,0
32434,0
32435,0
32436,0
32437,0
32438,0
32439,0
32440,0
32441,0
32442,0
32443,0
32444,0
32445,0
32446,0
32447,0
32448,0
32449,0
32450,0
32451,0
32452,0
32453,0
32454,0
32455,0
32456,0
32457,4030
32458,0
32459,0
32460,0
32461,0
32462,0
32463,0
32464,0
32465,0
32466,0
32467,0
32468,0
32469,0
32470,0
32471,0
32472,0
32473,0
32474,0
32475,0
32476,0
32477,0
32478,0
32479,0
32480,0
32481,0
32482,0
32483,0
32484,0
32485,0
32486,0
32487,0
32488,0
32489,0
32490,0
32491,0
32492,0
32493,0
32494,0
32495,0
32496,0
32497,0
32498,0
32499,0
32500,0
32501,0
32502,0
32503,0
32504,0
32505,0
32506,0
32507,0
32508,0
32509,0
32510,0
32511,0
32512,0
32513,0
32514,0
32515,0
32516,0
32517,0
32518,0
32519,0
32520,0
32521,0
32522,0
32523,0
32524,0
32525,0
32526,0
32527,0
32528,0
32529,0
32530,0
32531,0
32532,0
32533,0
32534,0
32535,0
32536,0
32537,0
32538,0
32539,0
32540,0
32541,0
32542,0
32543,0
32544,2694
32545,0
32546,0
32547,0
32548,0
32549,0
32550,0
32551,0
32552,0
32553,0
32554,0
32555,0
32556,0
32557,0
32558,0
32559,0
32560,0
32561,0
32562,0
32563,0
32564,0
32565,0
32566,0
32567,0
32568,0
32569,0
32570,0
32571,0
32572,0
32573,0
32574,0
32575,0
32576,0
32577,0
32578,0
32579,0
32580,0
32581,0
32582,0
32583,0
32584,0
32585,0
32586,0
32587,0
32588,0
32589,0
32590,0
32591,0
32592,0
32593,0
32594,17132
32595,0
32596,0
32597,28371
32598,0
32599,0
32600,0
32601,0
32602,0
32603,0
32604,0
32605,0
32606,0
32607,0
32608,0
32609,7534
32610,0
32611,0
32612,0
32613,0
32614,0
32615,0
32616,0
32617,0
32618,0
32619,0
32620,0
32621,0
32622,0
32623,0
32624,0
32625,0
32626,0
32627,0
32628,0
32629,0
32630,0
32631,0
32632,0
32633,0
32634,5214
32635,0
32636,0
32637,0
32638,0
32639,0
32640,0
32641,0
32642,0
32643,0
32644,0
32645,2788
32646,0
32647,0
32648,0
32649,0
32650,0
32651,0
32652,0
32653,0
32654,0
32655,0
32656,0
32657,0
32658,0
32659,0
32660,0
32661,0
32662,0
32663,0
32664,0
32665,0
32666,0
32667,0
32668,0
32669,0
32670,8116
32671,0
32672,0
32673,0
32674,0
32675,0
32676,0
32677,0
32678,0
32679,0
32680,0
32681,0
32682,0
32683,0
32684,0
32685,0
32686,0
32687,0
32688,9086
32689,0
32690,0
32691,0
32692,0
32693,0
32694,0
32695,0
32696,0
32697,0
32698,0
32699,0
32700,0
32701,0
32702,0
32703,0
32704,0
32705,0
32706,0
32707,0
32708,0
32709,0
32710,0
32711,0
32712,0
32713,0
32714,0
32715,0
32716,0
32717,0
32718,0
32719,0
32720,0
32721,0
32722,0
32723,0
32724,0
32725,0
32726,0
32727,0
32728,0
32729,0
32730,0
32731,0
32732,0
32733,0
32734,0
32735,0
32736,0
32737,0
32738,0
32739,0
32740,0
32741,0
32742,0
32743,0
32744,0
32745,0
32746,0
32747,0
32748,0
32749,0
32750,0
32751,0
32752,0
32753,0
32754,0
32755,0
32756,0
32757,0
32758,14577
32759,0
32760,0
32761,0
32762,0
32763,0
32764,0
32765,0
32766,0
32767,0
32768,1715
32769,0
32770,0
32771,0
32772,0
32773,0
32774,0
32775,0
32776,0
32777,0
32778,0
32779,0
32780,0
32781,0
32782,0
32783,0
32784,0
32785,0
32786,0
32787,0
32788,5543
32789,0
32790,0
32791,0
32792,0
32793,0
32794,0
32795,0
32796,0
32797,0
32798,0
32799,0
32800,0
32801,0
32802,0
32803,0
32804,0
32805,0
32806,0
32807,0
32808,0
32809,0
32810,0
32811,0
32812,0
32813,0
32814,0
32815,0
32816,0
32817,0
32818,0
32819,0
32820,0
32821,0
32822,0
32823,0
32824,0
32825,0
32826,0
32827,0
32828,0
32829,7565
32830,0
32831,0
32832,0
32833,0
32834,0
32835,0
32836,0
32837,0
32838,0
32839,0
32840,0
32841,0
32842,0
32843,0
32844,0
32845,0
32846,0
32847,7641
32848,0
32849,0
32850,0
32851,0
32852,0
32853,0
32854,0
32855,0
32856,0
32857,0
32858,0
32859,2218
32860,0
32861,0
32862,0
32863,0
32864,0
32865,5889
32866,0
32867,0
32868,0
32869,0
32870,0
32871,0
32872,0
32873,0
32874,0
32875,0
32876,0
32877,0
32878,0
32879,0
32880,0
32881,0
32882,0
32883,0
32884,0
32885,0
32886,0
32887,0
32888,0
32889,0
32890,0
32891,0
32892,0
32893,0
32894,0
32895,0
32896,0
32897,18350
32898,0
32899,0
32900,0
32901,0
32902,0
32903,0
32904,0
32905,0
32906,0
32907,0
32908,0
32909,0
32910,0
32911,0
32912,0
32913,5920
32914,0
32915,0
32916,0
32917,0
32918,0
32919,0
32920,0
32921,0
32922,0
32923,0
32924,0
32925,0
32926,0
32927,0
32928,0
32929,0
32930,0
32931,0
32932,0
32933,0
32934,0
32935,0
32936,0
32937,0
32938,0
32939,0
32940,0
32941,0
32942,0
32943,0
32944,0
32945,0
32946,0
32947,0
32948,0
32949,0
32950,0
32951,0
32952,0
32953,0
32954,0
32955,0
32956,0
32957,0
32958,0
32959,0
32960,0
32961,0
32962,0
32963,0
32964,0
32965,0
32966,0
32967,0
32968,0
32969,0
32970,0
32971,0
32972,0
32973,0
32974,0
32975,0
32976,0
32977,0
32978,0
32979,0
32980,0
32981,0
32982,0
32983,0
32984,0
32985,0
32986,0
32987,0
32988,0
32989,0
32990,0
32991,0
32992,0
32993,0
32994,0
32995,0
32996,0
32997,0
32998,0
32999,0
33000,0
33001,0
33002,0
33003,0
33004,0
33005,0
33006,0
33007,0
33008,0
33009,0
33010,0
33011,12907
33012,0
33013,0
33014,0
33015,0
33016,0
33017,6897
33018,0
33019,0
33020,0
33021,0
33022,0
33023,0
33024,0
33025,0
33026,0
33027,0
33028,0
33029,0
33030,0
33031,0
33032,0
33033,0
33034,0
33035,0
33036,0
33037,0
33038,0
33039,0
33040,0
33041,0
33042,0
33043,0
33044,0
33045,0
33046,0
33047,0
33048,0
33049,0
33050,0
33051,0
33052,0
33053,0
33054,0
33055,0
33056,0
33057,0
33058,0
33059,0
33060,0
33061,0
33062,0
33063,0
33064,0
33065,0
33066,0
33067,4090
33068,16225
33069,0
33070,0
33071,0
33072,0
33073,0
33074,0
33075,0
33076,0
33077,0
33078,0
33079,0
33080,0
33081,0
33082,0
33083,0
33084,0
33085,0
33086,0
33087,0
33088,0
33089,0
33090,0
33091,0
33092,0
33093,0
33094,0
33095,0
33096,0
33097,0
33098,0
33099,0
33100,0
33101,0
33102,0
33103,0
33104,11993
33105,0
33106,0
33107,0
33108,0
33109,0
33110,0
33111,0
33112,0
33113,0
33114,0
33115,0
33116,0
33117,0
33118,0
33119,0
33120,0
33121,0
33122,0
33123,0
33124,0
33125,0
33126,0
33127,0
33128,0
33129,0
33130,0
33131,0
33132,0
33133,0
33134,0
33135,0
33136,0
33137,0
33138,0
33139,0
33140,0
33141,0
33142,0
33143,0
33144,0
33145,0
33146,0
33147,0
33148,0
33149,0
33150,0
33151,0
33152,0
33153,0
33154,0
33155,0
33156,0
33157,0
33158,0
33159,0
33160,0
33161,0
33162,0
33163,0
33164,0
33165,0
33166,0
33167,0
33168,0
33169,0
33170,0
33171,0
33172,0
33173,0
33174,0
33175,0
33176,0
33177,0
33178,0
33179,0
33180,0
33181,0
33182,0
33183,0
33184,0
33185,0
33186,0
33187,0
33188,0
33189,0
33190,0
33191,0
33192,0
33193,0
33194,0
33195,0
33196,0
33197,0
33198,2852
33199,0
33200,0
33201,0
33202,2371
33203,0
33204,0
33205,0
33206,0
33207,0
33208,0
33209,0
33210,0
33211,0
33212,0
33213,0
33214,0
33215,0
33216,0
33217,0
33218,0
33219,0
33220,0
33221,0
33222,0
33223,0
33224,0
33225,0
33226,0
33227,0
33228,0
33229,0
33230,0
33231,0
33232,0
33233,0
33234,0
33235,0
33236,0
33237,0
33238,0
33239,0
33240,0
33241,0
33242,0
33243,0
33244,0
33245,0
33246,0
33247,0
33248,0
33249,0
33250,0
33251,0
33252,0
33253,0
33254,0
33255,0
33256,0
33257,0
33258,0
33259,0
33260,0
33261,0
33262,0
33263,0
33264,0
33265,0
33266,3128
33267,0
33268,0
33269,0
33270,0
33271,0
33272,0
33273,0
33274,0
33275,0
33276,0
33277,0
33278,0
33279,0
33280,0
33281,0
33282,0
33283,11537
33284,0
33285,0
33286,0
33287,0
33288,0
33289,0
33290,0
33291,0
33292,0
33293,0
33294,0
33295,0
33296,0
33297,0
33298,0
33299,0
33300,0
33301,0
33302,0
33303,0
33304,0
33305,0
33306,0
33307,0
33308,0
33309,0
33310,0
33311,0
33312,0
33313,0
33314,0
33315,0
33316,0
33317,0
33318,0
33319,0
33320,0
33321,0
33322,0
33323,0
33324,0
33325,0
33326,0
33327,0
33328,0
33329,0
33330,0
33331,0
33332,0
33333,0
33334,0
33335,0
33336,0
33337,0
33338,0
33339,0
33340,0
33341,0
33342,0
33343,0
33344,0
33345,0
33346,0
33347,0
33348,0
33349,0
33350,0
33351,0
33352,0
33353,0
33354,0
33355,0
33356,0
33357,0
33358,0
33359,0
33360,0
33361,0
33362,0
33363,0
33364,0
33365,0
33366,0
33367,0
33368,0
33369,0
33370,0
33371,0
33372,0
33373,0
33374,0
33375,0
33376,0
33377,0
33378,0
33379,0
33380,4818
33381,0
33382,0
33383,0
33384,0
33385,0
33386,0
33387,0
33388,0
33389,0
33390,0
33391,0
33392,0
33393,0
33394,0
33395,0
33396,0
33397,0
33398,0
33399,0
33400,0
33401,0
33402,0
33403,0
33404,0
33405,0
33406,0
33407,0
33408,0
33409,0
33410,0
33411,0
33412,0
33413,0
33414,0
33415,0
33416,5140
33417,0
33418,0
33419,0
33420,0
33421,0
33422,0
33423,0
33424,0
33425,0
33426,0
33427,0
33428,0
33429,0
33430,0
33431,0
33432,13149
33433,0
33434,5122
33435,0
33436,0
33437,0
33438,0
33439,0
33440,0
33441,0
33442,0
33443,0
33444,0
33445,0
33446,0
33447,0
33448,0
33449,0
33450,0
33451,4058
33452,4165
33453,5955
33454,9094
33455,4239
33456,4244
33457,9136
33458,5710
33459,6940
33460,5927
33461,7205
33462,6708
33463,3980
33464,5182
33465,5991
33466,7773
33467,5388
33468,6366
33469,5916
33470,8737
33471,4498
33472,4229
33473,4779
33474,8497
33475,10057
33476,5610
33477,7972
33478,3997
33479,6947
33480,3309
33481,5010
33482,3858
33483,7384
33484,7493
33485,9487
33486,9100
33487,5435
33488,4813
33489,4258
33490,3993
33491,5312
33492,8785
33493,5734
33494,4577
33495,4733
33496,4312
33497,6636
33498,3084
33499,6605
33500,3698
33501,6071
33502,5355
33503,4940
33504,6590
33505,4497
33506,7324
33507,7595
33508,6093
33509,5060
33510,7618
33511,4524
33512,6570
33513,6016
33514,9010
33515,4056
33516,5692
33517,7185
33518,7338
33519,8107
33520,6017
33521,7523
33522,3811
33523,4529
33524,5179
33525,6147
33526,8333
33527,6876
33528,3122
33529,5031
33530,7027
33531,6762
33532,7823
33533,3662
33534,11895
33535,6585
33536,3837
33537,5979
33538,5304
33539,6315
33540,7558
33541,3922
33542,5138
33543,5267
33544,6451
33545,6108
33546,4795
33547,5923
33548,4806
33549,4962
33550,7860
33551,6900
33552,5638
33553,4608
33554,9765
33555,4941
33556,8224
33557,7257
33558,11806
33559,6155
33560,4935
33561,5690
33562,6435
33563,5448
33564,4529
33565,7071
33566,6819
33567,3481
33568,7495
33569,5527
33570,6631
33571,4234
33572,9476
33573,7387
33574,4304
33575,11065
33576,4704
33577,4216
33578,7382
33579,7849
33580,5340
33581,4150
33582,6680
33583,5464
33584,4850
33585,5720
33586,4626
33587,7698
33588,6789
33589,6165
33590,7180
33591,4849
33592,4294
33593,5567
33594,6370
33595,6776
33596,6919
33597,6973
33598,8436
33599,5121
33600,7978
33601,6083
33602,4736
33603,5286
33604,8394
33605,5833
33606,5610
33607,9032
33608,7177
33609,6651
33610,5007
33611,6828
33612,6360
33613,6715
33614,5889
33615,3780
33616,4854
33617,7920
33618,7094
33619,5252
33620,3449
33621,7203
33622,6759
33623,7256
33624,6036
33625,5172
33626,4516
33627,3556
33628,8922
33629,6224
33630,6053
33631,5365
33632,4752
33633,5641
33634,5760
33635,5670
33636,3604
33637,5839
33638,4335
33639,7774
33640,7489
33641,6396
33642,10862
33643,4242
33644,4507
33645,9283
33646,4957
33647,5436
33648,2042
33649,7269
33650,7525
33651,4619
33652,6210
33653,6382
33654,5520
33655,5486
33656,6915
33657,10184
33658,2617
33659,7268
33660,2762
33661,13040
33662,4132
33663,7255
33664,7898
33665,5141
33666,5971
33667,4238
33668,4951
33669,3114
33670,4224
33671,5380
33672,4639
33673,6195
33674,6655
33675,4727
33676,6433
33677,5762
33678,7269
33679,7844
33680,7473
33681,4167
33682,3276
33683,9290
33684,8927
33685,4802
33686,6887
33687,4838
33688,6818
33689,4469
33690,4613
33691,5590
33692,3383
33693,5466
33694,4277
33695,9300
33696,6247
33697,7391
33698,7425
33699,4983
33700,7782
33701,17234
33702,8546
33703,4520
33704,2546
33705,5237
33706,6996
33707,4739
33708,5848
33709,13336
33710,6135
33711,9770
33712,18326
33713,4126
33714,5456
33715,4717
33716,4048
33717,7613
33718,4519
33719,7206
33720,9231
33721,6637
33722,5513
33723,6591
33724,5143
33725,5994
33726,3390
33727,5631
33728,6873
33729,8299
33730,5677
33731,5221
33732,4173
33733,7099
33734,4636
33735,4994
33736,3375
33737,7758
33738,4816
33739,5758
33740,6224
33741,7169
33742,0
33743,5304
33744,5744
33745,5161
33746,6341
33747,6466
33748,7709
33749,10432
33750,6720
33751,5092
33752,3196
33753,5435
33754,6219
33755,5548
33756,4513
33757,2167
33758,7601
33759,5626
33760,8517
33761,6216
33762,4940
33763,5796
33764,4558
33765,4470
33766,8423
33767,4985
33768,6465
33769,7301
33770,13865
33771,5016
33772,4594
33773,6890
33774,4754
33775,5207
33776,4871
33777,6977
33778,4216
33779,6222
33780,3556
33781,5312
33782,3642
33783,8939
33784,4803
33785,12429
33786,12291
33787,4619
33788,6291
33789,5034
33790,5832
33791,5045
33792,11076
33793,6528
33794,8136
33795,4247
33796,7002
33797,4650
33798,8389
33799,8534
33800,6089
33801,5263
33802,6020
33803,7015
33804,7088
33805,8816
33806,5772
33807,6807
33808,8682
33809,5844
33810,6105
33811,4956
33812,8961
33813,6692
33814,4726
33815,4611
33816,5532
33817,4580
33818,7857
33819,5814
33820,6490
33821,5529
33822,7729
33823,4284
33824,6790
33825,7502
33826,6790
33827,7578
33828,6170
33829,3885
33830,12029
33831,9080
33832,6435
33833,15734
33834,8590
33835,6140
33836,5617
33837,7768
33838,9064
33839,10095
33840,9899
33841,4827
33842,6666
33843,4870
33844,7554
33845,3804
33846,9659
33847,5207
33848,4560
33849,5654
33850,8063
33851,6889
33852,5291
33853,7056
33854,4818
33855,3638
33856,6298
33857,3759
33858,4456
33859,5427
33860,5396
33861,8373
33862,8457
33863,6915
33864,6235
33865,5349
33866,9976
33867,6080
33868,4455
33869,4803
33870,4722
33871,8799
33872,4193
33873,11174
33874,6726
33875,3148
33876,4274
33877,6202
33878,5649
33879,4661
33880,7783
33881,8928
33882,11292
33883,5641
33884,9158
33885,2875
33886,5011
33887,6710
33888,4670
33889,6179
33890,5190
33891,5717
33892,3525
33893,4559
33894,11179
33895,8020
33896,4076
33897,5256
33898,7637
33899,9899
33900,7228
33901,5191
33902,4261
33903,12270
33904,5263
33905,6619
33906,5213
33907,4810
33908,6440
33909,7799
33910,3273
33911,3919
33912,4520
33913,5745
33914,10013
33915,6860
33916,6818
33917,12140
33918,4971
33919,9689
33920,10459
33921,6374
33922,4501
33923,2815
33924,6921
33925,5598
33926,5436
33927,5483
33928,5994
33929,10021
33930,4551
33931,5041
33932,6624
33933,4425
33934,6448
33935,4660
33936,3659
33937,6024
33938,3217
33939,6048
33940,7853
33941,6117
33942,6735
33943,7336
33944,6731
33945,4683
33946,6765
33947,8188
33948,7041
33949,5282
33950,6000
33951,4495
33952,9677
33953,5218
33954,6224
33955,4939
33956,6242
33957,7151
33958,6043
33959,5633
33960,7578
33961,5565
33962,6258
33963,16437
33964,5717
33965,7690
33966,5037
33967,5596
33968,5159
33969,4590
33970,4303
33971,4404
33972,8010
33973,13238
33974,8401
33975,9014
33976,9110
33977,9929
33978,9334
33979,7192
33980,8891
33981,4676
33982,10625
33983,10118
33984,6202
33985,7641
33986,7156
33987,5561
33988,4127
33989,10571
33990,6190
33991,5685
33992,5794
33993,2156
33994,11757
33995,9344
33996,13792
33997,5448
33998,4476
33999,4264
34000,5709
34001,5973
34002,6552
34003,6337
34004,5390
34005,4277
34006,6257
34007,3355
34008,2583
34009,5555
34010,12836
34011,6151
34012,17226
34013,4350
34014,5246
34015,5759
34016,4682
34017,4345
34018,4827
34019,4508
34020,3443
34021,7676
34022,5848
34023,3418
34024,8346
34025,4356
34026,5680
34027,4311
34028,10731
34029,6640
34030,10093
34031,4686
34032,6409
34033,3870
34034,4545
34035,4155
34036,13783
34037,9598
34038,5925
34039,4462
34040,4615
34041,5524
34042,4040
34043,9130
34044,4303
34045,13797
34046,4280
34047,5018
34048,5566
34049,8537
34050,6216
34051,4345
34052,6037
34053,6310
34054,6239
34055,6116
34056,5243
34057,3102
34058,8445
34059,4715
34060,3655
34061,5724
34062,5488
34063,5836
34064,6103
34065,8716
34066,7432
34067,5950
34068,6615
34069,4026
34070,8187
34071,4960
34072,4222
34073,6173
34074,6438
34075,5779
34076,7864
34077,5719
34078,5705
34079,5668
34080,5470
34081,5364
34082,6595
34083,6244
34084,6380
34085,4840
34086,4941
34087,8061
34088,5493
34089,3764
34090,10473
34091,4593
34092,2800
34093,6616
34094,8131
34095,8563
34096,5012
34097,5141
34098,5566
34099,3217
34100,5913
34101,6879
34102,5727
34103,5330
34104,6378
34105,7098
34106,3029
34107,5040
34108,5090
34109,5231
34110,4538
34111,6550
34112,6931
34113,5583
34114,4412
34115,7643
34116,5549
34117,7725
34118,7807
34119,4295
34120,6034
34121,6349
34122,7775
34123,7049
34124,7245
34125,3041
34126,9171
34127,6012
34128,6413
34129,9533
34130,4602
34131,3657
34132,10247
34133,7325
34134,7555
34135,5074
34136,5520
34137,8061
34138,2959
34139,6226
34140,5101
34141,6541
34142,5486
34143,4878
34144,7279
34145,4468
34146,8209
34147,9249
34148,15774
34149,6734
34150,4140
34151,4801
34152,3553
34153,2772
34154,10623
34155,7116
34156,4930
34157,7921
34158,4795
34159,9903
34160,3986
34161,5304
34162,5510
34163,7879
34164,4593
34165,5325
34166,4963
34167,4225
34168,7004
34169,4771
34170,6070
34171,7022
34172,8748
34173,7055
34174,6691
34175,5359
34176,9598
34177,4418
34178,4921
34179,9449
34180,6252
34181,7763
34182,9865
34183,14665
34184,4647
34185,4257
34186,4477
34187,5323
34188,7648
34189,8990
34190,6223
34191,7428
34192,6724
34193,3342
34194,6908
34195,6422
34196,5625
34197,6869
34198,4626
34199,4536
34200,4317
34201,3584
34202,4126
34203,7206
34204,6552
34205,10134
34206,15386
34207,6372
34208,4811
34209,5902
34210,7571
34211,8457
34212,3816
34213,5635
34214,3714
34215,8793
34216,5806
34217,5645
34218,11617
34219,11707
34220,4172
34221,6579
34222,3497
34223,5292
34224,5597
34225,7899
34226,4181
34227,4140
34228,5086
34229,6380
34230,5662
34231,3986
34232,5298
34233,6373
34234,5493
34235,5942
34236,3239
34237,9608
34238,17556
34239,3900
34240,6604
34241,7753
34242,5742
34243,3820
34244,3398
34245,3393
34246,6783
34247,4490
34248,6590
34249,8346
34250,3750
34251,5064
34252,5530
34253,5356
34254,4600
34255,4971
34256,5861
34257,9590
34258,6873
34259,7839
34260,5159
34261,3891
34262,5996
34263,5926
34264,7337
34265,5496
34266,4147
34267,21047
34268,6048
34269,5390
34270,11076
34271,6187
34272,6200
34273,5688
34274,6899
34275,4342
34276,8440
34277,14181
34278,4742
34279,4981
34280,5603
34281,11251
34282,5810
34283,4634
34284,5552
34285,4786
34286,5907
34287,3834
34288,7915
34289,3654
34290,7129
34291,2431
34292,18211
34293,7682
34294,3595
34295,4297
34296,8044
34297,5470
34298,6011
34299,7287
34300,4939
34301,5060
34302,4259
34303,8728
34304,5128
34305,5431
34306,6151
34307,7287
34308,5289
34309,7327
34310,5253
34311,3652
34312,8014
34313,8451
34314,4311
34315,6472
34316,6306
34317,5040
34318,9084
34319,5147
34320,6700
34321,6008
34322,6932
34323,3677
34324,4468
34325,4371
34326,0
34327,6225
34328,7388
34329,3518
34330,7516
34331,3342
34332,5633
34333,4483
34334,5650
34335,5718
34336,6465
34337,6095
34338,7808
34339,3365
34340,5516
34341,6481
34342,6648
34343,5953
34344,6619
34345,9350
34346,6651
34347,2825
34348,5891
34349,4907
34350,6073
34351,6478
34352,4050
34353,10706
34354,4703
34355,6076
34356,9907
34357,5954
34358,3705
34359,16419
34360,4829
34361,9369
34362,5114
34363,7066
34364,8776
34365,5504
34366,4972
34367,5708
34368,4634
34369,5305
34370,5593
34371,9331
34372,6349
34373,5099
34374,4113
34375,5916
34376,6204
34377,5694
34378,5933
34379,5469
34380,5998
34381,5188
34382,6841
34383,6989
34384,5836
34385,5329
34386,5961
34387,7039
34388,9249
34389,4936
34390,7065
34391,4952
34392,5441
34393,6621
34394,5900
34395,4289
34396,3902
34397,6121
34398,8451
34399,4474
34400,5358
34401,7042
34402,5503
34403,4743
34404,5304
34405,4199
34406,3034
34407,7434
34408,3868
34409,6647
34410,5948
34411,5423
34412,5395
34413,9822
34414,7735
34415,6796
34416,4663
34417,7287
34418,7324
34419,3524
34420,3283
34421,7861
34422,2933
34423,6572
34424,12147
34425,6825
34426,5942
34427,3969
34428,6722
34429,5396
34430,5462
34431,6320
34432,7361
34433,7158
34434,5077
34435,7423
34436,4117
34437,6133
34438,4804
34439,5124
34440,5166
34441,4953
34442,5122
34443,6796
34444,4003
34445,8737
34446,6071
34447,4213
34448,4150
34449,7572
34450,6506
34451,4971
34452,5830
34453,5725
34454,4617
34455,5646
34456,5840
34457,5854
34458,4596
34459,4739
34460,7562
34461,5976
34462,5306
34463,3298
34464,9459
34465,5699
34466,4481
34467,6194
34468,10506
34469,7064
34470,7845
34471,8758
34472,5726
34473,5098
34474,5176
34475,7183
34476,7604
34477,10744
34478,3744
34479,5517
34480,3073
34481,3998
34482,8042
34483,13284
34484,5596
34485,4458
34486,4330
34487,5508
34488,5123
34489,8634
34490,7308
34491,5369
34492,3514
34493,6979
34494,5291
34495,10648
34496,7962
34497,4334
34498,6384
34499,3552
34500,6442
34501,7251
34502,6451
34503,7479
34504,5690
34505,6543
34506,4029
34507,5664
34508,6314
34509,7382
34510,6300
34511,7309
34512,5114
34513,4054
34514,8615
34515,4207
34516,10444
34517,5362
34518,4028
34519,5788
34520,6003
34521,5837
34522,6743
34523,8881
34524,4288
34525,11551
34526,3879
34527,4020
34528,6415
34529,7278
34530,10394
34531,5957
34532,5986
34533,5209
34534,6126
34535,6394
34536,4452
34537,5804
34538,4566
34539,8949
34540,5815
34541,7863
34542,11381
34543,7701
34544,4695
34545,4324
34546,4936
34547,10580
34548,5170
34549,8931
34550,3648
34551,9372
34552,6252
34553,4974
34554,4469
34555,4363
34556,4935
34557,4742
34558,4925
34559,4560
34560,4052
34561,4232
34562,7431
34563,5972
34564,20930
34565,5855
34566,3819
34567,4163
34568,5977
34569,8037
34570,4049
34571,3991
34572,9245
34573,5294
34574,6467
34575,5581
34576,6389
34577,6008
34578,3680
34579,4894
34580,5183
34581,7297
34582,5587
34583,5946
34584,5697
34585,8394
34586,4198
34587,4023
34588,4403
34589,8131
34590,9033
34591,5113
34592,7822
34593,4034
34594,6665
34595,3661
34596,4526
34597,3632
34598,6707
34599,6860
34600,8944
34601,8457
34602,4874
34603,4422
34604,4100
34605,4051
34606,5037
34607,8530
34608,5281
34609,4415
34610,4009
34611,4005
34612,6200
34613,2948
34614,6322
34615,3323
34616,5608
34617,5052
34618,4405
34619,5867
34620,4313
34621,7064
34622,6774
34623,5870
34624,4700
34625,7433
34626,4115
34627,6113
34628,5180
34629,8347
34630,4130
34631,5294
34632,6960
34633,6705
34634,8012
34635,5592
34636,7284
34637,3737
34638,4093
34639,5034
34640,5407
34641,7822
34642,6457
34643,3033
34644,4788
34645,6580
34646,6497
34647,7500
34648,3401
34649,11258
34650,5568
34651,3718
34652,5515
34653,5476
34654,5845
34655,6992
34656,3754
34657,4923
34658,5182
34659,5929
34660,6000
34661,4661
34662,5619
34663,4342
34664,4648
34665,7154
34666,5999
34667,5393
34668,4110
34669,8993
34670,4650
34671,7454
34672,6700
34673,10707
34674,5393
34675,4641
34676,5292
34677,5868
34678,5032
34679,4318
34680,6713
34681,6233
34682,3343
34683,6161
34684,5149
34685,5783
34686,3963
34687,8501
34688,7187
34689,4336
34690,10174
34691,4262
34692,3790
34693,6857
34694,7856
34695,4725
34696,3790
34697,6067
34698,5361
34699,4351
34700,5130
34701,4445
34702,7299
34703,6622
34704,5806
34705,6689
34706,4653
34707,3974
34708,5201
34709,6561
34710,6548
34711,6435
34712,6373
34713,7871
34714,4842
34715,6882
34716,5731
34717,4469
34718,5164
34719,7894
34720,5483
34721,5709
34722,8699
34723,6876
34724,6304
34725,4682
34726,6382
34727,5987
34728,6244
34729,5754
34730,3684
34731,4740
34732,8292
34733,6752
34734,4962
34735,3472
34736,6834
34737,6388
34738,6519
34739,5628
34740,4822
34741,4304
34742,3371
34743,8004
34744,5961
34745,5296
34746,5279
34747,4452
34748,5231
34749,5269
34750,4814
34751,3315
34752,5587
34753,3756
34754,7265
34755,7121
34756,6037
34757,10268
34758,4167
34759,4192
34760,8927
34761,4279
34762,4993
34763,2352
34764,6822
34765,7110
34766,4121
34767,5737
34768,5947
34769,5335
34770,5147
34771,6806
34772,9116
34773,2316
34774,6696
34775,2550
34776,12008
34777,3849
34778,6909
34779,7228
34780,4808
34781,5561
34782,4070
34783,4862
34784,2982
34785,4234
34786,4938
34787,4242
34788,5556
34789,6181
34790,4450
34791,6199
34792,5397
34793,7010
34794,7213
34795,6282
34796,3951
34797,2863
34798,8747
34799,7892
34800,4451
34801,6480
34802,4279
34803,6412
34804,4058
34805,4256
34806,5283
34807,2911
34808,5526
34809,3829
34810,8580
34811,5721
34812,6803
34813,6717
34814,4333
34815,7108
34816,16952
34817,8168
34818,4226
34819,2368
34820,4901
34821,6838
34822,4376
34823,5350
34824,11788
34825,5546
34826,8902
34827,16362
34828,3710
34829,5023
34830,4658
34831,3919
34832,7069
34833,4127
34834,6793
34835,8381
34836,6815
34837,5263
34838,6260
34839,3981
34840,5311
34841,3400
34842,5219
34843,5918
34844,7534
34845,5220
34846,4591
34847,3824
34848,6532
34849,4348
34850,4665
34851,3241
34852,7270
34853,4422
34854,5182
34855,6087
34856,6690
34857,0
34858,5032
34859,5906
34860,5141
34861,6175
34862,5956
34863,6913
34864,9384
34865,6792
34866,4523
34867,3009
34868,5234
34869,5706
34870,5017
34871,4222
34872,2300
34873,7314
34874,5180
34875,7836
34876,6027
34877,4511
34878,5308
34879,4233
34880,3996
34881,7821
34882,4430
34883,5934
34884,6375
34885,12498
34886,4696
34887,4602
34888,6458
34889,4828
34890,5042
34891,4282
34892,6496
34893,4020
34894,5792
34895,3377
34896,5081
34897,3393
34898,8228
34899,4320
34900,12982
34901,11773
34902,4341
34903,5852
34904,4978
34905,5258
34906,4764
34907,10163
34908,6125
34909,7675
34910,3932
34911,6820
34912,4156
34913,8180
34914,7717
34915,5496
34916,5009
34917,5286
34918,6110
34919,6476
34920,7857
34921,5366
34922,6227
34923,7930
34924,5328
34925,5621
34926,4427
34927,8087
34928,6096
34929,4808
34930,4291
34931,5390
34932,3963
34933,7331
34934,5234
34935,5970
34936,5198
34937,7309
34938,3955
34939,6394
34940,7631
34941,6265
34942,7363
34943,6137
34944,3515
34945,11682
34946,8469
34947,5871
34948,14960
34949,8853
34950,5354
34951,5227
34952,7422
34953,8732
34954,9762
34955,9165
34956,4675
34957,6307
34958,4509
34959,6986
34960,3524
34961,9351
34962,5129
34963,4089
34964,5285
34965,7626
34966,6745
34967,4785
34968,6612
34969,4731
34970,3544
34971,5921
34972,3542
34973,4024
34974,5313
34975,4967
34976,7734
34977,7723
34978,6266
34979,5596
34980,5468
34981,9322
34982,5885
34983,4313
34984,4433
34985,4296
34986,7935
34987,3670
34988,9641
34989,6083
34990,2852
34991,4169
34992,5734
34993,5291
34994,4338
34995,7326
34996,8046
34997,10728
34998,5426
34999,8819
35000,2770
35001,4694
35002,5990
35003,4316
35004,5771
35005,4868
35006,5231
35007,3184
35008,4234
35009,10212
35010,7551
35011,3959
35012,4645
35013,7375
35014,9558
35015,6898
35016,5007
35017,3930
35018,11851
35019,5176
35020,6289
35021,5098
35022,4480
35023,6044
35024,7303
35025,3155
35026,3626
35027,4427
35028,5356
35029,8747
35030,6496
35031,6493
35032,12095
35033,4198
35034,8786
35035,9739
35036,5679
35037,3988
35038,2881
35039,6606
35040,5470
35041,5079
35042,5031
35043,5543
35044,10169
35045,4171
35046,4640
35047,5998
35048,4977
35049,5671
35050,4354
35051,3564
35052,5353
35053,2896
35054,6138
35055,7448
35056,5573
35057,6781
35058,6987
35059,6612
35060,4146
35061,6086
35062,8390
35063,6455
35064,4845
35065,5342
35066,4131
35067,8815
35068,4561
35069,5574
35070,4819
35071,5849
35072,6681
35073,5736
35074,5512
35075,7367
35076,5123
35077,5663
35078,15476
35079,5365
35080,7039
35081,5076
35082,5564
35083,4622
35084,4158
35085,3998
35086,4147
35087,7294
35088,12004
35089,7329
35090,7845
35091,9160
35092,9365
35093,8539
35094,6273
35095,7874
35096,4278
35097,9743
35098,9554
35099,5826
35100,7386
35101,6977
35102,5191
35103,3528
35104,9946
35105,5735
35106,5599
35107,5603
35108,2118
35109,11510
35110,8887
35111,12871
35112,5175
35113,4082
35114,4025
35115,5209
35116,5525
35117,6220
35118,5790
35119,5070
35120,3781
35121,6051
35122,3225
35123,2541
35124,5168
35125,11661
35126,5827
35127,15882
35128,4149
35129,4860
35130,5564
35131,4478
35132,3993
35133,4218
35134,4318
35135,3451
35136,6877
35137,5279
35138,3272
35139,7543
35140,4369
35141,5197
35142,3815
35143,9519
35144,6154
35145,8807
35146,4448
35147,6176
35148,3498
35149,4377
35150,3735
35151,13183
35152,8966
35153,5236
35154,4307
35155,4052
35156,5087
35157,3848
35158,8496
35159,4031
35160,12741
35161,4033
35162,4883
35163,5062
35164,7624
35165,5378
35166,3935
35167,5903
35168,6437
35169,5799
35170,5859
35171,4788
35172,3012
35173,8538
35174,4204
35175,3541
35176,5381
35177,4989
35178,5313
35179,5738
35180,8088
35181,7251
35182,5735
35183,6325
35184,3790
35185,7550
35186,4897
35187,3761
35188,6146
35189,5931
35190,5460
35191,7131
35192,5250
35193,5275
35194,5203
35195,5643
35196,4689
35197,5993
35198,6033
35199,5831
35200,5113
35201,4495
35202,7748
35203,5237
35204,3805
35205,9497
35206,4440
35207,2907
35208,6149
35209,7451
35210,8553
35211,4749
35212,4500
35213,4975
35214,3016
35215,5473
35216,6461
35217,5353
35218,4937
35219,5853
35220,6429
35221,3008
35222,4636
35223,4768
35224,4816
35225,4255
35226,6091
35227,6344
35228,5557
35229,3960
35230,7332
35231,4878
35232,6474
35233,7262
35234,3969
35235,5861
35236,6033
35237,7174
35238,6609
35239,6912
35240,3000
35241,8083
35242,5525
35243,6020
35244,8312
35245,4194
35246,3713
35247,10321
35248,6663
35249,6838
35250,4990
35251,5558
35252,7481
35253,2948
35254,5887
35255,4897
35256,6057
35257,5499
35258,4560
35259,7006
35260,4445
35261,7313
35262,8580
35263,14146
35264,6790
35265,4038
35266,4380
35267,3388
35268,2732
35269,9595
35270,6714
35271,4502
35272,7791
35273,4486
35274,9398
35275,3662
35276,4879
35277,5285
35278,7447
35279,4347
35280,5390
35281,4716
35282,3951
35283,6865
35284,4380
35285,5588
35286,6166
35287,8208
35288,6575
35289,6219
35290,4712
35291,9359
35292,4151
35293,4456
35294,9024
35295,5757
35296,7560
35297,9046
35298,13792
35299,4639
35300,3989
35301,4041
35302,5224
35303,7142
35304,8469
35305,5614
35306,6956
35307,6108
35308,3180
35309,6489
35310,6090
35311,5491
35312,6449
35313,4212
35314,4227
35315,3988
35316,3382
35317,3972
35318,6592
35319,6098
35320,9468
35321,14586
35322,6047
35323,4400
35324,5705
35325,6896
35326,7635
35327,3383
35328,4826
35329,3714
35330,8195
35331,5512
35332,5248
35333,10211
35334,10888
35335,3949
35336,6083
35337,3161
35338,4851
35339,4774
35340,7324
35341,3925
35342,3694
35343,4855
35344,6509
35345,6090
35346,4036
35347,4919
35348,5912
35349,5635
35350,5262
35351,3188
35352,8636
35353,15640
35354,3824
35355,6165
35356,7382
35357,5451
35358,3310
35359,3150
35360,3122
35361,6539
35362,4261
35363,6462
35364,7786
35365,3407
35366,4490
35367,4918
35368,4798
35369,4174
35370,4489
35371,5185
35372,8818
35373,6643
35374,7318
35375,4763
35376,3638
35377,5577
35378,5497
35379,6991
35380,5244
35381,3904
35382,19839
35383,5444
35384,4793
35385,10459
35386,5741
35387,5402
35388,5083
35389,6295
35390,4239
35391,7712
35392,12835
35393,4281
35394,4709
35395,5455
35396,11113
35397,5328
35398,4294
35399,5044
35400,4420
35401,5486
35402,3754
35403,7233
35404,3272
35405,6670
35406,2288
35407,17108
35408,6983
35409,3369
35410,3964
35411,8021
35412,5154
35413,5611
35414,6909
35415,4728
35416,4320
35417,4084
35418,8592
35419,4763
35420,5169
35421,5726
35422,6635
35423,4927
35424,6773
35425,4918
35426,3620
35427,7211
35428,8649
35429,4116
35430,5876
35431,5630
35432,4454
35433,8233
35434,4966
35435,6344
35436,5630
35437,6441
35438,3453
35439,4043
35440,4061
35441,0
35442,5790
35443,6831
35444,3250
35445,7198
35446,3279
35447,5277
35448,4112
35449,5166
35450,5447
35451,6167
35452,5781
35453,6787
35454,3228
35455,4983
35456,6060
35457,6089
35458,5850
35459,6375
35460,8773
35461,5852
35462,2579
35463,5901
35464,4485
35465,5725
35466,5756
35467,3772
35468,9763
35469,4219
35470,5671
35471,9206
35472,6096
35473,3222
35474,13866
35475,4647
35476,8163
35477,4657
35478,6939
35479,8270
35480,4969
35481,4920
35482,5730
35483,4451
35484,4948
35485,5416
35486,8650
35487,5960
35488,4890
35489,3919
35490,6063
35491,5649
35492,5365
35493,5452
35494,5068
35495,5552
35496,4764
35497,6815
35498,6644
35499,5687
35500,4808
35501,5574
35502,6707
35503,8627
35504,4335
35505,6711
35506,4721
35507,5082
35508,6044
35509,5990
35510,3857
35511,3811
35512,6457
35513,7360
35514,4191
35515,5046
35516,6389
35517,5187
35518,4815
35519,4959
35520,3783
35521,2872
35522,6648
35523,3641
35524,6263
35525,5625
35526,5236
35527,5439
35528,10085
35529,7410
35530,6479
35531,4396
35532,6717
35533,6628
35534,3438
35535,3089
35536,7260
35537,2802
35538,6162
35539,11595
35540,6332
35541,5754
35542,3764
35543,6080
35544,5000
35545,5375
35546,5836
35547,6953
35548,6755
35549,4751
35550,6632
35551,4087
35552,5649
35553,4349
35554,4862
35555,4642
35556,4515
35557,4596
35558,6254
35559,3789
35560,7881
35561,5644
35562,3479
35563,3973
35564,7052
35565,6360
35566,4869
35567,5261
35568,5741
35569,4164
35570,5552
35571,5359
35572,5225
35573,4349
35574,4532
35575,6484
35576,5443
35577,4814
35578,3118
35579,9378
35580,5329
35581,4093
35582,5917
35583,9514
35584,6453
35585,7301
35586,7931
35587,5767
35588,4525
35589,4557
35590,6793
35591,7675
35592,10188
35593,3986
35594,5281
35595,2985
35596,3736
35597,8124
35598,12325
35599,5824
35600,4254
35601,4095
35602,5274
35603,4676
35604,8336
35605,7032
35606,5243
35607,3486
35608,6521
35609,5036
35610,9624
35611,7128
35612,4078
35613,5939
35614,3426
35615,5744
35616,6768
35617,6052
35618,7073
35619,5261
35620,6059
35621,3738
35622,5034
35623,6392
35624,6927
35625,5857
35626,6782
35627,4892
35628,3655
35629,8316
35630,3937
35631,9905
35632,5265
35633,3725
35634,5688
35635,5662
35636,5428
35637,6367
35638,8369
35639,3884
35640,10430
35641,3540
35642,3928
35643,6051
35644,6841
35645,9219
35646,5794
35647,5984
35648,4916
35649,5714
35650,5794
35651,4275
35652,5602
35653,4459
35654,8378
35655,5949
35656,6842
35657,10976
35658,6979
35659,4215
35660,4246
35661,4828
35662,9658
35663,4704
35664,8384
35665,3917
35666,8041
35667,5772
35668,4875
35669,4073
35670,3932
35671,4398
35672,4673
35673,4870
35674,4311
35675,3875
35676,3967
35677,6609
35678,5399
35679,19551
35680,5350
35681,3725
35682,4774
35683,5735
35684,7570
35685,4253
35686,3974
35687,8341
35688,4879
35689,5897
35690,5277
35691,6709
35692,5995
35693,3617
35694,4602
35695,5242
35696,7171
35697,5235
35698,5932
35699,5357
35700,8152
35701,3923
35702,3980
35703,4447
35704,7867
35705,8297
35706,4892
35707,7378
35708,3808
35709,6278
35710,3146
35711,4516
35712,3598
35713,6256
35714,6424
35715,8592
35716,8167
35717,4887
35718,4200
35719,4157
35720,3811
35721,5070
35722,8595
35723,5150
35724,4312
35725,4240
35726,3952
35727,6305
35728,2737
35729,6345
35730,3232
35731,5871
35732,5064
35733,4402
35734,6118
35735,4208
35736,6958
35737,6550
35738,5725
35739,4457
35740,7498
35741,4273
35742,5495
35743,5035
35744,8083
35745,3943
35746,5229
35747,6795
35748,6890
35749,7816
35750,5387
35751,6931
35752,3440
35753,3633
35754,4945
35755,5202
35756,7481
35757,5962
35758,3082
35759,4594
35760,6302
35761,6339
35762,7431
35763,3313
35764,11291
35765,5417
35766,3600
35767,5356
35768,5121
35769,5685
35770,6748
35771,3656
35772,4626
35773,4988
35774,5932
35775,5564
35776,4435
35777,5397
35778,4180
35779,4648
35780,7206
35781,5808
35782,4945
35783,3875
35784,8707
35785,4552
35786,7456
35787,6530
35788,10616
35789,5046
35790,4324
35791,5357
35792,5771
35793,4971
35794,4300
35795,6614
35796,5900
35797,3186
35798,5889
35799,4864
35800,5678
35801,3780
35802,8619
35803,7217
35804,3999
35805,9583
35806,4062
35807,3817
35808,6703
35809,7372
35810,4629
35811,3593
35812,6085
35813,4963
35814,4127
35815,5147
35816,4340
35817,7188
35818,6246
35819,5647
35820,6647
35821,4495
35822,3770
35823,4987
35824,6643
35825,6270
35826,6281
35827,6213
35828,7306
35829,4806
35830,6823
35831,5458
35832,4509
35833,5078
35834,7517
35835,5594
35836,5427
35837,8221
35838,7009
35839,5879
35840,4560
35841,5953
35842,5849
35843,5881
35844,5536
35845,3549
35846,4536
35847,8058
35848,6655
35849,4801
35850,3275
35851,6496
35852,6183
35853,6200
35854,5422
35855,4537
35856,4075
35857,3251
35858,7731
35859,5593
35860,5297
35861,5223
35862,4437
35863,5177
35864,5008
35865,4894
35866,3280
35867,4912
35868,3894
35869,7050
35870,6847
35871,5878
35872,9944
35873,4518
35874,4203
35875,8363
35876,4195
35877,4931
35878,1950
35879,6654
35880,6718
35881,4024
35882,5652
35883,6579
35884,5110
35885,4844
35886,6320
35887,8984
35888,2125
35889,6317
35890,2472
35891,11241
35892,4057
35893,6700
35894,7122
35895,4720
35896,5358
35897,3759
35898,4566
35899,2785
35900,3860
35901,4758
35902,4084
35903,5459
35904,6150
35905,4168
35906,5897
35907,5214
35908,6840
35909,7232
35910,6345
35911,3949
35912,2893
35913,8472
35914,7890
35915,4366
35916,6310
35917,4167
35918,5991
35919,3849
35920,4127
35921,5270
35922,2974
35923,5466
35924,3768
35925,8415
35926,5461
35927,6787
35928,6648
35929,4074
35930,6971
35931,15967
35932,7928
35933,3895
35934,2485
35935,4886
35936,6411
35937,4088
35938,5230
35939,11715
35940,5416
35941,8434
35942,15930
35943,3624
35944,4870
35945,4523
35946,3681
35947,6584
35948,4517
35949,6414
35950,7995
35951,6302
35952,4973
35953,6006
35954,3899
35955,5307
35956,3182
35957,5031
35958,5788
35959,7531
35960,5206
35961,4537
35962,3560
35963,6401
35964,4148
35965,4556
35966,3033
35967,7070
35968,4454
35969,5162
35970,5727
35971,6352
35972,0
35973,4739
35974,5273
35975,5270
35976,5919
35977,5825
35978,6948
35979,8610
35980,6266
35981,4367
35982,2985
35983,5141
35984,5330
35985,4943
35986,4110
35987,1946
35988,6886
35989,4966
35990,7774
35991,5724
35992,4430
35993,4896
35994,4050
35995,3944
35996,7183
35997,4475
35998,5971
35999,6294
36000,11452
36001,4621
36002,4083
36003,6335
36004,4198
36005,4632
36006,4334
36007,6198
36008,3827
36009,5753
36010,3241
36011,4853
36012,3180
36013,7942
36014,4205
36015,12815
36016,11439
36017,4237
36018,5567
36019,4586
36020,5182
36021,4420
36022,9831
36023,5940
36024,7109
36025,3728
36026,6675
36027,4300
36028,7817
36029,7439
36030,5487
36031,4719
36032,5223
36033,6010
36034,6224
36035,7583
36036,5316
36037,5928
36038,7936
36039,5241
36040,5418
36041,4447
36042,7755
36043,5815
36044,4452
36045,4237
36046,4833
36047,3832
36048,7372
36049,5091
36050,5827
36051,5193
36052,6948
36053,3813
36054,6047
36055,7118
36056,5870
36057,6323
36058,5639
36059,3451
36060,11916
36061,7967
36062,5801
36063,14489
36064,7687
36065,5503
36066,5040
36067,7062
36068,8149
36069,9028
36070,8912
36071,4284
36072,5949
36073,4295
36074,6731
36075,3369
36076,8532
36077,4995
36078,4013
36079,5160
36080,7349
36081,6456
36082,4574
36083,6477
36084,4816
36085,3328
36086,5768
36087,3461
36088,4095
36089,4645
36090,5383
36091,8047
36092,7440
36093,6165
36094,5528
36095,5163
36096,8933
36097,5567
36098,4122
36099,4141
36100,4258
36101,7565
36102,3531
36103,9391
36104,6062
36105,2776
36106,4092
36107,5646
36108,5349
36109,4346
36110,7359
36111,7475
36112,10604
36113,5033
36114,8950
36115,2632
36116,4220
36117,5806
36118,4178
36119,5411
36120,4718
36121,5140
36122,3285
36123,4028
36124,10236
36125,7332
36126,3675
36127,4391
36128,7147
36129,9366
36130,6812
36131,4792
36132,3681
36133,11916
36134,5348
36135,6739
36136,4724
36137,4386
36138,5953
36139,6893
36140,2922
36141,3794
36142,4038
36143,5064
36144,8729
36145,6436
36146,6222
36147,10943
36148,4057
36149,8433
36150,9565
36151,5561
36152,3778
36153,2660
36154,6608
36155,5021
36156,5063
36157,4958
36158,5222
36159,9492
36160,4050
36161,4454
36162,5721
36163,3901
36164,5824
36165,4399
36166,3362
36167,5462
36168,2758
36169,5787
36170,7191
36171,5417
36172,6331
36173,6411
36174,6561
36175,4235
36176,5799
36177,7921
36178,6171
36179,4892
36180,5479
36181,4623
36182,8629
36183,4751
36184,5317
36185,4544
36186,5731
36187,6624
36188,5441
36189,5318
36190,7111
36191,4990
36192,5640
36193,14087
36194,5066
36195,6915
36196,4596
36197,5390
36198,4685
36199,4021
36200,3945
36201,4101
36202,7212
36203,11572
36204,7265
36205,7455
36206,8265
36207,8932
36208,8276
36209,5943
36210,7643
36211,3958
36212,9262
36213,8950
36214,5882
36215,6910
36216,6323
36217,5238
36218,3320
36219,9585
36220,5665
36221,5199
36222,5300
36223,2115
36224,10608
36225,8687
36226,12186
36227,5118
36228,4099
36229,3732
36230,5311
36231,5035
36232,6193
36233,5763
36234,4672
36235,3839
36236,5596
36237,3337
36238,2383
36239,4883
36240,11306
36241,5752
36242,15750
36243,3917
36244,4737
36245,5420
36246,4076
36247,3811
36248,4126
36249,4075
36250,3259
36251,6523
36252,5231
36253,3285
36254,7410
36255,4151
36256,5077
36257,3649
36258,9298
36259,5960
36260,8537
36261,4184
36262,5875
36263,3437
36264,4149
36265,3612
36266,13563
36267,8894
36268,5103
36269,4104
36270,3991
36271,5019
36272,3667
36273,7920
36274,3734
36275,12245
36276,3896
36277,4518
36278,4848
36279,7144
36280,5458
36281,3931
36282,5658
36283,6209
36284,5649
36285,5594
36286,4643
36287,2934
36288,7732
36289,4049
36290,3327
36291,5179
36292,4861
36293,5081
36294,5528
36295,7764
36296,6550
36297,5514
36298,6099
36299,3712
36300,7409
36301,4548
36302,3735
36303,5711
36304,5867
36305,5103
36306,7032
36307,5281
36308,5098
36309,5251
36310,5238
36311,4566
36312,5829
36313,5953
36314,5636
36315,4615
36316,4497
36317,7555
36318,5358
36319,3713
36320,9025
36321,4218
36322,2900
36323,5780
36324,7407
36325,8031
36326,4556
36327,4207
36328,4864
36329,3040
36330,5295
36331,6182
36332,5326
36333,4423
36334,5444
36335,6275
36336,2870
36337,4372
36338,4685
36339,4704
36340,4150
36341,6102
36342,6355
36343,5453
36344,3938
36345,7133
36346,4894
36347,6198
36348,7050
36349,4092
36350,5584
36351,5851
36352,7005
36353,6494
36354,6980
36355,2800
36356,7984
36357,5442
36358,5797
36359,8243
36360,4039
36361,3533
36362,9857
36363,6340
36364,6679
36365,4741
36366,5094
36367,7082
36368,2846
36369,5645
36370,4653
36371,5801
36372,5008
36373,4319
36374,6860
36375,4252
36376,7346
36377,8384
36378,13519
36379,6280
36380,3873
36381,4286
36382,3328
36383,2585
36384,8909
36385,6315
36386,4477
36387,7078
36388,4414
36389,8902
36390,3666
36391,4836
36392,4993
36393,7766
36394,4415
36395,5477
36396,4608
36397,3758
36398,6380
36399,4163
36400,5716
36401,5940
36402,8217
36403,6485
36404,5881
36405,4568
36406,9050
36407,3985
36408,4356
36409,8316
36410,5607
36411,7311
36412,8804
36413,13402
36414,4219
36415,4055
36416,4055
36417,4788
36418,6949
36419,8532
36420,5680
36421,6589
36422,5887
36423,3128
36424,6363
36425,6207
36426,5465
36427,6169
36428,4112
36429,3914
36430,4013
36431,3198
36432,3869
36433,6334
36434,5667
36435,8825
36436,13758
36437,5997
36438,4345
36439,5803
36440,6765
36441,7522
36442,3232
36443,4954
36444,3573
36445,7614
36446,5590
36447,4823
36448,9895
36449,10822
36450,3957
36451,5837
36452,3099
36453,4963
36454,4650
36455,7265
36456,3820
36457,3710
36458,4614
36459,5941
36460,5203
36461,3800
36462,4742
36463,5562
36464,5122
36465,5150
36466,2930
36467,8477
36468,15093
36469,3630
36470,6069
36471,6727
36472,5412
36473,3234
36474,3002
36475,3174
36476,6160
36477,4196
36478,6051
36479,7279
36480,3366
36481,4324
36482,4728
36483,4741
36484,4151
36485,4536
36486,5318
36487,8641
36488,6259
36489,7350
36490,4801
36491,3357
36492,5252
36493,5268
36494,6263
36495,5114
36496,3649
36497,18682
36498,5228
36499,4643
36500,10401
36501,5430
36502,5219
36503,4942
36504,6096
36505,4152
36506,7342
36507,12492
36508,4078
36509,4499
36510,5527
36511,10274
36512,5116
36513,4092
36514,4833
36515,4211
36516,5239
36517,3596
36518,7204
36519,3223
36520,6445
36521,2265
36522,16518
36523,6778
36524,3533
36525,4003
36526,7123
36527,4866
36528,5625
36529,6832
36530,4649
36531,4500
36532,3794
36533,8146
36534,4657
36535,4959
36536,5562
36537,6624
36538,4688
36539,6514
36540,4514
36541,3489
36542,6775
36543,7816
36544,3978
36545,5734
36546,5526
36547,4396
36548,8127
36549,4470
36550,6037
36551,5469
36552,6181
36553,3336
36554,4032
36555,3962
36556,0
36557,6191
36558,6642
36559,3261
36560,6981
36561,3317
36562,5110
36563,3840
36564,5076
36565,5329
36566,5612
36567,5644
36568,6560
36569,3246
36570,4982
36571,5750
36572,5924
36573,5865
36574,6607
36575,8532
36576,5710
36577,2622
36578,5398
36579,4086
36580,5403
36581,5498
36582,3702
36583,9688
36584,4184
36585,5373
36586,8764
36587,5431
36588,3261
36589,11650
36590,4546
36591,8096
36592,4554
36593,6526
36594,7177
36595,4995
36596,4426
36597,5331
36598,4265
36599,4621
36600,5279
36601,8180
36602,5852
36603,4747
36604,3683
36605,5603
36606,5402
36607,5001
36608,5508
36609,4847
36610,5247
36611,4618
36612,6474
36613,6773
36614,5413
36615,4587
36616,5435
36617,6439
36618,8059
36619,4373
36620,6383
36621,4459
36622,4992
36623,6272
36624,5698
36625,3772
36626,3597
36627,7312
36628,7221
36629,4042
36630,4786
36631,6078
36632,5123
36633,4409
36634,5258
36635,3759
36636,2675
36637,6320
36638,3511
36639,6119
36640,5591
36641,4845
36642,4687
36643,8550
36644,7471
36645,6857
36646,4105
36647,6422
36648,6129
36649,3509
36650,2870
36651,6549
36652,2729
36653,5921
36654,11297
36655,6203
36656,5605
36657,3456
36658,5775
36659,4827
36660,5130
36661,5502
36662,6662
36663,6605
36664,4577
36665,6618
36666,3853
36667,5339
36668,4131
36669,4664
36670,4525
36671,4311
36672,4484
36673,5955
36674,3618
36675,7570
36676,5350
36677,3653
36678,3942
36679,6863
36680,6232
36681,4512
36682,5041
36683,5067
36684,4219
36685,5212
36686,5178
36687,5279
36688,4222
36689,4408
36690,6954
36691,5473
36692,4795
36693,2993
36694,8206
36695,5263
36696,3800
36697,5583
36698,9393
36699,6281
36700,7314
36701,7626
36702,5376
36703,4552
36704,4423
36705,6547
36706,6934
36707,10343
36708,3666
36709,4841
36710,2831
36711,3507
36712,7397
36713,11310
36714,5213
36715,3757
36716,4000
36717,5003
36718,4751
36719,8524
36720,6678
36721,5177
36722,3244
36723,6287
36724,4866
36725,9317
36726,7505
36727,3968
36728,5659
36729,3322
36730,5903
36731,6661
36732,5704
36733,6992
36734,5053
36735,5877
36736,3748
36737,4915
36738,5803
36739,6704
36740,5724
36741,6685
36742,4727
36743,3500
36744,7851
36745,3943
36746,9066
36747,5175
36748,3740
36749,6657
36750,5574
36751,4954
36752,6411
36753,8122
36754,3793
36755,9896
36756,3312
36757,3610
36758,5722
36759,6666
36760,9215
36761,5559
36762,5296
36763,4992
36764,5382
36765,5709
36766,4120
36767,5216
36768,4114
36769,7956
36770,6035
36771,6682
36772,10584
36773,7131
36774,4099
36775,4099
36776,4622
36777,9588
36778,4551
36779,8179
36780,3710
36781,7531
36782,5587
36783,4520
36784,3930
36785,3757
36786,4130
36787,4563
36788,4579
36789,4073
36790,3586
36791,3660
36792,6587
36793,5401
36794,18886
36795,5426
36796,3575
36797,3818
36798,5558
36799,7520
36800,3833
36801,3804
36802,8240
36803,5492
36804,6017
36805,5022
36806,6166
36807,5639
36808,3736
36809,4579
36810,5290
36811,7043
36812,4993
36813,5601
36814,5307
36815,8515
36816,3817
36817,3844
36818,4311
36819,7508
36820,8581
36821,5200
36822,6931
36823,4087
36824,6171
36825,3375
36826,4459
36827,3300
36828,6167
36829,6303
36830,8386
36831,7871
36832,5104
36833,3968
36834,3644
36835,3952
36836,4895
36837,7742
36838,4920
36839,4007
36840,4376
36841,3914
36842,5897
36843,2685
36844,6043
36845,3356
36846,5913
36847,5248
36848,4359
36849,6023
36850,4100
36851,7092
36852,6508
36853,5618
36854,4388
36855,7116
36856,3733
36857,5397
36858,5345
36859,8497
36860,4262
36861,5366
36862,6652
36863,6518
36864,7667
36865,5269
36866,6860
36867,3512
36868,3669
36869,4878
36870,5433
36871,7524
36872,6184
36873,3042
36874,4432
36875,6666
36876,5792
36877,7653
36878,3208
36879,10385
36880,5449
36881,3555
36882,5052
36883,5071
36884,5498
36885,6555
36886,3593
36887,4742
36888,4966
36889,5922
36890,5506
36891,4334
36892,5614
36893,4486
36894,4469
36895,6989
36896,5750
36897,4939
36898,3762
36899,8327
36900,4294
36901,6948
36902,6241
36903,10402
36904,4942
36905,4271
36906,5484
36907,5464
36908,4717
36909,4148
36910,6455
36911,5785
36912,3181
36913,6112
36914,4662
36915,5701
36916,3683
36917,7999
36918,6892
36919,3675
36920,9419
36921,4115
36922,3704
36923,6543
36924,7527
36925,4470
36926,3592
36927,5985
36928,4958
36929,4054
36930,5270
36931,4414
36932,6845
36933,6651
36934,5438
36935,6414
36936,4397
36937,3664
36938,4796
36939,6911
36940,6039
36941,6411
36942,5958
36943,7041
36944,4504
36945,6991
36946,5370
36947,4078
36948,4919
36949,7859
36950,5261
36951,5915
36952,7772
36953,6628
36954,5937
36955,4702
36956,5733
36957,5988
36958,5760
36959,5287
36960,3386
36961,4526
36962,7610
36963,6360
36964,4959
36965,3383
36966,6414
36967,5948
36968,6140
36969,5453
36970,4180
36971,4112
36972,3158
36973,8109
36974,5459
36975,5145
36976,5183
36977,4404
36978,5028
36979,5003
36980,5100
36981,3254
36982,5042
36983,3708
36984,7007
36985,6590
36986,5651
36987,9796
36988,3930
36989,4225
36990,7902
36991,4050
36992,4594
36993,2006
36994,6657
36995,6417
36996,4543
36997,5630
36998,5523
36999,5211
37000,4646
37001,6625
37002,8448
37003,2143
37004,6928
37005,2542
37006,11064
37007,3587
37008,6448
37009,6756
37010,4729
37011,5242
37012,3671
37013,4598
37014,2721
37015,3857
37016,5046
37017,3918
37018,5089
37019,6025
37020,4615
37021,5703
37022,4862
37023,6774
37024,7364
37025,6059
37026,3799
37027,3180
37028,8353
37029,7315
37030,4426
37031,5800
37032,4075
37033,5794
37034,3914
37035,3685
37036,5053
37037,3160
37038,5256
37039,3604
37040,8188
37041,5339
37042,6765
37043,6572
37044,4466
37045,6811
37046,15732
37047,7954
37048,3778
37049,2334
37050,4885
37051,6568
37052,4041
37053,5172
37054,12355
37055,5266
37056,9008
37057,17262
37058,3589
37059,4693
37060,4377
37061,3795
37062,8393
37063,3752
37064,6202
37065,7708
37066,6139
37067,5074
37068,5893
37069,4348
37070,4965
37071,3096
37072,4874
37073,5765
37074,7098
37075,5493
37076,4775
37077,3580
37078,6352
37079,3979
37080,4414
37081,3168
37082,6666
37083,4575
37084,5252
37085,5414
37086,6424
37087,0
37088,4778
37089,5201
37090,4904
37091,5889
37092,5661
37093,7094
37094,8829
37095,6431
37096,4467
37097,2965
37098,4953
37099,5256
37100,5094
37101,4099
37102,2374
37103,6776
37104,5225
37105,7600
37106,5559
37107,4682
37108,5306
37109,4191
37110,3986
37111,7439
37112,4291
37113,6241
37114,6126
37115,11518
37116,4914
37117,4578
37118,6441
37119,4302
37120,5919
37121,4620
37122,6239
37123,3707
37124,5637
37125,3230
37126,4907
37127,3113
37128,7818
37129,4242
37130,11649
37131,11067
37132,4603
37133,5448
37134,4477
37135,5126
37136,4265
37137,9681
37138,6123
37139,7144
37140,3648
37141,6536
37142,4358
37143,7527
37144,6888
37145,5629
37146,4671
37147,5397
37148,6097
37149,6053
37150,7938
37151,5071
37152,6021
37153,7378
37154,5369
37155,5261
37156,4767
37157,7621
37158,5751
37159,4529
37160,4022
37161,5083
37162,3763
37163,7113
37164,5252
37165,6168
37166,5045
37167,6938
37168,3880
37169,5844
37170,7189
37171,5771
37172,6877
37173,5829
37174,3491
37175,10942
37176,7896
37177,6246
37178,14931
37179,8211
37180,5239
37181,5015
37182,7128
37183,8260
37184,8670
37185,8187
37186,4176
37187,5855
37188,4309
37189,6904
37190,3409
37191,9289
37192,4901
37193,3860
37194,5003
37195,7142
37196,6281
37197,4484
37198,6236
37199,4513
37200,3436
37201,5867
37202,3581
37203,3845
37204,4988
37205,4787
37206,7853
37207,7163
37208,6048
37209,5593
37210,5261
37211,9068
37212,5583
37213,4110
37214,3965
37215,4129
37216,7595
37217,3394
37218,9458
37219,5510
37220,2928
37221,3670
37222,5645
37223,5354
37224,4322
37225,7086
37226,8016
37227,10054
37228,4878
37229,8835
37230,2549
37231,4367
37232,5707
37233,4113
37234,5184
37235,4532
37236,4994
37237,3283
37238,4235
37239,9630
37240,7052
37241,3647
37242,4123
37243,6917
37244,9042
37245,8076
37246,4816
37247,3846
37248,10395
37249,4904
37250,6340
37251,4619
37252,4473
37253,5683
37254,7134
37255,3171
37256,3395
37257,4208
37258,4757
37259,8085
37260,6322
37261,6008
37262,11101
37263,4216
37264,7863
37265,9239
37266,5502
37267,3878
37268,2788
37269,6175
37270,4830
37271,4880
37272,5072
37273,5197
37274,9582
37275,3907
37276,4667
37277,5668
37278,4540
37279,5796
37280,4203
37281,3517
37282,5710
37283,2621
37284,6045
37285,7030
37286,5235
37287,6210
37288,6516
37289,6376
37290,4282
37291,5790
37292,7633
37293,5865
37294,4447
37295,5059
37296,3960
37297,8392
37298,5538
37299,5268
37300,4300
37301,5452
37302,6677
37303,5415
37304,5035
37305,6807
37306,4789
37307,5846
37308,13939
37309,4983
37310,7031
37311,4994
37312,5335
37313,4423
37314,4012
37315,3760
37316,4255
37317,7237
37318,10878
37319,7249
37320,7400
37321,8631
37322,8842
37323,8201
37324,6391
37325,7959
37326,3978
37327,8906
37328,8994
37329,5737
37330,6960
37331,6207
37332,5106
37333,3130
37334,9445
37335,5455
37336,5039
37337,5276
37338,2081
37339,10399
37340,8570
37341,12086
37342,5228
37343,3990
37344,3608
37345,5050
37346,4978
37347,6010
37348,5709
37349,4420
37350,3715
37351,5687
37352,2950
37353,2431
37354,5067
37355,10875
37356,5550
37357,15619
37358,3911
37359,4984
37360,5162
37361,4143
37362,3784
37363,4165
37364,3913
37365,3267
37366,6506
37367,5256
37368,3118
37369,7430
37370,4064
37371,5045
37372,3682
37373,9056
37374,5760
37375,8594
37376,4161
37377,5888
37378,3420
37379,4235
37380,3639
37381,11978
37382,8547
37383,5358
37384,4014
37385,4053
37386,4860
37387,4186
37388,9504
37389,3746
37390,11422
37391,3825
37392,4427
37393,4711
37394,6990
37395,5509
37396,3803
37397,5636
37398,6029
37399,5731
37400,5726
37401,4500
37402,2961
37403,7861
37404,3931
37405,3335
37406,5054
37407,5065
37408,4912
37409,5336
37410,7658
37411,6768
37412,5450
37413,6251
37414,3444
37415,7158
37416,4372
37417,3648
37418,5752
37419,6046
37420,5238
37421,7289
37422,5070
37423,4933
37424,5384
37425,5436
37426,4498
37427,5594
37428,5991
37429,5739
37430,4859
37431,4337
37432,7662
37433,5371
37434,3612
37435,9067
37436,4366
37437,2723
37438,5835
37439,7246
37440,7811
37441,4399
37442,4394
37443,4740
37444,3096
37445,5083
37446,5845
37447,5543
37448,4565
37449,5401
37450,6218
37451,2861
37452,4077
37453,4761
37454,4635
37455,4059
37456,5762
37457,5860
37458,5157
37459,3814
37460,6972
37461,4909
37462,6388
37463,6716
37464,4054
37465,5453
37466,5612
37467,6913
37468,6675
37469,6486
37470,4034
37471,8404
37472,5637
37473,5752
37474,7482
37475,3914
37476,3465
37477,9595
37478,6205
37479,6384
37480,4713
37481,5422
37482,6887
37483,3020
37484,5778
37485,4435
37486,6029
37487,5038
37488,4638
37489,6550
37490,4418
37491,6681
37492,8466
37493,13006
37494,6261
37495,4009
37496,4218
37497,3322
37498,2667
37499,8788
37500,6223
37501,4456
37502,6813
37503,4566
37504,8523
37505,3626
37506,4954
37507,4981
37508,7008
37509,4112
37510,5046
37511,4502
37512,3572
37513,6286
37514,4261
37515,5290
37516,6023
37517,7959
37518,6635
37519,5998
37520,4832
37521,8933
37522,3881
37523,4400
37524,8033
37525,5384
37526,7354
37527,8577
37528,13455
37529,4267
37530,3967
37531,4069
37532,4722
37533,6992
37534,8184
37535,5630
37536,6595
37537,5981
37538,3149
37539,6127
37540,6001
37541,5496
37542,6598
37543,4223
37544,3983
37545,3999
37546,3119
37547,3718
37548,6244
37549,6088
37550,9032
37551,13263
37552,5555
37553,4276
37554,5302
37555,6726
37556,7213
37557,3383
37558,5016
37559,3767
37560,7849
37561,5382
37562,4934
37563,9652
37564,10540
37565,3797
37566,5895
37567,3097
37568,4601
37569,4486
37570,7311
37571,3780
37572,3657
37573,4580
37574,5992
37575,5918
37576,3491
37577,4828
37578,6107
37579,4900
37580,5178
37581,3006
37582,8223
37583,14221
37584,3576
37585,6021
37586,6766
37587,5409
37588,3262
37589,3138
37590,3058
37591,6254
37592,4111
37593,6067
37594,7167
37595,3392
37596,4435
37597,4752
37598,4804
37599,4142
37600,4622
37601,5183
37602,8138
37603,6333
37604,7110
37605,4899
37606,3351
37607,5019
37608,5177
37609,7108
37610,5181
37611,3665
37612,17740
37613,5257
37614,4618
37615,9866
37616,5360
37617,5140
37618,4910
37619,6009
37620,4030
37621,7416
37622,12054
37623,4057
37624,4400
37625,5119
37626,10022
37627,5222
37628,4050
37629,4790
37630,3957
37631,4980
37632,3583
37633,6941
37634,3120
37635,6202
37636,2119
37637,16495
37638,6364
37639,3241
37640,4181
37641,7265
37642,4732
37643,5366
37644,6638
37645,4471
37646,4404
37647,3865
37648,8077
37649,4701
37650,4801
37651,5274
37652,6267
37653,4469
37654,6396
37655,4451
37656,3304
37657,6810
37658,7847
37659,3783
37660,5864
37661,5674
37662,4323
37663,8119
37664,4500
37665,6064
37666,5642
37667,6249
37668,3171
37669,3847
37670,4001
37671,0
37672,5352
37673,6468
37674,3327
37675,6985
37676,3040
37677,4971
37678,3758
37679,5003
37680,5260
37681,5782
37682,5777
37683,6817
37684,3426
37685,4785
37686,5511
37687,6120
37688,5481
37689,5995
37690,8351
37691,5750
37692,2671
37693,5598
37694,3996
37695,5296
37696,5311
37697,3543
37698,9466
37699,4131
37700,5299
37701,8523
37702,6055
37703,3211
37704,9969
37705,4740
37706,7814
37707,4375
37708,6429
37709,7663
37710,5093
37711,4252
37712,5179
37713,4337
37714,4485
37715,5163
37716,7978
37717,5657
37718,4526
37719,3807
37720,5400
37721,5545
37722,4997
37723,5312
37724,4730
37725,5165
37726,5138
37727,6500
37728,6377
37729,5076
37730,4836
37731,5267
37732,6401
37733,8036
37734,4316
37735,6367
37736,4321
37737,5304
37738,6241
37739,5643
37740,3675
37741,3658
37742,6184
37743,7350
37744,3854
37745,4653
37746,6166
37747,4960
37748,4642
37749,4602
37750,3779
37751,2797
37752,5885
37753,3453
37754,5720
37755,5570
37756,4858
37757,4801
37758,9067
37759,7286
37760,6336
37761,3938
37762,7037
37763,6007
37764,3314
37765,2860
37766,6696
37767,2799
37768,5753
37769,10680
37770,6601
37771,5347
37772,3524
37773,5501
37774,5115
37775,4916
37776,5722
37777,6609
37778,6531
37779,4515
37780,6749
37781,3855
37782,5168
37783,4123
37784,4476
37785,5067
37786,4292
37787,4182
37788,6125
37789,3528
37790,7598
37791,5236
37792,3622
37793,3746
37794,7130
37795,6018
37796,4832
37797,4913
37798,5061
37799,4181
37800,5247
37801,5047
37802,5047
37803,3988
37804,4292
37805,6711
37806,5370
37807,4953
37808,2942
37809,8235
37810,5244
37811,3764
37812,5566
37813,8890
37814,6401
37815,6563
37816,7162
37817,5194
37818,4495
37819,4515
37820,6244
37821,6697
37822,9697
37823,3615
37824,4861
37825,3020
37826,3495
37827,7477
37828,11433
37829,5393
37830,3971
37831,4439
37832,5167
37833,4714
37834,7834
37835,6798
37836,5197
37837,3309
37838,6214
37839,4848
37840,9666
37841,7463
37842,3851
37843,5734
37844,3318
37845,5887
37846,6418
37847,5700
37848,6657
37849,5038
37850,5750
37851,3615
37852,5210
37853,5474
37854,6624
37855,5667
37856,6867
37857,4953
37858,3434
37859,7454
37860,3785
37861,8958
37862,5248
37863,3533
37864,5006
37865,5434
37866,5043
37867,6081
37868,7897
37869,3862
37870,9371
37871,3295
37872,3738
37873,5420
37874,6689
37875,8978
37876,5414
37877,5696
37878,4645
37879,5448
37880,5450
37881,4117
37882,5320
37883,4200
37884,7890
37885,5508
37886,6508
37887,10187
37888,7104
37889,3971
37890,3909
37891,4414
37892,9768
37893,4321
37894,8335
37895,3543
37896,8122
37897,5571
37898,4539
37899,4121
37900,3749
37901,4225
37902,4438
37903,4584
37904,3940
37905,3746
37906,3641
37907,6537
37908,5555
37909,18277
37910,5411
37911,3842
37912,3669
37913,5402
37914,7641
37915,4104
37916,3855
37917,9091
37918,4899
37919,6067
37920,5017
37921,5938
37922,5854
37923,4026
37924,4672
37925,5771
37926,7332
37927,4953
37928,6585
37929,5642
37930,7265
37931,4954
37932,4368
37933,5078
37934,8146
37935,8294
37936,5611
37937,7166
37938,4003
37939,6628
37940,3086
37941,5195
37942,3577
37943,6642
37944,6642
37945,9229
37946,8594
37947,5837
37948,4682
37949,3744
37950,3696
37951,5564
37952,7973
37953,5249
37954,4257
37955,4905
37956,4429
37957,5900
37958,2751
37959,7130
37960,3702
37961,6703
37962,5592
37963,4533
37964,6941
37965,4203
37966,7940
37967,6484
37968,6005
37969,4560
37970,6920
37971,4030
37972,5561
37973,5782
37974,9279
37975,4446
37976,5882
37977,6824
37978,6744
37979,8388
37980,5432
37981,7415
37982,3595
37983,3782
37984,4763
37985,6039
37986,8408
37987,7144
37988,3114
37989,4967
37990,7610
37991,6931
37992,7715
37993,3595
37994,10472
37995,5557
37996,3604
37997,4665
37998,5182
37999,5788
38000,6704
38001,3733
38002,4973
38003,5700
38004,6334
38005,5459
38006,3931
38007,5701
38008,4825
38009,4937
38010,7807
38011,6115
38012,5449
38013,4208
38014,8301
38015,4672
38016,7168
38017,6366
38018,11636
38019,5383
38020,4255
38021,6253
38022,5529
38023,5570
38024,4607
38025,7592
38026,5765
38027,3275
38028,6488
38029,4754
38030,6232
38031,3898
38032,8414
38033,6490
38034,4759
38035,9398
38036,4616
38037,4270
38038,7047
38039,7910
38040,4608
38041,3826
38042,6405
38043,5061
38044,4192
38045,5642
38046,4655
38047,7843
38048,6259
38049,5973
38050,6431
38051,4530
38052,4071
38053,5371
38054,7142
38055,6304
38056,6957
38057,6663
38058,7046
38059,4908
38060,7483
38061,5944
38062,4436
38063,5089
38064,8327
38065,6066
38066,5336
38067,8110
38068,7787
38069,6671
38070,5180
38071,6334
38072,6654
38073,5648
38074,5687
38075,3554
38076,4551
38077,7638
38078,6710
38079,5032
38080,3552
38081,6618
38082,6099
38083,6085
38084,5907
38085,4608
38086,4148
38087,3122
38088,8330
38089,5320
38090,5334
38091,5307
38092,5164
38093,4915
38094,5423
38095,5796
38096,3348
38097,5751
38098,4366
38099,7947
38100,7220
38101,6044
38102,11281
38103,3971
38104,4796
38105,8483
38106,4317
38107,5373
38108,2249
38109,7501
38110,6982
38111,5164
38112,6204
38113,5579
38114,5576
38115,4800
38116,6025
38117,8292
38118,2635
38119,6755
38120,2835
38121,10527
38122,3710
38123,6895
38124,8408
38125,5333
38126,5491
38127,4021
38128,4267
38129,2794
38130,3800
38131,5567
38132,4005
38133,5939
38134,6661
38135,4730
38136,6097
38137,5341
38138,7480
38139,8299
38140,6537
38141,4453
38142,3821
38143,8717
38144,8390
38145,4937
38146,6172
38147,4128
38148,6367
38149,4240
38150,3940
38151,5561
38152,3638
38153,5350
38154,3967
38155,8443
38156,5768
38157,7346
38158,6517
38159,4801
38160,7632
38161,15848
38162,8191
38163,3836
38164,2820
38165,5303
38166,6433
38167,3963
38168,5790
38169,12491
38170,5179
38171,8893
38172,17266
38173,3808
38174,4671
38175,4603
38176,3443
38177,6976
38178,4283
38179,6296
38180,7693
38181,5977
38182,5413
38183,6149
38184,4748
38185,5696
38186,3238
38187,5794
38188,6078
38189,8579
38190,5957
38191,5415
38192,3291
38193,6712
38194,4429
38195,5016
38196,3293
38197,7428
38198,5162
38199,5668
38200,5827
38201,6277
38202,0
38203,4670
38204,5351
38205,4920
38206,5985
38207,6038
38208,8261
38209,9273
38210,6878
38211,4834
38212,3594
38213,5197
38214,5242
38215,5618
38216,4299
38217,2371
38218,6837
38219,5433
38220,8597
38221,5683
38222,5070
38223,5885
38224,4350
38225,4076
38226,7931
38227,5278
38228,6468
38229,7086
38230,11090
38231,5466
38232,3989
38233,7148
38234,3811
38235,4735
38236,5434
38237,6197
38238,4004
38239,6184
38240,3351
38241,4989
38242,3073
38243,7830
38244,4724
38245,12001
38246,11048
38247,5242
38248,5719
38249,4937
38250,5389
38251,4670
38252,10525
38253,6806
38254,7127
38255,3999
38256,7112
38257,5061
38258,8266
38259,6973
38260,6407
38261,5243
38262,5880
38263,6241
38264,7019
38265,7592
38266,5810
38267,5959
38268,7883
38269,6014
38270,5433
38271,5269
38272,7712
38273,5458
38274,4958
38275,4475
38276,5418
38277,4129
38278,7782
38279,6142
38280,6535
38281,5581
38282,7480
38283,4325
38284,5717
38285,7554
38286,5706
38287,7153
38288,5593
38289,3686
38290,11438
38291,7243
38292,6892
38293,14872
38294,7404
38295,6019
38296,5646
38297,7669
38298,8383
38299,8602
38300,8734
38301,4874
38302,5865
38303,4856
38304,8174
38305,3780
38306,8026
38307,4925
38308,4356
38309,5413
38310,6827
38311,6136
38312,4854
38313,6657
38314,4532
38315,3527
38316,6553
38317,3993
38318,4315
38319,5005
38320,5015
38321,8994
38322,8376
38323,6012
38324,6299
38325,5759
38326,8552
38327,5213
38328,5026
38329,4207
38330,4589
38331,8730
38332,3568
38333,10738
38334,5889
38335,2936
38336,3815
38337,5803
38338,5609
38339,4996
38340,7900
38341,8286
38342,9766
38343,5265
38344,10133
38345,2590
38346,4622
38347,6077
38348,4527
38349,5588
38350,5262
38351,5945
38352,3900
38353,4719
38354,10954
38355,8422
38356,3986
38357,4293
38358,7719
38359,8796
38360,7170
38361,5261
38362,4141
38363,10553
38364,5015
38365,7008
38366,4567
38367,5133
38368,6874
38369,6817
38370,3260
38371,3947
38372,4014
38373,4632
38374,8666
38375,7389
38376,6845
38377,10580
38378,4985
38379,9057
38380,9836
38381,6326
38382,4168
38383,2806
38384,6571
38385,5229
38386,5085
38387,5532
38388,5258
38389,9559
38390,3806
38391,5145
38392,6403
38393,3741
38394,7306
38395,4953
38396,3565
38397,6113
38398,2827
38399,5542
38400,7483
38401,6251
38402,6713
38403,6891
38404,6400
38405,4829
38406,6056
38407,8553
38408,6337
38409,4996
38410,5996
38411,4206
38412,8722
38413,5994
38414,5249
38415,4438
38416,5589
38417,7247
38418,5996
38419,5421
38420,7387
38421,4853
38422,6493
38423,13474
38424,5357
38425,7950
38426,4570
38427,5479
38428,5543
38429,4704
38430,4123
38431,4835
38432,8086
38433,11202
38434,7495
38435,7703
38436,7819
38437,9767
38438,8857
38439,7016
38440,7954
38441,3939
38442,8683
38443,9875
38444,7002
38445,6948
38446,7043
38447,5348
38448,3088
38449,10210
38450,5631
38451,5144
38452,5682
38453,2070
38454,9957
38455,8602
38456,11631
38457,5686
38458,4469
38459,4157
38460,5720
38461,4939
38462,6181
38463,6788
38464,4580
38465,4145
38466,5407
38467,2909
38468,2480
38469,4864
38470,11167
38471,6092
38472,15471
38473,3740
38474,5547
38475,5398
38476,4712
38477,3981
38478,5287
38479,3885
38480,3240
38481,8072
38482,5825
38483,3373
38484,8189
38485,4324
38486,5131
38487,3765
38488,9771
38489,6228
38490,8241
38491,4292
38492,6207
38493,3914
38494,4735
38495,3879
38496,12065
38497,9674
38498,5858
38499,4277
38500,4829
38501,5804
38502,3534
38503,7793
38504,3631
38505,11868
38506,3970
38507,4651
38508,4975
38509,8111
38510,6581
38511,4464
38512,5756
38513,5651
38514,6325
38515,6444
38516,4407
38517,3173
38518,7214
38519,4060
38520,3546
38521,5375
38522,5895
38523,4890
38524,5527
38525,8078
38526,7193
38527,5897
38528,7010
38529,3614
38530,8160
38531,4653
38532,4155
38533,6260
38534,6126
38535,5388
38536,7673
38537,5565
38538,5052
38539,5817
38540,4943
38541,4638
38542,5914
38543,7046
38544,5736
38545,5160
38546,4770
38547,8406
38548,6034
38549,3929
38550,9623
38551,4246
38552,2675
38553,6232
38554,8400
38555,8077
38556,4608
38557,5003
38558,5206
38559,3304
38560,5619
38561,6230
38562,5755
38563,5239
38564,5270
38565,6931
38566,2951
38567,4452
38568,4894
38569,4496
38570,4452
38571,6371
38572,6186
38573,5609
38574,4340
38575,7004
38576,5839
38577,6518
38578,7103
38579,4667
38580,5794
38581,5859
38582,6719
38583,7143
38584,7987
38585,2874
38586,8605
38587,5854
38588,5752
38589,8569
38590,4143
38591,3634
38592,9601
38593,6258
38594,7421
38595,4711
38596,5059
38597,7570
38598,3230
38599,6228
38600,4385
38601,6837
38602,4874
38603,4849
38604,7381
38605,4428
38606,7422
38607,8768
38608,13040
38609,6482
38610,4178
38611,4663
38612,3775
38613,2792
38614,9205
38615,6486
38616,5442
38617,7733
38618,5105
38619,7792
38620,4225
38621,5138
38622,5491
38623,7046
38624,5015
38625,5270
38626,5202
38627,3760
38628,6699
38629,4815
38630,5911
38631,6668
38632,7671
38633,7175
38634,6195
38635,5252
38636,8821
38637,4352
38638,5217
38639,9256
38640,5667
38641,7297
38642,8545
38643,14624
38644,4415
38645,3983
38646,4279
38647,4793
38648,7524
38649,9456
38650,6506
38651,6500
38652,6609
38653,3508
38654,6581
38655,5875
38656,6173
38657,7167
38658,4856
38659,4485
38660,4487
38661,3077
38662,4012
38663,6548
38664,5795
38665,9998
38666,14390
38667,5911
38668,4272
38669,5812
38670,6896
38671,7065
38672,3687
38673,5443
38674,4086
38675,7775
38676,6192
38677,5654
38678,10274
38679,11742
38680,3775
38681,6214
38682,3230
38683,5025
38684,4499
38685,7949
38686,4017
38687,4369
38688,4673
38689,6089
38690,5026
38691,3450
38692,5244
38693,6612
38694,5724
38695,5666
38696,2690
38697,8984
38698,14303
38699,3830
38700,7095
38701,7122
38702,5791
38703,3832
38704,3151
38705,3342
38706,6426
38707,4516
38708,5957
38709,7918
38710,3870
38711,5104
38712,5497
38713,5246
38714,4637
38715,4815
38716,5523
38717,9274
38718,6409
38719,7714
38720,5504
38721,3392
38722,5081
38723,5218
38724,7537
38725,5583
38726,3891
38727,17081
38728,5544
38729,4873
38730,10494
38731,5320
38732,5554
38733,5335
38734,5919
38735,4244
38736,7817
38737,12607
38738,4225
38739,4763
38740,5367
38741,9879
38742,6149
38743,4465
38744,4768
38745,4554
38746,4823
38747,4119
38748,7131
38749,3069
38750,5804
38751,2502
38752,18509
38753,6798
38754,3289
38755,5191
38756,8172
38757,5053
38758,5638
38759,6794
38760,4843
38761,5071
38762,3908
38763,8198
38764,4718
38765,5281
38766,5328
38767,7079
38768,4488
38769,7047
38770,5259
38771,3481
38772,6821
38773,9389
38774,3940
38775,6362
38776,6565
38777,5029
38778,9132
38779,4346
38780,5671
38781,6387
38782,6789
38783,3137
38784,4267
38785,4431
38786,0
38787,5541
38788,6895
38789,3614
38790,7237
38791,3146
38792,5861
38793,4108
38794,5506
38795,5074
38796,5965
38797,6787
38798,7692
38799,3953
38800,5466
38801,5867
38802,6429
38803,5546
38804,7057
38805,8611
38806,5717
38807,3125
38808,5504
38809,4147
38810,5702
38811,5359
38812,3696
38813,10637
38814,4643
38815,5168
38816,9251
38817,6071
38818,3469
38819,10761
38820,5059
38821,8258
38822,4580
38823,6928
38824,7261
38825,6173
38826,4627
38827,5964
38828,4646
38829,4854
38830,5621
38831,7358
38832,6520
38833,4587
38834,3867
38835,6361
38836,6242
38837,4971
38838,6033
38839,4942
38840,5289
38841,4935
38842,7037
38843,6295
38844,5982
38845,5128
38846,5300
38847,6994
38848,7719
38849,5043
38850,6713
38851,4396
38852,5714
38853,6723
38854,5923
38855,3870
38856,3894
38857,6453
38858,7591
38859,4096
38860,5129
38861,6572
38862,5722
38863,4584
38864,4804
38865,4385
38866,2598
38867,6340
38868,3469
38869,5822
38870,6116
38871,5683
38872,5392
38873,8114
38874,7561
38875,6670
38876,4274
38877,6857
38878,5920
38879,3308
38880,2604
38881,6635
38882,3217
38883,6051
38884,10733
38885,6739
38886,5725
38887,3640
38888,6092
38889,5331
38890,5155
38891,6148
38892,7136
38893,6306
38894,4634
38895,7345
38896,3874
38897,5501
38898,3992
38899,4955
38900,5967
38901,5219
38902,4504
38903,6226
38904,3980
38905,8116
38906,5193
38907,4312
38908,4055
38909,7937
38910,6402
38911,4609
38912,5160
38913,5670
38914,4734
38915,5234
38916,5347
38917,6011
38918,4166
38919,4447
38920,7567
38921,5472
38922,5618
38923,2975
38924,8820
38925,6015
38926,4309
38927,5204
38928,9265
38929,7111
38930,7493
38931,7382
38932,5500
38933,4819
38934,5042
38935,6804
38936,7965
38937,10323
38938,3989
38939,4325
38940,2967
38941,3941
38942,7801
38943,11345
38944,5079
38945,3788
38946,4882
38947,4940
38948,5446
38949,8284
38950,7119
38951,5448
38952,3309
38953,7145
38954,5193
38955,9452
38956,8094
38957,4383
38958,6094
38959,3403
38960,6691
38961,6427
38962,6033
38963,6367
38964,5209
38965,5875
38966,4275
38967,5477
38968,6335
38969,6578
38970,6068
38971,7525
38972,5252
38973,3649
38974,8088
38975,4024
38976,9438
38977,5893
38978,4151
38979,4771
38980,5537
38981,4870
38982,6681
38983,7842
38984,4482
38985,9303
38986,3378
38987,3991
38988,5927
38989,7476
38990,9731
38991,5221
38992,5028
38993,5615
38994,5630
38995,5889
38996,4041
38997,5483
38998,4459
38999,8855
39000,5123
39001,6917
39002,10765
39003,7549
39004,4435
39005,3805
39006,4764
39007,9865
39008,4405
39009,8243
39010,3830
39011,8168
39012,5611
39013,4862
39014,4576
39015,4099
39016,4318
39017,4908
39018,4416
39019,4270
39020,3663
39021,3706
39022,6795
39023,5433
39024,19222
39025,6321
39026,4382
39027,2597
39028,3922
39029,8900
39030,1981
39031,2741
39032,6978
39033,3218
39034,6316
39035,4836
39036,5083
39037,5912
39038,4507
39039,3313
39040,5533
39041,5679
39042,2411
39043,4575
39044,4256
39045,6360
39046,5521
39047,3492
39048,4711
39049,7411
39050,7625
39051,5393
39052,6757
39053,2151
39054,7624
39055,3429
39056,5102
39057,2517
39058,7842
39059,6830
39060,8782
39061,9525
39062,6473
39063,6107
39064,3037
39065,4525
39066,6090
39067,7556
39068,4042
39069,3333
39070,5993
39071,4913
39072,5542
39073,2230
39074,7904
39075,4437
39076,7897
39077,6331
39078,3371
39079,7977
39080,2835
39081,9619
39082,5657
39083,6762
39084,2331
39085,5231
39086,4503
39087,3678
39088,6872
39089,10086
39090,2820
39091,6231
39092,6116
39093,8170
39094,7720
39095,5631
39096,6300
39097,2477
39098,2324
39099,4365
39100,6178
39101,8499
39102,8175
39103,2171
39104,4493
39105,9157
39106,8787
39107,5189
39108,3047
39109,10471
39110,5004
39111,3503
39112,4006
39113,2194
39114,4901
39115,6703
39116,3665
39117,5532
39118,2876
39119,5757
39120,3694
39121,1749
39122,4001
39123,5098
39124,5807
39125,8924
39126,6504
39127,5731
39128,3707
39129,9994
39130,3490
39131,5735
39132,7139
39133,12906
39134,4824
39135,3401
39136,6809
39137,5598
39138,6484
39139,4782
39140,10087
39141,5428
39142,2078
39143,7699
39144,4365
39145,6186
39146,2212
39147,8714
39148,3565
39149,2617
39150,7476
39151,4279
39152,5222
39153,8021
39154,7543
39155,4422
39156,4174
39157,7558
39158,3237
39159,2934
39160,6927
39161,4919
39162,6775
39163,3236
39164,4724
39165,6508
39166,4455
39167,3056
39168,5411
39169,6216
39170,6244
39171,6923
39172,7497
39173,6609
39174,4121
39175,7549
39176,5294
39177,3084
39178,3605
39179,8530
39180,7087
39181,2833
39182,6760
39183,9808
39184,6918
39185,5048
39186,6491
39187,7780
39188,5304
39189,4567
39190,2919
39191,5107
39192,4968
39193,5124
39194,5057
39195,3174
39196,5714
39197,7059
39198,5482
39199,6718
39200,5528
39201,2734
39202,1536
39203,6451
39204,5745
39205,6244
39206,3376
39207,5848
39208,4169
39209,5286
39210,5085
39211,3717
39212,4018
39213,5000
39214,7197
39215,6918
39216,7430
39217,14319
39218,4243
39219,5032
39220,9691
39221,3323
39222,5071
39223,789
39224,8144
39225,6500
39226,5328
39227,7130
39228,5420
39229,4905
39230,4967
39231,4521
39232,7386
39233,2976
39234,6293
39235,2806
39236,8225
39237,3269
39238,7264
39239,9741
39240,6534
39241,5837
39242,4034
39243,2321
39244,1690
39245,3453
39246,5473
39247,2904
39248,5079
39249,7458
39250,3885
39251,5635
39252,4289
39253,7861
39254,7916
39255,6788
39256,5171
39257,3134
39258,9084
39259,9069
39260,3918
39261,4237
39262,3453
39263,5578
39264,5309
39265,3672
39266,6212
39267,3176
39268,5137
39269,4254
39270,9209
39271,5118
39272,7774
39273,6456
39274,4602
39275,8736
39276,16044
39277,8335
39278,3496
39279,3538
39280,6089
39281,6877
39282,2691
39283,4957
39284,9709
39285,5591
39286,6538
39287,16698
39288,5244
39289,4762
39290,2949
39291,2094
39292,9637
39293,3083
39294,5831
39295,8454
39296,2676
39297,3612
39298,6073
39299,3927
39300,6857
39301,1852
39302,5211
39303,4825
39304,10281
39305,6101
39306,5740
39307,2750
39308,8072
39309,5757
39310,6794
39311,1650
39312,9254
39313,5333
39314,6344
39315,3993
39316,4254
39317,0
39318,4216
39319,3671
39320,5501
39321,4716
39322,5096
39323,8345
39324,9896
39325,7753
39326,3681
39327,4512
39328,4239
39329,4368
39330,6970
39331,3121
39332,1253
39333,6363
39334,5319
39335,8189
39336,5647
39337,4533
39338,4318
39339,3264
39340,2474
39341,8200
39342,6284
39343,4534
39344,5157
39345,10386
39346,5896
39347,1819
39348,7687
39349,1860
39350,3874
39351,6254
39352,5585
39353,2278
39354,4136
39355,4171
39356,3644
39357,1578
39358,7813
39359,4401
39360,8904
39361,10525
39362,6176
39363,5989
39364,4348
39365,4774
39366,4552
39367,11829
39368,6214
39369,6759
39370,3209
39371,5646
39372,5695
39373,8755
39374,7631
39375,7173
39376,5342
39377,6280
39378,4981
39379,8246
39380,6151
39381,6934
39382,5592
39383,8877
39384,7062
39385,4484
39386,5446
39387,8269
39388,5618
39389,3384
39390,5559
39391,3204
39392,4549
39393,9065
39394,7303
39395,7051
39396,6417
39397,7863
39398,4688
39399,3991
39400,4009
39401,5487
39402,6351
39403,6187
39404,3175
39405,12556
39406,4779
39407,5382
39408,16051
39409,5366
39410,7604
39411,5948
39412,7267
39413,7842
39414,7073
39415,8915
39416,2650
39417,4305
39418,5322
39419,9089
39420,2566
39421,5118
39422,4263
39423,4914
39424,5488
39425,5471
39426,3256
39427,5387
39428,4755
39429,3035
39430,3002
39431,7523
39432,4254
39433,5188
39434,5852
39435,5189
39436,10131
39437,11926
39438,5228
39439,7531
39440,6065
39441,9343
39442,4560
39443,2664
39444,3547
39445,5211
39446,11465
39447,3797
39448,9145
39449,6853
39450,1950
39451,3601
39452,6264
39453,6390
39454,5318
39455,8883
39456,8606
39457,7053
39458,3968
39459,11837
39460,1935
39461,3629
39462,7870
39463,3872
39464,5226
39465,4005
39466,6759
39467,4957
39468,3646
39469,12751
39470,10550
39471,2279
39472,4582
39473,5402
39474,7647
39475,10334
39476,5349
39477,2910
39478,10448
39479,1891
39480,9597
39481,4291
39482,5667
39483,10079
39484,5373
39485,1524
39486,4700
39487,2196
39488,3551
39489,10667
39490,8139
39491,4172
39492,11560
39493,7104
39494,9591
39495,12085
39496,7166
39497,3902
39498,2004
39499,4701
39500,6271
39501,2636
39502,6126
39503,4136
39504,6878
39505,2218
39506,5667
39507,7781
39508,1726
39509,8938
39510,5851
39511,2555
39512,6728
39513,3088
39514,2850
39515,9507
39516,7370
39517,7061
39518,7496
39519,5382
39520,4931
39521,6089
39522,7140
39523,7946
39524,5850
39525,6950
39526,3810
39527,8762
39528,5764
39529,5414
39530,4221
39531,4620
39532,7904
39533,5799
39534,4052
39535,4951
39536,5130
39537,5166
39538,14256
39539,5082
39540,9574
39541,4311
39542,3866
39543,6241
39544,5425
39545,3475
39546,5038
39547,8721
39548,12932
39549,6985
39550,8660
39551,6587
39552,10138
39553,8027
39554,6847
39555,7793
39556,3937
39557,9770
39558,8111
39559,7166
39560,5123
39561,5127
39562,5206
39563,2210
39564,12331
39565,6543
39566,5551
39567,5120
39568,1507
39569,7976
39570,7615
39571,10954
39572,5925
39573,4445
39574,3453
39575,6993
39576,4623
39577,4301
39578,10871
39579,4282
39580,4354
39581,4860
39582,3268
39583,2358
39584,2260
39585,12780
39586,4623
39587,12639
39588,3892
39589,5679
39590,4888
39591,3846
39592,3012
39593,6429
39594,3012
39595,2606
39596,10262
39597,5769
39598,2673
39599,9057
39600,2673
39601,5648
39602,3459
39603,10734
39604,7019
39605,7909
39606,2453
39607,5483
39608,2516
39609,5191
39610,3372
39611,15157
39612,11518
39613,4779
39614,2899
39615,6049
39616,4613
39617,2330
39618,7298
39619,2252
39620,12427
39621,4082
39622,4973
39623,5730
39624,10492
39625,6587
39626,5139
39627,5393
39628,6044
39629,6642
39630,6942
39631,3575
39632,1152
39633,4318
39634,2725
39635,2763
39636,5944
39637,6884
39638,5334
39639,5010
39640,8384
39641,5409
39642,3103
39643,7983
39644,2341
39645,9664
39646,4670
39647,2692
39648,4285
39649,4078
39650,4612
39651,6720
39652,7153
39653,3617
39654,5954
39655,2427
39656,4349
39657,7323
39658,8865
39659,3467
39660,2088
39661,4996
39662,7497
39663,6313
39664,2394
39665,10540
39666,3652
39667,3098
39668,5215
39669,10257
39670,9426
39671,4369
39672,4146
39673,5456
39674,1501
39675,6777
39676,6659
39677,4546
39678,4201
39679,2639
39680,8226
39681,2937
39682,4152
39683,3748
39684,3529
39685,2909
39686,7450
39687,6469
39688,5720
39689,3666
39690,5081
39691,7922
39692,6925
39693,6786
39694,4854
39695,5545
39696,5825
39697,7714
39698,7529
39699,5121
39700,1781
39701,6488
39702,6249
39703,5732
39704,7080
39705,5250
39706,3087
39707,7091
39708,4748
39709,10103
39710,2543
39711,2593
39712,8852
39713,1568
39714,5485
39715,4228
39716,7736
39717,3511
39718,4442
39719,9182
39720,2556
39721,6061
39722,9077
39723,12986
39724,6842
39725,2392
39726,5396
39727,3719
39728,2141
39729,7171
39730,4598
39731,6422
39732,4767
39733,4967
39734,5326
39735,4766
39736,5063
39737,4687
39738,8379
39739,5404
39740,2369
39741,5999
39742,3641
39743,5848
39744,5631
39745,5859
39746,7213
39747,7649
39748,8591
39749,5515
39750,4884
39751,5763
39752,3122
39753,5815
39754,8290
39755,6089
39756,6619
39757,8221
39758,13542
39759,3057
39760,3255
39761,4822
39762,3816
39763,8223
39764,10134
39765,8234
39766,6854
39767,7102
39768,1913
39769,7830
39770,2978
39771,6858
39772,6013
39773,5039
39774,2102
39775,4961
39776,3143
39777,3058
39778,6664
39779,4282
39780,8658
39781,15910
39782,5812
39783,3223
39784,4523
39785,7742
39786,6067
39787,4293
39788,5438
39789,2224
39790,6608
39791,7068
39792,3290
39793,10064
39794,11403
39795,2903
39796,5745
39797,3408
39798,3994
39799,3740
39800,8912
39801,3655
39802,4590
39803,4646
39804,2566
39805,2554
39806,2224
39807,5564
39808,5529
39809,4576
39810,7334
39811,1107
39812,7071
39813,14094
39814,3299
39815,8484
39816,6703
39817,4519
39818,3912
39819,2303
39820,3920
39821,4428
39822,5037
39823,2916
39824,8477
39825,3956
39826,4180
39827,5882
39828,5381
39829,5908
39830,4747
39831,5979
39832,10717
39833,4217
39834,6786
39835,6098
39836,3248
39837,3086
39838,4752
39839,5520
39840,6340
39841,3228
39842,12264
39843,5244
39844,4427
39845,12015
39846,4310
39847,6685
39848,4247
39849,4939
39850,5195
39851,6504
39852,15291
39853,2759
39854,5725
39855,3250
39856,9046
39857,7228
39858,4778
39859,3502
39860,3861
39861,2339
39862,1993
39863,6297
39864,1961
39865,3712
39866,1226
39867,20486
39868,7660
39869,1921
39870,5143
39871,5937
39872,5959
39873,5375
39874,7759
39875,5165
39876,5860
39877,2775
39878,7997
39879,5394
39880,4186
39881,5746
39882,9304
39883,4544
39884,8176
39885,5941
39886,3045
39887,5440
39888,7436
39889,2830
39890,7901
39891,7126
39892,5043
39893,10487
39894,3283
39895,4603
39896,8919
39897,6225
39898,2082
39899,4585
39900,3738
39901,0
39902,5084
39903,5596
39904,3445
39905,6314
39906,2105
39907,6110
39908,2720
39909,5669
39910,5294
39911,4432
39912,6496
39913,8081
39914,2554
39915,5696
39916,6418
39917,3218
39918,5749
39919,5692
39920,9407
39921,6355
39922,3713
39923,2004
39924,1971
39925,5803
39926,4561
39927,4118
39928,11840
39929,5269
39930,5270
39931,9198
39932,6354
39933,2214
39934,10489
39935,4116
39936,7568
39937,5584
39938,7695
39939,5666
39940,8415
39941,4961
39942,3955
39943,2792
39944,3502
39945,6199
39946,4109
39947,7820
39948,4430
39949,2645
39950,7628
39951,6629
39952,4240
39953,6738
39954,4170
39955,6330
39956,4119
39957,4955
39958,3541
39959,4498
39960,3363
39961,5807
39962,8045
39963,7524
39964,6193
39965,5369
39966,4127
39967,6449
39968,6822
39969,6829
39970,2587
39971,2996
39972,8620
39973,6370
39974,2813
39975,4124
39976,7133
39977,6428
39978,2285
39979,5692
39980,4821
39981,1761
39982,4690
39983,2613
39984,3902
39985,6632
39986,5488
39987,4916
39988,3903
39989,8943
39990,6701
39991,3518
39992,5120
39993,5153
39994,2958
39995,1147
39996,6356
39997,1510
39998,5873
39999,9977
40000,5349
40001,4245
40002,3091
40003,4931
40004,4885
40005,4657
40006,5360
40007,5648
40008,7352
40009,5892
40010,8687
40011,3600
40012,3458
40013,4246
40014,3678
40015,5101
40016,6241
40017,3254
40018,4911
40019,2490
40020,7208
40021,3899
40022,4372
40023,4030
40024,5050
40025,7406
40026,3012
40027,6026
40028,4130
40029,5460
40030,5011
40031,5459
40032,7172
40033,4365
40034,3894
40035,9332
40036,6082
40037,6568
40038,1814
40039,4259
40040,5387
40041,3780
40042,4301
40043,9861
40044,8171
40045,9741
40046,8982
40047,5915
40048,5065
40049,5957
40050,6440
40051,7340
40052,10312
40053,3203
40054,1720
40055,1469
40056,3900
40057,4697
40058,9342
40059,2323
40060,1813
40061,5032
40062,5247
40063,5920
40064,10472
40065,6547
40066,6310
40067,2467
40068,7096
40069,6279
40070,8339
40071,6801
40072,3236
40073,6179
40074,3001
40075,6973
40076,5579
40077,4918
40078,5745
40079,3839
40080,5834
40081,4927
40082,6448
40083,4683
40084,7577
40085,5049
40086,9149
40087,5343
40088,3392
40089,7738
40090,2920
40091,9721
40092,5949
40093,4769
40094,2998
40095,6703
40096,4229
40097,4324
40098,6735
40099,4113
40100,11168
40101,2908
40102,2896
40103,5677
40104,6465
40105,10824
40106,2492
40107,4164
40108,6419
40109,5933
40110,4367
40111,3295
40112,5882
40113,3155
40114,9891
40115,2575
40116,6839
40117,13023
40118,6383
40119,6112
40120,2919
40121,4649
40122,8063
40123,2456
40124,8645
40125,2681
40126,7843
40127,6573
40128,5851
40129,5753
40130,4713
40131,2936
40132,5219
40133,2114
40134,3759
40135,2870
40136,2605
40137,7024
40138,5444
40139,20122
40140,7989
40141,0
40142,0
40143,0
40144,0
40145,0
40146,0
40147,0
40148,0
40149,0
40150,0
40151,0
40152,0
40153,0
40154,0
40155,0
40156,0
40157,0
40158,0
40159,0
40160,0
40161,0
40162,0
40163,0
40164,0
40165,0
40166,0
40167,0
40168,0
40169,0
40170,0
40171,0
40172,0
40173,0
40174,0
40175,0
40176,0
40177,0
40178,0
40179,0
40180,0
40181,0
40182,0
40183,0
40184,0
40185,0
40186,0
40187,0
40188,0
40189,0
40190,0
40191,0
40192,0
40193,0
40194,0
40195,0
40196,0
40197,0
40198,0
40199,0
40200,0
40201,0
40202,0
40203,0
40204,0
40205,0
40206,0
40207,0
40208,0
40209,0
40210,0
40211,0
40212,0
40213,0
40214,0
40215,0
40216,0
40217,0
40218,0
40219,0
40220,0
40221,0
40222,0
40223,0
40224,0
40225,11455
40226,0
40227,0
40228,0
40229,0
40230,0
40231,0
40232,0
40233,0
40234,0
40235,0
40236,0
40237,0
40238,0
40239,0
40240,0
40241,0
40242,0
40243,0
40244,0
40245,0
40246,0
40247,0
40248,0
40249,0
40250,0
40251,0
40252,0
40253,0
40254,0
40255,0
40256,0
40257,0
40258,0
40259,0
40260,0
40261,0
40262,4004
40263,0
40264,0
40265,0
40266,0
40267,0
40268,0
40269,0
40270,0
40271,0
40272,0
40273,0
40274,0
40275,0
40276,0
40277,0
40278,0
40279,0
40280,0
40281,0
40282,0
40283,0
40284,0
40285,0
40286,0
40287,0
40288,0
40289,0
40290,0
40291,0
40292,0
40293,0
40294,0
40295,0
40296,0
40297,0
40298,0
40299,0
40300,0
40301,0
40302,0
40303,0
40304,0
40305,0
40306,0
40307,0
40308,0
40309,0
40310,0
40311,0
40312,0
40313,0
40314,0
40315,0
40316,0
40317,0
40318,0
40319,0
40320,0
40321,0
40322,0
40323,0
40324,0
40325,0
40326,0
40327,0
40328,0
40329,0
40330,0
40331,0
40332,0
40333,0
40334,0
40335,0
40336,0
40337,0
40338,0
40339,0
40340,0
40341,0
40342,0
40343,0
40344,0
40345,0
40346,0
40347,0
40348,0
40349,2725
40350,0
40351,0
40352,0
40353,0
40354,0
40355,0
40356,0
40357,0
40358,0
40359,0
40360,0
40361,0
40362,0
40363,0
40364,0
40365,0
40366,0
40367,0
40368,0
40369,0
40370,0
40371,0
40372,0
40373,0
40374,0
40375,0
40376,0
40377,0
40378,0
40379,0
40380,0
40381,0
40382,0
40383,0
40384,0
40385,0
40386,0
40387,0
40388,0
40389,0
40390,0
40391,0
40392,0
40393,0
40394,0
40395,0
40396,0
40397,0
40398,0
40399,16829
40400,0
40401,0
40402,27884
40403,0
40404,0
40405,0
40406,0
40407,0
40408,0
40409,0
40410,0
40411,0
40412,0
40413,0
40414,7469
40415,0
40416,0
40417,0
40418,0
40419,0
40420,0
40421,0
40422,0
40423,0
40424,0
40425,0
40426,0
40427,0
40428,0
40429,0
40430,0
40431,0
40432,0
40433,0
40434,0
40435,0
40436,0
40437,0
40438,0
40439,5499
40440,0
40441,0
40442,0
40443,0
40444,0
40445,0
40446,0
40447,0
40448,0
40449,0
40450,2958
40451,0
40452,0
40453,0
40454,0
40455,0
40456,0
40457,0
40458,0
40459,0
40460,0
40461,0
40462,0
40463,0
40464,0
40465,0
40466,0
40467,0
40468,0
40469,0
40470,0
40471,0
40472,0
40473,0
40474,0
40475,7955
40476,0
40477,0
40478,0
40479,0
40480,0
40481,0
40482,0
40483,0
40484,0
40485,0
40486,0
40487,0
40488,0
40489,0
40490,0
40491,0
40492,0
40493,8857
40494,0
40495,0
40496,0
40497,0
40498,0
40499,0
40500,0
40501,0
40502,0
40503,0
40504,0
40505,0
40506,0
40507,0
40508,0
40509,0
40510,0
40511,0
40512,0
40513,0
40514,0
40515,0
40516,0
40517,0
40518,0
40519,0
40520,0
40521,0
40522,0
40523,0
40524,0
40525,0
40526,0
40527,0
40528,0
40529,0
40530,0
40531,0
40532,0
40533,0
40534,0
40535,0
40536,0
40537,0
40538,0
40539,0
40540,0
40541,0
40542,0
40543,0
40544,0
40545,0
40546,0
40547,0
40548,0
40549,0
40550,0
40551,0
40552,0
40553,0
40554,0
40555,0
40556,0
40557,0
40558,0
40559,0
40560,0
40561,0
40562,0
40563,14808
40564,0
40565,0
40566,0
40567,0
40568,0
40569,0
40570,0
40571,0
40572,0
40573,1668
40574,0
40575,0
40576,0
40577,0
40578,0
40579,0
40580,0
40581,0
40582,0
40583,0
40584,0
40585,0
40586,0
40587,0
40588,0
40589,0
40590,0
40591,0
40592,0
40593,6173
40594,0
40595,0
40596,0
40597,0
40598,0
40599,0
40600,0
40601,0
40602,0
40603,0
40604,0
40605,0
40606,0
40607,0
40608,0
40609,0
40610,0
40611,0
40612,0
40613,0
40614,0
40615,0
40616,0
40617,0
40618,0
40619,0
40620,0
40621,0
40622,0
40623,0
40624,0
40625,0
40626,0
40627,0
40628,0
40629,0
40630,0
40631,0
40632,0
40633,0
40634,7699
40635,0
40636,0
40637,0
40638,0
40639,0
40640,0
40641,0
40642,0
40643,0
40644,0
40645,0
40646,0
40647,0
40648,0
40649,0
40650,0
40651,0
40652,7624
40653,0
40654,0
40655,0
40656,0
40657,0
40658,0
40659,0
40660,0
40661,0
40662,0
40663,0
40664,2104
40665,0
40666,0
40667,0
40668,0
40669,0
40670,6331
40671,0
40672,0
40673,0
40674,0
40675,0
40676,0
40677,0
40678,0
40679,0
40680,0
40681,0
40682,0
40683,0
40684,0
40685,0
40686,0
40687,0
40688,0
40689,0
40690,0
40691,0
40692,0
40693,0
40694,0
40695,0
40696,0
40697,0
40698,0
40699,0
40700,0
40701,0
40702,18162
40703,0
40704,0
40705,0
40706,0
40707,0
40708,0
40709,0
40710,0
40711,0
40712,0
40713,0
40714,0
40715,0
40716,0
40717,0
40718,6103
40719,0
40720,0
40721,0
40722,0
40723,0
40724,0
40725,0
40726,0
40727,0
40728,0
40729,0
40730,0
40731,0
40732,0
40733,0
40734,0
40735,0
40736,0
40737,0
40738,0
40739,0
40740,0
40741,0
40742,0
40743,0
40744,0
40745,0
40746,0
40747,0
40748,0
40749,0
40750,0
40751,0
40752,0
40753,0
40754,0
40755,0
40756,0
40757,0
40758,0
40759,0
40760,0
40761,0
40762,0
40763,0
40764,0
40765,0
40766,0
40767,0
40768,0
40769,0
40770,0
40771,0
40772,0
40773,0
40774,0
40775,0
40776,0
40777,0
40778,0
40779,0
40780,0
40781,0
40782,0
40783,0
40784,0
40785,0
40786,0
40787,0
40788,0
40789,0
40790,0
40791,0
40792,0
40793,0
40794,0
40795,0
40796,0
40797,0
40798,0
40799,0
40800,0
40801,0
40802,0
40803,0
40804,0
40805,0
40806,0
40807,0
40808,0
40809,0
40810,0
40811,0
40812,0
40813,0
40814,0
40815,0
40816,13039
40817,0
40818,0
40819,0
40820,0
40821,0
40822,6922
40823,0
40824,0
40825,0
40826,0
40827,0
40828,0
40829,0
40830,0
40831,0
40832,0
40833,0
40834,0
40835,0
40836,0
40837,0
40838,0
40839,0
40840,0
40841,0
40842,0
40843,0
40844,0
40845,0
40846,0
40847,0
40848,0
40849,0
40850,0
40851,0
40852,0
40853,0
40854,0
40855,0
40856,0
40857,0
40858,0
40859,0
40860,0
40861,0
40862,0
40863,0
40864,0
40865,0
40866,0
40867,0
40868,0
40869,0
40870,0
40871,0
40872,4163
40873,15636
40874,0
40875,0
40876,0
40877,0
40878,0
40879,0
40880,0
40881,0
40882,0
40883,0
40884,0
40885,0
40886,0
40887,0
40888,0
40889,0
40890,0
40891,0
40892,0
40893,0
40894,0
40895,0
40896,0
40897,0
40898,0
40899,0
40900,0
40901,0
40902,0
40903,0
40904,0
40905,0
40906,0
40907,0
40908,0
40909,11904
40910,0
40911,0
40912,0
40913,0
40914,0
40915,0
40916,0
40917,0
40918,0
40919,0
40920,0
40921,0
40922,0
40923,0
40924,0
40925,0
40926,0
40927,0
40928,0
40929,0
40930,0
40931,0
40932,0
40933,0
40934,0
40935,0
40936,0
40937,0
40938,0
40939,0
40940,0
40941,0
40942,0
40943,0
40944,0
40945,0
40946,0
40947,0
40948,0
40949,0
40950,0
40951,0
40952,0
40953,0
40954,0
40955,0
40956,0
40957,0
40958,0
40959,0
40960,0
40961,0
40962,0
40963,0
40964,0
40965,0
40966,0
40967,0
40968,0
40969,0
40970,0
40971,0
40972,0
40973,0
40974,0
40975,0
40976,0
40977,0
40978,0
40979,0
40980,0
40981,0
40982,0
40983,0
40984,0
40985,0
40986,0
40987,0
40988,0
40989,0
40990,0
40991,0
40992,0
40993,0
40994,0
40995,0
40996,0
40997,0
40998,0
40999,0
41000,0
41001,0
41002,0
41003,2684
41004,0
41005,0
41006,0
41007,2324
41008,0
41009,0
41010,0
41011,0
41012,0
41013,0
41014,0
41015,0
41016,0
41017,0
41018,0
41019,0
41020,0
41021,0
41022,0
41023,0
41024,0
41025,0
41026,0
41027,0
41028,0
41029,0
41030,0
41031,0
41032,0
41033,0
41034,0
41035,0
41036,0
41037,0
41038,0
41039,0
41040,0
41041,0
41042,0
41043,0
41044,0
41045,0
41046,0
41047,0
41048,0
41049,0
41050,0
41051,0
41052,0
41053,0
41054,0
41055,0
41056,0
41057,0
41058,0
41059,0
41060,0
41061,0
41062,0
41063,0
41064,0
41065,0
41066,0
41067,0
41068,0
41069,0
41070,0
41071,3074
41072,0
41073,0
41074,0
41075,0
41076,0
41077,0
41078,0
41079,0
41080,0
41081,0
41082,0
41083,0
41084,0
41085,0
41086,0
41087,0
41088,11527
41089,0
41090,0
41091,0
41092,0
41093,0
41094,0
41095,0
41096,0
41097,0
41098,0
41099,0
41100,0
41101,0
41102,0
41103,0
41104,0
41105,0
41106,0
41107,0
41108,0
41109,0
41110,0
41111,0
41112,0
41113,0
41114,0
41115,0
41116,0
41117,0
41118,0
41119,0
41120,0
41121,0
41122,0
41123,0
41124,0
41125,0
41126,0
41127,0
41128,0
41129,0
41130,0
41131,0
41132,0
41133,0
41134,0
41135,0
41136,0
41137,0
41138,0
41139,0
41140,0
41141,0
41142,0
41143,0
41144,0
41145,0
41146,0
41147,0
41148,0
41149,0
41150,0
41151,0
41152,0
41153,0
41154,0
41155,0
41156,0
41157,0
41158,0
41159,0
41160,0
41161,0
41162,0
41163,0
41164,0
41165,0
41166,0
41167,0
41168,0
41169,0
41170,0
41171,0
41172,0
41173,0
41174,0
41175,0
41176,0
41177,0
41178,0
41179,0
41180,0
41181,0
41182,0
41183,0
41184,0
41185,5541
41186,0
41187,0
41188,0
41189,0
41190,0
41191,0
41192,0
41193,0
41194,0
41195,0
41196,0
41197,0
41198,0
41199,0
41200,0
41201,0
41202,0
41203,0
41204,0
41205,0
41206,0
41207,0
41208,0
41209,0
41210,0
41211,0
41212,0
41213,0
41214,0
41215,0
41216,0
41217,0
41218,0
41219,0
41220,0
41221,5250
41222,0
41223,0
41224,0
41225,0
41226,0
41227,0
41228,0
41229,0
41230,0
41231,0
41232,0
41233,0
41234,0
41235,0
41236,0
41237,13199
41238,0
41239,5352
41240,0
41241,0
41242,0
41243,0
41244,0
41245,0
41246,0
41247,0
41248,0
41249,0
41250,0
41251,0
41252,0
41253,0
41254,0
41255,0
41256,5595
41257,7017
41258,9988
41259,12358
41260,7343
41261,6421
41262,14432
41263,9263
41264,10995
41265,7451
41266,9606
41267,11571
41268,7757
41269,7330
41270,9582
41271,11868
41272,9793
41273,10041
41274,9732
41275,11009
41276,9328
41277,6810
41278,9230
41279,14355
41280,13423
41281,10843
41282,14179
41283,7322
41284,13475
41285,5709
41286,7663
41287,6373
41288,10707
41289,10344
41290,17608
41291,11570
41292,9587
41293,10152
41294,8584
41295,5285
41296,8537
41297,13922
41298,9233
41299,7874
41300,7778
41301,8343
41302,10028
41303,4448
41304,11244
41305,7266
41306,9705
41307,9913
41308,7766
41309,11268
41310,7400
41311,10741
41312,13931
41313,11472
41314,8229
41315,14189
41316,6991
41317,8882
41318,10759
41319,15443
41320,7569
41321,8035
41322,12650
41323,9135
41324,12036
41325,10251
41326,13277
41327,8193
41328,6621
41329,8650
41330,8282
41331,13156
41332,12207
41333,5564
41334,9038
41335,11317
41336,8989
41337,13278
41338,5106
41339,17328
41340,8182
41341,6605
41342,8023
41343,9779
41344,8469
41345,11529
41346,6827
41347,10279
41348,8383
41349,11251
41350,10155
41351,9017
41352,10452
41353,7626
41354,8334
41355,10984
41356,10170
41357,10757
41358,5907
41359,11574
41360,7913
41361,10716
41362,9032
41363,16749
41364,8679
41365,7010
41366,9733
41367,7296
41368,7707
41369,7691
41370,10024
41371,9357
41372,5126
41373,13678
41374,8190
41375,10648
41376,6093
41377,12580
41378,12719
41379,5615
41380,15281
41381,8351
41382,8220
41383,12607
41384,12292
41385,7122
41386,6228
41387,10265
41388,8848
41389,6033
41390,8835
41391,8866
41392,10695
41393,11997
41394,9898
41395,10048
41396,8421
41397,5697
41398,10149
41399,9595
41400,10342
41401,11939
41402,11600
41403,11563
41404,8432
41405,13242
41406,10584
41407,8130
41408,10330
41409,14237
41410,10318
41411,11344
41412,13901
41413,9662
41414,12797
41415,8064
41416,9101
41417,12154
41418,8171
41419,10372
41420,5432
41421,6898
41422,13732
41423,12111
41424,8375
41425,5668
41426,13017
41427,8759
41428,10776
41429,8085
41430,7631
41431,7748
41432,5917
41433,15565
41434,10752
41435,9568
41436,10252
41437,8043
41438,8051
41439,9421
41440,10283
41441,5550
41442,8970
41443,8652
41444,11871
41445,10819
41446,8448
41447,16123
41448,8336
41449,6528
41450,14609
41451,7619
41452,8921
41453,5558
41454,12824
41455,9690
41456,7032
41457,9161
41458,9606
41459,7803
41460,9024
41461,11432
41462,16976
41463,4017
41464,9992
41465,4524
41466,18602
41467,6347
41468,12331
41469,13141
41470,9903
41471,10044
41472,5913
41473,7230
41474,4244
41475,6489
41476,8675
41477,7268
41478,10805
41479,11193
41480,7873
41481,9258
41482,8283
41483,10852
41484,12811
41485,10312
41486,7664
41487,5542
41488,12463
41489,17602
41490,9263
41491,10288
41492,5829
41493,10364
41494,7746
41495,6500
41496,8885
41497,7105
41498,10941
41499,9018
41500,11519
41501,9062
41502,13607
41503,10628
41504,7466
41505,14396
41506,22905
41507,16209
41508,9182
41509,4602
41510,8620
41511,11934
41512,6408
41513,8112
41514,13614
41515,7119
41516,20943
41517,20339
41518,5851
41519,9058
41520,8153
41521,5456
41522,11893
41523,6847
41524,13926
41525,12238
41526,13267
41527,10222
41528,12220
41529,4688
41530,9971
41531,5069
41532,9296
41533,9696
41534,17040
41535,8420
41536,7902
41537,5907
41538,10095
41539,7955
41540,6925
41541,6652
41542,10713
41543,8903
41544,9254
41545,10606
41546,12329
41547,0
41548,9100
41549,8588
41550,8124
41551,9969
41552,10978
41553,11493
41554,13072
41555,9421
41556,6942
41557,5563
41558,8672
41559,8423
41560,9860
41561,6219
41562,4221
41563,12131
41564,11051
41565,14155
41566,8882
41567,8910
41568,10709
41569,7723
41570,6122
41571,15172
41572,7421
41573,10797
41574,9762
41575,18393
41576,8197
41577,8222
41578,10476
41579,8154
41580,8634
41581,7827
41582,12291
41583,6033
41584,10223
41585,5519
41586,7313
41587,5323
41588,12940
41589,7137
41590,20474
41591,18292
41592,6719
41593,9670
41594,7065
41595,9702
41596,7468
41597,15649
41598,11652
41599,14170
41600,6498
41601,10069
41602,6711
41603,11530
41604,10140
41605,10557
41606,9291
41607,8688
41608,7259
41609,11882
41610,12161
41611,8612
41612,10508
41613,15020
41614,8612
41615,9566
41616,9607
41617,13201
41618,9199
41619,6692
41620,7939
41621,9698
41622,8295
41623,18255
41624,8859
41625,10693
41626,10743
41627,13529
41628,6018
41629,9667
41630,14691
41631,11953
41632,11797
41633,9096
41634,6080
41635,18916
41636,12796
41637,12349
41638,20506
41639,13876
41640,11727
41641,9896
41642,14332
41643,14992
41644,13956
41645,15598
41646,8416
41647,11549
41648,8538
41649,13039
41650,5026
41651,15549
41652,9400
41653,8025
41654,8275
41655,13652
41656,11701
41657,8734
41658,9982
41659,7437
41660,7897
41661,10213
41662,5820
41663,7422
41664,8385
41665,10092
41666,14698
41667,11874
41668,10069
41669,9123
41670,8815
41671,15108
41672,10095
41673,8068
41674,7264
41675,7089
41676,12750
41677,5381
41678,12759
41679,9733
41680,4682
41681,7159
41682,12317
41683,9030
41684,7487
41685,11698
41686,12715
41687,15164
41688,8194
41689,13073
41690,4246
41691,7700
41692,10926
41693,8904
41694,10676
41695,7743
41696,8456
41697,7215
41698,7953
41699,15627
41700,10875
41701,7486
41702,6748
41703,12038
41704,15112
41705,12493
41706,7643
41707,7889
41708,15930
41709,8883
41710,9984
41711,8435
41712,7934
41713,10429
41714,13569
41715,6271
41716,6161
41717,6672
41718,8428
41719,13095
41720,12717
41721,11562
41722,17121
41723,8126
41724,16137
41725,16415
41726,9937
41727,6608
41728,4846
41729,11650
41730,8533
41731,9301
41732,9133
41733,9872
41734,15244
41735,6872
41736,9247
41737,11216
41738,7257
41739,9616
41740,7364
41741,6556
41742,9739
41743,5108
41744,12071
41745,10269
41746,11153
41747,10932
41748,12360
41749,9741
41750,8632
41751,11715
41752,11633
41753,8368
41754,7885
41755,7765
41756,6912
41757,13131
41758,11222
41759,8332
41760,7674
41761,11120
41762,12380
41763,10749
41764,9315
41765,11694
41766,6475
41767,6916
41768,21325
41769,9870
41770,11192
41771,9284
41772,9306
41773,9737
41774,8436
41775,6199
41776,7400
41777,12041
41778,17211
41779,11651
41780,11996
41781,16062
41782,14021
41783,15450
41784,11249
41785,10103
41786,6108
41787,13198
41788,16591
41789,12466
41790,11700
41791,11511
41792,8751
41793,5713
41794,13455
41795,10978
41796,10407
41797,8803
41798,5259
41799,19474
41800,16305
41801,17822
41802,8340
41803,8387
41804,5924
41805,8777
41806,7885
41807,14224
41808,9615
41809,6755
41810,7425
41811,10226
41812,5966
41813,3959
41814,9641
41815,18704
41816,9999
41817,19600
41818,6093
41819,7871
41820,9978
41821,7538
41822,7050
41823,7154
41824,5533
41825,5725
41826,11553
41827,9745
41828,5790
41829,13905
41830,10717
41831,9860
41832,6113
41833,14526
41834,11695
41835,12290
41836,8531
41837,10200
41838,6352
41839,7065
41840,6561
41841,20118
41842,14954
41843,8553
41844,8810
41845,7252
41846,7907
41847,5965
41848,13040
41849,5878
41850,20513
41851,6028
41852,6934
41853,7684
41854,12772
41855,10747
41856,6852
41857,8834
41858,10482
41859,10612
41860,10908
41861,7411
41862,6691
41863,14788
41864,6074
41865,6570
41866,7727
41867,9925
41868,8623
41869,8010
41870,13544
41871,10894
41872,9734
41873,9971
41874,7227
41875,11053
41876,7614
41877,6070
41878,9434
41879,10278
41880,9596
41881,14947
41882,9692
41883,8457
41884,9241
41885,9034
41886,7599
41887,9351
41888,8725
41889,11878
41890,9964
41891,11477
41892,12515
41893,8132
41894,6376
41895,16835
41896,8504
41897,4184
41898,9780
41899,11341
41900,15164
41901,6917
41902,8247
41903,8910
41904,5975
41905,8098
41906,9758
41907,11327
41908,8214
41909,10861
41910,14610
41911,4068
41912,8607
41913,8317
41914,8160
41915,7823
41916,9260
41917,13586
41918,7356
41919,8130
41920,11711
41921,12008
41922,12915
41923,12503
41924,6398
41925,9602
41926,9258
41927,11077
41928,12273
41929,11784
41930,5559
41931,9593
41932,10734
41933,10824
41934,13664
41935,6017
41936,5476
41937,14517
41938,12214
41939,13628
41940,9644
41941,10151
41942,11932
41943,5408
41944,10097
41945,7359
41946,11462
41947,10313
41948,12310
41949,10456
41950,9838
41951,12039
41952,14935
41953,18896
41954,9762
41955,7021
41956,9263
41957,6133
41958,4660
41959,15196
41960,12097
41961,7782
41962,12175
41963,7800
41964,13364
41965,7280
41966,9101
41967,8754
41968,12947
41969,7218
41970,9764
41971,7621
41972,8205
41973,10149
41974,6742
41975,10105
41976,9016
41977,12002
41978,12148
41979,9207
41980,7469
41981,16249
41982,6650
41983,6891
41984,15662
41985,9703
41986,13377
41987,12408
41988,15872
41989,8322
41990,9424
41991,7036
41992,9032
41993,11687
41994,16410
41995,10854
41996,10887
41997,12009
41998,6146
41999,9899
42000,12302
42001,10736
42002,11525
42003,8333
42004,7063
42005,7288
42006,5496
42007,8789
42008,12229
42009,11024
42010,15360
42011,21059
42012,10317
42013,6923
42014,11087
42015,8925
42016,12248
42017,6486
42018,8943
42019,5526
42020,12715
42021,9519
42022,8883
42023,18933
42024,12866
42025,7596
42026,9759
42027,4952
42028,6608
42029,7141
42030,11792
42031,7253
42032,6467
42033,8068
42034,11735
42035,9942
42036,7108
42037,7561
42038,9897
42039,10067
42040,11692
42041,5403
42042,14539
42043,21915
42044,4228
42045,10303
42046,12760
42047,11659
42048,8689
42049,3943
42050,6878
42051,11715
42052,6780
42053,11880
42054,12633
42055,6829
42056,9183
42057,10441
42058,9336
42059,6518
42060,8735
42061,11683
42062,12518
42063,10448
42064,14922
42065,7915
42066,4917
42067,9494
42068,7818
42069,13339
42070,8190
42071,6030
42072,25300
42073,10441
42074,7799
42075,15445
42076,9422
42077,12535
42078,8544
42079,10002
42080,6725
42081,12135
42082,17053
42083,8018
42084,7806
42085,9348
42086,17221
42087,9712
42088,7630
42089,8327
42090,7745
42091,9359
42092,5899
42093,12648
42094,6121
42095,9138
42096,4039
42097,23743
42098,11630
42099,6364
42100,6439
42101,13759
42102,8662
42103,9863
42104,11291
42105,9440
42106,6981
42107,6720
42108,13368
42109,8591
42110,9300
42111,9374
42112,11152
42113,7275
42114,10304
42115,8089
42116,5053
42117,11167
42118,11923
42119,6071
42120,10103
42121,10921
42122,7507
42123,13675
42124,9280
42125,8404
42126,9494
42127,10243
42128,4643
42129,6486
42130,7861
42131,0
42132,8743
42133,12602
42134,6080
42135,11218
42136,6342
42137,8135
42138,6425
42139,9698
42140,7453
42141,9386
42142,11103
42143,11306
42144,6005
42145,9741
42146,9254
42147,11875
42148,8262
42149,12638
42150,13582
42151,8288
42152,4292
42153,11029
42154,8269
42155,8667
42156,10439
42157,5400
42158,14709
42159,7689
42160,9314
42161,13588
42162,8268
42163,6857
42164,15759
42165,9188
42166,14263
42167,6833
42168,12636
42169,12814
42170,8364
42171,6860
42172,8713
42173,7502
42174,8407
42175,7442
42176,12684
42177,9948
42178,6427
42179,6549
42180,8159
42181,11124
42182,9687
42183,13751
42184,7591
42185,9111
42186,6480
42187,10494
42188,10686
42189,9266
42190,8127
42191,8577
42192,11791
42193,12597
42194,8336
42195,10931
42196,7975
42197,9643
42198,9249
42199,9378
42200,5694
42201,5852
42202,9469
42203,8546
42204,8481
42205,9276
42206,11685
42207,7329
42208,7915
42209,9805
42210,7336
42211,4547
42212,12970
42213,4933
42214,9800
42215,10795
42216,8486
42217,10280
42218,18743
42219,13207
42220,11999
42221,6231
42222,10975
42223,9808
42224,5134
42225,4475
42226,11997
42227,5853
42228,11209
42229,15988
42230,10268
42231,10831
42232,8363
42233,11102
42234,10035
42235,9771
42236,10935
42237,13838
42238,12651
42239,9668
42240,11853
42241,6902
42242,9384
42243,6092
42244,7492
42245,9132
42246,7259
42247,7115
42248,11568
42249,8127
42250,13019
42251,11269
42252,8342
42253,5964
42254,14248
42255,9623
42256,8954
42257,8923
42258,11061
42259,8730
42260,8191
42261,9881
42262,10354
42263,7904
42264,6474
42265,13388
42266,9642
42267,7669
42268,5982
42269,16412
42270,8861
42271,9231
42272,8599
42273,15531
42274,14370
42275,10859
42276,10714
42277,11255
42278,8725
42279,7972
42280,9385
42281,14328
42282,20403
42283,8054
42284,7111
42285,5249
42286,7440
42287,13471
42288,19205
42289,10100
42290,7709
42291,6858
42292,8511
42293,8348
42294,12975
42295,13125
42296,7781
42297,5543
42298,10871
42299,9314
42300,13459
42301,14232
42302,7144
42303,11267
42304,4961
42305,10618
42306,11088
42307,10570
42308,12524
42309,9918
42310,10518
42311,6931
42312,8620
42313,10125
42314,11175
42315,10334
42316,11780
42317,9950
42318,6513
42319,12575
42320,5839
42321,13473
42322,8451
42323,6867
42324,9486
42325,10613
42326,8182
42327,10424
42328,12943
42329,7945
42330,13213
42331,5748
42332,6646
42333,11766
42334,12760
42335,13662
42336,8359
42337,9390
42338,7889
42339,7635
42340,10237
42341,9384
42342,8713
42343,7416
42344,13847
42345,9592
42346,12938
42347,14881
42348,11118
42349,6694
42350,6507
42351,8420
42352,10973
42353,7312
42354,12523
42355,7587
42356,15348
42357,8858
42358,8692
42359,7417
42360,9113
42361,7169
42362,10391
42363,9912
42364,7721
42365,7981
42366,7599
42367,14751
42368,8069
42369,24605
42370,10653
42371,4860
42372,6395
42373,8780
42374,10592
42375,6104
42376,5408
42377,12533
42378,7725
42379,8450
42380,6201
42381,8450
42382,9541
42383,6387
42384,6225
42385,8086
42386,10130
42387,8605
42388,8309
42389,7899
42390,10090
42391,8112
42392,5798
42393,6618
42394,11407
42395,11850
42396,8114
42397,12129
42398,6456
42399,9937
42400,5343
42401,6638
42402,5353
42403,8876
42404,8802
42405,14290
42406,10517
42407,7473
42408,7595
42409,6803
42410,5015
42411,6763
42412,12126
42413,7729
42414,6606
42415,5817
42416,6771
42417,8791
42418,3690
42419,9254
42420,5321
42421,7673
42422,7909
42423,6374
42424,9102
42425,6135
42426,8746
42427,10477
42428,8851
42429,6951
42430,11311
42431,5997
42432,7810
42433,8651
42434,12795
42435,6599
42436,7062
42437,10778
42438,8263
42439,10665
42440,7850
42441,10870
42442,6567
42443,5814
42444,7193
42445,6992
42446,10473
42447,9186
42448,4728
42449,7348
42450,8774
42451,7792
42452,10937
42453,4348
42454,14682
42455,7071
42456,5685
42457,6884
42458,8070
42459,7321
42460,9408
42461,5877
42462,8077
42463,7301
42464,8896
42465,8555
42466,7490
42467,8001
42468,6212
42469,6881
42470,9015
42471,8616
42472,8622
42473,5047
42474,10439
42475,6478
42476,9414
42477,7594
42478,13686
42479,7287
42480,5725
42481,7779
42482,6163
42483,6499
42484,6270
42485,8951
42486,7821
42487,4254
42488,9940
42489,6897
42490,8311
42491,5108
42492,10693
42493,10666
42494,5295
42495,13285
42496,6780
42497,6661
42498,9828
42499,10713
42500,5786
42501,4979
42502,8682
42503,7570
42504,5128
42505,6931
42506,7138
42507,9458
42508,9712
42509,8261
42510,8560
42511,7453
42512,4830
42513,7672
42514,8406
42515,9264
42516,9271
42517,8618
42518,9782
42519,7262
42520,10477
42521,8273
42522,6882
42523,8384
42524,10671
42525,8007
42526,9131
42527,11601
42528,8630
42529,9589
42530,6633
42531,7959
42532,9501
42533,7118
42534,8575
42535,4659
42536,6115
42537,12964
42538,9665
42539,7007
42540,4742
42541,9690
42542,7912
42543,9119
42544,6936
42545,6453
42546,5962
42547,4957
42548,12022
42549,8726
42550,7649
42551,8428
42552,6562
42553,6839
42554,7493
42555,7603
42556,4965
42557,7922
42558,6572
42559,9784
42560,9542
42561,7621
42562,14135
42563,6998
42564,5648
42565,12324
42566,6250
42567,7583
42568,4850
42569,9797
42570,8605
42571,5846
42572,6927
42573,8148
42574,6632
42575,7431
42576,9271
42577,13342
42578,3402
42579,8632
42580,3917
42581,15977
42582,5295
42583,10255
42584,10534
42585,8116
42586,8119
42587,5312
42588,6685
42589,3674
42590,5801
42591,7405
42592,6173
42593,8433
42594,8978
42595,6455
42596,7574
42597,7041
42598,9099
42599,10794
42600,8584
42601,6211
42602,4391
42603,10745
42604,13477
42605,6971
42606,8857
42607,4924
42608,8859
42609,6040
42610,5366
42611,7391
42612,4924
42613,9317
42614,6980
42615,9886
42616,7824
42617,10367
42618,8999
42619,6133
42620,11135
42621,20026
42622,12795
42623,7004
42624,3843
42625,7023
42626,9931
42627,5760
42628,6878
42629,12709
42630,6388
42631,16198
42632,19612
42633,5087
42634,7608
42635,6623
42636,4952
42637,10133
42638,5785
42639,10795
42640,10310
42641,11719
42642,7933
42643,9216
42644,4266
42645,8256
42646,4412
42647,7768
42648,7978
42649,12445
42650,7141
42651,6589
42652,5025
42653,8547
42654,6969
42655,5675
42656,5526
42657,9464
42658,6885
42659,6783
42660,8924
42661,9829
42662,0
42663,7675
42664,7556
42665,7299
42666,8427
42667,9011
42668,9201
42669,10677
42670,8475
42671,5877
42672,4565
42673,7242
42674,7362
42675,7435
42676,5563
42677,3701
42678,10093
42679,8792
42680,12025
42681,7695
42682,6630
42683,8200
42684,6005
42685,5284
42686,11493
42687,6174
42688,8382
42689,8526
42690,15827
42691,7225
42692,7027
42693,8389
42694,7838
42695,7231
42696,5844
42697,9861
42698,5258
42699,8355
42700,4803
42701,6395
42702,4394
42703,11469
42704,5980
42705,19484
42706,16625
42707,5568
42708,8018
42709,6670
42710,7755
42711,6464
42712,13364
42713,9180
42714,12196
42715,5396
42716,8409
42717,5910
42718,10341
42719,8957
42720,8262
42721,7266
42722,7380
42723,6804
42724,9133
42725,10514
42726,7220
42727,8592
42728,11452
42729,6781
42730,7822
42731,7979
42732,11087
42733,7951
42734,5983
42735,6650
42736,7988
42737,6376
42738,14099
42739,7143
42740,8418
42741,8373
42742,10800
42743,5291
42744,8172
42745,12929
42746,9710
42747,10990
42748,7720
42749,4810
42750,16449
42751,10835
42752,9183
42753,17523
42754,12131
42755,8999
42756,8107
42757,11835
42758,11862
42759,12471
42760,13583
42761,6813
42762,8493
42763,6740
42764,9943
42765,4512
42766,13185
42767,7902
42768,6696
42769,7186
42770,11701
42771,9559
42772,7138
42773,8279
42774,6721
42775,6079
42776,8092
42777,4860
42778,6166
42779,7274
42780,8119
42781,11057
42782,10276
42783,8595
42784,7178
42785,7188
42786,12555
42787,8666
42788,6718
42789,6384
42790,5811
42791,11167
42792,4455
42793,11151
42794,7960
42795,3894
42796,6228
42797,10121
42798,7315
42799,6083
42800,9573
42801,10410
42802,13201
42803,7253
42804,11248
42805,3569
42806,6411
42807,8770
42808,6994
42809,8504
42810,7008
42811,7135
42812,5860
42813,6230
42814,12853
42815,9405
42816,5985
42817,5583
42818,9495
42819,12839
42820,10977
42821,6583
42822,6633
42823,14126
42824,7519
42825,8568
42826,7421
42827,6109
42828,8093
42829,11958
42830,4988
42831,5327
42832,6000
42833,6754
42834,10914
42835,9651
42836,9658
42837,15391
42838,6652
42839,13629
42840,14746
42841,8074
42842,5665
42843,4151
42844,9527
42845,7489
42846,7241
42847,7253
42848,8103
42849,14467
42850,5859
42851,6995
42852,9041
42853,7246
42854,7937
42855,6065
42856,5372
42857,8174
42858,4177
42859,10830
42860,9405
42861,8829
42862,9631
42863,9987
42864,9159
42865,7033
42866,8886
42867,10512
42868,7584
42869,7097
42870,6704
42871,5787
42872,11693
42873,8553
42874,7142
42875,6985
42876,8501
42877,9713
42878,8498
42879,7571
42880,9498
42881,5634
42882,6652
42883,19291
42884,8444
42885,9375
42886,7685
42887,7667
42888,7497
42889,6581
42890,5282
42891,6030
42892,9895
42893,15038
42894,9861
42895,9992
42896,14458
42897,11891
42898,13048
42899,9063
42900,8432
42901,5321
42902,11391
42903,13323
42904,9576
42905,9601
42906,10289
42907,7675
42908,4546
42909,12376
42910,8760
42911,8275
42912,7862
42913,4302
42914,16680
42915,13961
42916,15744
42917,7083
42918,6506
42919,5106
42920,6811
42921,7257
42922,11071
42923,8003
42924,5842
42925,5941
42926,8902
42927,4759
42928,3671
42929,8154
42930,16548
42931,7757
42932,18471
42933,5252
42934,6402
42935,8037
42936,6606
42937,6070
42938,5648
42939,4874
42940,4836
42941,9525
42942,7717
42943,5274
42944,11330
42945,8300
42946,8083
42947,5161
42948,12197
42949,8874
42950,10676
42951,6747
42952,8510
42953,4906
42954,5765
42955,5494
42956,16300
42957,11899
42958,7079
42959,7063
42960,5801
42961,7086
42962,5219
42963,11172
42964,5059
42965,17269
42966,5264
42967,6087
42968,7134
42969,10269
42970,8647
42971,5558
42972,7691
42973,9806
42974,8604
42975,9312
42976,6560
42977,5503
42978,13752
42979,5288
42980,5127
42981,6802
42982,7817
42983,7252
42984,6951
42985,10779
42986,9578
42987,7871
42988,7925
42989,5930
42990,9673
42991,6934
42992,4900
42993,8255
42994,7617
42995,7818
42996,11153
42997,7617
42998,7346
42999,7695
43000,8003
43001,6708
43002,7952
43003,7622
43004,8674
43005,8542
43006,8731
43007,10656
43008,7177
43009,5430
43010,13473
43011,7098
43012,4042
43013,9126
43014,10088
43015,13946
43016,6094
43017,6862
43018,7277
43019,4587
43020,7420
43021,8166
43022,8379
43023,7022
43024,8859
43025,10641
43026,3909
43027,7404
43028,6848
43029,6604
43030,6501
43031,7348
43032,10852
43033,6995
43034,6251
43035,9746
43036,9548
43037,9592
43038,10561
43039,5500
43040,8198
43041,8495
43042,9641
43043,10119
43044,9534
43045,4438
43046,8681
43047,8379
43048,8845
43049,10723
43050,5512
43051,4874
43052,13699
43053,10033
43054,10638
43055,7593
43056,7980
43057,10126
43058,4748
43059,7673
43060,6676
43061,9009
43062,8314
43063,9478
43064,9766
43065,7531
43066,9976
43067,12511
43068,16575
43069,8766
43070,5748
43071,7661
43072,5348
43073,3985
43074,12663
43075,9534
43076,6516
43077,10274
43078,6298
43079,11802
43080,5674
43081,7549
43082,7363
43083,10654
43084,6168
43085,8248
43086,6751
43087,6706
43088,8699
43089,5800
43090,8394
43091,7979
43092,10439
43093,9321
43094,7596
43095,6513
43096,13808
43097,5622
43098,6055
43099,12870
43100,8132
43101,10743
43102,10508
43103,14673
43104,6904
43105,6765
43106,6124
43107,7536
43108,9333
43109,13168
43110,8548
43111,9220
43112,8988
43113,4669
43114,8778
43115,9677
43116,8206
43117,9817
43118,6902
43119,5751
43120,5872
43121,4556
43122,6698
43123,10026
43124,9317
43125,12658
43126,18612
43127,8922
43128,5967
43129,8956
43130,7925
43131,10237
43132,5019
43133,7081
43134,4893
43135,11086
43136,7743
43137,7193
43138,15225
43139,11792
43140,5729
43141,8143
43142,4297
43143,5678
43144,6079
43145,9646
43146,5992
43147,5353
43148,7466
43149,9815
43150,8993
43151,6243
43152,6318
43153,7830
43154,8588
43155,8625
43156,4717
43157,11930
43158,19233
43159,4078
43160,7990
43161,10432
43162,9034
43163,6428
43164,3514
43165,5817
43166,9564
43167,5990
43168,9649
43169,10417
43170,5208
43171,7104
43172,8248
43173,7288
43174,5863
43175,6877
43176,9220
43177,10535
43178,8854
43179,12228
43180,6422
43181,4282
43182,7507
43183,7036
43184,10177
43185,7266
43186,5240
43187,23565
43188,8201
43189,6646
43190,13716
43191,8031
43192,9714
43193,7051
43194,8526
43195,5929
43196,10023
43197,14635
43198,6625
43199,6903
43200,7892
43201,15674
43202,7735
43203,6281
43204,6946
43205,6320
43206,7435
43207,4887
43208,10337
43209,4806
43210,8006
43211,3272
43212,21331
43213,9918
43214,5033
43215,5154
43216,11742
43217,7408
43218,8557
43219,9162
43220,7512
43221,5718
43222,5629
43223,11545
43224,6971
43225,8021
43226,7969
43227,9183
43228,6074
43229,8679
43230,7374
43231,4595
43232,9941
43233,10639
43234,5631
43235,8168
43236,8200
43237,6101
43238,10470
43239,7485
43240,7692
43241,7174
43242,8387
43243,4055
43244,5249
43245,6069
43246,0
43247,7445
43248,10174
43249,4937
43250,9661
43251,5249
43252,7031
43253,5217
43254,7575
43255,6866
43256,7913
43257,8567
43258,9337
43259,4880
43260,7459
43261,7730
43262,9249
43263,7709
43264,10151
43265,11535
43266,7251
43267,3890
43268,9406
43269,6800
43270,7505
43271,8209
43272,4734
43273,12104
43274,6210
43275,7621
43276,11794
43277,7655
43278,5275
43279,13540
43280,7266
43281,11084
43282,6145
43283,11502
43284,11465
43285,6931
43286,6241
43287,7805
43288,6298
43289,7314
43290,7046
43291,10719
43292,7924
43293,5753
43294,5364
43295,8137
43296,8968
43297,7728
43298,10249
43299,6649
43300,7557
43301,5934
43302,9166
43303,8774
43304,7947
43305,6834
43306,7222
43307,9121
43308,10353
43309,6545
43310,9048
43311,7007
43312,7504
43313,7710
43314,8236
43315,4782
43316,5013
43317,8944
43318,7957
43319,6886
43320,7430
43321,9438
43322,6457
43323,6958
43324,7866
43325,5831
43326,3870
43327,10300
43328,4403
43329,8327
43330,8340
43331,7132
43332,8839
43333,15806
43334,11247
43335,9825
43336,5449
43337,9009
43338,8170
43339,4797
43340,3729
43341,9923
43342,4465
43343,9580
43344,14658
43345,8489
43346,8195
43347,6428
43348,8610
43349,7995
43350,7757
43351,8359
43352,10083
43353,9942
43354,8081
43355,9901
43356,6075
43357,7735
43358,5336
43359,6740
43360,6866
43361,6024
43362,6124
43363,9360
43364,6331
43365,10673
43366,9198
43367,6136
43368,5472
43369,11663
43370,8689
43371,7724
43372,7403
43373,9146
43374,6666
43375,6953
43376,8190
43377,8300
43378,6668
43379,5808
43380,10805
43381,7727
43382,6303
43383,4430
43384,13971
43385,7125
43386,7284
43387,7668
43388,13138
43389,10465
43390,9049
43391,9381
43392,8297
43393,6749
43394,6841
43395,8025
43396,12081
43397,16057
43398,6729
43399,6608
43400,4606
43401,6239
43402,11993
43403,16901
43404,8503
43405,6444
43406,5568
43407,6966
43408,6551
43409,11392
43410,10260
43411,7262
43412,4808
43413,9499
43414,7857
43415,11443
43416,10808
43417,5991
43418,9536
43419,4574
43420,7901
43421,10389
43422,8355
43423,10438
43424,8071
43425,8811
43426,5342
43427,7096
43428,8801
43429,9520
43430,8250
43431,9723
43432,7710
43433,5243
43434,11000
43435,5181
43436,11750
43437,7259
43438,5738
43439,8177
43440,8427
43441,7228
43442,8532
43443,11022
43444,6060
43445,11713
43446,4747
43447,5550
43448,10240
43449,10413
43450,11647
43451,7307
43452,8210
43453,6601
43454,6947
43455,8280
43456,7338
43457,7357
43458,6442
43459,11511
43460,8216
43461,9777
43462,13315
43463,9083
43464,5690
43465,5638
43466,6833
43467,10005
43468,6111
43469,10064
43470,6380
43471,11789
43472,7709
43473,6963
43474,6192
43475,6655
43476,6122
43477,8447
43478,7965
43479,6592
43480,6302
43481,6088
43482,10504
43483,7030
43484,22557
43485,8068
43486,4855
43487,6578
43488,8257
43489,10150
43490,5841
43491,5286
43492,11206
43493,7282
43494,7725
43495,5928
43496,8955
43497,9214
43498,6568
43499,5619
43500,7906
43501,9766
43502,7558
43503,8005
43504,7915
43505,9562
43506,6998
43507,5415
43508,6419
43509,11128
43510,11096
43511,7699
43512,11081
43513,5602
43514,9152
43515,4601
43516,6537
43517,5313
43518,8390
43519,8422
43520,13027
43521,10236
43522,7347
43523,7207
43524,6738
43525,4753
43526,6663
43527,11921
43528,7073
43529,6306
43530,5901
43531,6587
43532,8966
43533,3535
43534,9194
43535,5160
43536,7895
43537,7821
43538,6441
43539,9035
43540,5843
43541,8648
43542,9363
43543,8405
43544,6171
43545,10955
43546,6213
43547,7129
43548,8728
43549,12185
43550,5840
43551,6978
43552,9903
43553,8890
43554,9836
43555,7459
43556,10314
43557,5483
43558,5204
43559,6965
43560,6962
43561,9948
43562,8474
43563,4654
43564,6863
43565,8149
43566,7747
43567,10133
43568,4195
43569,14717
43570,7023
43571,5577
43572,6525
43573,7345
43574,6915
43575,9280
43576,5648
43577,7667
43578,6749
43579,8157
43580,7698
43581,6694
43582,7485
43583,6087
43584,6891
43585,9035
43586,8441
43587,8090
43588,4778
43589,9907
43590,6271
43591,9247
43592,7390
43593,13271
43594,7134
43595,5705
43596,7482
43597,6034
43598,6465
43599,6048
43600,8803
43601,7428
43602,4141
43603,9209
43604,6634
43605,7882
43606,5024
43607,11108
43608,10336
43609,5041
43610,13071
43611,6640
43612,6231
43613,9306
43614,9795
43615,5601
43616,4712
43617,8599
43618,7181
43619,4926
43620,6869
43621,6890
43622,9122
43623,8799
43624,7875
43625,8408
43626,6893
43627,4655
43628,7294
43629,8534
43630,9061
43631,8930
43632,8504
43633,8960
43634,6784
43635,10228
43636,7850
43637,6765
43638,7992
43639,10132
43640,7862
43641,8308
43642,10753
43643,9003
43644,8905
43645,6199
43646,7568
43647,8296
43648,6850
43649,7951
43650,4488
43651,6099
43652,12007
43653,9467
43654,6457
43655,4706
43656,8883
43657,7733
43658,8612
43659,6742
43660,6302
43661,5771
43662,4733
43663,11437
43664,7907
43665,7480
43666,7735
43667,6254
43668,6418
43669,7290
43670,7434
43671,4589
43672,6691
43673,6484
43674,9343
43675,9066
43676,7379
43677,13893
43678,7131
43679,6032
43680,11817
43681,5875
43682,7788
43683,3641
43684,9312
43685,8396
43686,5706
43687,6800
43688,8735
43689,6415
43690,7198
43691,8632
43692,13160
43693,3218
43694,7981
43695,3929
43696,14445
43697,5873
43698,9392
43699,10116
43700,8270
43701,7823
43702,5240
43703,6080
43704,3450
43705,5475
43706,7367
43707,5695
43708,8044
43709,8998
43710,5959
43711,6916
43712,6860
43713,8645
43714,10378
43715,8404
43716,6326
43717,4308
43718,10461
43719,12930
43720,6247
43721,8333
43722,4880
43723,8330
43724,5970
43725,5274
43726,7131
43727,4579
43728,8823
43729,6637
43730,9603
43731,7484
43732,9963
43733,9020
43734,6042
43735,10549
43736,19419
43737,12115
43738,6599
43739,3713
43740,7119
43741,9434
43742,5359
43743,6326
43744,12675
43745,6261
43746,14919
43747,19217
43748,4986
43749,7075
43750,6249
43751,4790
43752,9673
43753,6144
43754,10419
43755,9912
43756,9839
43757,7196
43758,8542
43759,4095
43760,8138
43761,4219
43762,7506
43763,7870
43764,11646
43765,7333
43766,6542
43767,4720
43768,8273
43769,6222
43770,5534
43771,4861
43772,9132
43773,6863
43774,6579
43775,7816
43776,9068
43777,0
43778,7175
43779,6626
43780,7372
43781,7882
43782,8476
43783,9254
43784,10178
43785,7924
43786,6314
43787,4538
43788,7308
43789,7162
43790,7329
43791,5195
43792,3219
43793,9418
43794,8244
43795,11850
43796,7318
43797,6292
43798,7429
43799,5990
43800,5179
43801,10583
43802,6266
43803,8204
43804,8484
43805,15317
43806,7067
43807,5821
43808,7908
43809,6311
43810,6672
43811,5779
43812,8983
43813,5081
43814,8123
43815,4832
43816,6103
43817,4191
43818,11172
43819,5940
43820,18407
43821,15389
43822,5338
43823,7540
43824,6394
43825,7427
43826,6200
43827,12784
43828,8737
43829,11175
43830,5008
43831,8270
43832,5985
43833,9652
43834,8689
43835,7626
43836,6870
43837,7372
43838,6888
43839,8792
43840,10059
43841,7509
43842,7818
43843,10836
43844,6743
43845,7355
43846,7904
43847,10239
43848,7547
43849,5712
43850,6797
43851,7123
43852,6204
43853,14043
43854,6851
43855,8065
43856,7999
43857,9812
43858,5289
43859,7788
43860,11183
43861,8895
43862,10118
43863,7209
43864,4688
43865,16539
43866,10096
43867,8698
43868,17416
43869,10108
43870,8716
43871,7844
43872,10746
43873,11208
43874,11824
43875,13005
43876,6352
43877,7953
43878,6515
43879,9480
43880,4256
43881,11978
43882,7432
43883,6715
43884,6867
43885,10380
43886,8731
43887,6944
43888,7943
43889,6720
43890,5485
43891,7917
43892,4764
43893,6172
43894,6621
43895,8390
43896,10850
43897,9834
43898,8196
43899,6900
43900,6480
43901,11947
43902,7993
43903,6513
43904,6054
43905,5743
43906,10883
43907,4520
43908,11039
43909,7711
43910,3671
43911,6007
43912,8981
43913,7442
43914,5938
43915,9469
43916,10112
43917,13112
43918,6883
43919,11312
43920,3356
43921,5933
43922,8694
43923,6381
43924,7865
43925,6963
43926,6997
43927,5683
43928,5814
43929,13033
43930,9186
43931,5725
43932,5310
43933,9185
43934,12090
43935,10612
43936,5938
43937,6000
43938,14371
43939,7485
43940,9456
43941,6826
43942,5980
43943,7800
43944,11050
43945,4310
43946,5498
43947,5312
43948,6455
43949,11010
43950,9345
43951,9002
43952,14487
43953,6731
43954,12865
43955,14136
43956,8223
43957,5475
43958,3875
43959,9145
43960,7096
43961,6856
43962,7002
43963,7641
43964,12690
43965,5661
43966,6660
43967,8731
43968,6092
43969,8003
43970,5918
43971,5054
43972,8152
43973,3990
43974,8858
43975,8997
43976,8714
43977,8864
43978,9501
43979,8786
43980,6611
43981,8289
43982,9564
43983,7308
43984,6930
43985,6635
43986,6475
43987,11009
43988,8360
43989,6811
43990,6428
43991,8508
43992,9093
43993,7932
43994,6943
43995,9298
43996,5474
43997,6730
43998,18106
43999,7546
44000,9348
44001,7173
44002,7185
44003,7181
44004,6568
44005,5208
44006,5863
44007,9834
44008,14114
44009,9665
44010,9432
44011,12198
44012,11329
44013,12147
44014,8624
44015,8357
44016,5142
44017,10988
44018,12390
44019,9420
44020,9076
44021,8996
44022,7625
44023,4113
44024,11854
44025,8379
44026,7523
44027,7270
44028,3716
44029,14810
44030,13262
44031,14646
44032,6956
44033,6099
44034,4906
44035,6754
44036,6996
44037,9887
44038,8217
44039,5694
44040,5890
44041,7728
44042,5152
44043,3525
44044,7512
44045,15749
44046,7576
44047,18139
44048,4898
44049,6104
44050,7820
44051,6146
44052,5855
44053,5489
44054,4661
44055,4891
44056,9048
44057,7508
44058,4895
44059,10939
44060,6919
44061,7879
44062,5038
44063,12093
44064,8696
44065,10553
44066,6115
44067,7649
44068,4709
44069,5797
44070,5545
44071,17077
44072,11883
44073,7047
44074,6568
44075,5771
44076,6787
44077,4967
44078,10495
44079,4660
44080,16303
44081,5105
44082,5761
44083,6532
44084,9836
44085,8623
44086,5265
44087,7183
44088,9112
44089,8256
44090,8940
44091,6327
44092,4652
44093,11996
44094,4990
44095,4625
44096,6409
44097,7553
44098,6831
44099,6957
44100,10062
44101,9031
44102,7367
44103,7643
44104,5905
44105,9532
44106,6705
44107,5015
44108,7756
44109,7344
44110,7184
44111,10812
44112,7452
44113,7248
44114,7619
44115,7132
44116,6366
44117,7879
44118,7719
44119,8146
44120,6922
44121,7980
44122,10274
44123,7259
44124,5211
44125,13433
44126,6512
44127,3961
44128,8458
44129,9986
44130,13439
44131,5824
44132,6731
44133,6985
44134,4446
44135,6889
44136,7905
44137,7674
44138,6460
44139,7782
44140,10456
44141,3685
44142,7220
44143,6643
44144,6147
44145,6058
44146,7176
44147,10092
44148,6717
44149,5841
44150,8952
44151,9273
44152,9050
44153,9878
44154,5771
44155,7957
44156,7904
44157,9324
44158,9777
44159,9514
44160,4197
44161,8663
44162,8461
44163,8230
44164,10783
44165,5551
44166,4638
44167,13220
44168,9251
44169,9955
44170,6902
44171,7107
44172,9849
44173,4335
44174,7365
44175,6451
44176,8303
44177,7380
44178,7841
44179,9444
44180,6931
44181,10292
44182,11911
44183,16117
44184,8000
44185,5297
44186,7100
44187,5232
44188,3656
44189,11928
44190,8907
44191,6370
44192,9197
44193,5961
44194,10974
44195,5515
44196,7295
44197,6875
44198,11018
44199,6248
44200,8143
44201,6503
44202,6324
44203,7882
44204,5611
44205,8487
44206,7886
44207,10308
44208,9077
44209,7340
44210,6328
44211,12694
44212,5292
44213,6100
44214,11368
44215,8040
44216,10278
44217,10205
44218,15045
44219,6546
44220,6523
44221,5877
44222,7055
44223,8643
44224,12392
44225,8304
44226,8589
44227,8580
44228,4579
44229,8480
44230,9190
44231,7991
44232,8937
44233,6371
44234,5396
44235,5969
44236,4291
44237,6449
44238,9384
44239,8544
44240,11492
44241,18114
44242,8321
44243,5918
44244,8921
44245,7484
44246,10116
44247,5071
44248,7112
44249,4726
44250,10320
44251,7676
44252,6799
44253,14584
44254,12465
44255,5727
44256,7810
44257,4416
44258,5603
44259,5830
44260,9624
44261,5624
44262,5413
44263,6720
44264,8241
44265,7173
44266,5566
44267,5971
44268,7468
44269,7371
44270,8321
44271,4384
44272,11567
44273,18740
44274,4029
44275,7707
44276,9319
44277,8589
44278,5990
44279,3427
44280,5678
44281,8662
44282,5766
44283,8452
44284,9726
44285,5034
44286,6836
44287,8047
44288,7160
44289,5825
44290,7226
44291,9022
44292,10235
44293,8300
44294,11496
44295,6254
44296,4170
44297,7160
44298,6698
44299,9135
44300,7092
44301,4983
44302,22933
44303,7694
44304,6552
44305,13034
44306,7754
44307,9447
44308,6917
44309,8379
44310,5738
44311,9367
44312,14343
44313,5972
44314,6558
44315,7574
44316,15023
44317,7332
44318,5987
44319,6663
44320,6107
44321,6917
44322,4522
44323,9795
44324,4708
44325,7664
44326,3280
44327,20530
44328,9570
44329,5316
44330,5143
44331,10153
44332,7204
44333,8499
44334,8943
44335,6842
44336,5938
44337,5044
44338,10952
44339,6744
44340,7630
44341,7848
44342,8830
44343,5709
44344,8352
44345,6939
44346,4606
44347,9438
44348,9987
44349,5727
44350,7915
44351,7999
44352,6241
44353,10009
44354,6584
44355,7312
44356,7254
44357,8068
44358,4016
44359,5239
44360,6038
44361,0
44362,8101
44363,9643
44364,4889
44365,9007
44366,5513
44367,6715
44368,4875
44369,7238
44370,6850
44371,7534
44372,7865
44373,9357
44374,4869
44375,7128
44376,7753
44377,8469
44378,7673
44379,10296
44380,11132
44381,7186
44382,3910
44383,7931
44384,5778
44385,6915
44386,7632
44387,4775
44388,12034
44389,6131
44390,7316
44391,11313
44392,7067
44393,4810
44394,12757
44395,6776
44396,11284
44397,6145
44398,10195
44399,10432
44400,6957
44401,5839
44402,7379
44403,6052
44404,6896
44405,6936
44406,9706
44407,7615
44408,5732
44409,5020
44410,7653
44411,8287
44412,7124
44413,9698
44414,6466
44415,7356
44416,5892
44417,8692
44418,8705
44419,7340
44420,6812
44421,7022
44422,8490
44423,9761
44424,6360
44425,8456
44426,6240
44427,6875
44428,7648
44429,7866
44430,4900
44431,4619
44432,9429
44433,8058
44434,6350
44435,7114
44436,8663
44437,6321
44438,6274
44439,7716
44440,5897
44441,3745
44442,9501
44443,4291
44444,7948
44445,7870
44446,6680
44447,7470
44448,13085
44449,11318
44450,9868
44451,5252
44452,8349
44453,7697
44454,4784
44455,3355
44456,8832
44457,4080
44458,8797
44459,14236
44460,8160
44461,7838
44462,5488
44463,8081
44464,7357
44465,6968
44466,7951
44467,9278
44468,9427
44469,7536
44470,9735
44471,5860
44472,7316
44473,5120
44474,6218
44475,6747
44476,5846
44477,5965
44478,8425
44479,5723
44480,10172
44481,7783
44482,5817
44483,5224
44484,10683
44485,8331
44486,6677
44487,7120
44488,7650
44489,6977
44490,6527
44491,7773
44492,8363
44493,6645
44494,5537
44495,11138
44496,7841
44497,6526
44498,4329
44499,12305
44500,6841
44501,6789
44502,7119
44503,12645
44504,10007
44505,8826
44506,8926
44507,7957
44508,6585
44509,6719
44510,7633
44511,10605
44512,15795
44513,6054
44514,5955
44515,4240
44516,5494
44517,10123
44518,15041
44519,7188
44520,5411
44521,5422
44522,6946
44523,6520
44524,11703
44525,9565
44526,7144
44527,4743
44528,8763
44529,7547
44530,11483
44531,10673
44532,5605
44533,8655
44534,4339
44535,8054
44536,9942
44537,7921
44538,10116
44539,7548
44540,8535
44541,5212
44542,6972
44543,7918
44544,9275
44545,8166
44546,9334
44547,7378
44548,5022
44549,10381
44550,5142
44551,10931
44552,7066
44553,5740
44554,9160
44555,8150
44556,6774
44557,8390
44558,10588
44559,5803
44560,11239
44561,4483
44562,5075
44563,9340
44564,9336
44565,11459
44566,6989
44567,7330
44568,6249
44569,6401
44570,8029
44571,6762
44572,7244
44573,6100
44574,10811
44575,8301
44576,9143
44577,12986
44578,9310
44579,5454
44580,5247
44581,6623
44582,9850
44583,5878
44584,10268
44585,5719
44586,11214
44587,7314
44588,6628
44589,5961
44590,6331
44591,5739
44592,7513
44593,7023
44594,5973
44595,5534
44596,5387
44597,9966
44598,7143
44599,22361
44600,8042
44601,5028
44602,6183
44603,8563
44604,11695
44605,5783
44606,5631
44607,12479
44608,8389
44609,8453
44610,6196
44611,9212
44612,9716
44613,6969
44614,6299
44615,8909
44616,10000
44617,8246
44618,8664
44619,8685
44620,11120
44621,7760
44622,5693
44623,6747
44624,11903
44625,13362
44626,8732
44627,11997
44628,6545
44629,10060
44630,5482
44631,7139
44632,5545
44633,9349
44634,9366
44635,14325
44636,10908
44637,8437
44638,7303
44639,7816
44640,5315
44641,7400
44642,12528
44643,7515
44644,6487
44645,6444
44646,7248
44647,9711
44648,3640
44649,9440
44650,5570
44651,8715
44652,8510
44653,6949
44654,10160
44655,6046
44656,9714
44657,10339
44658,8571
44659,6982
44660,10891
44661,6053
44662,7534
44663,10232
44664,14061
44665,6873
44666,7433
44667,10683
44668,9871
44669,10801
44670,8074
44671,11253
44672,6082
44673,5751
44674,7468
44675,7673
44676,10768
44677,9230
44678,5229
44679,6976
44680,9024
44681,7920
44682,11734
44683,4254
44684,14682
44685,7664
44686,6095
44687,6910
44688,7720
44689,7410
44690,10454
44691,5913
44692,8519
44693,7055
44694,9098
44695,8159
44696,6733
44697,8521
44698,6735
44699,7255
44700,9608
44701,9649
44702,9489
44703,5056
44704,10690
44705,6784
44706,9554
44707,8237
44708,14505
44709,7813
44710,6245
44711,8046
44712,6531
44713,6718
44714,6480
44715,9244
44716,8105
44717,4490
44718,10738
44719,6840
44720,8390
44721,5255
44722,11536
44723,10530
44724,5680
44725,14177
44726,7522
44727,6665
44728,9554
44729,10654
44730,6109
44731,5184
44732,9577
44733,7762
44734,5068
44735,7522
44736,7550
44737,9911
44738,10067
44739,8288
44740,9076
44741,7556
44742,4910
44743,7822
44744,9307
44745,9922
44746,10008
44747,9339
44748,9474
44749,6929
44750,11126
44751,8700
44752,6679
44753,8353
44754,11410
44755,8314
44756,10095
44757,10929
44758,9669
44759,9555
44760,6949
44761,8233
44762,9407
44763,7396
44764,8435
44765,4527
44766,6853
44767,12404
44768,9624
44769,7076
44770,5173
44771,9751
44772,8267
44773,9694
44774,7190
44775,6820
44776,6240
44777,5166
44778,12403
44779,8987
44780,8506
44781,8139
44782,7040
44783,6029
44784,7804
44785,8339
44786,4865
44787,7500
44788,7138
44789,9835
44790,9454
44791,7897
44792,14797
44793,6371
44794,6565
44795,12557
44796,6595
44797,8095
44798,3993
44799,10292
44800,9368
44801,6869
44802,7186
44803,8346
44804,6813
44805,7929
44806,10507
44807,13484
44808,3690
44809,8998
44810,4337
44811,15940
44812,5804
44813,9963
44814,10449
44815,8954
44816,8867
44817,6037
44818,6626
44819,3568
44820,5846
44821,8204
44822,6253
44823,8432
44824,9186
44825,6983
44826,7356
44827,7368
44828,10067
44829,11572
44830,9875
44831,6971
44832,5041
44833,10963
44834,13102
44835,6981
44836,8925
44837,5004
44838,9545
44839,6504
44840,5454
44841,7607
44842,5062
44843,9200
44844,6960
44845,10372
44846,8581
44847,10996
44848,10059
44849,7072
44850,11099
44851,20431
44852,12923
44853,7221
44854,3947
44855,7995
44856,10680
44857,6008
44858,6932
44859,13984
44860,6776
44861,15701
44862,20402
44863,5290
44864,7954
44865,6369
44866,5240
44867,12814
44868,6242
44869,10898
44870,11004
44871,9899
44872,7834
44873,9309
44874,4659
44875,8013
44876,4522
44877,7978
44878,8840
44879,11753
44880,7906
44881,7264
44882,5206
44883,8951
44884,6560
44885,5795
44886,5358
44887,9826
44888,7685
44889,6962
44890,8168
44891,9868
44892,0
44893,7963
44894,7373
44895,7117
44896,8495
44897,8688
44898,9960
44899,10873
44900,9392
44901,6551
44902,4960
44903,7564
44904,8411
44905,7920
44906,5484
44907,3859
44908,10007
44909,8838
44910,13136
44911,8002
44912,6800
44913,8825
44914,6699
44915,5784
44916,11339
44917,6526
44918,8785
44919,9544
44920,17488
44921,8018
44922,6883
44923,8927
44924,7214
44925,8983
44926,6860
44927,10109
44928,5359
44929,8976
44930,5399
44931,6603
44932,4308
44933,12415
44934,6711
44935,18772
44936,16475
44937,6318
44938,8058
44939,6879
44940,8067
44941,6994
44942,13692
44943,9699
44944,12429
44945,5352
44946,8552
44947,6790
44948,10287
44949,8993
44950,8205
44951,7684
44952,8472
44953,7680
44954,9520
44955,11897
44956,8099
44957,9334
44958,11757
44959,7559
44960,8185
44961,9056
44962,11042
44963,8553
44964,6355
44965,7315
44966,8172
44967,6793
44968,14799
44969,7455
44970,9450
44971,8446
44972,10920
44973,5625
44974,8485
44975,12689
44976,9981
44977,12253
44978,7998
44979,5247
44980,17195
44981,11209
44982,10257
44983,19565
44984,12342
44985,9204
44986,8535
44987,12044
44988,12482
44989,12579
44990,13787
44991,7299
44992,8579
44993,7211
44994,10311
44995,4681
44996,14476
44997,7883
44998,7283
44999,7259
45000,11375
45001,9221
45002,7286
45003,8170
45004,6760
45005,5852
45006,8796
45007,5333
45008,6745
45009,7350
45010,8421
45011,11497
45012,10425
45013,9012
45014,7649
45015,6888
45016,13365
45017,8733
45018,7197
45019,6990
45020,6166
45021,12662
45022,4721
45023,11541
45024,8992
45025,4037
45026,5880
45027,9661
45028,7937
45029,6493
45030,10125
45031,11514
45032,13366
45033,7561
45034,12101
45035,3278
45036,6676
45037,8465
45038,6688
45039,8533
45040,7518
45041,7983
45042,6524
45043,6047
45044,13486
45045,9768
45046,6674
45047,5541
45048,9758
45049,13154
45050,13546
45051,6462
45052,7019
45053,13816
45054,7473
45055,9427
45056,7368
45057,6519
45058,8353
45059,12845
45060,5162
45061,5506
45062,5960
45063,6802
45064,11694
45065,9821
45066,9515
45067,16188
45068,7208
45069,14077
45070,14631
45071,8985
45072,6417
45073,4468
45074,9836
45075,7425
45076,7073
45077,7585
45078,8567
45079,14498
45080,6206
45081,7578
45082,9745
45083,7194
45084,9212
45085,6317
45086,6095
45087,9042
45088,4030
45089,10377
45090,9663
45091,9167
45092,9500
45093,10697
45094,9692
45095,7459
45096,9439
45097,10241
45098,7626
45099,7358
45100,6921
45101,6134
45102,12508
45103,9801
45104,8326
45105,7219
45106,9151
45107,10396
45108,9241
45109,7260
45110,9828
45111,5926
45112,7801
45113,19955
45114,8033
45115,10606
45116,8155
45117,7501
45118,7603
45119,7355
45120,5385
45121,6986
45122,10856
45123,15380
45124,10675
45125,10061
45126,13807
45127,12805
45128,13215
45129,9983
45130,8694
45131,5543
45132,11718
45133,13269
45134,9840
45135,9580
45136,10662
45137,7864
45138,4405
45139,12435
45140,8676
45141,8617
45142,7632
45143,3840
45144,15996
45145,15030
45146,16043
45147,7801
45148,6236
45149,5302
45150,7001
45151,8511
45152,9689
45153,8985
45154,5804
45155,6426
45156,8859
45157,5081
45158,3934
45159,8752
45160,16766
45161,8288
45162,19524
45163,5750
45164,6784
45165,7947
45166,6894
45167,6932
45168,6012
45169,4767
45170,5458
45171,9942
45172,8190
45173,4900
45174,11096
45175,7131
45176,9039
45177,5683
45178,12922
45179,9659
45180,12019
45181,6301
45182,8407
45183,5111
45184,6152
45185,6681
45186,16406
45187,12478
45188,8044
45189,7436
45190,6348
45191,7503
45192,6141
45193,13716
45194,4924
45195,17501
45196,5475
45197,6328
45198,6952
45199,10733
45200,9904
45201,5527
45202,7912
45203,9721
45204,9010
45205,9319
45206,6614
45207,5135
45208,12978
45209,5220
45210,4910
45211,6503
45212,8253
45213,7290
45214,7126
45215,10631
45216,10264
45217,7758
45218,8233
45219,5920
45220,10146
45221,7170
45222,5620
45223,8648
45224,8002
45225,7501
45226,11933
45227,7766
45228,8822
45229,8142
45230,7730
45231,7144
45232,8743
45233,8359
45234,8522
45235,7994
45236,8115
45237,11423
45238,7552
45239,5385
45240,14145
45241,7550
45242,4024
45243,9955
45244,10664
45245,14896
45246,6227
45247,7667
45248,7414
45249,4643
45250,7200
45251,8193
45252,8989
45253,7150
45254,8073
45255,11924
45256,4038
45257,8452
45258,7150
45259,6286
45260,6612
45261,7741
45262,10835
45263,6801
45264,6692
45265,9638
45266,10172
45267,10213
45268,10569
45269,6035
45270,8675
45271,8258
45272,9981
45273,10643
45274,10496
45275,6357
45276,9726
45277,9293
45278,9427
45279,10932
45280,6156
45281,5016
45282,14091
45283,10249
45284,10498
45285,7030
45286,8004
45287,10084
45288,4921
45289,8030
45290,6929
45291,9704
45292,8338
45293,8376
45294,10032
45295,7661
45296,10792
45297,13394
45298,17334
45299,8621
45300,5846
45301,7533
45302,5712
45303,3829
45304,12800
45305,10284
45306,6862
45307,10459
45308,6610
45309,11863
45310,6229
45311,7667
45312,7533
45313,11449
45314,6753
45315,8076
45316,6817
45317,6829
45318,8292
45319,6585
45320,9540
45321,8908
45322,11238
45323,10235
45324,8280
45325,7157
45326,13705
45327,5567
45328,6956
45329,12443
45330,8572
45331,10774
45332,10836
45333,16076
45334,7198
45335,6787
45336,6521
45337,8213
45338,10002
45339,13203
45340,8504
45341,10266
45342,9463
45343,4738
45344,8998
45345,9299
45346,8866
45347,10335
45348,7260
45349,5714
45350,6374
45351,4407
45352,7204
45353,10618
45354,10282
45355,12832
45356,19835
45357,8272
45358,6141
45359,9530
45360,8059
45361,11094
45362,5590
45363,7545
45364,5272
45365,11663
45366,8007
45367,7165
45368,16613
45369,13363
45370,6119
45371,8334
45372,4919
45373,5990
45374,6405
45375,10441
45376,6126
45377,6021
45378,6944
45379,8875
45380,8645
45381,5920
45382,6789
45383,8540
45384,8273
45385,9351
45386,4773
45387,12480
45388,19771
45389,4237
45390,8508
45391,10993
45392,9569
45393,6300
45394,3886
45395,6011
45396,9346
45397,6211
45398,9172
45399,10719
45400,5446
45401,7598
45402,9324
45403,7623
45404,6029
45405,7558
45406,9522
45407,10496
45408,9352
45409,11384
45410,6692
45411,4658
45412,7649
45413,6942
45414,10515
45415,7706
45416,5976
45417,22985
45418,8289
45419,6950
45420,13811
45421,8767
45422,10003
45423,7484
45424,8783
45425,6009
45426,10433
45427,15373
45428,6830
45429,6883
45430,7540
45431,16226
45432,8087
45433,6433
45434,7250
45435,6883
45436,7286
45437,4966
45438,10830
45439,5073
45440,8375
45441,3310
45442,21335
45443,10848
45444,5457
45445,5546
45446,11833
45447,8267
45448,9083
45449,9932
45450,7806
45451,6309
45452,5588
45453,11501
45454,6900
45455,8407
45456,8515
45457,9570
45458,5979
45459,8754
45460,7722
45461,4797
45462,10472
45463,11159
45464,5952
45465,8658
45466,9005
45467,6715
45468,10771
45469,7311
45470,7810
45471,8059
45472,9418
45473,4049
45474,6088
45475,6572
45476,0
45477,8113
45478,10567
45479,5369
45480,9754
45481,5890
45482,7328
45483,5005
45484,7610
45485,7106
45486,8001
45487,8551
45488,10998
45489,5512
45490,7669
45491,9042
45492,9532
45493,7840
45494,9913
45495,11191
45496,8257
45497,4403
45498,8677
45499,6328
45500,7275
45501,8326
45502,5037
45503,12573
45504,6675
45505,7958
45506,12509
45507,8118
45508,5286
45509,13758
45510,7576
45511,11877
45512,6576
45513,10720
45514,12427
45515,7785
45516,6181
45517,7927
45518,6414
45519,7671
45520,7389
45521,10316
45522,8224
45523,5839
45524,5358
45525,7890
45526,9209
45527,8138
45528,11134
45529,7232
45530,8142
45531,6580
45532,9399
45533,8766
45534,8145
45535,7920
45536,7437
45537,9286
45538,10741
45539,6737
45540,9236
45541,6472
45542,7652
45543,8289
45544,8609
45545,5209
45546,5018
45547,9065
45548,9084
45549,6780
45550,7264
45551,10087
45552,6721
45553,7129
45554,7959
45555,6605
45556,4434
45557,10040
45558,4584
45559,8512
45560,8583
45561,7392
45562,8264
45563,14762
45564,12411
45565,9670
45566,5541
45567,10488
45568,8440
45569,4923
45570,3600
45571,10672
45572,4366
45573,9999
45574,15038
45575,9634
45576,8208
45577,5963
45578,9035
45579,8392
45580,7484
45581,9270
45582,9696
45583,10272
45584,7725
45585,10635
45586,6754
45587,8604
45588,5578
45589,6598
45590,7710
45591,6338
45592,6263
45593,9400
45594,6019
45595,11020
45596,8313
45597,6508
45598,5720
45599,11903
45600,8834
45601,7620
45602,8208
45603,8225
45604,7544
45605,7068
45606,9016
45607,9418
45608,7006
45609,5727
45610,12564
45611,8934
45612,7334
45613,4628
45614,13688
45615,7961
45616,7092
45617,7671
45618,13613
45619,10644
45620,9001
45621,9522
45622,8842
45623,6985
45624,7531
45625,8265
45626,11342
45627,15960
45628,6795
45629,6471
45630,4804
45631,5768
45632,11558
45633,16955
45634,7698
45635,6187
45636,6215
45637,8126
45638,7194
45639,11994
45640,10891
45641,7443
45642,5773
45643,9573
45644,8010
45645,12951
45646,11697
45647,6507
45648,9876
45649,4750
45650,9082
45651,10575
45652,8864
45653,10776
45654,8164
45655,9524
45656,5470
45657,8182
45658,8382
45659,10326
45660,9693
45661,10431
45662,8122
45663,5371
45664,11522
45665,5527
45666,11737
45667,7517
45668,5764
45669,7484
45670,9229
45671,7446
45672,8797
45673,11379
45674,6571
45675,11417
45676,5378
45677,5725
45678,9637
45679,9869
45680,12068
45681,6960
45682,8501
45683,6649
45684,7446
45685,8713
45686,7502
45687,8173
45688,6612
45689,11713
45690,8271
45691,10053
45692,13422
45693,10289
45694,5658
45695,5442
45696,7827
45697,10702
45698,6114
45699,11071
45700,5988
45701,12300
45702,7878
45703,7464
45704,6682
45705,7293
45706,6272
45707,7829
45708,7196
45709,6174
45710,6386
45711,5533
45712,10285
45713,8133
45714,23659
45715,8674
45716,5218
45717,5965
45718,9202
45719,12860
45720,5895
45721,5999
45722,13488
45723,7671
45724,9416
45725,6710
45726,9306
45727,9821
45728,7495
45729,6981
45730,9343
45731,11037
45732,8335
45733,9648
45734,9466
45735,10039
45736,8775
45737,6400
45738,7419
45739,13554
45740,13771
45741,9123
45742,13500
45743,6308
45744,10513
45745,5076
45746,7359
45747,6217
45748,10520
45749,9575
45750,15027
45751,12100
45752,8831
45753,8016
45754,7767
45755,5510
45756,7758
45757,13398
45758,8053
45759,7134
45760,7189
45761,7885
45762,10123
45763,3948
45764,10557
45765,6032
45766,10205
45767,9240
45768,7211
45769,10536
45770,6357
45771,10412
45772,10042
45773,9609
45774,7587
45775,10832
45776,6571
45777,7874
45778,10724
45779,15122
45780,6937
45781,8239
45782,11232
45783,10559
45784,11895
45785,8805
45786,12111
45787,6502
45788,5513
45789,7894
45790,8267
45791,12285
45792,10294
45793,5479
45794,7752
45795,10028
45796,9476
45797,11867
45798,4648
45799,15041
45800,8637
45801,6284
45802,6714
45803,8019
45804,8057
45805,11295
45806,6107
45807,8725
45808,8239
45809,9653
45810,8638
45811,6393
45812,8607
45813,6923
45814,7904
45815,10238
45816,10492
45817,10977
45818,5396
45819,11200
45820,7241
45821,10125
45822,9224
45823,15863
45824,8919
45825,6128
45826,8918
45827,7014
45828,7862
45829,6765
45830,10551
45831,8578
45832,4737
45833,11240
45834,6971
45835,9103
45836,5543
45837,11515
45838,10115
45839,7502
45840,15298
45841,7987
45842,7887
45843,10356
45844,11741
45845,6434
45846,5343
45847,9903
45848,8262
45849,5188
45850,8101
45851,8205
45852,11362
45853,9583
45854,9353
45855,9485
45856,8139
45857,5510
45858,8414
45859,9907
45860,10533
45861,10964
45862,10435
45863,10093
45864,7788
45865,11236
45866,9504
45867,7237
45868,8865
45869,11461
45870,9625
45871,9161
45872,11567
45873,10644
45874,10371
45875,7656
45876,9048
45877,10156
45878,7769
45879,9430
45880,5246
45881,7401
45882,12109
45883,10151
45884,8096
45885,5360
45886,10435
45887,8758
45888,10009
45889,8124
45890,7398
45891,6597
45892,5169
45893,12883
45894,9661
45895,8974
45896,8937
45897,7231
45898,6515
45899,8491
45900,9373
45901,5408
45902,8577
45903,7591
45904,10685
45905,10598
45906,8576
45907,16892
45908,6213
45909,6845
45910,13467
45911,6765
45912,9173
45913,4414
45914,11200
45915,10515
45916,7418
45917,7535
45918,8509
45919,7466
45920,8552
45921,10441
45922,13005
45923,4188
45924,8914
45925,4736
45926,16136
45927,5910
45928,10702
45929,12000
45930,10416
45931,9749
45932,6479
45933,6811
45934,3759
45935,5923
45936,8384
45937,6433
45938,9579
45939,9825
45940,6885
45941,7888
45942,8082
45943,10709
45944,12861
45945,10762
45946,7737
45947,5622
45948,11465
45949,14913
45950,7289
45951,9914
45952,5285
45953,10682
45954,6950
45955,5705
45956,8453
45957,5409
45958,9937
45959,7568
45960,11146
45961,9408
45962,11758
45963,9852
45964,7227
45965,11802
45966,21431
45967,12957
45968,7481
45969,4410
45970,8430
45971,10696
45972,6384
45973,7851
45974,14825
45975,7055
45976,15191
45977,23222
45978,5801
45979,8324
45980,6749
45981,5091
45982,10567
45983,7080
45984,11782
45985,11545
45986,10374
45987,8579
45988,9945
45989,5403
45990,9332
45991,4774
45992,9395
45993,9205
45994,13430
45995,8725
45996,7548
45997,5129
45998,9724
45999,7397
46000,6436
46001,5396
46002,10622
46003,8080
46004,7494
46005,8944
46006,10019
46007,0
46008,7993
46009,7689
46010,7706
46011,8918
46012,9720
46013,11516
46014,10823
46015,10580
46016,6873
46017,5578
46018,8263
46019,9348
46020,8631
46021,5819
46022,3992
46023,10826
46024,8786
46025,13470
46026,8299
46027,7104
46028,9368
46029,6724
46030,6142
46031,12096
46032,8036
46033,9057
46034,11163
46035,17755
46036,8357
46037,6048
46038,9713
46039,6427
46040,7617
46041,7702
46042,10145
46043,5629
46044,10387
46045,5983
46046,6754
46047,4283
46048,12575
46049,7234
46050,18788
46051,16989
46052,6475
46053,8839
46054,7498
46055,8439
46056,7491
46057,14716
46058,10496
46059,12593
46060,5703
46061,9280
46062,7580
46063,11845
46064,9312
46065,9104
46066,8308
46067,8780
46068,8634
46069,10928
46070,11847
46071,8671
46072,9796
46073,12548
46074,8072
46075,9259
46076,9512
46077,11621
46078,9151
46079,6863
46080,8226
46081,8387
46082,7333
46083,15308
46084,8426
46085,9708
46086,9108
46087,11904
46088,6113
46089,8812
46090,12354
46091,10169
46092,12963
46093,8318
46094,5647
46095,18065
46096,10827
46097,10354
46098,20862
46099,11522
46100,10325
46101,9459
46102,12786
46103,12608
46104,12334
46105,15020
46106,8202
46107,8865
46108,7796
46109,11647
46110,5109
46111,12858
46112,8362
46113,7881
46114,8081
46115,11268
46116,9447
46117,7383
46118,9124
46119,7171
46120,5803
46121,9419
46122,5845
46123,7160
46124,7374
46125,9374
46126,12680
46127,11775
46128,9639
46129,8452
46130,7299
46131,12658
46132,9170
46133,8375
46134,7391
46135,6421
46136,14128
46137,4993
46138,13517
46139,10039
46140,4296
46141,6114
46142,10476
46143,8667
46144,7729
46145,11062
46146,12350
46147,12968
46148,7674
46149,13799
46150,3349
46151,7036
46152,9060
46153,7520
46154,9310
46155,8804
46156,9534
46157,7271
46158,6399
46159,15236
46160,11338
46161,6997
46162,5724
46163,10915
46164,13000
46165,11668
46166,7277
46167,7189
46168,13508
46169,7881
46170,10285
46171,7407
46172,7394
46173,9382
46174,12243
46175,5051
46176,6089
46177,5655
46178,7061
46179,12304
46180,10779
46181,11008
46182,15757
46183,7343
46184,15892
46185,15872
46186,10041
46187,7005
46188,4627
46189,10315
46190,7847
46191,7490
46192,8346
46193,9293
46194,14250
46195,6123
46196,7885
46197,10084
46198,6556
46199,10752
46200,7096
46201,5909
46202,9403
46203,4299
46204,9220
46205,10495
46206,10249
46207,10782
46208,11767
46209,10241
46210,8076
46211,10416
46212,11724
46213,8453
46214,8561
46215,8140
46216,6664
46217,13606
46218,9649
46219,9322
46220,7581
46221,9685
46222,10999
46223,9925
46224,8017
46225,11069
46226,6367
46227,9232
46228,19619
46229,8959
46230,12107
46231,8101
46232,8385
46233,8675
46234,7841
46235,5782
46236,7410
46237,12003
46238,15800
46239,10219
46240,10943
46241,12567
46242,13824
46243,14349
46244,10411
46245,8815
46246,5647
46247,11901
46248,14841
46249,11391
46250,9585
46251,12420
46252,8879
46253,4400
46254,13888
46255,9048
46256,9640
46257,8479
46258,3956
46259,15599
46260,15143
46261,15445
46262,8300
46263,6635
46264,5998
46265,7806
46266,9815
46267,10364
46268,9921
46269,5978
46270,7039
46271,8994
46272,5282
46273,4101
46274,9030
46275,17747
46276,9175
46277,21025
46278,5786
46279,7366
46280,9086
46281,7400
46282,7276
46283,6731
46284,4938
46285,5732
46286,11560
46287,8839
46288,5645
46289,12268
46290,8072
46291,9907
46292,5795
46293,13311
46294,10236
46295,12265
46296,6596
46297,8856
46298,5476
46299,6511
46300,7057
46301,17413
46302,13579
46303,8605
46304,7746
46305,6769
46306,9015
46307,5499
46308,11058
46309,4999
46310,18664
46311,5771
46312,6881
46313,7341
46314,11776
46315,10712
46316,6491
46317,8299
46318,10055
46319,9526
46320,10612
46321,6858
46322,5499
46323,11763
46324,5732
46325,5115
46326,7027
46327,9546
46328,7543
46329,7548
46330,10878
46331,11553
46332,8601
46333,9111
46334,6406
46335,11219
46336,7823
46337,6023
46338,10021
46339,8880
46340,7990
46341,12024
46342,8747
46343,10209
46344,9125
46345,7578
46346,7303
46347,9092
46348,9914
46349,8469
46350,8360
46351,9411
46352,12299
46353,8551
46354,5837
46355,15463
46356,7618
46357,4242
46358,11312
46359,12422
46360,15295
46361,6563
46362,8522
46363,8215
46364,5160
46365,8485
46366,8946
46367,9321
46368,7815
46369,8042
46370,12616
46371,4431
46372,9827
46373,7440
46374,6190
46375,7071
46376,8438
46377,11484
46378,7738
46379,7217
46380,10261
46381,11033
46382,10393
46383,11516
46384,6808
46385,9929
46386,9078
46387,10466
46388,11483
46389,12304
46390,4738
46391,10529
46392,10051
46393,10419
46394,11949
46395,6491
46396,5244
46397,13656
46398,10353
46399,11539
46400,7515
46401,7773
46402,11264
46403,5130
46404,8704
46405,7295
46406,10354
46407,8263
46408,8874
46409,11345
46410,8099
46411,11915
46412,15014
46413,18337
46414,9155
46415,5825
46416,8350
46417,6432
46418,4087
46419,12953
46420,10830
46421,8361
46422,12290
46423,7284
46424,11444
46425,6733
46426,8198
46427,8653
46428,12037
46429,7400
46430,8434
46431,7737
46432,7566
46433,9091
46434,7031
46435,10298
46436,10149
46437,11602
46438,10673
46439,8564
46440,7381
46441,13649
46442,5990
46443,7640
46444,14129
46445,9057
46446,11399
46447,10853
46448,17577
46449,7832
46450,7036
46451,6909
46452,9203
46453,10734
46454,14462
46455,9584
46456,10526
46457,10510
46458,5207
46459,9945
46460,9111
46461,9514
46462,10787
46463,7532
46464,6227
46465,6952
46466,4493
46467,7096
46468,11586
46469,9743
46470,13875
46471,22533
46472,9197
46473,6278
46474,10615
46475,8636
46476,11947
46477,6053
46478,7822
46479,5607
46480,11623
46481,8979
46482,8192
46483,17267
46484,14922
46485,6232
46486,9148
46487,5259
46488,6681
46489,6483
46490,11605
46491,6367
46492,6659
46493,7519
46494,9029
46495,7859
46496,5572
46497,7244
46498,9348
46499,9858
46500,10045
46501,4629
46502,14268
46503,20035
46504,4616
46505,9552
46506,11664
46507,9946
46508,6762
46509,3885
46510,6486
46511,9367
46512,6644
46513,9490
46514,11598
46515,5560
46516,7912
46517,9789
46518,8357
46519,6746
46520,8213
46521,10362
46522,12125
46523,9534
46524,12214
46525,7533
46526,4888
46527,7875
46528,7484
46529,10758
46530,8678
46531,6235
46532,22362
46533,9341
46534,7320
46535,15067
46536,10109
46537,10350
46538,7795
46539,9078
46540,6520
46541,11382
46542,15701
46543,7126
46544,7196
46545,8076
46546,16803
46547,9072
46548,6979
46549,7892
46550,7922
46551,7644
46552,5632
46553,11103
46554,5219
46555,8593
46556,3835
46557,23866
46558,11601
46559,5857
46560,6534
46561,13008
46562,9154
46563,10249
46564,11021
46565,8288
46566,7369
46567,5501
46568,12257
46569,7016
46570,9384
46571,9093
46572,10407
46573,6069
46574,9594
46575,8648
46576,5069
46577,10718
46578,12507
46579,6197
46580,9564
46581,10320
46582,6995
46583,11582
46584,7238
46585,8874
46586,9168
46587,10252
46588,4118
46589,6315
46590,7316
46591,0
46592,8188
46593,11304
46594,5733
46595,10667
46596,6245
46597,8338
46598,5417
46599,8235
46600,7295
46601,8487
46602,9028
46603,12004
46604,5957
46605,8697
46606,10376
46607,10313
46608,8178
46609,11912
46610,12341
46611,8652
46612,5088
46613,8733
46614,6731
46615,7970
46616,8580
46617,5435
46618,14623
46619,7431
46620,8109
46621,13675
46622,8873
46623,5754
46624,15529
46625,7999
46626,12489
46627,6713
46628,11495
46629,11983
46630,9545
46631,6645
46632,9055
46633,6874
46634,8702
46635,8366
46636,10065
46637,9403
46638,5921
46639,5607
46640,9252
46641,10021
46642,8585
46643,11633
46644,7843
46645,9108
46646,6482
46647,10672
46648,9278
46649,9223
46650,8335
46651,7928
46652,9973
46653,11245
46654,7895
46655,10031
46656,6772
46657,8370
46658,9199
46659,8687
46660,5281
46661,5358
46662,10129
46663,10037
46664,7066
46665,7937
46666,11369
46667,7889
46668,7364
46669,8563
46670,7223
46671,4378
46672,10271
46673,4882
46674,9318
46675,9274
46676,9048
46677,9660
46678,12936
46679,13370
46680,10295
46681,6158
46682,10272
46683,8889
46684,4993
46685,3471
46686,10767
46687,4906
46688,11151
46689,15937
46690,10026
46691,9178
46692,6355
46693,10332
46694,9182
46695,7969
46696,9699
46697,10386
46698,10861
46699,8449
46700,11670
46701,7136
46702,10187
46703,5526
46704,7326
46705,8734
46706,7281
46707,6964
46708,9768
46709,6695
46710,11832
46711,8470
46712,6853
46713,6276
46714,12448
46715,9996
46716,7281
46717,8834
46718,9438
46719,8569
46720,7723
46721,9358
46722,10598
46723,7337
46724,6116
46725,13099
46726,9722
46727,8176
46728,4945
46729,16401
46730,8783
46731,7882
46732,7798
46733,14400
46734,12154
46735,10288
46736,10230
46737,9315
46738,7210
46739,7935
46740,9009
46741,13355
46742,17593
46743,7751
46744,6268
46745,4719
46746,6237
46747,12145
46748,17842
46749,7491
46750,5924
46751,6710
46752,8303
46753,8131
46754,13236
46755,11593
46756,8315
46757,6178
46758,10577
46759,8737
46760,12559
46761,11891
46762,7294
46763,9866
46764,5058
46765,10510
46766,11150
46767,9619
46768,11142
46769,8388
46770,9990
46771,6126
46772,8580
46773,9908
46774,10499
46775,10826
46776,11027
46777,8798
46778,5447
46779,12784
46780,6064
46781,12501
46782,8370
46783,6089
46784,7418
46785,9899
46786,7517
46787,9425
46788,12090
46789,6801
46790,12263
46791,5863
46792,5884
46793,10013
46794,10531
46795,13010
46796,6918
46797,7720
46798,7027
46799,7942
46800,9281
46801,7510
46802,8920
46803,6906
46804,13221
46805,8209
46806,10422
46807,14832
46808,10944
46809,6338
46810,5394
46811,9171
46812,11243
46813,6570
46814,11374
46815,6601
46816,12432
46817,8621
46818,8065
46819,7285
46820,7482
46821,6099
46822,8710
46823,7262
46824,6493
46825,6344
46826,5808
46827,10889
46828,7960
46829,25292
46830,9825
