Id,OrderVolume
1,4144
2,2806
3,4312
4,9377
5,2045
6,3014
7,6141
8,3543
9,6871
10,5075
11,5474
12,6112
13,4573
14,3647
15,5939
16,5387
17,2557
18,4943
19,4656
20,6312
21,5353
22,3577
23,4555
24,7673
25,8092
26,5832
27,7307
28,2218
29,7881
30,3414
31,5264
32,2548
33,8456
34,7638
35,9222
36,9538
37,7055
38,6265
39,3064
40,4731
41,6027
42,8198
43,4518
44,3559
45,5903
46,4887
47,5757
48,2587
49,7693
50,4276
51,8236
52,6420
53,3398
54,8802
55,3151
56,9355
57,6094
58,6956
59,2497
60,5784
61,4653
62,3861
63,7351
64,10886
65,3061
66,6384
67,5944
68,7761
69,7314
70,5807
71,6538
72,2393
73,2464
74,4567
75,6108
76,8432
77,7508
78,2391
79,4378
80,8599
81,9056
82,5659
83,3412
84,11126
85,5144
86,3533
87,4358
88,2318
89,4804
90,7318
91,3544
92,5783
93,3066
94,5901
95,4148
96,1844
97,4472
98,5116
99,5886
100,8896
101,7028
102,5480
103,4105
104,10993
105,3502
106,6243
107,7710
108,12745
109,5317
110,3132
111,6815
112,5986
113,6429
114,5185
115,10472
116,5954
117,2128
118,8046
119,4720
120,6145
121,2367
122,6913
123,3721
124,2630
125,8386
126,4466
127,5161
128,7906
129,7357
130,4343
131,5067
132,7468
133,3447
134,3222
135,6769
136,4901
137,7348
138,3289
139,4614
140,6241
141,4390
142,3208
143,5403
144,6059
145,6087
146,7357
147,8046
148,7625
149,4180
150,7631
151,5662
152,3234
153,3766
154,8167
155,7198
156,3131
157,7298
158,9699
159,6928
160,4975
161,7097
162,7515
163,5824
164,4626
165,2915
166,5316
167,5449
168,4558
169,5267
170,3217
171,6144
172,7197
173,6112
174,6719
175,6110
176,3007
177,1529
178,7159
179,6094
180,6885
181,3409
182,5662
183,0
184,5633
185,5795
186,3843
187,4139
188,4694
189,6967
190,7195
191,7524
192,15279
193,4021
194,4919
195,10524
196,3641
197,5503
198,802
199,7910
200,6661
201,5564
202,6741
203,5775
204,4789
205,5267
206,5097
207,7882
208,3212
209,5182
210,2670
211,9026
212,3197
213,7810
214,10317
215,6595
216,6004
217,4357
218,2092
219,1800
220,3475
221,5585
222,3216
223,5632
224,7415
225,3917
226,5471
227,4714
228,8588
229,7962
230,7131
231,5243
232,3352
233,8451
234,9720
235,3600
236,4397
237,3872
238,5284
239,5463
240,4283
241,6531
242,2995
243,5133
244,4681
245,8903
246,5685
247,7584
248,6420
249,4712
250,8658
251,17271
252,8765
253,3697
254,3512
255,6645
256,7087
257,2953
258,4830
259,9592
260,6190
261,7153
262,17085
263,5340
264,5373
265,2839
266,2197
267,10334
268,3242
269,6713
270,9247
271,2875
272,3460
273,6379
274,3853
275,6808
276,1978
277,5079
278,5011
279,10687
280,5930
281,5947
282,3098
283,8145
284,5927
285,6699
286,1717
287,9704
288,5409
289,6090
290,4297
291,4521
292,3668
293,4666
294,3434
295,5670
296,4806
297,5203
298,8658
299,7802
300,7591
301,4292
302,4271
303,4532
304,4968
305,6867
306,2907
307,1227
308,6901
309,5528
310,7894
311,5524
312,4526
313,4490
314,3421
315,2432
316,8979
317,6426
318,5048
319,5555
320,11459
321,6197
322,1924
323,7223
324,1938
325,4130
326,6151
327,5992
328,2499
329,4385
330,4316
331,3737
332,1587
333,8057
334,4583
335,9122
336,10294
337,5792
338,5752
339,4172
340,5311
341,4740
342,11645
343,6316
344,7013
345,3284
346,5987
347,5858
348,8152
349,9005
350,7163
351,5531
352,6621
353,5032
354,8825
355,6180
356,6862
357,6232
358,9110
359,6686
360,4804
361,5840
362,8188
363,6072
364,3210
365,5441
366,3171
367,4871
368,8694
369,6990
370,7372
371,6192
372,8367
373,4740
374,4384
375,4280
376,6138
377,6063
378,6516
379,3236
380,13373
381,5248
382,5764
383,16276
384,5624
385,7450
386,6076
387,6863
388,8519
389,7424
390,9892
391,2716
392,4613
393,5580
394,8375
395,2659
396,5464
397,4312
398,5365
399,5480
400,5886
401,3426
402,5769
403,5340
404,3093
405,3113
406,7328
407,4211
408,5169
409,5485
410,5550
411,9699
412,11886
413,5144
414,7433
415,6491
416,9896
417,4850
418,2953
419,3887
420,5311
421,12165
422,4084
423,8974
424,7416
425,2096
426,3769
427,6054
428,6524
429,5087
430,9114
431,9174
432,7377
433,4051
434,12041
435,2062
436,3932
437,8274
438,4389
439,5568
440,3915
441,7322
442,4931
443,4015
444,13641
445,10597
446,2436
447,4928
448,5682
449,7507
450,9459
451,5162
452,2905
453,7906
454,2001
455,9254
456,4616
457,5608
458,9492
459,5641
460,1504
461,4658
462,2220
463,3872
464,10925
465,7813
466,4524
467,12441
468,7189
469,10371
470,11511
471,7157
472,4205
473,2097
474,5148
475,6497
476,2683
477,5947
478,4451
479,7061
480,2450
481,5417
482,8432
483,1645
484,9209
485,5966
486,2699
487,6972
488,3228
489,3031
490,9568
491,7336
492,7188
493,8176
494,5692
495,5167
496,6651
497,6856
498,8172
499,5514
500,6978
501,3770
502,8647
503,6220
504,5794
505,4167
506,4927
507,8230
508,6044
509,4126
510,4995
511,5361
512,4970
513,15275
514,5282
515,10157
516,4718
517,3665
518,6341
519,5606
520,3114
521,4651
522,8858
523,14022
524,6956
525,9888
526,6990
527,10599
528,8513
529,7266
530,5132
531,4358
532,10682
533,7981
534,7442
535,5315
536,5302
537,5141
538,2491
539,11969
540,6609
541,5649
542,5122
543,1562
544,8680
545,8097
546,11465
547,6029
548,4292
549,3862
550,6868
551,4788
552,4240
553,10387
554,4510
555,4383
556,5325
557,3378
558,2559
559,2355
560,14398
561,5069
562,13035
563,4164
564,6067
565,5033
566,3968
567,3144
568,6222
569,3463
570,2754
571,10354
572,6259
573,2599
574,9094
575,2567
576,5947
577,3539
578,9051
579,7505
580,8455
581,2430
582,5354
583,2799
584,4857
585,3588
586,15991
587,12007
588,5143
589,2894
590,5937
591,4441
592,2492
593,7086
594,2631
595,13665
596,4127
597,4970
598,5667
599,11559
600,6715
601,5018
602,5157
603,6135
604,6611
605,7152
606,4118
607,1172
608,4729
609,3039
610,3033
611,5920
612,6972
613,5801
614,5191
615,8399
616,5660
617,3343
618,7832
619,2251
620,9856
621,5078
622,2828
623,4667
624,4272
625,5124
626,7071
627,7055
628,3669
629,6262
630,2484
631,4820
632,8062
633,8937
634,3608
635,2180
636,4915
637,7459
638,6632
639,2453
640,11059
641,3856
642,3353
643,5524
644,9765
645,9166
646,4349
647,4362
648,6172
649,1501
650,6939
651,7263
652,4683
653,4536
654,2940
655,8394
656,3035
657,4358
658,3949
659,3607
660,2830
661,7369
662,6751
663,5604
664,3699
665,5157
666,7671
667,7873
668,7628
669,4892
670,5485
671,5807
672,8311
673,7151
674,5373
675,1974
676,6218
677,6216
678,5949
679,7805
680,5679
681,2862
682,7677
683,5471
684,9963
685,2712
686,2720
687,9478
688,1559
689,5423
690,4378
691,8080
692,3829
693,4565
694,9352
695,2754
696,6240
697,9871
698,14764
699,6749
700,2338
701,5422
702,3575
703,2274
704,7828
705,4909
706,6724
707,5121
708,5592
709,5893
710,4701
711,5003
712,4500
713,8925
714,5473
715,2366
716,6186
717,3985
718,5893
719,5770
720,5869
721,7798
722,7665
723,8094
724,6001
725,5132
726,6062
727,2977
728,5698
729,8814
730,6827
731,6900
732,6256
733,13841
734,3240
735,3475
736,4668
737,4026
738,8872
739,10356
740,8014
741,7089
742,7673
743,2008
744,7835
745,3182
746,6770
747,6334
748,5267
749,2075
750,5003
751,3536
752,3212
753,7109
754,4560
755,8879
756,17223
757,5875
758,3101
759,4681
760,8534
761,6584
762,4620
763,5580
764,2151
765,6243
766,7105
767,3415
768,10231
769,11031
770,3145
771,5472
772,3771
773,3991
774,3983
775,9115
776,3767
777,4671
778,4628
779,2791
780,2743
781,2426
782,5762
783,5812
784,4804
785,7431
786,1124
787,7786
788,15284
789,3269
790,8096
791,7118
792,4779
793,4190
794,2482
795,4117
796,4747
797,5321
798,3107
799,9204
800,4282
801,3830
802,6329
803,5117
804,6054
805,4819
806,6136
807,10337
808,4780
809,7178
810,5827
811,3681
812,3247
813,4560
814,5929
815,6189
816,3541
817,12893
818,5404
819,4918
820,12054
821,4743
822,6826
823,4505
824,5368
825,5120
826,7046
827,16118
828,2946
829,5269
830,3502
831,9485
832,6835
833,4850
834,3662
835,3964
836,2681
837,2022
838,6807
839,2192
840,3756
841,1289
842,20505
843,9131
844,2072
845,5433
846,6068
847,6376
848,5369
849,8414
850,5515
851,6024
852,2774
853,7718
854,6205
855,4006
856,6114
857,9167
858,4582
859,8288
860,6228
861,3126
862,5619
863,6495
864,2837
865,9146
866,6748
867,4711
868,10534
869,3858
870,5201
871,8571
872,6855
873,2424
874,4745
875,3579
876,3219
877,5119
878,5791
879,3404
880,6223
881,2357
882,5692
883,2882
884,5631
885,5576
886,4940
887,5756
888,8993
889,2633
890,5604
891,6669
892,3370
893,5607
894,5943
895,9237
896,6548
897,3631
898,2159
899,2170
900,5679
901,4879
902,4394
903,11950
904,5564
905,5543
906,8890
907,6801
908,2111
909,9484
910,4365
911,7941
912,6494
913,7106
914,6236
915,8183
916,5178
917,4278
918,2846
919,3269
920,6051
921,4427
922,8301
923,4914
924,2833
925,7265
926,7112
927,4673
928,7056
929,4551
930,6754
931,2935
932,4874
933,3778
934,4929
935,3475
936,6212
937,7635
938,8009
939,6357
940,5734
941,4225
942,6351
943,7091
944,7086
945,2830
946,2856
947,8851
948,6271
949,2948
950,3986
951,7720
952,6665
953,2423
954,5993
955,4830
956,1776
957,4897
958,2928
959,4117
960,6464
961,5950
962,5229
963,4066
964,8747
965,6364
966,3629
967,5435
968,5599
969,2950
970,1177
971,6974
972,1471
973,5778
974,9919
975,5540
976,4472
977,3122
978,5231
979,5277
980,4865
981,5819
982,6128
983,7815
984,5890
985,8494
986,3769
987,3789
988,4454
989,3660
990,5401
991,6676
992,3491
993,5586
994,2696
995,7739
996,4694
997,4306
998,3928
999,5545
1000,7524
1001,3341
1002,6674
1003,4378
1004,5513
1005,5350
1006,5801
1007,7631
1008,4643
1009,3870
1010,9698
1011,6320
1012,6774
1013,2004
1014,4499
1015,5029
1016,3780
1017,4803
1018,10437
1019,8454
1020,9175
1021,9689
1022,6377
1023,5390
1024,5962
1025,6020
1026,7122
1027,9838
1028,3232
1029,1883
1030,1366
1031,4022
1032,5248
1033,10016
1034,2437
1035,1976
1036,5185
1037,5549
1038,5828
1039,8699
1040,6843
1041,6305
1042,2655
1043,7786
1044,5994
1045,5932
1046,7010
1047,3313
1048,6393
1049,2951
1050,6464
1051,5761
1052,5305
1053,6157
1054,4020
1055,6417
1056,4914
1057,6885
1058,4557
1059,8265
1060,5414
1061,8954
1062,5125
1063,3687
1064,8225
1065,2757
1066,10383
1067,5904
1068,4670
1069,3251
1070,6891
1071,4615
1072,4564
1073,7227
1074,4507
1075,12486
1076,3101
1077,3021
1078,5709
1079,6118
1080,10555
1081,2941
1082,4566
1083,6085
1084,5637
1085,4845
1086,3512
1087,6107
1088,3402
1089,10704
1090,2849
1091,6967
1092,13279
1093,7101
1094,6402
1095,3266
1096,4912
1097,7630
1098,2686
1099,6931
1100,2891
1101,8431
1102,6717
1103,5772
1104,5761
1105,4702
1106,3009
1107,5184
1108,2232
1109,3655
1110,3311
1111,2740
1112,7654
1113,5718
1114,20741
1115,7553
1116,0
1117,0
1118,0
1119,0
1120,0
1121,0
1122,0
1123,0
1124,0
1125,0
1126,0
1127,0
1128,0
1129,0
1130,0
1131,0
1132,0
1133,0
1134,0
1135,0
1136,0
1137,0
1138,0
1139,0
1140,0
1141,0
1142,0
1143,0
1144,0
1145,0
1146,0
1147,0
1148,0
1149,0
1150,0
1151,0
1152,0
1153,0
1154,0
1155,0
1156,0
1157,0
1158,0
1159,0
1160,0
1161,0
1162,0
1163,0
1164,0
1165,0
1166,0
1167,0
1168,0
1169,0
1170,0
1171,0
1172,0
1173,0
1174,0
1175,0
1176,0
1177,0
1178,0
1179,0
1180,0
1181,0
1182,0
1183,0
1184,0
1185,0
1186,0
1187,0
1188,0
1189,0
1190,0
1191,0
1192,0
1193,0
1194,0
1195,0
1196,0
1197,0
1198,0
1199,0
1200,11971
1201,0
1202,0
1203,0
1204,0
1205,0
1206,0
1207,0
1208,0
1209,0
1210,0
1211,0
1212,0
1213,0
1214,0
1215,0
1216,0
1217,0
1218,0
1219,0
1220,0
1221,0
1222,0
1223,0
1224,0
1225,0
1226,0
1227,0
1228,0
1229,0
1230,0
1231,0
1232,0
1233,0
1234,0
1235,0
1236,0
1237,3150
1238,0
1239,0
1240,0
1241,0
1242,0
1243,0
1244,0
1245,0
1246,0
1247,0
1248,0
1249,0
1250,0
1251,0
1252,0
1253,0
1254,0
1255,0
1256,0
1257,0
1258,0
1259,0
1260,0
1261,0
1262,0
1263,0
1264,0
1265,0
1266,0
1267,0
1268,0
1269,0
1270,0
1271,0
1272,0
1273,0
1274,0
1275,0
1276,0
1277,0
1278,0
1279,0
1280,0
1281,0
1282,0
1283,0
1284,0
1285,0
1286,0
1287,0
1288,0
1289,0
1290,0
1291,0
1292,0
1293,0
1294,0
1295,0
1296,0
1297,0
1298,0
1299,0
1300,0
1301,0
1302,0
1303,0
1304,0
1305,0
1306,0
1307,0
1308,0
1309,0
1310,0
1311,0
1312,0
1313,0
1314,0
1315,0
1316,0
1317,0
1318,0
1319,0
1320,0
1321,0
1322,0
1323,0
1324,2182
1325,0
1326,0
1327,0
1328,0
1329,0
1330,0
1331,0
1332,0
1333,0
1334,0
1335,0
1336,0
1337,0
1338,0
1339,0
1340,0
1341,0
1342,0
1343,0
1344,0
1345,0
1346,0
1347,0
1348,0
1349,0
1350,0
1351,0
1352,0
1353,0
1354,0
1355,0
1356,0
1357,0
1358,0
1359,0
1360,0
1361,0
1362,0
1363,0
1364,0
1365,0
1366,0
1367,0
1368,0
1369,0
1370,0
1371,0
1372,0
1373,0
1374,16799
1375,0
1376,0
1377,28869
1378,0
1379,0
1380,0
1381,0
1382,0
1383,0
1384,0
1385,0
1386,0
1387,0
1388,0
1389,7503
1390,0
1391,0
1392,0
1393,0
1394,0
1395,0
1396,0
1397,0
1398,0
1399,0
1400,0
1401,0
1402,0
1403,0
1404,0
1405,0
1406,0
1407,0
1408,0
1409,0
1410,0
1411,0
1412,0
1413,0
1414,3537
1415,0
1416,0
1417,0
1418,0
1419,0
1420,0
1421,0
1422,0
1423,0
1424,0
1425,2860
1426,0
1427,0
1428,0
1429,0
1430,0
1431,0
1432,0
1433,0
1434,0
1435,0
1436,0
1437,0
1438,0
1439,0
1440,0
1441,0
1442,0
1443,0
1444,0
1445,0
1446,0
1447,0
1448,0
1449,0
1450,8179
1451,0
1452,0
1453,0
1454,0
1455,0
1456,0
1457,0
1458,0
1459,0
1460,0
1461,0
1462,0
1463,0
1464,0
1465,0
1466,0
1467,0
1468,9067
1469,0
1470,0
1471,0
1472,0
1473,0
1474,0
1475,0
1476,0
1477,0
1478,0
1479,0
1480,0
1481,0
1482,0
1483,0
1484,0
1485,0
1486,0
1487,0
1488,0
1489,0
1490,0
1491,0
1492,0
1493,0
1494,0
1495,0
1496,0
1497,0
1498,0
1499,0
1500,0
1501,0
1502,0
1503,0
1504,0
1505,0
1506,0
1507,0
1508,0
1509,0
1510,0
1511,0
1512,0
1513,0
1514,0
1515,0
1516,0
1517,0
1518,0
1519,0
1520,0
1521,0
1522,0
1523,0
1524,0
1525,0
1526,0
1527,0
1528,0
1529,0
1530,0
1531,0
1532,0
1533,0
1534,0
1535,0
1536,0
1537,0
1538,15520
1539,0
1540,0
1541,0
1542,0
1543,0
1544,0
1545,0
1546,0
1547,0
1548,1663
1549,0
1550,0
1551,0
1552,0
1553,0
1554,0
1555,0
1556,0
1557,0
1558,0
1559,0
1560,0
1561,0
1562,0
1563,0
1564,0
1565,0
1566,0
1567,0
1568,3742
1569,0
1570,0
1571,0
1572,0
1573,0
1574,0
1575,0
1576,0
1577,0
1578,0
1579,0
1580,0
1581,0
1582,0
1583,0
1584,0
1585,0
1586,0
1587,0
1588,0
1589,0
1590,0
1591,0
1592,0
1593,0
1594,0
1595,0
1596,0
1597,0
1598,0
1599,0
1600,0
1601,0
1602,0
1603,0
1604,0
1605,0
1606,0
1607,0
1608,0
1609,7543
1610,0
1611,0
1612,0
1613,0
1614,0
1615,0
1616,0
1617,0
1618,0
1619,0
1620,0
1621,0
1622,0
1623,0
1624,0
1625,0
1626,0
1627,7636
1628,0
1629,0
1630,0
1631,0
1632,0
1633,0
1634,0
1635,0
1636,0
1637,0
1638,0
1639,1954
1640,0
1641,0
1642,0
1643,0
1644,0
1645,3962
1646,0
1647,0
1648,0
1649,0
1650,0
1651,0
1652,0
1653,0
1654,0
1655,0
1656,0
1657,0
1658,0
1659,0
1660,0
1661,0
1662,0
1663,0
1664,0
1665,0
1666,0
1667,0
1668,0
1669,0
1670,0
1671,0
1672,0
1673,0
1674,0
1675,0
1676,0
1677,18461
1678,0
1679,0
1680,0
1681,0
1682,0
1683,0
1684,0
1685,0
1686,0
1687,0
1688,0
1689,0
1690,0
1691,0
1692,0
1693,5609
1694,0
1695,0
1696,0
1697,0
1698,0
1699,0
1700,0
1701,0
1702,0
1703,0
1704,0
1705,0
1706,0
1707,0
1708,0
1709,0
1710,0
1711,0
1712,0
1713,0
1714,0
1715,0
1716,0
1717,0
1718,0
1719,0
1720,0
1721,0
1722,0
1723,0
1724,0
1725,0
1726,0
1727,0
1728,0
1729,0
1730,0
1731,0
1732,0
1733,0
1734,0
1735,0
1736,0
1737,0
1738,0
1739,0
1740,0
1741,0
1742,0
1743,0
1744,0
1745,0
1746,0
1747,0
1748,0
1749,0
1750,0
1751,0
1752,0
1753,0
1754,0
1755,0
1756,0
1757,0
1758,0
1759,0
1760,0
1761,0
1762,0
1763,0
1764,0
1765,0
1766,0
1767,0
1768,0
1769,0
1770,0
1771,0
1772,0
1773,0
1774,0
1775,0
1776,0
1777,0
1778,0
1779,0
1780,0
1781,0
1782,0
1783,0
1784,0
1785,0
1786,0
1787,0
1788,0
1789,0
1790,0
1791,12903
1792,0
1793,0
1794,0
1795,0
1796,0
1797,7216
1798,0
1799,0
1800,0
1801,0
1802,0
1803,0
1804,0
1805,0
1806,0
1807,0
1808,0
1809,0
1810,0
1811,0
1812,0
1813,0
1814,0
1815,0
1816,0
1817,0
1818,0
1819,0
1820,0
1821,0
1822,0
1823,0
1824,0
1825,0
1826,0
1827,0
1828,0
1829,0
1830,0
1831,0
1832,0
1833,0
1834,0
1835,0
1836,0
1837,0
1838,0
1839,0
1840,0
1841,0
1842,0
1843,0
1844,0
1845,0
1846,0
1847,2528
1848,15954
1849,0
1850,0
1851,0
1852,0
1853,0
1854,0
1855,0
1856,0
1857,0
1858,0
1859,0
1860,0
1861,0
1862,0
1863,0
1864,0
1865,0
1866,0
1867,0
1868,0
1869,0
1870,0
1871,0
1872,0
1873,0
1874,0
1875,0
1876,0
1877,0
1878,0
1879,0
1880,0
1881,0
1882,0
1883,0
1884,11855
1885,0
1886,0
1887,0
1888,0
1889,0
1890,0
1891,0
1892,0
1893,0
1894,0
1895,0
1896,0
1897,0
1898,0
1899,0
1900,0
1901,0
1902,0
1903,0
1904,0
1905,0
1906,0
1907,0
1908,0
1909,0
1910,0
1911,0
1912,0
1913,0
1914,0
1915,0
1916,0
1917,0
1918,0
1919,0
1920,0
1921,0
1922,0
1923,0
1924,0
1925,0
1926,0
1927,0
1928,0
1929,0
1930,0
1931,0
1932,0
1933,0
1934,0
1935,0
1936,0
1937,0
1938,0
1939,0
1940,0
1941,0
1942,0
1943,0
1944,0
1945,0
1946,0
1947,0
1948,0
1949,0
1950,0
1951,0
1952,0
1953,0
1954,0
1955,0
1956,0
1957,0
1958,0
1959,0
1960,0
1961,0
1962,0
1963,0
1964,0
1965,0
1966,0
1967,0
1968,0
1969,0
1970,0
1971,0
1972,0
1973,0
1974,0
1975,0
1976,0
1977,0
1978,2684
1979,0
1980,0
1981,0
1982,1874
1983,0
1984,0
1985,0
1986,0
1987,0
1988,0
1989,0
1990,0
1991,0
1992,0
1993,0
1994,0
1995,0
1996,0
1997,0
1998,0
1999,0
2000,0
2001,0
2002,0
2003,0
2004,0
2005,0
2006,0
2007,0
2008,0
2009,0
2010,0
2011,0
2012,0
2013,0
2014,0
2015,0
2016,0
2017,0
2018,0
2019,0
2020,0
2021,0
2022,0
2023,0
2024,0
2025,0
2026,0
2027,0
2028,0
2029,0
2030,0
2031,0
2032,0
2033,0
2034,0
2035,0
2036,0
2037,0
2038,0
2039,0
2040,0
2041,0
2042,0
2043,0
2044,0
2045,0
2046,2187
2047,0
2048,0
2049,0
2050,0
2051,0
2052,0
2053,0
2054,0
2055,0
2056,0
2057,0
2058,0
2059,0
2060,0
2061,0
2062,0
2063,11682
2064,0
2065,0
2066,0
2067,0
2068,0
2069,0
2070,0
2071,0
2072,0
2073,0
2074,0
2075,0
2076,0
2077,0
2078,0
2079,0
2080,0
2081,0
2082,0
2083,0
2084,0
2085,0
2086,0
2087,0
2088,0
2089,0
2090,0
2091,0
2092,0
2093,0
2094,0
2095,0
2096,0
2097,0
2098,0
2099,0
2100,0
2101,0
2102,0
2103,0
2104,0
2105,0
2106,0
2107,0
2108,0
2109,0
2110,0
2111,0
2112,0
2113,0
2114,0
2115,0
2116,0
2117,0
2118,0
2119,0
2120,0
2121,0
2122,0
2123,0
2124,0
2125,0
2126,0
2127,0
2128,0
2129,0
2130,0
2131,0
2132,0
2133,0
2134,0
2135,0
2136,0
2137,0
2138,0
2139,0
2140,0
2141,0
2142,0
2143,0
2144,0
2145,0
2146,0
2147,0
2148,0
2149,0
2150,0
2151,0
2152,0
2153,0
2154,0
2155,0
2156,0
2157,0
2158,0
2159,0
2160,3738
2161,0
2162,0
2163,0
2164,0
2165,0
2166,0
2167,0
2168,0
2169,0
2170,0
2171,0
2172,0
2173,0
2174,0
2175,0
2176,0
2177,0
2178,0
2179,0
2180,0
2181,0
2182,0
2183,0
2184,0
2185,0
2186,0
2187,0
2188,0
2189,0
2190,0
2191,0
2192,0
2193,0
2194,0
2195,0
2196,5571
2197,0
2198,0
2199,0
2200,0
2201,0
2202,0
2203,0
2204,0
2205,0
2206,0
2207,0
2208,0
2209,0
2210,0
2211,0
2212,12816
2213,0
2214,4632
2215,0
2216,0
2217,0
2218,0
2219,0
2220,0
2221,0
2222,0
2223,0
2224,0
2225,0
2226,0
2227,0
2228,0
2229,0
2230,0
2231,3797
2232,4261
2233,6013
2234,8818
2235,4243
2236,4379
2237,8237
2238,5678
2239,7147
2240,5680
2241,6719
2242,6551
2243,3833
2244,5584
2245,5873
2246,7648
2247,5366
2248,6445
2249,6277
2250,8919
2251,4433
2252,4155
2253,4444
2254,8440
2255,10520
2256,5264
2257,8233
2258,3917
2259,7148
2260,3426
2261,4751
2262,3910
2263,7688
2264,7663
2265,9503
2266,9324
2267,4987
2268,4718
2269,4244
2270,4032
2271,5296
2272,9168
2273,5964
2274,4623
2275,4356
2276,4211
2277,6696
2278,3308
2279,6337
2280,3406
2281,6039
2282,5403
2283,4662
2284,6144
2285,4749
2286,6882
2287,7914
2288,5986
2289,5174
2290,7772
2291,4689
2292,7017
2293,5632
2294,8811
2295,4343
2296,5645
2297,7172
2298,6312
2299,7834
2300,5626
2301,7594
2302,3842
2303,4628
2304,5492
2305,5678
2306,8096
2307,6195
2308,3092
2309,5011
2310,6391
2311,6798
2312,8060
2313,4016
2314,12378
2315,6233
2316,4030
2317,6251
2318,5441
2319,6305
2320,7677
2321,3821
2322,5250
2323,5285
2324,6424
2325,6395
2326,4798
2327,5953
2328,4795
2329,4947
2330,7750
2331,6883
2332,5668
2333,4727
2334,10024
2335,4938
2336,8668
2337,6852
2338,11459
2339,6032
2340,4290
2341,5198
2342,6082
2343,5261
2344,4446
2345,7036
2346,7021
2347,3677
2348,7221
2349,5661
2350,6297
2351,4428
2352,7207
2353,7311
2354,4572
2355,11063
2356,4709
2357,4213
2358,6812
2359,7927
2360,5245
2361,4799
2362,6620
2363,5336
2364,5067
2365,5320
2366,4621
2367,7831
2368,6863
2369,6333
2370,6684
2371,4775
2372,4594
2373,4990
2374,6714
2375,6622
2376,6960
2377,7114
2378,8646
2379,5203
2380,7443
2381,6254
2382,5206
2383,5361
2384,7813
2385,5726
2386,5519
2387,9123
2388,6577
2389,6326
2390,4628
2391,7022
2392,5876
2393,7146
2394,6062
2395,3762
2396,5035
2397,7778
2398,6930
2399,5042
2400,3548
2401,7680
2402,6753
2403,7308
2404,5856
2405,5287
2406,4783
2407,3628
2408,9054
2409,6282
2410,6241
2411,5497
2412,4546
2413,0
2414,5967
2415,5528
2416,3582
2417,5632
2418,4054
2419,7292
2420,7352
2421,6275
2422,10653
2423,4081
2424,4384
2425,9794
2426,4868
2427,5476
2428,2003
2429,6776
2430,7497
2431,4406
2432,5786
2433,6028
2434,5487
2435,5659
2436,7471
2437,9758
2438,2504
2439,6051
2440,2631
2441,13377
2442,3920
2443,7331
2444,7954
2445,4985
2446,5957
2447,4389
2448,4981
2449,3381
2450,4267
2451,5144
2452,4735
2453,6380
2454,6499
2455,4443
2456,6209
2457,6118
2458,7419
2459,7259
2460,7173
2461,3985
2462,2974
2463,8772
2464,8913
2465,4509
2466,7131
2467,5139
2468,6882
2469,4628
2470,4878
2471,5849
2472,3110
2473,5440
2474,4294
2475,9024
2476,6543
2477,6861
2478,6786
2479,4777
2480,6992
2481,18038
2482,8383
2483,4732
2484,2380
2485,5217
2486,6865
2487,4924
2488,5671
2489,12877
2490,6171
2491,9394
2492,17541
2493,3951
2494,5616
2495,4497
2496,4165
2497,7035
2498,4148
2499,7884
2500,9544
2501,6951
2502,5116
2503,6701
2504,4301
2505,5662
2506,3490
2507,5510
2508,6731
2509,8155
2510,5519
2511,5124
2512,4438
2513,6888
2514,4594
2515,4669
2516,3197
2517,7533
2518,4866
2519,5209
2520,6650
2521,6915
2522,6069
2523,5312
2524,5592
2525,4937
2526,6159
2527,6436
2528,7505
2529,7832
2530,6390
2531,5098
2532,3086
2533,5233
2534,6151
2535,5289
2536,4434
2537,1945
2538,7741
2539,5459
2540,7991
2541,6141
2542,4653
2543,5701
2544,4696
2545,4083
2546,8527
2547,4858
2548,6222
2549,7059
2550,13824
2551,4633
2552,4667
2553,6442
2554,4984
2555,5431
2556,4570
2557,6891
2558,4363
2559,6390
2560,3553
2561,5287
2562,3758
2563,9006
2564,4877
2565,13306
2566,11821
2567,4340
2568,5915
2569,5003
2570,5887
2571,5206
2572,10822
2573,6577
2574,7856
2575,4331
2576,7277
2577,4635
2578,8210
2579,8852
2580,5581
2581,5253
2582,5671
2583,6616
2584,7199
2585,8429
2586,5629
2587,6879
2588,8974
2589,5442
2590,6217
2591,4424
2592,8481
2593,6833
2594,4597
2595,4408
2596,5577
2597,4291
2598,7311
2599,5356
2600,6478
2601,5181
2602,7903
2603,4264
2604,7242
2605,7535
2606,6823
2607,7214
2608,6143
2609,3568
2610,12095
2611,9592
2612,6173
2613,15382
2614,8665
2615,5786
2616,5780
2617,7967
2618,9491
2619,10564
2620,9874
2621,5165
2622,7149
2623,5028
2624,6957
2625,4016
2626,9538
2627,5121
2628,4300
2629,5518
2630,7938
2631,7138
2632,4948
2633,7662
2634,4760
2635,3652
2636,5763
2637,3716
2638,4342
2639,5099
2640,5606
2641,7572
2642,8243
2643,6769
2644,6019
2645,5672
2646,10331
2647,6239
2648,4466
2649,4875
2650,4664
2651,7601
2652,4172
2653,10867
2654,6851
2655,3229
2656,4610
2657,6203
2658,5895
2659,4537
2660,7580
2661,9127
2662,11572
2663,5135
2664,9052
2665,3112
2666,5034
2667,5900
2668,4861
2669,6289
2670,5189
2671,5652
2672,3185
2673,4474
2674,9195
2675,7658
2676,4183
2677,5270
2678,8027
2679,9498
2680,6766
2681,4945
2682,3987
2683,9022
2684,5282
2685,6371
2686,5489
2687,4796
2688,6000
2689,7546
2690,3134
2691,3754
2692,4296
2693,6467
2694,8934
2695,6272
2696,7103
2697,12105
2698,4378
2699,8743
2700,10628
2701,6237
2702,4644
2703,3096
2704,6989
2705,5694
2706,5455
2707,5480
2708,5827
2709,9632
2710,4980
2711,4641
2712,5866
2713,4476
2714,5952
2715,4562
2716,3936
2717,5587
2718,3268
2719,6001
2720,7687
2721,6192
2722,6702
2723,7642
2724,7015
2725,4574
2726,6903
2727,7719
2728,6856
2729,5148
2730,5895
2731,4315
2732,9385
2733,5111
2734,5942
2735,4986
2736,6349
2737,7230
2738,6158
2739,5288
2740,7902
2741,5348
2742,5800
2743,16534
2744,5553
2745,7416
2746,5403
2747,5345
2748,4988
2749,4264
2750,3879
2751,3991
2752,7755
2753,12928
2754,7531
2755,9083
2756,9150
2757,10125
2758,9168
2759,6895
2760,5265
2761,5065
2762,11398
2763,9862
2764,6082
2765,7970
2766,7351
2767,5539
2768,4251
2769,10610
2770,6160
2771,5718
2772,5822
2773,2082
2774,12135
2775,9471
2776,14140
2777,5588
2778,4214
2779,4497
2780,5640
2781,5906
2782,6043
2783,6006
2784,5381
2785,4131
2786,6397
2787,3550
2788,2634
2789,5552
2790,11997
2791,6051
2792,16515
2793,4388
2794,5346
2795,6011
2796,4786
2797,4488
2798,4489
2799,4839
2800,3606
2801,7181
2802,6074
2803,3396
2804,7924
2805,4318
2806,5521
2807,4257
2808,9050
2809,6431
2810,9665
2811,4368
2812,6082
2813,3901
2814,4210
2815,3950
2816,13358
2817,9622
2818,5673
2819,4216
2820,4485
2821,5401
2822,4258
2823,8464
2824,4410
2825,13522
2826,4173
2827,4732
2828,5597
2829,8592
2830,5884
2831,3984
2832,5929
2833,6324
2834,5993
2835,6018
2836,5389
2837,2991
2838,8680
2839,5029
2840,3787
2841,5700
2842,5358
2843,5731
2844,6043
2845,8101
2846,7692
2847,5987
2848,6159
2849,3917
2850,8070
2851,5256
2852,4072
2853,6721
2854,6673
2855,6259
2856,7615
2857,5435
2858,5324
2859,5620
2860,5388
2861,5270
2862,6750
2863,6196
2864,5906
2865,4768
2866,4803
2867,8006
2868,5432
2869,3841
2870,10087
2871,4699
2872,2942
2873,6422
2874,8286
2875,8387
2876,4903
2877,5017
2878,5577
2879,3131
2880,5855
2881,7400
2882,5485
2883,5456
2884,6473
2885,7020
2886,2997
2887,4777
2888,5215
2889,4980
2890,4530
2891,6301
2892,6462
2893,5656
2894,4359
2895,7366
2896,5244
2897,7620
2898,7932
2899,4174
2900,6231
2901,6411
2902,7165
2903,6784
2904,7445
2905,3081
2906,8517
2907,5844
2908,6661
2909,9802
2910,4264
2911,3549
2912,11452
2913,7561
2914,7109
2915,5297
2916,5440
2917,8289
2918,3002
2919,5772
2920,5253
2921,6860
2922,5821
2923,4718
2924,7197
2925,4877
2926,8214
2927,9565
2928,16642
2929,6452
2930,3978
2931,4702
2932,3515
2933,2946
2934,11240
2935,7457
2936,4915
2937,7930
2938,4857
2939,10504
2940,3871
2941,5167
2942,5444
2943,7672
2944,4533
2945,5360
2946,5015
2947,4284
2948,6861
2949,4698
2950,5821
2951,6848
2952,7996
2953,6486
2954,6890
2955,5083
2956,9388
2957,4187
2958,4647
2959,10002
2960,6238
2961,7736
2962,7342
2963,14878
2964,4969
2965,4394
2966,4369
2967,5608
2968,7969
2969,8513
2970,5829
2971,6917
2972,6766
2973,3315
2974,6781
2975,6483
2976,5349
2977,6647
2978,4728
2979,4282
2980,4253
2981,3928
2982,4243
2983,7240
2984,6266
2985,9971
2986,14799
2987,6451
2988,4477
2989,6095
2990,7784
2991,8596
2992,3854
2993,5400
2994,3642
2995,8505
2996,5757
2997,5442
2998,11107
2999,11969
3000,4347
3001,6516
3002,3538
3003,5476
3004,5650
3005,7813
3006,4333
3007,4051
3008,4889
3009,6338
3010,5870
3011,4182
3012,5047
3013,6327
3014,5592
3015,5920
3016,3326
3017,9470
3018,17764
3019,3871
3020,6118
3021,7839
3022,5678
3023,3848
3024,3449
3025,3543
3026,7032
3027,4577
3028,6726
3029,8809
3030,3762
3031,4474
3032,5295
3033,4905
3034,4523
3035,4849
3036,5608
3037,9297
3038,6976
3039,8107
3040,4867
3041,3878
3042,6263
3043,5893
3044,7034
3045,5338
3046,4459
3047,21145
3048,5736
3049,5367
3050,10944
3051,6312
3052,5885
3053,5634
3054,6809
3055,4368
3056,8763
3057,13203
3058,4652
3059,4589
3060,5811
3061,11714
3062,5205
3063,4550
3064,5631
3065,4895
3066,6182
3067,3606
3068,7784
3069,3585
3070,6797
3071,2426
3072,17518
3073,7473
3074,3797
3075,4367
3076,8065
3077,5528
3078,5929
3079,6986
3080,5152
3081,4905
3082,3987
3083,8376
3084,5165
3085,5229
3086,6319
3087,6827
3088,5181
3089,7132
3090,5084
3091,3493
3092,7762
3093,7937
3094,4303
3095,6722
3096,5721
3097,4474
3098,8404
3099,5410
3100,7094
3101,5541
3102,7293
3103,3853
3104,4272
3105,3992
3106,7735
3107,5832
3108,7605
3109,3402
3110,7444
3111,3471
3112,5955
3113,4889
3114,5407
3115,5786
3116,6565
3117,5476
3118,7674
3119,3304
3120,5451
3121,6561
3122,6677
3123,5945
3124,6898
3125,9133
3126,6423
3127,2621
3128,5839
3129,4976
3130,6073
3131,6428
3132,3957
3133,10453
3134,4893
3135,6390
3136,9488
3137,6041
3138,3452
3139,9761
3140,4873
3141,9009
3142,5021
3143,6509
3144,8375
3145,5427
3146,5186
3147,6198
3148,4642
3149,5158
3150,5490
3151,10109
3152,6499
3153,5273
3154,4367
3155,5308
3156,6433
3157,6133
3158,5841
3159,5476
3160,5958
3161,4037
3162,6944
3163,7047
3164,6051
3165,5092
3166,6412
3167,6430
3168,8834
3169,4975
3170,6920
3171,4886
3172,5110
3173,6194
3174,5785
3175,4138
3176,3773
3177,6568
3178,7852
3179,4527
3180,5401
3181,7012
3182,5362
3183,4890
3184,5514
3185,4317
3186,3270
3187,7147
3188,3966
3189,6840
3190,5460
3191,5577
3192,5626
3193,9944
3194,7755
3195,6339
3196,5019
3197,7465
3198,7451
3199,3446
3200,3231
3201,7152
3202,2951
3203,6404
3204,12292
3205,6908
3206,6177
3207,3923
3208,6671
3209,5555
3210,5704
3211,6498
3212,7057
3213,7193
3214,5088
3215,7276
3216,4297
3217,6300
3218,4833
3219,5266
3220,4833
3221,5056
3222,5483
3223,7012
3224,4298
3225,8804
3226,6522
3227,3873
3228,4196
3229,7441
3230,6376
3231,5000
3232,5900
3233,5938
3234,4568
3235,5787
3236,5656
3237,5525
3238,4693
3239,4820
3240,7056
3241,5944
3242,5060
3243,3492
3244,9721
3245,5281
3246,4624
3247,6407
3248,10082
3249,6971
3250,7362
3251,9025
3252,5966
3253,4866
3254,4944
3255,7039
3256,7862
3257,10458
3258,4091
3259,6015
3260,2963
3261,4191
3262,8339
3263,13228
3264,5851
3265,4295
3266,4393
3267,5734
3268,4941
3269,7236
3270,7775
3271,5531
3272,3605
3273,6378
3274,5095
3275,8485
3276,7739
3277,4397
3278,6089
3279,3595
3280,5750
3281,7363
3282,6654
3283,7483
3284,5589
3285,6515
3286,4069
3287,5528
3288,6864
3289,7628
3290,6478
3291,7089
3292,4926
3293,4172
3294,8850
3295,4185
3296,10990
3297,5597
3298,3989
3299,5705
3300,5577
3301,5939
3302,7077
3303,9136
3304,4296
3305,11991
3306,3934
3307,4289
3308,6137
3309,6702
3310,10203
3311,7729
3312,5681
3313,4776
3314,5788
3315,6485
3316,4517
3317,5438
3318,4713
3319,9319
3320,5901
3321,7624
3322,11499
3323,7490
3324,4565
3325,4493
3326,5174
3327,9937
3328,5428
3329,7885
3330,3904
3331,9175
3332,6263
3333,4593
3334,4363
3335,4184
3336,5079
3337,4717
3338,5084
3339,4624
3340,4068
3341,4585
3342,7771
3343,5798
3344,19513
3345,5649
3346,3526
3347,4122
3348,5993
3349,7634
3350,4086
3351,3997
3352,7915
3353,5597
3354,6370
3355,5348
3356,6278
3357,6073
3358,3383
3359,5098
3360,5310
3361,7124
3362,5406
3363,5911
3364,5997
3365,8474
3366,3951
3367,3836
3368,4063
3369,8073
3370,9252
3371,4941
3372,7747
3373,3962
3374,6643
3375,3551
3376,4406
3377,3676
3378,6721
3379,6874
3380,8918
3381,8065
3382,4675
3383,4218
3384,3881
3385,3955
3386,4678
3387,8728
3388,5574
3389,4268
3390,3753
3391,3845
3392,6140
3393,3117
3394,5993
3395,3220
3396,5301
3397,4580
3398,4365
3399,5655
3400,4486
3401,6600
3402,7072
3403,5576
3404,4773
3405,7429
3406,4250
3407,6290
3408,5040
3409,8185
3410,4210
3411,5095
3412,6600
3413,5849
3414,7476
3415,5147
3416,7262
3417,3637
3418,4347
3419,5122
3420,4951
3421,7236
3422,5943
3423,2969
3424,4578
3425,5821
3426,6180
3427,7641
3428,3585
3429,11530
3430,5429
3431,3822
3432,5769
3433,5660
3434,5619
3435,6915
3436,3608
3437,4672
3438,5242
3439,5893
3440,6034
3441,4686
3442,5686
3443,4404
3444,4457
3445,6753
3446,6295
3447,5182
3448,4222
3449,8965
3450,4504
3451,7844
3452,6221
3453,10335
3454,5433
3455,3997
3456,4898
3457,5613
3458,4507
3459,4107
3460,6425
3461,6204
3462,3367
3463,5980
3464,5493
3465,5447
3466,3963
3467,6168
3468,6968
3469,4454
3470,10104
3471,4272
3472,3628
3473,6326
3474,7429
3475,4542
3476,4286
3477,5955
3478,5164
3479,4445
3480,4710
3481,4175
3482,7478
3483,6637
3484,5731
3485,6196
3486,4509
3487,4111
3488,4705
3489,6001
3490,6174
3491,6429
3492,6279
3493,7944
3494,4645
3495,6606
3496,5888
3497,4584
3498,5432
3499,7136
3500,5138
3501,5559
3502,8921
3503,6250
3504,5688
3505,4339
3506,6469
3507,5442
3508,6422
3509,5614
3510,3547
3511,4601
3512,8046
3513,6321
3514,4841
3515,3337
3516,7079
3517,6195
3518,6485
3519,5332
3520,4761
3521,4465
3522,3292
3523,8061
3524,5975
3525,5411
3526,5208
3527,4068
3528,0
3529,5378
3530,4995
3531,3226
3532,5577
3533,3482
3534,6770
3535,6843
3536,5804
3537,10018
3538,3885
3539,4042
3540,8729
3541,4345
3542,4951
3543,2375
3544,6333
3545,6824
3546,3993
3547,5415
3548,5529
3549,5212
3550,5005
3551,7089
3552,9134
3553,2210
3554,5335
3555,2402
3556,12239
3557,3679
3558,7019
3559,7459
3560,4488
3561,5441
3562,3956
3563,4809
3564,3029
3565,4034
3566,4859
3567,4215
3568,5620
3569,5991
3570,4274
3571,5859
3572,5578
3573,7130
3574,6710
3575,6220
3576,3819
3577,2687
3578,7921
3579,7885
3580,4140
3581,6556
3582,4502
3583,6332
3584,4031
3585,4398
3586,5547
3587,2698
3588,5236
3589,3972
3590,8016
3591,5746
3592,6130
3593,6367
3594,4363
3595,6572
3596,17043
3597,7890
3598,4278
3599,2133
3600,4872
3601,6636
3602,4456
3603,5213
3604,11765
3605,5582
3606,8943
3607,16269
3608,3476
3609,5166
3610,4245
3611,3875
3612,6700
3613,3777
3614,7217
3615,8429
3616,6934
3617,4921
3618,6088
3619,3840
3620,5093
3621,3380
3622,5030
3623,5899
3624,6890
3625,4977
3626,4599
3627,3936
3628,6344
3629,4156
3630,4131
3631,3085
3632,6878
3633,4224
3634,4869
3635,6239
3636,6405
3637,5414
3638,4974
3639,5578
3640,4721
3641,5859
3642,5707
3643,6343
3644,6640
3645,6168
3646,4740
3647,2866
3648,4984
3649,5582
3650,4656
3651,4232
3652,2223
3653,7365
3654,5353
3655,7573
3656,5696
3657,4249
3658,5223
3659,4297
3660,3774
3661,7972
3662,4260
3663,5597
3664,6257
3665,12571
3666,4368
3667,4623
3668,5778
3669,4972
3670,5158
3671,4007
3672,6191
3673,4121
3674,5900
3675,3214
3676,4972
3677,3542
3678,8121
3679,4333
3680,13221
3681,11214
3682,3983
3683,5540
3684,4605
3685,5571
3686,4759
3687,9627
3688,6121
3689,7405
3690,3902
3691,6936
3692,4036
3693,7761
3694,7971
3695,5251
3696,5072
3697,5313
3698,6091
3699,6446
3700,7762
3701,5105
3702,6247
3703,7950
3704,4964
3705,5562
3706,4165
3707,7439
3708,6076
3709,4559
3710,4047
3711,5329
3712,3888
3713,6967
3714,4886
3715,5954
3716,4833
3717,7491
3718,3775
3719,6570
3720,7582
3721,6248
3722,7024
3723,5950
3724,3454
3725,11574
3726,8868
3727,5785
3728,13787
3729,8614
3730,5057
3731,5346
3732,7504
3733,8920
3734,10117
3735,9131
3736,4824
3737,6488
3738,4652
3739,6439
3740,3636
3741,9172
3742,5007
3743,3973
3744,5201
3745,7183
3746,6770
3747,4477
3748,6946
3749,4635
3750,3472
3751,5369
3752,3407
3753,3957
3754,5128
3755,5089
3756,7110
3757,6952
3758,5971
3759,5179
3760,5253
3761,9642
3762,6075
3763,4368
3764,4396
3765,4175
3766,6845
3767,3903
3768,9755
3769,6093
3770,2938
3771,4318
3772,5641
3773,5208
3774,4114
3775,6840
3776,8115
3777,10950
3778,5131
3779,8073
3780,2849
3781,4621
3782,5241
3783,4446
3784,5577
3785,4702
3786,5259
3787,2999
3788,4207
3789,8213
3790,6998
3791,3914
3792,4777
3793,7473
3794,9048
3795,6053
3796,4600
3797,3612
3798,7788
3799,5111
3800,5799
3801,5242
3802,4179
3803,5476
3804,7277
3805,3094
3806,3528
3807,4398
3808,5749
3809,7568
3810,5795
3811,6782
3812,11986
3813,3751
3814,8112
3815,9567
3816,5425
3817,4048
3818,2873
3819,6435
3820,5300
3821,5095
3822,4693
3823,5499
3824,9788
3825,4254
3826,4338
3827,5342
3828,5100
3829,5417
3830,4144
3831,3630
3832,5207
3833,3037
3834,6279
3835,7049
3836,5308
3837,6279
3838,7133
3839,6750
3840,4137
3841,5996
3842,7713
3843,6298
3844,4582
3845,5218
3846,3920
3847,8296
3848,4732
3849,5195
3850,4576
3851,5777
3852,6719
3853,5563
3854,5179
3855,7401
3856,4844
3857,5523
3858,14913
3859,5092
3860,7038
3861,5072
3862,5152
3863,4410
3864,3994
3865,3516
3866,3677
3867,6902
3868,11609
3869,7040
3870,7889
3871,9121
3872,9535
3873,8467
3874,6312
3875,4532
3876,4634
3877,10449
3878,9303
3879,5418
3880,7611
3881,7067
3882,5025
3883,3865
3884,9539
3885,5592
3886,5440
3887,5538
3888,1953
3889,11506
3890,8933
3891,12687
3892,5003
3893,3996
3894,4236
3895,5082
3896,5590
3897,5663
3898,5217
3899,5080
3900,3581
3901,6048
3902,3189
3903,2569
3904,5030
3905,11078
3906,5760
3907,15724
3908,4072
3909,5021
3910,5662
3911,4655
3912,4132
3913,3892
3914,4455
3915,3410
3916,6165
3917,5524
3918,3169
3919,6948
3920,4210
3921,5009
3922,3773
3923,7751
3924,5885
3925,8971
3926,4182
3927,5797
3928,3574
3929,4030
3930,3676
3931,12496
3932,8240
3933,5324
3934,3977
3935,3848
3936,4792
3937,3972
3938,7904
3939,4103
3940,12582
3941,3861
3942,4464
3943,4818
3944,7411
3945,5090
3946,3741
3947,5703
3948,6415
3949,5322
3950,5435
3951,4858
3952,2954
3953,8579
3954,4460
3955,3579
3956,5066
3957,4728
3958,5179
3959,5550
3960,7489
3961,7373
3962,5769
3963,5764
3964,3658
3965,7248
3966,5024
3967,3646
3968,6312
3969,6045
3970,5879
3971,6883
3972,4734
3973,4964
3974,5105
3975,5463
3976,4988
3977,5953
3978,5548
3979,5334
3980,5079
3981,4365
3982,7498
3983,4983
3984,3776
3985,9120
3986,4448
3987,3015
3988,6071
3989,7277
3990,7720
3991,4656
3992,4484
3993,4995
3994,2965
3995,5319
3996,6565
3997,5198
3998,4893
3999,6099
4000,6459
4001,2891
4002,4280
4003,4894
4004,4637
4005,4228
4006,5688
4007,5873
4008,5211
4009,3897
4010,6812
4011,4464
4012,6642
4013,7210
4014,3870
4015,5816
4016,6004
4017,6520
4018,6194
4019,6755
4020,2968
4021,7948
4022,5228
4023,6195
4024,8386
4025,4005
4026,3398
4027,11226
4028,7069
4029,6206
4030,5120
4031,5511
4032,7697
4033,2948
4034,5447
4035,4876
4036,6218
4037,5579
4038,4282
4039,6490
4040,4723
4041,7168
4042,8809
4043,14574
4044,6203
4045,3923
4046,4310
4047,3279
4048,2808
4049,9979
4050,6819
4051,4315
4052,7767
4053,4577
4054,9748
4055,3399
4056,4631
4057,5098
4058,7286
4059,4171
4060,5117
4061,4533
4062,4002
4063,6455
4064,4019
4065,5358
4066,6337
4067,7283
4068,6111
4069,6457
4070,4733
4071,9222
4072,3909
4073,4108
4074,9349
4075,5724
4076,7592
4077,6002
4078,14425
4079,4821
4080,3999
4081,3852
4082,5214
4083,7469
4084,7824
4085,5206
4086,6300
4087,6038
4088,3185
4089,6053
4090,6211
4091,5220
4092,6305
4093,4342
4094,4040
4095,3886
4096,3587
4097,3942
4098,6772
4099,5631
4100,9395
4101,13763
4102,5650
4103,4148
4104,5724
4105,6925
4106,7601
4107,3268
4108,4939
4109,3582
4110,7624
4111,5355
4112,5202
4113,9891
4114,11246
4115,4006
4116,5803
4117,3163
4118,4775
4119,4995
4120,6928
4121,4031
4122,3474
4123,4762
4124,6549
4125,6174
4126,4084
4127,4616
4128,5873
4129,5503
4130,5167
4131,3145
4132,8508
4133,16218
4134,3838
4135,5581
4136,7225
4137,5405
4138,3527
4139,3177
4140,3349
4141,6723
4142,4195
4143,6407
4144,7910
4145,3310
4146,3900
4147,4886
4148,4614
4149,4055
4150,4270
4151,4924
4152,8096
4153,6625
4154,7609
4155,4481
4156,3607
4157,5677
4158,5297
4159,6771
4160,4962
4161,4195
4162,20184
4163,5243
4164,5127
4165,10147
4166,5794
4167,5139
4168,5332
4169,6429
4170,4166
4171,7908
4172,11741
4173,4330
4174,4320
4175,5667
4176,11151
4177,4656
4178,4190
4179,5178
4180,4356
4181,5524
4182,3506
4183,7178
4184,3191
4185,6251
4186,2126
4187,16436
4188,6767
4189,3437
4190,3986
4191,8139
4192,5110
4193,5327
4194,6236
4195,4831
4196,4162
4197,3882
4198,7974
4199,4660
4200,4940
4201,5884
4202,6054
4203,4894
4204,6413
4205,4777
4206,3301
4207,7229
4208,7623
4209,4018
4210,5910
4211,5141
4212,3946
4213,7800
4214,5121
4215,6650
4216,5178
4217,6634
4218,3679
4219,3773
4220,3671
4221,8751
4222,5489
4223,7044
4224,3103
4225,6951
4226,3144
4227,5232
4228,4578
4229,4964
4230,5755
4231,6418
4232,5287
4233,6950
4234,3173
4235,4704
4236,5814
4237,6238
4238,5797
4239,6263
4240,8262
4241,5898
4242,2427
4243,5913
4244,4650
4245,5625
4246,5812
4247,3752
4248,9241
4249,4173
4250,5836
4251,8431
4252,6033
4253,3158
4254,9295
4255,4682
4256,8177
4257,4657
4258,6289
4259,8224
4260,4677
4261,4980
4262,5905
4263,4499
4264,4653
4265,5304
4266,8962
4267,6075
4268,4998
4269,4220
4270,5807
4271,5772
4272,5357
4273,5324
4274,5204
4275,5471
4276,3632
4277,6568
4278,6657
4279,5785
4280,4602
4281,5792
4282,6140
4283,7953
4284,4395
4285,6483
4286,4538
4287,4662
4288,6039
4289,5649
4290,3866
4291,3618
4292,6210
4293,7277
4294,4024
4295,4843
4296,6479
4297,4908
4298,4908
4299,5118
4300,3928
4301,2832
4302,6566
4303,3635
4304,6175
4305,5141
4306,5320
4307,5470
4308,9935
4309,7148
4310,5844
4311,4534
4312,6700
4313,6662
4314,3443
4315,3072
4316,7067
4317,2765
4318,5991
4319,11323
4320,6532
4321,5762
4322,3500
4323,5865
4324,4940
4325,5548
4326,5784
4327,6595
4328,6626
4329,4764
4330,6270
4331,4073
4332,5586
4333,4488
4334,4877
4335,4444
4336,4533
4337,4685
4338,6450
4339,4060
4340,7962
4341,6139
4342,3260
4343,3879
4344,6775
4345,5807
4346,4862
4347,5163
4348,5999
4349,4005
4350,5592
4351,5170
4352,4997
4353,4230
4354,4513
4355,6314
4356,5369
4357,4577
4358,3258
4359,9286
4360,4965
4361,4169
4362,6005
4363,8875
4364,6224
4365,6705
4366,7991
4367,5573
4368,4370
4369,4508
4370,6366
4371,7748
4372,9586
4373,3992
4374,5682
4375,2955
4376,3943
4377,8208
4378,12201
4379,5918
4380,4261
4381,4192
4382,5333
4383,4383
4384,6508
4385,7213
4386,5115
4387,3487
4388,6006
4389,4828
4390,7530
4391,6970
4392,4094
4393,5754
4394,3396
4395,5085
4396,6757
4397,6277
4398,6942
4399,5320
4400,6015
4401,3603
4402,5099
4403,6583
4404,6965
4405,5967
4406,6247
4407,4521
4408,3879
4409,8299
4410,3878
4411,10302
4412,5043
4413,3494
4414,5359
4415,5100
4416,5606
4417,6567
4418,8515
4419,3840
4420,10669
4421,3410
4422,4089
4423,5486
4424,6461
4425,9031
4426,7057
4427,5480
4428,4584
4429,5236
4430,5688
4431,4186
4432,5234
4433,4746
4434,8671
4435,5908
4436,6733
4437,10765
4438,6851
4439,4051
4440,4401
4441,4828
4442,9533
4443,4749
4444,7092
4445,4081
4446,7984
4447,5627
4448,4383
4449,3875
4450,3891
4451,4674
4452,4527
4453,4908
4454,4227
4455,3787
4456,4243
4457,6851
4458,5456
4459,18644
4460,4917
4461,3535
4462,4963
4463,6009
4464,7801
4465,4247
4466,4126
4467,7365
4468,5379
4469,6307
4470,4898
4471,6663
4472,6249
4473,3514
4474,5005
4475,5522
4476,7056
4477,5280
4478,6249
4479,5887
4480,8226
4481,3955
4482,3922
4483,4157
4484,8208
4485,9296
4486,5015
4487,7764
4488,3765
4489,6719
4490,3101
4491,4642
4492,3496
4493,6875
4494,6726
4495,9057
4496,8059
4497,4833
4498,4430
4499,3977
4500,3771
4501,4989
4502,9164
4503,5553
4504,4314
4505,4044
4506,3862
4507,6500
4508,2971
4509,6199
4510,3268
4511,5798
4512,5011
4513,4395
4514,6055
4515,4482
4516,6505
4517,7173
4518,5675
4519,4679
4520,7794
4521,4389
4522,5869
4523,5319
4524,8614
4525,4284
4526,5190
4527,6600
4528,6052
4529,7394
4530,5166
4531,7317
4532,3452
4533,4036
4534,5045
4535,5077
4536,7253
4537,5728
4538,3033
4539,4482
4540,5772
4541,6084
4542,7996
4543,3571
4544,12070
4545,5497
4546,3808
4547,5593
4548,5257
4549,5566
4550,7022
4551,3498
4552,4938
4553,5258
4554,6136
4555,5860
4556,4556
4557,5761
4558,4535
4559,4471
4560,6864
4561,6315
4562,5021
4563,3974
4564,8966
4565,4450
4566,8039
4567,6151
4568,10368
4569,5350
4570,3857
4571,5063
4572,5606
4573,4606
4574,4346
4575,6632
4576,6001
4577,3332
4578,6226
4579,5325
4580,5587
4581,3840
4582,6422
4583,7026
4584,4307
4585,9663
4586,4245
4587,3929
4588,6418
4589,7271
4590,4710
4591,4205
4592,6054
4593,4845
4594,4332
4595,5052
4596,4234
4597,7337
4598,6463
4599,5529
4600,6355
4601,4280
4602,4043
4603,4780
4604,6358
4605,6085
4606,6612
4607,6836
4608,7566
4609,4837
4610,6757
4611,5775
4612,4806
4613,5420
4614,7171
4615,5363
4616,5340
4617,8644
4618,6548
4619,5644
4620,4365
4621,6262
4622,5700
4623,6058
4624,5674
4625,3477
4626,4590
4627,7925
4628,6487
4629,4986
4630,3335
4631,6976
4632,6002
4633,6289
4634,5418
4635,4905
4636,4404
4637,3230
4638,8084
4639,5797
4640,5789
4641,5114
4642,4161
4643,0
4644,5477
4645,5287
4646,3246
4647,4802
4648,3695
4649,6780
4650,6906
4651,5702
4652,10032
4653,4156
4654,4067
4655,8793
4656,4412
4657,5196
4658,2013
4659,6359
4660,6717
4661,4119
4662,5464
4663,6412
4664,5115
4665,4908
4666,6898
4667,9045
4668,2200
4669,5108
4670,2424
4671,11574
4672,4135
4673,7192
4674,7765
4675,4598
4676,5479
4677,4095
4678,4515
4679,2976
4680,3861
4681,4875
4682,4156
4683,6143
4684,6091
4685,4234
4686,5622
4687,5504
4688,7390
4689,7107
4690,6431
4691,3912
4692,2849
4693,7988
4694,8020
4695,4127
4696,6396
4697,4510
4698,6072
4699,4153
4700,4471
4701,5773
4702,2750
4703,5254
4704,4028
4705,8105
4706,5842
4707,6283
4708,6258
4709,4346
4710,6714
4711,16620
4712,8096
4713,4187
4714,2413
4715,5147
4716,6485
4717,4287
4718,5056
4719,11740
4720,5653
4721,9022
4722,16451
4723,3522
4724,5127
4725,4181
4726,3773
4727,6624
4728,4239
4729,7077
4730,8420
4731,6743
4732,4875
4733,6257
4734,3795
4735,5167
4736,3242
4737,4895
4738,5934
4739,7441
4740,4930
4741,4812
4742,3903
4743,6431
4744,4055
4745,4175
4746,3074
4747,6952
4748,4335
4749,4963
4750,6188
4751,6404
4752,5256
4753,4850
4754,4936
4755,4875
4756,5764
4757,5706
4758,6654
4759,6255
4760,6071
4761,4775
4762,2861
4763,5090
4764,5240
4765,4656
4766,4104
4767,1997
4768,7330
4769,5424
4770,7757
4771,5561
4772,4195
4773,4991
4774,4222
4775,3748
4776,7667
4777,4438
4778,6031
4779,6452
4780,12254
4781,4609
4782,4200
4783,6005
4784,4501
4785,5049
4786,4196
4787,6365
4788,4044
4789,6031
4790,3154
4791,4780
4792,3328
4793,8065
4794,4389
4795,13003
4796,10938
4797,4106
4798,5480
4799,4332
4800,5504
4801,4563
4802,9711
4803,6541
4804,7074
4805,3610
4806,6852
4807,4219
4808,7416
4809,7571
4810,5360
4811,4902
4812,5363
4813,6024
4814,6923
4815,7610
4816,5270
4817,6257
4818,8490
4819,5168
4820,5455
4821,4545
4822,7296
4823,6177
4824,4331
4825,4163
4826,5129
4827,3975
4828,7095
4829,5011
4830,6164
4831,5086
4832,7593
4833,3858
4834,6349
4835,7192
4836,6150
4837,6311
4838,5753
4839,3354
4840,12244
4841,8400
4842,6158
4843,13666
4844,7571
4845,5354
4846,5563
4847,7366
4848,8526
4849,9783
4850,8988
4851,4517
4852,6536
4853,4651
4854,6511
4855,3567
4856,8410
4857,4985
4858,4173
4859,5122
4860,7305
4861,6715
4862,4564
4863,6739
4864,4718
4865,3383
4866,5477
4867,3343
4868,4115
4869,4633
4870,5630
4871,7569
4872,7027
4873,5937
4874,5292
4875,5229
4876,9553
4877,6136
4878,4310
4879,4498
4880,4175
4881,7063
4882,3875
4883,9622
4884,6392
4885,2946
4886,4384
4887,5632
4888,5379
4889,4178
4890,7157
4891,7961
4892,10750
4893,4884
4894,8665
4895,2886
4896,4506
4897,5460
4898,4508
4899,5639
4900,4637
4901,5532
4902,3046
4903,4323
4904,9414
4905,7077
4906,3777
4907,4706
4908,7629
4909,8984
4910,6279
4911,4671
4912,3484
4913,8090
4914,5304
4915,6590
4916,5084
4917,4289
4918,5585
4919,7103
4920,2894
4921,3755
4922,3985
4923,5654
4924,8221
4925,5889
4926,6725
4927,11135
4928,3844
4929,8141
4930,9690
4931,5354
4932,4190
4933,2776
4934,6923
4935,5155
4936,5132
4937,4793
4938,5297
4939,9124
4940,4207
4941,4301
4942,5541
4943,4095
4944,5812
4945,4285
4946,3573
4947,5455
4948,2947
4949,5839
4950,7138
4951,5449
4952,6181
4953,7221
4954,6769
4955,4318
4956,6112
4957,7364
4958,6192
4959,4848
4960,5402
4961,4487
4962,8489
4963,5231
4964,5151
4965,4456
4966,6213
4967,7099
4968,5712
4969,5152
4970,7546
4971,4840
4972,5447
4973,14446
4974,5008
4975,7519
4976,4794
4977,5158
4978,4636
4979,4028
4980,3439
4981,3803
4982,7174
4983,11612
4984,7098
4985,8189
4986,8575
4987,9548
4988,8758
4989,6304
4990,4300
4991,4496
4992,10185
4993,9027
4994,5874
4995,7310
4996,6630
4997,5120
4998,3547
4999,9384
5000,5869
5001,5490
5002,5325
5003,2102
5004,11163
5005,9287
5006,12406
5007,5053
5008,3991
5009,4130
5010,5179
5011,5218
5012,5853
5013,5556
5014,4925
5015,3730
5016,5716
5017,3448
5018,2488
5019,4981
5020,11285
5021,5878
5022,15786
5023,4005
5024,5132
5025,5994
5026,4342
5027,4090
5028,4080
5029,4244
5030,3351
5031,6340
5032,5726
5033,3138
5034,7306
5035,4119
5036,4966
5037,3715
5038,7816
5039,5954
5040,8771
5041,4077
5042,5711
5043,3668
5044,3969
5045,3686
5046,13382
5047,8936
5048,5220
5049,3946
5050,4014
5051,4856
5052,3934
5053,7799
5054,3757
5055,12608
5056,3778
5057,4199
5058,4750
5059,7628
5060,5509
5061,3849
5062,5435
5063,6208
5064,5568
5065,5521
5066,4805
5067,2899
5068,8336
5069,4285
5070,3496
5071,5104
5072,4952
5073,5279
5074,5381
5075,7356
5076,7251
5077,5738
5078,5731
5079,3659
5080,7490
5081,4914
5082,3645
5083,5999
5084,6200
5085,5591
5086,7435
5087,5047
5088,4909
5089,5133
5090,5185
5091,4926
5092,6119
5093,5898
5094,5621
5095,4537
5096,4619
5097,7358
5098,5354
5099,3795
5100,9394
5101,4485
5102,3097
5103,5951
5104,7552
5105,7629
5106,4311
5107,4523
5108,5017
5109,3080
5110,5347
5111,6572
5112,5107
5113,4745
5114,5896
5115,6570
5116,2855
5117,4297
5118,5046
5119,4564
5120,4100
5121,5774
5122,6117
5123,5238
5124,4108
5125,6736
5126,4665
5127,6631
5128,7383
5129,4072
5130,5636
5131,5816
5132,6653
5133,6323
5134,7309
5135,2952
5136,7769
5137,5253
5138,6191
5139,8774
5140,3924
5141,3273
5142,11331
5143,6659
5144,6370
5145,4996
5146,5154
5147,7771
5148,2871
5149,5422
5150,4685
5151,6482
5152,5356
5153,4341
5154,6629
5155,4739
5156,7373
5157,9224
5158,14782
5159,5950
5160,3871
5161,4284
5162,3245
5163,2818
5164,9515
5165,6666
5166,4306
5167,7308
5168,4696
5169,9499
5170,3629
5171,4746
5172,4922
5173,8054
5174,4421
5175,5413
5176,4539
5177,3979
5178,6351
5179,3924
5180,5753
5181,6465
5182,7484
5183,6144
5184,6487
5185,4709
5186,9035
5187,3811
5188,4167
5189,8836
5190,5788
5191,7751
5192,6157
5193,13999
5194,4590
5195,4166
5196,3927
5197,4974
5198,7529
5199,8298
5200,5563
5201,6219
5202,6255
5203,3297
5204,6138
5205,6438
5206,5283
5207,6295
5208,4500
5209,3827
5210,3860
5211,3531
5212,4034
5213,6797
5214,5532
5215,9123
5216,13684
5217,5935
5218,4160
5219,6097
5220,6959
5221,7592
5222,3326
5223,5027
5224,3467
5225,7281
5226,5434
5227,4886
5228,10287
5229,11369
5230,4146
5231,5631
5232,3260
5233,4925
5234,4921
5235,7281
5236,4031
5237,3562
5238,4511
5239,6007
5240,5488
5241,3971
5242,4578
5243,5814
5244,5333
5245,5483
5246,3031
5247,8919
5248,16200
5249,3503
5250,5699
5251,7212
5252,5680
5253,3546
5254,3132
5255,3422
5256,6620
5257,4232
5258,6255
5259,8021
5260,3459
5261,3954
5262,5064
5263,4486
5264,4127
5265,4476
5266,5117
5267,8266
5268,6499
5269,7863
5270,4656
5271,3464
5272,5583
5273,5259
5274,6559
5275,5019
5276,4037
5277,19587
5278,5067
5279,5061
5280,10133
5281,5649
5282,5169
5283,5125
5284,6381
5285,4127
5286,7970
5287,11609
5288,4188
5289,4158
5290,5784
5291,10787
5292,4745
5293,4158
5294,4942
5295,4373
5296,5546
5297,3386
5298,7141
5299,3176
5300,6222
5301,2345
5302,16699
5303,6959
5304,3635
5305,4261
5306,7491
5307,5234
5308,5550
5309,6552
5310,4932
5311,4297
5312,3822
5313,7864
5314,4983
5315,4974
5316,5749
5317,6170
5318,4552
5319,6392
5320,4656
5321,3264
5322,6994
5323,7211
5324,3946
5325,6149
5326,5204
5327,4104
5328,8028
5329,4878
5330,6423
5331,5307
5332,6815
5333,3538
5334,3776
5335,3729
5336,7703
5337,5893
5338,6990
5339,3149
5340,6900
5341,3304
5342,5211
5343,4340
5344,4940
5345,5693
5346,6308
5347,5344
5348,7107
5349,3193
5350,4962
5351,5911
5352,6066
5353,5751
5354,6774
5355,8148
5356,5781
5357,2458
5358,5539
5359,4422
5360,5435
5361,5847
5362,3754
5363,9473
5364,4308
5365,5826
5366,8428
5367,5535
5368,3209
5369,9024
5370,4755
5371,8280
5372,4840
5373,6078
5374,7450
5375,5019
5376,4513
5377,5715
5378,4390
5379,4469
5380,5205
5381,8607
5382,6297
5383,4803
5384,4150
5385,5254
5386,6037
5387,5336
5388,5876
5389,5100
5390,5392
5391,3624
5392,6501
5393,6875
5394,5914
5395,4644
5396,5786
5397,6059
5398,7899
5399,4551
5400,6438
5401,4350
5402,4971
5403,6501
5404,5436
5405,3906
5406,3572
5407,7080
5408,7196
5409,4066
5410,4662
5411,6534
5412,5004
5413,4587
5414,5551
5415,4098
5416,2761
5417,6425
5418,3584
5419,6056
5420,5234
5421,5214
5422,4871
5423,9009
5424,7298
5425,6298
5426,4381
5427,6913
5428,6421
5429,3427
5430,2812
5431,6583
5432,2761
5433,6052
5434,11217
5435,6565
5436,5727
5437,3402
5438,6064
5439,5315
5440,5542
5441,5801
5442,6651
5443,6844
5444,4823
5445,6568
5446,4025
5447,5597
5448,4566
5449,4650
5450,4715
5451,4478
5452,4816
5453,6397
5454,3986
5455,8157
5456,5997
5457,3395
5458,3795
5459,7137
5460,6017
5461,4912
5462,5313
5463,5467
5464,4135
5465,5449
5466,5146
5467,5362
5468,4263
5469,4382
5470,6945
5471,5697
5472,4696
5473,3192
5474,8544
5475,5085
5476,4111
5477,6034
5478,9169
5479,6361
5480,6862
5481,7865
5482,5496
5483,4644
5484,4610
5485,6335
5486,7309
5487,10016
5488,3824
5489,5254
5490,2803
5491,3895
5492,7838
5493,11623
5494,5420
5495,3903
5496,4260
5497,5203
5498,4525
5499,7361
5500,7058
5501,5192
5502,3368
5503,6042
5504,4718
5505,7208
5506,7522
5507,3986
5508,5894
5509,3249
5510,5479
5511,6829
5512,6055
5513,6929
5514,5154
5515,6033
5516,3711
5517,5199
5518,6212
5519,7005
5520,6146
5521,6509
5522,4578
5523,3705
5524,8112
5525,3719
5526,9801
5527,5178
5528,3650
5529,6707
5530,5187
5531,5221
5532,6738
5533,8568
5534,4029
5535,10232
5536,3294
5537,3911
5538,5601
5539,6312
5540,8907
5541,7021
5542,5264
5543,4673
5544,5183
5545,5883
5546,4250
5547,5142
5548,4422
5549,8605
5550,5940
5551,6674
5552,10615
5553,7237
5554,3990
5555,4189
5556,4740
5557,9487
5558,4666
5559,6793
5560,3876
5561,8219
5562,5550
5563,4359
5564,4010
5565,3746
5566,4374
5567,4474
5568,4775
5569,4009
5570,3770
5571,3912
5572,6942
5573,5628
5574,18566
5575,5276
5576,3320
5577,4100
5578,5983
5579,7484
5580,3860
5581,3824
5582,7372
5583,5831
5584,6198
5585,4908
5586,6191
5587,6042
5588,3607
5589,5032
5590,5748
5591,6713
5592,5098
5593,5927
5594,5797
5595,8692
5596,3924
5597,3695
5598,4134
5599,7858
5600,9081
5601,5104
5602,7630
5603,3986
5604,6427
5605,3498
5606,4590
5607,3182
5608,6402
5609,6661
5610,8772
5611,7857
5612,4993
5613,4181
5614,3651
5615,3858
5616,4772
5617,8505
5618,5420
5619,4109
5620,4168
5621,3966
5622,6201
5623,2929
5624,5803
5625,3252
5626,5938
5627,5135
5628,4354
5629,5863
5630,4204
5631,6641
5632,7184
5633,5685
5634,4578
5635,7206
5636,4044
5637,5538
5638,5419
5639,8793
5640,4439
5641,5325
5642,6392
5643,5692
5644,7329
5645,5032
5646,7275
5647,3715
5648,4015
5649,4921
5650,5092
5651,7213
5652,5918
5653,2918
5654,4231
5655,6142
5656,5797
5657,8082
5658,3401
5659,11112
5660,5883
5661,3711
5662,5338
5663,5284
5664,5348
5665,6702
5666,3568
5667,4896
5668,5216
5669,5941
5670,5668
5671,4420
5672,5669
5673,4639
5674,4267
5675,6900
5676,6224
5677,4959
5678,3906
5679,8456
5680,4211
5681,7275
5682,6008
5683,10003
5684,5204
5685,3748
5686,5174
5687,5290
5688,4533
5689,4086
5690,6475
5691,5819
5692,3237
5693,5960
5694,4867
5695,5360
5696,3646
5697,5725
5698,6804
5699,3993
5700,9428
5701,4341
5702,3745
5703,6236
5704,7534
5705,4642
5706,4092
5707,6002
5708,4759
5709,4103
5710,5119
5711,4105
5712,7389
5713,6752
5714,5553
5715,6080
5716,4232
5717,3829
5718,4493
5719,6611
5720,5865
5721,6822
5722,6173
5723,7419
5724,4562
5725,6927
5726,5586
5727,4362
5728,5423
5729,7170
5730,5239
5731,5963
5732,8122
5733,6372
5734,5660
5735,4481
5736,6002
5737,5551
5738,6046
5739,5352
5740,3307
5741,4615
5742,7694
5743,6102
5744,4978
5745,3266
5746,6886
5747,5764
5748,6221
5749,5254
5750,4641
5751,4412
5752,3178
5753,8118
5754,5735
5755,5570
5756,5116
5757,4253
5758,0
5759,5251
5760,5363
5761,3207
5762,5065
5763,3641
5764,6630
5765,6648
5766,5453
5767,9866
5768,3669
5769,4113
5770,8127
5771,4204
5772,4773
5773,2129
5774,6227
5775,6607
5776,4609
5777,5277
5778,5327
5779,5115
5780,4543
5781,7350
5782,8598
5783,2135
5784,5119
5785,2498
5786,11360
5787,3607
5788,6915
5789,7281
5790,4592
5791,5115
5792,3924
5793,4517
5794,2744
5795,3888
5796,4967
5797,3946
5798,5741
5799,5919
5800,4473
5801,5292
5802,5097
5803,7211
5804,7123
5805,6406
5806,3790
5807,3034
5808,7797
5809,7649
5810,4255
5811,5973
5812,4135
5813,6068
5814,4298
5815,4035
5816,5426
5817,2947
5818,5083
5819,3791
5820,7648
5821,5865
5822,6255
5823,6401
5824,4511
5825,6368
5826,16199
5827,8123
5828,4071
5829,2186
5830,5124
5831,6898
5832,4207
5833,5338
5834,12182
5835,5294
5836,9218
5837,17940
5838,3424
5839,5008
5840,4143
5841,3790
5842,7894
5843,3632
5844,6871
5845,8164
5846,6720
5847,4866
5848,6019
5849,4292
5850,5012
5851,3195
5852,4782
5853,5873
5854,7124
5855,5186
5856,4798
5857,3793
5858,6267
5859,4012
5860,3992
5861,3216
5862,6657
5863,4569
5864,4834
5865,5626
5866,6306
5867,5191
5868,4784
5869,4971
5870,4559
5871,5684
5872,5426
5873,6894
5874,5908
5875,6307
5876,4687
5877,2784
5878,4819
5879,5347
5880,4713
5881,4028
5882,2251
5883,7215
5884,5581
5885,6608
5886,5333
5887,4431
5888,5275
5889,4347
5890,3783
5891,7850
5892,4177
5893,5986
5894,6421
5895,12057
5896,4609
5897,4714
5898,5969
5899,4779
5900,6427
5901,4433
5902,6122
5903,3841
5904,5982
5905,3262
5906,4669
5907,3267
5908,7939
5909,4532
5910,12196
5911,10410
5912,4260
5913,5334
5914,4235
5915,5371
5916,4313
5917,9423
5918,6580
5919,7362
5920,3639
5921,6756
5922,4260
5923,7295
5924,7298
5925,5412
5926,4965
5927,5488
5928,6406
5929,6373
5930,8004
5931,4820
5932,6233
5933,7906
5934,5098
5935,5164
5936,4708
5937,7182
5938,6014
5939,4553
5940,3995
5941,5141
5942,3922
5943,6771
5944,4956
5945,6635
5946,4965
5947,7438
5948,3772
5949,6196
5950,7259
5951,6068
5952,6600
5953,5874
5954,3400
5955,11243
5956,8153
5957,6302
5958,14250
5959,8231
5960,4988
5961,5320
5962,7315
5963,8423
5964,9242
5965,8389
5966,4630
5967,6425
5968,4605
5969,6568
5970,3537
5971,9359
5972,4953
5973,3978
5974,5148
5975,7073
5976,6655
5977,4365
5978,6482
5979,4346
5980,3387
5981,5502
5982,3395
5983,3706
5984,4987
5985,5137
5986,7295
5987,6980
5988,5939
5989,5534
5990,5243
5991,9668
5992,5866
5993,4417
5994,4271
5995,4043
5996,6830
5997,3809
5998,10029
5999,6010
6000,3070
6001,4019
6002,5796
6003,5204
6004,4140
6005,7014
6006,8549
6007,10311
6008,4050
6009,8754
6010,2609
6011,4378
6012,5285
6013,4492
6014,5352
6015,4363
6016,5372
6017,3086
6018,4311
6019,8363
6020,6641
6021,3688
6022,4375
6023,7297
6024,8668
6025,7173
6026,4563
6027,3561
6028,7105
6029,4824
6030,6156
6031,4848
6032,4365
6033,5390
6034,7567
6035,3128
6036,3454
6037,4132
6038,5347
6039,7358
6040,5661
6041,6544
6042,11082
6043,3921
6044,7849
6045,9280
6046,5552
6047,4192
6048,2911
6049,6288
6050,4888
6051,4898
6052,5060
6053,5435
6054,9367
6055,4026
6056,4412
6057,5409
6058,4700
6059,5798
6060,4165
6061,3669
6062,5837
6063,2781
6064,6357
6065,6939
6066,5214
6067,6133
6068,7233
6069,6632
6070,4417
6071,5974
6072,6872
6073,5867
6074,4458
6075,5045
6076,3796
6077,8099
6078,5791
6079,5120
6080,4215
6081,5607
6082,7084
6083,5808
6084,4922
6085,7135
6086,4611
6087,5663
6088,13851
6089,5002
6090,7402
6091,5112
6092,5065
6093,4495
6094,4051
6095,3359
6096,3954
6097,7252
6098,10776
6099,6255
6100,7900
6101,8658
6102,9207
6103,8454
6104,6505
6105,4720
6106,4481
6107,9462
6108,8773
6109,5723
6110,7156
6111,6753
6112,4926
6113,3393
6114,9008
6115,5524
6116,5317
6117,5310
6118,2122
6119,10618
6120,9123
6121,12693
6122,5071
6123,3901
6124,3910
6125,4976
6126,5091
6127,5722
6128,5641
6129,4523
6130,3714
6131,5971
6132,2977
6133,2579
6134,5117
6135,10634
6136,5631
6137,15867
6138,4035
6139,5265
6140,5476
6141,4482
6142,4045
6143,4066
6144,4086
6145,3321
6146,6445
6147,5807
6148,2897
6149,7080
6150,3983
6151,4792
6152,3702
6153,7436
6154,5941
6155,8974
6156,3937
6157,5555
6158,3478
6159,3952
6160,3709
6161,11852
6162,8778
6163,5376
6164,3887
6165,4026
6166,4695
6167,4401
6168,9261
6169,3631
6170,11995
6171,3630
6172,4051
6173,4744
6174,7016
6175,5552
6176,3773
6177,5288
6178,6159
6179,5666
6180,5694
6181,4523
6182,2884
6183,8364
6184,4001
6185,3454
6186,4845
6187,5174
6188,5067
6189,5116
6190,7210
6191,7155
6192,5560
6193,5906
6194,3377
6195,7349
6196,4715
6197,3607
6198,6152
6199,6210
6200,5638
6201,7485
6202,4793
6203,4597
6204,5355
6205,5334
6206,4829
6207,5734
6208,5972
6209,5464
6210,4806
6211,4409
6212,7579
6213,5130
6214,3666
6215,9175
6216,4541
6217,2915
6218,5969
6219,7332
6220,7351
6221,4301
6222,4555
6223,4861
6224,3042
6225,5018
6226,6099
6227,5413
6228,4869
6229,5723
6230,6617
6231,2824
6232,4280
6233,5011
6234,4422
6235,4152
6236,5529
6237,5604
6238,4864
6239,3941
6240,6584
6241,4627
6242,6769
6243,6982
6244,4196
6245,5393
6246,5669
6247,6276
6248,6416
6249,6614
6250,4355
6251,8322
6252,5375
6253,6156
6254,7888
6255,3958
6256,3169
6257,10621
6258,6679
6259,6433
6260,4795
6261,5248
6262,7455
6263,3091
6264,5527
6265,4499
6266,6713
6267,5320
6268,4511
6269,6462
6270,5013
6271,7103
6272,8816
6273,13714
6274,5957
6275,3960
6276,4245
6277,3216
6278,2737
6279,9375
6280,6586
6281,4345
6282,6984
6283,4743
6284,8957
6285,3695
6286,4962
6287,5081
6288,7261
6289,4303
6290,4993
6291,4556
6292,3973
6293,6029
6294,4239
6295,5541
6296,6191
6297,7236
6298,6191
6299,6456
6300,4887
6301,8762
6302,3715
6303,4303
6304,8795
6305,5514
6306,7524
6307,5601
6308,14375
6309,4489
6310,4061
6311,4088
6312,4936
6313,7301
6314,8054
6315,5303
6316,6517
6317,6103
6318,3260
6319,5971
6320,6214
6321,5325
6322,6599
6323,4711
6324,3884
6325,3890
6326,3245
6327,3819
6328,6605
6329,5917
6330,9067
6331,13134
6332,5536
6333,4052
6334,5488
6335,6880
6336,7178
6337,3384
6338,5048
6339,3605
6340,7338
6341,5383
6342,4846
6343,9861
6344,11400
6345,4207
6346,5788
6347,3071
6348,4709
6349,4788
6350,7187
6351,4069
6352,3545
6353,4540
6354,5930
6355,5920
6356,3800
6357,4755
6358,6167
6359,5240
6360,5384
6361,3002
6362,8226
6363,15037
6364,3556
6365,5623
6366,6932
6367,5676
6368,3419
6369,3131
6370,3121
6371,6599
6372,4079
6373,6271
6374,7665
6375,3473
6376,4121
6377,5053
6378,4498
6379,3945
6380,4492
6381,5023
6382,7649
6383,6424
6384,7378
6385,4750
6386,3438
6387,5269
6388,5051
6389,7019
6390,5012
6391,3994
6392,18701
6393,5000
6394,4970
6395,9500
6396,5503
6397,5100
6398,5078
6399,6219
6400,3965
6401,7851
6402,10988
6403,4261
6404,4047
6405,5309
6406,10214
6407,4687
6408,4061
6409,4952
6410,4217
6411,5069
6412,3426
6413,6912
6414,3276
6415,5827
6416,2162
6417,16563
6418,6467
6419,3390
6420,4255
6421,7803
6422,5129
6423,5307
6424,6309
6425,4854
6426,4267
6427,3895
6428,7428
6429,4639
6430,4696
6431,5469
6432,5876
6433,4407
6434,6460
6435,4602
6436,3088
6437,7134
6438,6579
6439,3753
6440,6176
6441,5570
6442,3878
6443,7776
6444,4896
6445,6170
6446,5226
6447,6936
6448,3402
6449,3662
6450,3728
6451,8633
6452,4990
6453,6763
6454,3169
6455,6735
6456,3113
6457,5030
6458,4113
6459,4738
6460,5476
6461,6279
6462,5367
6463,7061
6464,3525
6465,4739
6466,5608
6467,6121
6468,5503
6469,6169
6470,7849
6471,5624
6472,2511
6473,5661
6474,4321
6475,5282
6476,5762
6477,3621
6478,9218
6479,4335
6480,5698
6481,7880
6482,5894
6483,3086
6484,8666
6485,4793
6486,8170
6487,4600
6488,5943
6489,7974
6490,5081
6491,4340
6492,5661
6493,4362
6494,4367
6495,5142
6496,8256
6497,6034
6498,4597
6499,4099
6500,5037
6501,6063
6502,5375
6503,5487
6504,4891
6505,5258
6506,3885
6507,6604
6508,6332
6509,5577
6510,4766
6511,5282
6512,5942
6513,7700
6514,4407
6515,6222
6516,4280
6517,4973
6518,6403
6519,5341
6520,3871
6521,3463
6522,5973
6523,7524
6524,3821
6525,4504
6526,6624
6527,4835
6528,4597
6529,4860
6530,4103
6531,2923
6532,5955
6533,3402
6534,5932
6535,5170
6536,5194
6537,5026
6538,9139
6539,6984
6540,5830
6541,4167
6542,7323
6543,6188
6544,3289
6545,2860
6546,6494
6547,2779
6548,5816
6549,10543
6550,7063
6551,5353
6552,3537
6553,5676
6554,5454
6555,5260
6556,5830
6557,6492
6558,6750
6559,4672
6560,6746
6561,3941
6562,5422
6563,4338
6564,4595
6565,4961
6566,4554
6567,4588
6568,6359
6569,3960
6570,7867
6571,6034
6572,3450
6573,3623
6574,7306
6575,5762
6576,5028
6577,4984
6578,5467
6579,4127
6580,5341
6581,4989
6582,5055
6583,4081
6584,4281
6585,6805
6586,5609
6587,4950
6588,3130
6589,8782
6590,5105
6591,4125
6592,5786
6593,8601
6594,6722
6595,6090
6596,7241
6597,5493
6598,4489
6599,4614
6600,6033
6601,7225
6602,8980
6603,3848
6604,5260
6605,2950
6606,3772
6607,7920
6608,11376
6609,5427
6610,3916
6611,4466
6612,5309
6613,4509
6614,6540
6615,7332
6616,5079
6617,3444
6618,5777
6619,4728
6620,7477
6621,7317
6622,3991
6623,6037
6624,3297
6625,5402
6626,6771
6627,5998
6628,6621
6629,5081
6630,5732
6631,3526
6632,5294
6633,5837
6634,6934
6635,6087
6636,6670
6637,4727
6638,3595
6639,7865
6640,3580
6641,9414
6642,5188
6643,3374
6644,5260
6645,5151
6646,5212
6647,6365
6648,8230
6649,4015
6650,9672
6651,3292
6652,3935
6653,5196
6654,6495
6655,8663
6656,6271
6657,5343
6658,4348
6659,5255
6660,5507
6661,4243
6662,5108
6663,4572
6664,8489
6665,5646
6666,6596
6667,9896
6668,7081
6669,3712
6670,4022
6671,4565
6672,9627
6673,4317
6674,6841
6675,3777
6676,8281
6677,5455
6678,4302
6679,4215
6680,3801
6681,4527
6682,4270
6683,4690
6684,3919
6685,3788
6686,3848
6687,7001
6688,5778
6689,18137
6690,5178
6691,3529
6692,4118
6693,6017
6694,7970
6695,4203
6696,3976
6697,8256
6698,5273
6699,6476
6700,5345
6701,6380
6702,6242
6703,4069
6704,5237
6705,6527
6706,7193
6707,5219
6708,6661
6709,6269
6710,7374
6711,4937
6712,4337
6713,4749
6714,8511
6715,9016
6716,5625
6717,8010
6718,4009
6719,6906
6720,3144
6721,5296
6722,3527
6723,7119
6724,6983
6725,9530
6726,8817
6727,5880
6728,5021
6729,3823
6730,3781
6731,5357
6732,8854
6733,5841
6734,4584
6735,4464
6736,4462
6737,6548
6738,3149
6739,6969
6740,3502
6741,6863
6742,5435
6743,4848
6744,7119
6745,4354
6746,7537
6747,7517
6748,5964
6749,4935
6750,7265
6751,4401
6752,5971
6753,6230
6754,9978
6755,4830
6756,5789
6757,6557
6758,6535
6759,8351
6760,5542
6761,8041
6762,3697
6763,3997
6764,4988
6765,5952
6766,8116
6767,6914
6768,3407
6769,4600
6770,7245
6771,7083
6772,8466
6773,3908
6774,11447
6775,6015
6776,3894
6777,5121
6778,5594
6779,5730
6780,7260
6781,3686
6782,5388
6783,6083
6784,6486
6785,5906
6786,4219
6787,5889
6788,5149
6789,4838
6790,7544
6791,6778
6792,5074
6793,4509
6794,9182
6795,4518
6796,7997
6797,6749
6798,11355
6799,5809
6800,3892
6801,5929
6802,5767
6803,5155
6804,4635
6805,7900
6806,6245
6807,3491
6808,6931
6809,5388
6810,6046
6811,4015
6812,6573
6813,7036
6814,5010
6815,10420
6816,4771
6817,4139
6818,6936
6819,7826
6820,4576
6821,4465
6822,6350
6823,5216
6824,4396
6825,5625
6826,4313
6827,8509
6828,6618
6829,6054
6830,6322
6831,4216
6832,4275
6833,4942
6834,6725
6835,5863
6836,7619
6837,7239
6838,7958
6839,5029
6840,7878
6841,6306
6842,4649
6843,5509
6844,7677
6845,5961
6846,5491
6847,8728
6848,7411
6849,6339
6850,4812
6851,6870
6852,6304
6853,6123
6854,5804
6855,3552
6856,4736
6857,8080
6858,6362
6859,5366
6860,3614
6861,7052
6862,5982
6863,6466
6864,5817
6865,5214
6866,4630
6867,3328
6868,8767
6869,5641
6870,5864
6871,5193
6872,4840
6873,8120
6874,5665
6875,6296
6876,3304
6877,5714
6878,4091
6879,7608
6880,7285
6881,6013
6882,11855
6883,3696
6884,4612
6885,8969
6886,4486
6887,5675
6888,2351
6889,6837
6890,7344
6891,5140
6892,5790
6893,5639
6894,5648
6895,4993
6896,6796
6897,8884
6898,2760
6899,5677
6900,2665
6901,11613
6902,3888
6903,7440
6904,9193
6905,5164
6906,5682
6907,4349
6908,4240
6909,2998
6910,3886
6911,5705
6912,4298
6913,6435
6914,6641
6915,4815
6916,5689
6917,5827
6918,8016
6919,8033
6920,7076
6921,4399
6922,3755
6923,8342
6924,8725
6925,4506
6926,6722
6927,4582
6928,6226
6929,4979
6930,4388
6931,6135
6932,3505
6933,5176
6934,4453
6935,7944
6936,6169
6937,6980
6938,6719
6939,5215
6940,7189
6941,16363
6942,8747
6943,4084
6944,2738
6945,5830
6946,7096
6947,4388
6948,5912
6949,12408
6950,5532
6951,9567
6952,18876
6953,4030
6954,5465
6955,4338
6956,3447
6957,7754
6958,3965
6959,7189
6960,8591
6961,6622
6962,5164
6963,6296
6964,4723
6965,5644
6966,3388
6967,5676
6968,6307
6969,8553
6970,5602
6971,5828
6972,3820
6973,6738
6974,4453
6975,4818
6976,3350
6977,7589
6978,5087
6979,5285
6980,6321
6981,6699
6982,5295
6983,4919
6984,4970
6985,4468
6986,5739
6987,5845
6988,8076
6989,7208
6990,6643
6991,5205
6992,3270
6993,5185
6994,5612
6995,5209
6996,4292
6997,2404
6998,7415
6999,5706
7000,8664
7001,5537
7002,4983
7003,6135
7004,4487
7005,4151
7006,8250
7007,5421
7008,6777
7009,7703
7010,12248
7011,5345
7012,4259
7013,6554
7014,4264
7015,5169
7016,5251
7017,6725
7018,4135
7019,6543
7020,3402
7021,4696
7022,3298
7023,8351
7024,5004
7025,12813
7026,10837
7027,4855
7028,5689
7029,4526
7030,5888
7031,4976
7032,10788
7033,7133
7034,7596
7035,3985
7036,7459
7037,4873
7038,8089
7039,7698
7040,6221
7041,5695
7042,6198
7043,6622
7044,7657
7045,7806
7046,5751
7047,6376
7048,8576
7049,5884
7050,5976
7051,5309
7052,7320
7053,6063
7054,4840
7055,4406
7056,5657
7057,4455
7058,7525
7059,5899
7060,7364
7061,5305
7062,8485
7063,4346
7064,6284
7065,8162
7066,6415
7067,7272
7068,5943
7069,3628
7070,12425
7071,8070
7072,7082
7073,14591
7074,7945
7075,5790
7076,6208
7077,7378
7078,9050
7079,9232
7080,9683
7081,5244
7082,6530
7083,5435
7084,7994
7085,4057
7086,8775
7087,5173
7088,4606
7089,5597
7090,7214
7091,6640
7092,4923
7093,7178
7094,4398
7095,3612
7096,6125
7097,3955
7098,4030
7099,5026
7100,5515
7101,8491
7102,8379
7103,5824
7104,5987
7105,5765
7106,9497
7107,5830
7108,5233
7109,4655
7110,4587
7111,8970
7112,3936
7113,11677
7114,6622
7115,3054
7116,4021
7117,5775
7118,5441
7119,4867
7120,7740
7121,8829
7122,10429
7123,5180
7124,10577
7125,2784
7126,4734
7127,6128
7128,4985
7129,6166
7130,5063
7131,6212
7132,3549
7133,4904
7134,10670
7135,8396
7136,3996
7137,4919
7138,8303
7139,8268
7140,6720
7141,5084
7142,4025
7143,7934
7144,5271
7145,6910
7146,4912
7147,5213
7148,6214
7149,7543
7150,3283
7151,3908
7152,4146
7153,5228
7154,8588
7155,6835
7156,7361
7157,11487
7158,5164
7159,9453
7160,10061
7161,6352
7162,4536
7163,2860
7164,6802
7165,5591
7166,5248
7167,5393
7168,5816
7169,9980
7170,4141
7171,4842
7172,6600
7173,4083
7174,7695
7175,5213
7176,3951
7177,6583
7178,3046
7179,5949
7180,7613
7181,6107
7182,6548
7183,7908
7184,6913
7185,4966
7186,6448
7187,7871
7188,6473
7189,5156
7190,5685
7191,3953
7192,8474
7193,6469
7194,5412
7195,4241
7196,6205
7197,7808
7198,6395
7199,5232
7200,8021
7201,5009
7202,6323
7203,14829
7204,5240
7205,8749
7206,4943
7207,5181
7208,5428
7209,4856
7210,3724
7211,4436
7212,8182
7213,11850
7214,7756
7215,8795
7216,8254
7217,10375
7218,9325
7219,7411
7220,4903
7221,4652
7222,10060
7223,9885
7224,6882
7225,7291
7226,7546
7227,5520
7228,3517
7229,10337
7230,5712
7231,5583
7232,5906
7233,2017
7234,10949
7235,9036
7236,12901
7237,5558
7238,4208
7239,4662
7240,5492
7241,5464
7242,5801
7243,6668
7244,4605
7245,4034
7246,5919
7247,3056
7248,2736
7249,5036
7250,11792
7251,6292
7252,16392
7253,3962
7254,5902
7255,5969
7256,5111
7257,4332
7258,5128
7259,4188
7260,3305
7261,8120
7262,6352
7263,3396
7264,8030
7265,4286
7266,5491
7267,3989
7268,8569
7269,6360
7270,8971
7271,4118
7272,5843
7273,4028
7274,4205
7275,3951
7276,12432
7277,9833
7278,5958
7279,4020
7280,5074
7281,5449
7282,3894
7283,8003
7284,3848
7285,13048
7286,3995
7287,4360
7288,5104
7289,8816
7290,6737
7291,4499
7292,5436
7293,5859
7294,6010
7295,6554
7296,4927
7297,3170
7298,8649
7299,4479
7300,3765
7301,5512
7302,5934
7303,5243
7304,5445
7305,7730
7306,7931
7307,6169
7308,6402
7309,3484
7310,8217
7311,5028
7312,4046
7313,6847
7314,6664
7315,6095
7316,7988
7317,5239
7318,5013
7319,5827
7320,4943
7321,4984
7322,6468
7323,7129
7324,5911
7325,5324
7326,4841
7327,8398
7328,6042
7329,4124
7330,10135
7331,4261
7332,2915
7333,6804
7334,8699
7335,7810
7336,4471
7337,5191
7338,5581
7339,3388
7340,5657
7341,6707
7342,5875
7343,5586
7344,5650
7345,7180
7346,2906
7347,4823
7348,5156
7349,4409
7350,4683
7351,5766
7352,6399
7353,5438
7354,4595
7355,6604
7356,5361
7357,7565
7358,7899
7359,4708
7360,5672
7361,6102
7362,6817
7363,6982
7364,8562
7365,3046
7366,8751
7367,5461
7368,6362
7369,9178
7370,4508
7371,3329
7372,10857
7373,7105
7374,7317
7375,5088
7376,5309
7377,8063
7378,3396
7379,5777
7380,4556
7381,7706
7382,5270
7383,4844
7384,7086
7385,5072
7386,7566
7387,9543
7388,14523
7389,6297
7390,4161
7391,4584
7392,3838
7393,2831
7394,10121
7395,6784
7396,5422
7397,8155
7398,5414
7399,8607
7400,4287
7401,5099
7402,5559
7403,7643
7404,5128
7405,5765
7406,5308
7407,4082
7408,6207
7409,4687
7410,6137
7411,7236
7412,7564
7413,6611
7414,7002
7415,5656
7416,9088
7417,4189
7418,5152
7419,9871
7420,6215
7421,7785
7422,6758
7423,15761
7424,4800
7425,4250
7426,4120
7427,5215
7428,8253
7429,9130
7430,6094
7431,6707
7432,6921
7433,3691
7434,6535
7435,6373
7436,5883
7437,7467
7438,5436
7439,4310
7440,4580
7441,3360
7442,4161
7443,7226
7444,5618
7445,10361
7446,15261
7447,5785
7448,4183
7449,6291
7450,7401
7451,7924
7452,3782
7453,5715
7454,3884
7455,7559
7456,5911
7457,5721
7458,10916
7459,12637
7460,4156
7461,6082
7462,3459
7463,5057
7464,4881
7465,7828
7466,4355
7467,4167
7468,4671
7469,6120
7470,5307
7471,3926
7472,5161
7473,6816
7474,6189
7475,5909
7476,2876
7477,9328
7478,15866
7479,3798
7480,6626
7481,7309
7482,6059
7483,4019
7484,3353
7485,3660
7486,6788
7487,4731
7488,6015
7489,8454
7490,3908
7491,4815
7492,5907
7493,4836
7494,4634
7495,4604
7496,5258
7497,9110
7498,6647
7499,8376
7500,5151
7501,3717
7502,5483
7503,5254
7504,7723
7505,5614
7506,4363
7507,18823
7508,5321
7509,5422
7510,10733
7511,5845
7512,5874
7513,5762
7514,6293
7515,4370
7516,8388
7517,12770
7518,4590
7519,4271
7520,5646
7521,10287
7522,5592
7523,4379
7524,5267
7525,4910
7526,5153
7527,3979
7528,7567
7529,3155
7530,5940
7531,2543
7532,19344
7533,7569
7534,3402
7535,5390
7536,8600
7537,5449
7538,5543
7539,7067
7540,5458
7541,4774
7542,3909
7543,7666
7544,5085
7545,5165
7546,5741
7547,6928
7548,4579
7549,7066
7550,5535
7551,3235
7552,7613
7553,8639
7554,3973
7555,7069
7556,6087
7557,4607
7558,9282
7559,4737
7560,6200
7561,6156
7562,7382
7563,3449
7564,4515
7565,4099
7566,7443
7567,5368
7568,7496
7569,3395
7570,7240
7571,3252
7572,5730
7573,4583
7574,5295
7575,5453
7576,6541
7577,5925
7578,8679
7579,4166
7580,5616
7581,6238
7582,7089
7583,5682
7584,7742
7585,8372
7586,6044
7587,3137
7588,5839
7589,4384
7590,5836
7591,6004
7592,3835
7593,10734
7594,5107
7595,5866
7596,8812
7597,6233
7598,3350
7599,9216
7600,5610
7601,8817
7602,5028
7603,6351
7604,7972
7605,6168
7606,4726
7607,6378
7608,4799
7609,4671
7610,5803
7611,7797
7612,7204
7613,4918
7614,4359
7615,6121
7616,6886
7617,5334
7618,6459
7619,5332
7620,5598
7621,3913
7622,7189
7623,6468
7624,6639
7625,5229
7626,5772
7627,6345
7628,8084
7629,5292
7630,6894
7631,4321
7632,5585
7633,6743
7634,5940
7635,4042
7636,3734
7637,6285
7638,7929
7639,4234
7640,5102
7641,7260
7642,5511
7643,4689
7644,5373
7645,4625
7646,2689
7647,7120
7648,3617
7649,6349
7650,5633
7651,6002
7652,5773
7653,8595
7654,7306
7655,6053
7656,4737
7657,7557
7658,6412
7659,3390
7660,2707
7661,7012
7662,3227
7663,6028
7664,10963
7665,7428
7666,5943
7667,3731
7668,6083
7669,6098
7670,5776
7671,6689
7672,7188
7673,6965
7674,4928
7675,7393
7676,4047
7677,5902
7678,4670
7679,5083
7680,6012
7681,5665
7682,5056
7683,6622
7684,4369
7685,8693
7686,5733
7687,3927
7688,3839
7689,8238
7690,6278
7691,4851
7692,5422
7693,6155
7694,4587
7695,5459
7696,5369
7697,6201
7698,4400
7699,4486
7700,8314
7701,5904
7702,5533
7703,3175
7704,9445
7705,5421
7706,4509
7707,5407
7708,9657
7709,7091
7710,6897
7711,8043
7712,6072
7713,5104
7714,5549
7715,6451
7716,8557
7717,10341
7718,4274
7719,4993
7720,3082
7721,4103
7722,8626
7723,12148
7724,5299
7725,4030
7726,5182
7727,5245
7728,5258
7729,7251
7730,7817
7731,5537
7732,3455
7733,7307
7734,5132
7735,7724
7736,8417
7737,4666
7738,6630
7739,3414
7740,5819
7741,7156
7742,6307
7743,6855
7744,5615
7745,6336
7746,4307
7747,5877
7748,6875
7749,7359
7750,6719
7751,7197
7752,5088
7753,3947
7754,8846
7755,3946
7756,10260
7757,5861
7758,3994
7759,5146
7760,5532
7761,5324
7762,6929
7763,8605
7764,4757
7765,10384
7766,3498
7767,4365
7768,5846
7769,7162
7770,9636
7771,6191
7772,5108
7773,5248
7774,5436
7775,6080
7776,4049
7777,5735
7778,4786
7779,9519
7780,5685
7781,7410
7782,10966
7783,7838
7784,4293
7785,4173
7786,5357
7787,9959
7788,4630
7789,7146
7790,4219
7791,9085
7792,5502
7793,4648
7794,4565
7795,4120
7796,4746
7797,4843
7798,4696
7799,4275
7800,3909
7801,4155
7802,7385
7803,5808
7804,20392
7805,5737
7806,4531
7807,3013
7808,5045
7809,10151
7810,2205
7811,3155
7812,6872
7813,3713
7814,7068
7815,5190
7816,5761
7817,6621
7818,4894
7819,3877
7820,6752
7821,5488
7822,2755
7823,5347
7824,4892
7825,6734
7826,5977
7827,3665
7828,4547
7829,8243
7830,8978
7831,6218
7832,8146
7833,2301
7834,8494
7835,3583
7836,5720
7837,2478
7838,8915
7839,8042
7840,10178
7841,10268
7842,7680
7843,7038
7844,3258
7845,4835
7846,6198
7847,8773
7848,4727
7849,3820
7850,6340
7851,5367
7852,6430
7853,2648
7854,8035
7855,4572
7856,8356
7857,6577
7858,3688
7859,9697
7860,3147
7861,10184
7862,6901
7863,7249
7864,2622
7865,6177
7866,5340
7867,4008
7868,8263
7869,12008
7870,3242
7871,6668
7872,6153
7873,8787
7874,7867
7875,6261
7876,7170
7877,2508
7878,2501
7879,4840
7880,6467
7881,8682
7882,8737
7883,2529
7884,4413
7885,9301
7886,9427
7887,6142
7888,3508
7889,11840
7890,5540
7891,3854
7892,4418
7893,2419
7894,5023
7895,7703
7896,3874
7897,6452
7898,3115
7899,6496
7900,4285
7901,1915
7902,4587
7903,5719
7904,6067
7905,8835
7906,7687
7907,5868
7908,4210
7909,11616
7910,3478
7911,6565
7912,8248
7913,13238
7914,5589
7915,3242
7916,7051
7917,6216
7918,6744
7919,5215
7920,11221
7921,6389
7922,2224
7923,8930
7924,4993
7925,6561
7926,2352
7927,7294
7928,3956
7929,2792
7930,9120
7931,5039
7932,5542
7933,8628
7934,7918
7935,4870
7936,5354
7937,7756
7938,3554
7939,3290
7940,7445
7941,5092
7942,7752
7943,3465
7944,4613
7945,7153
7946,4414
7947,3274
7948,5568
7949,6301
7950,6442
7951,8037
7952,8727
7953,8053
7954,4299
7955,8548
7956,6054
7957,3443
7958,4111
7959,8717
7960,7903
7961,3191
7962,7686
7963,9865
7964,6995
7965,5171
7966,7635
7967,8008
7968,5938
7969,4810
7970,3077
7971,6002
7972,5830
7973,4771
7974,5703
7975,3433
7976,6626
7977,7365
7978,6484
7979,6863
7980,6569
7981,3115
7982,1597
7983,7484
7984,6661
7985,7529
7986,3520
7987,6045
7988,6031
7989,5887
7990,6251
7991,3961
7992,4188
7993,5197
7994,7441
7995,7498
7996,7878
7997,16053
7998,3987
7999,5234
8000,11238
8001,3840
8002,5992
8003,801
8004,8258
8005,7256
8006,5950
8007,7033
8008,6081
8009,4866
8010,5541
8011,5708
8012,8405
8013,3371
8014,5628
8015,2820
8016,9572
8017,3555
8018,8766
8019,11130
8020,6788
8021,6432
8022,4780
8023,2184
8024,1851
8025,3529
8026,6076
8027,3289
8028,6274
8029,8043
8030,4325
8031,5656
8032,5083
8033,8999
8034,8418
8035,8085
8036,5498
8037,3268
8038,9300
8039,10663
8040,4013
8041,4658
8042,4003
8043,5561
8044,6007
8045,4402
8046,7123
8047,3131
8048,5333
8049,5326
8050,9185
8051,6181
8052,8167
8053,7146
8054,5010
8055,9188
8056,18180
8057,9358
8058,3910
8059,3813
8060,7306
8061,8132
8062,3044
8063,4983
8064,9500
8065,6401
8066,7525
8067,17674
8068,5714
8069,6039
8070,2977
8071,2390
8072,11509
8073,3418
8074,7158
8075,9791
8076,3084
8077,3790
8078,6848
8079,4084
8080,7223
8081,2036
8082,5203
8083,5076
8084,11532
8085,6027
8086,6404
8087,3177
8088,8541
8089,6182
8090,6947
8091,1751
8092,9912
8093,5435
8094,6337
8095,4353
8096,4777
8097,3916
8098,4870
8099,3608
8100,5525
8101,4889
8102,5198
8103,8466
8104,8095
8105,8294
8106,4373
8107,4481
8108,4477
8109,5169
8110,7060
8111,3070
8112,1193
8113,7634
8114,6077
8115,8728
8116,6055
8117,4805
8118,4718
8119,3585
8120,2526
8121,9561
8122,6706
8123,5030
8124,5879
8125,12293
8126,6572
8127,1940
8128,7658
8129,2221
8130,4410
8131,6563
8132,6521
8133,2585
8134,4545
8135,4636
8136,3915
8137,1675
8138,8589
8139,5065
8140,10050
8141,11275
8142,6162
8143,6337
8144,4150
8145,5639
8146,5170
8147,12079
8148,7192
8149,7677
8150,3342
8151,6228
8152,5742
8153,8686
8154,8861
8155,7729
8156,6095
8157,7109
8158,5363
8159,9450
8160,6509
8161,7200
8162,6502
8163,10032
8164,7364
8165,5143
8166,6140
8167,8776
8168,6463
8169,3425
8170,5982
8171,3377
8172,5342
8173,9807
8174,7524
8175,8118
8176,6558
8177,9307
8178,4955
8179,4609
8180,4699
8181,6607
8182,6732
8183,6996
8184,3444
8185,14424
8186,5434
8187,5941
8188,16898
8189,5941
8190,7899
8191,7034
8192,7629
8193,9241
8194,7940
8195,10545
8196,2922
8197,4990
8198,6477
8199,9567
8200,3014
8201,5924
8202,4697
8203,5898
8204,5964
8205,6200
8206,3942
8207,6201
8208,5715
8209,3086
8210,3248
8211,7925
8212,4545
8213,5300
8214,6493
8215,6047
8216,10588
8217,12583
8218,5504
8219,8073
8220,6814
8221,10639
8222,5224
8223,3009
8224,4182
8225,5603
8226,13728
8227,4416
8228,9279
8229,8059
8230,2164
8231,3840
8232,6591
8233,6643
8234,5537
8235,8964
8236,9834
8237,7802
8238,4349
8239,12324
8240,2190
8241,4004
8242,9156
8243,4605
8244,5763
8245,4183
8246,7774
8247,5283
8248,4107
8249,14910
8250,10990
8251,2469
8252,5176
8253,6338
8254,8177
8255,10583
8256,5614
8257,2896
8258,8484
8259,2079
8260,9969
8261,4896
8262,5879
8263,10044
8264,6311
8265,1489
8266,5338
8267,2337
8268,4042
8269,11672
8270,8301
8271,4703
8272,13325
8273,8219
8274,11684
8275,12336
8276,7487
8277,4611
8278,2193
8279,5167
8280,7044
8281,2808
8282,6010
8283,4718
8284,7673
8285,2614
8286,5907
8287,9221
8288,2022
8289,9939
8290,6420
8291,2972
8292,7945
8293,3581
8294,3377
8295,10099
8296,7498
8297,7702
8298,9228
8299,5955
8300,5363
8301,7286
8302,7132
8303,8645
8304,6264
8305,7108
8306,3844
8307,9211
8308,7281
8309,6281
8310,4320
8311,5285
8312,9393
8313,6601
8314,4363
8315,5514
8316,5739
8317,5000
8318,16322
8319,5296
8320,10837
8321,5124
8322,3919
8323,6926
8324,6195
8325,3380
8326,4979
8327,9542
8328,15087
8329,7461
8330,10268
8331,7307
8332,11479
8333,9063
8334,7920
8335,5335
8336,4593
8337,11429
8338,8253
8339,7887
8340,5643
8341,5873
8342,5364
8343,2570
8344,12989
8345,7121
8346,6479
8347,5548
8348,1618
8349,9559
8350,8581
8351,12314
8352,6369
8353,4517
8354,4025
8355,7247
8356,5328
8357,4453
8358,11485
8359,4435
8360,4527
8361,5653
8362,3556
8363,2789
8364,2425
8365,16174
8366,5344
8367,13630
8368,4347
8369,6675
8370,5455
8371,4356
8372,3304
8373,6554
8374,3636
8375,2916
8376,10835
8377,6709
8378,2732
8379,9360
8380,2684
8381,6380
8382,3735
8383,9954
8384,8061
8385,9513
8386,2576
8387,5276
8388,2882
8389,5156
8390,3768
8391,16457
8392,12063
8393,5308
8394,2847
8395,6193
8396,4581
8397,2618
8398,7506
8399,2554
8400,14892
8401,4324
8402,5008
8403,5674
8404,12039
8405,7481
8406,5597
8407,5319
8408,6460
8409,6908
8410,7565
8411,4266
8412,1212
8413,5231
8414,2993
8415,3137
8416,6169
8417,7763
8418,6245
8419,5411
8420,8805
8421,5994
8422,3364
8423,8019
8424,2256
8425,10387
8426,5560
8427,2880
8428,5090
8429,4425
8430,5485
8431,7960
8432,7324
8433,4080
8434,5945
8435,2614
8436,5036
8437,8688
8438,9330
8439,3943
8440,2350
8441,5378
8442,7761
8443,6554
8444,2625
8445,12144
8446,3934
8447,3572
8448,6237
8449,10348
8450,9687
8451,4531
8452,4616
8453,6442
8454,1492
8455,7358
8456,7616
8457,5010
8458,4852
8459,3252
8460,9672
8461,3262
8462,5325
8463,4076
8464,3808
8465,2941
8466,7897
8467,7303
8468,6104
8469,4086
8470,5391
8471,8218
8472,8271
8473,8323
8474,5079
8475,5691
8476,6247
8477,8564
8478,7623
8479,6165
8480,2121
8481,6474
8482,6218
8483,6816
8484,8465
8485,6380
8486,2763
8487,8138
8488,5571
8489,10669
8490,2799
8491,2834
8492,10283
8493,1621
8494,5582
8495,4621
8496,9295
8497,4077
8498,4959
8499,9761
8500,2916
8501,6685
8502,10917
8503,15410
8504,7293
8505,2531
8506,5848
8507,3785
8508,2349
8509,8384
8510,5262
8511,6806
8512,5653
8513,5470
8514,6288
8515,5161
8516,5402
8517,4851
8518,9694
8519,5815
8520,2592
8521,6562
8522,4442
8523,5988
8524,5814
8525,6474
8526,8434
8527,8398
8528,8702
8529,6711
8530,5508
8531,6362
8532,3089
8533,6258
8534,9589
8535,7276
8536,7591
8537,6789
8538,15068
8539,3347
8540,3672
8541,4919
8542,4430
8543,9538
8544,10542
8545,8334
8546,7561
8547,8208
8548,2218
8549,8443
8550,3403
8551,7147
8552,7028
8553,6051
8554,2144
8555,5127
8556,3552
8557,3279
8558,7721
8559,4733
8560,9350
8561,18797
8562,5903
8563,3211
8564,5069
8565,8886
8566,7266
8567,4581
8568,6144
8569,2235
8570,6458
8571,7330
8572,3534
8573,11665
8574,12035
8575,3258
8576,5839
8577,3911
8578,4162
8579,4261
8580,9145
8581,4205
8582,4596
8583,4922
8584,2864
8585,2858
8586,2570
8587,6065
8588,6134
8589,5399
8590,8485
8591,1146
8592,8148
8593,16207
8594,3286
8595,8940
8596,7339
8597,5018
8598,4417
8599,2579
8600,4587
8601,4868
8602,5436
8603,3076
8604,9959
8605,4411
8606,4270
8607,6657
8608,5600
8609,6305
8610,4814
8611,6184
8612,10959
8613,4659
8614,7699
8615,6113
8616,3925
8617,3295
8618,4799
8619,6081
8620,6464
8621,3836
8622,13626
8623,5481
8624,5240
8625,12863
8626,5082
8627,7607
8628,4792
8629,5688
8630,5475
8631,7570
8632,16685
8633,3160
8634,5653
8635,3669
8636,10118
8637,7305
8638,5147
8639,4018
8640,4382
8641,2560
8642,2076
8643,7220
8644,2167
8645,4110
8646,1270
8647,20594
8648,9687
8649,2115
8650,5824
8651,6902
8652,7405
8653,5762
8654,8972
8655,6353
8656,5986
8657,2983
8658,7795
8659,6629
8660,4251
8661,6546
8662,9797
8663,4699
8664,8691
8665,6887
8666,3111
8667,6208
8668,7271
8669,3065
8670,9483
8671,7324
8672,4980
8673,11114
8674,4021
8675,5366
8676,9249
8677,7269
8678,2376
8679,5004
8680,3666
8681,3358
8682,5514
8683,6512
8684,3490
8685,6477
8686,2359
8687,5926
8688,3110
8689,5710
8690,6071
8691,5176
8692,6276
8693,10013
8694,2913
8695,6094
8696,7406
8697,3432
8698,5896
8699,6396
8700,9739
8701,7034
8702,4034
8703,2198
8704,2320
8705,6083
8706,5303
8707,4635
8708,12259
8709,5966
8710,5935
8711,9436
8712,7090
8713,2215
8714,8871
8715,4855
8716,8766
8717,6805
8718,7809
8719,6751
8720,9041
8721,5510
8722,4484
8723,2834
8724,3457
8725,6604
8726,4454
8727,9109
8728,5027
8729,3075
8730,7478
8731,7988
8732,4847
8733,7884
8734,4782
8735,7234
8736,3292
8737,5059
8738,3983
8739,5504
8740,3743
8741,6609
8742,8477
8743,8617
8744,6951
8745,6031
8746,4217
8747,6655
8748,7642
8749,7969
8750,2891
8751,2985
8752,9342
8753,6411
8754,2988
8755,4193
8756,8595
8757,6470
8758,2424
8759,6567
8760,5274
8761,1770
8762,5259
8763,3005
8764,4349
8765,6589
8766,6465
8767,5657
8768,4518
8769,9086
8770,6511
8771,3912
8772,5753
8773,5735
8774,3312
8775,1221
8776,6727
8777,1577
8778,6259
8779,10590
8780,6533
8781,4639
8782,3262
8783,5383
8784,5666
8785,5409
8786,5986
8787,6434
8788,8568
8789,6830
8790,9437
8791,4271
8792,3928
8793,4946
8794,3853
8795,5686
8796,7146
8797,3690
8798,5719
8799,2911
8800,8289
8801,4922
8802,4757
8803,4150
8804,5753
8805,7819
8806,3497
8807,7041
8808,4631
8809,5577
8810,5622
8811,6199
8812,8299
8813,4860
8814,4041
8815,11086
8816,6964
8817,6913
8818,2096
8819,4929
8820,5249
8821,4351
8822,4754
8823,11230
8824,9216
8825,9667
8826,10337
8827,6764
8828,5812
8829,6623
8830,6520
8831,8150
8832,10633
8833,3581
8834,1963
8835,1374
8836,4404
8837,5733
8838,10922
8839,2542
8840,1919
8841,5647
8842,5894
8843,6186
8844,9713
8845,7657
8846,6737
8847,2763
8848,8474
8849,6534
8850,6608
8851,7477
8852,3398
8853,6971
8854,3198
8855,6955
8856,6338
8857,5569
8858,6541
8859,4312
8860,6923
8861,5350
8862,7311
8863,5217
8864,8850
8865,6110
8866,9242
8867,5694
8868,3946
8869,8880
8870,2873
8871,11350
8872,5865
8873,5038
8874,3444
8875,7591
8876,4792
8877,4652
8878,7718
8879,4503
8880,13177
8881,3254
8882,3293
8883,5917
8884,6675
8885,10780
8886,2970
8887,4765
8888,6578
8889,6235
8890,4862
8891,3667
8892,6743
8893,3627
8894,11588
8895,3304
8896,7546
8897,13955
8898,7367
8899,6423
8900,3404
8901,5421
8902,8064
8903,2727
8904,7437
8905,3102
8906,9131
8907,7007
8908,6184
8909,6451
8910,5172
8911,3084
8912,5414
8913,2348
8914,3938
8915,3318
8916,2849
8917,8518
8918,6303
8919,22341
8920,8278
8921,0
8922,0
8923,0
8924,0
8925,0
8926,0
8927,0
8928,0
8929,0
8930,0
8931,0
8932,0
8933,0
8934,0
8935,0
8936,0
8937,0
8938,0
8939,0
8940,0
8941,0
8942,0
8943,0
8944,0
8945,0
8946,0
8947,0
8948,0
8949,0
8950,0
8951,0
8952,0
8953,0
8954,0
8955,0
8956,0
8957,0
8958,0
8959,0
8960,0
8961,0
8962,0
8963,0
8964,0
8965,0
8966,0
8967,0
8968,0
8969,0
8970,0
8971,0
8972,0
8973,0
8974,0
8975,0
8976,0
8977,0
8978,0
8979,0
8980,0
8981,0
8982,0
8983,0
8984,0
8985,0
8986,0
8987,0
8988,0
8989,0
8990,0
8991,0
8992,0
8993,0
8994,0
8995,0
8996,0
8997,0
8998,0
8999,0
9000,0
9001,0
9002,0
9003,0
9004,0
9005,13092
9006,0
9007,0
9008,0
9009,0
9010,0
9011,0
9012,0
9013,0
9014,0
9015,0
9016,0
9017,0
9018,0
9019,0
9020,0
9021,0
9022,0
9023,0
9024,0
9025,0
9026,0
9027,0
9028,0
9029,0
9030,0
9031,0
9032,0
9033,0
9034,0
9035,0
9036,0
9037,0
9038,0
9039,0
9040,0
9041,0
9042,3291
9043,0
9044,0
9045,0
9046,0
9047,0
9048,0
9049,0
9050,0
9051,0
9052,0
9053,0
9054,0
9055,0
9056,0
9057,0
9058,0
9059,0
9060,0
9061,0
9062,0
9063,0
9064,0
9065,0
9066,0
9067,0
9068,0
9069,0
9070,0
9071,0
9072,0
9073,0
9074,0
9075,0
9076,0
9077,0
9078,0
9079,0
9080,0
9081,0
9082,0
9083,0
9084,0
9085,0
9086,0
9087,0
9088,0
9089,0
9090,0
9091,0
9092,0
9093,0
9094,0
9095,0
9096,0
9097,0
9098,0
9099,0
9100,0
9101,0
9102,0
9103,0
9104,0
9105,0
9106,0
9107,0
9108,0
9109,0
9110,0
9111,0
9112,0
9113,0
9114,0
9115,0
9116,0
9117,0
9118,0
9119,0
9120,0
9121,0
9122,0
9123,0
9124,0
9125,0
9126,0
9127,0
9128,0
9129,2356
9130,0
9131,0
9132,0
9133,0
9134,0
9135,0
9136,0
9137,0
9138,0
9139,0
9140,0
9141,0
9142,0
9143,0
9144,0
9145,0
9146,0
9147,0
9148,0
9149,0
9150,0
9151,0
9152,0
9153,0
9154,0
9155,0
9156,0
9157,0
9158,0
9159,0
9160,0
9161,0
9162,0
9163,0
9164,0
9165,0
9166,0
9167,0
9168,0
9169,0
9170,0
9171,0
9172,0
9173,0
9174,0
9175,0
9176,0
9177,0
9178,0
9179,17326
9180,0
9181,0
9182,30009
9183,0
9184,0
9185,0
9186,0
9187,0
9188,0
9189,0
9190,0
9191,0
9192,0
9193,0
9194,7938
9195,0
9196,0
9197,0
9198,0
9199,0
9200,0
9201,0
9202,0
9203,0
9204,0
9205,0
9206,0
9207,0
9208,0
9209,0
9210,0
9211,0
9212,0
9213,0
9214,0
9215,0
9216,0
9217,0
9218,0
9219,3934
9220,0
9221,0
9222,0
9223,0
9224,0
9225,0
9226,0
9227,0
9228,0
9229,0
9230,3245
9231,0
9232,0
9233,0
9234,0
9235,0
9236,0
9237,0
9238,0
9239,0
9240,0
9241,0
9242,0
9243,0
9244,0
9245,0
9246,0
9247,0
9248,0
9249,0
9250,0
9251,0
9252,0
9253,0
9254,0
9255,9470
9256,0
9257,0
9258,0
9259,0
9260,0
9261,0
9262,0
9263,0
9264,0
9265,0
9266,0
9267,0
9268,0
9269,0
9270,0
9271,0
9272,0
9273,9744
9274,0
9275,0
9276,0
9277,0
9278,0
9279,0
9280,0
9281,0
9282,0
9283,0
9284,0
9285,0
9286,0
9287,0
9288,0
9289,0
9290,0
9291,0
9292,0
9293,0
9294,0
9295,0
9296,0
9297,0
9298,0
9299,0
9300,0
9301,0
9302,0
9303,0
9304,0
9305,0
9306,0
9307,0
9308,0
9309,0
9310,0
9311,0
9312,0
9313,0
9314,0
9315,0
9316,0
9317,0
9318,0
9319,0
9320,0
9321,0
9322,0
9323,0
9324,0
9325,0
9326,0
9327,0
9328,0
9329,0
9330,0
9331,0
9332,0
9333,0
9334,0
9335,0
9336,0
9337,0
9338,0
9339,0
9340,0
9341,0
9342,0
9343,15528
9344,0
9345,0
9346,0
9347,0
9348,0
9349,0
9350,0
9351,0
9352,0
9353,1675
9354,0
9355,0
9356,0
9357,0
9358,0
9359,0
9360,0
9361,0
9362,0
9363,0
9364,0
9365,0
9366,0
9367,0
9368,0
9369,0
9370,0
9371,0
9372,0
9373,4080
9374,0
9375,0
9376,0
9377,0
9378,0
9379,0
9380,0
9381,0
9382,0
9383,0
9384,0
9385,0
9386,0
9387,0
9388,0
9389,0
9390,0
9391,0
9392,0
9393,0
9394,0
9395,0
9396,0
9397,0
9398,0
9399,0
9400,0
9401,0
9402,0
9403,0
9404,0
9405,0
9406,0
9407,0
9408,0
9409,0
9410,0
9411,0
9412,0
9413,0
9414,8779
9415,0
9416,0
9417,0
9418,0
9419,0
9420,0
9421,0
9422,0
9423,0
9424,0
9425,0
9426,0
9427,0
9428,0
9429,0
9430,0
9431,0
9432,7694
9433,0
9434,0
9435,0
9436,0
9437,0
9438,0
9439,0
9440,0
9441,0
9442,0
9443,0
9444,2125
9445,0
9446,0
9447,0
9448,0
9449,0
9450,4116
9451,0
9452,0
9453,0
9454,0
9455,0
9456,0
9457,0
9458,0
9459,0
9460,0
9461,0
9462,0
9463,0
9464,0
9465,0
9466,0
9467,0
9468,0
9469,0
9470,0
9471,0
9472,0
9473,0
9474,0
9475,0
9476,0
9477,0
9478,0
9479,0
9480,0
9481,0
9482,20115
9483,0
9484,0
9485,0
9486,0
9487,0
9488,0
9489,0
9490,0
9491,0
9492,0
9493,0
9494,0
9495,0
9496,0
9497,0
9498,6291
9499,0
9500,0
9501,0
9502,0
9503,0
9504,0
9505,0
9506,0
9507,0
9508,0
9509,0
9510,0
9511,0
9512,0
9513,0
9514,0
9515,0
9516,0
9517,0
9518,0
9519,0
9520,0
9521,0
9522,0
9523,0
9524,0
9525,0
9526,0
9527,0
9528,0
9529,0
9530,0
9531,0
9532,0
9533,0
9534,0
9535,0
9536,0
9537,0
9538,0
9539,0
9540,0
9541,0
9542,0
9543,0
9544,0
9545,0
9546,0
9547,0
9548,0
9549,0
9550,0
9551,0
9552,0
9553,0
9554,0
9555,0
9556,0
9557,0
9558,0
9559,0
9560,0
9561,0
9562,0
9563,0
9564,0
9565,0
9566,0
9567,0
9568,0
9569,0
9570,0
9571,0
9572,0
9573,0
9574,0
9575,0
9576,0
9577,0
9578,0
9579,0
9580,0
9581,0
9582,0
9583,0
9584,0
9585,0
9586,0
9587,0
9588,0
9589,0
9590,0
9591,0
9592,0
9593,0
9594,0
9595,0
9596,13762
9597,0
9598,0
9599,0
9600,0
9601,0
9602,7820
9603,0
9604,0
9605,0
9606,0
9607,0
9608,0
9609,0
9610,0
9611,0
9612,0
9613,0
9614,0
9615,0
9616,0
9617,0
9618,0
9619,0
9620,0
9621,0
9622,0
9623,0
9624,0
9625,0
9626,0
9627,0
9628,0
9629,0
9630,0
9631,0
9632,0
9633,0
9634,0
9635,0
9636,0
9637,0
9638,0
9639,0
9640,0
9641,0
9642,0
9643,0
9644,0
9645,0
9646,0
9647,0
9648,0
9649,0
9650,0
9651,0
9652,2795
9653,17126
9654,0
9655,0
9656,0
9657,0
9658,0
9659,0
9660,0
9661,0
9662,0
9663,0
9664,0
9665,0
9666,0
9667,0
9668,0
9669,0
9670,0
9671,0
9672,0
9673,0
9674,0
9675,0
9676,0
9677,0
9678,0
9679,0
9680,0
9681,0
9682,0
9683,0
9684,0
9685,0
9686,0
9687,0
9688,0
9689,12533
9690,0
9691,0
9692,0
9693,0
9694,0
9695,0
9696,0
9697,0
9698,0
9699,0
9700,0
9701,0
9702,0
9703,0
9704,0
9705,0
9706,0
9707,0
9708,0
9709,0
9710,0
9711,0
9712,0
9713,0
9714,0
9715,0
9716,0
9717,0
9718,0
9719,0
9720,0
9721,0
9722,0
9723,0
9724,0
9725,0
9726,0
9727,0
9728,0
9729,0
9730,0
9731,0
9732,0
9733,0
9734,0
9735,0
9736,0
9737,0
9738,0
9739,0
9740,0
9741,0
9742,0
9743,0
9744,0
9745,0
9746,0
9747,0
9748,0
9749,0
9750,0
9751,0
9752,0
9753,0
9754,0
9755,0
9756,0
9757,0
9758,0
9759,0
9760,0
9761,0
9762,0
9763,0
9764,0
9765,0
9766,0
9767,0
9768,0
9769,0
9770,0
9771,0
9772,0
9773,0
9774,0
9775,0
9776,0
9777,0
9778,0
9779,0
9780,0
9781,0
9782,0
9783,2771
9784,0
9785,0
9786,0
9787,1979
9788,0
9789,0
9790,0
9791,0
9792,0
9793,0
9794,0
9795,0
9796,0
9797,0
9798,0
9799,0
9800,0
9801,0
9802,0
9803,0
9804,0
9805,0
9806,0
9807,0
9808,0
9809,0
9810,0
9811,0
9812,0
9813,0
9814,0
9815,0
9816,0
9817,0
9818,0
9819,0
9820,0
9821,0
9822,0
9823,0
9824,0
9825,0
9826,0
9827,0
9828,0
9829,0
9830,0
9831,0
9832,0
9833,0
9834,0
9835,0
9836,0
9837,0
9838,0
9839,0
9840,0
9841,0
9842,0
9843,0
9844,0
9845,0
9846,0
9847,0
9848,0
9849,0
9850,0
9851,2265
9852,0
9853,0
9854,0
9855,0
9856,0
9857,0
9858,0
9859,0
9860,0
9861,0
9862,0
9863,0
9864,0
9865,0
9866,0
9867,0
9868,12085
9869,0
9870,0
9871,0
9872,0
9873,0
9874,0
9875,0
9876,0
9877,0
9878,0
9879,0
9880,0
9881,0
9882,0
9883,0
9884,0
9885,0
9886,0
9887,0
9888,0
9889,0
9890,0
9891,0
9892,0
9893,0
9894,0
9895,0
9896,0
9897,0
9898,0
9899,0
9900,0
9901,0
9902,0
9903,0
9904,0
9905,0
9906,0
9907,0
9908,0
9909,0
9910,0
9911,0
9912,0
9913,0
9914,0
9915,0
9916,0
9917,0
9918,0
9919,0
9920,0
9921,0
9922,0
9923,0
9924,0
9925,0
9926,0
9927,0
9928,0
9929,0
9930,0
9931,0
9932,0
9933,0
9934,0
9935,0
9936,0
9937,0
9938,0
9939,0
9940,0
9941,0
9942,0
9943,0
9944,0
9945,0
9946,0
9947,0
9948,0
9949,0
9950,0
9951,0
9952,0
9953,0
9954,0
9955,0
9956,0
9957,0
9958,0
9959,0
9960,0
9961,0
9962,0
9963,0
9964,0
9965,5025
9966,0
9967,0
9968,0
9969,0
9970,0
9971,0
9972,0
9973,0
9974,0
9975,0
9976,0
9977,0
9978,0
9979,0
9980,0
9981,0
9982,0
9983,0
9984,0
9985,0
9986,0
9987,0
9988,0
9989,0
9990,0
9991,0
9992,0
9993,0
9994,0
9995,0
9996,0
9997,0
9998,0
9999,0
10000,0
10001,5893
10002,0
10003,0
10004,0
10005,0
10006,0
10007,0
10008,0
10009,0
10010,0
10011,0
10012,0
10013,0
10014,0
10015,0
10016,0
10017,13274
10018,0
10019,5374
10020,0
10021,0
10022,0
10023,0
10024,0
10025,0
10026,0
10027,0
10028,0
10029,0
10030,0
10031,0
10032,0
10033,0
10034,0
10035,0
10036,5798
10037,8431
10038,11896
10039,13008
10040,8080
10041,7287
10042,13400
10043,10137
10044,12208
10045,8122
10046,10600
10047,12813
10048,8115
10049,9256
10050,11291
10051,11561
10052,11340
10053,11580
10054,11157
10055,11177
10056,9812
10057,6969
10058,9086
10059,16966
10060,15939
10061,11298
10062,17629
10063,7687
10064,14508
10065,6335
10066,7877
10067,6370
10068,12383
10069,11544
10070,20763
10071,12278
10072,9457
10073,11311
10074,9216
10075,5669
10076,8582
10077,17136
10078,11412
10079,8598
10080,8052
10081,9028
10082,11176
10083,5072
10084,10989
10085,7613
10086,10373
10087,10020
10088,8011
10089,11341
10090,7939
10091,10889
10092,15044
10093,11805
10094,9731
10095,15195
10096,8110
10097,9958
10098,11460
10099,18541
10100,9221
10101,8506
10102,12321
10103,9176
10104,12672
10105,10495
10106,14588
10107,9064
10108,7241
10109,9755
10110,8268
10111,13200
10112,12948
10113,6130
10114,8969
10115,11507
10116,9422
10117,15387
10118,6022
10119,18787
10120,9043
10121,8036
10122,8810
10123,10702
10124,8724
10125,13225
10126,7192
10127,11310
10128,10263
10129,12567
10130,11237
10131,10403
10132,11282
10133,8998
10134,8207
10135,10936
10136,11474
10137,11661
10138,6298
10139,12370
10140,8013
10141,11824
10142,10052
10143,17024
10144,9637
10145,6537
10146,10542
10147,7604
10148,7579
10149,7703
10150,10692
10151,10391
10152,5996
10153,14445
10154,9093
10155,12056
10156,6560
10157,10594
10158,13571
10159,6730
10160,16648
10161,9294
10162,9176
10163,13731
10164,12568
10165,8035
10166,7587
10167,10456
10168,8775
10169,6349
10170,9565
10171,8702
10172,11581
10173,12783
10174,10080
10175,11004
10176,8264
10177,6674
10178,10287
10179,9488
10180,10542
10181,14099
10182,13162
10183,12423
10184,8978
10185,13138
10186,11517
10187,9499
10188,11544
10189,14226
10190,10935
10191,11836
10192,15092
10193,9717
10194,12603
10195,8284
10196,10453
10197,12902
10198,9147
10199,11507
10200,5703
10201,8344
10202,14136
10203,11616
10204,9720
10205,6797
10206,14429
10207,9106
10208,11921
10209,8469
10210,8554
10211,9211
10212,6799
10213,16528
10214,12408
10215,10578
10216,10673
10217,8438
10218,10336
10219,10778
10220,10861
10221,6018
10222,9534
10223,8680
10224,12166
10225,11193
10226,8516
10227,17185
10228,8073
10229,6536
10230,16266
10231,8755
10232,9401
10233,6551
10234,13146
10235,10836
10236,7757
10237,9069
10238,9521
10239,7966
10240,9862
10241,13940
10242,18033
10243,4452
10244,9314
10245,4966
10246,19616
10247,6851
10248,15033
10249,14773
10250,10011
10251,10867
10252,6598
10253,7283
10254,4840
10255,7189
10256,8787
10257,7979
10258,12217
10259,11797
10260,8353
10261,9905
10262,9768
10263,12268
10264,13993
10265,11547
10266,7871
10267,5649
10268,13407
10269,20081
10270,9970
10271,11380
10272,6449
10273,11226
10274,8770
10275,7350
10276,10195
10277,7779
10278,10642
10279,11241
10280,12053
10281,9859
10282,13536
10283,11606
10284,8061
10285,14355
10286,25101
10287,17810
10288,10156
10289,5275
10290,9928
10291,13452
10292,7235
10293,8544
10294,14107
10295,7700
10296,24274
10297,22175
10298,6267
10299,10611
10300,8809
10301,6104
10302,11815
10303,7455
10304,16525
10305,13352
10306,16122
10307,11574
10308,13325
10309,5268
10310,10035
10311,5672
10312,8841
10313,10616
10314,19124
10315,8192
10316,8427
10317,6987
10318,10405
10319,8652
10320,7303
10321,7216
10322,10969
10323,8739
10324,9267
10325,12464
10326,13155
10327,10161
10328,9889
10329,9097
10330,7791
10331,10751
10332,11229
10333,11475
10334,9785
10335,10885
10336,7459
10337,5766
10338,9283
10339,9796
10340,10027
10341,6305
10342,4472
10343,14673
10344,12393
10345,14256
10346,9862
10347,9242
10348,11646
10349,8758
10350,6193
10351,17028
10352,7945
10353,10794
10354,10688
10355,20217
10356,8485
10357,10008
10358,10023
10359,10343
10360,9666
10361,7983
10362,12740
10363,6889
10364,11367
10365,6590
10366,8001
10367,6042
10368,13596
10369,8134
10370,25935
10371,19228
10372,6558
10373,10813
10374,7322
10375,10321
10376,8636
10377,15921
10378,13875
10379,16203
10380,7063
10381,10900
10382,6648
10383,11821
10384,10852
10385,11710
10386,10352
10387,9001
10388,7802
10389,13135
10390,12644
10391,8452
10392,11813
10393,17191
10394,8826
10395,10692
10396,9853
10397,13086
10398,9949
10399,6994
10400,8122
10401,10426
10402,8850
10403,18646
10404,9235
10405,12894
10406,11203
10407,15977
10408,6352
10409,10896
10410,18145
10411,13126
10412,12029
10413,10142
10414,6460
10415,20479
10416,13790
10417,12630
10418,21228
10419,15833
10420,11385
10421,11739
10422,15543
10423,16401
10424,14981
10425,16950
10426,9874
10427,12885
10428,10166
10429,13235
10430,5807
10431,16915
10432,10393
10433,9022
10434,8910
10435,15705
10436,13967
10437,9049
10438,11392
10439,7413
10440,9188
10441,10604
10442,5833
10443,7480
10444,9604
10445,11219
10446,15188
10447,12003
10448,9933
10449,9653
10450,9311
10451,16142
10452,12108
10453,9350
10454,8392
10455,7395
10456,12802
10457,6082
10458,13870
10459,11712
10460,5419
10461,8307
10462,13354
10463,8914
10464,8153
10465,11297
10466,14151
10467,15584
10468,8445
10469,13678
10470,4833
10471,8477
10472,10971
10473,11011
10474,11471
10475,7981
10476,9315
10477,7233
10478,8395
10479,14577
10480,11004
10481,8606
10482,7702
10483,13527
10484,16711
10485,11549
10486,8540
10487,7908
10488,12139
10489,9649
10490,9743
10491,9965
10492,8351
10493,10666
10494,15333
10495,6571
10496,6797
10497,7059
10498,9812
10499,12503
10500,12641
10501,13122
10502,19081
10503,7837
10504,17425
10505,17213
10506,10288
10507,7224
10508,5772
10509,11826
10510,9480
10511,10106
10512,9254
10513,10841
10514,15877
10515,7930
10516,9336
10517,11231
10518,8759
10519,9849
10520,7853
10521,8064
10522,10696
10523,5551
10524,14059
10525,10787
10526,10952
10527,11326
10528,15787
10529,11405
10530,9170
10531,12816
10532,11573
10533,8969
10534,8243
10535,8000
10536,7042
10537,15313
10538,12875
10539,9357
10540,7942
10541,12676
10542,14707
10543,12707
10544,10420
10545,13073
10546,7140
10547,7012
10548,22926
10549,10446
10550,12635
10551,10395
10552,9729
10553,10292
10554,8892
10555,6013
10556,7646
10557,13012
10558,18181
10559,11707
10560,12878
10561,16387
10562,15437
10563,18380
10564,12085
10565,6842
10566,6852
10567,14929
10568,15930
10569,13827
10570,13003
10571,13144
10572,9454
10573,6461
10574,13982
10575,11199
10576,12437
10577,9423
10578,5824
10579,23003
10580,18589
10581,18508
10582,8115
10583,8692
10584,6428
10585,9200
10586,9164
10587,15230
10588,10015
10589,7038
10590,7285
10591,11173
10592,7477
10593,4284
10594,10724
10595,20042
10596,11209
10597,22318
10598,7452
10599,9340
10600,11500
10601,8541
10602,8502
10603,7723
10604,6197
10605,6962
10606,11418
10607,12027
10608,5867
10609,13596
10610,11701
10611,10456
10612,6519
10613,12939
10614,13074
10615,13643
10616,8957
10617,10402
10618,6864
10619,7425
10620,7160
10621,20837
10622,15620
10623,9120
10624,9096
10625,7599
10626,7787
10627,7018
10628,12967
10629,5929
10630,21744
10631,6125
10632,7537
10633,8068
10634,13403
10635,11388
10636,7710
10637,9443
10638,11246
10639,10265
10640,12279
10641,8476
10642,7618
10643,18388
10644,6806
10645,7424
10646,7832
10647,10878
10648,9356
10649,8442
10650,14098
10651,12252
10652,11051
10653,10336
10654,7460
10655,11537
10656,8925
10657,6294
10658,11040
10659,11294
10660,11228
10661,16288
10662,9885
10663,9603
10664,9122
10665,9291
10666,8428
10667,10229
10668,9303
10669,12268
10670,10797
10671,12935
10672,12080
10673,8110
10674,7332
10675,18520
10676,9836
10677,4929
10678,11274
10679,12379
10680,14982
10681,6861
10682,8955
10683,9552
10684,6533
10685,8747
10686,10953
10687,11611
10688,9385
10689,11771
10690,16061
10691,4970
10692,10229
10693,9630
10694,8763
10695,8230
10696,9513
10697,14316
10698,7387
10699,8933
10700,13221
10701,10926
10702,13640
10703,13533
10704,6770
10705,9436
10706,10047
10707,11151
10708,11621
10709,13452
10710,6953
10711,10023
10712,10482
10713,12667
10714,14440
10715,6690
10716,5734
10717,16947
10718,13111
10719,13761
10720,11358
10721,10987
10722,12941
10723,6248
10724,10409
10725,8424
10726,14149
10727,11831
10728,14620
10729,10777
10730,12073
10731,12774
10732,18685
10733,21119
10734,10818
10735,8112
10736,10145
10737,6265
10738,5571
10739,16034
10740,13716
10741,7987
10742,13882
10743,7703
10744,14171
10745,7997
10746,10146
10747,9395
10748,14594
10749,7785
10750,10731
10751,8195
10752,10571
10753,10451
10754,6806
10755,11067
10756,9929
10757,12303
10758,12307
10759,10741
10760,7696
10761,17276
10762,7342
10763,7380
10764,17945
10765,10636
10766,15146
10767,9763
10768,17367
10769,9860
10770,10014
10771,7721
10772,10976
10773,12612
10774,17814
10775,10998
10776,11624
10777,13083
10778,7625
10779,10266
10780,14436
10781,10553
10782,12185
10783,10572
10784,7775
10785,7638
10786,6099
10787,10117
10788,13124
10789,11057
10790,15578
10791,25145
10792,10430
10793,6966
10794,12060
10795,9505
10796,13412
10797,6554
10798,9105
10799,5854
10800,12433
10801,9188
10802,9651
10803,19924
10804,14474
10805,8779
10806,9698
10807,5427
10808,6918
10809,8011
10810,12646
10811,8920
10812,6253
10813,8523
10814,12293
10815,10626
10816,7765
10817,8288
10818,10504
10819,12021
10820,12868
10821,6073
10822,15460
10823,24246
10824,4249
10825,10671
10826,13869
10827,13038
10828,10120
10829,4332
10830,8360
10831,12474
10832,7139
10833,12873
10834,14384
10835,7167
10836,8892
10837,10908
10838,9597
10839,7170
10840,9048
10841,11035
10842,13251
10843,10919
10844,17253
10845,8213
10846,5474
10847,10400
10848,8191
10849,13514
10850,8514
10851,7284
10852,27778
10853,11257
10854,8600
10855,15679
10856,10558
10857,12289
10858,9075
10859,10654
10860,7031
10861,13384
10862,16844
10863,8571
10864,7769
10865,10830
10866,19849
10867,9831
10868,8666
10869,9331
10870,9196
10871,10413
10872,6092
10873,13063
10874,6599
10875,9799
10876,4643
10877,24812
10878,12496
10879,7405
10880,7290
10881,16614
10882,10107
10883,10505
10884,11722
10885,11848
10886,7124
10887,7739
10888,12605
10889,9447
10890,9280
10891,10300
10892,11029
10893,7314
10894,10462
10895,8720
10896,5277
10897,12581
10898,11789
10899,6477
10900,11491
10901,11150
10902,6834
10903,14831
10904,11018
10905,8981
10906,9748
10907,11574
10908,5126
10909,6972
10910,8319
10911,16531
10912,8913
10913,13909
10914,6136
10915,11048
10916,7678
10917,8483
10918,7694
10919,9060
10920,7912
10921,10628
10922,11508
10923,12578
10924,6376
10925,10183
10926,10562
10927,12555
10928,8431
10929,13781
10930,12989
10931,8591
10932,4411
10933,11934
10934,9631
10935,9060
10936,11405
10937,5750
10938,14677
10939,8431
10940,10363
10941,14718
10942,9296
10943,7918
10944,14021
10945,10789
10946,15191
10947,7520
10948,12451
10949,13392
10950,8666
10951,7876
10952,10705
10953,7940
10954,8518
10955,7969
10956,13382
10957,10891
10958,7073
10959,8246
10960,8026
10961,13462
10962,11602
10963,16184
10964,8459
10965,10247
10966,5863
10967,11064
10968,11557
10969,11521
10970,8690
10971,9325
10972,12401
10973,13641
10974,9626
10975,11612
10976,8231
10977,10412
10978,10330
10979,9356
10980,6072
10981,6447
10982,10105
10983,8948
10984,9360
10985,9260
10986,14083
10987,7209
10988,8773
10989,11392
10990,8367
10991,5417
10992,13968
10993,5451
10994,10924
10995,10633
10996,9768
10997,11648
10998,20157
10999,12812
11000,11533
11001,7241
11002,12909
11003,10789
11004,5486
11005,5503
11006,11486
11007,6123
11008,12522
11009,16754
11010,12650
11011,12076
11012,9194
11013,11890
11014,11892
11015,11573
11016,11530
11017,13939
11018,14830
11019,11368
11020,12329
11021,8303
11022,10347
11023,6756
11024,8085
11025,9768
11026,8545
11027,8227
11028,13090
11029,10064
11030,14140
11031,13741
11032,8878
11033,6245
11034,16713
11035,9908
11036,10523
11037,9801
11038,13382
11039,8653
11040,8884
11041,9880
11042,10471
11043,8605
11044,6754
11045,14101
11046,10619
11047,8306
11048,7121
11049,19753
11050,9075
11051,10316
11052,9106
11053,15875
11054,16093
11055,11257
11056,11522
11057,12535
11058,9380
11059,8635
11060,9930
11061,15111
11062,22462
11063,10035
11064,8027
11065,5771
11066,8978
11067,15979
11068,20683
11069,10842
11070,8277
11071,7915
11072,9150
11073,8228
11074,13088
11075,15686
11076,7880
11077,6844
11078,10742
11079,9485
11080,11537
11081,14757
11082,8145
11083,12255
11084,5386
11085,10661
11086,12900
11087,11988
11088,14003
11089,10655
11090,11291
11091,7637
11092,9126
11093,11169
11094,11909
11095,12055
11096,11491
11097,10324
11098,7267
11099,14204
11100,5776
11101,15242
11102,8473
11103,6631
11104,10336
11105,10691
11106,8927
11107,11672
11108,14205
11109,8903
11110,14009
11111,6952
11112,7772
11113,11988
11114,13904
11115,13666
11116,10172
11117,9586
11118,7869
11119,8851
11120,10875
11121,10581
11122,9665
11123,9034
11124,15619
11125,11448
11126,13599
11127,15127
11128,12021
11129,7024
11130,7322
11131,9592
11132,11729
11133,8337
11134,11572
11135,9243
11136,16385
11137,9039
11138,8619
11139,8078
11140,9638
11141,7936
11142,11330
11143,11099
11144,8022
11145,8625
11146,9162
11147,15830
11148,8833
11149,26068
11150,10681
11151,5584
11152,8981
11153,11570
11154,13376
11155,7339
11156,6775
11157,13587
11158,9772
11159,9460
11160,7338
11161,11454
11162,12704
11163,7582
11164,7762
11165,11413
11166,11107
11167,11886
11168,11337
11169,9323
11170,11579
11171,9745
11172,6979
11173,7524
11174,15723
11175,15456
11176,9604
11177,16966
11178,7480
11179,11738
11180,5946
11181,7642
11182,6530
11183,11055
11184,10927
11185,18537
11186,13061
11187,8135
11188,8709
11189,7915
11190,5700
11191,8012
11192,16532
11193,9948
11194,7636
11195,7254
11196,8576
11197,12300
11198,4360
11199,9998
11200,6146
11201,9526
11202,9770
11203,7599
11204,11051
11205,7282
11206,10032
11207,13327
11208,11118
11209,10198
11210,13803
11211,8321
11212,8767
11213,11488
11214,17066
11215,9360
11216,8447
11217,12048
11218,9063
11219,14011
11220,9035
11221,12562
11222,8243
11223,6891
11224,8576
11225,7599
11226,11724
11227,11542
11228,6301
11229,8133
11230,10102
11231,9093
11232,14180
11233,4534
11234,16931
11235,8766
11236,7591
11237,7849
11238,9843
11239,8456
11240,11857
11241,7408
11242,9954
11243,9313
11244,10348
11245,10754
11246,9842
11247,9725
11248,7815
11249,7450
11250,10056
11251,11422
11252,10688
11253,5863
11254,12167
11255,7210
11256,11483
11257,9538
11258,15411
11259,9071
11260,6195
11261,10144
11262,7091
11263,7243
11264,6983
11265,10786
11266,9423
11267,4684
11268,12506
11269,8632
11270,11330
11271,5953
11272,9844
11273,12689
11274,7251
11275,17226
11276,9150
11277,8837
11278,13352
11279,13053
11280,7991
11281,6076
11282,10801
11283,8455
11284,5948
11285,9547
11286,8468
11287,12302
11288,11987
11289,10240
11290,12013
11291,8101
11292,5532
11293,9599
11294,8639
11295,11352
11296,12369
11297,10185
11298,11888
11299,8879
11300,11570
11301,10570
11302,8301
11303,10394
11304,12164
11305,9925
11306,10701
11307,13202
11308,10277
11309,10539
11310,7680
11311,9244
11312,12532
11313,8860
11314,11174
11315,5630
11316,8300
11317,15211
11318,10691
11319,8475
11320,6170
11321,11272
11322,9560
11323,11978
11324,8461
11325,7999
11326,7008
11327,6471
11328,14815
11329,10971
11330,10220
11331,10847
11332,7921
11333,9506
11334,9174
11335,9227
11336,5812
11337,9322
11338,8260
11339,11983
11340,11292
11341,8877
11342,16678
11343,7241
11344,6723
11345,15103
11346,8713
11347,9335
11348,6337
11349,12091
11350,10395
11351,6441
11352,7534
11353,9068
11354,7567
11355,9539
11356,13177
11357,16252
11358,4044
11359,9112
11360,4822
11361,18991
11362,6537
11363,13383
11364,13088
11365,9924
11366,10585
11367,7136
11368,7431
11369,3934
11370,6443
11371,8584
11372,7821
11373,11966
11374,10803
11375,7683
11376,9417
11377,8493
11378,11429
11379,15428
11380,11677
11381,7495
11382,5006
11383,13136
11384,16382
11385,9503
11386,11609
11387,5769
11388,11312
11389,6945
11390,6574
11391,8639
11392,6213
11393,10992
11394,9403
11395,12121
11396,10270
11397,13290
11398,12073
11399,7347
11400,14337
11401,23766
11402,15754
11403,8791
11404,4631
11405,9122
11406,12163
11407,7210
11408,8496
11409,14559
11410,7393
11411,20838
11412,22283
11413,6102
11414,9990
11415,8431
11416,5694
11417,11275
11418,7562
11419,13613
11420,12823
11421,16176
11422,10900
11423,11150
11424,5524
11425,9990
11426,5169
11427,9394
11428,9972
11429,16224
11430,7262
11431,7574
11432,6314
11433,10047
11434,8535
11435,6544
11436,6499
11437,10939
11438,7634
11439,8136
11440,10358
11441,11976
11442,9700
11443,9358
11444,9301
11445,7747
11446,10444
11447,9769
11448,9650
11449,8077
11450,11953
11451,6829
11452,5539
11453,9083
11454,10650
11455,8738
11456,6156
11457,4235
11458,13591
11459,10477
11460,13323
11461,9859
11462,7861
11463,10504
11464,7242
11465,5926
11466,13577
11467,7719
11468,9525
11469,10925
11470,19702
11471,8153
11472,9408
11473,10186
11474,11232
11475,8939
11476,7192
11477,12134
11478,5736
11479,9771
11480,5771
11481,8873
11482,5300
11483,13717
11484,6796
11485,24732
11486,19104
11487,6387
11488,10869
11489,7299
11490,8909
11491,7794
11492,15858
11493,11470
11494,15961
11495,6769
11496,9499
11497,6388
11498,12504
11499,10518
11500,10811
11501,8960
11502,8544
11503,7993
11504,10489
11505,12857
11506,8244
11507,11844
11508,13644
11509,7962
11510,10100
11511,10071
11512,12495
11513,10160
11514,6990
11515,8642
11516,9932
11517,8053
11518,17365
11519,8142
11520,11186
11521,10348
11522,13805
11523,6334
11524,10421
11525,18168
11526,12421
11527,13698
11528,9157
11529,6087
11530,19248
11531,14088
11532,11270
11533,21205
11534,16734
11535,10098
11536,10684
11537,14101
11538,13804
11539,14753
11540,16688
11541,9055
11542,9754
11543,8243
11544,11808
11545,5173
11546,16109
11547,9591
11548,9264
11549,8838
11550,16178
11551,14180
11552,8707
11553,9654
11554,7127
11555,7721
11556,10260
11557,5422
11558,7451
11559,10043
11560,9620
11561,12927
11562,11911
11563,9749
11564,9404
11565,8437
11566,15325
11567,11271
11568,8718
11569,9105
11570,7050
11571,13450
11572,5347
11573,13106
11574,11532
11575,4510
11576,6942
11577,12980
11578,8181
11579,7456
11580,10285
11581,12528
11582,14471
11583,8100
11584,13487
11585,3685
11586,7971
11587,9950
11588,10844
11589,10739
11590,8847
11591,9040
11592,7021
11593,7145
11594,13529
11595,10110
11596,7532
11597,6539
11598,10938
11599,16108
11600,10639
11601,9000
11602,8165
11603,11545
11604,9329
11605,9119
11606,9047
11607,7358
11608,9706
11609,15728
11610,5882
11611,6593
11612,7014
11613,8197
11614,11751
11615,11290
11616,11312
11617,18137
11618,7046
11619,17192
11620,15879
11621,9767
11622,7366
11623,4919
11624,11104
11625,8353
11626,8926
11627,8293
11628,10906
11629,17160
11630,7508
11631,8806
11632,10487
11633,10119
11634,8879
11635,7518
11636,6866
11637,10810
11638,4782
11639,14666
11640,11006
11641,9590
11642,12834
11643,14296
11644,12301
11645,8520
11646,12265
11647,11832
11648,9028
11649,8376
11650,7702
11651,6684
11652,17082
11653,11474
11654,10375
11655,8373
11656,10802
11657,12753
11658,11613
11659,10507
11660,11140
11661,6764
11662,7297
11663,22860
11664,10582
11665,11790
11666,8841
11667,9151
11668,9292
11669,8584
11670,5462
11671,6949
11672,12351
11673,17357
11674,11300
11675,11772
11676,16242
11677,14039
11678,16940
11679,11058
11680,6221
11681,6494
11682,12778
11683,14633
11684,12687
11685,10946
11686,13315
11687,9918
11688,5768
11689,14883
11690,10868
11691,10613
11692,9807
11693,5177
11694,23360
11695,16834
11696,17876
11697,7648
11698,7706
11699,6114
11700,8206
11701,11356
11702,14345
11703,9627
11704,6209
11705,6698
11706,11439
11707,5881
11708,4328
11709,11048
11710,19710
11711,9163
11712,22308
11713,7109
11714,8063
11715,9781
11716,8671
11717,8472
11718,7227
11719,5476
11720,6155
11721,11077
11722,10268
11723,5915
11724,12123
11725,10508
11726,9944
11727,6026
11728,12106
11729,10991
11730,13395
11731,8425
11732,9657
11733,5813
11734,6832
11735,7351
11736,18432
11737,14103
11738,8253
11739,8448
11740,6895
11741,7771
11742,6069
11743,12387
11744,5596
11745,21429
11746,5808
11747,7497
11748,8235
11749,11894
11750,11507
11751,7698
11752,9383
11753,12996
11754,9428
11755,11628
11756,8128
11757,7024
11758,18329
11759,6462
11760,5678
11761,7644
11762,9836
11763,9656
11764,7759
11765,12741
11766,11578
11767,10746
11768,8922
11769,7103
11770,11339
11771,8493
11772,5682
11773,10878
11774,8821
11775,9384
11776,13694
11777,9043
11778,10802
11779,8722
11780,9213
11781,8767
11782,9690
11783,9219
11784,10167
11785,10201
11786,11517
11787,12253
11788,7897
11789,6120
11790,16056
11791,8352
11792,4449
11793,13051
11794,13329
11795,16878
11796,7000
11797,8808
11798,8936
11799,5561
11800,8926
11801,9411
11802,10448
11803,8598
11804,10862
11805,13588
11806,5365
11807,10666
11808,8509
11809,7873
11810,8012
11811,9066
11812,13301
11813,7302
11814,8084
11815,13408
11816,9804
11817,11640
11818,13087
11819,6457
11820,10020
11821,10538
11822,11121
11823,11485
11824,12715
11825,5943
11826,10300
11827,10450
11828,12513
11829,12618
11830,6992
11831,5635
11832,17143
11833,12668
11834,12803
11835,9400
11836,9360
11837,11847
11838,6306
11839,9337
11840,7644
11841,11369
11842,10053
11843,12942
11844,11808
11845,9949
11846,12105
11847,17420
11848,21437
11849,12095
11850,7854
11851,9951
11852,6288
11853,4495
11854,15047
11855,12475
11856,7127
11857,13124
11858,6886
11859,14395
11860,6999
11861,9516
11862,9419
11863,14121
11864,7518
11865,10036
11866,8346
11867,9891
11868,10447
11869,6791
11870,11659
11871,9685
11872,12000
11873,11361
11874,9107
11875,7475
11876,16747
11877,6731
11878,7710
11879,15322
11880,9964
11881,13185
11882,8926
11883,16580
11884,8353
11885,8339
11886,7844
11887,10650
11888,10640
11889,16280
11890,10077
11891,12221
11892,10883
11893,6329
11894,10616
11895,13519
11896,9313
11897,11804
11898,8855
11899,7356
11900,7450
11901,4791
11902,8382
11903,11972
11904,10966
11905,14950
11906,24704
11907,9368
11908,6448
11909,10761
11910,8971
11911,13735
11912,5541
11913,7938
11914,5828
11915,13690
11916,8390
11917,8198
11918,19452
11919,14913
11920,6686
11921,9108
11922,5260
11923,6962
11924,7667
11925,11996
11926,8006
11927,5549
11928,9062
11929,11623
11930,11285
11931,7478
11932,8697
11933,9359
11934,11274
11935,10963
11936,5981
11937,15431
11938,23720
11939,4341
11940,9360
11941,12497
11942,11338
11943,7743
11944,4174
11945,6867
11946,10697
11947,7203
11948,12226
11949,12420
11950,6206
11951,7941
11952,10618
11953,8799
11954,7422
11955,7713
11956,11014
11957,12629
11958,11330
11959,13866
11960,7199
11961,5238
11962,9590
11963,7744
11964,11852
11965,9189
11966,6732
11967,27279
11968,10058
11969,8018
11970,16331
11971,11416
11972,10984
11973,8229
11974,10171
11975,7171
11976,12009
11977,15672
11978,8327
11979,7734
11980,10706
11981,18676
11982,9883
11983,8189
11984,9193
11985,7696
11986,9242
11987,5796
11988,12343
11989,5954
11990,9545
11991,3850
11992,22422
11993,12641
11994,6364
11995,6161
11996,15829
11997,9990
11998,10988
11999,10832
12000,10030
12001,6133
12002,7772
12003,12252
12004,8944
12005,9970
12006,9764
12007,10126
12008,6853
12009,9722
12010,8858
12011,5301
12012,13734
12013,11580
12014,6679
12015,9404
12016,10489
12017,6180
12018,13742
12019,10596
12020,9005
12021,8276
12022,9157
12023,4690
12024,6306
12025,7677
12026,17541
12027,8528
12028,13044
12029,5652
12030,10436
12031,7087
12032,7792
12033,5950
12034,8184
12035,7623
12036,9076
12037,10524
12038,11999
12039,5986
12040,9161
12041,10957
12042,11562
12043,9627
12044,11872
12045,11800
12046,8303
12047,4487
12048,11353
12049,9422
12050,8793
12051,9952
12052,5775
12053,13624
12054,8042
12055,8689
12056,15247
12057,8713
12058,7488
12059,14134
12060,10181
12061,13332
12062,7200
12063,12952
12064,14246
12065,8179
12066,7194
12067,9056
12068,7309
12069,9304
12070,8719
12071,12535
12072,9015
12073,6664
12074,7031
12075,9097
12076,11615
12077,9470
12078,13327
12079,8635
12080,9580
12081,6172
12082,11526
12083,11472
12084,10448
12085,8085
12086,7953
12087,11922
12088,12325
12089,7754
12090,11354
12091,8144
12092,9860
12093,8943
12094,9447
12095,5742
12096,6634
12097,11055
12098,8998
12099,8354
12100,8236
12101,13539
12102,6893
12103,8352
12104,10216
12105,6804
12106,5034
12107,12852
12108,5219
12109,10856
12110,10308
12111,8727
12112,10950
12113,18165
12114,13158
12115,10899
12116,6116
12117,11922
12118,10322
12119,5940
12120,5430
12121,11339
12122,5225
12123,12612
12124,17777
12125,11274
12126,9487
12127,8031
12128,11848
12129,11046
12130,9003
12131,10423
12132,11889
12133,12524
12134,10681
12135,12521
12136,8006
12137,11394
12138,6303
12139,8304
12140,8238
12141,6741
12142,7210
12143,13505
12144,8117
12145,12932
12146,13371
12147,7873
12148,6468
12149,16163
12150,10379
12151,11619
12152,9764
12153,11548
12154,7482
12155,8148
12156,10589
12157,10167
12158,7943
12159,6865
12160,14586
12161,10119
12162,7812
12163,5407
12164,19164
12165,8359
12166,8418
12167,9130
12168,15719
12169,13727
12170,11021
12171,11166
12172,10291
12173,8788
12174,8401
12175,10068
12176,13290
12177,20171
12178,9193
12179,8115
12180,5499
12181,7137
12182,16715
12183,19851
12184,10404
12185,7585
12186,6869
12187,8099
12188,7405
12189,12901
12190,12786
12191,8527
12192,6564
12193,10647
12194,9419
12195,10848
12196,12831
12197,7599
12198,12610
12199,5817
12200,9764
12201,14021
12202,10061
12203,13863
12204,9799
12205,11002
12206,6530
12207,8209
12208,10206
12209,11757
12210,10921
12211,10139
12212,10147
12213,6109
12214,13305
12215,5675
12216,13631
12217,7836
12218,6808
12219,10572
12220,9800
12221,8743
12222,10055
12223,13482
12224,8080
12225,13293
12226,6319
12227,6065
12228,12308
12229,13562
12230,13655
12231,9180
12232,9618
12233,8031
12234,9793
12235,9804
12236,9803
12237,9322
12238,8041
12239,13868
12240,10969
12241,11428
12242,16017
12243,11443
12244,6536
12245,7600
12246,8983
12247,12194
12248,7570
12249,11257
12250,8121
12251,13725
12252,9497
12253,8850
12254,7979
12255,8275
12256,7991
12257,11070
12258,9456
12259,7856
12260,7502
12261,7178
12262,12072
12263,8079
12264,25572
12265,9370
12266,5107
12267,6323
12268,8184
12269,11324
12270,6667
12271,6323
12272,11288
12273,8098
12274,8406
12275,6540
12276,8973
12277,8663
12278,6012
12279,5310
12280,7348
12281,10023
12282,7397
12283,7934
12284,8095
12285,8918
12286,5576
12287,4900
12288,6753
12289,10537
12290,12713
12291,8505
12292,10745
12293,6119
12294,9796
12295,4886
12296,6785
12297,5318
12298,9335
12299,9641
12300,12206
12301,10155
12302,7966
12303,7153
12304,6622
12305,4758
12306,5999
12307,11765
12308,6394
12309,6804
12310,6215
12311,5665
12312,9286
12313,4381
12314,8908
12315,5624
12316,7060
12317,6799
12318,6445
12319,9447
12320,7065
12321,8995
12322,11566
12323,7101
12324,6148
12325,12676
12326,5432
12327,7386
12328,8816
12329,12040
12330,5740
12331,6018
12332,10013
12333,9111
12334,9165
12335,8160
12336,10971
12337,4874
12338,5783
12339,7499
12340,7085
12341,10593
12342,8205
12343,4875
12344,6809
12345,8499
12346,7263
12347,10088
12348,4255
12349,17054
12350,7955
12351,5373
12352,7422
12353,8632
12354,6467
12355,10471
12356,4949
12357,8153
12358,6307
12359,8904
12360,9442
12361,6671
12362,8633
12363,5505
12364,6665
12365,9102
12366,9830
12367,9214
12368,5371
12369,11303
12370,5990
12371,10943
12372,8506
12373,13549
12374,8198
12375,5666
12376,6949
12377,6840
12378,6495
12379,6052
12380,8075
12381,8692
12382,4505
12383,10323
12384,7672
12385,7384
12386,5512
12387,9151
12388,11303
12389,5805
12390,15836
12391,6993
12392,5561
12393,9023
12394,8642
12395,5321
12396,5265
12397,7432
12398,7693
12399,5395
12400,6805
12401,6793
12402,9173
12403,10303
12404,6759
12405,8303
12406,6525
12407,5015
12408,8182
12409,8522
12410,9026
12411,8841
12412,9464
12413,10715
12414,5844
12415,10411
12416,9113
12417,7262
12418,8613
12419,10688
12420,6690
12421,9404
12422,11821
12423,9085
12424,9355
12425,6793
12426,8257
12427,7332
12428,7862
12429,7121
12430,3894
12431,6228
12432,13859
12433,9691
12434,7285
12435,4510
12436,9942
12437,7361
12438,10445
12439,6012
12440,7132
12441,6526
12442,5027
12443,12920
12444,9341
12445,9197
12446,6992
12447,6552
12448,8109
12449,8105
12450,8314
12451,4272
12452,7343
12453,6394
12454,10565
12455,8445
12456,6808
12457,13059
12458,7033
12459,5475
12460,13096
12461,5933
12462,9005
12463,3302
12464,9942
12465,9148
12466,5813
12467,7412
12468,9649
12469,5719
12470,8225
12471,8508
12472,14666
12473,3560
12474,6840
12475,3850
12476,17314
12477,6505
12478,9503
12479,10018
12480,7992
12481,8130
12482,6231
12483,6277
12484,3655
12485,5676
12486,7329
12487,6759
12488,7981
12489,7236
12490,6443
12491,7889
12492,7411
12493,9302
12494,9804
12495,10105
12496,5942
12497,4465
12498,11466
12499,14545
12500,5710
12501,9806
12502,5565
12503,9077
12504,6160
12505,6087
12506,7632
12507,4092
12508,8705
12509,6084
12510,10890
12511,8898
12512,10309
12513,8856
12514,6428
12515,10973
12516,21936
12517,12808
12518,6584
12519,3713
12520,7409
12521,10406
12522,6263
12523,5853
12524,13171
12525,6926
12526,14168
12527,21881
12528,4437
12529,8698
12530,6223
12531,5061
12532,10034
12533,6824
12534,11768
12535,11711
12536,9871
12537,6932
12538,9510
12539,4262
12540,7321
12541,4807
12542,7536
12543,9115
12544,10151
12545,6571
12546,6962
12547,5815
12548,7736
12549,5708
12550,5970
12551,5648
12552,8469
12553,6802
12554,7022
12555,8585
12556,9972
12557,8453
12558,8083
12559,7341
12560,7031
12561,8393
12562,8522
12563,9387
12564,7589
12565,7746
12566,6942
12567,4399
12568,7888
12569,8885
12570,7354
12571,4741
12572,3402
12573,9561
12574,8609
12575,11976
12576,8392
12577,6644
12578,8543
12579,6129
12580,5474
12581,11484
12582,5392
12583,9114
12584,9400
12585,17588
12586,7209
12587,5718
12588,8337
12589,6120
12590,6807
12591,5981
12592,10121
12593,5272
12594,8533
12595,5224
12596,6320
12597,4963
12598,12509
12599,6138
12600,18966
12601,16941
12602,5192
12603,6761
12604,6335
12605,8205
12606,6611
12607,11900
12608,8737
12609,11038
12610,4548
12611,8536
12612,5460
12613,8426
12614,9714
12615,6721
12616,7204
12617,7500
12618,6802
12619,9778
12620,11192
12621,6899
12622,10009
12623,12503
12624,7441
12625,8656
12626,7918
12627,10974
12628,9346
12629,6102
12630,6689
12631,8101
12632,6695
12633,12763
12634,7195
12635,7551
12636,8580
12637,10024
12638,4353
12639,9333
12640,11002
12641,10781
12642,10336
12643,8078
12644,5199
12645,18184
12646,11134
12647,10094
12648,19143
12649,10008
12650,9036
12651,7591
12652,11444
12653,12341
12654,13717
12655,15186
12656,6947
12657,8861
12658,7171
12659,9994
12660,4586
12661,13340
12662,7980
12663,6203
12664,6175
12665,10374
12666,9023
12667,6002
12668,8477
12669,6387
12670,5093
12671,8232
12672,4611
12673,5766
12674,6357
12675,8782
12676,11735
12677,8317
12678,8418
12679,6346
12680,7373
12681,13491
12682,8017
12683,6790
12684,7464
12685,4945
12686,11122
12687,5269
12688,11864
12689,7831
12690,4133
12691,6060
12692,7498
12693,7255
12694,5227
12695,9686
12696,11451
12697,13942
12698,7120
12699,10644
12700,3520
12701,6909
12702,7276
12703,6342
12704,9298
12705,6395
12706,7788
12707,5394
12708,6513
12709,12947
12710,9323
12711,5775
12712,5997
12713,9884
12714,11056
12715,9327
12716,5624
12717,5822
12718,11144
12719,8654
12720,9815
12721,7964
12722,5175
12723,8447
12724,11933
12725,4788
12726,5264
12727,6120
12728,7425
12729,11184
12730,9939
12731,9586
12732,16679
12733,6459
12734,14257
12735,14624
12736,8085
12737,6497
12738,4086
12739,9981
12740,7237
12741,7919
12742,6049
12743,9412
12744,13315
12745,6586
12746,6605
12747,9346
12748,5848
12749,8614
12750,5177
12751,4861
12752,7896
12753,4248
12754,8821
12755,8457
12756,8030
12757,8658
12758,9572
12759,9973
12760,5743
12761,9978
12762,10485
12763,7119
12764,7048
12765,5847
12766,6628
12767,10875
12768,7688
12769,8607
12770,6393
12771,9021
12772,8531
12773,7735
12774,6413
12775,10425
12776,6111
12777,6816
12778,20774
12779,6627
12780,9976
12781,7608
12782,7754
12783,5963
12784,5928
12785,4627
12786,5980
12787,8358
12788,15348
12789,9851
12790,10782
12791,13058
12792,12791
12793,11494
12794,9783
12795,6222
12796,5849
12797,12012
12798,12834
12799,7829
12800,9902
12801,10129
12802,6777
12803,4964
12804,11050
12805,7817
12806,8807
12807,6517
12808,3263
12809,15496
12810,14297
12811,16217
12812,6782
12813,6189
12814,5805
12815,7604
12816,9121
12817,8834
12818,6975
12819,5902
12820,5797
12821,8979
12822,5650
12823,3938
12824,8389
12825,17660
12826,8260
12827,20356
12828,5124
12829,5856
12830,8580
12831,6450
12832,6502
12833,5172
12834,5284
12835,5436
12836,8297
12837,6861
12838,4227
12839,10613
12840,5694
12841,8560
12842,5433
12843,11078
12844,10050
12845,11960
12846,6841
12847,8386
12848,5378
12849,5952
12850,6373
12851,18430
12852,10730
12853,7470
12854,6643
12855,5115
12856,6812
12857,5323
12858,11197
12859,5198
12860,18190
12861,5162
12862,6002
12863,5918
12864,10879
12865,9126
12866,4806
12867,7816
12868,8294
12869,8305
12870,7706
12871,7413
12872,4484
12873,11339
12874,5801
12875,4832
12876,5848
12877,6148
12878,6580
12879,7697
12880,10910
12881,9818
12882,7357
12883,8133
12884,5586
12885,8857
12886,7416
12887,5243
12888,7326
12889,7988
12890,7340
12891,11953
12892,7993
12893,8871
12894,7653
12895,8145
12896,7219
12897,9187
12898,6767
12899,9437
12900,8126
12901,6884
12902,10271
12903,7246
12904,5572
12905,14815
12906,6992
12907,4183
12908,9752
12909,9146
12910,12707
12911,5984
12912,7714
12913,7846
12914,5147
12915,6398
12916,8451
12917,8885
12918,6717
12919,8881
12920,11186
12921,3530
12922,7493
12923,6170
12924,6734
12925,5581
12926,8110
12927,11189
12928,6737
12929,7006
12930,9093
12931,8441
12932,10571
12933,11421
12934,5186
12935,7761
12936,7196
12937,10236
12938,9024
12939,10506
12940,3605
12941,9572
12942,8313
12943,8115
12944,12168
12945,5992
12946,4758
12947,15574
12948,11088
12949,8911
12950,6724
12951,8020
12952,10561
12953,4269
12954,7841
12955,6652
12956,7990
12957,8189
12958,7072
12959,9018
12960,6478
12961,11921
12962,12279
12963,20258
12964,7936
12965,5335
12966,6202
12967,4765
12968,3832
12969,13221
12970,9660
12971,6447
12972,10939
12973,5355
12974,12627
12975,4624
12976,5897
12977,6350
12978,11647
12979,5213
12980,9338
12981,5747
12982,5900
12983,8886
12984,5318
12985,9103
12986,8857
12987,11160
12988,9036
12989,7872
12990,6743
12991,14828
12992,5627
12993,5336
12994,12923
12995,9095
12996,10222
12997,8164
12998,16613
12999,7254
13000,7214
13001,5110
13002,7378
13003,9429
13004,11187
13005,9218
13006,10061
13007,9633
13008,4438
13009,7921
13010,8831
13011,8246
13012,9801
13013,5791
13014,5528
13015,5070
13016,4631
13017,6630
13018,9904
13019,9159
13020,12772
13021,19084
13022,8317
13023,5768
13024,9495
13025,8384
13026,12288
13027,4829
13028,7295
13029,4891
13030,8860
13031,7576
13032,7447
13033,16963
13034,13397
13035,6298
13036,7764
13037,5002
13038,6072
13039,6661
13040,8650
13041,5237
13042,4800
13043,6312
13044,9331
13045,8379
13046,6499
13047,5773
13048,8321
13049,7640
13050,8714
13051,4536
13052,13437
13053,22397
13054,3994
13055,8234
13056,10684
13057,9445
13058,6362
13059,3843
13060,5592
13061,9117
13062,5176
13063,10129
13064,10637
13065,5542
13066,6381
13067,8448
13068,7428
13069,5129
13070,7170
13071,8772
13072,11380
13073,9328
13074,13001
13075,6513
13076,4712
13077,8425
13078,6761
13079,10354
13080,6728
13081,5449
13082,26145
13083,8549
13084,7206
13085,12345
13086,9482
13087,9418
13088,7457
13089,9123
13090,5390
13091,10277
13092,15179
13093,6965
13094,6809
13095,7100
13096,16952
13097,7390
13098,6618
13099,7775
13100,6305
13101,8171
13102,4977
13103,10762
13104,5389
13105,8662
13106,3572
13107,22119
13108,10745
13109,5361
13110,4585
13111,9400
13112,7682
13113,7439
13114,9489
13115,6977
13116,5787
13117,4869
13118,11300
13119,6026
13120,7527
13121,8962
13122,8729
13123,5166
13124,8401
13125,7411
13126,4782
13127,8883
13128,9990
13129,5604
13130,8533
13131,8018
13132,5694
13133,9902
13134,6528
13135,8391
13136,7756
13137,8674
13138,4620
13139,5660
13140,6787
13141,13206
13142,8489
13143,11329
13144,4668
13145,9087
13146,5870
13147,6847
13148,4895
13149,7260
13150,6778
13151,8222
13152,7308
13153,10702
13154,5422
13155,6217
13156,8849
13157,10031
13158,7235
13159,11652
13160,10852
13161,7747
13162,3585
13163,9169
13164,5833
13165,6506
13166,8767
13167,4680
13168,12397
13169,5518
13170,7556
13171,12848
13172,7562
13173,4542
13174,9339
13175,6581
13176,12048
13177,6388
13178,11028
13179,11538
13180,6132
13181,5853
13182,8058
13183,6752
13184,6963
13185,6468
13186,11042
13187,8014
13188,6354
13189,4791
13190,6613
13191,7549
13192,7968
13193,10365
13194,7499
13195,8246
13196,4399
13197,7686
13198,10175
13199,7172
13200,7298
13201,7209
13202,8546
13203,11105
13204,6715
13205,9780
13206,5677
13207,6124
13208,8268
13209,8186
13210,5488
13211,4806
13212,8226
13213,8343
13214,7111
13215,7233
13216,8458
13217,6464
13218,6810
13219,8091
13220,6216
13221,3983
13222,11133
13223,4774
13224,9687
13225,8427
13226,7529
13227,8199
13228,14306
13229,10676
13230,10188
13231,5467
13232,8867
13233,9086
13234,4690
13235,3419
13236,8893
13237,4436
13238,8516
13239,13650
13240,7853
13241,8584
13242,4814
13243,10149
13244,7294
13245,7572
13246,9199
13247,10301
13248,10067
13249,7164
13250,8290
13251,6519
13252,8878
13253,5776
13254,5558
13255,7710
13256,6127
13257,6230
13258,9150
13259,5230
13260,11921
13261,8206
13262,5008
13263,5265
13264,9909
13265,7671
13266,6360
13267,8558
13268,7143
13269,7019
13270,7152
13271,7874
13272,8828
13273,7442
13274,4922
13275,11412
13276,8485
13277,5828
13278,4439
13279,12885
13280,7201
13281,6728
13282,8475
13283,13779
13284,8439
13285,9928
13286,10087
13287,9258
13288,6256
13289,7297
13290,8800
13291,10950
13292,14454
13293,5839
13294,7325
13295,4740
13296,5785
13297,10443
13298,18119
13299,8469
13300,6137
13301,5296
13302,7631
13303,6541
13304,12371
13305,9843
13306,6404
13307,5316
13308,9404
13309,6244
13310,9406
13311,11980
13312,5821
13313,8551
13314,3921
13315,8650
13316,9222
13317,8465
13318,11749
13319,7934
13320,9582
13321,4600
13322,7385
13323,8181
13324,10783
13325,8996
13326,9278
13327,7839
13328,5644
13329,11404
13330,5144
13331,11742
13332,7014
13333,4668
13334,8633
13335,8622
13336,7633
13337,8773
13338,10595
13339,5440
13340,12849
13341,4918
13342,5212
13343,7856
13344,8836
13345,10772
13346,8653
13347,8204
13348,6023
13349,6370
13350,8906
13351,7782
13352,8253
13353,5727
13354,12021
13355,7991
13356,9938
13357,12255
13358,11000
13359,4769
13360,5238
13361,7311
13362,11447
13363,6973
13364,8823
13365,5573
13366,12333
13367,6762
13368,6457
13369,5324
13370,6496
13371,5572
13372,6600
13373,8182
13374,5257
13375,5927
13376,4741
13377,10618
13378,7892
13379,24452
13380,8520
13381,4765
13382,5956
13383,8309
13384,11038
13385,5722
13386,5884
13387,10657
13388,8685
13389,8270
13390,6537
13391,8569
13392,9125
13393,5543
13394,5937
13395,7987
13396,9547
13397,7730
13398,8125
13399,8002
13400,10059
13401,6377
13402,5121
13403,6600
13404,11106
13405,12700
13406,8756
13407,11311
13408,6185
13409,9874
13410,5287
13411,6714
13412,4967
13413,9015
13414,9270
13415,13412
13416,10088
13417,8213
13418,6829
13419,6396
13420,5037
13421,6646
13422,11723
13423,6833
13424,6332
13425,6444
13426,6373
13427,9123
13428,3974
13429,8510
13430,5517
13431,7967
13432,7785
13433,6521
13434,9344
13435,6306
13436,9401
13437,11347
13438,7539
13439,6562
13440,10988
13441,5216
13442,7263
13443,8907
13444,13232
13445,6477
13446,6702
13447,9664
13448,8413
13449,9702
13450,7767
13451,11054
13452,5488
13453,5544
13454,7048
13455,6996
13456,10354
13457,8780
13458,4624
13459,6360
13460,9123
13461,7289
13462,11602
13463,4069
13464,15483
13465,7815
13466,5550
13467,7213
13468,7999
13469,6871
13470,10125
13471,5123
13472,8037
13473,6575
13474,9258
13475,8749
13476,6408
13477,8895
13478,6016
13479,6523
13480,9043
13481,9546
13482,8812
13483,5257
13484,10834
13485,5933
13486,10019
13487,8311
13488,13839
13489,7886
13490,5248
13491,7652
13492,6846
13493,6391
13494,5780
13495,8373
13496,8245
13497,4406
13498,10123
13499,7218
13500,8115
13501,5155
13502,8011
13503,9913
13504,5402
13505,14540
13506,6824
13507,5950
13508,8980
13509,9638
13510,5659
13511,5396
13512,8231
13513,7522
13514,5202
13515,7251
13516,6636
13517,9395
13518,10040
13519,7468
13520,8421
13521,6490
13522,4744
13523,7621
13524,8989
13525,8717
13526,9637
13527,9154
13528,10267
13529,6155
13530,10141
13531,8829
13532,6508
13533,8365
13534,10851
13535,7362
13536,10005
13537,11484
13538,8785
13539,9254
13540,7063
13541,8010
13542,8508
13543,7673
13544,7696
13545,4204
13546,6341
13547,12696
13548,9164
13549,7165
13550,4527
13551,9802
13552,7507
13553,10010
13554,6467
13555,6842
13556,6195
13557,4910
13558,12451
13559,8683
13560,9145
13561,7501
13562,6689
13563,7841
13564,7355
13565,8491
13566,4549
13567,7394
13568,6303
13569,10105
13570,8601
13571,7143
13572,13728
13573,5765
13574,5470
13575,12572
13576,6027
13577,7940
13578,3694
13579,10279
13580,9012
13581,6368
13582,7487
13583,7786
13584,6075
13585,7966
13586,9629
13587,13537
13588,3464
13589,7276
13590,3761
13591,16908
13592,5690
13593,9975
13594,9918
13595,7746
13596,8024
13597,5926
13598,6286
13599,3551
13600,5501
13601,7661
13602,6456
13603,8258
13604,7611
13605,6630
13606,7732
13607,7091
13608,9439
13609,10811
13610,9896
13611,5979
13612,4860
13613,10854
13614,12760
13615,6570
13616,8911
13617,5266
13618,8860
13619,6319
13620,5671
13621,7281
13622,4785
13623,8258
13624,6107
13625,10430
13626,8568
13627,10135
13628,8949
13629,6716
13630,10481
13631,20961
13632,12289
13633,6167
13634,3911
13635,7199
13636,10199
13637,5830
13638,6580
13639,14005
13640,6818
13641,15099
13642,21008
13643,4663
13644,8584
13645,6367
13646,5140
13647,11771
13648,6146
13649,10778
13650,11456
13651,9925
13652,7725
13653,9471
13654,4683
13655,7281
13656,4547
13657,7311
13658,8847
13659,10545
13660,7109
13661,6932
13662,5543
13663,8312
13664,5935
13665,5688
13666,5578
13667,8906
13668,7058
13669,7245
13670,8201
13671,9497
13672,8444
13673,7890
13674,7463
13675,6413
13676,8121
13677,8509
13678,9643
13679,7709
13680,8775
13681,6406
13682,4578
13683,7102
13684,8499
13685,7561
13686,4920
13687,3696
13688,10055
13689,8604
13690,11005
13691,8118
13692,7033
13693,8854
13694,6168
13695,5214
13696,11782
13697,5781
13698,8768
13699,8885
13700,17770
13701,7589
13702,6695
13703,8515
13704,6771
13705,8676
13706,6459
13707,9289
13708,5053
13709,8664
13710,5136
13711,6865
13712,4516
13713,12240
13714,6244
13715,18411
13716,16494
13717,5950
13718,7308
13719,6086
13720,8058
13721,6670
13722,12415
13723,9462
13724,11671
13725,4934
13726,8439
13727,5681
13728,9119
13729,9226
13730,7649
13731,7354
13732,7802
13733,7240
13734,9801
13735,11611
13736,6886
13737,9629
13738,11683
13739,7649
13740,8328
13741,8255
13742,10798
13743,8978
13744,6300
13745,6667
13746,8161
13747,6521
13748,12768
13749,7321
13750,8938
13751,8056
13752,10409
13753,4792
13754,8864
13755,12037
13756,10388
13757,10321
13758,7907
13759,5266
13760,16733
13761,11013
13762,10302
13763,19987
13764,11537
13765,8859
13766,7670
13767,11553
13768,12345
13769,12968
13770,14026
13771,6818
13772,8448
13773,6977
13774,10555
13775,4590
13776,13846
13777,7519
13778,6400
13779,6720
13780,10780
13781,8884
13782,6164
13783,8116
13784,6015
13785,5369
13786,8609
13787,4871
13788,5751
13789,7178
13790,8018
13791,11902
13792,9010
13793,8642
13794,7142
13795,7287
13796,13568
13797,8399
13798,6725
13799,7051
13800,5286
13801,10390
13802,5177
13803,11942
13804,8157
13805,4096
13806,5645
13807,8131
13808,7245
13809,5690
13810,9735
13811,11729
13812,13208
13813,6458
13814,11139
13815,3175
13816,6759
13817,7166
13818,6484
13819,8558
13820,6597
13821,7878
13822,5387
13823,6479
13824,11869
13825,9036
13826,6036
13827,5697
13828,9541
13829,11678
13830,11042
13831,5930
13832,5969
13833,9589
13834,7669
13835,8978
13836,7566
13837,5583
13838,8240
13839,12208
13840,5025
13841,5120
13842,5913
13843,7154
13844,10636
13845,9522
13846,8895
13847,16352
13848,6198
13849,12926
13850,13868
13851,8158
13852,6443
13853,4291
13854,9274
13855,6903
13856,7554
13857,6992
13858,8577
13859,13065
13860,6007
13861,7159
13862,8920
13863,6439
13864,8786
13865,5574
13866,5306
13867,8152
13868,3946
13869,9988
13870,8754
13871,8174
13872,8924
13873,10126
13874,9516
13875,6728
13876,9391
13877,10119
13878,6975
13879,6561
13880,5788
13881,5963
13882,11556
13883,9070
13884,8361
13885,6399
13886,8389
13887,9746
13888,8632
13889,6969
13890,9517
13891,6178
13892,7066
13893,20459
13894,7289
13895,10303
13896,7673
13897,7564
13898,6730
13899,5870
13900,4463
13901,6652
13902,9453
13903,14522
13904,9865
13905,10375
13906,13362
13907,12733
13908,12460
13909,9913
13910,6215
13911,5532
13912,11686
13913,12730
13914,8342
13915,9723
13916,10048
13917,7040
13918,5058
13919,11375
13920,7753
13921,8275
13922,6960
13923,3316
13924,15723
13925,14115
13926,16835
13927,7020
13928,5931
13929,5486
13930,7608
13931,8337
13932,9214
13933,7522
13934,5577
13935,5843
13936,8709
13937,4774
13938,4008
13939,8185
13940,16327
13941,8251
13942,20037
13943,5423
13944,6490
13945,7924
13946,6691
13947,6317
13948,5458
13949,5066
13950,4948
13951,8821
13952,7647
13953,4392
13954,10414
13955,6369
13956,8006
13957,5233
13958,10694
13959,9327
13960,11740
13961,6259
13962,8592
13963,5136
13964,5714
13965,5998
13966,16784
13967,11313
13968,7821
13969,6762
13970,5430
13971,6874
13972,6231
13973,12666
13974,5018
13975,17117
13976,4910
13977,5955
13978,6222
13979,10765
13980,8967
13981,5066
13982,7582
13983,8805
13984,8694
13985,8166
13986,6813
13987,5042
13988,12103
13989,5441
13990,4692
13991,6159
13992,6871
13993,6810
13994,7136
13995,10559
13996,9789
13997,7530
13998,7983
13999,5198
14000,9111
14001,7075
14002,5226
14003,7674
14004,7736
14005,7134
14006,11663
14007,7672
14008,8346
14009,7685
14010,7943
14011,7047
14012,9042
14013,7547
14014,8628
14015,7940
14016,7205
14017,10378
14018,7236
14019,5297
14020,14459
14021,7261
14022,3767
14023,9393
14024,9642
14025,12628
14026,5910
14027,7448
14028,7651
14029,4665
14030,6578
14031,8133
14032,9058
14033,6802
14034,8679
14035,10910
14036,3784
14037,7607
14038,6778
14039,6433
14040,6041
14041,8081
14042,10399
14043,6100
14044,6415
14045,9572
14046,8396
14047,10819
14048,10415
14049,5431
14050,7667
14051,7433
14052,9540
14053,9131
14054,9876
14055,5865
14056,9919
14057,8384
14058,8731
14059,11226
14060,5447
14061,4777
14062,15118
14063,10310
14064,9451
14065,6931
14066,7896
14067,10351
14068,4504
14069,8064
14070,6354
14071,9265
14072,8497
14073,7589
14074,9223
14075,6896
14076,10724
14077,12485
14078,19142
14079,8340
14080,5395
14081,6833
14082,4778
14083,3733
14084,12580
14085,9568
14086,6389
14087,10360
14088,5973
14089,12280
14090,5140
14091,6461
14092,6829
14093,11103
14094,5524
14095,7992
14096,6147
14097,6245
14098,8801
14099,5936
14100,8645
14101,8565
14102,10582
14103,9176
14104,7980
14105,6871
14106,13676
14107,5454
14108,5893
14109,12677
14110,8421
14111,10506
14112,7946
14113,16449
14114,7187
14115,6719
14116,5496
14117,7586
14118,9709
14119,12059
14120,8532
14121,10252
14122,9228
14123,4548
14124,8040
14125,9170
14126,8482
14127,10244
14128,6569
14129,5520
14130,5324
14131,4309
14132,6460
14133,9965
14134,9670
14135,12781
14136,19337
14137,7990
14138,5581
14139,8566
14140,8169
14141,11300
14142,4921
14143,7335
14144,4974
14145,9929
14146,7541
14147,7332
14148,16389
14149,13200
14150,6132
14151,7823
14152,4789
14153,6136
14154,6335
14155,9683
14156,5561
14157,5044
14158,6338
14159,9291
14160,8954
14161,5915
14162,6486
14163,8674
14164,7997
14165,8578
14166,4289
14167,12299
14168,20942
14169,3928
14170,8405
14171,10437
14172,9138
14173,5939
14174,3965
14175,5220
14176,9532
14177,5346
14178,9355
14179,10162
14180,5590
14181,6528
14182,8561
14183,7442
14184,5280
14185,6972
14186,8512
14187,10797
14188,9258
14189,11849
14190,6725
14191,4534
14192,8081
14193,6666
14194,10887
14195,7163
14196,5365
14197,24344
14198,8336
14199,7147
14200,12678
14201,8609
14202,8764
14203,7325
14204,8854
14205,5293
14206,10326
14207,15467
14208,6869
14209,6674
14210,7054
14211,15683
14212,7564
14213,6594
14214,7471
14215,6289
14216,7600
14217,5213
14218,10593
14219,5105
14220,8323
14221,3244
14222,22007
14223,10615
14224,4940
14225,4959
14226,11385
14227,7357
14228,7796
14229,9505
14230,7344
14231,5734
14232,5230
14233,10827
14234,6261
14235,7647
14236,8606
14237,8381
14238,5348
14239,8398
14240,7767
14241,4582
14242,9469
14243,9800
14244,5341
14245,8486
14246,8288
14247,5414
14248,10546
14249,6778
14250,8022
14251,7930
14252,9011
14253,4375
14254,5817
14255,6575
14256,14254
14257,7128
14258,10726
14259,4748
14260,9304
14261,5187
14262,6718
14263,4843
14264,7064
14265,6545
14266,8321
14267,8031
14268,10571
14269,5560
14270,7072
14271,8162
14272,9693
14273,7518
14274,9989
14275,10620
14276,7703
14277,3657
14278,9018
14279,6015
14280,6677
14281,8542
14282,4722
14283,12209
14284,5976
14285,7438
14286,12608
14287,7824
14288,5086
14289,0
14290,7184
14291,11382
14292,6120
14293,10294
14294,11843
14295,6842
14296,5727
14297,7959
14298,6612
14299,6925
14300,6658
14301,10877
14302,8037
14303,5914
14304,5171
14305,6913
14306,8142
14307,7810
14308,10179
14309,7246
14310,8114
14311,4982
14312,8468
14313,8848
14314,7663
14315,7365
14316,6977
14317,9109
14318,11010
14319,6581
14320,9328
14321,5838
14322,7260
14323,8422
14324,7773
14325,5105
14326,4942
14327,7579
14328,8708
14329,6826
14330,6854
14331,9252
14332,6485
14333,6811
14334,7572
14335,6124
14336,4062
14337,9605
14338,4509
14339,8694
14340,8337
14341,7166
14342,8107
14343,14554
14344,10381
14345,8972
14346,5119
14347,9875
14348,8731
14349,4526
14350,3717
14351,9753
14352,4244
14353,8862
14354,13468
14355,9034
14356,8082
14357,5358
14358,9329
14359,8077
14360,7522
14361,9130
14362,9709
14363,10356
14364,7334
14365,9001
14366,6169
14367,8184
14368,5685
14369,5862
14370,7762
14371,6191
14372,5981
14373,9262
14374,5345
14375,11565
14376,8502
14377,5764
14378,5096
14379,11040
14380,8043
14381,7132
14382,7946
14383,7517
14384,7145
14385,6984
14386,7836
14387,8614
14388,6961
14389,5127
14390,11148
14391,8018
14392,6590
14393,4241
14394,13150
14395,7795
14396,6459
14397,8142
14398,12572
14399,9135
14400,9332
14401,9999
14402,8778
14403,6452
14404,7204
14405,8663
14406,10960
14407,14209
14408,5868
14409,7000
14410,4756
14411,5627
14412,10845
14413,17749
14414,7963
14415,6362
14416,6039
14417,7598
14418,6808
14419,11410
14420,10464
14421,6625
14422,5111
14423,8858
14424,6475
14425,9343
14426,11536
14427,5874
14428,8953
14429,4369
14430,8644
14431,9447
14432,8175
14433,10928
14434,7653
14435,9033
14436,4817
14437,7857
14438,7851
14439,10339
14440,8812
14441,9607
14442,7864
14443,5301
14444,11332
14445,5100
14446,11455
14447,6931
14448,4740
14449,6798
14450,8254
14451,7301
14452,8278
14453,10673
14454,5927
14455,12062
14456,5189
14457,5229
14458,8513
14459,9610
14460,11072
14461,8090
14462,8210
14463,6009
14464,7079
14465,8829
14466,7881
14467,7983
14468,6092
14469,11778
14470,7589
14471,10221
14472,12488
14473,10071
14474,5025
14475,5367
14476,6979
14477,11452
14478,6400
14479,8617
14480,5726
14481,12311
14482,7098
14483,6739
14484,6063
14485,6911
14486,5910
14487,7027
14488,7574
14489,5460
14490,5954
14491,5110
14492,10248
14493,8233
14494,23163
14495,8224
14496,4450
14497,5229
14498,7857
14499,9756
14500,5303
14501,5376
14502,10067
14503,6718
14504,7946
14505,6551
14506,7692
14507,8282
14508,5303
14509,5753
14510,7520
14511,8508
14512,6648
14513,8074
14514,7193
14515,8352
14516,6771
14517,5209
14518,6318
14519,10653
14520,10385
14521,7728
14522,10483
14523,5321
14524,8539
14525,4179
14526,6207
14527,4650
14528,8469
14529,8447
14530,12298
14531,10190
14532,7370
14533,6211
14534,5136
14535,4512
14536,6248
14537,10928
14538,6716
14539,5972
14540,6055
14541,6043
14542,8217
14543,3912
14544,8285
14545,4880
14546,8494
14547,7768
14548,5834
14549,8593
14550,5723
14551,9034
14552,9437
14553,7652
14554,5994
14555,9344
14556,5185
14557,6720
14558,7837
14559,12610
14560,5820
14561,6583
14562,8411
14563,7762
14564,9383
14565,7206
14566,10326
14567,5040
14568,4816
14569,6111
14570,6615
14571,10075
14572,8603
14573,4275
14574,6114
14575,8653
14576,8023
14577,10289
14578,4215
14579,12981
14580,7643
14581,5250
14582,6188
14583,7169
14584,6809
14585,8691
14586,4766
14587,6627
14588,7322
14589,8361
14590,7541
14591,5610
14592,7721
14593,5825
14594,6201
14595,8555
14596,8582
14597,7407
14598,5137
14599,10531
14600,5479
14601,9496
14602,8089
14603,13046
14604,7274
14605,4544
14606,7498
14607,6476
14608,6345
14609,5394
14610,9019
14611,7758
14612,4077
14613,9066
14614,6479
14615,7666
14616,4878
14617,7711
14618,8986
14619,5774
14620,12588
14621,6123
14622,5963
14623,8598
14624,9649
14625,5299
14626,4955
14627,7797
14628,6758
14629,5071
14630,6895
14631,6345
14632,9848
14633,8556
14634,7605
14635,7847
14636,5777
14637,4773
14638,6903
14639,8457
14640,7843
14641,9307
14642,8617
14643,9574
14644,6383
14645,8986
14646,8165
14647,5877
14648,7388
14649,9220
14650,7575
14651,7614
14652,10798
14653,8688
14654,8748
14655,6400
14656,7864
14657,8318
14658,7149
14659,7294
14660,4436
14661,5823
14662,10566
14663,8442
14664,6734
14665,4527
14666,8684
14667,7137
14668,8670
14669,6843
14670,6576
14671,5402
14672,4228
14673,11034
14674,7534
14675,7829
14676,7274
14677,5858
14678,6584
14679,6837
14680,8458
14681,4610
14682,7123
14683,5779
14684,9330
14685,8683
14686,6941
14687,14298
14688,4956
14689,5346
14690,11278
14691,5298
14692,7776
14693,3655
14694,9175
14695,8500
14696,6232
14697,6831
14698,6813
14699,6149
14700,7228
14701,8118
14702,11204
14703,3468
14704,6806
14705,3518
14706,15056
14707,4987
14708,9051
14709,10322
14710,7543
14711,7240
14712,5542
14713,5352
14714,3333
14715,5087
14716,6716
14717,5761
14718,8114
14719,7665
14720,5770
14721,7078
14722,6834
14723,8755
14724,10439
14725,8474
14726,5634
14727,4693
14728,9892
14729,11686
14730,6060
14731,8374
14732,5155
14733,7882
14734,5807
14735,5421
14736,6866
14737,4517
14738,7202
14739,5856
14740,9432
14741,7839
14742,8799
14743,8057
14744,6001
14745,9575
14746,18307
14747,10692
14748,5290
14749,3787
14750,6451
14751,8607
14752,5578
14753,6722
14754,14180
14755,6469
14756,13212
14757,21411
14758,4882
14759,7499
14760,5720
14761,4310
14762,8593
14763,5755
14764,9110
14765,10399
14766,9084
14767,7073
14768,8184
14769,5250
14770,7554
14771,4242
14772,7194
14773,7374
14774,11007
14775,6740
14776,6568
14777,5093
14778,7980
14779,6125
14780,5611
14781,4950
14782,8652
14783,6288
14784,6679
14785,7773
14786,8340
14787,7552
14788,6534
14789,6515
14790,5909
14791,7340
14792,7777
14793,9939
14794,7243
14795,8429
14796,6209
14797,4494
14798,6431
14799,7396
14800,6777
14801,4928
14802,3125
14803,9347
14804,7239
14805,10574
14806,7066
14807,6321
14808,7801
14809,5309
14810,4932
14811,10521
14812,6465
14813,8218
14814,8649
14815,14781
14816,6676
14817,5443
14818,7877
14819,5337
14820,6009
14821,6387
14822,8090
14823,4802
14824,8283
14825,4868
14826,5606
14827,3965
14828,10776
14829,5764
14830,15008
14831,14204
14832,5551
14833,7278
14834,5674
14835,7589
14836,5816
14837,12631
14838,8682
14839,10203
14840,4784
14841,8281
14842,5597
14843,9755
14844,8602
14845,7766
14846,6716
14847,7295
14848,7691
14849,9686
14850,9402
14851,6635
14852,8337
14853,10155
14854,7049
14855,7938
14856,7349
14857,9137
14858,7871
14859,5837
14860,6066
14861,6926
14862,5919
14863,11162
14864,7021
14865,8298
14866,7416
14867,9967
14868,4874
14869,7966
14870,10789
14871,8919
14872,9068
14873,6909
14874,4509
14875,15627
14876,9330
14877,8919
14878,18066
14879,9395
14880,8607
14881,7506
14882,9731
14883,10899
14884,11439
14885,12927
14886,6147
14887,7536
14888,6329
14889,10237
14890,4393
14891,10519
14892,6701
14893,6248
14894,6735
14895,9222
14896,8319
14897,5832
14898,7989
14899,5434
14900,4952
14901,7878
14902,4655
14903,5348
14904,6285
14905,7218
14906,11019
14907,9839
14908,7670
14909,6997
14910,6872
14911,11793
14912,7639
14913,6315
14914,5797
14915,5329
14916,10012
14917,4727
14918,13311
14919,7718
14920,3669
14921,5055
14922,7797
14923,6994
14924,6179
14925,9532
14926,10592
14927,11976
14928,6154
14929,11857
14930,3061
14931,6130
14932,7172
14933,6162
14934,7981
14935,6655
14936,7396
14937,5260
14938,5927
14939,11906
14940,9396
14941,5170
14942,5470
14943,9460
14944,10160
14945,8139
14946,6074
14947,5390
14948,8952
14949,6581
14950,8860
14951,6111
14952,5950
14953,7981
14954,9967
14955,4180
14956,5071
14957,5214
14958,6107
14959,10063
14960,8795
14961,9121
14962,12863
14963,5709
14964,11657
14965,12549
14966,7596
14967,5749
14968,3751
14969,8504
14970,6377
14971,6617
14972,6887
14973,7339
14974,11860
14975,5359
14976,6299
14977,8290
14978,4964
14979,8974
14980,5980
14981,4557
14982,7739
14983,3807
14984,8088
14985,8768
14986,7675
14987,8282
14988,9610
14989,8533
14990,6418
14991,8681
14992,9883
14993,7058
14994,6346
14995,6644
14996,5457
14997,10822
14998,8162
14999,6873
15000,5711
15001,7630
15002,9322
15003,8099
15004,6648
15005,9214
15006,5772
15007,7429
15008,18353
15009,7050
15010,10134
15011,6142
15012,6785
15013,6802
15014,5783
15015,4363
15016,6082
15017,9628
15018,13687
15019,8856
15020,10514
15021,10759
15022,11649
15023,11848
15024,9058
15025,5643
15026,5192
15027,10563
15028,11889
15029,9044
15030,8441
15031,9202
15032,6760
15033,4383
15034,11581
15035,7555
15036,6909
15037,6804
15038,3003
15039,13446
15040,11993
15041,14617
15042,6802
15043,5595
15044,5584
15045,7068
15046,7127
15047,8308
15048,7589
15049,5380
15050,5637
15051,7570
15052,4127
15053,3721
15054,6467
15055,14547
15056,7852
15057,19380
15058,4816
15059,6262
15060,7338
15061,6583
15062,5271
15063,5818
15064,4774
15065,4340
15066,9495
15067,7494
15068,4492
15069,10060
15070,6289
15071,7413
15072,4888
15073,10411
15074,8233
15075,9958
15076,5640
15077,7433
15078,4886
15079,5422
15080,5403
15081,15089
15082,11342
15083,7198
15084,5736
15085,5692
15086,6863
15087,4592
15088,9168
15089,4631
15090,15411
15091,4685
15092,5539
15093,6011
15094,10906
15095,8107
15096,5286
15097,7041
15098,7614
15099,7892
15100,8341
15101,6350
15102,4787
15103,10165
15104,5273
15105,4389
15106,6280
15107,7326
15108,6173
15109,6626
15110,9212
15111,9141
15112,7435
15113,7878
15114,4755
15115,9396
15116,6384
15117,5055
15118,7695
15119,7362
15120,6572
15121,10058
15122,7193
15123,7172
15124,7540
15125,6769
15126,6011
15127,8116
15128,8497
15129,7528
15130,6884
15131,7225
15132,9769
15133,7242
15134,5013
15135,12841
15136,5961
15137,3450
15138,8552
15139,10758
15140,10720
15141,5553
15142,6911
15143,7371
15144,4526
15145,6834
15146,7820
15147,7748
15148,6407
15149,7202
15150,9719
15151,3739
15152,6608
15153,6284
15154,5680
15155,5705
15156,7441
15157,9242
15158,6031
15159,5912
15160,8553
15161,7734
15162,9554
15163,9671
15164,5582
15165,7212
15166,7666
15167,8528
15168,8397
15169,9110
15170,3765
15171,10322
15172,7654
15173,7738
15174,10911
15175,5089
15176,4327
15177,12807
15178,8968
15179,9367
15180,6295
15181,6905
15182,9570
15183,4213
15184,7646
15185,5731
15186,8775
15187,6613
15188,7066
15189,9321
15190,6149
15191,9660
15192,11893
15193,17953
15194,7831
15195,5094
15196,6644
15197,4753
15198,3596
15199,11676
15200,8366
15201,6524
15202,9606
15203,6396
15204,10871
15205,5341
15206,6527
15207,7071
15208,9711
15209,5720
15210,7271
15211,6340
15212,5891
15213,7957
15214,5556
15215,7896
15216,8304
15217,9596
15218,8435
15219,7176
15220,6412
15221,11729
15222,5174
15223,5820
15224,11783
15225,7694
15226,9776
15227,7606
15228,16600
15229,6446
15230,5917
15231,5535
15232,6483
15233,9262
15234,11980
15235,8009
15236,8578
15237,8413
15238,4463
15239,7968
15240,7767
15241,7682
15242,8840
15243,6061
15244,5421
15245,5644
15246,4011
15247,5440
15248,9026
15249,7637
15250,11674
15251,18466
15252,7414
15253,5192
15254,7730
15255,7941
15256,10251
15257,4711
15258,6873
15259,4693
15260,8900
15261,7366
15262,7090
15263,13826
15264,13494
15265,5505
15266,7473
15267,4624
15268,5918
15269,5554
15270,9722
15271,5141
15272,4954
15273,6138
15274,8309
15275,7066
15276,5208
15277,6055
15278,8093
15279,7772
15280,7545
15281,3620
15282,11340
15283,19165
15284,3846
15285,7976
15286,8909
15287,7947
15288,5301
15289,3514
15290,4733
15291,8260
15292,5391
15293,8031
15294,9449
15295,4996
15296,6036
15297,7724
15298,6755
15299,5490
15300,6577
15301,7456
15302,10556
15303,8350
15304,10698
15305,6385
15306,4251
15307,6817
15308,6146
15309,9947
15310,6979
15311,4806
15312,22587
15313,7528
15314,6429
15315,12581
15316,7692
15317,7863
15318,6714
15319,7834
15320,5362
15321,9675
15322,14521
15323,5963
15324,5818
15325,6816
15326,13166
15327,7321
15328,5990
15329,6781
15330,6210
15331,6489
15332,5089
15333,9440
15334,4396
15335,7168
15336,3304
15337,22375
15338,9712
15339,4436
15340,5642
15341,10864
15342,6457
15343,7486
15344,8747
15345,6755
15346,5892
15347,4681
15348,9725
15349,6116
15350,6899
15351,7705
15352,8164
15353,5327
15354,7977
15355,7386
15356,4208
15357,8533
15358,10051
15359,4912
15360,8093
15361,8152
15362,5479
15363,10401
15364,5761
15365,7373
15366,7551
15367,8726
15368,4094
15369,5424
15370,5929
15371,10647
15372,6502
15373,9855
15374,4476
15375,8618
15376,4463
15377,6610
15378,4721
15379,6817
15380,5905
15381,7464
15382,7428
15383,9964
15384,5188
15385,7239
15386,7335
15387,9139
15388,6840
15389,9867
15390,10070
15391,6993
15392,3820
15393,7672
15394,5629
15395,6937
15396,7415
15397,4629
15398,12121
15399,5918
15400,6532
15401,11564
15402,7134
15403,4901
15404,0
15405,6793
15406,10343
15407,5407
15408,9066
15409,9542
15410,7743
15411,5480
15412,7625
15413,6213
15414,6040
15415,6840
15416,9228
15417,8201
15418,5510
15419,4915
15420,7207
15421,8166
15422,6578
15423,8714
15424,6369
15425,7085
15426,4507
15427,8597
15428,7893
15429,7645
15430,6431
15431,6552
15432,8599
15433,10052
15434,6361
15435,8493
15436,5496
15437,6869
15438,8046
15439,6803
15440,4720
15441,4644
15442,7586
15443,9139
15444,6147
15445,6466
15446,8853
15447,6578
15448,5970
15449,6698
15450,5714
15451,3547
15452,8809
15453,4243
15454,8017
15455,7613
15456,7200
15457,7454
15458,11042
15459,9751
15460,7725
15461,5080
15462,8446
15463,7770
15464,4110
15465,3231
15466,8579
15467,4033
15468,7928
15469,13171
15470,8215
15471,7580
15472,5141
15473,8063
15474,8017
15475,6764
15476,8126
15477,8895
15478,9121
15479,6756
15480,8615
15481,5583
15482,7443
15483,5027
15484,5958
15485,7725
15486,6180
15487,5753
15488,8492
15489,5421
15490,10699
15491,7530
15492,5532
15493,4744
15494,10676
15495,7991
15496,6133
15497,7090
15498,7716
15499,6763
15500,6500
15501,6794
15502,7931
15503,6282
15504,5097
15505,10004
15506,7270
15507,6518
15508,3843
15509,12854
15510,6736
15511,5949
15512,6730
15513,11425
15514,9518
15515,9006
15516,9587
15517,7402
15518,6256
15519,6753
15520,7892
15521,10493
15522,13882
15523,5462
15524,5869
15525,4043
15526,5041
15527,10334
15528,16408
15529,6767
15530,5344
15531,5590
15532,6344
15533,6445
15534,10954
15535,9370
15536,6694
15537,4402
15538,8389
15539,6264
15540,8602
15541,10488
15542,5662
15543,7994
15544,4344
15545,8295
15546,8947
15547,7810
15548,9231
15549,6857
15550,7993
15551,5231
15552,7073
15553,7836
15554,9272
15555,7911
15556,8544
15557,6922
15558,4962
15559,10123
15560,4866
15561,10823
15562,6932
15563,4928
15564,5942
15565,7212
15566,6358
15567,7732
15568,10182
15569,5609
15570,11696
15571,4631
15572,4921
15573,7851
15574,9185
15575,11396
15576,7234
15577,6479
15578,5818
15579,6489
15580,7943
15581,6526
15582,7328
15583,5656
15584,11177
15585,6772
15586,9339
15587,12702
15588,9111
15589,5265
15590,5016
15591,6596
15592,11622
15593,5950
15594,8553
15595,5591
15596,10912
15597,6764
15598,6248
15599,6071
15600,5558
15601,5424
15602,6708
15603,6436
15604,5394
15605,5263
15606,5005
15607,8998
15608,6863
15609,22877
15610,8035
15611,4459
15612,3136
15613,4619
15614,9569
15615,2194
15616,3201
15617,6884
15618,3569
15619,6555
15620,5199
15621,5818
15622,6303
15623,4509
15624,3566
15625,6236
15626,5662
15627,2900
15628,5293
15629,4633
15630,6555
15631,5601
15632,3715
15633,4735
15634,8033
15635,8123
15636,6102
15637,7441
15638,2341
15639,8008
15640,3588
15641,5369
15642,2556
15643,8443
15644,7441
15645,9663
15646,10020
15647,7283
15648,6456
15649,3385
15650,4724
15651,6348
15652,8321
15653,4649
15654,3667
15655,6274
15656,5186
15657,6175
15658,2508
15659,7797
15660,4468
15661,8610
15662,6774
15663,3510
15664,8779
15665,3160
15666,9639
15667,6755
15668,6961
15669,2652
15670,6154
15671,4830
15672,3869
15673,7601
15674,11236
15675,3219
15676,6484
15677,5993
15678,9013
15679,7680
15680,6043
15681,6588
15682,2549
15683,2435
15684,4543
15685,6118
15686,8939
15687,8018
15688,2459
15689,4508
15690,8864
15691,9074
15692,5793
15693,3154
15694,11023
15695,5387
15696,3664
15697,4464
15698,2490
15699,5207
15700,7233
15701,3787
15702,5784
15703,3168
15704,6320
15705,4304
15706,2009
15707,4628
15708,5407
15709,6114
15710,8846
15711,7332
15712,5501
15713,4354
15714,11156
15715,3412
15716,6274
15717,7957
15718,13177
15719,5621
15720,3199
15721,7172
15722,5930
15723,6734
15724,5047
15725,10425
15726,6039
15727,2166
15728,8188
15729,4811
15730,6408
15731,2341
15732,7842
15733,3948
15734,2751
15735,8800
15736,4687
15737,5398
15738,8326
15739,7984
15740,4596
15741,4559
15742,8028
15743,3757
15744,3170
15745,7434
15746,5112
15747,7717
15748,3582
15749,5076
15750,6863
15751,4561
15752,3114
15753,5632
15754,6512
15755,6431
15756,7597
15757,8096
15758,7695
15759,4450
15760,7507
15761,6046
15762,3367
15763,4087
15764,8154
15765,7431
15766,3290
15767,7154
15768,10038
15769,7118
15770,5145
15771,7078
15772,7816
15773,5879
15774,4998
15775,3135
15776,5801
15777,5755
15778,4860
15779,5454
15780,3421
15781,5938
15782,7270
15783,6167
15784,6966
15785,6198
15786,3098
15787,1639
15788,7439
15789,6161
15790,7150
15791,3864
15792,5982
15793,5221
15794,5684
15795,6012
15796,3981
15797,4230
15798,5128
15799,7077
15800,7465
15801,7664
15802,14901
15803,4121
15804,5199
15805,10521
15806,3893
15807,5627
15808,911
15809,8394
15810,6850
15811,5601
15812,6934
15813,6030
15814,4923
15815,5641
15816,5299
15817,8144
15818,3306
15819,5686
15820,2810
15821,9368
15822,3366
15823,7911
15824,10233
15825,6655
15826,6056
15827,4635
15828,2427
15829,1770
15830,3477
15831,5735
15832,3423
15833,6058
15834,7463
15835,4245
15836,5528
15837,4743
15838,8424
15839,8267
15840,7866
15841,5255
15842,3371
15843,8773
15844,9829
15845,3927
15846,4595
15847,3915
15848,5364
15849,5496
15850,4382
15851,6531
15852,3179
15853,5440
15854,4836
15855,8986
15856,5996
15857,7710
15858,7039
15859,4935
15860,8965
15861,17291
15862,9052
15863,3809
15864,3831
15865,6712
15866,7597
15867,3128
15868,5284
15869,9549
15870,6215
15871,7539
15872,18060
15873,5379
15874,5740
15875,3064
15876,2382
15877,10423
15878,3447
15879,6526
15880,9363
15881,3101
15882,3885
15883,6292
15884,3938
15885,7255
15886,2063
15887,5362
15888,5291
15889,10891
15890,6013
15891,6036
15892,3234
15893,8304
15894,5904
15895,6702
15896,1811
15897,9443
15898,5541
15899,6384
15900,4354
15901,4663
15902,3940
15903,4822
15904,3673
15905,5969
15906,4975
15907,5067
15908,8445
15909,8169
15910,8037
15911,4279
15912,4376
15913,4305
15914,5346
15915,7053
15916,3149
15917,1240
15918,7356
15919,5720
15920,8205
15921,5711
15922,4694
15923,4736
15924,3475
15925,2578
15926,8843
15927,6386
15928,5121
15929,5635
15930,11791
15931,6329
15932,2026
15933,7602
15934,2203
15935,4003
15936,6275
15937,6161
15938,2449
15939,4260
15940,4672
15941,3722
15942,1678
15943,8381
15944,4743
15945,9560
15946,10956
15947,6135
15948,6066
15949,4313
15950,5385
15951,4826
15952,12234
15953,6490
15954,7537
15955,3453
15956,5873
15957,5626
15958,8832
15959,8709
15960,7502
15961,5552
15962,6888
15963,5224
15964,8853
15965,6403
15966,7147
15967,6617
15968,9186
15969,7258
15970,5173
15971,5981
15972,8342
15973,6368
15974,3502
15975,5809
15976,3446
15977,5083
15978,9083
15979,7440
15980,7509
15981,6731
15982,8448
15983,5002
15984,4489
15985,4996
15986,6270
15987,6565
15988,6733
15989,3372
15990,12850
15991,5333
15992,5888
15993,16942
15994,5892
15995,7956
15996,6586
15997,7117
15998,8451
15999,7720
16000,10647
16001,2949
16002,4454
16003,5805
16004,9071
16005,2839
16006,5896
16007,4403
16008,5597
16009,5882
16010,6177
16011,3914
16012,5724
16013,5052
16014,3239
16015,3324
16016,7985
16017,4318
16018,5092
16019,6027
16020,5564
16021,10037
16022,11960
16023,5661
16024,7750
16025,6574
16026,10138
16027,5055
16028,2971
16029,4120
16030,5494
16031,12434
16032,4098
16033,9111
16034,7520
16035,2130
16036,3771
16037,6134
16038,6584
16039,5471
16040,9044
16041,9348
16042,7527
16043,4313
16044,12227
16045,1968
16046,4054
16047,8553
16048,4503
16049,5620
16050,4089
16051,7325
16052,5101
16053,4113
16054,13987
16055,10502
16056,2460
16057,5043
16058,5802
16059,7964
16060,9340
16061,5400
16062,2962
16063,8650
16064,2184
16065,10581
16066,4637
16067,5894
16068,9656
16069,6053
16070,1651
16071,5103
16072,2398
16073,3925
16074,11002
16075,8066
16076,4352
16077,12576
16078,7107
16079,10600
16080,11675
16081,7369
16082,4429
16083,2146
16084,5161
16085,6637
16086,2853
16087,6229
16088,4754
16089,7604
16090,2538
16091,5876
16092,8321
16093,1898
16094,9462
16095,6212
16096,2820
16097,7364
16098,3320
16099,3398
16100,9757
16101,7385
16102,7783
16103,8394
16104,5926
16105,5310
16106,6844
16107,7108
16108,8215
16109,6208
16110,7124
16111,4059
16112,9306
16113,6787
16114,6357
16115,4265
16116,5001
16117,8672
16118,6355
16119,4351
16120,5120
16121,5441
16122,5349
16123,15891
16124,5661
16125,10155
16126,4702
16127,4004
16128,6700
16129,5922
16130,3287
16131,5086
16132,9244
16133,14269
16134,7178
16135,9811
16136,7246
16137,10925
16138,8662
16139,7539
16140,6112
16141,4318
16142,10247
16143,8134
16144,7936
16145,5402
16146,5657
16147,5488
16148,2677
16149,12277
16150,7303
16151,5988
16152,5457
16153,1527
16154,9195
16155,8347
16156,12356
16157,6144
16158,4343
16159,3802
16160,7101
16161,5510
16162,4623
16163,11153
16164,4283
16165,4469
16166,5575
16167,3499
16168,2619
16169,2615
16170,15101
16171,5127
16172,13531
16173,4379
16174,6228
16175,5132
16176,4349
16177,3343
16178,6325
16179,3569
16180,2867
16181,10522
16182,6334
16183,2741
16184,8931
16185,2815
16186,6056
16187,3648
16188,9981
16189,7574
16190,8719
16191,2533
16192,5279
16193,2986
16194,4929
16195,3853
16196,15935
16197,12263
16198,5295
16199,3107
16200,6184
16201,4782
16202,2547
16203,7318
16204,2543
16205,13582
16206,4293
16207,5165
16208,5738
16209,11268
16210,7144
16211,5287
16212,5248
16213,6411
16214,6987
16215,7444
16216,4271
16217,1502
16218,5109
16219,3033
16220,2966
16221,6070
16222,7231
16223,6184
16224,5561
16225,8471
16226,5671
16227,3488
16228,7984
16229,2405
16230,10153
16231,5089
16232,2796
16233,4824
16234,4269
16235,4727
16236,7344
16237,7224
16238,4093
16239,5974
16240,2755
16241,4960
16242,8340
16243,9528
16244,3867
16245,2248
16246,5229
16247,7657
16248,6424
16249,2569
16250,11473
16251,3978
16252,3256
16253,5764
16254,10743
16255,9675
16256,4615
16257,4682
16258,6219
16259,1640
16260,7142
16261,6873
16262,5189
16263,4532
16264,3237
16265,8981
16266,3380
16267,5107
16268,4074
16269,3691
16270,3075
16271,7567
16272,6862
16273,5676
16274,3994
16275,5430
16276,7887
16277,7827
16278,7618
16279,5031
16280,5596
16281,6368
16282,8256
16283,7467
16284,5591
16285,2066
16286,6547
16287,6321
16288,6294
16289,7863
16290,5887
16291,3022
16292,7859
16293,5514
16294,10503
16295,2916
16296,2827
16297,9389
16298,1745
16299,5594
16300,4335
16301,8360
16302,3886
16303,4812
16304,9769
16305,2844
16306,6643
16307,10303
16308,15835
16309,6973
16310,2467
16311,5713
16312,3528
16313,2219
16314,8036
16315,5124
16316,6520
16317,5437
16318,5406
16319,6453
16320,5032
16321,5357
16322,4963
16323,9503
16324,5637
16325,2569
16326,6375
16327,4199
16328,5825
16329,5811
16330,6163
16331,7746
16332,8162
16333,8458
16334,5931
16335,5309
16336,6442
16337,3066
16338,6023
16339,9136
16340,6739
16341,6979
16342,7119
16343,14376
16344,3376
16345,3534
16346,5087
16347,4313
16348,8507
16349,11096
16350,8237
16351,7474
16352,7611
16353,2070
16354,8148
16355,3580
16356,7129
16357,6500
16358,5362
16359,2214
16360,5232
16361,3289
16362,3340
16363,7126
16364,4927
16365,9109
16366,18100
16367,5859
16368,3194
16369,4738
16370,8513
16371,6970
16372,4676
16373,5748
16374,2175
16375,6795
16376,7134
16377,3481
16378,11059
16379,11661
16380,3288
16381,5727
16382,3851
16383,4080
16384,4055
16385,9449
16386,3973
16387,4575
16388,4791
16389,2873
16390,2931
16391,2450
16392,5933
16393,6248
16394,5055
16395,7745
16396,1206
16397,7894
16398,15903
16399,3297
16400,8395
16401,7212
16402,4883
16403,4202
16404,2577
16405,4189
16406,4714
16407,5103
16408,3163
16409,8979
16410,4458
16411,4161
16412,6396
16413,5386
16414,6277
16415,5021
16416,6253
16417,10769
16418,4941
16419,6915
16420,6197
16421,3826
16422,3344
16423,4740
16424,6255
16425,6507
16426,3367
16427,13372
16428,5676
16429,5018
16430,12495
16431,5078
16432,7207
16433,4553
16434,5611
16435,5198
16436,6721
16437,16799
16438,3126
16439,5265
16440,3865
16441,9501
16442,7216
16443,5111
16444,3897
16445,4153
16446,2747
16447,2221
16448,7029
16449,2288
16450,4068
16451,1397
16452,21588
16453,8925
16454,2254
16455,5235
16456,6352
16457,6610
16458,5696
16459,8040
16460,6057
16461,6014
16462,2979
16463,8015
16464,6112
16465,4312
16466,6177
16467,9497
16468,4738
16469,8174
16470,6744
16471,3434
16472,6073
16473,7009
16474,2952
16475,8757
16476,7271
16477,4900
16478,10432
16479,3954
16480,5218
16481,9230
16482,6684
16483,2486
16484,4869
16485,3841
16486,3728
16487,5370
16488,6328
16489,3555
16490,6258
16491,2471
16492,5657
16493,2975
16494,5736
16495,5503
16496,4903
16497,6096
16498,9176
16499,2827
16500,6188
16501,7052
16502,3625
16503,6089
16504,5722
16505,9260
16506,6644
16507,3730
16508,2326
16509,2304
16510,6004
16511,5190
16512,4659
16513,12272
16514,5772
16515,5518
16516,9310
16517,6390
16518,2275
16519,0
16520,4676
16521,8170
16522,5961
16523,7492
16524,6384
16525,8520
16526,5261
16527,4238
16528,2937
16529,3607
16530,6164
16531,4587
16532,8241
16533,4894
16534,2839
16535,7683
16536,7262
16537,4627
16538,7460
16539,4824
16540,7046
16541,3596
16542,5178
16543,4134
16544,5154
16545,3667
16546,5957
16547,8213
16548,8173
16549,6548
16550,6117
16551,4295
16552,6608
16553,7249
16554,7114
16555,2827
16556,3000
16557,8893
16558,6530
16559,3164
16560,4151
16561,7851
16562,6705
16563,2666
16564,6142
16565,5006
16566,1880
16567,5321
16568,2970
16569,4372
16570,6524
16571,6156
16572,5187
16573,4270
16574,8903
16575,6405
16576,3643
16577,5568
16578,5771
16579,3157
16580,1267
16581,6567
16582,1503
16583,6242
16584,10732
16585,5992
16586,4682
16587,3411
16588,5601
16589,5659
16590,4973
16591,6073
16592,6241
16593,8231
16594,6228
16595,8739
16596,4033
16597,4037
16598,4530
16599,3733
16600,5607
16601,6476
16602,3520
16603,5778
16604,2812
16605,7884
16606,4865
16607,4576
16608,3954
16609,6049
16610,7657
16611,3453
16612,6975
16613,4473
16614,5623
16615,5377
16616,6166
16617,7734
16618,4710
16619,4048
16620,9987
16621,6536
16622,7046
16623,2025
16624,4822
16625,5322
16626,4061
16627,4759
16628,10601
16629,8835
16630,9360
16631,9887
16632,6507
16633,5687
16634,6056
16635,6226
16636,7533
16637,11071
16638,3632
16639,2006
16640,1515
16641,4123
16642,5806
16643,10636
16644,2520
16645,2029
16646,5392
16647,5611
16648,6015
16649,11291
16650,7093
16651,6326
16652,2783
16653,7759
16654,6317
16655,7149
16656,7348
16657,3403
16658,6759
16659,3345
16660,7122
16661,6201
16662,5196
16663,6483
16664,4263
16665,6547
16666,5146
16667,7059
16668,4650
16669,8351
16670,5447
16671,8872
16672,5511
16673,3706
16674,8272
16675,3043
16676,10231
16677,5840
16678,4956
16679,3431
16680,6918
16681,4654
16682,4508
16683,7423
16684,4453
16685,12475
16686,3473
16687,3067
16688,6401
16689,6564
16690,10985
16691,2850
16692,4793
16693,6569
16694,6124
16695,4966
16696,3786
16697,6284
16698,3507
16699,10786
16700,3039
16701,7069
16702,13437
16703,7283
16704,6458
16705,3493
16706,5238
16707,8010
16708,2720
16709,7643
16710,3109
16711,8691
16712,6817
16713,6018
16714,6281
16715,4939
16716,3042
16717,5452
16718,2292
16719,3909
16720,3255
16721,2825
16722,7319
16723,5937
16724,21758
16725,8225
16726,0
16727,0
16728,0
16729,0
16730,0
16731,0
16732,0
16733,0
16734,0
16735,0
16736,0
16737,0
16738,0
16739,0
16740,0
16741,0
16742,0
16743,0
16744,0
16745,0
16746,0
16747,0
16748,0
16749,0
16750,0
16751,0
16752,0
16753,0
16754,0
16755,0
16756,0
16757,0
16758,0
16759,0
16760,0
16761,0
16762,0
16763,0
16764,0
16765,0
16766,0
16767,0
16768,0
16769,0
16770,0
16771,0
16772,0
16773,0
16774,0
16775,0
16776,0
16777,0
16778,0
16779,0
16780,0
16781,0
16782,0
16783,0
16784,0
16785,0
16786,0
16787,0
16788,0
16789,0
16790,0
16791,0
16792,0
16793,0
16794,0
16795,0
16796,0
16797,0
16798,0
16799,0
16800,0
16801,0
16802,0
16803,0
16804,0
16805,0
16806,0
16807,0
16808,0
16809,0
16810,12039
16811,0
16812,0
16813,0
16814,0
16815,0
16816,0
16817,0
16818,0
16819,0
16820,0
16821,0
16822,0
16823,0
16824,0
16825,0
16826,0
16827,0
16828,0
16829,0
16830,0
16831,0
16832,0
16833,0
16834,0
16835,0
16836,0
16837,0
16838,0
16839,0
16840,0
16841,0
16842,0
16843,0
16844,0
16845,0
16846,0
16847,3435
16848,0
16849,0
16850,0
16851,0
16852,0
16853,0
16854,0
16855,0
16856,0
16857,0
16858,0
16859,0
16860,0
16861,0
16862,0
16863,0
16864,0
16865,0
16866,0
16867,0
16868,0
16869,0
16870,0
16871,0
16872,0
16873,0
16874,0
16875,0
16876,0
16877,0
16878,0
16879,0
16880,0
16881,0
16882,0
16883,0
16884,0
16885,0
16886,0
16887,0
16888,0
16889,0
16890,0
16891,0
16892,0
16893,0
16894,0
16895,0
16896,0
16897,0
16898,0
16899,0
16900,0
16901,0
16902,0
16903,0
16904,0
16905,0
16906,0
16907,0
16908,0
16909,0
16910,0
16911,0
16912,0
16913,0
16914,0
16915,0
16916,0
16917,0
16918,0
16919,0
16920,0
16921,0
16922,0
16923,0
16924,0
16925,0
16926,0
16927,0
16928,0
16929,0
16930,0
16931,0
16932,0
16933,0
16934,2454
16935,0
16936,0
16937,0
16938,0
16939,0
16940,0
16941,0
16942,0
16943,0
16944,0
16945,0
16946,0
16947,0
16948,0
16949,0
16950,0
16951,0
16952,0
16953,0
16954,0
16955,0
16956,0
16957,0
16958,0
16959,0
16960,0
16961,0
16962,0
16963,0
16964,0
16965,0
16966,0
16967,0
16968,0
16969,0
16970,0
16971,0
16972,0
16973,0
16974,0
16975,0
16976,0
16977,0
16978,0
16979,0
16980,0
16981,0
16982,0
16983,0
16984,17592
16985,0
16986,0
16987,28832
16988,0
16989,0
16990,0
16991,0
16992,0
16993,0
16994,0
16995,0
16996,0
16997,0
16998,0
16999,7584
17000,0
17001,0
17002,0
17003,0
17004,0
17005,0
17006,0
17007,0
17008,0
17009,0
17010,0
17011,0
17012,0
17013,0
17014,0
17015,0
17016,0
17017,0
17018,0
17019,0
17020,0
17021,0
17022,0
17023,0
17024,4154
17025,0
17026,0
17027,0
17028,0
17029,0
17030,0
17031,0
17032,0
17033,0
17034,0
17035,2838
17036,0
17037,0
17038,0
17039,0
17040,0
17041,0
17042,0
17043,0
17044,0
17045,0
17046,0
17047,0
17048,0
17049,0
17050,0
17051,0
17052,0
17053,0
17054,0
17055,0
17056,0
17057,0
17058,0
17059,0
17060,8842
17061,0
17062,0
17063,0
17064,0
17065,0
17066,0
17067,0
17068,0
17069,0
17070,0
17071,0
17072,0
17073,0
17074,0
17075,0
17076,0
17077,0
17078,9204
17079,0
17080,0
17081,0
17082,0
17083,0
17084,0
17085,0
17086,0
17087,0
17088,0
17089,0
17090,0
17091,0
17092,0
17093,0
17094,0
17095,0
17096,0
17097,0
17098,0
17099,0
17100,0
17101,0
17102,0
17103,0
17104,0
17105,0
17106,0
17107,0
17108,0
17109,0
17110,0
17111,0
17112,0
17113,0
17114,0
17115,0
17116,0
17117,0
17118,0
17119,0
17120,0
17121,0
17122,0
17123,0
17124,0
17125,0
17126,0
17127,0
17128,0
17129,0
17130,0
17131,0
17132,0
17133,0
17134,0
17135,0
17136,0
17137,0
17138,0
17139,0
17140,0
17141,0
17142,0
17143,0
17144,0
17145,0
17146,0
17147,0
17148,15174
17149,0
17150,0
17151,0
17152,0
17153,0
17154,0
17155,0
17156,0
17157,0
17158,1752
17159,0
17160,0
17161,0
17162,0
17163,0
17164,0
17165,0
17166,0
17167,0
17168,0
17169,0
17170,0
17171,0
17172,0
17173,0
17174,0
17175,0
17176,0
17177,0
17178,4686
17179,0
17180,0
17181,0
17182,0
17183,0
17184,0
17185,0
17186,0
17187,0
17188,0
17189,0
17190,0
17191,0
17192,0
17193,0
17194,0
17195,0
17196,0
17197,0
17198,0
17199,0
17200,0
17201,0
17202,0
17203,0
17204,0
17205,0
17206,0
17207,0
17208,0
17209,0
17210,0
17211,0
17212,0
17213,0
17214,0
17215,0
17216,0
17217,0
17218,0
17219,7712
17220,0
17221,0
17222,0
17223,0
17224,0
17225,0
17226,0
17227,0
17228,0
17229,0
17230,0
17231,0
17232,0
17233,0
17234,0
17235,0
17236,0
17237,7922
17238,0
17239,0
17240,0
17241,0
17242,0
17243,0
17244,0
17245,0
17246,0
17247,0
17248,0
17249,2089
17250,0
17251,0
17252,0
17253,0
17254,0
17255,4449
17256,0
17257,0
17258,0
17259,0
17260,0
17261,0
17262,0
17263,0
17264,0
17265,0
17266,0
17267,0
17268,0
17269,0
17270,0
17271,0
17272,0
17273,0
17274,0
17275,0
17276,0
17277,0
17278,0
17279,0
17280,0
17281,0
17282,0
17283,0
17284,0
17285,0
17286,0
17287,18888
17288,0
17289,0
17290,0
17291,0
17292,0
17293,0
17294,0
17295,0
17296,0
17297,0
17298,0
17299,0
17300,0
17301,0
17302,0
17303,5856
17304,0
17305,0
17306,0
17307,0
17308,0
17309,0
17310,0
17311,0
17312,0
17313,0
17314,0
17315,0
17316,0
17317,0
17318,0
17319,0
17320,0
17321,0
17322,0
17323,0
17324,0
17325,0
17326,0
17327,0
17328,0
17329,0
17330,0
17331,0
17332,0
17333,0
17334,0
17335,0
17336,0
17337,0
17338,0
17339,0
17340,0
17341,0
17342,0
17343,0
17344,0
17345,0
17346,0
17347,0
17348,0
17349,0
17350,0
17351,0
17352,0
17353,0
17354,0
17355,0
17356,0
17357,0
17358,0
17359,0
17360,0
17361,0
17362,0
17363,0
17364,0
17365,0
17366,0
17367,0
17368,0
17369,0
17370,0
17371,0
17372,0
17373,0
17374,0
17375,0
17376,0
17377,0
17378,0
17379,0
17380,0
17381,0
17382,0
17383,0
17384,0
17385,0
17386,0
17387,0
17388,0
17389,0
17390,0
17391,0
17392,0
17393,0
17394,0
17395,0
17396,0
17397,0
17398,0
17399,0
17400,0
17401,13670
17402,0
17403,0
17404,0
17405,0
17406,0
17407,7321
17408,0
17409,0
17410,0
17411,0
17412,0
17413,0
17414,0
17415,0
17416,0
17417,0
17418,0
17419,0
17420,0
17421,0
17422,0
17423,0
17424,0
17425,0
17426,0
17427,0
17428,0
17429,0
17430,0
17431,0
17432,0
17433,0
17434,0
17435,0
17436,0
17437,0
17438,0
17439,0
17440,0
17441,0
17442,0
17443,0
17444,0
17445,0
17446,0
17447,0
17448,0
17449,0
17450,0
17451,0
17452,0
17453,0
17454,0
17455,0
17456,0
17457,3141
17458,17211
17459,0
17460,0
17461,0
17462,0
17463,0
17464,0
17465,0
17466,0
17467,0
17468,0
17469,0
17470,0
17471,0
17472,0
17473,0
17474,0
17475,0
17476,0
17477,0
17478,0
17479,0
17480,0
17481,0
17482,0
17483,0
17484,0
17485,0
17486,0
17487,0
17488,0
17489,0
17490,0
17491,0
17492,0
17493,0
17494,12730
17495,0
17496,0
17497,0
17498,0
17499,0
17500,0
17501,0
17502,0
17503,0
17504,0
17505,0
17506,0
17507,0
17508,0
17509,0
17510,0
17511,0
17512,0
17513,0
17514,0
17515,0
17516,0
17517,0
17518,0
17519,0
17520,0
17521,0
17522,0
17523,0
17524,0
17525,0
17526,0
17527,0
17528,0
17529,0
17530,0
17531,0
17532,0
17533,0
17534,0
17535,0
17536,0
17537,0
17538,0
17539,0
17540,0
17541,0
17542,0
17543,0
17544,0
17545,0
17546,0
17547,0
17548,0
17549,0
17550,0
17551,0
17552,0
17553,0
17554,0
17555,0
17556,0
17557,0
17558,0
17559,0
17560,0
17561,0
17562,0
17563,0
17564,0
17565,0
17566,0
17567,0
17568,0
17569,0
17570,0
17571,0
17572,0
17573,0
17574,0
17575,0
17576,0
17577,0
17578,0
17579,0
17580,0
17581,0
17582,0
17583,0
17584,0
17585,0
17586,0
17587,0
17588,2857
17589,0
17590,0
17591,0
17592,2091
17593,0
17594,0
17595,0
17596,0
17597,0
17598,0
17599,0
17600,0
17601,0
17602,3027
17603,0
17604,0
17605,0
17606,0
17607,0
17608,0
17609,0
17610,0
17611,0
17612,0
17613,0
17614,0
17615,0
17616,0
17617,0
17618,0
17619,0
17620,0
17621,0
17622,0
17623,0
17624,0
17625,0
17626,0
17627,0
17628,0
17629,0
17630,0
17631,0
17632,0
17633,0
17634,0
17635,0
17636,0
17637,0
17638,0
17639,0
17640,0
17641,0
17642,0
17643,0
17644,0
17645,0
17646,0
17647,0
17648,0
17649,0
17650,0
17651,0
17652,0
17653,0
17654,0
17655,0
17656,2450
17657,0
17658,0
17659,0
17660,0
17661,0
17662,0
17663,0
17664,0
17665,0
17666,0
17667,0
17668,0
17669,0
17670,0
17671,0
17672,0
17673,11878
17674,0
17675,0
17676,0
17677,0
17678,0
17679,0
17680,0
17681,0
17682,0
17683,0
17684,0
17685,0
17686,0
17687,0
17688,0
17689,0
17690,0
17691,0
17692,0
17693,0
17694,0
17695,0
17696,0
17697,0
17698,0
17699,0
17700,0
17701,0
17702,0
17703,0
17704,0
17705,0
17706,0
17707,0
17708,0
17709,0
17710,0
17711,0
17712,0
17713,0
17714,0
17715,0
17716,0
17717,0
17718,0
17719,0
17720,0
17721,0
17722,0
17723,0
17724,0
17725,0
17726,0
17727,0
17728,0
17729,0
17730,0
17731,0
17732,0
17733,0
17734,0
17735,0
17736,0
17737,0
17738,0
17739,0
17740,0
17741,0
17742,0
17743,0
17744,0
17745,0
17746,0
17747,0
17748,0
17749,0
17750,0
17751,0
17752,0
17753,0
17754,0
17755,0
17756,0
17757,0
17758,0
17759,0
17760,0
17761,0
17762,0
17763,0
17764,0
17765,0
17766,0
17767,0
17768,0
17769,0
17770,3915
17771,0
17772,0
17773,0
17774,0
17775,0
17776,0
17777,0
17778,0
17779,0
17780,0
17781,0
17782,0
17783,0
17784,0
17785,0
17786,0
17787,0
17788,0
17789,0
17790,0
17791,0
17792,0
17793,0
17794,0
17795,0
17796,0
17797,0
17798,0
17799,0
17800,0
17801,0
17802,0
17803,0
17804,0
17805,0
17806,5330
17807,0
17808,0
17809,0
17810,0
17811,0
17812,0
17813,0
17814,0
17815,0
17816,0
17817,0
17818,0
17819,0
17820,0
17821,0
17822,13774
17823,0
17824,5002
17825,0
17826,0
17827,0
17828,0
17829,0
17830,0
17831,0
17832,0
17833,0
17834,0
17835,0
17836,0
17837,0
17838,0
17839,0
17840,0
17841,4012
17842,4745
17843,6512
17844,9193
17845,4712
17846,4745
17847,8794
17848,5925
17849,7075
17850,5818
17851,7417
17852,6748
17853,3749
17854,5412
17855,6189
17856,8008
17857,6098
17858,7030
17859,6313
17860,9068
17861,4608
17862,4222
17863,4776
17864,8835
17865,10763
17866,5988
17867,8466
17868,4465
17869,7247
17870,3683
17871,5011
17872,3870
17873,7824
17874,8116
17875,9943
17876,9742
17877,5692
17878,4876
17879,4590
17880,4298
17881,5474
17882,9339
17883,5915
17884,4978
17885,4790
17886,4324
17887,7291
17888,3429
17889,6754
17890,3709
17891,6327
17892,5482
17893,4939
17894,6946
17895,5100
17896,7347
17897,9126
17898,6053
17899,5786
17900,8571
17901,4671
17902,6836
17903,5791
17904,9384
17905,4841
17906,5921
17907,7303
17908,7090
17909,8286
17910,5828
17911,8112
17912,4051
17913,4826
17914,5697
17915,5802
17916,8793
17917,6887
17918,3414
17919,5207
17920,6854
17921,6854
17922,8189
17923,3799
17924,12771
17925,6844
17926,4181
17927,6555
17928,6095
17929,6412
17930,8011
17931,3967
17932,5501
17933,5513
17934,6828
17935,7220
17936,5323
17937,6732
17938,4992
17939,5080
17940,7938
17941,7268
17942,6204
17943,5018
17944,10570
17945,5110
17946,9159
17947,7330
17948,12033
17949,6439
17950,4665
17951,5682
17952,6313
17953,5541
17954,4722
17955,7304
17956,7491
17957,3567
17958,7486
17959,5941
17960,6782
17961,4674
17962,8090
17963,8380
17964,4599
17965,12288
17966,4970
17967,4302
17968,7268
17969,8179
17970,5446
17971,4565
17972,6840
17973,5951
17974,5208
17975,5784
17976,4712
17977,8066
17978,7706
17979,6281
17980,7394
17981,4944
17982,4481
17983,5568
17984,6343
17985,7028
17986,7199
17987,7324
17988,9156
17989,5280
17990,7617
17991,7180
17992,5180
17993,5520
17994,8268
17995,5944
17996,6243
17997,9353
17998,7084
17999,6804
18000,4986
18001,7193
18002,6434
18003,7466
18004,6192
18005,3801
18006,5564
18007,9040
18008,7493
18009,5201
18010,3749
18011,7558
18012,6790
18013,8003
18014,5943
18015,5711
18016,4897
18017,4103
18018,9979
18019,6817
18020,6835
18021,5528
18022,4901
18023,6384
18024,6050
18025,6062
18026,3656
18027,5923
18028,4422
18029,7766
18030,7684
18031,6546
18032,10896
18033,4254
18034,4483
18035,9844
18036,5426
18037,5925
18038,2223
18039,7526
18040,7899
18041,4729
18042,6181
18043,6801
18044,5502
18045,6169
18046,7581
18047,10365
18048,2700
18049,6239
18050,2705
18051,14281
18052,4175
18053,7373
18054,7930
18055,5088
18056,6384
18057,4776
18058,5123
18059,3226
18060,4320
18061,5385
18062,5185
18063,6970
18064,6596
18065,4954
18066,6383
18067,6113
18068,7569
18069,7966
18070,7869
18071,4031
18072,3273
18073,9444
18074,9351
18075,4827
18076,7699
18077,5323
18078,7478
18079,4840
18080,5162
18081,5933
18082,3269
18083,5824
18084,4504
18085,9434
18086,7067
18087,7437
18088,7565
18089,5158
18090,7576
18091,18361
18092,9086
18093,4721
18094,2544
18095,5392
18096,7587
18097,5447
18098,5877
18099,13620
18100,6552
18101,10527
18102,19065
18103,4075
18104,6226
18105,4813
18106,4487
18107,6959
18108,4515
18109,7660
18110,10189
18111,7733
18112,5642
18113,7052
18114,5274
18115,5994
18116,3748
18117,5738
18118,6992
18119,8384
18120,5636
18121,5316
18122,4764
18123,7197
18124,4742
18125,4981
18126,3793
18127,7749
18128,4839
18129,5574
18130,6585
18131,7703
18132,6084
18133,5769
18134,6055
18135,5270
18136,6651
18137,6556
18138,7678
18139,8782
18140,7086
18141,5245
18142,3324
18143,5597
18144,6745
18145,5770
18146,4571
18147,2238
18148,8324
18149,5838
18150,8257
18151,6547
18152,5016
18153,6486
18154,4792
18155,4361
18156,8862
18157,4892
18158,7082
18159,7324
18160,14772
18161,5232
18162,5095
18163,6782
18164,5656
18165,5410
18166,4803
18167,7749
18168,4330
18169,6487
18170,3917
18171,5563
18172,4388
18173,9794
18174,5147
18175,13274
18176,12883
18177,4589
18178,6272
18179,5162
18180,6142
18181,5353
18182,11051
18183,6925
18184,9037
18185,4429
18186,7361
18187,4713
18188,8396
18189,9064
18190,5948
18191,5432
18192,5887
18193,7062
18194,7395
18195,9058
18196,5720
18197,7783
18198,8996
18199,6006
18200,6635
18201,4941
18202,8876
18203,7464
18204,4883
18205,4669
18206,6311
18207,4593
18208,7883
18209,5644
18210,6780
18211,5852
18212,8093
18213,4311
18214,7694
18215,8910
18216,7526
18217,7740
18218,6764
18219,3956
18220,12392
18221,10373
18222,6984
18223,16069
18224,9729
18225,6394
18226,6199
18227,8319
18228,9478
18229,11439
18230,10969
18231,5231
18232,6909
18233,5286
18234,7397
18235,4022
18236,10671
18237,5480
18238,4591
18239,5735
18240,8925
18241,7997
18242,5327
18243,7366
18244,4954
18245,3798
18246,6472
18247,3618
18248,4379
18249,5522
18250,5698
18251,8252
18252,8350
18253,7091
18254,6307
18255,6309
18256,11015
18257,6674
18258,4730
18259,5257
18260,4727
18261,7998
18262,4371
18263,11406
18264,7080
18265,3362
18266,4605
18267,6172
18268,5755
18269,4617
18270,7744
18271,9594
18272,12053
18273,5311
18274,9245
18275,2923
18276,5668
18277,6638
18278,5357
18279,6773
18280,5273
18281,5947
18282,3339
18283,4969
18284,10217
18285,8369
18286,4188
18287,5531
18288,8086
18289,10306
18290,6923
18291,5244
18292,4177
18293,10129
18294,5973
18295,7297
18296,5775
18297,4876
18298,6392
18299,8147
18300,3563
18301,3988
18302,4940
18303,6269
18304,9359
18305,6753
18306,7153
18307,13211
18308,4621
18309,9683
18310,10973
18311,6472
18312,5107
18313,3137
18314,7408
18315,5774
18316,6161
18317,5503
18318,6479
18319,10732
18320,5255
18321,5012
18322,6960
18323,5180
18324,6201
18325,4739
18326,3952
18327,5844
18328,3411
18329,7032
18330,8122
18331,6388
18332,7145
18333,7889
18334,7251
18335,4828
18336,7463
18337,8426
18338,7255
18339,5493
18340,5914
18341,4616
18342,10178
18343,5647
18344,6551
18345,4936
18346,6698
18347,7515
18348,6726
18349,5766
18350,8060
18351,5623
18352,6333
18353,17615
18354,5853
18355,7857
18356,5567
18357,5797
18358,5162
18359,4504
18360,4033
18361,4374
18362,8222
18363,13634
18364,7641
18365,9620
18366,9938
18367,10361
18368,9691
18369,7133
18370,7042
18371,5292
18372,11214
18373,10238
18374,6394
18375,7964
18376,7598
18377,5882
18378,4584
18379,10818
18380,6465
18381,6362
18382,6015
18383,2057
18384,13416
18385,9992
18386,14706
18387,5582
18388,4464
18389,4925
18390,5916
18391,6707
18392,6614
18393,6162
18394,5588
18395,4469
18396,7019
18397,3660
18398,2866
18399,6315
18400,13115
18401,6480
18402,17923
18403,4880
18404,5553
18405,6266
18406,5290
18407,4728
18408,4780
18409,4978
18410,3770
18411,7361
18412,6328
18413,3364
18414,8265
18415,4367
18416,5998
18417,4482
18418,9488
18419,7118
18420,10405
18421,4731
18422,6529
18423,4344
18424,4464
18425,4398
18426,14333
18427,9760
18428,6036
18429,4583
18430,4688
18431,5674
18432,4286
18433,8778
18434,4651
18435,14168
18436,4339
18437,5245
18438,5652
18439,9000
18440,6227
18441,4173
18442,6265
18443,6580
18444,6469
18445,6221
18446,5754
18447,3475
18448,9870
18449,5301
18450,3850
18451,5678
18452,5460
18453,6268
18454,6829
18455,8724
18456,7947
18457,6623
18458,6705
18459,3838
18460,8397
18461,5491
18462,4252
18463,6552
18464,6639
18465,5957
18466,8627
18467,5779
18468,6079
18469,5530
18470,6248
18471,5670
18472,7347
18473,6588
18474,6702
18475,5357
18476,4946
18477,8119
18478,5481
18479,3906
18480,10908
18481,5086
18482,2938
18483,6853
18484,8535
18485,8909
18486,5053
18487,5572
18488,6026
18489,3595
18490,6054
18491,7191
18492,6320
18493,5523
18494,7358
18495,7529
18496,3157
18497,5451
18498,5405
18499,5222
18500,4727
18501,6699
18502,6765
18503,5631
18504,5197
18505,7946
18506,5287
18507,7860
18508,8432
18509,4336
18510,6288
18511,6483
18512,7915
18513,7194
18514,7780
18515,3206
18516,9404
18517,6161
18518,7026
18519,10447
18520,4570
18521,3708
18522,11554
18523,7641
18524,7506
18525,5355
18526,6086
18527,8356
18528,3319
18529,6214
18530,5300
18531,6925
18532,5852
18533,4850
18534,7584
18535,5016
18536,9001
18537,9886
18538,17158
18539,6999
18540,4141
18541,4961
18542,3407
18543,2892
18544,11848
18545,7649
18546,4950
18547,8529
18548,5091
18549,10968
18550,3932
18551,5537
18552,5772
18553,8655
18554,4665
18555,6093
18556,5101
18557,4659
18558,7156
18559,4714
18560,6102
18561,7026
18562,8761
18563,7074
18564,7162
18565,5417
18566,10703
18567,4443
18568,4954
18569,10193
18570,6700
18571,7738
18572,8484
18573,15393
18574,5056
18575,4793
18576,4576
18577,5820
18578,7944
18579,9106
18580,6304
18581,7456
18582,7045
18583,3525
18584,7210
18585,7344
18586,5828
18587,7340
18588,4782
18589,4701
18590,4442
18591,3835
18592,4350
18593,7500
18594,7293
18595,10864
18596,16549
18597,6540
18598,4761
18599,6173
18600,7982
18601,9215
18602,3936
18603,5574
18604,3721
18605,8672
18606,5865
18607,5706
18608,11887
18609,12211
18610,4713
18611,6657
18612,3807
18613,5531
18614,5918
18615,8093
18616,4460
18617,4068
18618,5030
18619,7101
18620,6490
18621,4693
18622,5536
18623,6965
18624,5951
18625,6288
18626,3562
18627,10635
18628,19173
18629,3881
18630,6668
18631,8008
18632,6110
18633,3984
18634,3730
18635,3617
18636,7112
18637,4685
18638,7615
18639,8872
18640,4052
18641,4871
18642,5448
18643,5166
18644,4555
18645,4995
18646,6050
18647,9821
18648,7571
18649,8476
18650,5290
18651,4121
18652,6991
18653,6110
18654,7774
18655,5688
18656,4640
18657,22354
18658,6289
18659,5570
18660,11450
18661,7012
18662,6073
18663,5617
18664,7117
18665,4441
18666,8745
18667,14115
18668,5328
18669,4836
18670,6399
18671,11830
18672,5688
18673,4795
18674,6009
18675,4971
18676,6635
18677,3928
18678,8421
18679,3947
18680,7371
18681,2656
18682,18836
18683,7859
18684,3778
18685,4287
18686,8554
18687,6045
18688,6368
18689,7173
18690,5368
18691,4916
18692,4344
18693,8868
18694,5327
18695,5594
18696,6818
18697,7133
18698,5297
18699,7189
18700,5512
18701,3880
18702,8575
18703,7668
18704,4414
18705,6689
18706,6248
18707,4606
18708,8910
18709,5634
18710,7428
18711,6046
18712,7284
18713,4170
18714,4466
18715,4399
18716,9911
18717,6180
18718,8574
18719,3435
18720,7694
18721,3636
18722,5996
18723,4750
18724,5671
18725,6126
18726,6711
18727,6018
18728,8127
18729,3705
18730,5633
18731,7085
18732,7372
18733,6295
18734,7046
18735,9416
18736,6690
18737,2823
18738,6681
18739,5525
18740,6036
18741,6740
18742,4298
18743,10819
18744,4864
18745,6316
18746,10284
18747,6373
18748,3562
18749,0
18750,5610
18751,9528
18752,5031
18753,6883
18754,9089
18755,5462
18756,5305
18757,6191
18758,5011
18759,5458
18760,5665
18761,10786
18762,6589
18763,5459
18764,4323
18765,5759
18766,6350
18767,6225
18768,6296
18769,5834
18770,6784
18771,4320
18772,7096
18773,8025
18774,6189
18775,5498
18776,6044
18777,6940
18778,9497
18779,5085
18780,7666
18781,5112
18782,5357
18783,6801
18784,6031
18785,4454
18786,4034
18787,6781
18788,8527
18789,5048
18790,5565
18791,7284
18792,5605
18793,5346
18794,5771
18795,4504
18796,3314
18797,8053
18798,4216
18799,7350
18800,5794
18801,5840
18802,5774
18803,10919
18804,8048
18805,6734
18806,4937
18807,7695
18808,8327
18809,3599
18810,3399
18811,7919
18812,3099
18813,7133
18814,12681
18815,7088
18816,6379
18817,4135
18818,7722
18819,6130
18820,5948
18821,7286
18822,7899
18823,7761
18824,5444
18825,7570
18826,4596
18827,6870
18828,4915
18829,5252
18830,5576
18831,5131
18832,5363
18833,7857
18834,4277
18835,9607
18836,6889
18837,4059
18838,4363
18839,8395
18840,6628
18841,5198
18842,6409
18843,5814
18844,4735
18845,6095
18846,6361
18847,5810
18848,5207
18849,4823
18850,7339
18851,6314
18852,5394
18853,3513
18854,10381
18855,5912
18856,4731
18857,7050
18858,10671
18859,7247
18860,7764
18861,9498
18862,6262
18863,5448
18864,5253
18865,7330
18866,7976
18867,11470
18868,4149
18869,6582
18870,3435
18871,4217
18872,9646
18873,14205
18874,6322
18875,4815
18876,4681
18877,6005
18878,5147
18879,9763
18880,7786
18881,5404
18882,3808
18883,7183
18884,5339
18885,9107
18886,8647
18887,4451
18888,6499
18889,3766
18890,6610
18891,7734
18892,6856
18893,7941
18894,5800
18895,6869
18896,4173
18897,5647
18898,6570
18899,7956
18900,6744
18901,7257
18902,5266
18903,4468
18904,9011
18905,4269
18906,10752
18907,5534
18908,4018
18909,6466
18910,5799
18911,6030
18912,6978
18913,9499
18914,4634
18915,12535
18916,4236
18917,4221
18918,6553
18919,7350
18920,10640
18921,7219
18922,6262
18923,5258
18924,6366
18925,6883
18926,4911
18927,5846
18928,4802
18929,9470
18930,6466
18931,7899
18932,11697
18933,8332
18934,4681
18935,4921
18936,5463
18937,10895
18938,6064
18939,8265
18940,4016
18941,9623
18942,6477
18943,5016
18944,4681
18945,4683
18946,5139
18947,4824
18948,5574
18949,4679
18950,4330
18951,4614
18952,7648
18953,6105
18954,21316
18955,5933
18956,3827
18957,4493
18958,6032
18959,8460
18960,4432
18961,4316
18962,8650
18963,5726
18964,6234
18965,5431
18966,6794
18967,6323
18968,3534
18969,4895
18970,5824
18971,7210
18972,5945
18973,6506
18974,5676
18975,8731
18976,4185
18977,3997
18978,4413
18979,8350
18980,9301
18981,5749
18982,7816
18983,4322
18984,6866
18985,3536
18986,4819
18987,3628
18988,6703
18989,7345
18990,9401
18991,8734
18992,5224
18993,4536
18994,3880
18995,4072
18996,5232
18997,8631
18998,5411
18999,4576
19000,4092
19001,4133
19002,6799
19003,3190
19004,6577
19005,3370
19006,5623
19007,5303
19008,4700
19009,6376
19010,4708
19011,6838
19012,8036
19013,5836
19014,5185
19015,8240
19016,4180
19017,5863
19018,5493
19019,8740
19020,4687
19021,5488
19022,6703
19023,6604
19024,8016
19025,5440
19026,7459
19027,3760
19028,4582
19029,5074
19030,5486
19031,8157
19032,6350
19033,3178
19034,4693
19035,6328
19036,6432
19037,7581
19038,3330
19039,11699
19040,5787
19041,3779
19042,5927
19043,6064
19044,5826
19045,6832
19046,3829
19047,4900
19048,5318
19049,6161
19050,6686
19051,5105
19052,6267
19053,4545
19054,4636
19055,7126
19056,6832
19057,5512
19058,4504
19059,9745
19060,4522
19061,8378
19062,6615
19063,10996
19064,5864
19065,4423
19066,5173
19067,5719
19068,5089
19069,4514
19070,6872
19071,6759
19072,3326
19073,6542
19074,5713
19075,5980
19076,4135
19077,7080
19078,7734
19079,4345
19080,11197
19081,4376
19082,3842
19083,6815
19084,7988
19085,4859
19086,3984
19087,6294
19088,5714
19089,4651
19090,5153
19091,4439
19092,7761
19093,7367
19094,5942
19095,6507
19096,4693
19097,3849
19098,5181
19099,6495
19100,6608
19101,6676
19102,6424
19103,8606
19104,4963
19105,7196
19106,6533
19107,4494
19108,5412
19109,7682
19110,5454
19111,6133
19112,8768
19113,6508
19114,6295
19115,4744
19116,6303
19117,5971
19118,6669
19119,5828
19120,3689
19121,5006
19122,9066
19123,6646
19124,4846
19125,3497
19126,6804
19127,6440
19128,6974
19129,5684
19130,5335
19131,4356
19132,3671
19133,8986
19134,5924
19135,6078
19136,5362
19137,4562
19138,5833
19139,5404
19140,5339
19141,3330
19142,5793
19143,3771
19144,7181
19145,7207
19146,6047
19147,10690
19148,3964
19149,4184
19150,8747
19151,4784
19152,5560
19153,2480
19154,6744
19155,6889
19156,4213
19157,5729
19158,6278
19159,5370
19160,5450
19161,6920
19162,9774
19163,2411
19164,6099
19165,2473
19166,13291
19167,4001
19168,7008
19169,7251
19170,4805
19171,5605
19172,4512
19173,4893
19174,2885
19175,4051
19176,5173
19177,4573
19178,6101
19179,6196
19180,4782
19181,5897
19182,5306
19183,7141
19184,7160
19185,6977
19186,3906
19187,3035
19188,8509
19189,8146
19190,4352
19191,7116
19192,4703
19193,6537
19194,4221
19195,4722
19196,5493
19197,2852
19198,5552
19199,4104
19200,8403
19201,6462
19202,6656
19203,6932
19204,4761
19205,6917
19206,17569
19207,8641
19208,4109
19209,2401
19210,5096
19211,6907
19212,4810
19213,5535
19214,11949
19215,5967
19216,9945
19217,17388
19218,3796
19219,5570
19220,4430
19221,4187
19222,6947
19223,4093
19224,6719
19225,9108
19226,7594
19227,5294
19228,6327
19229,4035
19230,5420
19231,3601
19232,5289
19233,6313
19234,7682
19235,5159
19236,4966
19237,4281
19238,6620
19239,4436
19240,4405
19241,3444
19242,7348
19243,4486
19244,5291
19245,5924
19246,7247
19247,5366
19248,5473
19249,5725
19250,5025
19251,6054
19252,5799
19253,6824
19254,7880
19255,6797
19256,4960
19257,3010
19258,5176
19259,6076
19260,5155
19261,4263
19262,2259
19263,7753
19264,5507
19265,8165
19266,5818
19267,4618
19268,5884
19269,4228
19270,4065
19271,8075
19272,4519
19273,6283
19274,6516
19275,13607
19276,5015
19277,5013
19278,6323
19279,5506
19280,4940
19281,4301
19282,6971
19283,3820
19284,5738
19285,3520
19286,4841
19287,3851
19288,9102
19289,4493
19290,13537
19291,12110
19292,4272
19293,5662
19294,4781
19295,5753
19296,4667
19297,10428
19298,6437
19299,8338
19300,4050
19301,6765
19302,4151
19303,8087
19304,8509
19305,5452
19306,4957
19307,5770
19308,6271
19309,6611
19310,8382
19311,5399
19312,6947
19313,7927
19314,5435
19315,5989
19316,4706
19317,7898
19318,6623
19319,4811
19320,4409
19321,5970
19322,4315
19323,7403
19324,5178
19325,6338
19326,5424
19327,7445
19328,4009
19329,7070
19330,8661
19331,6734
19332,7487
19333,6114
19334,3706
19335,12117
19336,9284
19337,6405
19338,14861
19339,9533
19340,5521
19341,5730
19342,7656
19343,8741
19344,10982
19345,9812
19346,4637
19347,6264
19348,4795
19349,6781
19350,3512
19351,10171
19352,5084
19353,4358
19354,5481
19355,8029
19356,7660
19357,5101
19358,6488
19359,4613
19360,3526
19361,5922
19362,3489
19363,3948
19364,5460
19365,5141
19366,7743
19367,7530
19368,6349
19369,5517
19370,5698
19371,10415
19372,5953
19373,4332
19374,4886
19375,4451
19376,7587
19377,4088
19378,10066
19379,6285
19380,2980
19381,4135
19382,5677
19383,5388
19384,4331
19385,7331
19386,8400
19387,11601
19388,5437
19389,8846
19390,2615
19391,5294
19392,5892
19393,4993
19394,6003
19395,4919
19396,5434
19397,3135
19398,4598
19399,9483
19400,7064
19401,3822
19402,5110
19403,7272
19404,9652
19405,6267
19406,4932
19407,3874
19408,9271
19409,5695
19410,6813
19411,5155
19412,4565
19413,5804
19414,7719
19415,3398
19416,3816
19417,4822
19418,5416
19419,8569
19420,6406
19421,6406
19422,12825
19423,4217
19424,9288
19425,9462
19426,5733
19427,4569
19428,2791
19429,7104
19430,5179
19431,5743
19432,5020
19433,6110
19434,10649
19435,4672
19436,4668
19437,6502
19438,5684
19439,5807
19440,4484
19441,3622
19442,5730
19443,3262
19444,6946
19445,7520
19446,5651
19447,7009
19448,7481
19449,7090
19450,4297
19451,6700
19452,8090
19453,6551
19454,5053
19455,5317
19456,4159
19457,8944
19458,5208
19459,5668
19460,4649
19461,5927
19462,6718
19463,6019
19464,5433
19465,7287
19466,5100
19467,5838
19468,15942
19469,5484
19470,7198
19471,5052
19472,5419
19473,4782
19474,4253
19475,3748
19476,4077
19477,7484
19478,12857
19479,7468
19480,8550
19481,9704
19482,9589
19483,8729
19484,6752
19485,5969
19486,4866
19487,9786
19488,9691
19489,5882
19490,7153
19491,7016
19492,5189
19493,4066
19494,9981
19495,6040
19496,5660
19497,5641
19498,2105
19499,12730
19500,8982
19501,13633
19502,5268
19503,4099
19504,4487
19505,5318
19506,6148
19507,5931
19508,5595
19509,5210
19510,3862
19511,6645
19512,3249
19513,2702
19514,5669
19515,12387
19516,5959
19517,16615
19518,4268
19519,5151
19520,5585
19521,5029
19522,4174
19523,4251
19524,4630
19525,3446
19526,6722
19527,5751
19528,3232
19529,7456
19530,4207
19531,5450
19532,4036
19533,8628
19534,6388
19535,9455
19536,4390
19537,5876
19538,3896
19539,4319
19540,4119
19541,13271
19542,8984
19543,5697
19544,4314
19545,4103
19546,5066
19547,3878
19548,8402
19549,4195
19550,13658
19551,4134
19552,4828
19553,5083
19554,7927
19555,5731
19556,3924
19557,5869
19558,6238
19559,5892
19560,6003
19561,5055
19562,3317
19563,9471
19564,4594
19565,3489
19566,5368
19567,5087
19568,5685
19569,6076
19570,7965
19571,7372
19572,6216
19573,6164
19574,3727
19575,7691
19576,4952
19577,3908
19578,6055
19579,5733
19580,5399
19581,7895
19582,5247
19583,5561
19584,5299
19585,5861
19586,5392
19587,6568
19588,6101
19589,6139
19590,5471
19591,4693
19592,7779
19593,5289
19594,3635
19595,9939
19596,4650
19597,2985
19598,6471
19599,7769
19600,8315
19601,4812
19602,5037
19603,5548
19604,3284
19605,5515
19606,6239
19607,5815
19608,4930
19609,6793
19610,6746
19611,3084
19612,4697
19613,5064
19614,4844
19615,4425
19616,6141
19617,6218
19618,5311
19619,4408
19620,7337
19621,4641
19622,7058
19623,7738
19624,4058
19625,5847
19626,6090
19627,7403
19628,6669
19629,6785
19630,3061
19631,8381
19632,5726
19633,6393
19634,8834
19635,4379
19636,3494
19637,11839
19638,6980
19639,6936
19640,5006
19641,5838
19642,7677
19643,3215
19644,5859
19645,4663
19646,6262
19647,5351
19648,4535
19649,7045
19650,4493
19651,7920
19652,9037
19653,15575
19654,6633
19655,4053
19656,4528
19657,3205
19658,2688
19659,10709
19660,6662
19661,4498
19662,7851
19663,4875
19664,10540
19665,3671
19666,5016
19667,5327
19668,7639
19669,4496
19670,5747
19671,4852
19672,4279
19673,6631
19674,4256
19675,5714
19676,6650
19677,8002
19678,6547
19679,6402
19680,5221
19681,10266
19682,4090
19683,4508
19684,9526
19685,6211
19686,7477
19687,7746
19688,14644
19689,4577
19690,4253
19691,4156
19692,5169
19693,7213
19694,8538
19695,5646
19696,7024
19697,6242
19698,3315
19699,6514
19700,6805
19701,5649
19702,7033
19703,4452
19704,4136
19705,4177
19706,3384
19707,3978
19708,6868
19709,6616
19710,10463
19711,15323
19712,5868
19713,4246
19714,5517
19715,7355
19716,8316
19717,3384
19718,5275
19719,3688
19720,8130
19721,5538
19722,5585
19723,10891
19724,11394
19725,4104
19726,6031
19727,3446
19728,4952
19729,5324
19730,7528
19731,4116
19732,3683
19733,4821
19734,7153
19735,6569
19736,4322
19737,5103
19738,6353
19739,5720
19740,5493
19741,3350
19742,9716
19743,17164
19744,3844
19745,6062
19746,7144
19747,5685
19748,3574
19749,3416
19750,3268
19751,6568
19752,4308
19753,7189
19754,7711
19755,3503
19756,4259
19757,5269
19758,5019
19759,4204
19760,4580
19761,5247
19762,8437
19763,7225
19764,7488
19765,4927
19766,3872
19767,6260
19768,5359
19769,7385
19770,5316
19771,4095
19772,21216
19773,5775
19774,5233
19775,10641
19776,6186
19777,5553
19778,5455
19779,6662
19780,4253
19781,7687
19782,12929
19783,4864
19784,4535
19785,6054
19786,11332
19787,5001
19788,4478
19789,5516
19790,4437
19791,5926
19792,3817
19793,7840
19794,3508
19795,6615
19796,2422
19797,17884
19798,7506
19799,3449
19800,3875
19801,8421
19802,5399
19803,5556
19804,6726
19805,5150
19806,4240
19807,4104
19808,8428
19809,5078
19810,5128
19811,6177
19812,6352
19813,4988
19814,6678
19815,5256
19816,3595
19817,7966
19818,8394
19819,4003
19820,5852
19821,5609
19822,4294
19823,8012
19824,5295
19825,7065
19826,5607
19827,6463
19828,3983
19829,3926
19830,4128
19831,10603
19832,6030
19833,7683
19834,3256
19835,6947
19836,3255
19837,5006
19838,4102
19839,5280
19840,5484
19841,6121
19842,5649
19843,7537
19844,3539
19845,5115
19846,5982
19847,6743
19848,6074
19849,6362
19850,8627
19851,6119
19852,2581
19853,6407
19854,5028
19855,5692
19856,6200
19857,4029
19858,9908
19859,4334
19860,5565
19861,9083
19862,5851
19863,3215
19864,0
19865,5307
19866,8630
19867,4851
19868,6477
19869,8875
19870,5081
19871,4805
19872,5686
19873,4907
19874,5002
19875,5365
19876,9525
19877,6144
19878,5207
19879,3976
19880,5841
19881,5713
19882,5242
19883,5594
19884,5567
19885,5739
19886,4066
19887,6908
19888,7346
19889,5814
19890,5075
19891,5396
19892,6503
19893,8690
19894,4489
19895,7323
19896,4693
19897,5123
19898,6276
19899,6050
19900,4108
19901,3766
19902,6104
19903,7449
19904,4488
19905,5003
19906,6631
19907,5192
19908,5275
19909,5010
19910,4114
19911,2979
19912,7215
19913,3887
19914,6684
19915,5533
19916,5447
19917,5546
19918,11037
19919,7146
19920,6117
19921,4345
19922,6834
19923,7563
19924,3510
19925,3113
19926,7781
19927,2876
19928,6562
19929,11985
19930,6458
19931,5652
19932,3741
19933,6923
19934,5502
19935,5380
19936,6492
19937,7409
19938,6896
19939,4968
19940,6563
19941,4155
19942,6214
19943,4541
19944,4991
19945,5123
19946,4481
19947,4560
19948,7175
19949,3806
19950,8788
19951,6419
19952,3457
19953,3879
19954,7953
19955,6324
19956,5288
19957,5882
19958,5364
19959,4267
19960,5513
19961,5845
19962,5454
19963,4745
19964,4487
19965,6747
19966,5450
19967,5037
19968,3087
19969,9520
19970,5388
19971,4252
19972,6567
19973,9806
19974,6580
19975,7002
19976,8714
19977,5792
19978,4838
19979,5020
19980,6665
19981,7603
19982,10498
19983,3954
19984,6071
19985,3279
19986,3795
19987,9314
19988,13025
19989,6242
19990,4583
19991,4334
19992,5229
19993,4750
19994,8550
19995,7062
19996,5297
19997,3503
19998,6703
19999,5128
20000,8361
20001,7894
20002,4030
20003,6216
20004,3572
20005,5817
20006,7207
20007,6139
20008,7377
20009,5534
20010,6524
20011,3855
20012,5327
20013,6032
20014,7713
20015,5909
20016,6589
20017,5009
20018,4074
20019,7995
20020,4003
20021,9871
20022,5265
20023,3813
20024,6170
20025,5466
20026,5701
20027,6205
20028,8632
20029,4229
20030,11247
20031,3638
20032,3906
20033,6195
20034,6833
20035,9391
20036,6935
20037,6170
20038,4867
20039,5710
20040,6298
20041,4654
20042,5675
20043,4465
20044,8571
20045,6287
20046,7179
20047,11104
20048,7732
20049,4152
20050,4608
20051,5000
20052,9905
20053,5138
20054,7611
20055,3928
20056,8725
20057,5805
20058,4846
20059,4355
20060,4056
20061,4819
20062,4667
20063,5296
20064,4398
20065,4064
20066,4037
20067,6913
20068,5688
20069,20404
20070,5337
20071,3631
20072,5095
20073,5841
20074,8173
20075,4503
20076,4287
20077,7872
20078,5364
20079,5644
20080,4846
20081,7102
20082,6243
20083,3561
20084,4568
20085,5818
20086,7035
20087,5618
20088,6573
20089,5251
20090,8346
20091,3910
20092,4022
20093,4330
20094,8044
20095,8495
20096,5429
20097,7295
20098,3965
20099,6380
20100,2982
20101,4863
20102,3533
20103,6130
20104,7139
20105,9069
20106,8445
20107,5239
20108,4254
20109,3728
20110,3593
20111,5199
20112,8434
20113,5238
20114,4475
20115,4115
20116,3990
20117,6833
20118,3080
20119,6381
20120,3291
20121,6101
20122,5271
20123,4563
20124,6368
20125,4609
20126,6694
20127,7796
20128,5723
20129,4853
20130,8507
20131,4175
20132,5103
20133,5511
20134,8543
20135,4557
20136,5220
20137,6522
20138,6660
20139,7618
20140,5246
20141,7107
20142,3541
20143,4127
20144,4730
20145,5335
20146,7865
20147,5860
20148,3184
20149,4450
20150,5978
20151,6269
20152,7555
20153,3165
20154,11341
20155,5760
20156,3510
20157,5691
20158,5553
20159,5682
20160,6396
20161,3651
20162,4671
20163,5068
20164,6004
20165,6446
20166,4812
20167,6183
20168,4464
20169,4799
20170,7220
20171,6680
20172,4988
20173,4236
20174,9468
20175,4430
20176,8522
20177,6211
20178,10951
20179,5565
20180,4220
20181,5135
20182,5437
20183,5074
20184,4508
20185,6823
20186,6323
20187,3089
20188,6287
20189,5367
20190,5875
20191,4003
20192,6992
20193,7724
20194,3920
20195,10584
20196,4161
20197,3918
20198,6599
20199,7459
20200,4612
20201,3729
20202,6311
20203,5081
20204,4360
20205,5119
20206,4368
20207,7464
20208,7093
20209,5697
20210,6298
20211,4443
20212,3513
20213,4976
20214,6656
20215,6238
20216,6453
20217,6374
20218,8178
20219,5032
20220,7019
20221,6299
20222,4446
20223,5225
20224,7262
20225,5684
20226,5757
20227,8103
20228,6700
20229,6038
20230,4572
20231,5787
20232,5910
20233,6443
20234,5640
20235,3602
20236,4495
20237,8669
20238,6417
20239,4644
20240,3278
20241,6406
20242,6244
20243,6790
20244,5495
20245,5233
20246,4104
20247,3535
20248,8768
20249,5294
20250,6104
20251,5249
20252,4314
20253,5359
20254,5166
20255,5552
20256,3300
20257,5090
20258,3837
20259,6872
20260,6927
20261,5844
20262,10398
20263,4175
20264,4086
20265,8146
20266,4625
20267,5475
20268,2184
20269,6570
20270,6365
20271,3984
20272,5562
20273,7103
20274,5087
20275,5116
20276,6219
20277,9399
20278,2323
20279,5740
20280,2481
20281,12293
20282,4273
20283,6763
20284,7075
20285,4762
20286,5307
20287,4358
20288,4589
20289,2628
20290,3554
20291,5083
20292,4426
20293,6372
20294,6006
20295,4536
20296,5429
20297,4958
20298,6991
20299,7246
20300,7001
20301,3898
20302,3198
20303,7963
20304,8016
20305,4173
20306,6871
20307,4654
20308,5873
20309,3993
20310,4609
20311,5200
20312,2874
20313,5439
20314,3930
20315,8017
20316,6314
20317,6377
20318,6816
20319,4538
20320,6717
20321,16124
20322,8183
20323,3701
20324,2368
20325,5036
20326,6307
20327,4430
20328,5429
20329,11665
20330,5824
20331,9694
20332,16996
20333,3731
20334,5266
20335,4242
20336,3953
20337,6758
20338,4481
20339,6234
20340,8865
20341,7194
20342,4985
20343,5961
20344,3790
20345,5230
20346,3354
20347,5063
20348,6233
20349,7774
20350,5048
20351,5066
20352,3999
20353,6470
20354,4170
20355,4240
20356,3191
20357,7092
20358,4571
20359,4984
20360,5604
20361,6850
20362,4917
20363,5273
20364,4876
20365,5121
20366,5615
20367,5631
20368,6995
20369,7166
20370,6118
20371,4869
20372,2899
20373,4999
20374,5608
20375,5038
20376,4073
20377,2023
20378,7298
20379,5345
20380,8022
20381,5387
20382,4386
20383,5422
20384,3965
20385,3937
20386,7358
20387,4611
20388,6604
20389,6714
20390,12571
20391,5222
20392,4432
20393,6065
20394,4885
20395,4461
20396,4332
20397,6755
20398,3570
20399,5478
20400,3283
20401,4565
20402,3537
20403,8592
20404,4375
20405,12916
20406,11191
20407,4126
20408,5266
20409,4418
20410,5614
20411,4176
20412,10060
20413,6287
20414,7522
20415,3903
20416,6506
20417,4271
20418,7749
20419,8109
20420,5377
20421,4555
20422,5618
20423,6004
20424,6336
20425,8022
20426,5320
20427,6700
20428,7844
20429,5349
20430,5889
20431,4919
20432,7415
20433,6430
20434,4420
20435,4269
20436,5503
20437,4223
20438,7172
20439,4977
20440,6184
20441,5251
20442,7210
20443,3950
20444,6762
20445,8091
20446,6387
20447,6460
20448,5590
20449,3481
20450,11926
20451,8729
20452,6520
20453,14076
20454,8241
20455,5686
20456,5532
20457,7071
20458,7919
20459,10181
20460,9702
20461,4034
20462,5747
20463,4495
20464,6696
20465,3215
20466,9089
20467,4624
20468,4359
20469,5321
20470,7710
20471,7339
20472,4999
20473,6092
20474,4570
20475,3245
20476,5673
20477,3416
20478,3977
20479,4712
20480,5170
20481,7794
20482,7340
20483,6240
20484,5306
20485,5424
20486,9900
20487,5508
20488,4000
20489,4782
20490,4415
20491,7258
20492,3904
20493,9753
20494,6267
20495,2790
20496,3854
20497,5629
20498,5490
20499,4397
20500,7346
20501,7602
20502,11078
20503,5198
20504,9199
20505,2475
20506,4856
20507,5909
20508,4834
20509,5895
20510,4691
20511,5329
20512,3153
20513,4558
20514,10152
20515,6626
20516,3418
20517,4867
20518,7015
20519,9021
20520,6388
20521,4657
20522,3580
20523,9625
20524,5733
20525,7364
20526,4670
20527,4515
20528,5646
20529,7323
20530,3114
20531,3907
20532,4280
20533,5155
20534,8670
20535,6180
20536,5912
20537,11392
20538,3994
20539,9168
20540,9031
20541,5612
20542,4355
20543,2535
20544,7163
20545,4734
20546,5613
20547,5033
20548,5831
20549,9617
20550,4405
20551,4399
20552,6216
20553,4257
20554,5827
20555,4562
20556,3268
20557,5587
20558,3098
20559,6490
20560,7273
20561,5471
20562,6513
20563,6860
20564,7119
20565,4315
20566,6400
20567,7343
20568,6268
20569,4980
20570,5534
20571,4633
20572,8549
20573,5498
20574,5481
20575,4379
20576,5771
20577,6679
20578,5567
20579,5111
20580,6989
20581,4835
20582,5680
20583,15017
20584,5345
20585,7067
20586,4522
20587,5174
20588,4878
20589,4182
20590,3624
20591,4004
20592,7370
20593,12390
20594,7186
20595,8434
20596,8625
20597,8967
20598,8471
20599,6425
20600,5944
20601,4657
20602,8992
20603,8873
20604,6165
20605,6481
20606,6196
20607,5291
20608,3703
20609,9646
20610,5995
20611,5200
20612,5395
20613,2116
20614,11682
20615,8592
20616,13033
20617,5151
20618,3995
20619,4286
20620,5185
20621,5696
20622,5837
20623,5756
20624,4905
20625,3927
20626,6173
20627,3248
20628,2498
20629,5285
20630,12281
20631,5801
20632,15940
20633,3852
20634,4928
20635,5300
20636,4569
20637,3999
20638,4183
20639,4348
20640,3188
20641,6435
20642,5609
20643,3246
20644,7318
20645,4085
20646,5463
20647,3777
20648,8311
20649,6243
20650,9138
20651,4073
20652,5384
20653,3867
20654,4025
20655,3899
20656,13387
20657,9114
20658,5467
20659,4018
20660,4089
20661,4965
20662,3525
20663,8055
20664,3841
20665,13288
20666,3931
20667,4370
20668,4868
20669,7977
20670,5905
20671,3858
20672,5451
20673,6034
20674,5913
20675,5725
20676,4946
20677,3128
20678,8667
20679,4479
20680,3170
20681,5171
20682,5037
20683,5550
20684,5768
20685,7404
20686,6575
20687,6085
20688,5929
20689,3608
20690,7665
20691,4462
20692,3762
20693,5536
20694,5575
20695,4903
20696,7836
20697,5159
20698,5335
20699,5336
20700,5341
20701,5151
20702,6319
20703,6107
20704,6158
20705,4932
20706,4742
20707,7562
20708,5387
20709,3448
20710,9331
20711,4261
20712,2919
20713,6102
20714,7720
20715,7581
20716,4434
20717,4665
20718,5405
20719,3371
20720,5368
20721,5629
20722,5561
20723,4511
20724,6280
20725,6291
20726,2860
20727,4321
20728,4876
20729,4522
20730,4231
20731,5792
20732,6114
20733,5169
20734,4515
20735,6737
20736,4768
20737,6988
20738,7903
20739,4181
20740,5529
20741,6005
20742,7291
20743,6454
20744,6762
20745,2853
20746,7997
20747,5684
20748,6088
20749,8997
20750,4234
20751,3341
20752,11475
20753,6964
20754,6860
20755,4682
20756,5477
20757,7266
20758,3061
20759,5584
20760,4247
20761,6080
20762,4804
20763,4336
20764,7059
20765,4238
20766,7977
20767,8860
20768,15212
20769,5908
20770,3752
20771,4398
20772,3162
20773,2452
20774,10168
20775,6223
20776,4590
20777,6960
20778,5022
20779,9919
20780,3743
20781,5118
20782,5051
20783,7777
20784,4589
20785,5891
20786,4749
20787,4016
20788,6224
20789,4086
20790,5911
20791,6515
20792,7732
20793,6006
20794,5903
20795,5006
20796,9999
20797,3754
20798,4373
20799,8545
20800,6199
20801,7276
20802,7367
20803,14044
20804,4158
20805,4543
20806,4213
20807,4599
20808,6946
20809,8803
20810,5669
20811,6487
20812,5965
20813,3336
20814,6419
20815,6978
20816,5506
20817,6749
20818,4295
20819,3839
20820,4159
20821,3128
20822,3788
20823,6516
20824,6370
20825,9622
20826,14319
20827,5857
20828,4266
20829,5322
20830,7290
20831,8117
20832,3271
20833,5247
20834,3468
20835,7440
20836,5528
20837,5065
20838,10767
20839,11157
20840,3961
20841,5808
20842,3473
20843,4835
20844,5053
20845,7576
20846,3874
20847,3609
20848,4574
20849,6478
20850,5794
20851,4107
20852,4957
20853,6165
20854,5244
20855,5232
20856,3099
20857,9696
20858,16885
20859,3573
20860,5788
20861,6529
20862,5631
20863,3418
20864,3281
20865,3158
20866,6038
20867,4207
20868,6707
20869,7411
20870,3508
20871,4226
20872,5124
20873,4687
20874,4252
20875,4681
20876,5385
20877,8246
20878,6843
20879,7447
20880,4815
20881,3575
20882,5967
20883,5083
20884,6674
20885,5284
20886,3724
20887,19853
20888,5355
20889,5042
20890,10615
20891,6000
20892,5384
20893,5155
20894,6492
20895,4111
20896,7340
20897,12537
20898,4594
20899,4288
20900,6108
20901,10228
20902,4798
20903,4215
20904,5286
20905,4096
20906,5816
20907,3615
20908,7652
20909,3446
20910,6203
20911,2461
20912,17636
20913,7415
20914,3378
20915,3997
20916,7348
20917,5103
20918,5637
20919,6604
20920,5024
20921,4389
20922,3818
20923,7957
20924,5145
20925,4887
20926,5803
20927,6264
20928,4571
20929,6492
20930,5045
20931,3455
20932,7457
20933,7566
20934,3857
20935,5814
20936,5372
20937,4337
20938,7759
20939,4937
20940,6688
20941,5374
20942,6123
20943,3838
20944,3878
20945,3992
20946,9256
20947,6177
20948,7654
20949,3291
20950,6779
20951,3123
20952,4678
20953,3748
20954,5202
20955,5112
20956,5684
20957,5543
20958,7438
20959,3534
20960,5214
20961,5486
20962,6487
20963,5932
20964,6212
20965,8158
20966,5927
20967,2610
20968,5768
20969,4617
20970,5412
20971,5964
20972,3927
20973,9837
20974,4414
20975,5179
20976,8361
20977,5142
20978,3135
20979,0
20980,5200
20981,8740
20982,4808
20983,6078
20984,7763
20985,5091
20986,4038
20987,5240
20988,4626
20989,4707
20990,5224
20991,9065
20992,5796
20993,4938
20994,3738
20995,5637
20996,5545
20997,4734
20998,5565
20999,5275
21000,5304
21001,4013
21002,6626
21003,7385
21004,5510
21005,4957
21006,4993
21007,6078
21008,8012
21009,4398
21010,7028
21011,4338
21012,4956
21013,6290
21014,5684
21015,3997
21016,3590
21017,6892
21018,7328
21019,4280
21020,4642
21021,6266
21022,5238
21023,4778
21024,4989
21025,3960
21026,2711
21027,7051
21028,3671
21029,6627
21030,5366
21031,5066
21032,4849
21033,9600
21034,7054
21035,6326
21036,3830
21037,6358
21038,6975
21039,3458
21040,2759
21041,6764
21042,2895
21043,6189
21044,11555
21045,6199
21046,5436
21047,3503
21048,6749
21049,5458
21050,5174
21051,6408
21052,7096
21053,6463
21054,4810
21055,6569
21056,3866
21057,5980
21058,4454
21059,4793
21060,5141
21061,4044
21062,4289
21063,7020
21064,3602
21065,8789
21066,6238
21067,3469
21068,3761
21069,8045
21070,6310
21071,5026
21072,5750
21073,4841
21074,4315
21075,5036
21076,5655
21077,5479
21078,4599
21079,4334
21080,7048
21081,5343
21082,5027
21083,2811
21084,8187
21085,5213
21086,3936
21087,6283
21088,9795
21089,6487
21090,6571
21091,8275
21092,5325
21093,5124
21094,4915
21095,6325
21096,6822
21097,10672
21098,3595
21099,5444
21100,3042
21101,3542
21102,8674
21103,12261
21104,5679
21105,4090
21106,4094
21107,4784
21108,4887
21109,8704
21110,6499
21111,5159
21112,3251
21113,6412
21114,4859
21115,7857
21116,8209
21117,3757
21118,6120
21119,3393
21120,5947
21121,7007
21122,5619
21123,7008
21124,5272
21125,6347
21126,3893
21127,5247
21128,5407
21129,7372
21130,5562
21131,6549
21132,4729
21133,3842
21134,7477
21135,3893
21136,8917
21137,5250
21138,3787
21139,7223
21140,5344
21141,5247
21142,6208
21143,8114
21144,4236
21145,10862
21146,3299
21147,3514
21148,5938
21149,6509
21150,9218
21151,6581
21152,5866
21153,4774
21154,5220
21155,6324
21156,4323
21157,5307
21158,4080
21159,8009
21160,6278
21161,6922
21162,10713
21163,7955
21164,4078
21165,4378
21166,4528
21167,9715
21168,4957
21169,7304
21170,3562
21171,8396
21172,5751
21173,4510
21174,4250
21175,3824
21176,4518
21177,4646
21178,5006
21179,4055
21180,3933
21181,3570
21182,6563
21183,5691
21184,19303
21185,5432
21186,3464
21187,4235
21188,6033
21189,8028
21190,4109
21191,4024
21192,7564
21193,5898
21194,5804
21195,4802
21196,6454
21197,6072
21198,3489
21199,4795
21200,5857
21201,6805
21202,5492
21203,6252
21204,5421
21205,8648
21206,3972
21207,3891
21208,4161
21209,7834
21210,9035
21211,5581
21212,7520
21213,4213
21214,6449
21215,3570
21216,4682
21217,3272
21218,6332
21219,7057
21220,8984
21221,8017
21222,5454
21223,4140
21224,3680
21225,4091
21226,5049
21227,8234
21228,5185
21229,4461
21230,4192
21231,3979
21232,6617
21233,3107
21234,5883
21235,3251
21236,6004
21237,5473
21238,4471
21239,6498
21240,4525
21241,6752
21242,7856
21243,5743
21244,4831
21245,7900
21246,3894
21247,5383
21248,5601
21249,9113
21250,4835
21251,5305
21252,6471
21253,6265
21254,7329
21255,5071
21256,7312
21257,3726
21258,4122
21259,4961
21260,5342
21261,7724
21262,5921
21263,3160
21264,4289
21265,6169
21266,5806
21267,7950
21268,3179
21269,10779
21270,6024
21271,3682
21272,5523
21273,5658
21274,5506
21275,6616
21276,3558
21277,4870
21278,5225
21279,6035
21280,6233
21281,4713
21282,6037
21283,4670
21284,4576
21285,6924
21286,6556
21287,4984
21288,4194
21289,9236
21290,4153
21291,7872
21292,6071
21293,10670
21294,5406
21295,4145
21296,5178
21297,5298
21298,4840
21299,4290
21300,6678
21301,6377
21302,3169
21303,6333
21304,5077
21305,5543
21306,4001
21307,6643
21308,7314
21309,3848
21310,10524
21311,4399
21312,3732
21313,6075
21314,7696
21315,4418
21316,3771
21317,6112
21318,5130
21319,4301
21320,5005
21321,4347
21322,7333
21323,7468
21324,5547
21325,6108
21326,4349
21327,3745
21328,4683
21329,6789
21330,6160
21331,6715
21332,6200
21333,8091
21334,4680
21335,7067
21336,6133
21337,4321
21338,5383
21339,7361
21340,5308
21341,6284
21342,7862
21343,6251
21344,5959
21345,4581
21346,5774
21347,5772
21348,6301
21349,5545
21350,3458
21351,4873
21352,8384
21353,6209
21354,4851
21355,3595
21356,6502
21357,6041
21358,6812
21359,5412
21360,4944
21361,4219
21362,3463
21363,8923
21364,5651
21365,6003
21366,5253
21367,4316
21368,5032
21369,5184
21370,5772
21371,3265
21372,5129
21373,3568
21374,6692
21375,6659
21376,5604
21377,10136
21378,3703
21379,3975
21380,8212
21381,4418
21382,5170
21383,2315
21384,6538
21385,6527
21386,4619
21387,5403
21388,5792
21389,5146
21390,4928
21391,7106
21392,9104
21393,2209
21394,5876
21395,2443
21396,12621
21397,3763
21398,6780
21399,7149
21400,4773
21401,5384
21402,4131
21403,4616
21404,2711
21405,3752
21406,5103
21407,4365
21408,5926
21409,5924
21410,4974
21411,5264
21412,5006
21413,6781
21414,7236
21415,6680
21416,3709
21417,3431
21418,7698
21419,7832
21420,4208
21421,6506
21422,4418
21423,6182
21424,4102
21425,4213
21426,5092
21427,3109
21428,5346
21429,3801
21430,7798
21431,6180
21432,6320
21433,6744
21434,4904
21435,6372
21436,16778
21437,8286
21438,3847
21439,2389
21440,5018
21441,6941
21442,4514
21443,5405
21444,11820
21445,5760
21446,9942
21447,18940
21448,3657
21449,5332
21450,4253
21451,4090
21452,8184
21453,3792
21454,6507
21455,8501
21456,6928
21457,4999
21458,6047
21459,4280
21460,4976
21461,3375
21462,4938
21463,6107
21464,7371
21465,5252
21466,5061
21467,4186
21468,6431
21469,4086
21470,4030
21471,3511
21472,6690
21473,4821
21474,4889
21475,5516
21476,6873
21477,4736
21478,5276
21479,4976
21480,4816
21481,5498
21482,5444
21483,7068
21484,7088
21485,6167
21486,4828
21487,2853
21488,5096
21489,5448
21490,4984
21491,4049
21492,2370
21493,7464
21494,5649
21495,6884
21496,5296
21497,4487
21498,5672
21499,4160
21500,3977
21501,7738
21502,4342
21503,6713
21504,6369
21505,12875
21506,5233
21507,4846
21508,6077
21509,4972
21510,6060
21511,4430
21512,6607
21513,3690
21514,5811
21515,3435
21516,4818
21517,3468
21518,8593
21519,4477
21520,12448
21521,10876
21522,4249
21523,5128
21524,4458
21525,5532
21526,4409
21527,9880
21528,6478
21529,7885
21530,3741
21531,6493
21532,4213
21533,7424
21534,7750
21535,5335
21536,4709
21537,5632
21538,5993
21539,6277
21540,8088
21541,4993
21542,6850
21543,7779
21544,5223
21545,5788
21546,5141
21547,7150
21548,6432
21549,4686
21550,4030
21551,5571
21552,4047
21553,6886
21554,4912
21555,6636
21556,5019
21557,7210
21558,3907
21559,6606
21560,8164
21561,6496
21562,7074
21563,5985
21564,3461
21565,11283
21566,8788
21567,6759
21568,14992
21569,8820
21570,5275
21571,5515
21572,7418
21573,8381
21574,9953
21575,9316
21576,4427
21577,5873
21578,4563
21579,6678
21580,3433
21581,10041
21582,4995
21583,4121
21584,5219
21585,7545
21586,6958
21587,4883
21588,6127
21589,4348
21590,3528
21591,5766
21592,3500
21593,3723
21594,4961
21595,5019
21596,7354
21597,6996
21598,6129
21599,5414
21600,5311
21601,10152
21602,5845
21603,4375
21604,4614
21605,4260
21606,7036
21607,3871
21608,10115
21609,5967
21610,3101
21611,3837
21612,5769
21613,5470
21614,4307
21615,7241
21616,8442
21617,10664
21618,4314
21619,9146
21620,2440
21621,4808
21622,5849
21623,4765
21624,5693
21625,4431
21626,5224
21627,3136
21628,4621
21629,9602
21630,6820
21631,3556
21632,4527
21633,6974
21634,8826
21635,7326
21636,4610
21637,3731
21638,7888
21639,5259
21640,6444
21641,4924
21642,4564
21643,5361
21644,7760
21645,3367
21646,3566
21647,4525
21648,5000
21649,8267
21650,6035
21651,6116
21652,11674
21653,4158
21654,8722
21655,9524
21656,5479
21657,4426
21658,2853
21659,6576
21660,4962
21661,5256
21662,5139
21663,5905
21664,10048
21665,4452
21666,4532
21667,6189
21668,5025
21669,5880
21670,4259
21671,3576
21672,5876
21673,2917
21674,6784
21675,7118
21676,5240
21677,6355
21678,7100
21679,7145
21680,4237
21681,6408
21682,7169
21683,5930
21684,4541
21685,4976
21686,4029
21687,8448
21688,6141
21689,5269
21690,4177
21691,5613
21692,6901
21693,5746
21694,4867
21695,6952
21696,4580
21697,5798
21698,14951
21699,5227
21700,7244
21701,5099
21702,5107
21703,4732
21704,4082
21705,3474
21706,4112
21707,7369
21708,11766
21709,6792
21710,8374
21711,8935
21712,9122
21713,8534
21714,6771
21715,6330
21716,4704
21717,9135
21718,8772
21719,5968
21720,7093
21721,6544
21722,5060
21723,3500
21724,9456
21725,5763
21726,5355
21727,5446
21728,2080
21729,11548
21730,8922
21731,13236
21732,5191
21733,3769
21734,4086
21735,4875
21736,5520
21737,5655
21738,5724
21739,4611
21740,3807
21741,6338
21742,3035
21743,2626
21744,5414
21745,11962
21746,5785
21747,15868
21748,4149
21749,5181
21750,5406
21751,4749
21752,4156
21753,4035
21754,4314
21755,3445
21756,6433
21757,5726
21758,3149
21759,6972
21760,4007
21761,5595
21762,3853
21763,8074
21764,6197
21765,9031
21766,3994
21767,5426
21768,3895
21769,4074
21770,3941
21771,12456
21772,9069
21773,5688
21774,3962
21775,4025
21776,4886
21777,4357
21778,9677
21779,3929
21780,12421
21781,3951
21782,4372
21783,4704
21784,7594
21785,5733
21786,3638
21787,5354
21788,5914
21789,6058
21790,5727
21791,4878
21792,3110
21793,8659
21794,4321
21795,3367
21796,5073
21797,5272
21798,5315
21799,5664
21800,7312
21801,7048
21802,5900
21803,5866
21804,3357
21805,7413
21806,4561
21807,3799
21808,5901
21809,5951
21810,5207
21811,7969
21812,4868
21813,5094
21814,5595
21815,5589
21816,5084
21817,6338
21818,6026
21819,5995
21820,5117
21821,4655
21822,7633
21823,5323
21824,3624
21825,9543
21826,4681
21827,2847
21828,6113
21829,7508
21830,7619
21831,4444
21832,4736
21833,5300
21834,3335
21835,5185
21836,5884
21837,5838
21838,4752
21839,6152
21840,6506
21841,2772
21842,4518
21843,5080
21844,4451
21845,4173
21846,5585
21847,5736
21848,4919
21849,4315
21850,6692
21851,4756
21852,6960
21853,7388
21854,4142
21855,5342
21856,5872
21857,7113
21858,6541
21859,6568
21860,4255
21861,8229
21862,5723
21863,6120
21864,8372
21865,3998
21866,3259
21867,10833
21868,7064
21869,6630
21870,4927
21871,5719
21872,7046
21873,3329
21874,5502
21875,4403
21876,6433
21877,5297
21878,4495
21879,6650
21880,4496
21881,7470
21882,9002
21883,14750
21884,6032
21885,3878
21886,4373
21887,3185
21888,2675
21889,10008
21890,6422
21891,4517
21892,6999
21893,5221
21894,9528
21895,3794
21896,5165
21897,5125
21898,7661
21899,4254
21900,5508
21901,4704
21902,3933
21903,5958
21904,4218
21905,5614
21906,6348
21907,7631
21908,6247
21909,6153
21910,5123
21911,9740
21912,3705
21913,4410
21914,8757
21915,6080
21916,7501
21917,7002
21918,14192
21919,4443
21920,4328
21921,4282
21922,5041
21923,6987
21924,8554
21925,5279
21926,6525
21927,6053
21928,3375
21929,6139
21930,6686
21931,5501
21932,7078
21933,4567
21934,3890
21935,4077
21936,3175
21937,3827
21938,6695
21939,6621
21940,9932
21941,14231
21942,5433
21943,4117
21944,5457
21945,7253
21946,7963
21947,3363
21948,5213
21949,3679
21950,7516
21951,5405
21952,4994
21953,10488
21954,11129
21955,4025
21956,5825
21957,3392
21958,4539
21959,4950
21960,7550
21961,3997
21962,3566
21963,4527
21964,6465
21965,6251
21966,3941
21967,4845
21968,6453
21969,5324
21970,5422
21971,3177
21972,9239
21973,15863
21974,3485
21975,5755
21976,6826
21977,5764
21978,3442
21979,3374
21980,3164
21981,6235
21982,4206
21983,6685
21984,7352
21985,3658
21986,4292
21987,4984
21988,4595
21989,4130
21990,4715
21991,5126
21992,7628
21993,6899
21994,7231
21995,4811
21996,3539
21997,5665
21998,4950
21999,7675
22000,5301
22001,3870
22002,19714
22003,5172
22004,5112
22005,10000
22006,6023
22007,5275
22008,5143
22009,6367
22010,4024
22011,7594
22012,12770
22013,4646
22014,4194
22015,5631
22016,10370
22017,4789
22018,4153
22019,5344
22020,4078
22021,5402
22022,3576
22023,7296
22024,3436
22025,6078
22026,2342
22027,17424
22028,7081
22029,3362
22030,4087
22031,7693
22032,5112
22033,5394
22034,6353
22035,4954
22036,4357
22037,3849
22038,7629
22039,5075
22040,4712
22041,5756
22042,5969
22043,4482
22044,6303
22045,4923
22046,3430
22047,7495
22048,6879
22049,3757
22050,5991
22051,5401
22052,3963
22053,7522
22054,5010
22055,6820
22056,5270
22057,6620
22058,3666
22059,3666
22060,3933
22061,10154
22062,5371
22063,7352
22064,3296
22065,6623
22066,3220
22067,4940
22068,3723
22069,5015
22070,5367
22071,5975
22072,5501
22073,7345
22074,3744
22075,5016
22076,5843
22077,6682
22078,5667
22079,6063
22080,7868
22081,5938
22082,2610
22083,5997
22084,4491
22085,5282
22086,5764
22087,3815
22088,9639
22089,4281
22090,5333
22091,8145
22092,5945
22093,3054
22094,0
22095,5204
22096,8202
22097,4629
22098,6021
22099,8268
22100,5212
22101,4183
22102,5382
22103,4754
22104,4554
22105,5118
22106,8765
22107,5784
22108,4964
22109,3969
22110,5162
22111,5781
22112,5063
22113,5561
22114,5092
22115,5484
22116,4311
22117,6574
22118,6927
22119,5553
22120,5049
22121,5137
22122,5971
22123,7793
22124,4407
22125,6950
22126,4372
22127,5006
22128,6397
22129,5543
22130,3992
22131,3617
22132,6086
22133,7207
22134,4230
22135,4502
22136,6405
22137,5084
22138,4877
22139,4900
22140,4117
22141,3075
22142,6585
22143,3649
22144,6309
22145,5232
22146,5073
22147,5067
22148,9881
22149,6995
22150,5954
22151,3888
22152,7411
22153,6698
22154,3343
22155,2818
22156,6915
22157,2964
22158,6166
22159,10879
22160,6845
22161,5507
22162,3628
22163,6349
22164,5806
22165,4998
22166,6401
22167,6941
22168,7097
22169,4947
22170,6505
22171,4014
22172,5907
22173,4307
22174,4588
22175,5357
22176,4335
22177,4305
22178,6971
22179,3615
22180,8676
22181,6194
22182,3426
22183,3676
22184,8139
22185,6074
22186,5273
22187,5572
22188,5237
22189,4290
22190,5329
22191,5465
22192,5279
22193,4492
22194,4244
22195,6950
22196,5664
22197,5089
22198,3051
22199,9069
22200,5223
22201,4039
22202,6311
22203,9550
22204,6532
22205,6129
22206,7793
22207,5349
22208,4901
22209,4788
22210,6050
22211,7035
22212,10034
22213,3758
22214,5490
22215,3343
22216,3705
22217,8720
22218,12653
22219,5837
22220,4253
22221,4538
22222,5277
22223,4748
22224,8694
22225,7183
22226,5204
22227,3375
22228,6421
22229,4818
22230,8198
22231,8062
22232,3985
22233,6189
22234,3382
22235,5787
22236,6937
22237,5802
22238,6645
22239,5183
22240,6411
22241,3670
22242,5467
22243,5499
22244,7558
22245,5757
22246,6524
22247,4864
22248,3846
22249,7736
22250,3749
22251,9160
22252,5273
22253,3570
22254,5356
22255,5282
22256,5310
22257,6220
22258,8276
22259,4225
22260,10320
22261,3547
22262,3710
22263,5596
22264,6469
22265,8914
22266,6628
22267,5963
22268,4374
22269,5194
22270,6055
22271,4459
22272,5195
22273,4321
22274,8238
22275,5864
22276,6856
22277,10261
22278,7789
22279,3910
22280,4165
22281,4554
22282,9714
22283,4777
22284,7525
22285,3810
22286,8646
22287,5480
22288,4491
22289,4277
22290,3908
22291,4580
22292,4551
22293,4980
22294,4029
22295,4121
22296,3849
22297,6687
22298,5845
22299,19427
22300,5238
22301,3820
22302,4185
22303,6299
22304,8566
22305,4664
22306,4445
22307,8821
22308,5399
22309,6543
22310,5566
22311,6849
22312,6547
22313,4061
22314,5217
22315,6537
22316,7544
22317,5915
22318,7275
22319,6039
22320,7623
22321,4868
22322,4539
22323,4957
22324,8846
22325,9003
22326,6209
22327,8137
22328,4450
22329,7112
22330,3366
22331,5538
22332,3626
22333,7289
22334,7646
22335,9722
22336,9045
22337,6721
22338,4917
22339,4010
22340,4181
22341,5645
22342,9081
22343,5742
22344,4888
22345,4869
22346,4726
22347,7116
22348,3345
22349,7366
22350,3648
22351,7038
22352,6089
22353,4859
22354,8149
22355,4869
22356,7758
22357,8345
22358,6174
22359,5308
22360,8123
22361,4240
22362,6052
22363,6376
22364,10117
22365,5156
22366,6035
22367,6994
22368,6976
22369,8257
22370,5741
22371,8179
22372,3751
22373,4281
22374,5399
22375,6065
22376,8861
22377,6984
22378,3652
22379,4936
22380,7407
22381,7276
22382,8527
22383,3732
22384,11472
22385,6215
22386,4107
22387,5540
22388,6173
22389,6031
22390,7564
22391,3879
22392,5496
22393,6248
22394,6816
22395,6404
22396,4640
22397,6436
22398,5148
22399,5244
22400,8090
22401,7189
22402,5656
22403,4876
22404,9569
22405,4679
22406,8554
22407,6990
22408,12015
22409,5974
22410,4183
22411,6115
22412,5941
22413,5797
22414,5032
22415,8135
22416,6708
22417,3501
22418,7307
22419,5423
22420,6192
22421,4328
22422,7339
22423,7702
22424,5155
22425,11177
22426,5013
22427,4384
22428,6953
22429,8262
22430,4585
22431,4153
22432,6770
22433,5749
22434,4724
22435,5526
22436,4758
22437,8578
22438,7615
22439,6247
22440,6466
22441,4615
22442,4436
22443,5342
22444,7406
22445,6598
22446,7670
22447,7270
22448,8461
22449,5160
22450,7868
22451,7182
22452,4833
22453,5718
22454,8206
22455,6236
22456,6021
22457,8766
22458,7597
22459,6913
22460,5074
22461,6906
22462,6669
22463,6476
22464,6053
22465,3762
22466,5216
22467,8763
22468,7003
22469,5323
22470,4126
22471,7086
22472,6366
22473,7263
22474,6071
22475,5587
22476,4687
22477,3663
22478,9602
22479,6083
22480,6508
22481,5499
22482,5119
22483,5277
22484,5854
22485,6884
22486,3461
22487,5993
22488,4297
22489,7844
22490,7638
22491,6214
22492,11855
22493,3997
22494,4753
22495,9438
22496,4921
22497,6454
22498,2571
22499,7450
22500,7678
22501,5340
22502,6131
22503,6303
22504,5694
22505,5492
22506,7014
22507,9422
22508,2840
22509,6527
22510,2771
22511,12269
22512,4123
22513,7452
22514,8745
22515,5506
22516,6174
22517,4849
22518,4512
22519,3015
22520,4150
22521,5759
22522,4734
22523,7171
22524,6828
22525,5321
22526,5790
22527,5925
22528,7864
22529,8265
22530,7502
22531,4481
22532,4192
22533,8605
22534,9130
22535,4854
22536,7417
22537,4819
22538,6630
22539,4811
22540,4707
22541,6033
22542,3684
22543,5668
22544,4548
22545,8248
22546,6926
22547,7319
22548,7051
22549,5299
22550,7411
22551,17450
22552,8827
22553,4310
22554,2857
22555,5704
22556,7436
22557,4720
22558,6096
22559,12353
22560,6058
22561,10180
22562,18809
22563,4017
22564,5617
22565,4644
22566,3818
22567,7413
22568,4337
22569,7279
22570,8938
22571,7275
22572,5436
22573,6496
22574,4595
22575,5954
22576,3705
22577,5921
22578,6769
22579,8866
22580,5852
22581,5859
22582,4106
22583,7071
22584,4820
22585,4934
22586,3643
22587,7857
22588,5388
22589,5534
22590,6331
22591,7537
22592,3772
22593,5531
22594,5326
22595,5053
22596,5837
22597,6180
22598,8437
22599,8262
22600,7061
22601,5420
22602,3531
22603,5591
22604,6054
22605,5543
22606,4385
22607,2612
22608,7977
22609,5883
22610,8975
22611,5664
22612,5092
22613,6886
22614,4671
22615,4275
22616,8591
22617,5461
22618,7676
22619,7916
22620,12737
22621,5977
22622,4601
22623,6939
22624,4568
22625,5337
22626,5348
22627,7363
22628,4325
22629,6625
22630,3774
22631,4813
22632,3600
22633,9147
22634,5039
22635,13027
22636,11139
22637,4899
22638,5733
22639,4800
22640,5997
22641,5192
22642,11106
22643,7218
22644,8315
22645,4251
22646,7471
22647,5050
22648,8414
22649,8292
22650,6204
22651,5761
22652,6323
22653,6293
22654,7401
22655,8263
22656,5907
22657,7172
22658,8511
22659,6283
22660,6630
22661,5939
22662,7433
22663,6554
22664,5065
22665,4691
22666,6196
22667,4817
22668,7822
22669,5966
22670,7067
22671,5624
22672,8358
22673,4548
22674,6828
22675,8888
22676,6864
22677,7638
22678,6338
22679,3880
22680,12658
22681,8630
22682,8012
22683,14995
22684,8480
22685,6367
22686,6324
22687,7444
22688,9271
22689,9889
22690,10365
22691,5395
22692,6370
22693,5322
22694,8134
22695,4053
22696,9577
22697,5489
22698,4837
22699,5714
22700,7787
22701,7180
22702,5357
22703,6976
22704,4740
22705,3848
22706,6488
22707,4055
22708,4151
22709,5104
22710,5537
22711,8809
22712,8619
22713,6332
22714,6036
22715,6132
22716,10153
22717,6166
22718,5525
22719,5188
22720,4817
22721,8801
22722,4067
22723,11633
22724,6606
22725,3215
22726,4209
22727,6063
22728,5760
22729,5038
22730,8178
22731,8989
22732,10779
22733,5493
22734,10834
22735,2736
22736,5320
22737,6778
22738,5329
22739,6686
22740,5263
22741,6395
22742,3879
22743,5276
22744,11720
22745,9100
22746,4218
22747,4881
22748,8249
22749,8795
22750,6923
22751,5211
22752,4164
22753,8851
22754,5932
22755,7353
22756,5232
22757,5365
22758,6621
22759,7827
22760,3718
22761,4166
22762,4662
22763,5123
22764,9248
22765,7192
22766,7258
22767,12151
22768,5217
22769,10192
22770,10559
22771,6489
22772,4917
22773,3115
22774,7446
22775,5805
22776,5865
22777,5848
22778,6418
22779,10752
22780,4510
22781,5036
22782,7577
22783,4320
22784,7664
22785,5214
22786,3983
22787,6659
22788,3235
22789,6627
22790,7889
22791,6366
22792,7126
22793,7663
22794,7340
22795,4986
22796,7073
22797,8305
22798,6687
22799,5275
22800,5983
22801,4467
22802,8915
22803,6959
22804,5873
22805,4517
22806,6291
22807,7772
22808,6822
22809,5406
22810,8143
22811,5208
22812,6518
22813,15378
22814,5676
22815,8498
22816,5123
22817,5392
22818,5826
22819,4890
22820,3884
22821,4615
22822,8371
22823,12651
22824,7985
22825,9280
22826,8830
22827,10547
22828,9486
22829,7706
22830,6671
22831,4943
22832,9405
22833,9969
22834,7423
22835,7481
22836,7662
22837,5647
22838,3693
22839,10617
22840,6092
22841,5889
22842,5973
22843,2046
22844,11675
22845,9353
22846,13132
22847,5884
22848,4245
22849,4900
22850,5725
22851,5829
22852,5965
22853,6882
22854,4840
22855,4369
22856,6435
22857,3262
22858,2868
22859,5582
22860,12734
22861,6647
22862,16571
22863,4410
22864,6042
22865,6158
22866,5547
22867,4510
22868,5152
22869,4420
22870,3717
22871,8360
22872,6311
22873,3518
22874,8226
22875,4512
22876,6182
22877,4218
22878,9360
22879,6631
22880,8837
22881,4238
22882,6015
22883,4498
22884,4500
22885,4498
22886,13340
22887,10333
22888,6172
22889,4347
22890,5002
22891,5989
22892,3959
22893,8136
22894,4197
22895,13500
22896,4353
22897,4845
22898,5222
22899,9468
22900,7007
22901,4401
22902,5645
22903,6214
22904,6627
22905,6812
22906,5312
22907,3552
22908,8553
22909,4884
22910,3839
22911,5669
22912,6094
22913,5685
22914,6135
22915,7889
22916,7858
22917,6702
22918,6890
22919,3625
22920,8514
22921,5169
22922,4411
22923,7026
22924,6695
22925,5731
22926,8726
22927,5465
22928,5534
22929,6233
22930,5680
22931,5351
22932,7238
22933,7441
22934,6584
22935,5795
22936,5059
22937,8696
22938,6206
22939,4275
22940,10320
22941,4866
22942,2907
22943,7023
22944,8885
22945,8212
22946,4792
22947,5457
22948,6088
22949,3780
22950,5936
22951,6836
22952,6525
22953,5518
22954,6247
22955,7459
22956,2958
22957,5047
22958,5403
22959,4583
22960,4826
22961,6195
22962,6550
22963,5587
22964,5166
22965,7001
22966,5858
22967,7704
22968,8369
22969,4772
22970,5948
22971,6242
22972,7734
22973,7371
22974,9078
22975,3135
22976,8518
22977,6252
22978,6289
22979,9825
22980,4587
22981,3569
22982,11194
22983,7604
22984,7895
22985,5391
22986,5800
22987,7834
22988,3661
22989,5957
22990,4882
22991,7404
22992,5457
22993,4800
22994,7784
22995,4947
22996,8369
22997,9605
22998,15586
22999,6479
23000,4075
23001,5016
23002,3808
23003,2970
23004,10673
23005,7119
23006,5713
23007,8399
23008,5811
23009,8876
23010,4399
23011,5522
23012,5713
23013,8107
23014,5032
23015,6159
23016,5489
23017,4246
23018,6546
23019,4950
23020,6190
23021,7435
23022,8007
23023,6907
23024,6800
23025,5757
23026,10238
23027,4196
23028,5281
23029,9944
23030,6856
23031,7875
23032,7798
23033,15403
23034,5080
23035,4810
23036,4404
23037,5624
23038,7950
23039,9925
23040,6146
23041,7205
23042,6988
23043,3846
23044,6911
23045,6881
23046,6154
23047,8199
23048,5355
23049,4587
23050,4707
23051,3349
23052,4374
23053,7194
23054,6803
23055,11041
23056,16157
23057,6074
23058,4442
23059,6503
23060,7833
23061,8449
23062,3926
23063,5786
23064,4026
23065,7831
23066,6383
23067,5906
23068,11234
23069,12344
23070,4412
23071,6399
23072,3776
23073,5034
23074,5009
23075,8495
23076,4390
23077,4364
23078,4819
23079,7190
23080,6014
23081,4217
23082,5430
23083,7507
23084,6335
23085,6059
23086,3035
23087,10343
23088,16693
23089,3906
23090,6958
23091,7613
23092,6235
23093,4124
23094,3521
23095,3535
23096,6892
23097,4791
23098,7119
23099,8577
23100,4315
23101,4919
23102,6233
23103,4953
23104,4859
23105,5070
23106,5639
23107,9207
23108,7461
23109,8340
23110,5363
23111,3807
23112,5966
23113,5368
23114,8489
23115,5957
23116,4376
23117,19164
23118,5665
23119,5560
23120,11214
23121,6569
23122,5992
23123,5689
23124,6604
23125,4500
23126,8393
23127,13560
23128,5128
23129,4560
23130,6259
23131,10810
23132,5957
23133,4620
23134,5634
23135,4995
23136,5604
23137,4278
23138,8073
23139,3577
23140,6225
23141,2772
23142,20484
23143,8064
23144,3686
23145,5410
23146,8844
23147,5758
23148,5870
23149,7033
23150,5578
23151,5128
23152,3795
23153,8273
23154,5456
23155,5356
23156,6165
23157,6996
23158,4717
23159,7286
23160,6024
23161,3683
23162,7748
23163,9504
23164,4091
23165,7010
23166,6516
23167,4923
23168,8898
23169,4971
23170,6543
23171,6242
23172,7302
23173,3837
23174,4506
23175,4480
23176,8987
23177,5880
23178,8321
23179,3611
23180,7378
23181,3528
23182,5739
23183,4364
23184,5726
23185,5567
23186,6419
23187,6316
23188,8718
23189,4475
23190,5834
23191,6708
23192,7843
23193,5903
23194,7820
23195,8632
23196,6319
23197,3189
23198,6406
23199,4716
23200,5937
23201,6071
23202,4100
23203,11071
23204,4874
23205,5687
23206,9249
23207,6673
23208,3518
23209,0
23210,5960
23211,8996
23212,5069
23213,6758
23214,8208
23215,6512
23216,5011
23217,6487
23218,5356
23219,5004
23220,5725
23221,8666
23222,6938
23223,5149
23224,4174
23225,6207
23226,6587
23227,5494
23228,6682
23229,5459
23230,6197
23231,4367
23232,7356
23233,7431
23234,6609
23235,5599
23236,5742
23237,6695
23238,8367
23239,5340
23240,7813
23241,4544
23242,5662
23243,7147
23244,6014
23245,4285
23246,3975
23247,6560
23248,7691
23249,4808
23250,5156
23251,7137
23252,5901
23253,5195
23254,5644
23255,4898
23256,2920
23257,7591
23258,3979
23259,6992
23260,6093
23261,6021
23262,5935
23263,9531
23264,7571
23265,6403
23266,4681
23267,7837
23268,6958
23269,3500
23270,2686
23271,7338
23272,3400
23273,6544
23274,11388
23275,7364
23276,6313
23277,3888
23278,7219
23279,6385
23280,5690
23281,7495
23282,8114
23283,7306
23284,5252
23285,7621
23286,4388
23287,6665
23288,4379
23289,5184
23290,6795
23291,5579
23292,4983
23293,7513
23294,4398
23295,9490
23296,6189
23297,4095
23298,4143
23299,9148
23300,6767
23301,5172
23302,6003
23303,6162
23304,5064
23305,5829
23306,6067
23307,6479
23308,4876
23309,4656
23310,8190
23311,6106
23312,5959
23313,3161
23314,10261
23315,5920
23316,4631
23317,6315
23318,10530
23319,7431
23320,7377
23321,8581
23322,6213
23323,5483
23324,5553
23325,6658
23326,8495
23327,11101
23328,4599
23329,5284
23330,3524
23331,4152
23332,9403
23333,13336
23334,5998
23335,4431
23336,5295
23337,5828
23338,5656
23339,9395
23340,7794
23341,5512
23342,3609
23343,8022
23344,5345
23345,8505
23346,9122
23347,4740
23348,6819
23349,3615
23350,6542
23351,7100
23352,6636
23353,7215
23354,5700
23355,6911
23356,4579
23357,5987
23358,6657
23359,7997
23360,6655
23361,7692
23362,5217
23363,4299
23364,8960
23365,4124
23366,10226
23367,6077
23368,4136
23369,5627
23370,5663
23371,5515
23372,6975
23373,9114
23374,5159
23375,11012
23376,3914
23377,4242
23378,6308
23379,7255
23380,10010
23381,6498
23382,5888
23383,5493
23384,5578
23385,6765
23386,4495
23387,6082
23388,4851
23389,9467
23390,5962
23391,7628
23392,11338
23393,8700
23394,4614
23395,4401
23396,5402
23397,9975
23398,5132
23399,7853
23400,4408
23401,9278
23402,5891
23403,4849
23404,4880
23405,4423
23406,4810
23407,5144
23408,5186
23409,4453
23410,4261
23411,4378
23412,7114
23413,6112
23414,20968
23415,6134
23416,4406
23417,3090
23418,4320
23419,10187
23420,2302
23421,3196
23422,6997
23423,3689
23424,6800
23425,5211
23426,6032
23427,6678
23428,4550
23429,3605
23430,6341
23431,5776
23432,2964
23433,5513
23434,4546
23435,6810
23436,5420
23437,3773
23438,4741
23439,7986
23440,8410
23441,6375
23442,7467
23443,2337
23444,7965
23445,3674
23446,5864
23447,2589
23448,8450
23449,8053
23450,9954
23451,9899
23452,7929
23453,6545
23454,3201
23455,4925
23456,6181
23457,8384
23458,4541
23459,3777
23460,6063
23461,5275
23462,6450
23463,2600
23464,7975
23465,4435
23466,8374
23467,6734
23468,3755
23469,9725
23470,3442
23471,9565
23472,7049
23473,7086
23474,2620
23475,6478
23476,4773
23477,4073
23478,8015
23479,11328
23480,3319
23481,6322
23482,6208
23483,9050
23484,7755
23485,6072
23486,6940
23487,2544
23488,2547
23489,4885
23490,6697
23491,8923
23492,8247
23493,2559
23494,4491
23495,8952
23496,8975
23497,5707
23498,3309
23499,11449
23500,5673
23501,3799
23502,4683
23503,2545
23504,5250
23505,7382
23506,3806
23507,5861
23508,3177
23509,6358
23510,4547
23511,1962
23512,4835
23513,5452
23514,6054
23515,9182
23516,7617
23517,5690
23518,4471
23519,11575
23520,3634
23521,6735
23522,7906
23523,13368
23524,5743
23525,3512
23526,6926
23527,6030
23528,6922
23529,5486
23530,10604
23531,6521
23532,2277
23533,8493
23534,5119
23535,6196
23536,2477
23537,8199
23538,4042
23539,2787
23540,9012
23541,4587
23542,5350
23543,7909
23544,8080
23545,4481
23546,4559
23547,7959
23548,3834
23549,3317
23550,7174
23551,5089
23552,7502
23553,3730
23554,5012
23555,6697
23556,4528
23557,3253
23558,5429
23559,6790
23560,6618
23561,7724
23562,8258
23563,8056
23564,4286
23565,8113
23566,6315
23567,3426
23568,4094
23569,8570
23570,7446
23571,3096
23572,7275
23573,9520
23574,7261
23575,5213
23576,7184
23577,7866
23578,6157
23579,4819
23580,3120
23581,5822
23582,5804
23583,5008
23584,5501
23585,3559
23586,6365
23587,7343
23588,6619
23589,6924
23590,6743
23591,3046
23592,1689
23593,7799
23594,6371
23595,7409
23596,3747
23597,5915
23598,4525
23599,5704
23600,6376
23601,3871
23602,4373
23603,4869
23604,7236
23605,7518
23606,7677
23607,15174
23608,4186
23609,5042
23610,10808
23611,4037
23612,6027
23613,901
23614,8253
23615,7148
23616,5691
23617,7100
23618,6427
23619,4932
23620,5777
23621,5032
23622,8606
23623,3281
23624,6350
23625,2846
23626,9712
23627,3712
23628,8145
23629,10477
23630,6783
23631,6412
23632,4901
23633,2467
23634,1834
23635,3750
23636,6101
23637,3558
23638,6110
23639,7618
23640,4456
23641,5551
23642,4790
23643,8368
23644,8019
23645,8110
23646,5207
23647,3593
23648,9023
23649,10223
23650,3830
23651,4830
23652,4111
23653,5596
23654,5698
23655,4698
23656,6651
23657,3281
23658,5525
23659,4921
23660,9189
23661,6362
23662,7609
23663,7173
23664,5193
23665,8801
23666,17527
23667,8971
23668,3726
23669,3645
23670,6668
23671,7600
23672,3096
23673,5247
23674,9644
23675,6643
23676,7709
23677,18247
23678,5342
23679,5823
23680,3087
23681,2382
23682,10589
23683,3495
23684,6679
23685,9891
23686,3097
23687,3753
23688,6540
23689,4102
23690,7214
23691,2120
23692,5362
23693,5698
23694,10842
23695,6029
23696,6400
23697,3330
23698,8412
23699,5930
23700,6923
23701,1778
23702,9555
23703,5573
23704,6160
23705,4323
23706,5070
23707,0
23708,5154
23709,3678
23710,5739
23711,4815
23712,5287
23713,8658
23714,9092
23715,8057
23716,4434
23717,4549
23718,4526
23719,5221
23720,7082
23721,3258
23722,1412
23723,7301
23724,5840
23725,8841
23726,5752
23727,4705
23728,5014
23729,3464
23730,2611
23731,9068
23732,6488
23733,5689
23734,6001
23735,12194
23736,6802
23737,2024
23738,7577
23739,2099
23740,4083
23741,6191
23742,6726
23743,2485
23744,4314
23745,4531
23746,3640
23747,1679
23748,9003
23749,4733
23750,9783
23751,10758
23752,6018
23753,5939
23754,4293
23755,5583
23756,5102
23757,12363
23758,6835
23759,7696
23760,3444
23761,6172
23762,5618
23763,8676
23764,9084
23765,7253
23766,5620
23767,7213
23768,5147
23769,8852
23770,6751
23771,7032
23772,6827
23773,9553
23774,7201
23775,5281
23776,6374
23777,8347
23778,6663
23779,3515
23780,5702
23781,3578
23782,5269
23783,9312
23784,7399
23785,7680
23786,6407
23787,8356
23788,4800
23789,4646
23790,4819
23791,6643
23792,6819
23793,6901
23794,3518
23795,13250
23796,5674
23797,6325
23798,16816
23799,6120
23800,7876
23801,6722
23802,7271
23803,8732
23804,8313
23805,10620
23806,2902
23807,4707
23808,5852
23809,9142
23810,2818
23811,5993
23812,4628
23813,5831
23814,5821
23815,6315
23816,3595
23817,6169
23818,5151
23819,3202
23820,3318
23821,7714
23822,4428
23823,5071
23824,5992
23825,5575
23826,10083
23827,12171
23828,5758
23829,7635
23830,6890
23831,10855
23832,5151
23833,2966
23834,4267
23835,5338
23836,12514
23837,4419
23838,9466
23839,7552
23840,2113
23841,3878
23842,6454
23843,6595
23844,5471
23845,9297
23846,9379
23847,8186
23848,4472
23849,12262
23850,2074
23851,4325
23852,9145
23853,4794
23854,6056
23855,3865
23856,7376
23857,4982
23858,4302
23859,15217
23860,11088
23861,2497
23862,5190
23863,5888
23864,7602
23865,9881
23866,5293
23867,2940
23868,9009
23869,2122
23870,9821
23871,4748
23872,5846
23873,9825
23874,6029
23875,1611
23876,4984
23877,2722
23878,3907
23879,11981
23880,8229
23881,4439
23882,12643
23883,7626
23884,11256
23885,12083
23886,7318
23887,4622
23888,2189
23889,5369
23890,6835
23891,2944
23892,6232
23893,4848
23894,7858
23895,2601
23896,5822
23897,9490
23898,1957
23899,9852
23900,6081
23901,2771
23902,7586
23903,3685
23904,3436
23905,10093
23906,7534
23907,7613
23908,8513
23909,6284
23910,5227
23911,7279
23912,7162
23913,8372
23914,5890
23915,7017
23916,4115
23917,9210
23918,7210
23919,6247
23920,4251
23921,5085
23922,8568
23923,6363
23924,4289
23925,5510
23926,5629
23927,5379
23928,15843
23929,5397
23930,10142
23931,4874
23932,3976
23933,6689
23934,5889
23935,3458
23936,4899
23937,9068
23938,14810
23939,7710
23940,10414
23941,7557
23942,11094
23943,8675
23944,7893
23945,7117
23946,4693
23947,10647
23948,8143
23949,7636
23950,5546
23951,5560
23952,5368
23953,2598
23954,12531
23955,7077
23956,6180
23957,5530
23958,1579
23959,9489
23960,8416
23961,12515
23962,6271
23963,4377
23964,4009
23965,7132
23966,5492
23967,4245
23968,11071
23969,4591
23970,4398
23971,5862
23972,3575
23973,2787
23974,2553
23975,15554
23976,5091
23977,13494
23978,4386
23979,6276
23980,5330
23981,4438
23982,3349
23983,6296
23984,3611
23985,2882
23986,10492
23987,6331
23988,2802
23989,8953
23990,2869
23991,6735
23992,3887
23993,10933
23994,7716
23995,8972
23996,2559
23997,5375
23998,3048
23999,5097
24000,4044
24001,16428
24002,12305
24003,5531
24004,3042
24005,6015
24006,4703
24007,2542
24008,7826
24009,2581
24010,13903
24011,4589
24012,5138
24013,5732
24014,11909
24015,7290
24016,5187
24017,5269
24018,6317
24019,6922
24020,7153
24021,4420
24022,1324
24023,5083
24024,3074
24025,2984
24026,6189
24027,7194
24028,6359
24029,5859
24030,8537
24031,5955
24032,3491
24033,7981
24034,2310
24035,10058
24036,5137
24037,3015
24038,4768
24039,4407
24040,5049
24041,8239
24042,7260
24043,4126
24044,6242
24045,2778
24046,5087
24047,8677
24048,9123
24049,3993
24050,2388
24051,5232
24052,7739
24053,6607
24054,2651
24055,11640
24056,4163
24057,3288
24058,6070
24059,10876
24060,9557
24061,4676
24062,4906
24063,6665
24064,1571
24065,7239
24066,7211
24067,5371
24068,4532
24069,3233
24070,8844
24071,3180
24072,4902
24073,4176
24074,3703
24075,3052
24076,7576
24077,6887
24078,5645
24079,4248
24080,5103
24081,7842
24082,8386
24083,8188
24084,5024
24085,5788
24086,6212
24087,8734
24088,7655
24089,5643
24090,2055
24091,6466
24092,6417
24093,6299
24094,8248
24095,5920
24096,2990
24097,8130
24098,5635
24099,10335
24100,2908
24101,2883
24102,9544
24103,1638
24104,5682
24105,4564
24106,8207
24107,3973
24108,4576
24109,9721
24110,2816
24111,7085
24112,10167
24113,15575
24114,6876
24115,2496
24116,5734
24117,3708
24118,2267
24119,8269
24120,4979
24121,6629
24122,5377
24123,5771
24124,6462
24125,4979
24126,5411
24127,4935
24128,9361
24129,5585
24130,2589
24131,6260
24132,3976
24133,5890
24134,5687
24135,6396
24136,8082
24137,8128
24138,8347
24139,5940
24140,5520
24141,6767
24142,3106
24143,5866
24144,9237
24145,7472
24146,7340
24147,7662
24148,14640
24149,3387
24150,3709
24151,4931
24152,4215
24153,8849
24154,10893
24155,8183
24156,7667
24157,7672
24158,2210
24159,8230
24160,3613
24161,7315
24162,7111
24163,5574
24164,2200
24165,5123
24166,3582
24167,3238
24168,7393
24169,5207
24170,9709
24171,17629
24172,5887
24173,3426
24174,4965
24175,9046
24176,7242
24177,4557
24178,6173
24179,2206
24180,6655
24181,7353
24182,3607
24183,11520
24184,12065
24185,3206
24186,5943
24187,4036
24188,4101
24189,4166
24190,9241
24191,3990
24192,4537
24193,4859
24194,2984
24195,2908
24196,2563
24197,6011
24198,6594
24199,5204
24200,7851
24201,1243
24202,8400
24203,16080
24204,3372
24205,8403
24206,7385
24207,4918
24208,4237
24209,2618
24210,4119
24211,4787
24212,5236
24213,3263
24214,9393
24215,4473
24216,4329
24217,6669
24218,5244
24219,6065
24220,4997
24221,6209
24222,10689
24223,5139
24224,7415
24225,6101
24226,3836
24227,3324
24228,4815
24229,6724
24230,6666
24231,3533
24232,13498
24233,5515
24234,5225
24235,12910
24236,5248
24237,7410
24238,4794
24239,5830
24240,5305
24241,7053
24242,16743
24243,3214
24244,5713
24245,3896
24246,9934
24247,7200
24248,5087
24249,3981
24250,4255
24251,2659
24252,2150
24253,7394
24254,2223
24255,4100
24256,1361
24257,21544
24258,9460
24259,2076
24260,5403
24261,6569
24262,6729
24263,5674
24264,8286
24265,5861
24266,5883
24267,2851
24268,8012
24269,6698
24270,4138
24271,6621
24272,9622
24273,4773
24274,8307
24275,6912
24276,3144
24277,6132
24278,7812
24279,2933
24280,9016
24281,7032
24282,5273
24283,10529
24284,3897
24285,5465
24286,8962
24287,6787
24288,2477
24289,4960
24290,3922
24291,3430
24292,5605
24293,6934
24294,3577
24295,6378
24296,2333
24297,5824
24298,2989
24299,5831
24300,5777
24301,5001
24302,6100
24303,9438
24304,2958
24305,6185
24306,7198
24307,3585
24308,5968
24309,6163
24310,9346
24311,7274
24312,3922
24313,2232
24314,2325
24315,6056
24316,5340
24317,4630
24318,12495
24319,5653
24320,5835
24321,9407
24322,6766
24323,2327
24324,0
24325,4895
24326,8493
24327,6642
24328,7719
24329,6743
24330,8582
24331,5322
24332,4243
24333,3024
24334,3679
24335,6262
24336,4812
24337,8307
24338,5350
24339,2791
24340,7257
24341,7074
24342,4762
24343,7184
24344,4911
24345,7260
24346,3882
24347,5164
24348,4355
24349,5239
24350,3881
24351,6234
24352,8134
24353,8271
24354,6530
24355,6318
24356,4335
24357,6561
24358,7312
24359,7491
24360,3116
24361,3109
24362,8702
24363,6555
24364,3289
24365,4217
24366,7803
24367,6772
24368,2535
24369,6286
24370,5223
24371,1791
24372,5496
24373,3004
24374,4413
24375,6726
24376,6103
24377,5342
24378,4502
24379,9067
24380,6579
24381,3871
24382,5801
24383,6160
24384,3070
24385,1165
24386,7123
24387,1563
24388,6222
24389,10670
24390,6123
24391,4659
24392,3385
24393,5993
24394,5737
24395,5102
24396,6530
24397,6585
24398,8270
24399,6418
24400,8753
24401,4128
24402,4144
24403,4503
24404,3845
24405,6000
24406,6547
24407,3487
24408,6032
24409,2726
24410,8570
24411,4926
24412,4423
24413,4022
24414,6062
24415,7702
24416,3653
24417,7383
24418,4479
24419,5623
24420,5493
24421,6651
24422,8109
24423,4920
24424,4056
24425,10224
24426,6756
24427,6939
24428,1965
24429,4747
24430,5368
24431,4050
24432,5189
24433,11424
24434,8730
24435,9737
24436,10235
24437,6546
24438,6230
24439,6524
24440,6358
24441,7707
24442,11402
24443,3689
24444,1941
24445,1666
24446,4240
24447,5724
24448,11080
24449,2621
24450,2049
24451,5471
24452,5814
24453,6160
24454,11630
24455,7155
24456,6514
24457,2714
24458,8512
24459,6345
24460,7832
24461,7787
24462,3487
24463,6925
24464,3178
24465,7218
24466,6008
24467,5361
24468,6518
24469,4369
24470,7024
24471,5159
24472,7493
24473,4767
24474,8817
24475,5546
24476,9018
24477,5245
24478,4007
24479,8425
24480,3086
24481,10555
24482,6134
24483,4870
24484,3446
24485,7210
24486,5063
24487,4640
24488,7426
24489,4673
24490,12894
24491,3296
24492,3093
24493,6021
24494,6503
24495,11305
24496,2949
24497,5121
24498,6605
24499,5881
24500,5242
24501,3633
24502,6526
24503,3530
24504,10952
24505,2981
24506,7664
24507,13729
24508,7787
24509,6386
24510,3526
24511,5327
24512,8271
24513,2841
24514,8023
24515,3066
24516,8927
24517,6958
24518,5933
24519,6075
24520,4869
24521,3152
24522,5474
24523,2401
24524,3950
24525,3391
24526,2796
24527,7552
24528,6380
24529,22137
24530,8048
24531,0
24532,0
24533,0
24534,0
24535,0
24536,0
24537,0
24538,0
24539,0
24540,0
24541,0
24542,0
24543,0
24544,0
24545,0
24546,0
24547,0
24548,0
24549,0
24550,0
24551,0
24552,0
24553,0
24554,0
24555,0
24556,0
24557,0
24558,0
24559,0
24560,0
24561,0
24562,0
24563,0
24564,0
24565,0
24566,0
24567,0
24568,0
24569,0
24570,0
24571,0
24572,0
24573,0
24574,0
24575,0
24576,0
24577,0
24578,0
24579,0
24580,0
24581,0
24582,0
24583,0
24584,0
24585,0
24586,0
24587,0
24588,0
24589,0
24590,0
24591,0
24592,0
24593,0
24594,0
24595,0
24596,0
24597,0
24598,0
24599,0
24600,0
24601,0
24602,0
24603,0
24604,0
24605,0
24606,0
24607,0
24608,0
24609,0
24610,0
24611,0
24612,0
24613,0
24614,0
24615,13105
24616,0
24617,0
24618,0
24619,0
24620,0
24621,0
24622,0
24623,0
24624,0
24625,0
24626,0
24627,0
24628,0
24629,0
24630,0
24631,0
24632,0
24633,0
24634,0
24635,0
24636,0
24637,0
24638,0
24639,0
24640,0
24641,0
24642,0
24643,0
24644,0
24645,0
24646,0
24647,0
24648,0
24649,0
24650,0
24651,0
24652,4229
24653,0
24654,0
24655,0
24656,0
24657,0
24658,0
24659,0
24660,0
24661,0
24662,0
24663,0
24664,0
24665,0
24666,0
24667,0
24668,0
24669,0
24670,0
24671,0
24672,0
24673,0
24674,0
24675,0
24676,0
24677,0
24678,0
24679,0
24680,0
24681,0
24682,0
24683,0
24684,0
24685,0
24686,0
24687,0
24688,0
24689,0
24690,0
24691,0
24692,0
24693,0
24694,0
24695,0
24696,0
24697,0
24698,0
24699,0
24700,0
24701,0
24702,0
24703,0
24704,0
24705,0
24706,0
24707,0
24708,0
24709,0
24710,0
24711,0
24712,0
24713,0
24714,0
24715,0
24716,0
24717,0
24718,0
24719,0
24720,0
24721,0
24722,0
24723,0
24724,0
24725,0
24726,0
24727,0
24728,0
24729,0
24730,0
24731,0
24732,0
24733,0
24734,0
24735,0
24736,0
24737,0
24738,0
24739,2947
24740,0
24741,0
24742,0
24743,0
24744,0
24745,0
24746,0
24747,0
24748,0
24749,0
24750,0
24751,0
24752,0
24753,0
24754,0
24755,0
24756,0
24757,0
24758,0
24759,0
24760,0
24761,0
24762,0
24763,0
24764,0
24765,0
24766,0
24767,0
24768,0
24769,0
24770,0
24771,0
24772,0
24773,0
24774,0
24775,0
24776,0
24777,0
24778,0
24779,0
24780,0
24781,0
24782,0
24783,0
24784,0
24785,0
24786,0
24787,0
24788,0
24789,17916
24790,0
24791,0
24792,30502
24793,0
24794,0
24795,0
24796,0
24797,0
24798,0
24799,0
24800,0
24801,0
24802,0
24803,0
24804,7786
24805,0
24806,0
24807,0
24808,0
24809,0
24810,0
24811,0
24812,0
24813,0
24814,0
24815,0
24816,0
24817,0
24818,0
24819,0
24820,0
24821,0
24822,0
24823,0
24824,0
24825,0
24826,0
24827,0
24828,0
24829,5381
24830,0
24831,0
24832,0
24833,0
24834,0
24835,0
24836,0
24837,0
24838,0
24839,0
24840,3325
24841,0
24842,0
24843,0
24844,0
24845,0
24846,0
24847,0
24848,0
24849,0
24850,0
24851,0
24852,0
24853,0
24854,0
24855,0
24856,0
24857,0
24858,0
24859,0
24860,0
24861,0
24862,0
24863,0
24864,0
24865,8901
24866,0
24867,0
24868,0
24869,0
24870,0
24871,0
24872,0
24873,0
24874,0
24875,0
24876,0
24877,0
24878,0
24879,0
24880,0
24881,0
24882,0
24883,9199
24884,0
24885,0
24886,0
24887,0
24888,0
24889,0
24890,0
24891,0
24892,0
24893,0
24894,0
24895,0
24896,0
24897,0
24898,0
24899,0
24900,0
24901,0
24902,0
24903,0
24904,0
24905,0
24906,0
24907,0
24908,0
24909,0
24910,0
24911,0
24912,0
24913,0
24914,0
24915,0
24916,0
24917,0
24918,0
24919,0
24920,0
24921,0
24922,0
24923,0
24924,0
24925,0
24926,0
24927,0
24928,0
24929,0
24930,0
24931,0
24932,0
24933,0
24934,0
24935,0
24936,0
24937,0
24938,0
24939,0
24940,0
24941,0
24942,0
24943,0
24944,0
24945,0
24946,0
24947,0
24948,0
24949,0
24950,0
24951,0
24952,0
24953,15696
24954,0
24955,0
24956,0
24957,0
24958,0
24959,0
24960,0
24961,0
24962,0
24963,1769
24964,0
24965,0
24966,0
24967,0
24968,0
24969,0
24970,0
24971,0
24972,0
24973,0
24974,0
24975,0
24976,0
24977,0
24978,0
24979,0
24980,0
24981,0
24982,0
24983,5340
24984,0
24985,0
24986,0
24987,0
24988,0
24989,0
24990,0
24991,0
24992,0
24993,0
24994,0
24995,0
24996,0
24997,0
24998,0
24999,0
25000,0
25001,0
25002,0
25003,0
25004,0
25005,0
25006,0
25007,0
25008,0
25009,0
25010,0
25011,0
25012,0
25013,0
25014,0
25015,0
25016,0
25017,0
25018,0
25019,0
25020,0
25021,0
25022,0
25023,0
25024,8631
25025,0
25026,0
25027,0
25028,0
25029,0
25030,0
25031,0
25032,0
25033,0
25034,0
25035,0
25036,0
25037,0
25038,0
25039,0
25040,0
25041,0
25042,7911
25043,0
25044,0
25045,0
25046,0
25047,0
25048,0
25049,0
25050,0
25051,0
25052,0
25053,0
25054,2269
25055,0
25056,0
25057,0
25058,0
25059,0
25060,5402
25061,0
25062,0
25063,0
25064,0
25065,0
25066,0
25067,0
25068,0
25069,0
25070,0
25071,0
25072,0
25073,0
25074,0
25075,0
25076,0
25077,0
25078,0
25079,0
25080,0
25081,0
25082,0
25083,0
25084,0
25085,0
25086,0
25087,0
25088,0
25089,0
25090,0
25091,0
25092,19668
25093,0
25094,0
25095,0
25096,0
25097,0
25098,0
25099,0
25100,0
25101,0
25102,0
25103,0
25104,0
25105,0
25106,0
25107,0
25108,6405
25109,0
25110,0
25111,0
25112,0
25113,0
25114,0
25115,0
25116,0
25117,0
25118,0
25119,0
25120,0
25121,0
25122,0
25123,0
25124,0
25125,0
25126,0
25127,0
25128,0
25129,0
25130,0
25131,0
25132,0
25133,0
25134,0
25135,0
25136,0
25137,0
25138,0
25139,0
25140,0
25141,0
25142,0
25143,0
25144,0
25145,0
25146,0
25147,0
25148,0
25149,0
25150,0
25151,0
25152,0
25153,0
25154,0
25155,0
25156,0
25157,0
25158,0
25159,0
25160,0
25161,0
25162,0
25163,0
25164,0
25165,0
25166,0
25167,0
25168,0
25169,0
25170,0
25171,0
25172,0
25173,0
25174,0
25175,0
25176,0
25177,0
25178,0
25179,0
25180,0
25181,0
25182,0
25183,0
25184,0
25185,0
25186,0
25187,0
25188,0
25189,0
25190,0
25191,0
25192,0
25193,0
25194,0
25195,0
25196,0
25197,0
25198,0
25199,0
25200,0
25201,0
25202,0
25203,0
25204,0
25205,0
25206,14035
25207,0
25208,0
25209,0
25210,0
25211,0
25212,7895
25213,0
25214,0
25215,0
25216,0
25217,0
25218,0
25219,0
25220,0
25221,0
25222,0
25223,0
25224,0
25225,0
25226,0
25227,0
25228,0
25229,0
25230,0
25231,0
25232,0
25233,0
25234,0
25235,0
25236,0
25237,0
25238,0
25239,0
25240,0
25241,0
25242,0
25243,0
25244,0
25245,0
25246,0
25247,0
25248,0
25249,0
25250,0
25251,0
25252,0
25253,0
25254,0
25255,0
25256,0
25257,0
25258,0
25259,0
25260,0
25261,0
25262,4111
25263,17650
25264,0
25265,0
25266,0
25267,0
25268,0
25269,0
25270,0
25271,0
25272,0
25273,0
25274,0
25275,0
25276,0
25277,0
25278,0
25279,0
25280,0
25281,0
25282,0
25283,0
25284,0
25285,0
25286,0
25287,0
25288,0
25289,0
25290,0
25291,0
25292,0
25293,0
25294,0
25295,0
25296,0
25297,0
25298,0
25299,13098
25300,0
25301,0
25302,0
25303,0
25304,0
25305,0
25306,0
25307,0
25308,0
25309,0
25310,0
25311,0
25312,0
25313,0
25314,0
25315,0
25316,0
25317,0
25318,0
25319,0
25320,0
25321,0
25322,0
25323,0
25324,0
25325,0
25326,0
25327,0
25328,0
25329,0
25330,0
25331,0
25332,0
25333,0
25334,0
25335,0
25336,0
25337,0
25338,0
25339,0
25340,0
25341,0
25342,0
25343,0
25344,0
25345,0
25346,0
25347,0
25348,0
25349,0
25350,0
25351,0
25352,0
25353,0
25354,0
25355,0
25356,0
25357,0
25358,0
25359,0
25360,0
25361,0
25362,0
25363,0
25364,0
25365,0
25366,0
25367,0
25368,0
25369,0
25370,0
25371,0
25372,0
25373,0
25374,0
25375,0
25376,0
25377,0
25378,0
25379,0
25380,0
25381,0
25382,0
25383,0
25384,0
25385,0
25386,0
25387,0
25388,0
25389,0
25390,0
25391,0
25392,0
25393,2894
25394,0
25395,0
25396,0
25397,2326
25398,0
25399,0
25400,0
25401,0
25402,0
25403,0
25404,0
25405,0
25406,0
25407,0
25408,0
25409,0
25410,0
25411,0
25412,0
25413,0
25414,0
25415,0
25416,0
25417,0
25418,0
25419,0
25420,0
25421,0
25422,0
25423,0
25424,0
25425,0
25426,0
25427,0
25428,0
25429,0
25430,0
25431,0
25432,0
25433,0
25434,0
25435,0
25436,0
25437,0
25438,0
25439,0
25440,0
25441,0
25442,0
25443,0
25444,0
25445,0
25446,0
25447,0
25448,0
25449,0
25450,0
25451,0
25452,0
25453,0
25454,0
25455,0
25456,0
25457,0
25458,0
25459,0
25460,0
25461,2517
25462,0
25463,0
25464,0
25465,0
25466,0
25467,0
25468,0
25469,0
25470,0
25471,0
25472,0
25473,0
25474,0
25475,0
25476,0
25477,0
25478,12308
25479,0
25480,0
25481,0
25482,0
25483,0
25484,0
25485,0
25486,0
25487,0
25488,0
25489,0
25490,0
25491,0
25492,0
25493,0
25494,0
25495,0
25496,0
25497,0
25498,0
25499,0
25500,0
25501,0
25502,0
25503,0
25504,0
25505,0
25506,0
25507,0
25508,0
25509,0
25510,0
25511,0
25512,0
25513,0
25514,0
25515,0
25516,0
25517,0
25518,0
25519,0
25520,0
25521,0
25522,0
25523,0
25524,0
25525,0
25526,0
25527,0
25528,0
25529,0
25530,0
25531,0
25532,0
25533,0
25534,0
25535,0
25536,0
25537,0
25538,0
25539,0
25540,0
25541,0
25542,0
25543,0
25544,0
25545,0
25546,0
25547,0
25548,0
25549,0
25550,0
25551,0
25552,0
25553,0
25554,0
25555,0
25556,0
25557,0
25558,0
25559,0
25560,0
25561,0
25562,0
25563,0
25564,0
25565,0
25566,0
25567,0
25568,0
25569,0
25570,0
25571,0
25572,0
25573,0
25574,0
25575,5059
25576,0
25577,0
25578,0
25579,0
25580,0
25581,0
25582,0
25583,0
25584,0
25585,0
25586,0
25587,0
25588,0
25589,0
25590,0
25591,0
25592,0
25593,0
25594,0
25595,0
25596,0
25597,0
25598,0
25599,0
25600,0
25601,0
25602,0
25603,0
25604,0
25605,0
25606,0
25607,0
25608,0
25609,0
25610,0
25611,6178
25612,0
25613,0
25614,0
25615,0
25616,0
25617,0
25618,0
25619,0
25620,0
25621,0
25622,0
25623,0
25624,0
25625,0
25626,0
25627,14033
25628,0
25629,5450
25630,0
25631,0
25632,0
25633,0
25634,0
25635,0
25636,0
25637,0
25638,0
25639,0
25640,0
25641,0
25642,0
25643,0
25644,0
25645,0
25646,5265
25647,7580
25648,10321
25649,12963
25650,7930
25651,7086
25652,13560
25653,9990
25654,11760
25655,7944
25656,10133
25657,12285
25658,7483
25659,7582
25660,10052
25661,11397
25662,10779
25663,10729
25664,9848
25665,11347
25666,8513
25667,6805
25668,8756
25669,14467
25670,14144
25671,11580
25672,15068
25673,7803
25674,13519
25675,5789
25676,7699
25677,6263
25678,11303
25679,11440
25680,18592
25681,11767
25682,9904
25683,10211
25684,8045
25685,5446
25686,8070
25687,14166
25688,9340
25689,8338
25690,7342
25691,8265
25692,10739
25693,5067
25694,10597
25695,6775
25696,9554
25697,9835
25698,7812
25699,11234
25700,7965
25701,10012
25702,14796
25703,11122
25704,8774
25705,15151
25706,6787
25707,9130
25708,10653
25709,16210
25710,7980
25711,7693
25712,11981
25713,9064
25714,11471
25715,10144
25716,13802
25717,8108
25718,7104
25719,8966
25720,8299
25721,13287
25722,11624
25723,5826
25724,8362
25725,10868
25726,9029
25727,13629
25728,5083
25729,18394
25730,8827
25731,6778
25732,8671
25733,10819
25734,8452
25735,12191
25736,6554
25737,10061
25738,8538
25739,11653
25740,11229
25741,9612
25742,11202
25743,7789
25744,8019
25745,10872
25746,11066
25747,11346
25748,6255
25749,12587
25750,7475
25751,11852
25752,9884
25753,16956
25754,9194
25755,6566
25756,9330
25757,7485
25758,7719
25759,7815
25760,9855
25761,10110
25762,5249
25763,13820
25764,8812
25765,10373
25766,6574
25767,10443
25768,13699
25769,5757
25770,16454
25771,8397
25772,8160
25773,11858
25774,12333
25775,6897
25776,6349
25777,9881
25778,9506
25779,6435
25780,8190
25781,8481
25782,11380
25783,12762
25784,9860
25785,9766
25786,7761
25787,5841
25788,9808
25789,9620
25790,10520
25791,12135
25792,11923
25793,12481
25794,8217
25795,13005
25796,11205
25797,8266
25798,10478
25799,14145
25800,10116
25801,12004
25802,14840
25803,9219
25804,12617
25805,7913
25806,9294
25807,11728
25808,8900
25809,10521
25810,5468
25811,7186
25812,14545
25813,11614
25814,8576
25815,5793
25816,13358
25817,8768
25818,12019
25819,7931
25820,8484
25821,8098
25822,6275
25823,16625
25824,11283
25825,10339
25826,10264
25827,7984
25828,8165
25829,9473
25830,11103
25831,5540
25832,9323
25833,7819
25834,11492
25835,11010
25836,8504
25837,16449
25838,7948
25839,6041
25840,14756
25841,8026
25842,9553
25843,6046
25844,12664
25845,10303
25846,7130
25847,8620
25848,10053
25849,7645
25850,9754
25851,11878
25852,18157
25853,4093
25854,9331
25855,4258
25856,19995
25857,6816
25858,12985
25859,13037
25860,9464
25861,10231
25862,6479
25863,7316
25864,4484
25865,6487
25866,8689
25867,7843
25868,11370
25869,10455
25870,8340
25871,9301
25872,8308
25873,10877
25874,12184
25875,10996
25876,7173
25877,5567
25878,12758
25879,18505
25880,8587
25881,11138
25882,6423
25883,10832
25884,7835
25885,7076
25886,8993
25887,7198
25888,10830
25889,9400
25890,11823
25891,9824
25892,12374
25893,10813
25894,7717
25895,13450
25896,23702
25897,15873
25898,9087
25899,4415
25900,8476
25901,12303
25902,7089
25903,8059
25904,14092
25905,7739
25906,22155
25907,21323
25908,5932
25909,9883
25910,8030
25911,5850
25912,11458
25913,7308
25914,14609
25915,13311
25916,14133
25917,10427
25918,12647
25919,4891
25920,10215
25921,5417
25922,8937
25923,10361
25924,16773
25925,7845
25926,8089
25927,6780
25928,10340
25929,8089
25930,6808
25931,7171
25932,10636
25933,8677
25934,8497
25935,11016
25936,13077
25937,0
25938,9689
25939,8524
25940,7533
25941,9676
25942,10853
25943,11495
25944,10843
25945,9369
25946,7386
25947,5140
25948,9109
25949,9115
25950,9438
25951,6326
25952,4297
25953,13010
25954,11313
25955,13718
25956,8833
25957,8928
25958,11543
25959,7639
25960,5877
25961,15794
25962,7111
25963,11733
25964,10240
25965,19780
25966,8413
25967,9062
25968,9585
25969,9006
25970,8649
25971,7243
25972,12713
25973,6160
25974,10201
25975,5819
25976,7118
25977,5768
25978,13851
25979,7081
25980,21094
25981,18363
25982,6192
25983,9215
25984,6912
25985,10247
25986,7609
25987,15790
25988,12383
25989,14933
25990,6669
25991,9937
25992,6115
25993,11596
25994,10971
25995,9945
25996,8864
25997,8769
25998,7275
25999,12055
26000,12211
26001,7622
26002,11616
26003,15219
26004,8200
26005,10541
26006,9325
26007,13198
26008,10104
26009,6664
26010,7554
26011,10073
26012,8696
26013,17167
26014,8248
26015,10789
26016,9919
26017,13561
26018,5628
26019,10667
26020,15534
26021,13080
26022,11513
26023,9469
26024,6212
26025,19238
26026,13475
26027,12957
26028,20505
26029,14329
26030,11520
26031,9860
26032,14649
26033,15543
26034,15368
26035,17146
26036,8431
26037,11612
26038,8576
26039,12299
26040,5080
26041,16459
26042,9603
26043,8333
26044,8192
26045,14239
26046,12269
26047,8616
26048,10083
26049,7182
26050,8056
26051,9805
26052,5497
26053,6748
26054,8041
26055,10065
26056,14071
26057,11484
26058,10042
26059,8674
26060,9070
26061,16465
26062,10627
26063,8054
26064,7956
26065,6902
26066,12334
26067,5773
26068,13404
26069,9987
26070,4712
26071,7299
26072,12354
26073,8750
26074,7436
26075,11392
26076,13001
26077,15896
26078,8220
26079,12909
26080,4298
26081,8505
26082,10341
26083,9771
26084,11439
26085,7182
26086,8547
26087,6533
26088,8394
26089,15353
26090,10793
26091,7311
26092,7245
26093,12388
26094,15063
26095,10919
26096,7517
26097,7522
26098,12567
26099,9475
26100,9254
26101,8718
26102,7870
26103,10057
26104,14060
26105,6754
26106,5962
26107,7270
26108,8977
26109,12778
26110,11999
26111,11812
26112,18177
26113,7643
26114,16636
26115,16546
26116,9565
26117,6954
26118,4998
26119,12104
26120,8622
26121,9985
26122,9250
26123,10677
26124,15989
26125,7430
26126,8823
26127,11661
26128,7733
26129,9645
26130,7149
26131,6626
26132,9927
26133,5439
26134,12866
26135,10480
26136,10230
26137,11049
26138,12975
26139,10445
26140,8180
26141,12676
26142,11359
26143,8712
26144,7537
26145,7416
26146,6866
26147,13681
26148,11376
26149,8865
26150,7272
26151,11239
26152,12530
26153,10803
26154,8980
26155,12140
26156,6786
26157,6785
26158,22639
26159,9722
26160,11070
26161,9359
26162,9140
26163,9399
26164,8285
26165,5839
26166,6886
26167,11725
26168,17948
26169,11721
26170,12890
26171,16901
26172,14249
26173,16146
26174,11994
26175,7954
26176,6712
26177,13636
26178,15936
26179,12156
26180,12223
26181,11528
26182,8298
26183,6495
26184,13646
26185,10859
26186,10857
26187,8815
26188,4860
26189,21183
26190,17096
26191,18829
26192,8125
26193,8223
26194,6552
26195,8631
26196,8768
26197,13938
26198,8431
26199,6951
26200,7151
26201,11045
26202,6251
26203,4136
26204,9782
26205,19798
26206,10111
26207,20779
26208,6478
26209,8020
26210,10165
26211,8341
26212,7285
26213,6641
26214,5956
26215,5974
26216,11126
26217,10027
26218,5725
26219,12840
26220,10717
26221,10466
26222,6567
26223,13251
26224,12154
26225,12857
26226,8504
26227,9897
26228,6694
26229,6781
26230,7009
26231,20376
26232,15095
26233,8704
26234,8749
26235,6668
26236,7452
26237,6237
26238,12808
26239,6126
26240,21147
26241,6136
26242,6815
26243,7571
26244,13067
26245,10354
26246,6413
26247,8772
26248,10366
26249,10311
26250,10506
26251,8114
26252,7073
26253,15548
26254,6553
26255,6615
26256,7694
26257,9429
26258,8792
26259,8579
26260,13633
26261,11091
26262,10146
26263,9805
26264,6855
26265,10832
26266,7751
26267,6353
26268,9633
26269,10108
26270,9694
26271,15748
26272,9441
26273,8857
26274,9179
26275,9758
26276,8156
26277,10032
26278,8746
26279,12465
26280,10777
26281,11725
26282,12102
26283,7981
26284,6504
26285,17791
26286,8914
26287,4243
26288,10353
26289,11520
26290,14209
26291,7001
26292,8792
26293,9547
26294,6543
26295,8338
26296,9971
26297,12239
26298,8174
26299,11651
26300,14280
26301,4155
26302,9132
26303,8556
26304,8018
26305,8042
26306,9207
26307,13607
26308,7011
26309,8692
26310,12019
26311,10708
26312,13882
26313,13423
26314,6324
26315,9454
26316,9355
26317,11578
26318,11418
26319,11899
26320,5691
26321,10173
26322,10345
26323,11042
26324,14729
26325,6063
26326,5288
26327,15870
26328,13209
26329,13365
26330,10155
26331,11091
26332,11740
26333,5686
26334,9866
26335,7475
26336,11529
26337,10597
26338,12846
26339,10906
26340,10025
26341,13360
26342,15480
26343,21461
26344,9514
26345,7095
26346,9403
26347,5835
26348,4880
26349,16239
26350,12336
26351,7670
26352,12769
26353,8187
26354,14445
26355,7156
26356,9123
26357,8855
26358,13925
26359,6747
26360,10590
26361,7419
26362,8468
26363,9997
26364,6591
26365,10065
26366,9180
26367,12054
26368,11078
26369,9380
26370,7704
26371,17427
26372,6480
26373,6624
26374,16509
26375,10446
26376,14082
26377,10449
26378,16657
26379,8790
26380,10206
26381,6869
26382,9264
26383,11708
26384,16606
26385,9989
26386,11677
26387,12159
26388,6646
26389,10033
26390,13088
26391,10288
26392,12286
26393,8414
26394,6976
26395,7181
26396,5528
26397,8657
26398,12087
26399,11603
26400,16119
26401,22177
26402,9925
26403,6769
26404,10882
26405,9595
26406,13189
26407,6136
26408,8999
26409,5336
26410,11557
26411,9122
26412,9615
26413,19629
26414,13354
26415,7996
26416,9651
26417,5293
26418,6519
26419,7520
26420,11704
26421,7558
26422,5743
26423,8345
26424,12390
26425,10676
26426,7702
26427,7426
26428,10403
26429,10233
26430,11358
26431,5675
26432,15303
26433,23888
26434,4211
26435,9783
26436,13065
26437,11626
26438,8813
26439,4113
26440,6857
26441,11855
26442,6933
26443,12827
26444,12863
26445,6839
26446,8574
26447,9984
26448,8723
26449,6160
26450,8579
26451,11111
26452,12518
26453,11242
26454,16101
26455,7468
26456,5302
26457,10128
26458,7513
26459,14414
26460,8279
26461,6098
26462,27055
26463,10517
26464,8418
26465,15878
26466,10268
26467,11948
26468,8739
26469,10632
26470,6870
26471,12333
26472,17384
26473,8522
26474,7640
26475,9772
26476,18080
26477,9037
26478,7592
26479,9039
26480,7834
26481,10314
26482,5868
26483,12937
26484,6538
26485,9561
26486,4328
26487,24800
26488,12308
26489,6448
26490,6265
26491,14258
26492,8730
26493,9430
26494,11145
26495,9645
26496,6847
26497,6608
26498,12974
26499,8739
26500,8441
26501,10027
26502,10451
26503,7316
26504,10045
26505,8735
26506,4905
26507,11405
26508,11575
26509,5868
26510,9963
26511,10014
26512,6992
26513,13275
26514,9779
26515,8746
26516,8786
26517,10445
26518,5067
26519,6630
26520,7718
26521,14534
26522,8499
26523,13282
26524,5715
26525,10697
26526,6586
26527,8308
26528,6373
26529,9155
26530,7575
26531,10009
26532,10864
26533,12189
26534,6270
26535,9510
26536,9473
26537,12538
26538,8282
26539,13255
26540,12998
26541,8803
26542,3884
26543,12194
26544,8836
26545,8701
26546,11032
26547,5680
26548,14429
26549,7478
26550,9710
26551,14373
26552,8474
26553,6826
26554,0
26555,9640
26556,14525
26557,6969
26558,12105
26559,13122
26560,8339
26561,7116
26562,9027
26563,8128
26564,8409
26565,7270
26566,13719
26567,9518
26568,6848
26569,6620
26570,7424
26571,11224
26572,10138
26573,13468
26574,7945
26575,9875
26576,5725
26577,10389
26578,11639
26579,9629
26580,8465
26581,8682
26582,11610
26583,13577
26584,8472
26585,11867
26586,8060
26587,9169
26588,10001
26589,8823
26590,5950
26591,5865
26592,9126
26593,8686
26594,9762
26595,8727
26596,11989
26597,7114
26598,8726
26599,10354
26600,7498
26601,4721
26602,13849
26603,5316
26604,10757
26605,10373
26606,8541
26607,10615
26608,19514
26609,12261
26610,11404
26611,6349
26612,11564
26613,10452
26614,5024
26615,4698
26616,12105
26617,5953
26618,11248
26619,16275
26620,10434
26621,11026
26622,8328
26623,11690
26624,10846
26625,10108
26626,11710
26627,14033
26628,13805
26629,9761
26630,10874
26631,7405
26632,10071
26633,6408
26634,7581
26635,9710
26636,7403
26637,7342
26638,12365
26639,8244
26640,14286
26641,11983
26642,7798
26643,5768
26644,15018
26645,9888
26646,9071
26647,9795
26648,11479
26649,8434
26650,8417
26651,9826
26652,10423
26653,8574
26654,6517
26655,13126
26656,9705
26657,7371
26658,5856
26659,17052
26660,8572
26661,9244
26662,9255
26663,16107
26664,14224
26665,11088
26666,12071
26667,11621
26668,9060
26669,8212
26670,9398
26671,14197
26672,21186
26673,8376
26674,7982
26675,5720
26676,7845
26677,14100
26678,21142
26679,11239
26680,8367
26681,6849
26682,8655
26683,8212
26684,13453
26685,13265
26686,7602
26687,5675
26688,11206
26689,8645
26690,11589
26691,14904
26692,7314
26693,11461
26694,5029
26695,9923
26696,11054
26697,10729
26698,13545
26699,10371
26700,10992
26701,6894
26702,9045
26703,10071
26704,11905
26705,10297
26706,11104
26707,9150
26708,7152
26709,12975
26710,5833
26711,13815
26712,8230
26713,6239
26714,9711
26715,10076
26716,8837
26717,10642
26718,13812
26719,8327
26720,14265
26721,6031
26722,6733
26723,11106
26724,12507
26725,14043
26726,9725
26727,9526
26728,7134
26729,7604
26730,11152
26731,9987
26732,8913
26733,7688
26734,14491
26735,10178
26736,13610
26737,15142
26738,11640
26739,6711
26740,6844
26741,8510
26742,11536
26743,8122
26744,11576
26745,7773
26746,16363
26747,8960
26748,7731
26749,7421
26750,8790
26751,7548
26752,10408
26753,10827
26754,7778
26755,8220
26756,7725
26757,14911
26758,8459
26759,25660
26760,9561
26761,4875
26762,6637
26763,9013
26764,11103
26765,6242
26766,5661
26767,12005
26768,8291
26769,8717
26770,7033
26771,8929
26772,10064
26773,5796
26774,6341
26775,8396
26776,9799
26777,9012
26778,8409
26779,7863
26780,10057
26781,7433
26782,5663
26783,6802
26784,11580
26785,12148
26786,8242
26787,12897
26788,6560
26789,10155
26790,5343
26791,6829
26792,5126
26793,8904
26794,9687
26795,14810
26796,10519
26797,7352
26798,7578
26799,6365
26800,5052
26801,6603
26802,12325
26803,7657
26804,6824
26805,5814
26806,6694
26807,9363
26808,4214
26809,8803
26810,5303
26811,7680
26812,7975
26813,6547
26814,8865
26815,6431
26816,8568
26817,10858
26818,8751
26819,6982
26820,11711
26821,5900
26822,7984
26823,8547
26824,13019
26825,6530
26826,6847
26827,10250
26828,8106
26829,10570
26830,8138
26831,11105
26832,6453
26833,6272
26834,7299
26835,6960
26836,10462
26837,9390
26838,4621
26839,7031
26840,8824
26841,7638
26842,11653
26843,4334
26844,15354
26845,7618
26846,5890
26847,7486
26848,8135
26849,7196
26850,9796
26851,5609
26852,7870
26853,7547
26854,9102
26855,8955
26856,7775
26857,8228
26858,6344
26859,6657
26860,8884
26861,9468
26862,8751
26863,5454
26864,11371
26865,6159
26866,10526
26867,8445
26868,13705
26869,7745
26870,5325
26871,7897
26872,6612
26873,6430
26874,6205
26875,8758
26876,8692
26877,4284
26878,10438
26879,7493
26880,8485
26881,5144
26882,8753
26883,11001
26884,5346
26885,14163
26886,6703
26887,6586
26888,9894
26889,10635
26890,5933
26891,5104
26892,8603
26893,7649
26894,5546
26895,7004
26896,6699
26897,9824
26898,10067
26899,8108
26900,8842
26901,6879
26902,4828
26903,7900
26904,8276
26905,8958
26906,9823
26907,8772
26908,11086
26909,7160
26910,10406
26911,8195
26912,6982
26913,8472
26914,11164
26915,7859
26916,9324
26917,12306
26918,8528
26919,9554
26920,6735
26921,7907
26922,9623
26923,7926
26924,8414
26925,4635
26926,6375
26927,13141
26928,9408
26929,7250
26930,5004
26931,10109
26932,7839
26933,10273
26934,6906
26935,7200
26936,6104
26937,4990
26938,12638
26939,9116
26940,8445
26941,8618
26942,6609
26943,6988
26944,7563
26945,8481
26946,4881
26947,8250
26948,6218
26949,10115
26950,9409
26951,7477
26952,14292
26953,6692
26954,5183
26955,12582
26956,6221
26957,8195
26958,4824
26959,10039
26960,8812
26961,5777
26962,7275
26963,8173
26964,6453
26965,8102
26966,9649
26967,14517
26968,3375
26969,7928
26970,3626
26971,17551
26972,5678
26973,10781
26974,10364
26975,7675
26976,8176
26977,5646
26978,6637
26979,3768
26980,5875
26981,7380
26982,6867
26983,8282
26984,8468
26985,6520
26986,8256
26987,6926
26988,9137
26989,11092
26990,9071
26991,5835
26992,4245
26993,11294
26994,13611
26995,7107
26996,9669
26997,5416
26998,8930
26999,6054
27000,5975
27001,7444
27002,5027
27003,8949
27004,7069
27005,10589
27006,8456
27007,10108
27008,9240
27009,6310
27010,11050
27011,21115
27012,12877
27013,6893
27014,3602
27015,6954
27016,10345
27017,6314
27018,7016
27019,13589
27020,7024
27021,16424
27022,20035
27023,5032
27024,8487
27025,6919
27026,5146
27027,10163
27028,6284
27029,11109
27030,11343
27031,12253
27032,8234
27033,9733
27034,4644
27035,8270
27036,4432
27037,7540
27038,8586
27039,12180
27040,6675
27041,6838
27042,5787
27043,8474
27044,6853
27045,5899
27046,5534
27047,9215
27048,6870
27049,7184
27050,9088
27051,10136
27052,0
27053,8288
27054,7928
27055,6846
27056,8482
27057,8650
27058,9286
27059,8715
27060,8952
27061,6314
27062,4416
27063,7624
27064,8025
27065,7405
27066,5430
27067,3634
27068,11129
27069,8658
27070,11396
27071,8199
27072,6929
27073,8324
27074,5979
27075,5154
27076,12091
27077,6004
27078,8789
27079,8794
27080,16707
27081,7165
27082,7309
27083,8245
27084,7784
27085,7117
27086,5795
27087,9981
27088,5168
27089,8090
27090,4830
27091,6763
27092,4348
27093,12220
27094,5920
27095,19955
27096,16593
27097,5387
27098,8388
27099,6366
27100,8321
27101,6489
27102,13378
27103,9521
27104,12894
27105,5393
27106,8705
27107,5230
27108,10173
27109,9948
27110,8373
27111,7071
27112,7458
27113,6769
27114,9231
27115,10762
27116,6408
27117,9020
27118,11594
27119,6808
27120,8700
27121,7629
27122,11226
27123,8862
27124,6236
27125,6525
27126,7900
27127,6713
27128,13147
27129,7052
27130,8607
27131,8230
27132,10876
27133,4964
27134,9135
27135,12740
27136,10733
27137,10489
27138,7949
27139,4998
27140,17027
27141,10844
27142,9267
27143,18391
27144,12313
27145,8971
27146,7912
27147,12055
27148,12186
27149,13757
27150,14107
27151,6697
27152,8714
27153,6585
27154,10105
27155,4572
27156,13123
27157,8080
27158,6891
27159,7027
27160,12088
27161,9947
27162,6785
27163,8378
27164,6550
27165,6391
27166,7914
27167,4525
27168,5599
27169,7382
27170,7956
27171,11143
27172,9881
27173,8407
27174,7101
27175,7329
27176,13660
27177,9069
27178,6607
27179,6957
27180,5615
27181,10671
27182,4961
27183,11766
27184,8158
27185,3917
27186,6206
27187,10073
27188,7165
27189,6032
27190,9500
27191,10514
27192,13991
27193,7196
27194,11171
27195,3491
27196,6636
27197,8795
27198,7270
27199,9052
27200,6388
27201,7306
27202,5300
27203,6361
27204,13015
27205,9505
27206,5901
27207,6039
27208,9722
27209,13080
27210,9322
27211,6778
27212,6476
27213,10964
27214,7625
27215,7823
27216,7601
27217,6053
27218,8453
27219,12202
27220,4968
27221,5131
27222,6190
27223,7000
27224,10917
27225,9623
27226,9721
27227,15874
27228,6421
27229,13930
27230,14494
27231,7786
27232,6032
27233,4240
27234,9389
27235,7545
27236,7551
27237,7097
27238,8816
27239,14416
27240,6402
27241,6966
27242,8953
27243,7177
27244,7880
27245,5969
27246,5223
27247,8439
27248,4429
27249,10889
27250,9418
27251,8160
27252,9707
27253,10674
27254,9819
27255,6735
27256,9746
27257,10694
27258,7643
27259,6494
27260,6347
27261,5718
27262,12134
27263,8081
27264,7629
27265,6737
27266,8316
27267,9817
27268,8644
27269,7775
27270,9939
27271,6104
27272,6434
27273,19910
27274,8269
27275,9336
27276,7578
27277,7667
27278,7317
27279,6365
27280,4877
27281,5682
27282,9769
27283,15663
27284,9796
27285,10947
27286,14697
27287,12048
27288,13232
27289,9746
27290,7067
27291,5884
27292,11460
27293,12823
27294,9467
27295,9844
27296,10199
27297,7322
27298,5427
27299,12222
27300,8891
27301,8325
27302,7687
27303,4140
27304,17459
27305,14060
27306,16847
27307,6820
27308,6635
27309,5722
27310,7344
27311,8003
27312,11425
27313,7203
27314,5792
27315,5694
27316,9676
27317,4870
27318,3753
27319,7734
27320,17609
27321,8065
27322,18844
27323,5420
27324,6443
27325,8153
27326,7205
27327,6085
27328,5611
27329,5266
27330,4869
27331,9226
27332,7765
27333,5107
27334,10666
27335,8177
27336,8667
27337,5321
27338,11338
27339,9164
27340,11237
27341,7214
27342,8880
27343,4952
27344,5830
27345,5530
27346,17239
27347,11906
27348,7312
27349,6895
27350,5485
27351,6775
27352,5242
27353,11200
27354,5344
27355,17613
27356,5288
27357,6088
27358,6905
27359,11098
27360,8348
27361,5643
27362,8039
27363,9671
27364,8328
27365,8869
27366,7231
27367,5521
27368,13547
27369,5839
27370,5197
27371,6649
27372,7522
27373,7305
27374,7310
27375,11392
27376,9831
27377,8034
27378,7984
27379,5490
27380,9487
27381,7057
27382,5136
27383,8215
27384,7612
27385,7907
27386,11564
27387,7788
27388,7735
27389,7861
27390,8389
27391,7106
27392,8604
27393,7510
27394,8969
27395,8631
27396,8893
27397,10451
27398,7114
27399,5475
27400,13871
27401,7133
27402,4003
27403,9411
27404,10107
27405,12972
27406,6161
27407,7277
27408,8049
27409,4716
27410,7255
27411,8266
27412,8623
27413,6910
27414,8986
27415,10250
27416,3987
27417,7613
27418,7171
27419,6944
27420,6415
27421,7829
27422,11170
27423,6528
27424,6242
27425,10440
27426,8500
27427,10507
27428,11330
27429,5430
27430,7961
27431,8450
27432,9962
27433,9337
27434,9380
27435,4422
27436,9352
27437,8211
27438,8829
27439,11707
27440,5567
27441,4946
27442,14774
27443,10759
27444,10258
27445,7865
27446,8343
27447,10207
27448,4615
27449,8157
27450,6754
27451,8949
27452,8575
27453,9851
27454,9808
27455,7454
27456,10916
27457,12602
27458,18301
27459,8993
27460,6078
27461,7621
27462,4971
27463,4132
27464,13657
27465,9370
27466,6296
27467,10841
27468,6239
27469,12796
27470,5466
27471,7589
27472,7191
27473,11282
27474,5931
27475,8496
27476,6670
27477,6755
27478,9278
27479,5504
27480,8504
27481,8219
27482,10627
27483,9146
27484,7614
27485,6766
27486,14460
27487,5799
27488,5793
27489,13139
27490,8753
27491,11393
27492,8829
27493,15219
27494,7246
27495,6654
27496,6054
27497,7539
27498,9456
27499,13278
27500,8561
27501,10052
27502,9156
27503,4717
27504,8570
27505,9924
27506,8264
27507,9670
27508,6814
27509,6036
27510,5972
27511,4764
27512,6534
27513,9977
27514,9376
27515,12749
27516,18762
27517,8257
27518,5882
27519,8598
27520,8447
27521,11307
27522,4777
27523,7176
27524,4885
27525,10392
27526,7696
27527,7590
27528,16193
27529,12153
27530,5857
27531,7908
27532,4497
27533,6113
27534,6425
27535,9732
27536,6020
27537,4795
27538,7363
27539,10212
27540,9447
27541,6326
27542,6700
27543,7844
27544,8401
27545,8516
27546,4611
27547,12216
27548,20713
27549,4086
27550,8033
27551,10730
27552,8998
27553,6443
27554,3525
27555,5510
27556,9817
27557,5918
27558,10104
27559,10538
27560,5362
27561,6481
27562,8161
27563,7344
27564,5637
27565,6656
27566,8687
27567,11026
27568,9117
27569,12996
27570,6410
27571,4559
27572,7877
27573,6704
27574,10550
27575,7206
27576,5209
27577,24850
27578,8495
27579,7194
27580,13774
27581,8763
27582,9529
27583,7369
27584,8985
27585,5856
27586,10289
27587,15135
27588,6469
27589,7069
27590,8020
27591,16091
27592,7655
27593,6505
27594,7706
27595,6294
27596,7872
27597,5033
27598,10343
27599,4988
27600,8487
27601,3396
27602,22349
27603,10544
27604,4990
27605,4984
27606,12601
27607,7262
27608,8098
27609,9371
27610,7623
27611,5451
27612,5867
27613,11417
27614,7086
27615,7485
27616,8662
27617,8784
27618,6011
27619,8510
27620,7808
27621,4479
27622,10210
27623,10604
27624,5304
27625,8120
27626,8081
27627,5532
27628,10959
27629,7588
27630,8199
27631,7103
27632,8405
27633,4101
27634,5436
27635,6209
27636,12206
27637,7176
27638,10346
27639,4629
27640,9268
27641,5276
27642,7135
27643,5184
27644,7481
27645,6915
27646,8430
27647,8442
27648,9919
27649,4791
27650,7286
27651,7737
27652,9644
27653,7663
27654,10679
27655,11039
27656,7552
27657,3538
27658,9687
27659,6945
27660,7348
27661,8984
27662,4918
27663,12112
27664,6093
27665,7562
27666,12742
27667,7762
27668,5520
27669,0
27670,7254
27671,11713
27672,6194
27673,11544
27674,11741
27675,6737
27676,6384
27677,8043
27678,6397
27679,7024
27680,6927
27681,11307
27682,7882
27683,6339
27684,5485
27685,7477
27686,8787
27687,7867
27688,9845
27689,7097
27690,8133
27691,5092
27692,9014
27693,9369
27694,8111
27695,6879
27696,7438
27697,9648
27698,11224
27699,6539
27700,9537
27701,6851
27702,7769
27703,8254
27704,8127
27705,5166
27706,5384
27707,8521
27708,8064
27709,7656
27710,7192
27711,9703
27712,6363
27713,6998
27714,8064
27715,5739
27716,3721
27717,11134
27718,4678
27719,9040
27720,8596
27721,7134
27722,9016
27723,16137
27724,10351
27725,9569
27726,5349
27727,9305
27728,8414
27729,4842
27730,3977
27731,9829
27732,4395
27733,9347
27734,14585
27735,8820
27736,8135
27737,6468
27738,8985
27739,8082
27740,7529
27741,8341
27742,10501
27743,10403
27744,8123
27745,9210
27746,6147
27747,8472
27748,5530
27749,6701
27750,7106
27751,5995
27752,6290
27753,9730
27754,6299
27755,11312
27756,9625
27757,5864
27758,5212
27759,12133
27760,8604
27761,7668
27762,7963
27763,9167
27764,6473
27765,7211
27766,8067
27767,8504
27768,7053
27769,5690
27770,10442
27771,7672
27772,6204
27773,4357
27774,14360
27775,7067
27776,7094
27777,7892
27778,13265
27779,10299
27780,9516
27781,10534
27782,8561
27783,6746
27784,7066
27785,8562
27786,11924
27787,16005
27788,6827
27789,6667
27790,4591
27791,6158
27792,12056
27793,18516
27794,8955
27795,6603
27796,5491
27797,7175
27798,6514
27799,11477
27800,10259
27801,7041
27802,4817
27803,9463
27804,7564
27805,9956
27806,10939
27807,5987
27808,9531
27809,4609
27810,8034
27811,10345
27812,8255
27813,11278
27814,8225
27815,9212
27816,5163
27817,7499
27818,8752
27819,10501
27820,8000
27821,9145
27822,7669
27823,5681
27824,11108
27825,5065
27826,12000
27827,7245
27828,5242
27829,8207
27830,8218
27831,7649
27832,8550
27833,11692
27834,6170
27835,12773
27836,4812
27837,5393
27838,9691
27839,10689
27840,11594
27841,8424
27842,8636
27843,6379
27844,7157
27845,9070
27846,7835
27847,7612
27848,6518
27849,11479
27850,8564
27851,10526
27852,13050
27853,9146
27854,5424
27855,5802
27856,6673
27857,11059
27858,6405
27859,9149
27860,6660
27861,12520
27862,7589
27863,6750
27864,6206
27865,6511
27866,6543
27867,8500
27868,8378
27869,6588
27870,6403
27871,6061
27872,10700
27873,7564
27874,23626
27875,7954
27876,4821
27877,6713
27878,8582
27879,10755
27880,5969
27881,5479
27882,10570
27883,7846
27884,8046
27885,6838
27886,9683
27887,9958
27888,6058
27889,5782
27890,8245
27891,9503
27892,7832
27893,8220
27894,7654
27895,9597
27896,6541
27897,5390
27898,6788
27899,11080
27900,11153
27901,7754
27902,11394
27903,5597
27904,9246
27905,4405
27906,6803
27907,5006
27908,8446
27909,9446
27910,13277
27911,10309
27912,7353
27913,7096
27914,6078
27915,4681
27916,6417
27917,12247
27918,6924
27919,6658
27920,5821
27921,6303
27922,9618
27923,4195
27924,8744
27925,5257
27926,8034
27927,7790
27928,6400
27929,8952
27930,6074
27931,8515
27932,9855
27933,8122
27934,6316
27935,11365
27936,5912
27937,7225
27938,8675
27939,12446
27940,5837
27941,6885
27942,9633
27943,8745
27944,9949
27945,7893
27946,10469
27947,5263
27948,5622
27949,6838
27950,6854
27951,10198
27952,9012
27953,4377
27954,6586
27955,8705
27956,7755
27957,10802
27958,4119
27959,15310
27960,7746
27961,5647
27962,7241
27963,7364
27964,6901
27965,9465
27966,5291
27967,7308
27968,6866
27969,8293
27970,8062
27971,6782
27972,7527
27973,5981
27974,6549
27975,9041
27976,9364
27977,8147
27978,5293
27979,11150
27980,5799
27981,10642
27982,8159
27983,13543
27984,7584
27985,5306
27986,7820
27987,6734
27988,6329
27989,5950
27990,8661
27991,8375
27992,4138
27993,9585
27994,7313
27995,8320
27996,5010
27997,8941
27998,10456
27999,4940
28000,14144
28001,6326
28002,6080
28003,9622
28004,9887
28005,5813
28006,4835
28007,8407
28008,7290
28009,5339
28010,7236
28011,6503
28012,9577
28013,9273
28014,7779
28015,8891
28016,6433
28017,4655
28018,7529
28019,8704
28020,8735
28021,9403
28022,8503
28023,10500
28024,6716
28025,10206
28026,7664
28027,6787
28028,8086
28029,10648
28030,7733
28031,8499
28032,11253
28033,8857
28034,9028
28035,6412
28036,7575
28037,8669
28038,7742
28039,7736
28040,4400
28041,6175
28042,12329
28043,9463
28044,6680
28045,4833
28046,9332
28047,7694
28048,9815
28049,6645
28050,6956
28051,5833
28052,4569
28053,11741
28054,8093
28055,8490
28056,7713
28057,6301
28058,6225
28059,7268
28060,8251
28061,4477
28062,6903
28063,5997
28064,9793
28065,8931
28066,7357
28067,13757
28068,6843
28069,5488
28070,12016
28071,5815
28072,8533
28073,3683
28074,9834
28075,8602
28076,5739
28077,7470
28078,9042
28079,6291
28080,7755
28081,8566
28082,14152
28083,3284
28084,7497
28085,3732
28086,16498
28087,6317
28088,9769
28089,10270
28090,7622
28091,7804
28092,5641
28093,5968
28094,3537
28095,5414
28096,7054
28097,6383
28098,8045
28099,8564
28100,5947
28101,7589
28102,6851
28103,8788
28104,10670
28105,9106
28106,5832
28107,4138
28108,10852
28109,12876
28110,6649
28111,9332
28112,5474
28113,8345
28114,5853
28115,6012
28116,7109
28117,4726
28118,8446
28119,6506
28120,10534
28121,8368
28122,9718
28123,9276
28124,6190
28125,10584
28126,20507
28127,11774
28128,6214
28129,3533
28130,6896
28131,9374
28132,5913
28133,6397
28134,13251
28135,6918
28136,15119
28137,20668
28138,4840
28139,7989
28140,6532
28141,4754
28142,9862
28143,6550
28144,10652
28145,11220
28146,10285
28147,7642
28148,8847
28149,4475
28150,7976
28151,4257
28152,7214
28153,8433
28154,11428
28155,6794
28156,6941
28157,5539
28158,8260
28159,6067
28160,5859
28161,5036
28162,9111
28163,6749
28164,6993
28165,7796
28166,9307
28167,0
28168,7834
28169,7053
28170,7084
28171,8128
28172,8210
28173,9598
28174,8327
28175,8484
28176,6848
28177,4355
28178,7617
28179,7731
28180,7397
28181,5036
28182,3225
28183,10254
28184,8107
28185,11563
28186,7854
28187,6579
28188,7601
28189,5865
28190,5023
28191,10836
28192,6081
28193,8533
28194,9010
28195,15908
28196,6822
28197,6089
28198,8205
28199,6084
28200,6472
28201,5705
28202,9086
28203,5040
28204,7861
28205,4647
28206,6356
28207,4121
28208,12066
28209,5781
28210,18502
28211,15686
28212,5324
28213,7998
28214,6103
28215,8111
28216,6166
28217,12828
28218,8927
28219,11748
28220,4969
28221,8476
28222,5466
28223,9719
28224,9769
28225,7933
28226,6589
28227,7580
28228,6857
28229,8974
28230,10295
28231,6797
28232,8205
28233,10946
28234,6923
28235,8297
28236,7452
28237,10536
28238,8667
28239,5894
28240,6218
28241,7004
28242,6372
28243,12752
28244,6978
28245,8129
28246,8151
28247,10262
28248,4885
28249,8798
28250,11231
28251,10199
28252,9670
28253,7438
28254,4785
28255,16873
28256,10179
28257,8955
28258,18395
28259,10228
28260,8603
28261,7659
28262,10872
28263,11402
28264,13204
28265,14273
28266,6119
28267,8216
28268,6342
28269,9916
28270,4256
28271,11745
28272,7426
28273,6897
28274,6825
28275,10677
28276,8964
28277,6476
28278,8077
28279,6445
28280,5557
28281,7893
28282,4597
28283,5716
28284,6857
28285,8180
28286,11413
28287,9681
28288,8019
28289,7166
28290,6498
28291,13175
28292,8091
28293,6228
28294,6612
28295,5452
28296,10371
28297,5258
28298,11967
28299,7905
28300,3680
28301,5929
28302,8918
28303,7083
28304,5783
28305,9925
28306,10333
28307,14157
28308,6933
28309,11398
28310,3421
28311,6183
28312,8741
28313,6510
28314,8587
28315,6191
28316,7076
28317,5094
28318,5918
28319,12910
28320,9467
28321,5374
28322,5771
28323,9367
28324,12373
28325,9297
28326,6215
28327,5603
28328,11810
28329,7537
28330,8559
28331,7032
28332,5833
28333,8267
28334,11712
28335,4185
28336,5253
28337,5384
28338,6693
28339,11223
28340,9551
28341,9159
28342,14629
28343,6430
28344,13077
28345,13847
28346,7953
28347,5795
28348,3752
28349,9122
28350,7144
28351,7022
28352,6961
28353,8533
28354,12923
28355,6152
28356,6556
28357,8524
28358,5853
28359,8308
28360,5789
28361,4852
28362,8603
28363,4275
28364,8836
28365,8987
28366,8011
28367,8911
28368,9848
28369,9394
28370,6382
28371,9325
28372,10145
28373,7442
28374,6345
28375,6473
28376,6281
28377,11581
28378,7810
28379,7317
28380,6225
28381,8369
28382,9102
28383,8007
28384,7390
28385,9646
28386,5913
28387,6477
28388,19882
28389,7373
28390,9234
28391,6908
28392,7247
28393,6982
28394,6237
28395,4824
28396,5825
28397,9680
28398,14797
28399,9717
28400,10688
28401,12271
28402,11708
28403,12662
28404,9425
28405,7223
28406,5788
28407,11325
28408,12218
28409,9231
28410,9389
28411,8723
28412,7161
28413,4922
28414,11750
28415,8504
28416,7495
28417,7107
28418,3624
28419,15445
28420,13751
28421,16279
28422,6505
28423,6202
28424,5612
28425,7438
28426,7521
28427,10496
28428,7516
28429,5929
28430,5688
28431,8446
28432,5184
28433,3629
28434,7110
28435,16785
28436,7785
28437,19004
28438,4889
28439,6216
28440,7789
28441,6805
28442,5729
28443,5585
28444,5217
28445,4715
28446,8790
28447,7499
28448,4712
28449,10324
28450,6743
28451,8543
28452,5396
28453,11449
28454,8859
28455,11224
28456,6364
28457,8142
28458,4670
28459,5760
28460,5571
28461,18052
28462,11962
28463,7137
28464,6421
28465,5551
28466,6571
28467,4940
28468,10778
28469,5139
28470,16801
28471,5138
28472,5825
28473,6455
28474,10932
28475,8584
28476,5311
28477,7636
28478,9120
28479,8196
28480,8748
28481,6979
28482,4687
28483,11763
28484,5528
28485,4598
28486,6358
28487,7286
28488,6887
28489,7175
28490,10719
28491,9177
28492,7572
28493,7901
28494,5472
28495,9409
28496,6605
28497,5260
28498,7755
28499,7471
28500,7173
28501,10976
28502,7772
28503,7488
28504,7762
28505,7355
28506,6877
28507,8774
28508,7671
28509,8502
28510,7045
28511,7821
28512,10287
28513,7318
28514,5184
28515,13757
28516,6480
28517,3908
28518,8922
28519,10115
28520,11941
28521,5741
28522,6988
28523,7908
28524,4480
28525,6814
28526,8142
28527,7874
28528,6330
28529,7769
28530,9873
28531,3699
28532,7073
28533,6725
28534,6632
28535,5922
28536,7854
28537,10580
28538,6528
28539,5674
28540,9697
28541,8342
28542,10240
28543,11033
28544,5668
28545,7556
28546,7870
28547,9555
28548,9168
28549,9503
28550,4118
28551,9294
28552,8224
28553,8136
28554,11959
28555,5510
28556,4623
28557,14659
28558,10267
28559,9955
28560,7168
28561,7299
28562,9788
28563,4151
28564,7947
28565,6509
28566,8431
28567,7498
28568,8188
28569,9480
28570,6805
28571,11550
28572,12012
28573,18306
28574,8333
28575,5598
28576,6893
28577,4772
28578,3652
28579,13007
28580,8740
28581,6401
28582,9686
28583,5822
28584,12147
28585,5189
28586,7166
28587,6696
28588,11422
28589,5817
28590,8285
28591,6386
28592,6280
28593,8531
28594,5199
28595,8567
28596,8607
28597,10542
28598,8923
28599,7382
28600,6664
28601,13240
28602,5337
28603,5729
28604,11604
28605,8778
28606,10558
28607,8657
28608,15608
28609,6491
28610,6404
28611,5688
28612,6922
28613,8928
28614,12473
28615,8552
28616,9260
28617,8826
28618,4546
28619,8388
28620,9403
28621,7984
28622,8826
28623,6371
28624,5603
28625,5827
28626,4526
28627,6169
28628,9281
28629,8586
28630,11673
28631,18966
28632,7873
28633,5670
28634,8806
28635,8509
28636,11299
28637,4693
28638,7251
28639,4695
28640,9841
28641,7514
28642,7172
28643,15401
28644,12875
28645,5819
28646,7569
28647,4582
28648,5890
28649,6120
28650,9762
28651,5544
28652,4835
28653,6709
28654,8650
28655,7435
28656,5845
28657,6368
28658,7475
28659,7323
28660,8155
28661,4095
28662,11585
28663,20863
28664,3948
28665,8011
28666,9407
28667,8602
28668,5995
28669,3375
28670,5255
28671,8750
28672,5610
28673,8954
28674,9750
28675,5101
28676,6119
28677,8109
28678,7043
28679,5612
28680,6824
28681,8388
28682,10988
28683,8656
28684,12352
28685,6270
28686,4414
28687,7472
28688,6479
28689,9590
28690,7072
28691,4848
28692,24696
28693,7971
28694,6996
28695,13302
28696,8320
28697,9217
28698,7340
28699,9008
28700,5684
28701,9434
28702,15356
28703,5846
28704,6641
28705,7584
28706,15130
28707,7491
28708,6270
28709,7395
28710,5950
28711,7335
28712,4682
28713,9863
28714,4931
28715,8283
28716,3298
28717,22071
28718,10176
28719,5141
28720,5094
28721,10463
28722,6812
28723,8181
28724,9304
28725,6838
28726,5745
28727,5287
28728,10951
28729,6690
28730,7003
28731,8563
28732,8730
28733,5638
28734,8270
28735,7104
28736,4545
28737,9905
28738,10047
28739,5367
28740,8038
28741,7887
28742,5769
28743,10915
28744,6533
28745,8167
28746,7468
28747,8219
28748,4049
28749,5355
28750,6245
28751,8146
28752,8041
28753,9734
28754,4576
28755,8831
28756,5235
28757,6696
28758,4802
28759,7119
28760,6714
28761,7713
28762,8043
28763,10270
28764,4683
28765,7088
28766,7578
28767,8807
28768,7526
28769,10856
28770,10663
28771,7682
28772,3541
28773,8256
28774,6028
28775,6844
28776,8564
28777,4952
28778,12099
28779,6015
28780,7160
28781,11918
28782,7215
28783,5094
28784,0
28785,6500
28786,11738
28787,6271
28788,10545
28789,11033
28790,6744
28791,5788
28792,7528
28793,6146
28794,6540
28795,6805
28796,10324
28797,7733
28798,6388
28799,5026
28800,7347
28801,8180
28802,7227
28803,9389
28804,6698
28805,7633
28806,5134
28807,8703
28808,9196
28809,7535
28810,6801
28811,7152
28812,9020
28813,10902
28814,6271
28815,8794
28816,6166
28817,7171
28818,8208
28819,7744
28820,5439
28821,4921
28822,9274
28823,8124
28824,6994
28825,6815
28826,8915
28827,6501
28828,6304
28829,7878
28830,5787
28831,3489
28832,10542
28833,4578
28834,8917
28835,8314
28836,6723
28837,7446
28838,13127
28839,10270
28840,9973
28841,5238
28842,8640
28843,7979
28844,4686
28845,3614
28846,8608
28847,4014
28848,8470
28849,14091
28850,8473
28851,7854
28852,5351
28853,8492
28854,7373
28855,7017
28856,7966
28857,9564
28858,9928
28859,7448
28860,8980
28861,5883
28862,7943
28863,5411
28864,6175
28865,6748
28866,5965
28867,5985
28868,8716
28869,5714
28870,10898
28871,8043
28872,5564
28873,4873
28874,10917
28875,8219
28876,6558
28877,7864
28878,7838
28879,6666
28880,6695
28881,7483
28882,8608
28883,7016
28884,5424
28885,10727
28886,7579
28887,6312
28888,4079
28889,12276
28890,7148
28891,6424
28892,7494
28893,12964
28894,9850
28895,9520
28896,10409
28897,8265
28898,6706
28899,6900
28900,8429
28901,10423
28902,15869
28903,5971
28904,6084
28905,4234
28906,5468
28907,10322
28908,16747
28909,7328
28910,5555
28911,5495
28912,6883
28913,6465
28914,11870
28915,9604
28916,6908
28917,4503
28918,8779
28919,7010
28920,10075
28921,11143
28922,5591
28923,8997
28924,4228
28925,8255
28926,9751
28927,7793
28928,10885
28929,7779
28930,9064
28931,4985
28932,7309
28933,7972
28934,10301
28935,7792
28936,8926
28937,7350
28938,5453
28939,10633
28940,4907
28941,11298
28942,7087
28943,5103
28944,9397
28945,8106
28946,7295
28947,8342
28948,11043
28949,5907
28950,12746
28951,4436
28952,4934
28953,8799
28954,9948
28955,11616
28956,8356
28957,7762
28958,6135
28959,6625
28960,8932
28961,7278
28962,7588
28963,6109
28964,10940
28965,8309
28966,9895
28967,12968
28968,9563
28969,5216
28970,5408
28971,6385
28972,11092
28973,6121
28974,9514
28975,5829
28976,12180
28977,7232
28978,6380
28979,5838
28980,6001
28981,6176
28982,7326
28983,7187
28984,5774
28985,5686
28986,5414
28987,9938
28988,7664
28989,23376
28990,8039
28991,4629
28992,5673
28993,8018
28994,10615
28995,5316
28996,5321
28997,10207
28998,8511
28999,7923
29000,6664
29001,8735
29002,9504
29003,5542
29004,6078
29005,8245
29006,9142
29007,7728
29008,7960
29009,7645
29010,10381
29011,6624
29012,5417
29013,6560
29014,10761
29015,11505
29016,8079
29017,11168
29018,5940
29019,9259
29020,4696
29021,6734
29022,4806
29023,8357
29024,9196
29025,13353
29026,10099
29027,7851
29028,6590
29029,5985
29030,4948
29031,6806
29032,11625
29033,6962
29034,6285
29035,6107
29036,6579
29037,9011
29038,3954
29039,8245
29040,5142
29041,8216
29042,8077
29043,6388
29044,8794
29045,5918
29046,8976
29047,9994
29048,8085
29049,6350
29050,10318
29051,5274
29052,7145
29053,8651
29054,12983
29055,6189
29056,6887
29057,9271
29058,8374
29059,9714
29060,7952
29061,10170
29062,5533
29063,5626
29064,6635
29065,7038
29066,9956
29067,8905
29068,4296
29069,6156
29070,8791
29071,7380
29072,11395
29073,4072
29074,14171
29075,7518
29076,5484
29077,7004
29078,7131
29079,7038
29080,9238
29081,5153
29082,7323
29083,6734
29084,8463
29085,7861
29086,6415
29087,8063
29088,6173
29089,6443
29090,8930
29091,9000
29092,8041
29093,4997
29094,10852
29095,5916
29096,9697
29097,8158
29098,13563
29099,7462
29100,5140
29101,7823
29102,6793
29103,6263
29104,5831
29105,8506
29106,8177
29107,4174
29108,9650
29109,6895
29110,8063
29111,4882
29112,8193
29113,9480
29114,4816
29115,13698
29116,6253
29117,5865
29118,8858
29119,10009
29120,5751
29121,4914
29122,8647
29123,7310
29124,5221
29125,7188
29126,6624
29127,9405
29128,9188
29129,7740
29130,8535
29131,6356
29132,4590
29133,7137
29134,9090
29135,8453
29136,9543
29137,8486
29138,10045
29139,6312
29140,10029
29141,7675
29142,6068
29143,7762
29144,11128
29145,7682
29146,9401
29147,10721
29148,8569
29149,8893
29150,6755
29151,7515
29152,8990
29153,7553
29154,7857
29155,4413
29156,6190
29157,11701
29158,8794
29159,6767
29160,4792
29161,9152
29162,7540
29163,9420
29164,6661
29165,6718
29166,5747
29167,4465
29168,11599
29169,7985
29170,8285
29171,7682
29172,6476
29173,5701
29174,6975
29175,8330
29176,4516
29177,7059
29178,5872
29179,9560
29180,8813
29181,7479
29182,13959
29183,5622
29184,5450
29185,11783
29186,5749
29187,7798
29188,3740
29189,9743
29190,8345
29191,6362
29192,7449
29193,7467
29194,6428
29195,7638
29196,9227
29197,13029
29198,3147
29199,7808
29200,3643
29201,16177
29202,5504
29203,9747
29204,9628
29205,7514
29206,7763
29207,5658
29208,6083
29209,3463
29210,5351
29211,7232
29212,6255
29213,7475
29214,8186
29215,6395
29216,7487
29217,6553
29218,8924
29219,10677
29220,9081
29221,5769
29222,4483
29223,10627
29224,11756
29225,6820
29226,8509
29227,5164
29228,8199
29229,6094
29230,5676
29231,6935
29232,4843
29233,8041
29234,6216
29235,10338
29236,8045
29237,9595
29238,8938
29239,6484
29240,9949
29241,19596
29242,11473
29243,5978
29244,3603
29245,6999
29246,9457
29247,5898
29248,6644
29249,14739
29250,6982
29251,15180
29252,20453
29253,4887
29254,7894
29255,6348
29256,4813
29257,11354
29258,5882
29259,9744
29260,10924
29261,9311
29262,7724
29263,8640
29264,5044
29265,7510
29266,4170
29267,7082
29268,8454
29269,10896
29270,6982
29271,7025
29272,5449
29273,8581
29274,6233
29275,5726
29276,5134
29277,9055
29278,6857
29279,7003
29280,7511
29281,9101
29282,0
29283,7722
29284,7301
29285,6217
29286,7964
29287,8148
29288,9769
29289,8519
29290,8743
29291,6627
29292,4490
29293,7333
29294,7701
29295,7258
29296,5114
29297,3505
29298,9757
29299,8314
29300,11239
29301,7870
29302,6769
29303,7995
29304,5920
29305,5048
29306,10907
29307,6080
29308,8364
29309,8662
29310,16726
29311,7283
29312,6793
29313,8423
29314,6254
29315,8215
29316,6288
29317,8639
29318,4949
29319,8091
29320,4674
29321,6544
29322,3907
29323,11972
29324,5956
29325,17161
29326,15269
29327,6092
29328,7917
29329,5964
29330,8061
29331,6243
29332,12740
29333,9065
29334,11686
29335,4911
29336,8057
29337,5584
29338,9403
29339,9228
29340,7939
29341,6749
29342,7753
29343,7549
29344,8819
29345,10736
29346,6632
29347,8382
29348,10913
29349,7195
29350,8134
29351,7755
29352,10277
29353,8496
29354,6014
29355,6228
29356,7304
29357,6490
29358,12055
29359,7062
29360,8838
29361,7854
29362,10007
29363,4884
29364,8442
29365,11372
29366,9805
29367,9977
29368,7445
29369,4862
29370,15566
29371,10062
29372,9537
29373,19125
29374,11044
29375,8529
29376,7692
29377,10897
29378,11572
29379,12395
29380,13448
29381,6246
29382,8121
29383,6437
29384,10080
29385,4281
29386,12778
29387,7179
29388,6600
29389,6918
29390,10422
29391,8539
29392,6297
29393,7740
29394,5906
29395,5635
29396,8208
29397,4782
29398,5557
29399,7254
29400,7379
29401,11050
29402,9531
29403,8218
29404,7302
29405,6532
29406,13182
29407,8239
29408,6212
29409,6387
29410,5515
29411,10202
29412,5134
29413,12129
29414,7917
29415,3849
29416,5418
29417,8886
29418,7065
29419,6014
29420,9623
29421,10610
29422,13356
29423,6732
29424,11331
29425,3210
29426,6177
29427,7902
29428,6201
29429,8241
29430,6197
29431,7239
29432,5161
29433,5891
29434,12230
29435,9019
29436,5607
29437,5689
29438,9108
29439,12112
29440,11033
29441,6252
29442,6001
29443,9921
29444,6792
29445,7733
29446,6848
29447,5903
29448,7959
29449,11659
29450,4558
29451,4945
29452,5441
29453,6472
29454,10718
29455,8988
29456,8371
29457,14678
29458,6456
29459,12364
29460,13299
29461,7905
29462,5871
29463,4016
29464,8602
29465,6875
29466,6826
29467,7157
29468,8020
29469,12739
29470,5964
29471,6811
29472,8475
29473,6178
29474,8687
29475,5827
29476,5169
29477,8506
29478,4014
29479,9531
29480,8928
29481,7991
29482,8767
29483,9828
29484,9211
29485,6629
29486,8962
29487,9756
29488,7232
29489,6110
29490,6333
29491,5571
29492,11556
29493,8757
29494,7502
29495,6096
29496,7720
29497,9685
29498,8183
29499,7079
29500,9047
29501,6095
29502,7078
29503,19263
29504,7439
29505,9595
29506,7030
29507,6825
29508,7089
29509,6109
29510,4573
29511,6528
29512,9900
29513,14482
29514,9705
29515,10453
29516,12612
29517,11766
29518,12349
29519,9552
29520,7364
29521,5568
29522,11052
29523,12068
29524,9010
29525,9101
29526,8834
29527,7031
29528,4757
29529,11742
29530,8074
29531,7415
29532,7163
29533,3551
29534,14945
29535,13525
29536,16324
29537,6955
29538,6005
29539,5316
29540,7208
29541,7415
29542,9557
29543,7472
29544,5663
29545,5682
29546,8238
29547,4365
29548,3717
29549,7266
29550,15493
29551,7816
29552,18996
29553,5164
29554,6575
29555,7400
29556,6682
29557,5715
29558,5596
29559,5009
29560,4483
29561,9126
29562,7602
29563,4585
29564,9793
29565,6773
29566,8263
29567,5485
29568,10656
29569,8618
29570,11052
29571,6055
29572,8282
29573,4582
29574,5647
29575,5539
29576,15764
29577,11799
29578,7629
29579,6578
29580,5595
29581,6573
29582,5794
29583,12545
29584,4998
29585,16062
29586,5073
29587,5674
29588,6443
29589,10667
29590,8428
29591,5291
29592,7504
29593,8954
29594,8414
29595,8441
29596,6688
29597,4679
29598,11565
29599,5402
29600,4495
29601,6287
29602,7423
29603,6800
29604,6911
29605,10118
29606,9268
29607,7334
29608,7972
29609,5128
29610,9350
29611,6457
29612,5201
29613,7658
29614,7547
29615,6921
29616,11093
29617,7313
29618,7402
29619,7699
29620,7455
29621,6498
29622,8486
29623,7850
29624,8105
29625,7421
29626,7269
29627,10419
29628,7280
29629,4942
29630,13637
29631,6668
29632,3575
29633,8693
29634,9884
29635,11767
29636,5752
29637,7185
29638,7570
29639,4299
29640,6782
29641,7718
29642,8343
29643,6439
29644,7536
29645,9760
29646,3758
29647,7230
29648,6955
29649,6362
29650,6230
29651,7801
29652,10192
29653,6113
29654,5663
29655,9254
29656,8266
29657,10167
29658,10114
29659,5494
29660,7586
29661,7707
29662,9347
29663,9108
29664,8955
29665,5949
29666,10484
29667,8185
29668,8198
29669,11122
29670,5265
29671,4643
29672,14646
29673,10067
29674,9623
29675,6938
29676,7538
29677,9387
29678,4197
29679,7931
29680,6445
29681,8992
29682,7660
29683,8185
29684,9323
29685,6955
29686,10266
29687,11845
29688,17436
29689,8265
29690,5615
29691,6906
29692,4805
29693,3610
29694,12635
29695,8608
29696,6242
29697,9456
29698,6169
29699,11896
29700,5561
29701,7162
29702,6859
29703,10490
29704,5820
29705,7380
29706,6380
29707,6163
29708,8289
29709,5792
29710,8260
29711,8670
29712,10339
29713,9097
29714,7543
29715,6958
29716,13047
29717,5442
29718,5995
29719,11711
29720,8179
29721,10364
29722,8604
29723,16132
29724,6640
29725,6106
29726,5969
29727,6946
29728,9179
29729,12316
29730,8134
29731,9692
29732,8367
29733,4513
29734,8240
29735,8759
29736,8063
29737,9354
29738,6748
29739,5453
29740,5722
29741,4273
29742,6134
29743,9548
29744,8963
29745,11834
29746,18443
29747,7595
29748,5670
29749,8073
29750,8337
29751,10702
29752,4757
29753,7279
29754,4755
29755,10068
29756,7517
29757,7044
29758,15067
29759,12920
29760,5582
29761,7673
29762,4471
29763,5874
29764,5951
29765,9801
29766,5521
29767,4955
29768,6579
29769,8560
29770,8236
29771,5353
29772,6590
29773,8005
29774,7326
29775,7909
29776,4073
29777,11311
29778,19583
29779,3914
29780,8093
29781,9570
29782,8423
29783,5716
29784,3605
29785,4935
29786,8831
29787,5694
29788,8507
29789,9589
29790,5084
29791,6450
29792,8075
29793,7042
29794,5594
29795,6696
29796,8112
29797,10334
29798,8616
29799,11067
29800,6427
29801,4424
29802,7262
29803,6462
29804,10252
29805,7174
29806,5004
29807,23451
29808,7728
29809,6938
29810,13226
29811,8019
29812,8636
29813,7382
29814,8703
29815,5629
29816,9728
29817,15585
29818,5996
29819,6680
29820,7014
29821,14643
29822,7472
29823,6211
29824,7280
29825,5932
29826,7004
29827,4781
29828,9789
29829,4681
29830,8124
29831,3095
29832,21422
29833,10126
29834,4639
29835,5272
29836,11119
29837,6754
29838,7825
29839,9472
29840,6988
29841,5713
29842,5291
29843,10704
29844,6403
29845,6948
29846,8183
29847,8321
29848,5753
29849,8190
29850,7264
29851,4331
29852,9588
29853,9903
29854,5122
29855,8084
29856,8060
29857,5631
29858,10781
29859,6546
29860,7836
29861,7509
29862,8481
29863,3866
29864,5731
29865,6122
29866,0
29867,6920
29868,9554
29869,4554
29870,8878
29871,4720
29872,6508
29873,4639
29874,6866
29875,6489
29876,7835
29877,8252
29878,10200
29879,4965
29880,7109
29881,7430
29882,9048
29883,7378
29884,8930
29885,10398
29886,7826
29887,3606
29888,8397
29889,5990
29890,6893
29891,8259
29892,4896
29893,12086
29894,6122
29895,7095
29896,12042
29897,7500
29898,5068
29899,0
29900,6845
29901,11159
29902,6195
29903,10295
29904,11423
29905,7151
29906,5765
29907,7205
29908,6148
29909,6588
29910,6894
29911,10238
29912,7783
29913,6086
29914,5074
29915,7038
29916,8277
29917,7336
29918,9178
29919,6711
29920,7514
29921,5566
29922,8773
29923,8064
29924,7497
29925,6962
29926,7082
29927,9223
29928,10777
29929,6178
29930,8625
29931,6109
29932,7525
29933,8172
29934,7772
29935,5064
29936,4889
29937,7751
29938,9114
29939,6814
29940,6534
29941,9059
29942,6344
29943,6388
29944,7252
29945,5934
29946,3665
29947,9443
29948,4475
29949,8380
29950,8221
29951,6766
29952,7407
29953,13434
29954,10124
29955,8593
29956,5055
29957,9576
29958,7825
29959,4428
29960,3555
29961,9158
29962,4039
29963,8286
29964,13888
29965,9088
29966,7475
29967,5407
29968,8131
29969,7704
29970,6936
29971,8045
29972,9073
29973,9768
29974,7148
29975,8906
29976,5740
29977,7733
29978,5413
29979,6153
29980,7053
29981,5963
29982,5831
29983,8666
29984,5528
29985,10747
29986,7902
29987,5762
29988,4941
29989,11176
29990,8294
29991,6898
29992,7610
29993,7687
29994,6576
29995,6743
29996,7496
29997,8423
29998,6703
29999,5310
30000,10448
30001,7375
30002,6692
30003,3946
30004,11903
30005,7488
30006,6262
30007,7496
30008,12212
30009,9316
30010,8866
30011,10008
30012,7880
30013,6603
30014,7042
30015,8297
30016,10368
30017,15183
30018,5668
30019,6013
30020,4358
30021,5404
30022,10246
30023,16930
30024,7252
30025,5823
30026,5972
30027,7366
30028,6731
30029,10808
30030,10092
30031,6991
30032,4648
30033,8606
30034,6930
30035,10096
30036,10822
30037,5714
30038,8933
30039,4425
30040,8207
30041,9309
30042,7764
30043,10158
30044,7449
30045,8830
30046,4948
30047,7979
30048,7664
30049,9855
30050,8008
30051,9158
30052,7366
30053,5257
30054,10638
30055,4945
30056,11167
30057,7052
30058,5048
30059,6680
30060,8089
30061,7314
30062,8012
30063,10470
30064,6102
30065,12153
30066,4554
30067,5091
30068,8416
30069,9472
30070,11407
30071,8104
30072,7940
30073,6080
30074,7015
30075,8863
30076,7040
30077,7853
30078,6103
30079,10677
30080,7628
30081,9846
30082,12823
30083,9289
30084,5164
30085,5267
30086,6409
30087,11693
30088,5959
30089,9227
30090,5707
30091,12212
30092,7320
30093,6383
30094,6164
30095,6066
30096,6192
30097,7150
30098,7113
30099,5700
30100,5873
30101,5264
30102,9825
30103,7877
30104,22860
30105,7817
30106,4500
30107,4952
30108,7604
30109,10230
30110,5082
30111,5111
30112,10528
30113,6801
30114,7973
30115,6834
30116,7985
30117,8990
30118,5652
30119,5957
30120,8127
30121,8954
30122,6608
30123,8141
30124,7247
30125,8737
30126,7368
30127,5453
30128,6756
30129,10590
30130,10050
30131,7689
30132,10522
30133,5204
30134,8621
30135,3873
30136,6590
30137,4894
30138,8357
30139,8770
30140,12520
30141,10443
30142,7394
30143,6373
30144,5031
30145,4517
30146,6721
30147,10927
30148,6840
30149,6077
30150,6388
30151,6418
30152,8404
30153,3940
30154,8933
30155,5261
30156,9014
30157,8153
30158,6112
30159,8702
30160,5582
30161,9350
30162,8653
30163,8270
30164,5998
30165,9232
30166,5465
30167,6881
30168,8348
30169,12472
30170,5666
30171,7254
30172,8778
30173,8241
30174,10086
30175,7958
30176,10164
30177,5373
30178,5146
30179,6134
30180,7166
30181,10421
30182,9495
30183,4166
30184,6319
30185,9546
30186,8457
30187,10389
30188,4267
30189,13023
30190,7697
30191,5091
30192,6410
30193,6796
30194,7090
30195,8561
30196,5121
30197,6564
30198,7379
30199,8353
30200,7195
30201,5378
30202,7491
30203,6042
30204,6670
30205,8926
30206,8801
30207,7442
30208,5144
30209,10856
30210,5868
30211,9712
30212,8170
30213,13515
30214,7383
30215,4722
30216,8109
30217,6823
30218,6755
30219,5614
30220,9477
30221,8026
30222,4031
30223,9312
30224,6471
30225,8371
30226,4788
30227,8343
30228,8540
30229,5692
30230,12546
30231,6120
30232,6218
30233,9089
30234,10271
30235,5710
30236,4738
30237,8291
30238,6706
30239,5217
30240,7371
30241,6645
30242,10035
30243,8202
30244,8165
30245,8174
30246,5981
30247,4673
30248,7160
30249,8909
30250,7976
30251,9401
30252,8424
30253,9986
30254,6839
30255,9909
30256,7653
30257,5992
30258,7287
30259,10297
30260,8294
30261,7320
30262,10587
30263,9310
30264,9337
30265,6682
30266,7566
30267,9190
30268,7309
30269,7735
30270,4567
30271,5673
30272,10080
30273,8688
30274,6471
30275,4673
30276,8889
30277,7460
30278,8772
30279,7261
30280,6678
30281,5261
30282,4109
30283,10920
30284,7435
30285,7648
30286,7660
30287,6341
30288,5783
30289,6706
30290,8760
30291,4695
30292,7490
30293,5894
30294,9753
30295,9064
30296,7501
30297,14924
30298,5218
30299,5587
30300,11324
30301,5316
30302,7982
30303,3721
30304,9800
30305,8420
30306,6403
30307,7426
30308,6992
30309,6664
30310,7344
30311,7943
30312,11740
30313,3364
30314,7399
30315,3748
30316,14891
30317,5244
30318,9251
30319,10523
30320,7879
30321,7256
30322,5384
30323,5294
30324,3365
30325,5095
30326,6976
30327,5706
30328,7818
30329,8402
30330,5741
30331,7451
30332,6724
30333,8871
30334,11160
30335,8629
30336,5865
30337,4663
30338,10489
30339,11338
30340,6551
30341,8519
30342,5214
30343,7776
30344,5878
30345,5608
30346,6883
30347,4930
30348,7509
30349,6016
30350,10071
30351,7760
30352,9480
30353,8366
30354,6241
30355,10205
30356,18779
30357,10711
30358,5286
30359,3729
30360,6651
30361,8253
30362,5753
30363,7123
30364,14478
30365,6814
30366,13326
30367,21418
30368,5043
30369,7191
30370,6121
30371,4341
30372,8837
30373,5826
30374,9140
30375,10533
30376,8702
30377,7540
30378,8095
30379,5354
30380,7942
30381,4083
30382,7631
30383,7794
30384,11623
30385,7376
30386,7017
30387,5161
30388,8474
30389,6501
30390,6108
30391,4756
30392,9318
30393,6838
30394,7144
30395,7455
30396,8443
30397,0
30398,6982
30399,6861
30400,6227
30401,7679
30402,8221
30403,10784
30404,8716
30405,8907
30406,6699
30407,4660
30408,6655
30409,7209
30410,7314
30411,5135
30412,3233
30413,9391
30414,7260
30415,10890
30416,7232
30417,6603
30418,7525
30419,5315
30420,4997
30421,10687
30422,7054
30423,8047
30424,9352
30425,14600
30426,6794
30427,5415
30428,8711
30429,4836
30430,6118
30431,6976
30432,7973
30433,4805
30434,8256
30435,4686
30436,5739
30437,3629
30438,11049
30439,5914
30440,15238
30441,14435
30442,6166
30443,8015
30444,5997
30445,7885
30446,5966
30447,13183
30448,8765
30449,10494
30450,4941
30451,8133
30452,5968
30453,10347
30454,9180
30455,8466
30456,6615
30457,7798
30458,7685
30459,9392
30460,9751
30461,6998
30462,7766
30463,10088
30464,7156
30465,8126
30466,7544
30467,9697
30468,7825
30469,5956
30470,6203
30471,6545
30472,6144
30473,11453
30474,7583
30475,8235
30476,7795
30477,9732
30478,5128
30479,7944
30480,10343
30481,9061
30482,9399
30483,6863
30484,4713
30485,14965
30486,8833
30487,8915
30488,18206
30489,8884
30490,8980
30491,7579
30492,9856
30493,10848
30494,11380
30495,12928
30496,6131
30497,7497
30498,6187
30499,10861
30500,4358
30501,9901
30502,6698
30503,6652
30504,7009
30505,9003
30506,8078
30507,5888
30508,8003
30509,5736
30510,5058
30511,8188
30512,4897
30513,5765
30514,6848
30515,7265
30516,11380
30517,10701
30518,7840
30519,7664
30520,6596
30521,11939
30522,7418
30523,6377
30524,5678
30525,5426
30526,10621
30527,5005
30528,13400
30529,7530
30530,3565
30531,5079
30532,8453
30533,7222
30534,6793
30535,10336
30536,10440
30537,12480
30538,6607
30539,12204
30540,3109
30541,5922
30542,7615
30543,6095
30544,8156
30545,6731
30546,7358
30547,5497
30548,5782
30549,12606
30550,9680
30551,5042
30552,5532
30553,9402
30554,10840
30555,9065
30556,6667
30557,5625
30558,10002
30559,6243
30560,8372
30561,6019
30562,6449
30563,8532
30564,10135
30565,4137
30566,5033
30567,4831
30568,5897
30569,10714
30570,9554
30571,9139
30572,12610
30573,6309
30574,12195
30575,12665
30576,8190
30577,5559
30578,3719
30579,8406
30580,6593
30581,6436
30582,7486
30583,7642
30584,11641
30585,5380
30586,6746
30587,8104
30588,4802
30589,9511
30590,6238
30591,4522
30592,8273
30593,3991
30594,7712
30595,8970
30596,8301
30597,8720
30598,9232
30599,8615
30600,6788
30601,8967
30602,10357
30603,7410
30604,6652
30605,6934
30606,5531
30607,11132
30608,8098
30609,6701
30610,5940
30611,7374
30612,9465
30613,7824
30614,7288
30615,9449
30616,5987
30617,7288
30618,18048
30619,7678
30620,10055
30621,6174
30622,7110
30623,7417
30624,6053
30625,4723
30626,6410
30627,10600
30628,14361
30629,9146
30630,10828
30631,10559
30632,11733
30633,11971
30634,9374
30635,7439
30636,5488
30637,10280
30638,12187
30639,9843
30640,8317
30641,8772
30642,7047
30643,4508
30644,12132
30645,7854
30646,6746
30647,7332
30648,3419
30649,12837
30650,12132
30651,14566
30652,6850
30653,5802
30654,5838
30655,7449
30656,6787
30657,9180
30658,8176
30659,5630
30660,5657
30661,7545
30662,3949
30663,3505
30664,6297
30665,14906
30666,7867
30667,19053
30668,4539
30669,6505
30670,7227
30671,6803
30672,5139
30673,6258
30674,4918
30675,4222
30676,10326
30677,7472
30678,4793
30679,10671
30680,6902
30681,7834
30682,5277
30683,11358
30684,8108
30685,10372
30686,5797
30687,7762
30688,4813
30689,5711
30690,5289
30691,15361
30692,12456
30693,7519
30694,5980
30695,5936
30696,7229
30697,4477
30698,9798
30699,4773
30700,15487
30701,4898
30702,5650
30703,6382
30704,11431
30705,8654
30706,5754
30707,7374
30708,8132
30709,8433
30710,8994
30711,6470
30712,4475
30713,9420
30714,5364
30715,4389
30716,6484
30717,8209
30718,6377
30719,6667
30720,9808
30721,9204
30722,7366
30723,8594
30724,4904
30725,9909
30726,6219
30727,5348
30728,7997
30729,7399
30730,6792
30731,10058
30732,7518
30733,6751
30734,8003
30735,6702
30736,5973
30737,8096
30738,8915
30739,7406
30740,6880
30741,7623
30742,10489
30743,7721
30744,4898
30745,12827
30746,6040
30747,3405
30748,8677
30749,11087
30750,10936
30751,5697
30752,7094
30753,7571
30754,4340
30755,7308
30756,7752
30757,7566
30758,6584
30759,6916
30760,9481
30761,3720
30762,6391
30763,6415
30764,5862
30765,5963
30766,7810
30767,9650
30768,6412
30769,5527
30770,8763
30771,8652
30772,9790
30773,9936
30774,6053
30775,7607
30776,8042
30777,8932
30778,9069
30779,9261
30780,3877
30781,10205
30782,8148
30783,7471
30784,11433
30785,5131
30786,4543
30787,12990
30788,9221
30789,10224
30790,6482
30791,6639
30792,9583
30793,4154
30794,8141
30795,5893
30796,9007
30797,6543
30798,7906
30799,9720
30800,6509
30801,10206
30802,11706
30803,16716
30804,8055
30805,5296
30806,6945
30807,5093
30808,3582
30809,12143
30810,8218
30811,7066
30812,9468
30813,6499
30814,10777
30815,5642
30816,7164
30817,7349
30818,9647
30819,6104
30820,7052
30821,6779
30822,5822
30823,8264
30824,5867
30825,8200
30826,9013
30827,9871
30828,9075
30829,7284
30830,6812
30831,11453
30832,5362
30833,6239
30834,11578
30835,7872
30836,9925
30837,8399
30838,16022
30839,6301
30840,5669
30841,5740
30842,6260
30843,9306
30844,12331
30845,8650
30846,8743
30847,8283
30848,4586
30849,8384
30850,7641
30851,7885
30852,8748
30853,6306
30854,5519
30855,5811
30856,4038
30857,5269
30858,9015
30859,7455
30860,11419
30861,18165
30862,7660
30863,5377
30864,7817
30865,8527
30866,10208
30867,4815
30868,7171
30869,4757
30870,9714
30871,7802
30872,7494
30873,13852
30874,13258
30875,5369
30876,7851
30877,4430
30878,5971
30879,5573
30880,10255
30881,5086
30882,5282
30883,6371
30884,8051
30885,6576
30886,4736
30887,6524
30888,8048
30889,7477
30890,7755
30891,3558
30892,11287
30893,18721
30894,4035
30895,8609
30896,8877
30897,7894
30898,5397
30899,3388
30900,4707
30901,8217
30902,5654
30903,7820
30904,9546
30905,5093
30906,6154
30907,8085
30908,7022
30909,5835
30910,6978
30911,7880
30912,10887
30913,8079
30914,10801
30915,6901
30916,4300
30917,6584
30918,6414
30919,9762
30920,7190
30921,4683
30922,22123
30923,7879
30924,6716
30925,13068
30926,7747
30927,8395
30928,7269
30929,8015
30930,5584
30931,9650
30932,15185
30933,5579
30934,6252
30935,6822
30936,13003
30937,7999
30938,6152
30939,7050
30940,6216
30941,6406
30942,5045
30943,9275
30944,4455
30945,7523
30946,3233
30947,22267
30948,9903
30949,4378
30950,5864
30951,10963
30952,6324
30953,7682
30954,9193
30955,6657
30956,6414
30957,4869
30958,10564
30959,6285
30960,6934
30961,7816
30962,8693
30963,5606
30964,8654
30965,7464
30966,4206
30967,9209
30968,10733
30969,5115
30970,8144
30971,8712
30972,5889
30973,11447
30974,5679
30975,7657
30976,7996
30977,8622
30978,3739
30979,5496
30980,6039
30981,0
30982,6633
30983,9266
30984,4675
30985,8847
30986,4145
30987,6667
30988,4656
30989,7164
30990,5960
30991,7410
30992,8261
30993,10356
30994,5020
30995,7431
30996,7201
30997,9007
30998,6899
30999,10025
31000,10605
31001,7469
31002,4017
31003,7393
31004,5671
31005,7169
31006,7913
31007,4723
31008,12689
31009,6172
31010,6395
31011,12009
31012,7304
31013,5042
31014,0
31015,6622
31016,11110
31017,5887
31018,9764
31019,10132
31020,8296
31021,5681
31022,7626
31023,5953
31024,6196
31025,7089
31026,8984
31027,8135
31028,5773
31029,4896
31030,7774
31031,8404
31032,6556
31033,8666
31034,6409
31035,6857
31036,5211
31037,9130
31038,7690
31039,7567
31040,6642
31041,6719
31042,9360
31043,10436
31044,6503
31045,8461
31046,5931
31047,7574
31048,8327
31049,7127
31050,4888
31051,4904
31052,8113
31053,8990
31054,6408
31055,6689
31056,8883
31057,6962
31058,5882
31059,6562
31060,5766
31061,3260
31062,8961
31063,4389
31064,8197
31065,8237
31066,7115
31067,7480
31068,10427
31069,10187
31070,8160
31071,5158
31072,8450
31073,7377
31074,4154
31075,3220
31076,8349
31077,3953
31078,7822
31079,13317
31080,8352
31081,7393
31082,5288
31083,7870
31084,7615
31085,6640
31086,7718
31087,9165
31088,8893
31089,6893
31090,9479
31091,5437
31092,7636
31093,5089
31094,6351
31095,7855
31096,6281
31097,5751
31098,8156
31099,5529
31100,10670
31101,7333
31102,5875
31103,4900
31104,10763
31105,8551
31106,5942
31107,7275
31108,7953
31109,6903
31110,6551
31111,6698
31112,8356
31113,6444
31114,5404
31115,10347
31116,7140
31117,7063
31118,3713
31119,12165
31120,7523
31121,6160
31122,6623
31123,12041
31124,10134
31125,9585
31126,10267
31127,7225
31128,6283
31129,6942
31130,8323
31131,10778
31132,13951
31133,5501
31134,5297
31135,3920
31136,5144
31137,9833
31138,15952
31139,6392
31140,5069
31141,5779
31142,6385
31143,6963
31144,10700
31145,9404
31146,7184
31147,4210
31148,8533
31149,6793
31150,9868
31151,10306
31152,5665
31153,8615
31154,4360
31155,8733
31156,8997
31157,7816
31158,9136
31159,7100
31160,8332
31161,5341
31162,7668
31163,8090
31164,9381
31165,7736
31166,9343
31167,7170
31168,5163
31169,10246
31170,5076
31171,10717
31172,7588
31173,5179
31174,6007
31175,7556
31176,6813
31177,7915
31178,10286
31179,5796
31180,12255
31181,4379
31182,4850
31183,8406
31184,9725
31185,11838
31186,7461
31187,6637
31188,5974
31189,6737
31190,8514
31191,6458
31192,7610
31193,5914
31194,10984
31195,6792
31196,9801
31197,12857
31198,9083
31199,5501
31200,4903
31201,6500
31202,11314
31203,5592
31204,8975
31205,5575
31206,11562
31207,7087
31208,6422
31209,6241
31210,5401
31211,5836
31212,7073
31213,6236
31214,5707
31215,5381
31216,5086
31217,9253
31218,7146
31219,23068
31220,8561
31221,4162
31222,2736
31223,3739
31224,9182
31225,1947
31226,2850
31227,6664
31228,3448
31229,6350
31230,5182
31231,5336
31232,6188
31233,4501
31234,3297
31235,5885
31236,5489
31237,2546
31238,4682
31239,4349
31240,6466
31241,5114
31242,3538
31243,4585
31244,7384
31245,7446
31246,5308
31247,6700
31248,2238
31249,7279
31250,3259
31251,5564
31252,2600
31253,7716
31254,6999
31255,9014
31256,9604
31257,6460
31258,6027
31259,2955
31260,4400
31261,6035
31262,7471
31263,4143
31264,3403
31265,5827
31266,4909
31267,5756
31268,2260
31269,7793
31270,4255
31271,8164
31272,6297
31273,3549
31274,8102
31275,2907
31276,9339
31277,5637
31278,6743
31279,2381
31280,5242
31281,4388
31282,3781
31283,7299
31284,10046
31285,2940
31286,6069
31287,5791
31288,8280
31289,7231
31290,6000
31291,6274
31292,2494
31293,2444
31294,4348
31295,6351
31296,8505
31297,7894
31298,2184
31299,4336
31300,8782
31301,8826
31302,5148
31303,3116
31304,10319
31305,5161
31306,3445
31307,4288
31308,2258
31309,5006
31310,6544
31311,3527
31312,5233
31313,2926
31314,5780
31315,3763
31316,1801
31317,4150
31318,5009
31319,5757
31320,8958
31321,7200
31322,5130
31323,4112
31324,10262
31325,3444
31326,5968
31327,7842
31328,12610
31329,5161
31330,3255
31331,6642
31332,5856
31333,6541
31334,4766
31335,10177
31336,5727
31337,2080
31338,8321
31339,4661
31340,5960
31341,2288
31342,7530
31343,3556
31344,2604
31345,7972
31346,4056
31347,5136
31348,7703
31349,7701
31350,4382
31351,4135
31352,7683
31353,3384
31354,3025
31355,6882
31356,4941
31357,7081
31358,3345
31359,4852
31360,6297
31361,4273
31362,3081
31363,5337
31364,6222
31365,6201
31366,7100
31367,7294
31368,7089
31369,4114
31370,7710
31371,5289
31372,3201
31373,3677
31374,8419
31375,7078
31376,2913
31377,6645
31378,9476
31379,6934
31380,4885
31381,6492
31382,7560
31383,5484
31384,4743
31385,3049
31386,4936
31387,4873
31388,4869
31389,5142
31390,3122
31391,5557
31392,7099
31393,5859
31394,6767
31395,5809
31396,2752
31397,1596
31398,6617
31399,5576
31400,6478
31401,3432
31402,5405
31403,4342
31404,5154
31405,5508
31406,3778
31407,4009
31408,4592
31409,6945
31410,7048
31411,7480
31412,14302
31413,4085
31414,4880
31415,9621
31416,3438
31417,5146
31418,840
31419,7925
31420,6536
31421,5361
31422,6934
31423,5574
31424,4912
31425,5127
31426,4509
31427,8059
31428,2849
31429,5927
31430,2749
31431,8831
31432,3447
31433,7382
31434,9490
31435,6461
31436,5640
31437,4249
31438,2408
31439,1716
31440,3445
31441,5639
31442,3127
31443,5161
31444,7322
31445,3969
31446,5349
31447,4485
31448,7907
31449,7758
31450,7460
31451,5141
31452,3252
31453,8859
31454,8858
31455,3689
31456,4445
31457,3672
31458,5065
31459,5147
31460,3956
31461,5919
31462,3224
31463,5094
31464,4256
31465,9292
31466,5312
31467,7438
31468,6703
31469,4958
31470,8601
31471,15623
31472,8290
31473,3365
31474,3514
31475,5985
31476,6709
31477,2812
31478,5084
31479,9969
31480,5871
31481,6666
31482,17319
31483,5170
31484,4989
31485,3034
31486,2089
31487,9990
31488,3289
31489,5814
31490,9075
31491,2572
31492,3592
31493,5920
31494,3924
31495,6829
31496,1916
31497,5245
31498,5096
31499,10229
31500,5788
31501,5952
31502,2936
31503,8226
31504,5698
31505,6626
31506,1680
31507,9170
31508,5402
31509,6094
31510,4049
31511,4398
31512,0
31513,4472
31514,3638
31515,5741
31516,4648
31517,4981
31518,8582
31519,8543
31520,7711
31521,4122
31522,4325
31523,4531
31524,4696
31525,6805
31526,3235
31527,1306
31528,6336
31529,5302
31530,7963
31531,5506
31532,4470
31533,4337
31534,3267
31535,2529
31536,8187
31537,6181
31538,4602
31539,5492
31540,11258
31541,5847
31542,1955
31543,7565
31544,1880
31545,3652
31546,6038
31547,5632
31548,2386
31549,4095
31550,4129
31551,3525
31552,1563
31553,8111
31554,4346
31555,8943
31556,10164
31557,5943
31558,5686
31559,4243
31560,5202
31561,4703
31562,11904
31563,5987
31564,6909
31565,3253
31566,5625
31567,5573
31568,8725
31569,8456
31570,6982
31571,5157
31572,6668
31573,5208
31574,8038
31575,6469
31576,6764
31577,5603
31578,8699
31579,6750
31580,4754
31581,5461
31582,7984
31583,5837
31584,3417
31585,5392
31586,3227
31587,4878
31588,8742
31589,7180
31590,6989
31591,6249
31592,7639
31593,4655
31594,4219
31595,4044
31596,5684
31597,6398
31598,6111
31599,3297
31600,12322
31601,4806
31602,5441
31603,16493
31604,5288
31605,7764
31606,5903
31607,6643
31608,7857
31609,7407
31610,9464
31611,2673
31612,4181
31613,5259
31614,8980
31615,2610
31616,5117
31617,4093
31618,5359
31619,5567
31620,5307
31621,3362
31622,5399
31623,4692
31624,3090
31625,2963
31626,7627
31627,4277
31628,5056
31629,5611
31630,5166
31631,10103
31632,11719
31633,5408
31634,7543
31635,6026
31636,9520
31637,4483
31638,2701
31639,3715
31640,5194
31641,11530
31642,4140
31643,9508
31644,6953
31645,2045
31646,3526
31647,6209
31648,6366
31649,5346
31650,8956
31651,8621
31652,7345
31653,4250
31654,11821
31655,2019
31656,3678
31657,7447
31658,3896
31659,5320
31660,3830
31661,6675
31662,4683
31663,3646
31664,12289
31665,10223
31666,2283
31667,4950
31668,5461
31669,7264
31670,9418
31671,5116
31672,2921
31673,9060
31674,1931
31675,8757
31676,4150
31677,5683
31678,9728
31679,5717
31680,1650
31681,4562
31682,2309
31683,3543
31684,10264
31685,7929
31686,4165
31687,11402
31688,7287
31689,9752
31690,10963
31691,7058
31692,4076
31693,1963
31694,4666
31695,6206
31696,2644
31697,5944
31698,4315
31699,6932
31700,2250
31701,5515
31702,7573
31703,1783
31704,9333
31705,5886
31706,2618
31707,7000
31708,3429
31709,2880
31710,9421
31711,7039
31712,7149
31713,7504
31714,5570
31715,4886
31716,6436
31717,6718
31718,8102
31719,5501
31720,6822
31721,3947
31722,8329
31723,5560
31724,5984
31725,4213
31726,4642
31727,7769
31728,5687
31729,4298
31730,5084
31731,5425
31732,5066
31733,14517
31734,5229
31735,9483
31736,4338
31737,3875
31738,6250
31739,5721
31740,3417
31741,4939
31742,8746
31743,13359
31744,6830
31745,9270
31746,6464
31747,10248
31748,8018
31749,7454
31750,7101
31751,4221
31752,9613
31753,7792
31754,7371
31755,5148
31756,5056
31757,5057
31758,2439
31759,12011
31760,6580
31761,5331
31762,5223
31763,1527
31764,7848
31765,7640
31766,11432
31767,5871
31768,4231
31769,3495
31770,6877
31771,4955
31772,4197
31773,10383
31774,4434
31775,4385
31776,5032
31777,3165
31778,2455
31779,2234
31780,13381
31781,4644
31782,13118
31783,3781
31784,5684
31785,4760
31786,3893
31787,2989
31788,6192
31789,3249
31790,2584
31791,10198
31792,5704
31793,2755
31794,8485
31795,2786
31796,5761
31797,3595
31798,10312
31799,6872
31800,8521
31801,2500
31802,5070
31803,2637
31804,4871
31805,3553
31806,15011
31807,11737
31808,5244
31809,2908
31810,5739
31811,4501
31812,2327
31813,7423
31814,2351
31815,12858
31816,4133
31817,5009
31818,5556
31819,10675
31820,6809
31821,5129
31822,5172
31823,5968
31824,6608
31825,6940
31826,3846
31827,1212
31828,4345
31829,2844
31830,2814
31831,5886
31832,6797
31833,5288
31834,5037
31835,8141
31836,5304
31837,3177
31838,8020
31839,2390
31840,9677
31841,4598
31842,2959
31843,4318
31844,4115
31845,4582
31846,6831
31847,6958
31848,3799
31849,5997
31850,2550
31851,4731
31852,7769
31853,8838
31854,3585
31855,2126
31856,5022
31857,7489
31858,6281
31859,2396
31860,10761
31861,3559
31862,2971
31863,5612
31864,10223
31865,8975
31866,4497
31867,4305
31868,5645
31869,1552
31870,6857
31871,6547
31872,4680
31873,4180
31874,2790
31875,8143
31876,3013
31877,4121
31878,3673
31879,3498
31880,3010
31881,7256
31882,6613
31883,5476
31884,3636
31885,4811
31886,7615
31887,7918
31888,7144
31889,4883
31890,5541
31891,5857
31892,7510
31893,7075
31894,5030
31895,1917
31896,6317
31897,6193
31898,5464
31899,7469
31900,5428
31901,2980
31902,7838
31903,4932
31904,9845
31905,2647
31906,2685
31907,8629
31908,1626
31909,5370
31910,4220
31911,7337
31912,3439
31913,4537
31914,9257
31915,2617
31916,6085
31917,8955
31918,13961
31919,6447
31920,2379
31921,5415
31922,3762
31923,2079
31924,7661
31925,4630
31926,6360
31927,4774
31928,4909
31929,5686
31930,4846
31931,5166
31932,4696
31933,7946
31934,5235
31935,2367
31936,5925
31937,3582
31938,5646
31939,5598
31940,5972
31941,7842
31942,7756
31943,8051
31944,5455
31945,5281
31946,5710
31947,3064
31948,5677
31949,8175
31950,6291
31951,6582
31952,7407
31953,13557
31954,3139
31955,3285
31956,4864
31957,3768
31958,8075
31959,10463
31960,8041
31961,7188
31962,6796
31963,2024
31964,7916
31965,3143
31966,6803
31967,5870
31968,4977
31969,2154
31970,4859
31971,3109
31972,3053
31973,6440
31974,4299
31975,8547
31976,16046
31977,5486
31978,3208
31979,4359
31980,8097
31981,6296
31982,4256
31983,5736
31984,2222
31985,6454
31986,6967
31987,3439
31988,10522
31989,11112
31990,2895
31991,5648
31992,3405
31993,3834
31994,3785
31995,9120
31996,3547
31997,4292
31998,4636
31999,2560
32000,2554
32001,2167
32002,5547
32003,5872
32004,4508
32005,6816
32006,1182
32007,7225
32008,14899
32009,3294
32010,8238
32011,6863
32012,4526
32013,3964
32014,2216
32015,3706
32016,4498
32017,5004
32018,3023
32019,8313
32020,3814
32021,4148
32022,6095
32023,5052
32024,5873
32025,4783
32026,6025
32027,10231
32028,4327
32029,6683
32030,5981
32031,3632
32032,3070
32033,4625
32034,5781
32035,6174
32036,3139
32037,12624
32038,5258
32039,4707
32040,12036
32041,4518
32042,6755
32043,4534
32044,5370
32045,5144
32046,6409
32047,15527
32048,2853
32049,5195
32050,3423
32051,8932
32052,6990
32053,4856
32054,3649
32055,3908
32056,2515
32057,2107
32058,6335
32059,2063
32060,3922
32061,1269
32062,20751
32063,8043
32064,2019
32065,4910
32066,5847
32067,5544
32068,5117
32069,8030
32070,5054
32071,5847
32072,2757
32073,7911
32074,5310
32075,4029
32076,5859
32077,9131
32078,4637
32079,8154
32080,6005
32081,3168
32082,5543
32083,7203
32084,2850
32085,8126
32086,6601
32087,5011
32088,10276
32089,3200
32090,5037
32091,8682
32092,6044
32093,2236
32094,4809
32095,3626
32096,0
32097,5138
32098,5516
32099,3473
32100,6043
32101,2158
32102,5430
32103,2789
32104,5665
32105,5181
32106,4442
32107,5934
32108,8989
32109,2587
32110,5745
32111,6111
32112,3351
32113,5685
32114,5458
32115,8918
32116,6650
32117,3526
32118,2032
32119,2055
32120,5880
32121,4909
32122,4194
32123,12090
32124,5246
32125,5220
32126,8965
32127,6224
32128,2259
32129,19133
32130,4125
32131,8228
32132,6080
32133,7241
32134,6109
32135,8301
32136,4849
32137,3939
32138,2822
32139,3655
32140,6023
32141,4064
32142,7530
32143,4685
32144,2648
32145,7242
32146,6534
32147,4233
32148,6366
32149,4497
32150,6143
32151,4075
32152,5099
32153,3579
32154,4509
32155,3533
32156,5579
32157,7768
32158,8163
32159,5876
32160,5340
32161,4217
32162,6161
32163,6853
32164,6922
32165,2871
32166,2970
32167,8504
32168,6349
32169,2968
32170,3989
32171,7027
32172,6472
32173,2443
32174,5382
32175,4653
32176,1711
32177,4785
32178,2822
32179,4038
32180,6488
32181,5425
32182,4729
32183,3942
32184,8336
32185,6331
32186,3482
32187,5126
32188,5271
32189,2971
32190,1191
32191,6430
32192,1491
32193,5598
32194,10230
32195,5591
32196,4216
32197,3214
32198,4975
32199,4902
32200,4670
32201,5403
32202,5546
32203,7146
32204,5530
32205,8050
32206,3639
32207,3680
32208,4339
32209,3697
32210,5174
32211,6001
32212,3370
32213,4999
32214,2595
32215,7143
32216,3987
32217,4231
32218,3876
32219,5130
32220,7377
32221,3174
32222,6474
32223,4038
32224,5382
32225,4889
32226,5395
32227,7653
32228,4379
32229,3953
32230,9649
32231,5818
32232,6525
32233,1872
32234,4194
32235,5254
32236,3719
32237,4304
32238,9864
32239,8292
32240,9292
32241,9542
32242,5880
32243,5032
32244,6157
32245,6188
32246,7020
32247,10420
32248,3239
32249,1778
32250,1557
32251,3810
32252,4751
32253,9796
32254,2328
32255,1875
32256,4988
32257,4976
32258,5935
32259,10322
32260,6344
32261,6268
32262,2560
32263,6855
32264,5805
32265,7662
32266,6903
32267,3229
32268,6534
32269,3067
32270,6915
32271,5420
32272,4927
32273,6125
32274,4065
32275,6296
32276,4920
32277,6986
32278,4486
32279,7844
32280,4968
32281,8734
32282,5060
32283,3523
32284,7653
32285,3122
32286,9625
32287,5931
32288,4733
32289,3162
32290,6859
32291,4655
32292,4382
32293,6790
32294,3999
32295,11543
32296,2956
32297,2911
32298,5620
32299,6193
32300,10867
32301,2622
32302,4221
32303,6267
32304,5775
32305,4679
32306,3206
32307,6350
32308,3299
32309,9647
32310,2661
32311,7295
32312,12687
32313,6300
32314,6096
32315,2911
32316,4803
32317,7978
32318,2527
32319,7540
32320,2713
32321,8549
32322,6467
32323,5603
32324,5686
32325,4378
32326,3129
32327,5224
32328,2079
32329,3792
32330,3075
32331,2614
32332,6905
32333,5830
32334,20169
32335,7599
32336,0
32337,0
32338,0
32339,0
32340,0
32341,0
32342,0
32343,0
32344,0
32345,0
32346,0
32347,0
32348,0
32349,0
32350,0
32351,0
32352,0
32353,0
32354,0
32355,0
32356,0
32357,0
32358,0
32359,0
32360,0
32361,0
32362,0
32363,0
32364,0
32365,0
32366,0
32367,0
32368,0
32369,0
32370,0
32371,0
32372,0
32373,0
32374,0
32375,0
32376,0
32377,0
32378,0
32379,0
32380,0
32381,0
32382,0
32383,0
32384,0
32385,0
32386,0
32387,0
32388,0
32389,0
32390,0
32391,0
32392,0
32393,0
32394,0
32395,0
32396,0
32397,0
32398,0
32399,0
32400,0
32401,0
32402,0
32403,0
32404,0
32405,0
32406,0
32407,0
32408,0
32409,0
32410,0
32411,0
32412,0
32413,0
32414,0
32415,0
32416,0
32417,0
32418,0
32419,0
32420,11480
32421,0
32422,0
32423,0
32424,0
32425,0
32426,0
32427,0
32428,0
32429,0
32430,0
32431,0
32432,0
32433,0
32434,0
32435,0
32436,0
32437,0
32438,0
32439,0
32440,0
32441,0
32442,0
32443,0
32444,0
32445,0
32446,0
32447,0
32448,0
32449,0
32450,0
32451,0
32452,0
32453,0
32454,0
32455,0
32456,0
32457,4051
32458,0
32459,0
32460,0
32461,0
32462,0
32463,0
32464,0
32465,0
32466,0
32467,0
32468,0
32469,0
32470,0
32471,0
32472,0
32473,0
32474,0
32475,0
32476,0
32477,0
32478,0
32479,0
32480,0
32481,0
32482,0
32483,0
32484,0
32485,0
32486,0
32487,0
32488,0
32489,0
32490,0
32491,0
32492,0
32493,0
32494,0
32495,0
32496,0
32497,0
32498,0
32499,0
32500,0
32501,0
32502,0
32503,0
32504,0
32505,0
32506,0
32507,0
32508,0
32509,0
32510,0
32511,0
32512,0
32513,0
32514,0
32515,0
32516,0
32517,0
32518,0
32519,0
32520,0
32521,0
32522,0
32523,0
32524,0
32525,0
32526,0
32527,0
32528,0
32529,0
32530,0
32531,0
32532,0
32533,0
32534,0
32535,0
32536,0
32537,0
32538,0
32539,0
32540,0
32541,0
32542,0
32543,0
32544,2678
32545,0
32546,0
32547,0
32548,0
32549,0
32550,0
32551,0
32552,0
32553,0
32554,0
32555,0
32556,0
32557,0
32558,0
32559,0
32560,0
32561,0
32562,0
32563,0
32564,0
32565,0
32566,0
32567,0
32568,0
32569,0
32570,0
32571,0
32572,0
32573,0
32574,0
32575,0
32576,0
32577,0
32578,0
32579,0
32580,0
32581,0
32582,0
32583,0
32584,0
32585,0
32586,0
32587,0
32588,0
32589,0
32590,0
32591,0
32592,0
32593,0
32594,17283
32595,0
32596,0
32597,28737
32598,0
32599,0
32600,0
32601,0
32602,0
32603,0
32604,0
32605,0
32606,0
32607,0
32608,0
32609,7450
32610,0
32611,0
32612,0
32613,0
32614,0
32615,0
32616,0
32617,0
32618,0
32619,0
32620,0
32621,0
32622,0
32623,0
32624,0
32625,0
32626,0
32627,0
32628,0
32629,0
32630,0
32631,0
32632,0
32633,0
32634,5222
32635,0
32636,0
32637,0
32638,0
32639,0
32640,0
32641,0
32642,0
32643,0
32644,0
32645,2889
32646,0
32647,0
32648,0
32649,0
32650,0
32651,0
32652,0
32653,0
32654,0
32655,0
32656,0
32657,0
32658,0
32659,0
32660,0
32661,0
32662,0
32663,0
32664,0
32665,0
32666,0
32667,0
32668,0
32669,0
32670,8110
32671,0
32672,0
32673,0
32674,0
32675,0
32676,0
32677,0
32678,0
32679,0
32680,0
32681,0
32682,0
32683,0
32684,0
32685,0
32686,0
32687,0
32688,9119
32689,0
32690,0
32691,0
32692,0
32693,0
32694,0
32695,0
32696,0
32697,0
32698,0
32699,0
32700,0
32701,0
32702,0
32703,0
32704,0
32705,0
32706,0
32707,0
32708,0
32709,0
32710,0
32711,0
32712,0
32713,0
32714,0
32715,0
32716,0
32717,0
32718,0
32719,0
32720,0
32721,0
32722,0
32723,0
32724,0
32725,0
32726,0
32727,0
32728,0
32729,0
32730,0
32731,0
32732,0
32733,0
32734,0
32735,0
32736,0
32737,0
32738,0
32739,0
32740,0
32741,0
32742,0
32743,0
32744,0
32745,0
32746,0
32747,0
32748,0
32749,0
32750,0
32751,0
32752,0
32753,0
32754,0
32755,0
32756,0
32757,0
32758,14757
32759,0
32760,0
32761,0
32762,0
32763,0
32764,0
32765,0
32766,0
32767,0
32768,1724
32769,0
32770,0
32771,0
32772,0
32773,0
32774,0
32775,0
32776,0
32777,0
32778,0
32779,0
32780,0
32781,0
32782,0
32783,0
32784,0
32785,0
32786,0
32787,0
32788,5425
32789,0
32790,0
32791,0
32792,0
32793,0
32794,0
32795,0
32796,0
32797,0
32798,0
32799,0
32800,0
32801,0
32802,0
32803,0
32804,0
32805,0
32806,0
32807,0
32808,0
32809,0
32810,0
32811,0
32812,0
32813,0
32814,0
32815,0
32816,0
32817,0
32818,0
32819,0
32820,0
32821,0
32822,0
32823,0
32824,0
32825,0
32826,0
32827,0
32828,0
32829,7553
32830,0
32831,0
32832,0
32833,0
32834,0
32835,0
32836,0
32837,0
32838,0
32839,0
32840,0
32841,0
32842,0
32843,0
32844,0
32845,0
32846,0
32847,7587
32848,0
32849,0
32850,0
32851,0
32852,0
32853,0
32854,0
32855,0
32856,0
32857,0
32858,0
32859,2223
32860,0
32861,0
32862,0
32863,0
32864,0
32865,5832
32866,0
32867,0
32868,0
32869,0
32870,0
32871,0
32872,0
32873,0
32874,0
32875,0
32876,0
32877,0
32878,0
32879,0
32880,0
32881,0
32882,0
32883,0
32884,0
32885,0
32886,0
32887,0
32888,0
32889,0
32890,0
32891,0
32892,0
32893,0
32894,0
32895,0
32896,0
32897,18388
32898,0
32899,0
32900,0
32901,0
32902,0
32903,0
32904,0
32905,0
32906,0
32907,0
32908,0
32909,0
32910,0
32911,0
32912,0
32913,5807
32914,0
32915,0
32916,0
32917,0
32918,0
32919,0
32920,0
32921,0
32922,0
32923,0
32924,0
32925,0
32926,0
32927,0
32928,0
32929,0
32930,0
32931,0
32932,0
32933,0
32934,0
32935,0
32936,0
32937,0
32938,0
32939,0
32940,0
32941,0
32942,0
32943,0
32944,0
32945,0
32946,0
32947,0
32948,0
32949,0
32950,0
32951,0
32952,0
32953,0
32954,0
32955,0
32956,0
32957,0
32958,0
32959,0
32960,0
32961,0
32962,0
32963,0
32964,0
32965,0
32966,0
32967,0
32968,0
32969,0
32970,0
32971,0
32972,0
32973,0
32974,0
32975,0
32976,0
32977,0
32978,0
32979,0
32980,0
32981,0
32982,0
32983,0
32984,0
32985,0
32986,0
32987,0
32988,0
32989,0
32990,0
32991,0
32992,0
32993,0
32994,0
32995,0
32996,0
32997,0
32998,0
32999,0
33000,0
33001,0
33002,0
33003,0
33004,0
33005,0
33006,0
33007,0
33008,0
33009,0
33010,0
33011,12867
33012,0
33013,0
33014,0
33015,0
33016,0
33017,6928
33018,0
33019,0
33020,0
33021,0
33022,0
33023,0
33024,0
33025,0
33026,0
33027,0
33028,0
33029,0
33030,0
33031,0
33032,0
33033,0
33034,0
33035,0
33036,0
33037,0
33038,0
33039,0
33040,0
33041,0
33042,0
33043,0
33044,0
33045,0
33046,0
33047,0
33048,0
33049,0
33050,0
33051,0
33052,0
33053,0
33054,0
33055,0
33056,0
33057,0
33058,0
33059,0
33060,0
33061,0
33062,0
33063,0
33064,0
33065,0
33066,0
33067,4251
33068,16462
33069,0
33070,0
33071,0
33072,0
33073,0
33074,0
33075,0
33076,0
33077,0
33078,0
33079,0
33080,0
33081,0
33082,0
33083,0
33084,0
33085,0
33086,0
33087,0
33088,0
33089,0
33090,0
33091,0
33092,0
33093,0
33094,0
33095,0
33096,0
33097,0
33098,0
33099,0
33100,0
33101,0
33102,0
33103,0
33104,11987
33105,0
33106,0
33107,0
33108,0
33109,0
33110,0
33111,0
33112,0
33113,0
33114,0
33115,0
33116,0
33117,0
33118,0
33119,0
33120,0
33121,0
33122,0
33123,0
33124,0
33125,0
33126,0
33127,0
33128,0
33129,0
33130,0
33131,0
33132,0
33133,0
33134,0
33135,0
33136,0
33137,0
33138,0
33139,0
33140,0
33141,0
33142,0
33143,0
33144,0
33145,0
33146,0
33147,0
33148,0
33149,0
33150,0
33151,0
33152,0
33153,0
33154,0
33155,0
33156,0
33157,0
33158,0
33159,0
33160,0
33161,0
33162,0
33163,0
33164,0
33165,0
33166,0
33167,0
33168,0
33169,0
33170,0
33171,0
33172,0
33173,0
33174,0
33175,0
33176,0
33177,0
33178,0
33179,0
33180,0
33181,0
33182,0
33183,0
33184,0
33185,0
33186,0
33187,0
33188,0
33189,0
33190,0
33191,0
33192,0
33193,0
33194,0
33195,0
33196,0
33197,0
33198,2926
33199,0
33200,0
33201,0
33202,2443
33203,0
33204,0
33205,0
33206,0
33207,0
33208,0
33209,0
33210,0
33211,0
33212,0
33213,0
33214,0
33215,0
33216,0
33217,0
33218,0
33219,0
33220,0
33221,0
33222,0
33223,0
33224,0
33225,0
33226,0
33227,0
33228,0
33229,0
33230,0
33231,0
33232,0
33233,0
33234,0
33235,0
33236,0
33237,0
33238,0
33239,0
33240,0
33241,0
33242,0
33243,0
33244,0
33245,0
33246,0
33247,0
33248,0
33249,0
33250,0
33251,0
33252,0
33253,0
33254,0
33255,0
33256,0
33257,0
33258,0
33259,0
33260,0
33261,0
33262,0
33263,0
33264,0
33265,0
33266,3310
33267,0
33268,0
33269,0
33270,0
33271,0
33272,0
33273,0
33274,0
33275,0
33276,0
33277,0
33278,0
33279,0
33280,0
33281,0
33282,0
33283,11539
33284,0
33285,0
33286,0
33287,0
33288,0
33289,0
33290,0
33291,0
33292,0
33293,0
33294,0
33295,0
33296,0
33297,0
33298,0
33299,0
33300,0
33301,0
33302,0
33303,0
33304,0
33305,0
33306,0
33307,0
33308,0
33309,0
33310,0
33311,0
33312,0
33313,0
33314,0
33315,0
33316,0
33317,0
33318,0
33319,0
33320,0
33321,0
33322,0
33323,0
33324,0
33325,0
33326,0
33327,0
33328,0
33329,0
33330,0
33331,0
33332,0
33333,0
33334,0
33335,0
33336,0
33337,0
33338,0
33339,0
33340,0
33341,0
33342,0
33343,0
33344,0
33345,0
33346,0
33347,0
33348,0
33349,0
33350,0
33351,0
33352,0
33353,0
33354,0
33355,0
33356,0
33357,0
33358,0
33359,0
33360,0
33361,0
33362,0
33363,0
33364,0
33365,0
33366,0
33367,0
33368,0
33369,0
33370,0
33371,0
33372,0
33373,0
33374,0
33375,0
33376,0
33377,0
33378,0
33379,0
33380,4764
33381,0
33382,0
33383,0
33384,0
33385,0
33386,0
33387,0
33388,0
33389,0
33390,0
33391,0
33392,0
33393,0
33394,0
33395,0
33396,0
33397,0
33398,0
33399,0
33400,0
33401,0
33402,0
33403,0
33404,0
33405,0
33406,0
33407,0
33408,0
33409,0
33410,0
33411,0
33412,0
33413,0
33414,0
33415,0
33416,5315
33417,0
33418,0
33419,0
33420,0
33421,0
33422,0
33423,0
33424,0
33425,0
33426,0
33427,0
33428,0
33429,0
33430,0
33431,0
33432,13072
33433,0
33434,5144
33435,0
33436,0
33437,0
33438,0
33439,0
33440,0
33441,0
33442,0
33443,0
33444,0
33445,0
33446,0
33447,0
33448,0
33449,0
33450,0
33451,4059
33452,4168
33453,6008
33454,9191
33455,4286
33456,4256
33457,9155
33458,5748
33459,6968
33460,6018
33461,7315
33462,6766
33463,3986
33464,5215
33465,6011
33466,7796
33467,5436
33468,6441
33469,5926
33470,8864
33471,4551
33472,4225
33473,4817
33474,8481
33475,10042
33476,5703
33477,7970
33478,4019
33479,6981
33480,3324
33481,5028
33482,3840
33483,7408
33484,7531
33485,9514
33486,9155
33487,5526
33488,4842
33489,4242
33490,4070
33491,5323
33492,8824
33493,5754
33494,4595
33495,4793
33496,4281
33497,6675
33498,3088
33499,6594
33500,3678
33501,6032
33502,5390
33503,5034
33504,6715
33505,4576
33506,7369
33507,7729
33508,6046
33509,5085
33510,7720
33511,4562
33512,6636
33513,6091
33514,8944
33515,4053
33516,5696
33517,7158
33518,7406
33519,8258
33520,6113
33521,7586
33522,3785
33523,4631
33524,5172
33525,6211
33526,8357
33527,6919
33528,3154
33529,5043
33530,7077
33531,6747
33532,7847
33533,3681
33534,11969
33535,6559
33536,3837
33537,6061
33538,5342
33539,6384
33540,7626
33541,3940
33542,5151
33543,5267
33544,6500
33545,6209
33546,4871
33547,5953
33548,4826
33549,4999
33550,7849
33551,6987
33552,5650
33553,4631
33554,9786
33555,4976
33556,8235
33557,7306
33558,11830
33559,6157
33560,4949
33561,5673
33562,6514
33563,5428
33564,4604
33565,7081
33566,6825
33567,3477
33568,7634
33569,5513
33570,6680
33571,4262
33572,9227
33573,7506
33574,4252
33575,11076
33576,4738
33577,4152
33578,7432
33579,7876
33580,5389
33581,4223
33582,6735
33583,5582
33584,4874
33585,5776
33586,4632
33587,7874
33588,6793
33589,6124
33590,7141
33591,4878
33592,4292
33593,5581
33594,6430
33595,6789
33596,6890
33597,6986
33598,8502
33599,5171
33600,8110
33601,6122
33602,4811
33603,5278
33604,8493
33605,5788
33606,5656
33607,9176
33608,7103
33609,6674
33610,5037
33611,6860
33612,6372
33613,6734
33614,5900
33615,3781
33616,4832
33617,8040
33618,7106
33619,5272
33620,3518
33621,7229
33622,6737
33623,7304
33624,6031
33625,5218
33626,4538
33627,3574
33628,9080
33629,6277
33630,6051
33631,5352
33632,4790
33633,5802
33634,5748
33635,5823
33636,3613
33637,5838
33638,4356
33639,7857
33640,7566
33641,6418
33642,11039
33643,4225
33644,4527
33645,9336
33646,5062
33647,5399
33648,2068
33649,7271
33650,7567
33651,4679
33652,6300
33653,6568
33654,5538
33655,5511
33656,6900
33657,10373
33658,2657
33659,7497
33660,2769
33661,13222
33662,4122
33663,7279
33664,7954
33665,5108
33666,5996
33667,4279
33668,4972
33669,3164
33670,4272
33671,5384
33672,4701
33673,6209
33674,6723
33675,4852
33676,6369
33677,5740
33678,7296
33679,7889
33680,7504
33681,4157
33682,3302
33683,9403
33684,9005
33685,4818
33686,6933
33687,4842
33688,6859
33689,4502
33690,4640
33691,5547
33692,3418
33693,5427
33694,4365
33695,9375
33696,6282
33697,7453
33698,7514
33699,5017
33700,7873
33701,17318
33702,8566
33703,4509
33704,2558
33705,5233
33706,7078
33707,4791
33708,5891
33709,13315
33710,6196
33711,9991
33712,18562
33713,4196
33714,5379
33715,4742
33716,4118
33717,7683
33718,4560
33719,7347
33720,9344
33721,6749
33722,5540
33723,6593
33724,5290
33725,6024
33726,3395
33727,5670
33728,6882
33729,8328
33730,5702
33731,5240
33732,4198
33733,7140
33734,4675
33735,4946
33736,3479
33737,7802
33738,4909
33739,5791
33740,6258
33741,7268
33742,0
33743,5343
33744,5726
33745,5197
33746,6391
33747,6483
33748,7741
33749,10430
33750,6724
33751,5142
33752,3210
33753,5469
33754,6288
33755,5571
33756,4501
33757,2191
33758,7716
33759,5633
33760,8816
33761,6152
33762,4977
33763,5770
33764,4618
33765,4486
33766,8379
33767,5052
33768,6500
33769,7445
33770,14126
33771,5081
33772,4654
33773,6882
33774,4792
33775,5227
33776,4895
33777,7058
33778,4242
33779,6290
33780,3581
33781,5332
33782,3637
33783,9034
33784,4836
33785,12472
33786,12479
33787,4613
33788,6303
33789,5054
33790,5853
33791,5068
33792,11231
33793,6589
33794,8315
33795,4291
33796,7050
33797,4689
33798,8436
33799,8587
33800,6125
33801,5290
33802,6079
33803,7062
33804,7107
33805,8928
33806,5828
33807,6898
33808,8768
33809,5794
33810,6117
33811,5014
33812,9014
33813,6746
33814,4682
33815,4589
33816,5552
33817,4623
33818,7774
33819,5826
33820,6483
33821,5563
33822,7721
33823,4319
33824,6826
33825,7481
33826,6757
33827,7635
33828,6291
33829,3933
33830,12258
33831,9094
33832,6482
33833,15811
33834,8659
33835,6103
33836,5638
33837,7869
33838,9170
33839,10166
33840,9869
33841,4838
33842,6743
33843,4916
33844,7571
33845,3839
33846,9791
33847,5310
33848,4620
33849,5660
33850,8190
33851,6950
33852,5419
33853,7073
33854,4859
33855,3682
33856,6323
33857,3742
33858,4528
33859,5495
33860,5436
33861,8456
33862,8543
33863,6869
33864,6272
33865,5478
33866,10025
33867,6073
33868,4569
33869,4847
33870,4747
33871,8970
33872,4247
33873,11304
33874,6741
33875,3156
33876,4350
33877,6196
33878,5707
33879,4674
33880,7772
33881,8976
33882,11503
33883,5786
33884,9204
33885,2849
33886,5084
33887,6985
33888,4750
33889,6224
33890,5238
33891,5778
33892,3526
33893,4646
33894,11509
33895,8257
33896,4093
33897,5264
33898,7636
33899,10026
33900,7272
33901,5189
33902,4320
33903,12450
33904,5312
33905,6576
33906,5260
33907,4821
33908,6374
33909,7881
33910,3327
33911,3911
33912,4534
33913,5741
33914,10208
33915,6852
33916,6832
33917,12310
33918,5047
33919,9843
33920,10474
33921,6390
33922,4497
33923,2839
33924,7007
33925,5634
33926,5481
33927,5556
33928,6060
33929,10121
33930,4599
33931,5033
33932,6768
33933,4476
33934,6473
33935,4661
33936,3667
33937,6106
33938,3258
33939,6111
33940,7862
33941,6220
33942,6692
33943,7372
33944,6732
33945,4732
33946,6857
33947,8173
33948,7087
33949,5342
33950,6082
33951,4473
33952,9771
33953,5251
33954,6209
33955,5028
33956,6318
33957,7110
33958,6066
33959,5672
33960,7649
33961,5642
33962,6201
33963,16677
33964,5803
33965,7731
33966,5064
33967,5683
33968,5235
33969,4633
33970,4336
33971,4414
33972,8040
33973,13461
33974,8652
33975,9151
33976,9169
33977,9971
33978,9436
33979,7251
33980,9227
33981,4715
33982,10648
33983,10306
33984,6208
33985,7744
33986,7151
33987,5577
33988,4232
33989,10614
33990,6251
33991,5699
33992,5816
33993,2175
33994,11918
33995,9402
33996,13983
33997,5447
33998,4486
33999,4267
34000,5917
34001,5902
34002,6637
34003,6432
34004,5427
34005,4345
34006,6281
34007,3367
34008,2605
34009,5636
34010,13142
34011,6184
34012,17323
34013,4425
34014,5221
34015,5802
34016,4722
34017,4338
34018,4834
34019,4518
34020,3466
34021,7815
34022,5876
34023,3413
34024,8436
34025,4336
34026,5789
34027,4308
34028,10975
34029,6645
34030,10277
34031,4688
34032,6478
34033,3919
34034,4597
34035,4172
34036,13937
34037,9759
34038,5988
34039,4486
34040,4624
34041,5610
34042,4065
34043,9206
34044,4343
34045,14117
34046,4353
34047,5061
34048,5608
34049,8598
34050,6257
34051,4390
34052,6080
34053,6385
34054,6215
34055,6156
34056,5270
34057,3114
34058,8550
34059,4696
34060,3700
34061,5780
34062,5505
34063,5924
34064,6093
34065,8868
34066,7442
34067,5980
34068,6666
34069,3994
34070,8257
34071,4973
34072,4251
34073,6249
34074,6490
34075,5859
34076,7967
34077,5702
34078,5687
34079,5723
34080,5552
34081,5418
34082,6690
34083,6235
34084,6532
34085,4876
34086,4958
34087,8107
34088,5541
34089,3820
34090,10530
34091,4636
34092,2797
34093,6618
34094,8205
34095,8636
34096,5021
34097,5163
34098,5590
34099,3228
34100,5933
34101,6905
34102,5723
34103,5388
34104,6413
34105,7085
34106,3040
34107,5069
34108,5120
34109,5275
34110,4556
34111,6537
34112,7008
34113,5569
34114,4474
34115,7796
34116,5558
34117,7817
34118,7878
34119,4296
34120,5992
34121,6377
34122,7914
34123,7103
34124,7274
34125,3061
34126,9147
34127,6009
34128,6395
34129,9655
34130,4656
34131,3679
34132,10275
34133,7275
34134,7597
34135,5149
34136,5553
34137,8142
34138,2983
34139,6321
34140,5156
34141,6566
34142,5524
34143,4929
34144,7321
34145,4528
34146,8357
34147,9320
34148,15787
34149,6798
34150,4125
34151,4798
34152,3525
34153,2804
34154,10704
34155,7161
34156,4909
34157,8011
34158,4832
34159,9900
34160,3989
34161,5343
34162,5546
34163,7977
34164,4607
34165,5344
34166,4974
34167,4260
34168,7112
34169,4833
34170,6057
34171,7070
34172,8762
34173,7066
34174,6672
34175,5397
34176,9707
34177,4397
34178,4936
34179,9495
34180,6244
34181,7857
34182,10010
34183,14770
34184,4711
34185,4276
34186,4507
34187,5338
34188,7653
34189,9088
34190,6210
34191,7502
34192,6723
34193,3386
34194,6867
34195,6479
34196,5694
34197,6969
34198,4655
34199,4590
34200,4296
34201,3556
34202,4186
34203,7212
34204,6671
34205,10284
34206,15620
34207,6406
34208,4822
34209,5988
34210,7581
34211,8579
34212,3880
34213,5669
34214,3755
34215,8906
34216,5787
34217,5668
34218,11709
34219,11708
34220,4281
34221,6580
34222,3507
34223,5349
34224,5625
34225,7962
34226,4221
34227,4207
34228,5087
34229,6468
34230,5682
34231,3968
34232,5312
34233,6423
34234,5489
34235,6003
34236,3265
34237,9706
34238,17650
34239,3931
34240,6586
34241,7885
34242,5779
34243,3805
34244,3357
34245,3381
34246,6844
34247,4526
34248,6627
34249,8224
34250,3664
34251,5041
34252,5558
34253,5433
34254,4649
34255,4980
34256,5927
34257,9629
34258,6936
34259,7878
34260,5171
34261,3895
34262,6023
34263,5955
34264,7306
34265,5475
34266,4099
34267,21232
34268,6119
34269,5425
34270,11137
34271,6225
34272,6269
34273,5742
34274,6979
34275,4347
34276,8439
34277,14473
34278,4807
34279,4970
34280,5636
34281,11395
34282,5860
34283,4611
34284,5648
34285,4840
34286,5992
34287,3832
34288,8030
34289,3699
34290,7258
34291,2473
34292,18400
34293,7713
34294,3598
34295,4310
34296,8148
34297,5469
34298,6056
34299,7324
34300,4908
34301,5078
34302,4318
34303,8788
34304,5149
34305,5464
34306,6242
34307,7370
34308,5364
34309,7362
34310,5280
34311,3673
34312,8078
34313,8445
34314,4356
34315,6400
34316,6360
34317,5175
34318,9174
34319,5164
34320,6749
34321,6032
34322,6898
34323,3695
34324,4492
34325,4394
34326,0
34327,6244
34328,7369
34329,3553
34330,7539
34331,3363
34332,5651
34333,4488
34334,5664
34335,5749
34336,6521
34337,6126
34338,7861
34339,3368
34340,5531
34341,6498
34342,6736
34343,5962
34344,6625
34345,9437
34346,6763
34347,2844
34348,5917
34349,5004
34350,6096
34351,6543
34352,4156
34353,10762
34354,4706
34355,6047
34356,10120
34357,6043
34358,3731
34359,16643
34360,4852
34361,9491
34362,5175
34363,7055
34364,8902
34365,5526
34366,4997
34367,5743
34368,4653
34369,5302
34370,5649
34371,9432
34372,6333
34373,5145
34374,4110
34375,5986
34376,6196
34377,5771
34378,5925
34379,5457
34380,6046
34381,5278
34382,6857
34383,7069
34384,5847
34385,5388
34386,5920
34387,7152
34388,9411
34389,4971
34390,7183
34391,4988
34392,5456
34393,6693
34394,6020
34395,4330
34396,3906
34397,6159
34398,8556
34399,4526
34400,5414
34401,7101
34402,5507
34403,4787
34404,5333
34405,4260
34406,3056
34407,7511
34408,3901
34409,6671
34410,5959
34411,5388
34412,5366
34413,9930
34414,7743
34415,6801
34416,4689
34417,7319
34418,7380
34419,3491
34420,3270
34421,8023
34422,2938
34423,6708
34424,12294
34425,6850
34426,5952
34427,4009
34428,6774
34429,5399
34430,5500
34431,6364
34432,7478
34433,7189
34434,5128
34435,7467
34436,4144
34437,6109
34438,4812
34439,5106
34440,5195
34441,4993
34442,5108
34443,6864
34444,4023
34445,8826
34446,6206
34447,4232
34448,4157
34449,7642
34450,6464
34451,5014
34452,5912
34453,5751
34454,4665
34455,5686
34456,5938
34457,5881
34458,4632
34459,4726
34460,7592
34461,6009
34462,5317
34463,3327
34464,9734
34465,5744
34466,4525
34467,6238
34468,10725
34469,7050
34470,7922
34471,8705
34472,5698
34473,5204
34474,5193
34475,7197
34476,7636
34477,10779
34478,3730
34479,5550
34480,3110
34481,4057
34482,8137
34483,13511
34484,5651
34485,4528
34486,4326
34487,5506
34488,5153
34489,8793
34490,7390
34491,5387
34492,3530
34493,7082
34494,5368
34495,10702
34496,8052
34497,4384
34498,6437
34499,3541
34500,6482
34501,7315
34502,6475
34503,7621
34504,5772
34505,6604
34506,4015
34507,5756
34508,6299
34509,7447
34510,6288
34511,7333
34512,5111
34513,4068
34514,8675
34515,4215
34516,10523
34517,5330
34518,4041
34519,5889
34520,6090
34521,5884
34522,6714
34523,9257
34524,4352
34525,11620
34526,3902
34527,4036
34528,6491
34529,7363
34530,10495
34531,6060
34532,6086
34533,5276
34534,6154
34535,6466
34536,4449
34537,5830
34538,4644
34539,8963
34540,5870
34541,7970
34542,11425
34543,7753
34544,4736
34545,4322
34546,4949
34547,10474
34548,5195
34549,8956
34550,3676
34551,9486
34552,6228
34553,5030
34554,4508
34555,4462
34556,5014
34557,4636
34558,4988
34559,4605
34560,4077
34561,4243
34562,7449
34563,6028
34564,21280
34565,5904
34566,3848
34567,4198
34568,6053
34569,8016
34570,4063
34571,4012
34572,9478
34573,5293
34574,6499
34575,5647
34576,6431
34577,6055
34578,3704
34579,4887
34580,5154
34581,7289
34582,5687
34583,6060
34584,5658
34585,8611
34586,4221
34587,4053
34588,4440
34589,8086
34590,9001
34591,5200
34592,7774
34593,4047
34594,6743
34595,3708
34596,4538
34597,3634
34598,6718
34599,6868
34600,8958
34601,8517
34602,4907
34603,4413
34604,4065
34605,4152
34606,5039
34607,8581
34608,5272
34609,4426
34610,4040
34611,3961
34612,6225
34613,2953
34614,6343
34615,3308
34616,5602
34617,5091
34618,4441
34619,5900
34620,4374
34621,7154
34622,6793
34623,5868
34624,4721
34625,7510
34626,4130
34627,6132
34628,5192
34629,8305
34630,4127
34631,5310
34632,6980
34633,6824
34634,8162
34635,5621
34636,7265
34637,3721
34638,4116
34639,4987
34640,5470
34641,7833
34642,6523
34643,3082
34644,4817
34645,6661
34646,6538
34647,7523
34648,3413
34649,11272
34650,5502
34651,3717
34652,5575
34653,5543
34654,5921
34655,6963
34656,3770
34657,4956
34658,5201
34659,6000
34660,6049
34661,4707
34662,5675
34663,4353
34664,4646
34665,7151
34666,5953
34667,5387
34668,4100
34669,9019
34670,4710
34671,7449
34672,6742
34673,10733
34674,5402
34675,4691
34676,5286
34677,5930
34678,5021
34679,4381
34680,6755
34681,6291
34682,3369
34683,6181
34684,5163
34685,5798
34686,3999
34687,8468
34688,7280
34689,4297
34690,10134
34691,4233
34692,3730
34693,6920
34694,7908
34695,4765
34696,3850
34697,6128
34698,5460
34699,4378
34700,5140
34701,4446
34702,7465
34703,6611
34704,5856
34705,6699
34706,4703
34707,3951
34708,5250
34709,6624
34710,6609
34711,6390
34712,6396
34713,7911
34714,4907
34715,6956
34716,5771
34717,4480
34718,5122
34719,8038
34720,5455
34721,5791
34722,8766
34723,6856
34724,6314
34725,4690
34726,6368
34727,6005
34728,6294
34729,5787
34730,3719
34731,4759
34732,8424
34733,6788
34734,4925
34735,3589
34736,6774
34737,6420
34738,6523
34739,5641
34740,4834
34741,4284
34742,3415
34743,8069
34744,5964
34745,5236
34746,5290
34747,4476
34748,5373
34749,5241
34750,4848
34751,3318
34752,5559
34753,3711
34754,7300
34755,7252
34756,6075
34757,10419
34758,4190
34759,4209
34760,9028
34761,4330
34762,4976
34763,2396
34764,6848
34765,7115
34766,4143
34767,5849
34768,6094
34769,5399
34770,5144
34771,6801
34772,9189
34773,2349
34774,6680
34775,2553
34776,12138
34777,3856
34778,6925
34779,7215
34780,4816
34781,5551
34782,4062
34783,4919
34784,3015
34785,4276
34786,4941
34787,4246
34788,5580
34789,6233
34790,4533
34791,6174
34792,5358
34793,7041
34794,7229
34795,6262
34796,3964
34797,2893
34798,8809
34799,7818
34800,4452
34801,6501
34802,4287
34803,6462
34804,4120
34805,4261
34806,5272
34807,2902
34808,5509
34809,3860
34810,8716
34811,5746
34812,6893
34813,6792
34814,4353
34815,7142
34816,17017
34817,8230
34818,4190
34819,2386
34820,4904
34821,6857
34822,4393
34823,5379
34824,11705
34825,5593
34826,8986
34827,16479
34828,3760
34829,4957
34830,4693
34831,4003
34832,7170
34833,4107
34834,6817
34835,8442
34836,6846
34837,5273
34838,6278
34839,3988
34840,5309
34841,3408
34842,5236
34843,5900
34844,7514
34845,5251
34846,4609
34847,3808
34848,6585
34849,4365
34850,4655
34851,3319
34852,7352
34853,4478
34854,5225
34855,6053
34856,6767
34857,0
34858,5049
34859,5956
34860,5217
34861,6236
34862,5974
34863,6896
34864,9641
34865,6858
34866,4533
34867,3027
34868,5267
34869,5745
34870,5064
34871,4208
34872,2342
34873,7365
34874,5150
34875,7910
34876,5994
34877,4499
34878,5256
34879,4256
34880,4013
34881,7802
34882,4435
34883,6026
34884,6426
34885,12615
34886,4783
34887,4700
34888,6495
34889,4835
34890,5036
34891,4307
34892,6529
34893,4034
34894,5836
34895,3423
34896,5124
34897,3410
34898,8257
34899,4380
34900,13070
34901,11902
34902,4375
34903,5909
34904,5005
34905,5257
34906,4759
34907,10328
34908,6170
34909,7773
34910,3986
34911,6889
34912,4158
34913,8208
34914,7763
34915,5508
34916,5014
34917,5328
34918,6092
34919,6508
34920,7916
34921,5434
34922,6219
34923,7921
34924,5300
34925,5631
34926,4428
34927,8123
34928,6159
34929,4772
34930,4281
34931,5416
34932,3987
34933,7282
34934,5238
34935,5994
34936,5233
34937,7312
34938,3942
34939,6409
34940,7659
34941,6192
34942,7432
34943,6220
34944,3534
34945,11835
34946,8489
34947,5886
34948,15249
34949,9046
34950,5280
34951,5233
34952,7427
34953,8758
34954,9855
34955,9095
34956,4641
34957,6327
34958,4513
34959,6984
34960,3532
34961,9485
34962,5206
34963,4119
34964,5347
34965,7706
34966,6799
34967,4918
34968,6615
34969,4787
34970,3546
34971,5947
34972,3521
34973,4048
34974,5378
34975,4952
34976,7791
34977,7751
34978,6269
34979,5648
34980,5745
34981,9352
34982,5883
34983,4362
34984,4449
34985,4318
34986,8083
34987,3672
34988,9749
34989,6106
34990,2850
34991,4173
34992,5716
34993,5349
34994,4360
34995,7301
34996,8105
34997,10888
34998,5426
34999,8881
35000,2761
35001,4768
35002,6170
35003,4365
35004,5780
35005,4895
35006,5264
35007,3149
35008,4275
35009,10462
35010,7727
35011,3925
35012,4661
35013,7375
35014,9742
35015,6973
35016,5054
35017,4004
35018,12022
35019,5225
35020,6317
35021,5134
35022,4509
35023,6019
35024,7337
35025,3181
35026,3585
35027,4429
35028,5342
35029,8868
35030,6528
35031,6476
35032,12190
35033,4196
35034,8795
35035,9657
35036,5683
35037,3970
35038,2895
35039,6695
35040,5560
35041,5102
35042,5081
35043,5557
35044,10293
35045,4200
35046,4648
35047,6081
35048,5081
35049,5660
35050,4359
35051,3560
35052,5389
35053,2921
35054,6183
35055,7461
35056,5647
35057,6775
35058,6997
35059,6637
35060,4183
35061,6116
35062,8456
35063,6524
35064,4848
35065,5369
35066,4160
35067,8920
35068,4566
35069,5548
35070,4932
35071,5889
35072,6720
35073,5740
35074,5583
35075,7432
35076,5166
35077,5634
35078,15590
35079,5428
35080,7044
35081,5048
35082,5680
35083,4669
35084,4229
35085,4120
35086,4144
35087,7325
35088,12105
35089,7277
35090,7923
35091,9237
35092,9464
35093,8561
35094,6276
35095,8036
35096,4276
35097,9651
35098,9687
35099,5856
35100,7392
35101,6919
35102,5206
35103,3572
35104,10025
35105,5764
35106,5647
35107,5647
35108,2141
35109,11579
35110,8938
35111,13091
35112,5200
35113,4046
35114,4003
35115,5381
35116,5471
35117,6312
35118,5831
35119,5132
35120,3800
35121,6070
35122,3240
35123,2569
35124,5207
35125,11729
35126,5876
35127,15935
35128,4203
35129,4877
35130,5580
35131,4492
35132,3987
35133,4232
35134,4352
35135,3444
35136,6991
35137,5332
35138,3291
35139,7611
35140,4347
35141,5305
35142,3809
35143,9757
35144,6150
35145,8966
35146,4445
35147,6240
35148,3542
35149,4415
35150,3719
35151,13301
35152,9073
35153,5279
35154,4354
35155,4030
35156,5123
35157,3831
35158,8501
35159,4101
35160,13034
35161,4110
35162,4946
35163,5085
35164,7685
35165,5418
35166,3933
35167,5982
35168,6524
35169,5778
35170,5880
35171,4763
35172,3037
35173,8642
35174,4188
35175,3565
35176,5453
35177,5007
35178,5402
35179,5748
35180,8167
35181,7300
35182,5804
35183,6439
35184,3772
35185,7647
35186,4913
35187,3803
35188,6208
35189,5939
35190,5470
35191,7277
35192,5283
35193,5225
35194,5276
35195,5748
35196,4685
35197,6032
35198,6067
35199,5949
35200,5148
35201,4462
35202,7803
35203,5291
35204,3809
35205,9576
35206,4476
35207,2915
35208,6113
35209,7458
35210,8668
35211,4777
35212,4491
35213,4986
35214,3038
35215,5513
35216,6483
35217,5377
35218,4959
35219,5899
35220,6396
35221,3022
35222,4638
35223,4792
35224,4820
35225,4292
35226,6137
35227,6329
35228,5576
35229,3993
35230,7439
35231,4844
35232,6498
35233,7269
35234,3950
35235,5890
35236,6117
35237,7228
35238,6676
35239,6912
35240,3009
35241,8068
35242,5506
35243,6019
35244,8370
35245,4265
35246,3787
35247,10340
35248,6572
35249,6866
35250,5039
35251,5606
35252,7580
35253,2959
35254,5977
35255,4938
35256,6084
35257,5514
35258,4561
35259,7047
35260,4486
35261,7416
35262,8607
35263,14224
35264,6839
35265,4031
35266,4329
35267,3369
35268,2759
35269,9634
35270,6684
35271,4467
35272,7801
35273,4541
35274,9356
35275,3644
35276,4884
35277,5307
35278,7455
35279,4382
35280,5460
35281,4755
35282,3937
35283,7033
35284,4389
35285,5625
35286,6161
35287,8250
35288,6620
35289,6188
35290,4733
35291,9415
35292,4153
35293,4460
35294,9069
35295,5743
35296,7599
35297,9239
35298,13955
35299,4653
35300,4000
35301,4075
35302,5192
35303,7088
35304,8505
35305,5619
35306,6948
35307,6090
35308,3213
35309,6472
35310,6118
35311,5591
35312,6462
35313,4200
35314,4253
35315,3962
35316,3358
35317,4010
35318,6626
35319,6217
35320,9591
35321,14916
35322,6120
35323,4418
35324,5724
35325,6940
35326,7708
35327,3406
35328,4845
35329,3748
35330,8222
35331,5520
35332,5256
35333,10204
35334,10922
35335,3998
35336,6134
35337,3172
35338,4921
35339,4764
35340,7385
35341,3948
35342,3725
35343,4842
35344,6564
35345,6125
35346,4042
35347,4939
35348,5982
35349,5619
35350,5298
35351,3250
35352,8683
35353,15654
35354,3823
35355,6192
35356,7433
35357,5470
35358,3260
35359,3122
35360,3104
35361,6571
35362,4276
35363,6514
35364,7691
35365,3309
35366,4498
35367,4980
35368,4844
35369,4203
35370,4510
35371,5190
35372,8907
35373,6697
35374,7319
35375,4777
35376,3667
35377,5613
35378,5562
35379,6967
35380,5231
35381,3868
35382,20098
35383,5522
35384,4787
35385,10556
35386,5749
35387,5481
35388,5086
35389,6332
35390,4237
35391,7719
35392,12978
35393,4282
35394,4711
35395,5499
35396,11125
35397,5357
35398,4241
35399,5096
35400,4425
35401,5554
35402,3758
35403,7318
35404,3276
35405,6783
35406,2334
35407,17168
35408,6975
35409,3396
35410,3964
35411,8120
35412,5120
35413,5641
35414,6954
35415,4731
35416,4327
35417,4143
35418,8664
35419,4772
35420,5189
35421,5790
35422,6695
35423,5005
35424,6830
35425,4918
35426,3654
35427,7261
35428,8654
35429,4168
35430,5832
35431,5676
35432,4436
35433,8356
35434,4980
35435,6412
35436,5637
35437,6412
35438,3473
35439,4026
35440,4067
35441,0
35442,5848
35443,6800
35444,3276
35445,7216
35446,3282
35447,5317
35448,4059
35449,5160
35450,5469
35451,6215
35452,5816
35453,6782
35454,3217
35455,4960
35456,6085
35457,6094
35458,5917
35459,6370
35460,8889
35461,5907
35462,2594
35463,5974
35464,4530
35465,5748
35466,5799
35467,3915
35468,9812
35469,4221
35470,5585
35471,9409
35472,6127
35473,3205
35474,14324
35475,4685
35476,8165
35477,4659
35478,6952
35479,8329
35480,4978
35481,4975
35482,5796
35483,4483
35484,4923
35485,5482
35486,8773
35487,5944
35488,4927
35489,3920
35490,6141
35491,5661
35492,5378
35493,5406
35494,5080
35495,5567
35496,4833
35497,6904
35498,6702
35499,5708
35500,4836
35501,5528
35502,6793
35503,8736
35504,4333
35505,6818
35506,4740
35507,5104
35508,6101
35509,6083
35510,3870
35511,3823
35512,6494
35513,7433
35514,4235
35515,5083
35516,6393
35517,5174
35518,4867
35519,4940
35520,3814
35521,2901
35522,6598
35523,3709
35524,6262
35525,5651
35526,5179
35527,5388
35528,10208
35529,7430
35530,6521
35531,4425
35532,6718
35533,6666
35534,3417
35535,3069
35536,7380
35537,2824
35538,6255
35539,11714
35540,6317
35541,5739
35542,3797
35543,6078
35544,5002
35545,5380
35546,5902
35547,7064
35548,6706
35549,4766
35550,6623
35551,4094
35552,5644
35553,4365
35554,4927
35555,4632
35556,4510
35557,4568
35558,6304
35559,3790
35560,7926
35561,5725
35562,3474
35563,3955
35564,7136
35565,6370
35566,4944
35567,5321
35568,5665
35569,4175
35570,5601
35571,5390
35572,5253
35573,4374
35574,4538
35575,6520
35576,5409
35577,4813
35578,3143
35579,9451
35580,5396
35581,4066
35582,5960
35583,9683
35584,6407
35585,7356
35586,7884
35587,5747
35588,4615
35589,4553
35590,6817
35591,7689
35592,10202
35593,3975
35594,5297
35595,3001
35596,3771
35597,8199
35598,12494
35599,5865
35600,4281
35601,4065
35602,5292
35603,4656
35604,8486
35605,7035
35606,5287
35607,3501
35608,6596
35609,5093
35610,9628
35611,7210
35612,4107
35613,5998
35614,3423
35615,5815
35616,6813
35617,6063
35618,7163
35619,5298
35620,6066
35621,3721
35622,5117
35623,6374
35624,6962
35625,5823
35626,6828
35627,4904
35628,3644
35629,8366
35630,3963
35631,9867
35632,5294
35633,3720
35634,5839
35635,5689
35636,5455
35637,6292
35638,8689
35639,3954
35640,10463
35641,3561
35642,3958
35643,6110
35644,6919
35645,9315
35646,5884
35647,6107
35648,4976
35649,5748
35650,5828
35651,4213
35652,5657
35653,4507
35654,8342
35655,6046
35656,6908
35657,11039
35658,7037
35659,4203
35660,4277
35661,4796
35662,9642
35663,4715
35664,8554
35665,3927
35666,8060
35667,5775
35668,4915
35669,4064
35670,3952
35671,4435
35672,4588
35673,4940
35674,4354
35675,3867
35676,3981
35677,6568
35678,5428
35679,19992
35680,5361
35681,3752
35682,4821
35683,5835
35684,7543
35685,4277
35686,3997
35687,8573
35688,4869
35689,5904
35690,5364
35691,6776
35692,6046
35693,3622
35694,4626
35695,5276
35696,7198
35697,5305
35698,6011
35699,5357
35700,8333
35701,3956
35702,4030
35703,4509
35704,7818
35705,8216
35706,4983
35707,7382
35708,3871
35709,6352
35710,3154
35711,4547
35712,3591
35713,6237
35714,6439
35715,8687
35716,8195
35717,4941
35718,4234
35719,4109
35720,3929
35721,5065
35722,8654
35723,5164
35724,4328
35725,4297
35726,3909
35727,6339
35728,2745
35729,6421
35730,3227
35731,5901
35732,5113
35733,4469
35734,6249
35735,4277
35736,7083
35737,6615
35738,5709
35739,4488
35740,7636
35741,4315
35742,5512
35743,5027
35744,8087
35745,3997
35746,5269
35747,6818
35748,7024
35749,7968
35750,5450
35751,6965
35752,3412
35753,3676
35754,4942
35755,5252
35756,7462
35757,5989
35758,3119
35759,4597
35760,6433
35761,6357
35762,7509
35763,3332
35764,11396
35765,5350
35766,3609
35767,5394
35768,5169
35769,5749
35770,6730
35771,3692
35772,4626
35773,5017
35774,6052
35775,5671
35776,4463
35777,5463
35778,4229
35779,4663
35780,7256
35781,5803
35782,4881
35783,3885
35784,8753
35785,4589
35786,7474
35787,6592
35788,10662
35789,5049
35790,4382
35791,5382
35792,5853
35793,4972
35794,4361
35795,6671
35796,5920
35797,3199
35798,5905
35799,4886
35800,5708
35801,3834
35802,8606
35803,7299
35804,3949
35805,9559
35806,4059
35807,3744
35808,6789
35809,7365
35810,4666
35811,3640
35812,6130
35813,5058
35814,4153
35815,5199
35816,4343
35817,7340
35818,6269
35819,5680
35820,6685
35821,4546
35822,3746
35823,5014
35824,6750
35825,6279
35826,6267
35827,6208
35828,7333
35829,4853
35830,6892
35831,5489
35832,4526
35833,5077
35834,7657
35835,5596
35836,5534
35837,8328
35838,7007
35839,5868
35840,4594
35841,5934
35842,5861
35843,5971
35844,5519
35845,3553
35846,4577
35847,8205
35848,6690
35849,4785
35850,3365
35851,6539
35852,6195
35853,6221
35854,5412
35855,4545
35856,4074
35857,3301
35858,7826
35859,5630
35860,5268
35861,5231
35862,4463
35863,5345
35864,5026
35865,4937
35866,3294
35867,4923
35868,3895
35869,7103
35870,6923
35871,5898
35872,10088
35873,4513
35874,4215
35875,8356
35876,4228
35877,4894
35878,1979
35879,6703
35880,6750
35881,4062
35882,5804
35883,6777
35884,5125
35885,4871
35886,6349
35887,9050
35888,2149
35889,6428
35890,2483
35891,11344
35892,4087
35893,6745
35894,7120
35895,4700
35896,5373
35897,3743
35898,4599
35899,2808
35900,3904
35901,4807
35902,4107
35903,5495
35904,6227
35905,4232
35906,5871
35907,5236
35908,6925
35909,7289
35910,6373
35911,3958
35912,2917
35913,8508
35914,7904
35915,4381
35916,6399
35917,4182
35918,6040
35919,3908
35920,4115
35921,5271
35922,3010
35923,5451
35924,3803
35925,8562
35926,5470
35927,6894
35928,6770
35929,4095
35930,7035
35931,15983
35932,7998
35933,3874
35934,2538
35935,4928
35936,6489
35937,4106
35938,5245
35939,11663
35940,5445
35941,8515
35942,16017
35943,3661
35944,4822
35945,4539
35946,3786
35947,6627
35948,4543
35949,6478
35950,8058
35951,6390
35952,4980
35953,6047
35954,3897
35955,5297
35956,3228
35957,5025
35958,5784
35959,7523
35960,5256
35961,4566
35962,3531
35963,6418
35964,4121
35965,4539
35966,3114
35967,7139
35968,4518
35969,5230
35970,5746
35971,6472
35972,0
35973,4789
35974,5309
35975,5311
35976,5975
35977,5864
35978,6962
35979,8856
35980,6324
35981,4395
35982,3019
35983,5224
35984,5372
35985,5009
35986,4100
35987,1981
35988,6945
35989,4987
35990,7817
35991,5679
35992,4435
35993,4885
35994,4094
35995,3974
35996,7192
35997,4479
35998,6111
35999,6354
36000,11519
36001,4740
36002,4161
36003,6373
36004,4237
36005,4644
36006,4370
36007,6245
36008,3843
36009,5814
36010,3267
36011,4853
36012,3200
36013,7980
36014,4274
36015,12925
36016,11506
36017,4259
36018,5598
36019,4618
36020,5218
36021,4409
36022,9991
36023,6006
36024,7211
36025,3770
36026,6750
36027,4318
36028,7832
36029,7512
36030,5535
36031,4723
36032,5288
36033,6007
36034,6257
36035,7713
36036,5402
36037,5924
36038,7960
36039,5214
36040,5430
36041,4477
36042,7805
36043,5847
36044,4432
36045,4200
36046,4856
36047,3864
36048,7323
36049,5101
36050,5846
36051,5238
36052,7017
36053,3817
36054,6083
36055,7149
36056,5806
36057,6344
36058,5752
36059,3477
36060,12170
36061,7978
36062,5844
36063,14596
36064,7825
36065,5419
36066,5096
36067,7106
36068,8205
36069,9113
36070,8877
36071,4277
36072,5982
36073,4309
36074,6726
36075,3394
36076,8640
36077,5084
36078,4059
36079,5193
36080,7452
36081,6547
36082,4692
36083,6533
36084,4893
36085,3329
36086,5822
36087,3453
36088,4126
36089,4643
36090,5391
36091,8172
36092,7474
36093,6176
36094,5606
36095,5396
36096,8999
36097,5589
36098,4172
36099,4119
36100,4261
36101,7718
36102,3558
36103,9493
36104,6089
36105,2800
36106,4121
36107,5645
36108,5418
36109,4370
36110,7341
36111,7523
36112,10774
36113,5080
36114,9038
36115,2620
36116,4281
36117,6007
36118,4270
36119,5416
36120,4757
36121,5173
36122,3293
36123,4085
36124,10527
36125,7493
36126,3633
36127,4414
36128,7160
36129,9565
36130,6937
36131,4810
36132,3748
36133,12079
36134,5408
36135,6778
36136,4767
36137,4401
36138,5915
36139,6881
36140,2979
36141,3772
36142,4060
36143,5047
36144,8890
36145,6478
36146,6220
36147,11053
36148,4059
36149,8434
36150,9526
36151,5583
36152,3760
36153,2670
36154,6717
36155,5082
36156,5133
36157,5007
36158,5249
36159,9669
36160,4076
36161,4434
36162,5758
36163,3926
36164,5846
36165,4435
36166,3341
36167,5529
36168,2799
36169,5908
36170,7169
36171,5486
36172,6315
36173,6434
36174,6628
36175,4287
36176,5847
36177,7986
36178,6173
36179,4916
36180,5553
36181,4620
36182,8686
36183,4811
36184,5298
36185,4637
36186,5773
36187,6701
36188,5496
36189,5386
36190,7184
36191,5055
36192,5605
36193,14187
36194,5094
36195,6940
36196,4635
36197,5556
36198,4728
36199,4093
36200,4101
36201,4107
36202,7260
36203,11713
36204,7207
36205,7493
36206,8302
36207,9015
36208,8369
36209,5951
36210,7951
36211,3948
36212,9222
36213,9069
36214,5932
36215,6911
36216,6320
36217,5261
36218,3374
36219,9644
36220,5683
36221,5253
36222,5319
36223,2140
36224,10704
36225,8780
36226,12348
36227,5138
36228,4113
36229,3737
36230,5526
36231,5008
36232,6266
36233,5855
36234,4694
36235,3865
36236,5624
36237,3335
36238,2417
36239,4910
36240,11418
36241,5861
36242,15753
36243,3968
36244,4789
36245,5449
36246,4108
36247,3802
36248,4140
36249,4092
36250,3257
36251,6574
36252,5278
36253,3294
36254,7507
36255,4135
36256,5182
36257,3656
36258,9496
36259,5983
36260,8740
36261,4201
36262,5970
36263,3487
36264,4195
36265,3621
36266,13769
36267,9030
36268,5149
36269,4114
36270,3994
36271,5076
36272,3667
36273,7963
36274,3784
36275,12533
36276,3986
36277,4549
36278,4846
36279,7156
36280,5524
36281,3931
36282,5743
36283,6305
36284,5617
36285,5633
36286,4654
36287,2966
36288,7810
36289,4048
36290,3351
36291,5206
36292,4851
36293,5130
36294,5592
36295,7869
36296,6534
36297,5588
36298,6204
36299,3698
36300,7477
36301,4537
36302,3801
36303,5770
36304,5930
36305,5124
36306,7167
36307,5352
36308,5071
36309,5306
36310,5327
36311,4607
36312,5887
36313,5954
36314,5774
36315,4685
36316,4469
36317,7588
36318,5410
36319,3713
36320,9100
36321,4271
36322,2901
36323,5760
36324,7407
36325,8051
36326,4565
36327,4207
36328,4887
36329,3065
36330,5297
36331,6203
36332,5411
36333,4462
36334,5495
36335,6307
36336,2881
36337,4385
36338,4746
36339,4719
36340,4183
36341,6167
36342,6380
36343,5518
36344,3962
36345,7225
36346,4889
36347,6235
36348,7086
36349,4064
36350,5577
36351,5910
36352,7129
36353,6581
36354,7025
36355,2830
36356,7972
36357,5407
36358,5873
36359,8319
36360,4077
36361,3589
36362,9849
36363,6265
36364,6679
36365,4793
36366,5148
36367,7181
36368,2870
36369,5745
36370,4691
36371,5830
36372,5071
36373,4344
36374,6908
36375,4303
36376,7524
36377,8447
36378,13506
36379,6318
36380,3882
36381,4237
36382,3305
36383,2588
36384,9001
36385,6327
36386,4463
36387,7111
36388,4456
36389,8843
36390,3657
36391,4826
36392,4979
36393,7807
36394,4466
36395,5550
36396,4622
36397,3749
36398,6549
36399,4165
36400,5737
36401,5948
36402,8246
36403,6551
36404,5873
36405,4599
36406,9188
36407,3975
36408,4359
36409,8351
36410,5573
36411,7368
36412,8982
36413,13518
36414,4245
36415,4100
36416,4088
36417,4777
36418,6944
36419,8612
36420,5702
36421,6644
36422,5882
36423,3171
36424,6324
36425,6230
36426,5599
36427,6226
36428,4120
36429,3933
36430,3979
36431,3188
36432,3920
36433,6398
36434,5766
36435,8984
36436,13923
36437,6071
36438,4374
36439,5850
36440,6843
36441,7605
36442,3253
36443,5021
36444,3640
36445,7638
36446,5606
36447,4855
36448,9919
36449,10828
36450,4023
36451,5846
36452,3124
36453,5033
36454,4675
36455,7327
36456,3830
36457,3739
36458,4584
36459,6066
36460,5317
36461,3799
36462,4757
36463,5642
36464,5137
36465,5215
36466,2967
36467,8571
36468,15146
36469,3650
36470,6089
36471,6788
36472,5490
36473,3213
36474,3001
36475,3168
36476,6253
36477,4194
36478,6110
36479,7210
36480,3268
36481,4352
36482,4765
36483,4798
36484,4195
36485,4523
36486,5313
36487,8696
36488,6352
36489,7389
36490,4816
36491,3394
36492,5302
36493,5344
36494,6242
36495,5094
36496,3632
36497,18878
36498,5296
36499,4677
36500,10531
36501,5430
36502,5305
36503,5007
36504,6120
36505,4128
36506,7350
36507,12624
36508,4097
36509,4501
36510,5596
36511,10308
36512,5140
36513,4051
36514,4898
36515,4238
36516,5318
36517,3624
36518,7331
36519,3224
36520,6586
36521,2307
36522,16623
36523,6773
36524,3533
36525,4021
36526,7203
36527,4864
36528,5671
36529,6896
36530,4666
36531,4539
36532,3839
36533,8190
36534,4718
36535,4965
36536,5621
36537,6695
36538,4725
36539,6535
36540,4533
36541,3539
36542,6819
36543,7918
36544,4009
36545,5725
36546,5552
36547,4397
36548,8294
36549,4500
36550,6104
36551,5486
36552,6166
36553,3380
36554,4021
36555,3983
36556,0
36557,6296
36558,6658
36559,3278
36560,7055
36561,3316
36562,5112
36563,3813
36564,5083
36565,5361
36566,5667
36567,5690
36568,6622
36569,3265
36570,4955
36571,5738
36572,6007
36573,5875
36574,6670
36575,8633
36576,5796
36577,2652
36578,5474
36579,4150
36580,5439
36581,5575
36582,3798
36583,9766
36584,4185
36585,5371
36586,8861
36587,5518
36588,3262
36589,11947
36590,4604
36591,8159
36592,4577
36593,6518
36594,7244
36595,5003
36596,4458
36597,5400
36598,4302
36599,4572
36600,5300
36601,8288
36602,5887
36603,4790
36604,3704
36605,5677
36606,5448
36607,5009
36608,5476
36609,4892
36610,5278
36611,4730
36612,6532
36613,6832
36614,5463
36615,4629
36616,5387
36617,6566
36618,8202
36619,4358
36620,6513
36621,4443
36622,5052
36623,6377
36624,5779
36625,3796
36626,3606
36627,7351
36628,7258
36629,4063
36630,4829
36631,6130
36632,5099
36633,4473
36634,5235
36635,3794
36636,2721
36637,6305
36638,3578
36639,6143
36640,5606
36641,4801
36642,4707
36643,8637
36644,7486
36645,6911
36646,4106
36647,6457
36648,6150
36649,3506
36650,2863
36651,6605
36652,2758
36653,6006
36654,11398
36655,6264
36656,5611
36657,3449
36658,5787
36659,4868
36660,5154
36661,5541
36662,6802
36663,6566
36664,4617
36665,6709
36666,3846
36667,5329
36668,4121
36669,4717
36670,4518
36671,4294
36672,4469
36673,6045
36674,3586
36675,7664
36676,5468
36677,3674
36678,3959
36679,6931
36680,6212
36681,4571
36682,5106
36683,5045
36684,4208
36685,5310
36686,5250
36687,5318
36688,4248
36689,4391
36690,7051
36691,5474
36692,4814
36693,3022
36694,8305
36695,5359
36696,3806
36697,5633
36698,9574
36699,6235
36700,7318
36701,7577
36702,5379
36703,4638
36704,4424
36705,6603
36706,6922
36707,10372
36708,3640
36709,4860
36710,2884
36711,3545
36712,7493
36713,11389
36714,5281
36715,3806
36716,4000
36717,5026
36718,4738
36719,8685
36720,6718
36721,5198
36722,3266
36723,6336
36724,4942
36725,9391
36726,7697
36727,3989
36728,5715
36729,3303
36730,5986
36731,6707
36732,5722
36733,7100
36734,5154
36735,5913
36736,3756
36737,5001
36738,5802
36739,6772
36740,5724
36741,6751
36742,4743
36743,3496
36744,7906
36745,3944
36746,9133
36747,5174
36748,3754
36749,6836
36750,5638
36751,4967
36752,6391
36753,8463
36754,3868
36755,9938
36756,3298
36757,3640
36758,5759
36759,6749
36760,9300
36761,5623
36762,5368
36763,5088
36764,5428
36765,5787
36766,4060
36767,5277
36768,4160
36769,7929
36770,6155
36771,6784
36772,10604
36773,7179
36774,4081
36775,4111
36776,4631
36777,9574
36778,4586
36779,8360
36780,3740
36781,7568
36782,5568
36783,4526
36784,3923
36785,3788
36786,4180
36787,4477
36788,4648
36789,4054
36790,3623
36791,3682
36792,6551
36793,5465
36794,19342
36795,5499
36796,3572
36797,3806
36798,5620
36799,7523
36800,3850
36801,3812
36802,8452
36803,5470
36804,5993
36805,5082
36806,6196
36807,5671
36808,3749
36809,4561
36810,5298
36811,7063
36812,4997
36813,5627
36814,5258
36815,8679
36816,3824
36817,3839
36818,4306
36819,7442
36820,8535
36821,5215
36822,6878
36823,4095
36824,6229
36825,3377
36826,4457
36827,3270
36828,6120
36829,6298
36830,8437
36831,7862
36832,5137
36833,3931
36834,3586
36835,4048
36836,4850
36837,7735
36838,4916
36839,3993
36840,4405
36841,3877
36842,5891
36843,2674
36844,6068
36845,3327
36846,5928
36847,5292
36848,4401
36849,6106
36850,4144
36851,7185
36852,6493
36853,5603
36854,4413
36855,7173
36856,3722
36857,5378
36858,5341
36859,8466
36860,4304
36861,5342
36862,6621
36863,6619
36864,7784
36865,5310
36866,6845
36867,3459
36868,3658
36869,4864
36870,5515
36871,7488
36872,6183
36873,3068
36874,4430
36875,6717
36876,5755
36877,7685
36878,3226
36879,10404
36880,5341
36881,3588
36882,5067
36883,5093
36884,5541
36885,6517
36886,3593
36887,4745
36888,4967
36889,5992
36890,5570
36891,4334
36892,5624
36893,4531
36894,4467
36895,6948
36896,5754
36897,4924
36898,3777
36899,8340
36900,4316
36901,6931
36902,6265
36903,10454
36904,4928
36905,4320
36906,5492
36907,5525
36908,4682
36909,4212
36910,6477
36911,5792
36912,3186
36913,6139
36914,4678
36915,5703
36916,3695
36917,8034
36918,6960
36919,3660
36920,9366
36921,4139
36922,3651
36923,6578
36924,7519
36925,4478
36926,3628
36927,6029
36928,5004
36929,4067
36930,5323
36931,4447
36932,6958
36933,6632
36934,5414
36935,6411
36936,4418
36937,3658
36938,4766
36939,6988
36940,6003
36941,6424
36942,5961
36943,7027
36944,4514
36945,7031
36946,5350
36947,4077
36948,4868
36949,7934
36950,5225
36951,5929
36952,7832
36953,6592
36954,5901
36955,4702
36956,5700
36957,6021
36958,5797
36959,5274
36960,3409
36961,4534
36962,7686
36963,6344
36964,4935
36965,3505
36966,6397
36967,5953
36968,6119
36969,5462
36970,4140
36971,4086
36972,3206
36973,8158
36974,5422
36975,5084
36976,5174
36977,4420
36978,5202
36979,5032
36980,5139
36981,3284
36982,5043
36983,3668
36984,6964
36985,6641
36986,5675
36987,9984
36988,3920
36989,4244
36990,7897
36991,4082
36992,4603
36993,2015
36994,6642
36995,6388
36996,4567
36997,5736
36998,5606
36999,5232
37000,4614
37001,6592
37002,8479
37003,2160
37004,7178
37005,2568
37006,11094
37007,3590
37008,6468
37009,6709
37010,4682
37011,5277
37012,3663
37013,4612
37014,2761
37015,3894
37016,5070
37017,3906
37018,5084
37019,6033
37020,4706
37021,5696
37022,4850
37023,6838
37024,7328
37025,6040
37026,3764
37027,3223
37028,8382
37029,7264
37030,4424
37031,5803
37032,4086
37033,5768
37034,3944
37035,3649
37036,5040
37037,3163
37038,5228
37039,3615
37040,8255
37041,5319
37042,6836
37043,6651
37044,4483
37045,6836
37046,15737
37047,7986
37048,3728
37049,2364
37050,4952
37051,6648
37052,4021
37053,5165
37054,12336
37055,5273
37056,9044
37057,17524
37058,3621
37059,4645
37060,4376
37061,3852
37062,8596
37063,3733
37064,6245
37065,7712
37066,6155
37067,5048
37068,5905
37069,4386
37070,4953
37071,3086
37072,4869
37073,5788
37074,7064
37075,5521
37076,4794
37077,3532
37078,6368
37079,3962
37080,4385
37081,3217
37082,6653
37083,4620
37084,5304
37085,5401
37086,6514
37087,0
37088,4805
37089,5179
37090,4976
37091,5879
37092,5688
37093,7126
37094,9062
37095,6471
37096,4499
37097,2993
37098,4979
37099,5262
37100,5143
37101,4094
37102,2402
37103,6829
37104,5207
37105,7749
37106,5491
37107,4684
37108,5264
37109,4179
37110,4003
37111,7397
37112,4296
37113,6331
37114,6141
37115,11544
37116,5000
37117,4655
37118,6457
37119,4271
37120,5909
37121,4644
37122,6267
37123,3709
37124,5668
37125,3243
37126,4912
37127,3119
37128,7833
37129,4282
37130,11660
37131,11085
37132,4658
37133,5473
37134,4498
37135,5161
37136,4224
37137,9805
37138,6142
37139,7218
37140,3644
37141,6577
37142,4388
37143,7472
37144,6884
37145,5649
37146,4634
37147,5446
37148,6074
37149,6055
37150,7999
37151,5107
37152,5974
37153,7351
37154,5326
37155,5237
37156,4793
37157,7671
37158,5761
37159,4508
37160,3983
37161,5098
37162,3752
37163,7041
37164,5240
37165,6169
37166,5094
37167,6978
37168,3871
37169,5833
37170,7182
37171,5680
37172,6923
37173,5885
37174,3506
37175,11093
37176,7909
37177,6250
37178,14977
37179,8262
37180,5182
37181,5053
37182,7160
37183,8281
37184,8664
37185,8129
37186,4136
37187,5855
37188,4305
37189,6888
37190,3423
37191,9360
37192,4964
37193,3898
37194,5015
37195,7176
37196,6333
37197,4579
37198,6275
37199,4538
37200,3445
37201,5922
37202,3569
37203,3858
37204,5020
37205,4842
37206,7929
37207,7143
37208,5989
37209,5622
37210,5462
37211,9103
37212,5600
37213,4158
37214,3952
37215,4151
37216,7733
37217,3408
37218,9499
37219,5442
37220,2950
37221,3659
37222,5634
37223,5416
37224,4354
37225,7027
37226,8027
37227,10147
37228,4869
37229,8854
37230,2538
37231,4439
37232,5866
37233,4148
37234,5164
37235,4563
37236,4984
37237,3257
37238,4282
37239,9845
37240,7204
37241,3605
37242,4119
37243,6920
37244,9124
37245,8229
37246,4810
37247,3899
37248,10483
37249,4910
37250,6358
37251,4633
37252,4481
37253,5648
37254,7068
37255,3194
37256,3321
37257,4222
37258,4723
37259,8181
37260,6308
37261,5974
37262,11158
37263,4233
37264,7829
37265,9272
37266,5458
37267,3875
37268,2793
37269,6248
37270,4913
37271,4906
37272,5094
37273,5184
37274,9692
37275,3903
37276,4652
37277,5711
37278,4573
37279,5813
37280,4215
37281,3485
37282,5762
37283,2646
37284,6081
37285,7029
37286,5287
37287,6156
37288,6542
37289,6394
37290,4298
37291,5832
37292,7693
37293,5863
37294,4408
37295,5064
37296,3986
37297,8384
37298,5584
37299,5206
37300,4354
37301,5446
37302,6727
37303,5428
37304,5050
37305,6908
37306,4846
37307,5806
37308,13931
37309,4990
37310,7038
37311,4978
37312,5423
37313,4426
37314,4085
37315,3877
37316,4235
37317,7250
37318,11015
37319,7248
37320,7437
37321,8638
37322,8959
37323,8216
37324,6397
37325,8215
37326,3955
37327,8940
37328,9077
37329,5737
37330,6978
37331,6157
37332,5151
37333,3146
37334,9520
37335,5469
37336,5041
37337,5278
37338,2105
37339,10412
37340,8600
37341,12211
37342,5224
37343,4000
37344,3589
37345,5220
37346,4916
37347,6024
37348,5745
37349,4447
37350,3712
37351,5666
37352,2931
37353,2441
37354,5058
37355,10926
37356,5584
37357,15666
37358,3981
37359,5060
37360,5189
37361,4143
37362,3767
37363,4188
37364,3922
37365,3260
37366,6515
37367,5256
37368,3146
37369,7511
37370,4026
37371,5176
37372,3675
37373,9231
37374,5732
37375,8770
37376,4143
37377,5938
37378,3450
37379,4269
37380,3642
37381,12056
37382,8621
37383,5409
37384,4021
37385,4035
37386,4894
37387,4176
37388,9611
37389,3798
37390,11577
37391,3910
37392,4441
37393,4701
37394,6980
37395,5535
37396,3809
37397,5672
37398,6052
37399,5693
37400,5765
37401,4467
37402,2988
37403,7852
37404,3932
37405,3362
37406,5090
37407,5048
37408,4963
37409,5393
37410,7734
37411,6756
37412,5491
37413,6346
37414,3401
37415,7232
37416,4349
37417,3681
37418,5814
37419,6093
37420,5203
37421,7358
37422,5085
37423,4907
37424,5459
37425,5513
37426,4514
37427,5616
37428,5989
37429,5802
37430,4880
37431,4331
37432,7693
37433,5411
37434,3619
37435,9156
37436,4344
37437,2728
37438,5794
37439,7227
37440,7780
37441,4366
37442,4370
37443,4724
37444,3118
37445,5092
37446,5861
37447,5567
37448,4562
37449,5398
37450,6168
37451,2876
37452,4067
37453,4810
37454,4640
37455,4052
37456,5780
37457,5827
37458,5188
37459,3825
37460,7032
37461,4922
37462,6430
37463,6726
37464,4017
37465,5417
37466,5633
37467,6988
37468,6735
37469,6506
37470,4068
37471,8362
37472,5645
37473,5711
37474,7462
37475,3966
37476,3514
37477,9569
37478,6108
37479,6339
37480,4736
37481,5456
37482,6946
37483,3029
37484,5845
37485,4435
37486,6040
37487,5038
37488,4631
37489,6530
37490,4415
37491,6707
37492,8485
37493,13015
37494,6314
37495,4021
37496,4166
37497,3293
37498,2687
37499,8857
37500,6172
37501,4426
37502,6764
37503,4611
37504,8404
37505,3587
37506,4959
37507,4961
37508,7013
37509,4125
37510,5072
37511,4519
37512,3557
37513,6417
37514,4257
37515,5270
37516,6025
37517,7956
37518,6679
37519,5987
37520,4858
37521,9013
37522,3877
37523,4389
37524,8029
37525,5355
37526,7401
37527,8762
37528,13607
37529,4253
37530,3977
37531,4074
37532,4711
37533,6961
37534,8214
37535,5629
37536,6606
37537,5957
37538,3191
37539,6074
37540,6027
37541,5592
37542,6630
37543,4192
37544,4022
37545,3964
37546,3117
37547,3741
37548,6246
37549,6177
37550,9137
37551,13369
37552,5589
37553,4258
37554,5296
37555,6808
37556,7253
37557,3386
37558,5065
37559,3824
37560,7872
37561,5373
37562,4947
37563,9625
37564,10511
37565,3814
37566,5862
37567,3118
37568,4641
37569,4488
37570,7353
37571,3796
37572,3684
37573,4552
37574,6052
37575,5960
37576,3436
37577,4812
37578,6190
37579,4841
37580,5174
37581,3017
37582,8297
37583,14274
37584,3580
37585,5992
37586,6800
37587,5402
37588,3225
37589,3130
37590,3054
37591,6288
37592,4099
37593,6103
37594,7053
37595,3285
37596,4436
37597,4749
37598,4829
37599,4181
37600,4594
37601,5168
37602,8111
37603,6342
37604,7111
37605,4879
37606,3360
37607,5020
37608,5221
37609,7089
37610,5175
37611,3647
37612,17711
37613,5279
37614,4625
37615,9972
37616,5293
37617,5196
37618,4943
37619,6037
37620,4020
37621,7439
37622,12252
37623,4057
37624,4403
37625,5145
37626,10044
37627,5227
37628,3987
37629,4805
37630,3932
37631,4998
37632,3595
37633,7024
37634,3078
37635,6253
37636,2131
37637,16615
37638,6368
37639,3242
37640,4181
37641,7308
37642,4724
37643,5370
37644,6654
37645,4436
37646,4435
37647,3892
37648,8126
37649,4748
37650,4784
37651,5289
37652,6289
37653,4473
37654,6383
37655,4459
37656,3328
37657,6821
37658,8009
37659,3795
37660,5809
37661,5660
37662,4327
37663,8254
37664,4497
37665,6132
37666,5644
37667,6196
37668,3192
37669,3811
37670,4000
37671,0
37672,5384
37673,6454
37674,3348
37675,7054
37676,3040
37677,4980
37678,3724
37679,4989
37680,5326
37681,5873
37682,5804
37683,6845
37684,3413
37685,4729
37686,5466
37687,6149
37688,5482
37689,5989
37690,8407
37691,5812
37692,2702
37693,5629
37694,4027
37695,5300
37696,5326
37697,3623
37698,9496
37699,4148
37700,5215
37701,8581
37702,6120
37703,3196
37704,10166
37705,4799
37706,7852
37707,4384
37708,6369
37709,7674
37710,5108
37711,4263
37712,5204
37713,4366
37714,4418
37715,5199
37716,8067
37717,5629
37718,4529
37719,3804
37720,5466
37721,5594
37722,4976
37723,5228
37724,4748
37725,5141
37726,5207
37727,6535
37728,6445
37729,5059
37730,4845
37731,5241
37732,6521
37733,8141
37734,4310
37735,6464
37736,4281
37737,5345
37738,6312
37739,5690
37740,3706
37741,3672
37742,6184
37743,7315
37744,3833
37745,4672
37746,6184
37747,4980
37748,4680
37749,4573
37750,3782
37751,2819
37752,5817
37753,3519
37754,5696
37755,5587
37756,4831
37757,4761
37758,9096
37759,7305
37760,6351
37761,3919
37762,7036
37763,6016
37764,3301
37765,2848
37766,6729
37767,2831
37768,5783
37769,10798
37770,6648
37771,5309
37772,3501
37773,5493
37774,5097
37775,4926
37776,5748
37777,6668
37778,6487
37779,4558
37780,6800
37781,3868
37782,5121
37783,4112
37784,4507
37785,5069
37786,4254
37787,4130
37788,6179
37789,3485
37790,7694
37791,5295
37792,3635
37793,3750
37794,7139
37795,5977
37796,4883
37797,4946
37798,5040
37799,4178
37800,5321
37801,5104
37802,5064
37803,3985
37804,4281
37805,6769
37806,5348
37807,4963
37808,2991
37809,8294
37810,5259
37811,3746
37812,5578
37813,9026
37814,6318
37815,6518
37816,7084
37817,5158
37818,4562
37819,4531
37820,6243
37821,6709
37822,9727
37823,3587
37824,4841
37825,3027
37826,3539
37827,7544
37828,11468
37829,5445
37830,3971
37831,4470
37832,5156
37833,4703
37834,7917
37835,6820
37836,5248
37837,3301
37838,6280
37839,4907
37840,9657
37841,7543
37842,3887
37843,5758
37844,3299
37845,5931
37846,6375
37847,5703
37848,6743
37849,5092
37850,5779
37851,3610
37852,5271
37853,5435
37854,6662
37855,5631
37856,6869
37857,4945
37858,3421
37859,7474
37860,3785
37861,8964
37862,5252
37863,3531
37864,5067
37865,5446
37866,5039
37867,6059
37868,8196
37869,3891
37870,9422
37871,3267
37872,3735
37873,5406
37874,6738
37875,9054
37876,5483
37877,5746
37878,4703
37879,5455
37880,5468
37881,4046
37882,5346
37883,4199
37884,7833
37885,5569
37886,6586
37887,10243
37888,7171
37889,3963
37890,3914
37891,4381
37892,9691
37893,4339
37894,8526
37895,3573
37896,8187
37897,5547
37898,4565
37899,4094
37900,3759
37901,4286
37902,4370
37903,4592
37904,3936
37905,3731
37906,3645
37907,6486
37908,5593
37909,18641
37910,5423
37911,3842
37912,3656
37913,5360
37914,7628
37915,4127
37916,3859
37917,9260
37918,4912
37919,6033
37920,5003
37921,5935
37922,5909
37923,4021
37924,4654
37925,5787
37926,7355
37927,4963
37928,6656
37929,5577
37930,7349
37931,5047
37932,4356
37933,5098
37934,8052
37935,8155
37936,5615
37937,7101
37938,4045
37939,6661
37940,3099
37941,5212
37942,3566
37943,6613
37944,6615
37945,9273
37946,8618
37947,5909
37948,4662
37949,3768
37950,3764
37951,5492
37952,7978
37953,5213
37954,4275
37955,4937
37956,4390
37957,5946
37958,2747
37959,7179
37960,3653
37961,6708
37962,5574
37963,4570
37964,7021
37965,4251
37966,8063
37967,6391
37968,6012
37969,4578
37970,6892
37971,4040
37972,5543
37973,5747
37974,9241
37975,4470
37976,5868
37977,6872
37978,6782
37979,8500
37980,5442
37981,7410
37982,3567
37983,3827
37984,4771
37985,6084
37986,8314
37987,7283
37988,3094
37989,4982
37990,7682
37991,6972
37992,7725
37993,3609
37994,10461
37995,5498
37996,3605
37997,4695
37998,5204
37999,5837
38000,6685
38001,3765
38002,4951
38003,5710
38004,6423
38005,5449
38006,3925
38007,5694
38008,4847
38009,4955
38010,7784
38011,6116
38012,5348
38013,4225
38014,8320
38015,4700
38016,7116
38017,6363
38018,11555
38019,5399
38020,4328
38021,6261
38022,5558
38023,5570
38024,4658
38025,7639
38026,5759
38027,3276
38028,6472
38029,4773
38030,6266
38031,3928
38032,8390
38033,6476
38034,4734
38035,9264
38036,4591
38037,4242
38038,7101
38039,7879
38040,4639
38041,3855
38042,6453
38043,5129
38044,4232
38045,5637
38046,4656
38047,7970
38048,6230
38049,5950
38050,6478
38051,4535
38052,4066
38053,5328
38054,7150
38055,6311
38056,6908
38057,6622
38058,7003
38059,4882
38060,7501
38061,5944
38062,4410
38063,5081
38064,8415
38065,6033
38066,5389
38067,8116
38068,7767
38069,6667
38070,5179
38071,6333
38072,6644
38073,5675
38074,5679
38075,3563
38076,4559
38077,7733
38078,6736
38079,4976
38080,3652
38081,6600
38082,6100
38083,6034
38084,5899
38085,4618
38086,4143
38087,3180
38088,8388
38089,5340
38090,5278
38091,5292
38092,5230
38093,5024
38094,5397
38095,5829
38096,3333
38097,5780
38098,4338
38099,7954
38100,7299
38101,6063
38102,11386
38103,3996
38104,4826
38105,8491
38106,4335
38107,5355
38108,2297
38109,7463
38110,6976
38111,5203
38112,6297
38113,5636
38114,5596
38115,4818
38116,5995
38117,8289
38118,2682
38119,6873
38120,2853
38121,10574
38122,3685
38123,6861
38124,8455
38125,5290
38126,5552
38127,4033
38128,4288
38129,2797
38130,3849
38131,5593
38132,4012
38133,5959
38134,6704
38135,4812
38136,6116
38137,5243
38138,7527
38139,8274
38140,6504
38141,4461
38142,3857
38143,8795
38144,8319
38145,4969
38146,6217
38147,4149
38148,6298
38149,4230
38150,3945
38151,5516
38152,3620
38153,5336
38154,3960
38155,8530
38156,5765
38157,7440
38158,6557
38159,4804
38160,7667
38161,15946
38162,8177
38163,3792
38164,2826
38165,5301
38166,6490
38167,3963
38168,5775
38169,12431
38170,5194
38171,8957
38172,17276
38173,3821
38174,4594
38175,4602
38176,3502
38177,6953
38178,4330
38179,6305
38180,7701
38181,5993
38182,5432
38183,6170
38184,4759
38185,5680
38186,3253
38187,5783
38188,6083
38189,8637
38190,5970
38191,5455
38192,3253
38193,6759
38194,4413
38195,5031
38196,3338
38197,7451
38198,5197
38199,5680
38200,5759
38201,6283
38202,0
38203,4687
38204,5389
38205,4959
38206,6008
38207,6047
38208,8260
38209,9523
38210,6965
38211,4858
38212,3639
38213,5219
38214,5241
38215,5693
38216,4294
38217,2406
38218,6895
38219,5428
38220,8704
38221,5665
38222,5065
38223,5861
38224,4387
38225,4072
38226,7891
38227,5319
38228,6445
38229,7175
38230,11073
38231,5563
38232,4024
38233,7173
38234,3786
38235,4737
38236,5495
38237,6174
38238,4020
38239,6187
38240,3362
38241,5024
38242,3079
38243,7897
38244,4766
38245,11986
38246,11083
38247,5293
38248,5724
38249,4933
38250,5435
38251,4679
38252,10583
38253,6811
38254,7257
38255,4030
38256,7169
38257,5077
38258,8193
38259,6964
38260,6457
38261,5239
38262,5935
38263,6211
38264,7025
38265,7639
38266,5819
38267,5973
38268,7834
38269,5944
38270,5407
38271,5284
38272,7749
38273,5426
38274,4951
38275,4449
38276,5409
38277,4123
38278,7674
38279,6144
38280,6490
38281,5624
38282,7465
38283,4313
38284,5705
38285,7557
38286,5594
38287,7230
38288,5633
38289,3737
38290,11626
38291,7202
38292,6855
38293,14968
38294,7442
38295,5953
38296,5688
38297,7562
38298,8438
38299,8599
38300,8614
38301,4885
38302,5864
38303,4831
38304,8196
38305,3796
38306,8017
38307,4987
38308,4360
38309,5410
38310,6896
38311,6150
38312,4900
38313,6602
38314,4588
38315,3529
38316,6575
38317,3953
38318,4345
38319,4995
38320,5020
38321,9084
38322,8319
38323,5994
38324,6330
38325,5966
38326,8622
38327,5192
38328,5092
38329,4162
38330,4603
38331,8836
38332,3575
38333,10840
38334,5864
38335,2952
38336,3814
38337,5808
38338,5605
38339,4986
38340,7816
38341,8307
38342,9899
38343,5229
38344,10153
38345,2563
38346,4627
38347,6224
38348,4587
38349,5594
38350,5298
38351,5975
38352,3901
38353,4755
38354,11145
38355,8714
38356,3972
38357,4288
38358,7722
38359,8911
38360,7210
38361,5302
38362,4228
38363,10567
38364,5005
38365,6969
38366,4578
38367,5099
38368,6925
38369,6849
38370,3237
38371,3876
38372,4006
38373,4640
38374,8780
38375,7422
38376,6831
38377,10577
38378,5006
38379,9087
38380,9851
38381,6277
38382,4175
38383,2803
38384,6590
38385,5276
38386,5095
38387,5552
38388,5209
38389,9663
38390,3824
38391,5133
38392,6419
38393,3723
38394,7375
38395,4982
38396,3526
38397,6157
38398,2854
38399,5520
38400,7520
38401,6321
38402,6675
38403,6878
38404,6409
38405,4849
38406,6078
38407,8617
38408,6370
38409,5010
38410,6081
38411,4187
38412,8786
38413,5985
38414,5188
38415,4512
38416,5589
38417,7267
38418,5995
38419,5469
38420,7454
38421,4877
38422,6388
38423,13490
38424,5358
38425,7921
38426,4567
38427,5526
38428,5599
38429,4818
38430,4268
38431,4801
38432,8040
38433,11302
38434,7470
38435,7756
38436,7828
38437,9799
38438,8861
38439,7000
38440,8243
38441,3910
38442,8612
38443,9894
38444,7111
38445,6926
38446,6978
38447,5372
38448,3123
38449,10295
38450,5611
38451,5119
38452,5674
38453,2090
38454,9944
38455,8623
38456,11786
38457,5673
38458,4457
38459,4144
38460,5938
38461,4872
38462,6252
38463,6827
38464,4625
38465,4168
38466,5380
38467,2910
38468,2490
38469,4893
38470,11230
38471,6121
38472,15349
38473,3808
38474,5602
38475,5424
38476,4732
38477,3976
38478,5329
38479,3894
38480,3224
38481,8208
38482,5842
38483,3380
38484,8238
38485,4292
38486,5220
38487,3771
38488,10036
38489,6185
38490,8336
38491,4275
38492,6271
38493,3963
38494,4766
38495,3857
38496,12071
38497,9665
38498,5891
38499,4300
38500,4849
38501,5842
38502,3501
38503,7769
38504,3671
38505,12066
38506,4073
38507,4661
38508,4969
38509,8168
38510,6613
38511,4471
38512,5818
38513,5685
38514,6253
38515,6470
38516,4367
38517,3194
38518,7132
38519,4060
38520,3562
38521,5402
38522,5898
38523,4919
38524,5605
38525,8139
38526,7189
38527,5929
38528,7078
38529,3565
38530,8271
38531,4657
38532,4227
38533,6270
38534,6118
38535,5363
38536,7694
38537,5561
38538,5017
38539,5852
38540,5024
38541,4636
38542,5989
38543,7013
38544,5735
38545,5218
38546,4802
38547,8409
38548,6070
38549,3914
38550,9556
38551,4261
38552,2670
38553,6225
38554,8399
38555,8092
38556,4600
38557,5044
38558,5187
38559,3293
38560,5637
38561,6243
38562,5783
38563,5283
38564,5279
38565,6873
38566,2961
38567,4454
38568,4921
38569,4479
38570,4450
38571,6399
38572,6113
38573,5622
38574,4367
38575,7086
38576,5868
38577,6473
38578,7129
38579,4599
38580,5802
38581,5873
38582,6742
38583,7216
38584,8105
38585,2876
38586,8560
38587,5800
38588,5688
38589,8663
38590,4124
38591,3691
38592,9546
38593,6159
38594,7393
38595,4730
38596,5070
38597,7596
38598,3215
38599,6273
38600,4396
38601,6867
38602,4877
38603,4833
38604,7480
38605,4435
38606,7556
38607,8750
38608,12982
38609,6521
38610,4178
38611,4626
38612,3727
38613,2817
38614,9263
38615,6481
38616,5450
38617,7703
38618,5116
38619,7740
38620,4190
38621,5090
38622,5460
38623,7059
38624,5050
38625,5276
38626,5197
38627,3711
38628,6882
38629,4782
38630,5933
38631,6714
38632,7642
38633,7224
38634,6142
38635,5247
38636,8839
38637,4357
38638,5190
38639,9193
38640,5605
38641,7295
38642,8846
38643,14650
38644,4407
38645,3952
38646,4322
38647,4803
38648,7462
38649,9550
38650,6519
38651,6511
38652,6568
38653,3539
38654,6547
38655,5843
38656,6270
38657,7186
38658,4833
38659,4515
38660,4427
38661,3090
38662,4030
38663,6526
38664,5884
38665,10075
38666,14542
38667,5932
38668,4298
38669,5815
38670,6953
38671,7092
38672,3684
38673,5483
38674,4120
38675,7734
38676,6188
38677,5725
38678,10253
38679,11692
38680,3775
38681,6179
38682,3256
38683,5094
38684,4506
38685,7969
38686,3991
38687,4370
38688,4665
38689,6088
38690,5019
38691,3433
38692,5256
38693,6654
38694,5706
38695,5642
38696,2738
38697,9016
38698,14297
38699,3827
38700,7098
38701,7129
38702,5807
38703,3802
38704,3147
38705,3295
38706,6489
38707,4466
38708,5969
38709,7837
38710,3780
38711,5184
38712,5534
38713,5289
38714,4665
38715,4784
38716,5508
38717,9321
38718,6423
38719,7698
38720,5502
38721,3417
38722,5103
38723,5278
38724,7500
38725,5634
38726,3849
38727,17177
38728,5606
38729,4893
38730,10523
38731,5274
38732,5575
38733,5347
38734,5922
38735,4245
38736,7802
38737,12813
38738,4218
38739,4764
38740,5420
38741,9823
38742,6217
38743,4380
38744,4791
38745,4532
38746,4877
38747,4115
38748,7143
38749,3031
38750,5832
38751,2490
38752,18533
38753,6781
38754,3272
38755,5264
38756,8214
38757,5045
38758,5666
38759,6733
38760,4830
38761,5072
38762,3943
38763,8189
38764,4699
38765,5261
38766,5373
38767,7126
38768,4476
38769,7036
38770,5285
38771,3478
38772,6863
38773,9427
38774,3958
38775,6272
38776,6592
38777,5040
38778,9219
38779,4334
38780,5695
38781,6384
38782,6737
38783,3151
38784,4216
38785,4376
38786,0
38787,5590
38788,6871
38789,3592
38790,7260
38791,3143
38792,5853
38793,4056
38794,5496
38795,5123
38796,5981
38797,6736
38798,7659
38799,3967
38800,5407
38801,5872
38802,6404
38803,5576
38804,7096
38805,8645
38806,5776
38807,3165
38808,5499
38809,4155
38810,5721
38811,5373
38812,3796
38813,10519
38814,4649
38815,5077
38816,9362
38817,6153
38818,3456
38819,11064
38820,5067
38821,8296
38822,4547
38823,6950
38824,7265
38825,6176
38826,4638
38827,5999
38828,4656
38829,4795
38830,5643
38831,7369
38832,6528
38833,4597
38834,3853
38835,6432
38836,6238
38837,4933
38838,5989
38839,4980
38840,5295
38841,5052
38842,7033
38843,6320
38844,5996
38845,5154
38846,5251
38847,7081
38848,7760
38849,5041
38850,6756
38851,4393
38852,5736
38853,6803
38854,6044
38855,3888
38856,3898
38857,6481
38858,7473
38859,4104
38860,5133
38861,6536
38862,5669
38863,4621
38864,4792
38865,4413
38866,2601
38867,6295
38868,3539
38869,5802
38870,6130
38871,5634
38872,5400
38873,8110
38874,7613
38875,6736
38876,4293
38877,6860
38878,5883
38879,3301
38880,2586
38881,6648
38882,3268
38883,6113
38884,10780
38885,6737
38886,5703
38887,3637
38888,6140
38889,5345
38890,5106
38891,6164
38892,7169
38893,6277
38894,4647
38895,7325
38896,3863
38897,5493
38898,3999
38899,4991
38900,6013
38901,5237
38902,4464
38903,6266
38904,3981
38905,8141
38906,5226
38907,4318
38908,4051
38909,7964
38910,6380
38911,4625
38912,5208
38913,5607
38914,4741
38915,5293
38916,5399
38917,6081
38918,4189
38919,4459
38920,7578
38921,5445
38922,5623
38923,2987
38924,8805
38925,6052
38926,4304
38927,5206
38928,9399
38929,7092
38930,7575
38931,7322
38932,5497
38933,4840
38934,5065
38935,6837
38936,8019
38937,10335
38938,3953
38939,4308
38940,2976
38941,3940
38942,7833
38943,11370
38944,5094
38945,3782
38946,4859
38947,4928
38948,5444
38949,8372
38950,7095
38951,5490
38952,3309
38953,7187
38954,5280
38955,9459
38956,8160
38957,4385
38958,6111
38959,3387
38960,6763
38961,6369
38962,6049
38963,6417
38964,5247
38965,5866
38966,4292
38967,5543
38968,6282
38969,6583
38970,6067
38971,7545
38972,5244
38973,3647
38974,8119
38975,4009
38976,9416
38977,5889
38978,4127
38979,4779
38980,5557
38981,4879
38982,6646
38983,8188
38984,4512
38985,9285
38986,3365
38987,3959
38988,5921
38989,7581
38990,9830
38991,5265
38992,5009
38993,5715
38994,5694
38995,5891
38996,3994
38997,5459
38998,4489
38999,8798
39000,5193
39001,6916
39002,10804
39003,7532
39004,4407
39005,3807
39006,4729
39007,9763
39008,4415
39009,8424
39010,3834
39011,8219
39012,5584
39013,4862
39014,4544
39015,4064
39016,4362
39017,4832
39018,4423
39019,4277
39020,3654
39021,3695
39022,6718
39023,5492
39024,19601
39025,6400
39026,4347
39027,2612
39028,3861
39029,8956
39030,1973
39031,2751
39032,7132
39033,3247
39034,6288
39035,4864
39036,5032
39037,5958
39038,4455
39039,3339
39040,5531
39041,5686
39042,2390
39043,4580
39044,4268
39045,6450
39046,5536
39047,3488
39048,4758
39049,7364
39050,7522
39051,5394
39052,6675
39053,2183
39054,7658
39055,3417
39056,5092
39057,2523
39058,7869
39059,6826
39060,8893
39061,9498
39062,6448
39063,6123
39064,3057
39065,4505
39066,6007
39067,7511
39068,4035
39069,3320
39070,6036
39071,4848
39072,5577
39073,2207
39074,7915
39075,4433
39076,7895
39077,6311
39078,3364
39079,7958
39080,2834
39081,9779
39082,5615
39083,6785
39084,2329
39085,5288
39086,4445
39087,3706
39088,6829
39089,10049
39090,2831
39091,6234
39092,6167
39093,8164
39094,7788
39095,5704
39096,6225
39097,2479
39098,2298
39099,4334
39100,6296
39101,8410
39102,8242
39103,2119
39104,4523
39105,9235
39106,8689
39107,5121
39108,3066
39109,10463
39110,4982
39111,3548
39112,4217
39113,2215
39114,4964
39115,6644
39116,3619
39117,5488
39118,2858
39119,5841
39120,3692
39121,1720
39122,3989
39123,5114
39124,5727
39125,8785
39126,6490
39127,5584
39128,3728
39129,9910
39130,3504
39131,5726
39132,7151
39133,12721
39134,4808
39135,3457
39136,6850
39137,5590
39138,6427
39139,4810
39140,9967
39141,5435
39142,2060
39143,7767
39144,4386
39145,6236
39146,2217
39147,8708
39148,3551
39149,2601
39150,7354
39151,4244
39152,5183
39153,8028
39154,7455
39155,4448
39156,4248
39157,7540
39158,3280
39159,2964
39160,6980
39161,4855
39162,6895
39163,3277
39164,4766
39165,6543
39166,4476
39167,3064
39168,5371
39169,6265
39170,6238
39171,6936
39172,7478
39173,6579
39174,4095
39175,7570
39176,5301
39177,3089
39178,3636
39179,8586
39180,6958
39181,2859
39182,6734
39183,9796
39184,6891
39185,5077
39186,6447
39187,7833
39188,5325
39189,4594
39190,2930
39191,5087
39192,4928
39193,5184
39194,5018
39195,3226
39196,5758
39197,6951
39198,5442
39199,6693
39200,5561
39201,2738
39202,1539
39203,6436
39204,5718
39205,6183
39206,3308
39207,5938
39208,4289
39209,5302
39210,5083
39211,3676
39212,4008
39213,5001
39214,7184
39215,6972
39216,7364
39217,14235
39218,4274
39219,5072
39220,9625
39221,3330
39222,5089
39223,783
39224,8135
39225,6475
39226,5345
39227,7272
39228,5436
39229,4934
39230,5009
39231,4442
39232,7373
39233,2996
39234,6406
39235,2799
39236,8192
39237,3253
39238,7247
39239,9782
39240,6483
39241,5852
39242,4063
39243,2363
39244,1685
39245,3489
39246,5529
39247,2922
39248,5073
39249,7462
39250,3958
39251,5667
39252,4254
39253,7864
39254,7941
39255,6775
39256,5094
39257,3143
39258,9227
39259,9070
39260,3984
39261,4274
39262,3467
39263,5477
39264,5349
39265,3688
39266,6213
39267,3173
39268,5089
39269,4195
39270,9302
39271,5131
39272,7817
39273,6497
39274,4671
39275,8780
39276,15861
39277,8338
39278,3460
39279,3517
39280,6092
39281,6789
39282,2688
39283,5013
39284,9785
39285,5562
39286,6549
39287,16903
39288,5161
39289,4708
39290,2991
39291,2082
39292,9532
39293,3054
39294,5875
39295,8592
39296,2644
39297,3625
39298,6079
39299,3997
39300,6865
39301,1839
39302,5169
39303,4841
39304,10148
39305,6113
39306,5797
39307,2741
39308,8078
39309,5713
39310,6824
39311,1671
39312,9174
39313,5346
39314,6387
39315,3961
39316,4265
39317,0
39318,4182
39319,3672
39320,5549
39321,4732
39322,5110
39323,8271
39324,9981
39325,7747
39326,3659
39327,4534
39328,4216
39329,4343
39330,7041
39331,3140
39332,1247
39333,6377
39334,5326
39335,8368
39336,5666
39337,4554
39338,4300
39339,3280
39340,2451
39341,8170
39342,6336
39343,4502
39344,5145
39345,10197
39346,5918
39347,1827
39348,7682
39349,1859
39350,3852
39351,6323
39352,5526
39353,2243
39354,4152
39355,4192
39356,3616
39357,1580
39358,7857
39359,4409
39360,8862
39361,10480
39362,6251
39363,6064
39364,4369
39365,4781
39366,4538
39367,11802
39368,6231
39369,6858
39370,3227
39371,5701
39372,5693
39373,8670
39374,7571
39375,7243
39376,5346
39377,6340
39378,4909
39379,8256
39380,6173
39381,6967
39382,5559
39383,8886
39384,7046
39385,4469
39386,5432
39387,8277
39388,5607
39389,3375
39390,5486
39391,3247
39392,4535
39393,9061
39394,7320
39395,7087
39396,6455
39397,7898
39398,4683
39399,3992
39400,3995
39401,5456
39402,6350
39403,6208
39404,3211
39405,12682
39406,4754
39407,5392
39408,15971
39409,5382
39410,7520
39411,5982
39412,7138
39413,7826
39414,7076
39415,8882
39416,2634
39417,4310
39418,5343
39419,9176
39420,2573
39421,5087
39422,4247
39423,4933
39424,5491
39425,5421
39426,3260
39427,5366
39428,4764
39429,3067
39430,3007
39431,7549
39432,4245
39433,5220
39434,5898
39435,5192
39436,10322
39437,11785
39438,5216
39439,7515
39440,6240
39441,9354
39442,4539
39443,2662
39444,3539
39445,5116
39446,11482
39447,3815
39448,9419
39449,6817
39450,1907
39451,3601
39452,6300
39453,6349
39454,5313
39455,8750
39456,8637
39457,7025
39458,3971
39459,11658
39460,1910
39461,3655
39462,7787
39463,3910
39464,5227
39465,4065
39466,6806
39467,4935
39468,3663
39469,12728
39470,10537
39471,2240
39472,4558
39473,5438
39474,7664
39475,10412
39476,5381
39477,2949
39478,10602
39479,1887
39480,9474
39481,4265
39482,5650
39483,10145
39484,5307
39485,1526
39486,4600
39487,2182
39488,3557
39489,10549
39490,8156
39491,4187
39492,11409
39493,7176
39494,9502
39495,12003
39496,7120
39497,3909
39498,2004
39499,4711
39500,6344
39501,2659
39502,6152
39503,4115
39504,6810
39505,2204
39506,5677
39507,7728
39508,1746
39509,8987
39510,5841
39511,2551
39512,6775
39513,3091
39514,2843
39515,9439
39516,7426
39517,6964
39518,7476
39519,5458
39520,4924
39521,6105
39522,7113
39523,7929
39524,5856
39525,6960
39526,3834
39527,8727
39528,5761
39529,5378
39530,4331
39531,4581
39532,8002
39533,5835
39534,4075
39535,4954
39536,5158
39537,5186
39538,14059
39539,5038
39540,9578
39541,4280
39542,3925
39543,6192
39544,5526
39545,3612
39546,5053
39547,8625
39548,12934
39549,6910
39550,8597
39551,6537
39552,10095
39553,8040
39554,6857
39555,8068
39556,3922
39557,9652
39558,8141
39559,7128
39560,5123
39561,5117
39562,5258
39563,2219
39564,12178
39565,6485
39566,5564
39567,5147
39568,1519
39569,7840
39570,7649
39571,10984
39572,5905
39573,4477
39574,3420
39575,7141
39576,4594
39577,4316
39578,10925
39579,4333
39580,4295
39581,4786
39582,3218
39583,2335
39584,2290
39585,12753
39586,4623
39587,12543
39588,3828
39589,5724
39590,4879
39591,3861
39592,3003
39593,6529
39594,3055
39595,2592
39596,10072
39597,5796
39598,2649
39599,9118
39600,2687
39601,5796
39602,3474
39603,10968
39604,6961
39605,7925
39606,2448
39607,5550
39608,2520
39609,5281
39610,3378
39611,15075
39612,11266
39613,4825
39614,2894
39615,6085
39616,4702
39617,2301
39618,7265
39619,2263
39620,12456
39621,4147
39622,5016
39623,5676
39624,10478
39625,6626
39626,5183
39627,5481
39628,6072
39629,6589
39630,6966
39631,3566
39632,1144
39633,4284
39634,2739
39635,2760
39636,5949
39637,6827
39638,5326
39639,5009
39640,8373
39641,5368
39642,3133
39643,8075
39644,2359
39645,9580
39646,4643
39647,2711
39648,4269
39649,4090
39650,4667
39651,6706
39652,7156
39653,3621
39654,5910
39655,2460
39656,4338
39657,7400
39658,8815
39659,3478
39660,2108
39661,4954
39662,7469
39663,6318
39664,2369
39665,10570
39666,3709
39667,3083
39668,5153
39669,10227
39670,9397
39671,4357
39672,4130
39673,5438
39674,1502
39675,6747
39676,6659
39677,4615
39678,4212
39679,2648
39680,8288
39681,2944
39682,4100
39683,3769
39684,3528
39685,2925
39686,7412
39687,6430
39688,5777
39689,3700
39690,5062
39691,7958
39692,6880
39693,6747
39694,4777
39695,5560
39696,5888
39697,7726
39698,7590
39699,5141
39700,1769
39701,6494
39702,6175
39703,5649
39704,7037
39705,5212
39706,3165
39707,7089
39708,4655
39709,9916
39710,2514
39711,2621
39712,8916
39713,1576
39714,5536
39715,4220
39716,7772
39717,3500
39718,4425
39719,9131
39720,2542
39721,6080
39722,9045
39723,12843
39724,6830
39725,2379
39726,5357
39727,3682
39728,2131
39729,7170
39730,4518
39731,6380
39732,4745
39733,4930
39734,5434
39735,4683
39736,5001
39737,4650
39738,8304
39739,5398
39740,2382
39741,5945
39742,3634
39743,5946
39744,5530
39745,5917
39746,7234
39747,7539
39748,8576
39749,5499
39750,4901
39751,5778
39752,3176
39753,5817
39754,8264
39755,6056
39756,6629
39757,8567
39758,13611
39759,3067
39760,3229
39761,4806
39762,3818
39763,8228
39764,10110
39765,8310
39766,6811
39767,7096
39768,1927
39769,7722
39770,2990
39771,6992
39772,6041
39773,5037
39774,2104
39775,4902
39776,3093
39777,3072
39778,6656
39779,4260
39780,8706
39781,15779
39782,5853
39783,3230
39784,4526
39785,7766
39786,6078
39787,4298
39788,5467
39789,2265
39790,6602
39791,7060
39792,3299
39793,10062
39794,11352
39795,2867
39796,5776
39797,3380
39798,4061
39799,3719
39800,8854
39801,3652
39802,4588
39803,4608
39804,2550
39805,2561
39806,2181
39807,5598
39808,5555
39809,4580
39810,7405
39811,1091
39812,7111
39813,14028
39814,3336
39815,8489
39816,6714
39817,4542
39818,3878
39819,2295
39820,3892
39821,4429
39822,4950
39823,2944
39824,8362
39825,3809
39826,4254
39827,5888
39828,5456
39829,5892
39830,4701
39831,5952
39832,10749
39833,4185
39834,6829
39835,6135
39836,3217
39837,3126
39838,4807
39839,5521
39840,6365
39841,3176
39842,12325
39843,5298
39844,4387
39845,11959
39846,4288
39847,6720
39848,4245
39849,4902
39850,5180
39851,6558
39852,15490
39853,2749
39854,5743
39855,3258
39856,9066
39857,7313
39858,4730
39859,3554
39860,3869
39861,2347
39862,1979
39863,6284
39864,1951
39865,3695
39866,1232
39867,20263
39868,7635
39869,1887
39870,5168
39871,5996
39872,5867
39873,5367
39874,7803
39875,5141
39876,5804
39877,2759
39878,7985
39879,5291
39880,4191
39881,5794
39882,9264
39883,4554
39884,8129
39885,5926
39886,3044
39887,5406
39888,7622
39889,2883
39890,7831
39891,7131
39892,5101
39893,10621
39894,3237
39895,4573
39896,8932
39897,6150
39898,2075
39899,4594
39900,3724
39901,0
39902,5096
39903,5603
39904,3414
39905,6335
39906,2082
39907,6042
39908,2707
39909,5629
39910,5304
39911,4448
39912,6515
39913,8065
39914,2567
39915,5664
39916,6352
39917,3256
39918,5782
39919,5643
39920,9435
39921,6382
39922,3638
39923,2017
39924,1980
39925,5846
39926,4568
39927,4145
39928,11619
39929,5195
39930,5229
39931,9314
39932,6336
39933,2219
39934,10658
39935,4120
39936,7569
39937,5485
39938,7697
39939,5639
39940,8329
39941,4968
39942,3983
39943,2814
39944,3504
39945,6163
39946,4127
39947,7903
39948,4446
39949,2650
39950,7625
39951,6625
39952,4188
39953,6686
39954,4193
39955,6308
39956,4177
39957,4951
39958,3565
39959,4520
39960,3373
39961,5769
39962,8113
39963,7506
39964,6281
39965,5418
39966,4103
39967,6555
39968,6898
39969,6899
39970,2558
39971,3030
39972,8605
39973,6438
39974,2824
39975,4142
39976,7108
39977,6353
39978,2280
39979,5658
39980,4909
39981,1755
39982,4656
39983,2621
39984,3900
39985,6664
39986,5472
39987,4929
39988,3896
39989,8977
39990,6722
39991,3546
39992,5089
39993,5284
39994,2950
39995,1145
39996,6224
39997,1509
39998,5880
39999,10018
40000,5359
40001,4255
40002,3102
40003,4931
40004,4892
40005,4613
40006,5413
40007,5611
40008,7279
40009,5893
40010,8643
40011,3598
40012,3458
40013,4257
40014,3686
40015,5096
40016,6266
40017,3276
40018,4893
40019,2490
40020,7184
40021,3935
40022,4370
40023,4031
40024,5020
40025,7339
40026,3001
40027,6052
40028,4081
40029,5422
40030,5051
40031,5404
40032,7225
40033,4361
40034,3886
40035,9398
40036,6035
40037,6504
40038,1808
40039,4197
40040,5431
40041,3778
40042,4275
40043,9887
40044,8111
40045,9728
40046,8987
40047,5887
40048,5073
40049,6043
40050,6483
40051,7397
40052,10141
40053,3258
40054,1730
40055,1480
40056,3918
40057,4673
40058,9344
40059,2320
40060,1829
40061,5030
40062,5216
40063,5923
40064,10542
40065,6560
40066,6306
40067,2446
40068,7045
40069,6301
40070,8697
40071,6881
40072,3255
40073,6217
40074,2969
40075,7007
40076,5588
40077,4925
40078,5797
40079,3907
40080,5828
40081,4857
40082,6496
40083,4662
40084,7618
40085,5013
40086,9138
40087,5345
40088,3403
40089,7701
40090,2936
40091,9656
40092,5928
40093,4751
40094,2986
40095,6745
40096,4224
40097,4362
40098,6934
40099,4132
40100,11066
40101,2899
40102,2950
40103,5651
40104,6533
40105,10819
40106,2555
40107,4129
40108,6504
40109,5982
40110,4367
40111,3278
40112,5925
40113,3198
40114,9804
40115,2588
40116,6923
40117,12819
40118,6268
40119,6066
40120,2902
40121,4620
40122,8103
40123,2463
40124,8842
40125,2673
40126,7853
40127,6530
40128,5918
40129,5713
40130,4731
40131,2982
40132,5139
40133,2107
40134,3774
40135,2835
40136,2588
40137,6978
40138,5488
40139,20252
40140,8092
40141,0
40142,0
40143,0
40144,0
40145,0
40146,0
40147,0
40148,0
40149,0
40150,0
40151,0
40152,0
40153,0
40154,0
40155,0
40156,0
40157,0
40158,0
40159,0
40160,0
40161,0
40162,0
40163,0
40164,0
40165,0
40166,0
40167,0
40168,0
40169,0
40170,0
40171,0
40172,0
40173,0
40174,0
40175,0
40176,0
40177,0
40178,0
40179,0
40180,0
40181,0
40182,0
40183,0
40184,0
40185,0
40186,0
40187,0
40188,0
40189,0
40190,0
40191,0
40192,0
40193,0
40194,0
40195,0
40196,0
40197,0
40198,0
40199,0
40200,0
40201,0
40202,0
40203,0
40204,0
40205,0
40206,0
40207,0
40208,0
40209,0
40210,0
40211,0
40212,0
40213,0
40214,0
40215,0
40216,0
40217,0
40218,0
40219,0
40220,0
40221,0
40222,0
40223,0
40224,0
40225,11544
40226,0
40227,0
40228,0
40229,0
40230,0
40231,0
40232,0
40233,0
40234,0
40235,0
40236,0
40237,0
40238,0
40239,0
40240,0
40241,0
40242,0
40243,0
40244,0
40245,0
40246,0
40247,0
40248,0
40249,0
40250,0
40251,0
40252,0
40253,0
40254,0
40255,0
40256,0
40257,0
40258,0
40259,0
40260,0
40261,0
40262,3969
40263,0
40264,0
40265,0
40266,0
40267,0
40268,0
40269,0
40270,0
40271,0
40272,0
40273,0
40274,0
40275,0
40276,0
40277,0
40278,0
40279,0
40280,0
40281,0
40282,0
40283,0
40284,0
40285,0
40286,0
40287,0
40288,0
40289,0
40290,0
40291,0
40292,0
40293,0
40294,0
40295,0
40296,0
40297,0
40298,0
40299,0
40300,0
40301,0
40302,0
40303,0
40304,0
40305,0
40306,0
40307,0
40308,0
40309,0
40310,0
40311,0
40312,0
40313,0
40314,0
40315,0
40316,0
40317,0
40318,0
40319,0
40320,0
40321,0
40322,0
40323,0
40324,0
40325,0
40326,0
40327,0
40328,0
40329,0
40330,0
40331,0
40332,0
40333,0
40334,0
40335,0
40336,0
40337,0
40338,0
40339,0
40340,0
40341,0
40342,0
40343,0
40344,0
40345,0
40346,0
40347,0
40348,0
40349,2723
40350,0
40351,0
40352,0
40353,0
40354,0
40355,0
40356,0
40357,0
40358,0
40359,0
40360,0
40361,0
40362,0
40363,0
40364,0
40365,0
40366,0
40367,0
40368,0
40369,0
40370,0
40371,0
40372,0
40373,0
40374,0
40375,0
40376,0
40377,0
40378,0
40379,0
40380,0
40381,0
40382,0
40383,0
40384,0
40385,0
40386,0
40387,0
40388,0
40389,0
40390,0
40391,0
40392,0
40393,0
40394,0
40395,0
40396,0
40397,0
40398,0
40399,16948
40400,0
40401,0
40402,28090
40403,0
40404,0
40405,0
40406,0
40407,0
40408,0
40409,0
40410,0
40411,0
40412,0
40413,0
40414,7500
40415,0
40416,0
40417,0
40418,0
40419,0
40420,0
40421,0
40422,0
40423,0
40424,0
40425,0
40426,0
40427,0
40428,0
40429,0
40430,0
40431,0
40432,0
40433,0
40434,0
40435,0
40436,0
40437,0
40438,0
40439,5560
40440,0
40441,0
40442,0
40443,0
40444,0
40445,0
40446,0
40447,0
40448,0
40449,0
40450,3027
40451,0
40452,0
40453,0
40454,0
40455,0
40456,0
40457,0
40458,0
40459,0
40460,0
40461,0
40462,0
40463,0
40464,0
40465,0
40466,0
40467,0
40468,0
40469,0
40470,0
40471,0
40472,0
40473,0
40474,0
40475,7927
40476,0
40477,0
40478,0
40479,0
40480,0
40481,0
40482,0
40483,0
40484,0
40485,0
40486,0
40487,0
40488,0
40489,0
40490,0
40491,0
40492,0
40493,8897
40494,0
40495,0
40496,0
40497,0
40498,0
40499,0
40500,0
40501,0
40502,0
40503,0
40504,0
40505,0
40506,0
40507,0
40508,0
40509,0
40510,0
40511,0
40512,0
40513,0
40514,0
40515,0
40516,0
40517,0
40518,0
40519,0
40520,0
40521,0
40522,0
40523,0
40524,0
40525,0
40526,0
40527,0
40528,0
40529,0
40530,0
40531,0
40532,0
40533,0
40534,0
40535,0
40536,0
40537,0
40538,0
40539,0
40540,0
40541,0
40542,0
40543,0
40544,0
40545,0
40546,0
40547,0
40548,0
40549,0
40550,0
40551,0
40552,0
40553,0
40554,0
40555,0
40556,0
40557,0
40558,0
40559,0
40560,0
40561,0
40562,0
40563,15005
40564,0
40565,0
40566,0
40567,0
40568,0
40569,0
40570,0
40571,0
40572,0
40573,1650
40574,0
40575,0
40576,0
40577,0
40578,0
40579,0
40580,0
40581,0
40582,0
40583,0
40584,0
40585,0
40586,0
40587,0
40588,0
40589,0
40590,0
40591,0
40592,0
40593,6224
40594,0
40595,0
40596,0
40597,0
40598,0
40599,0
40600,0
40601,0
40602,0
40603,0
40604,0
40605,0
40606,0
40607,0
40608,0
40609,0
40610,0
40611,0
40612,0
40613,0
40614,0
40615,0
40616,0
40617,0
40618,0
40619,0
40620,0
40621,0
40622,0
40623,0
40624,0
40625,0
40626,0
40627,0
40628,0
40629,0
40630,0
40631,0
40632,0
40633,0
40634,7771
40635,0
40636,0
40637,0
40638,0
40639,0
40640,0
40641,0
40642,0
40643,0
40644,0
40645,0
40646,0
40647,0
40648,0
40649,0
40650,0
40651,0
40652,7627
40653,0
40654,0
40655,0
40656,0
40657,0
40658,0
40659,0
40660,0
40661,0
40662,0
40663,0
40664,2065
40665,0
40666,0
40667,0
40668,0
40669,0
40670,6483
40671,0
40672,0
40673,0
40674,0
40675,0
40676,0
40677,0
40678,0
40679,0
40680,0
40681,0
40682,0
40683,0
40684,0
40685,0
40686,0
40687,0
40688,0
40689,0
40690,0
40691,0
40692,0
40693,0
40694,0
40695,0
40696,0
40697,0
40698,0
40699,0
40700,0
40701,0
40702,18273
40703,0
40704,0
40705,0
40706,0
40707,0
40708,0
40709,0
40710,0
40711,0
40712,0
40713,0
40714,0
40715,0
40716,0
40717,0
40718,6120
40719,0
40720,0
40721,0
40722,0
40723,0
40724,0
40725,0
40726,0
40727,0
40728,0
40729,0
40730,0
40731,0
40732,0
40733,0
40734,0
40735,0
40736,0
40737,0
40738,0
40739,0
40740,0
40741,0
40742,0
40743,0
40744,0
40745,0
40746,0
40747,0
40748,0
40749,0
40750,0
40751,0
40752,0
40753,0
40754,0
40755,0
40756,0
40757,0
40758,0
40759,0
40760,0
40761,0
40762,0
40763,0
40764,0
40765,0
40766,0
40767,0
40768,0
40769,0
40770,0
40771,0
40772,0
40773,0
40774,0
40775,0
40776,0
40777,0
40778,0
40779,0
40780,0
40781,0
40782,0
40783,0
40784,0
40785,0
40786,0
40787,0
40788,0
40789,0
40790,0
40791,0
40792,0
40793,0
40794,0
40795,0
40796,0
40797,0
40798,0
40799,0
40800,0
40801,0
40802,0
40803,0
40804,0
40805,0
40806,0
40807,0
40808,0
40809,0
40810,0
40811,0
40812,0
40813,0
40814,0
40815,0
40816,13079
40817,0
40818,0
40819,0
40820,0
40821,0
40822,6924
40823,0
40824,0
40825,0
40826,0
40827,0
40828,0
40829,0
40830,0
40831,0
40832,0
40833,0
40834,0
40835,0
40836,0
40837,0
40838,0
40839,0
40840,0
40841,0
40842,0
40843,0
40844,0
40845,0
40846,0
40847,0
40848,0
40849,0
40850,0
40851,0
40852,0
40853,0
40854,0
40855,0
40856,0
40857,0
40858,0
40859,0
40860,0
40861,0
40862,0
40863,0
40864,0
40865,0
40866,0
40867,0
40868,0
40869,0
40870,0
40871,0
40872,4325
40873,15790
40874,0
40875,0
40876,0
40877,0
40878,0
40879,0
40880,0
40881,0
40882,0
40883,0
40884,0
40885,0
40886,0
40887,0
40888,0
40889,0
40890,0
40891,0
40892,0
40893,0
40894,0
40895,0
40896,0
40897,0
40898,0
40899,0
40900,0
40901,0
40902,0
40903,0
40904,0
40905,0
40906,0
40907,0
40908,0
40909,11938
40910,0
40911,0
40912,0
40913,0
40914,0
40915,0
40916,0
40917,0
40918,0
40919,0
40920,0
40921,0
40922,0
40923,0
40924,0
40925,0
40926,0
40927,0
40928,0
40929,0
40930,0
40931,0
40932,0
40933,0
40934,0
40935,0
40936,0
40937,0
40938,0
40939,0
40940,0
40941,0
40942,0
40943,0
40944,0
40945,0
40946,0
40947,0
40948,0
40949,0
40950,0
40951,0
40952,0
40953,0
40954,0
40955,0
40956,0
40957,0
40958,0
40959,0
40960,0
40961,0
40962,0
40963,0
40964,0
40965,0
40966,0
40967,0
40968,0
40969,0
40970,0
40971,0
40972,0
40973,0
40974,0
40975,0
40976,0
40977,0
40978,0
40979,0
40980,0
40981,0
40982,0
40983,0
40984,0
40985,0
40986,0
40987,0
40988,0
40989,0
40990,0
40991,0
40992,0
40993,0
40994,0
40995,0
40996,0
40997,0
40998,0
40999,0
41000,0
41001,0
41002,0
41003,2709
41004,0
41005,0
41006,0
41007,2365
41008,0
41009,0
41010,0
41011,0
41012,0
41013,0
41014,0
41015,0
41016,0
41017,0
41018,0
41019,0
41020,0
41021,0
41022,0
41023,0
41024,0
41025,0
41026,0
41027,0
41028,0
41029,0
41030,0
41031,0
41032,0
41033,0
41034,0
41035,0
41036,0
41037,0
41038,0
41039,0
41040,0
41041,0
41042,0
41043,0
41044,0
41045,0
41046,0
41047,0
41048,0
41049,0
41050,0
41051,0
41052,0
41053,0
41054,0
41055,0
41056,0
41057,0
41058,0
41059,0
41060,0
41061,0
41062,0
41063,0
41064,0
41065,0
41066,0
41067,0
41068,0
41069,0
41070,0
41071,3141
41072,0
41073,0
41074,0
41075,0
41076,0
41077,0
41078,0
41079,0
41080,0
41081,0
41082,0
41083,0
41084,0
41085,0
41086,0
41087,0
41088,11539
41089,0
41090,0
41091,0
41092,0
41093,0
41094,0
41095,0
41096,0
41097,0
41098,0
41099,0
41100,0
41101,0
41102,0
41103,0
41104,0
41105,0
41106,0
41107,0
41108,0
41109,0
41110,0
41111,0
41112,0
41113,0
41114,0
41115,0
41116,0
41117,0
41118,0
41119,0
41120,0
41121,0
41122,0
41123,0
41124,0
41125,0
41126,0
41127,0
41128,0
41129,0
41130,0
41131,0
41132,0
41133,0
41134,0
41135,0
41136,0
41137,0
41138,0
41139,0
41140,0
41141,0
41142,0
41143,0
41144,0
41145,0
41146,0
41147,0
41148,0
41149,0
41150,0
41151,0
41152,0
41153,0
41154,0
41155,0
41156,0
41157,0
41158,0
41159,0
41160,0
41161,0
41162,0
41163,0
41164,0
41165,0
41166,0
41167,0
41168,0
41169,0
41170,0
41171,0
41172,0
41173,0
41174,0
41175,0
41176,0
41177,0
41178,0
41179,0
41180,0
41181,0
41182,0
41183,0
41184,0
41185,5657
41186,0
41187,0
41188,0
41189,0
41190,0
41191,0
41192,0
41193,0
41194,0
41195,0
41196,0
41197,0
41198,0
41199,0
41200,0
41201,0
41202,0
41203,0
41204,0
41205,0
41206,0
41207,0
41208,0
41209,0
41210,0
41211,0
41212,0
41213,0
41214,0
41215,0
41216,0
41217,0
41218,0
41219,0
41220,0
41221,5429
41222,0
41223,0
41224,0
41225,0
41226,0
41227,0
41228,0
41229,0
41230,0
41231,0
41232,0
41233,0
41234,0
41235,0
41236,0
41237,13143
41238,0
41239,5379
41240,0
41241,0
41242,0
41243,0
41244,0
41245,0
41246,0
41247,0
41248,0
41249,0
41250,0
41251,0
41252,0
41253,0
41254,0
41255,0
41256,5626
41257,7009
41258,10007
41259,12444
41260,7293
41261,6421
41262,14561
41263,9140
41264,11064
41265,7487
41266,9583
41267,11775
41268,7806
41269,7228
41270,9559
41271,11865
41272,9759
41273,9993
41274,9668
41275,11052
41276,9392
41277,6895
41278,9338
41279,14248
41280,13202
41281,11003
41282,14158
41283,7306
41284,13557
41285,5641
41286,7704
41287,6311
41288,10755
41289,10309
41290,17714
41291,11585
41292,9716
41293,10258
41294,8530
41295,5263
41296,8562
41297,13816
41298,9182
41299,7916
41300,7769
41301,8353
41302,9974
41303,4444
41304,11305
41305,7331
41306,9730
41307,9959
41308,7811
41309,11468
41310,7412
41311,10771
41312,14095
41313,11588
41314,8148
41315,14394
41316,7062
41317,8853
41318,10905
41319,15374
41320,7562
41321,8019
41322,12719
41323,9248
41324,12058
41325,10441
41326,13301
41327,8257
41328,6667
41329,8606
41330,8349
41331,13020
41332,12380
41333,5600
41334,9127
41335,11392
41336,8991
41337,13245
41338,5070
41339,17438
41340,8227
41341,6613
41342,8040
41343,9713
41344,8524
41345,11604
41346,6877
41347,10213
41348,8335
41349,11270
41350,10162
41351,9022
41352,10487
41353,7675
41354,8367
41355,10998
41356,10256
41357,10696
41358,5879
41359,11573
41360,7876
41361,10624
41362,9004
41363,16735
41364,8717
41365,7160
41366,9730
41367,7315
41368,7704
41369,7852
41370,10002
41371,9391
41372,5084
41373,13860
41374,8192
41375,10744
41376,6089
41377,12638
41378,12772
41379,5516
41380,15225
41381,8391
41382,8265
41383,12747
41384,12400
41385,7194
41386,6307
41387,10242
41388,8906
41389,6095
41390,8873
41391,8943
41392,11000
41393,11967
41394,9927
41395,10013
41396,8469
41397,5635
41398,10098
41399,9569
41400,10320
41401,11951
41402,11678
41403,11647
41404,8535
41405,13488
41406,10615
41407,8077
41408,10278
41409,14347
41410,10359
41411,11366
41412,14010
41413,9602
41414,12862
41415,8066
41416,9025
41417,12234
41418,8153
41419,10367
41420,5420
41421,6855
41422,13734
41423,12124
41424,8319
41425,5715
41426,13102
41427,8700
41428,10765
41429,8142
41430,7653
41431,7690
41432,5878
41433,15699
41434,10777
41435,9586
41436,10272
41437,8048
41438,8368
41439,9402
41440,10417
41441,5523
41442,8998
41443,8629
41444,11905
41445,10872
41446,8514
41447,16212
41448,8480
41449,6509
41450,14613
41451,7601
41452,8916
41453,5555
41454,12914
41455,9651
41456,7086
41457,9213
41458,9673
41459,7878
41460,9013
41461,11399
41462,17120
41463,4119
41464,10222
41465,4484
41466,18558
41467,6347
41468,12355
41469,13268
41470,9938
41471,10037
41472,5869
41473,7247
41474,4253
41475,6514
41476,8749
41477,7267
41478,10832
41479,11304
41480,8006
41481,9272
41482,8098
41483,10898
41484,12789
41485,10356
41486,7710
41487,5552
41488,12572
41489,17720
41490,9298
41491,10303
41492,5787
41493,10248
41494,7820
41495,6500
41496,8829
41497,7087
41498,10946
41499,9103
41500,11506
41501,9082
41502,13628
41503,10744
41504,7559
41505,14449
41506,23046
41507,16315
41508,9165
41509,4625
41510,8542
41511,11910
41512,6329
41513,8137
41514,13648
41515,7080
41516,21125
41517,20555
41518,5948
41519,8975
41520,8116
41521,5422
41522,12134
41523,6822
41524,14301
41525,12410
41526,13331
41527,10223
41528,12308
41529,4719
41530,10123
41531,5031
41532,9332
41533,9667
41534,17065
41535,8461
41536,7952
41537,5865
41538,10148
41539,7966
41540,6947
41541,6619
41542,10775
41543,9039
41544,9335
41545,10540
41546,12418
41547,0
41548,9066
41549,8575
41550,8305
41551,10064
41552,11041
41553,11393
41554,13344
41555,9350
41556,6972
41557,5582
41558,8580
41559,8326
41560,9967
41561,6266
41562,4220
41563,12211
41564,11211
41565,14469
41566,8783
41567,8983
41568,10598
41569,7772
41570,6125
41571,15358
41572,7466
41573,10848
41574,9829
41575,18517
41576,8292
41577,8223
41578,10481
41579,8059
41580,8611
41581,7910
41582,12586
41583,6023
41584,10248
41585,5515
41586,7145
41587,5330
41588,12987
41589,7146
41590,20375
41591,18363
41592,6722
41593,9711
41594,7060
41595,9780
41596,7421
41597,15708
41598,11724
41599,14371
41600,6557
41601,10104
41602,6712
41603,11556
41604,10070
41605,10668
41606,9312
41607,8824
41608,7393
41609,11951
41610,12220
41611,8761
41612,10517
41613,15032
41614,8578
41615,9600
41616,9814
41617,13250
41618,9193
41619,6648
41620,7986
41621,9671
41622,8363
41623,18289
41624,8871
41625,10701
41626,10832
41627,13560
41628,6021
41629,9678
41630,14789
41631,12069
41632,11845
41633,9169
41634,6109
41635,19293
41636,12825
41637,12355
41638,20600
41639,13884
41640,11611
41641,9902
41642,14366
41643,15141
41644,13890
41645,15579
41646,8294
41647,11589
41648,8619
41649,13183
41650,4976
41651,15573
41652,9430
41653,8093
41654,8258
41655,13630
41656,11735
41657,8951
41658,9962
41659,7465
41660,7920
41661,10168
41662,5770
41663,7445
41664,8402
41665,10114
41666,14733
41667,11814
41668,10081
41669,9184
41670,9108
41671,15242
41672,10084
41673,8050
41674,7221
41675,7125
41676,13018
41677,5364
41678,13100
41679,9636
41680,4666
41681,7175
41682,12376
41683,9096
41684,7456
41685,11589
41686,12778
41687,15315
41688,8314
41689,13010
41690,4228
41691,7737
41692,11307
41693,8918
41694,10772
41695,7694
41696,8351
41697,7257
41698,7978
41699,16150
41700,11082
41701,7463
41702,6774
41703,12062
41704,15266
41705,12876
41706,7690
41707,8051
41708,16292
41709,8759
41710,10086
41711,8472
41712,7947
41713,10509
41714,13627
41715,6290
41716,6089
41717,6625
41718,8333
41719,13188
41720,12729
41721,11519
41722,17308
41723,8481
41724,16308
41725,16281
41726,9949
41727,6632
41728,4819
41729,11658
41730,8579
41731,9240
41732,9229
41733,9861
41734,15285
41735,6833
41736,9231
41737,11387
41738,7185
41739,9703
41740,7457
41741,6529
41742,9776
41743,5145
41744,12040
41745,10381
41746,11302
41747,10954
41748,12345
41749,9772
41750,8659
41751,11960
41752,11536
41753,8413
41754,7863
41755,7825
41756,6891
41757,13031
41758,11465
41759,8229
41760,7857
41761,11165
41762,12536
41763,10756
41764,9303
41765,11792
41766,6505
41767,6891
41768,21366
41769,9881
41770,11149
41771,9237
41772,9379
41773,9749
41774,8743
41775,6352
41776,7435
41777,12073
41778,17350
41779,11656
41780,11988
41781,16064
41782,14073
41783,15451
41784,11284
41785,10537
41786,6136
41787,13226
41788,16666
41789,12541
41790,11697
41791,11394
41792,8817
41793,5724
41794,13430
41795,10941
41796,10581
41797,8882
41798,5364
41799,19390
41800,16333
41801,18083
41802,8450
41803,8450
41804,5870
41805,9001
41806,7742
41807,14297
41808,9849
41809,6800
41810,7575
41811,10149
41812,5964
41813,4002
41814,9579
41815,18996
41816,10025
41817,19553
41818,6052
41819,7909
41820,10064
41821,7578
41822,6904
41823,7226
41824,5497
41825,5698
41826,11620
41827,9784
41828,5767
41829,13968
41830,10853
41831,10131
41832,6080
41833,14579
41834,11781
41835,12364
41836,8506
41837,10220
41838,6376
41839,7035
41840,6550
41841,20208
41842,14947
41843,8567
41844,8856
41845,7331
41846,7930
41847,5938
41848,13163
41849,5877
41850,20857
41851,6094
41852,6982
41853,7763
41854,12982
41855,10830
41856,6869
41857,8810
41858,10574
41859,10675
41860,11015
41861,7391
41862,6654
41863,14900
41864,6061
41865,6615
41866,7763
41867,9933
41868,8664
41869,8006
41870,13701
41871,10819
41872,9705
41873,9903
41874,7263
41875,11097
41876,7514
41877,6161
41878,9451
41879,10335
41880,9609
41881,15223
41882,9694
41883,8348
41884,9195
41885,9069
41886,7607
41887,9525
41888,8748
41889,12040
41890,9982
41891,11567
41892,12499
41893,8179
41894,6336
41895,16988
41896,8571
41897,4126
41898,9636
41899,11379
41900,15243
41901,7028
41902,8259
41903,8941
41904,5975
41905,8143
41906,9765
41907,11388
41908,8230
41909,10837
41910,14732
41911,4061
41912,8458
41913,8263
41914,8205
41915,7827
41916,9250
41917,13706
41918,7341
41919,8182
41920,11821
41921,12247
41922,12979
41923,12605
41924,6355
41925,9582
41926,9273
41927,11127
41928,12333
41929,11788
41930,5588
41931,9606
41932,10774
41933,10634
41934,13797
41935,6064
41936,5511
41937,14419
41938,12314
41939,13589
41940,9662
41941,10113
41942,11944
41943,5359
41944,10262
41945,7314
41946,11539
41947,10304
41948,12348
41949,10451
41950,9802
41951,12126
41952,14879
41953,18830
41954,9655
41955,7062
41956,9296
41957,6080
41958,4688
41959,15328
41960,11987
41961,7811
41962,12224
41963,7759
41964,13260
41965,7307
41966,9068
41967,8837
41968,12966
41969,7229
41970,9764
41971,7570
41972,8114
41973,10269
41974,6732
41975,10206
41976,9084
41977,11990
41978,12215
41979,9210
41980,7498
41981,16156
41982,6680
41983,6901
41984,15596
41985,9752
41986,13486
41987,12897
41988,15867
41989,8275
41990,9518
41991,7042
41992,8978
41993,11730
41994,16372
41995,10911
41996,10809
41997,12135
41998,6121
41999,9988
42000,12291
42001,10741
42002,11520
42003,8363
42004,6974
42005,7305
42006,5453
42007,8758
42008,12285
42009,11133
42010,15392
42011,21388
42012,10337
42013,6926
42014,10993
42015,9000
42016,12322
42017,6484
42018,9049
42019,5500
42020,12762
42021,9501
42022,8878
42023,19024
42024,12870
42025,7549
42026,9754
42027,4928
42028,6601
42029,7150
42030,11816
42031,7242
42032,6464
42033,8196
42034,11801
42035,9864
42036,7081
42037,7522
42038,9921
42039,10044
42040,11657
42041,5387
42042,14546
42043,22006
42044,4219
42045,10298
42046,12822
42047,11660
42048,8684
42049,3953
42050,6850
42051,11802
42052,6797
42053,11903
42054,12615
42055,6759
42056,9340
42057,10584
42058,9390
42059,6541
42060,8786
42061,11765
42062,12538
42063,10394
42064,15197
42065,7889
42066,4953
42067,9470
42068,7834
42069,13407
42070,8203
42071,5894
42072,25615
42073,10420
42074,7833
42075,15409
42076,9381
42077,12941
42078,8526
42079,9944
42080,6802
42081,12142
42082,17367
42083,7997
42084,7775
42085,9290
42086,17314
42087,9753
42088,7530
42089,8270
42090,7741
42091,9355
42092,5847
42093,12724
42094,6117
42095,9125
42096,4033
42097,23634
42098,11769
42099,6292
42100,6515
42101,13851
42102,8614
42103,9852
42104,11363
42105,9474
42106,7052
42107,6812
42108,13453
42109,8686
42110,9251
42111,9479
42112,11372
42113,7402
42114,10349
42115,8092
42116,5028
42117,11256
42118,12002
42119,6081
42120,10095
42121,10957
42122,7675
42123,13922
42124,9259
42125,8337
42126,9577
42127,10182
42128,4594
42129,6494
42130,7832
42131,0
42132,8774
42133,12655
42134,5990
42135,11260
42136,6270
42137,8085
42138,6392
42139,9682
42140,7423
42141,9362
42142,11129
42143,11364
42144,5994
42145,9769
42146,9123
42147,11908
42148,8263
42149,12731
42150,13684
42151,8344
42152,4265
42153,10978
42154,8199
42155,8725
42156,10535
42157,5580
42158,14626
42159,7686
42160,9349
42161,13397
42162,8300
42163,6846
42164,15514
42165,9231
42166,14438
42167,6847
42168,12696
42169,12864
42170,8435
42171,6847
42172,8770
42173,7418
42174,8446
42175,7357
42176,12726
42177,10089
42178,6469
42179,6453
42180,8247
42181,11208
42182,9722
42183,13873
42184,7605
42185,9149
42186,6593
42187,10475
42188,10721
42189,9227
42190,8143
42191,8528
42192,11903
42193,12741
42194,8363
42195,10958
42196,8047
42197,9774
42198,9280
42199,9493
42200,5674
42201,5804
42202,9489
42203,8591
42204,8394
42205,9403
42206,11809
42207,7243
42208,7905
42209,9849
42210,7403
42211,4479
42212,12963
42213,4963
42214,9734
42215,10819
42216,8436
42217,10249
42218,18894
42219,13285
42220,12070
42221,6252
42222,10995
42223,9729
42224,5129
42225,4461
42226,12148
42227,5952
42228,11211
42229,15976
42230,10203
42231,10916
42232,8439
42233,11205
42234,10055
42235,9760
42236,11012
42237,14047
42238,12750
42239,9778
42240,11875
42241,6895
42242,9311
42243,6067
42244,7528
42245,9145
42246,7263
42247,7049
42248,11617
42249,8092
42250,13124
42251,11407
42252,8515
42253,5945
42254,14348
42255,9650
42256,8912
42257,8991
42258,11197
42259,8812
42260,8250
42261,9886
42262,10521
42263,7885
42264,6525
42265,13534
42266,9564
42267,7681
42268,6012
42269,16504
42270,8833
42271,9213
42272,8490
42273,15729
42274,14504
42275,10839
42276,10600
42277,11282
42278,8846
42279,8022
42280,9276
42281,14479
42282,20616
42283,7977
42284,6988
42285,5168
42286,7404
42287,13503
42288,19251
42289,10013
42290,7731
42291,6837
42292,8439
42293,8437
42294,13099
42295,13263
42296,7890
42297,5485
42298,10867
42299,9495
42300,13746
42301,14260
42302,7111
42303,11371
42304,4931
42305,10702
42306,11105
42307,10576
42308,12718
42309,10072
42310,10585
42311,6947
42312,8728
42313,9989
42314,11222
42315,10278
42316,11819
42317,9940
42318,6503
42319,12629
42320,5837
42321,13501
42322,8389
42323,6940
42324,9471
42325,10794
42326,8220
42327,10294
42328,13321
42329,8014
42330,13202
42331,5638
42332,6643
42333,11674
42334,12890
42335,13582
42336,8353
42337,9477
42338,7955
42339,7553
42340,10268
42341,9308
42342,8695
42343,7358
42344,13973
42345,9557
42346,13128
42347,14894
42348,11236
42349,6769
42350,6453
42351,8385
42352,10918
42353,7277
42354,12681
42355,7529
42356,15472
42357,8839
42358,8731
42359,7443
42360,9175
42361,7230
42362,10468
42363,9929
42364,7829
42365,8026
42366,7683
42367,14851
42368,8061
42369,24970
42370,10780
42371,4891
42372,6437
42373,8732
42374,10645
42375,6106
42376,5347
42377,12677
42378,7630
42379,8472
42380,6206
42381,8428
42382,9669
42383,6409
42384,6113
42385,8121
42386,10118
42387,8623
42388,8342
42389,7812
42390,10150
42391,8164
42392,5835
42393,6645
42394,11243
42395,11699
42396,8163
42397,12095
42398,6514
42399,9971
42400,5275
42401,6734
42402,5337
42403,8861
42404,8770
42405,14504
42406,10552
42407,7543
42408,7653
42409,6714
42410,4990
42411,6680
42412,12072
42413,7713
42414,6581
42415,5808
42416,6780
42417,8769
42418,3668
42419,9305
42420,5388
42421,7707
42422,7898
42423,6432
42424,9279
42425,6095
42426,8730
42427,10419
42428,8924
42429,6933
42430,11406
42431,6010
42432,7780
42433,8755
42434,12802
42435,6647
42436,7070
42437,10831
42438,8297
42439,10745
42440,7908
42441,10782
42442,6652
42443,5846
42444,7124
42445,7091
42446,10426
42447,9227
42448,4773
42449,7344
42450,8836
42451,7779
42452,10919
42453,4333
42454,14728
42455,7063
42456,5662
42457,6883
42458,8014
42459,7368
42460,9337
42461,5949
42462,8116
42463,7284
42464,8913
42465,8532
42466,7518
42467,7985
42468,6196
42469,6865
42470,8980
42471,8632
42472,8481
42473,4987
42474,10436
42475,6498
42476,9363
42477,7543
42478,13684
42479,7285
42480,5858
42481,7804
42482,6132
42483,6449
42484,6338
42485,8931
42486,7841
42487,4208
42488,10102
42489,6846
42490,8336
42491,5080
42492,10800
42493,10732
42494,5195
42495,13263
42496,6722
42497,6708
42498,9952
42499,10768
42500,5754
42501,5009
42502,8705
42503,7556
42504,5157
42505,6904
42506,7188
42507,9821
42508,9659
42509,8312
42510,8557
42511,7502
42512,4770
42513,7618
42514,8435
42515,9252
42516,9238
42517,8548
42518,9767
42519,7382
42520,10689
42521,8250
42522,6818
42523,8258
42524,10748
42525,7975
42526,9158
42527,11594
42528,8673
42529,9615
42530,6647
42531,7890
42532,9559
42533,7072
42534,8577
42535,4650
42536,6073
42537,13012
42538,9649
42539,6923
42540,4770
42541,9626
42542,7883
42543,9086
42544,6981
42545,6404
42546,5872
42547,4958
42548,12062
42549,8692
42550,7580
42551,8509
42552,6572
42553,7103
42554,7466
42555,7592
42556,4989
42557,7935
42558,6597
42559,9811
42560,9605
42561,7652
42562,14177
42563,7094
42564,5681
42565,12353
42566,6265
42567,7579
42568,4879
42569,9816
42570,8552
42571,5900
42572,6908
42573,8193
42574,6664
42575,7404
42576,9168
42577,13402
42578,3488
42579,8813
42580,3935
42581,16000
42582,5304
42583,10261
42584,10579
42585,8140
42586,8033
42587,5290
42588,6725
42589,3696
42590,5823
42591,7508
42592,6168
42593,8479
42594,9027
42595,6569
42596,7467
42597,6858
42598,9123
42599,10877
42600,8614
42601,6196
42602,4464
42603,10788
42604,13501
42605,6934
42606,8911
42607,4896
42608,8760
42609,6047
42610,5318
42611,7348
42612,4930
42613,9306
42614,7025
42615,9957
42616,7836
42617,10370
42618,9103
42619,6194
42620,11268
42621,19849
42622,12846
42623,6887
42624,3880
42625,6975
42626,9834
42627,5725
42628,6861
42629,12726
42630,6379
42631,16410
42632,19785
42633,5150
42634,7465
42635,6672
42636,4941
42637,10458
42638,5752
42639,10911
42640,10370
42641,11807
42642,7905
42643,9206
42644,4275
42645,8312
42646,4366
42647,7759
42648,7956
42649,12505
42650,7199
42651,6692
42652,4983
42653,8566
42654,7033
42655,5635
42656,5572
42657,9522
42658,6940
42659,6719
42660,8901
42661,9912
42662,0
42663,7681
42664,7556
42665,7433
42666,8426
42667,9063
42668,9130
42669,10943
42670,8396
42671,5884
42672,4606
42673,7148
42674,7277
42675,7440
42676,5579
42677,3744
42678,10032
42679,8873
42680,12374
42681,7700
42682,6615
42683,8137
42684,5965
42685,5329
42686,11458
42687,6171
42688,8417
42689,8585
42690,15800
42691,7359
42692,7067
42693,8426
42694,7916
42695,7145
42696,5863
42697,10053
42698,5254
42699,8377
42700,4801
42701,6298
42702,4367
42703,11488
42704,5945
42705,19463
42706,16854
42707,5583
42708,8075
42709,6836
42710,7761
42711,6378
42712,13372
42713,9173
42714,12351
42715,5380
42716,8381
42717,5980
42718,10389
42719,8916
42720,8378
42721,7191
42722,7488
42723,6847
42724,9090
42725,10604
42726,7272
42727,8516
42728,11380
42729,6709
42730,7799
42731,8129
42732,11195
42733,7954
42734,5906
42735,6659
42736,7980
42737,6427
42738,14244
42739,7215
42740,8348
42741,8439
42742,10826
42743,5326
42744,8179
42745,13040
42746,9663
42747,11110
42748,7700
42749,4810
42750,16594
42751,10781
42752,9160
42753,17408
42754,12118
42755,9028
42756,8057
42757,11728
42758,11838
42759,12421
42760,13634
42761,6686
42762,8370
42763,6783
42764,9979
42765,4483
42766,13280
42767,7869
42768,6774
42769,7186
42770,11713
42771,9640
42772,7296
42773,8280
42774,6752
42775,6092
42776,8104
42777,4856
42778,6180
42779,7282
42780,8047
42781,11128
42782,10266
42783,8607
42784,7232
42785,7494
42786,12616
42787,8642
42788,6632
42789,6383
42790,5770
42791,11467
42792,4418
42793,11346
42794,7891
42795,3909
42796,6204
42797,10187
42798,7369
42799,6112
42800,9491
42801,10333
42802,13300
42803,7349
42804,11272
42805,3530
42806,6418
42807,9090
42808,6985
42809,8571
42810,7038
42811,7027
42812,5882
42813,6236
42814,13171
42815,9475
42816,5924
42817,5550
42818,9402
42819,12960
42820,11310
42821,6633
42822,6806
42823,14478
42824,7460
42825,8606
42826,7443
42827,6042
42828,8058
42829,11977
42830,4953
42831,5260
42832,5966
42833,6605
42834,11010
42835,9703
42836,9679
42837,15461
42838,6918
42839,13785
42840,14651
42841,8045
42842,5638
42843,4142
42844,9514
42845,7528
42846,7174
42847,7285
42848,8084
42849,14418
42850,5839
42851,6945
42852,9244
42853,7263
42854,7991
42855,6084
42856,5377
42857,8218
42858,4213
42859,10837
42860,9498
42861,8837
42862,9621
42863,9947
42864,9266
42865,7083
42866,9006
42867,10502
42868,7603
42869,7123
42870,6681
42871,5777
42872,11646
42873,8767
42874,7084
42875,7224
42876,8461
42877,9793
42878,8465
42879,7596
42880,9516
42881,5634
42882,6573
42883,19304
42884,8557
42885,9315
42886,7590
42887,7721
42888,7507
42889,6788
42890,5439
42891,6080
42892,9913
42893,15098
42894,9893
42895,9986
42896,14497
42897,11943
42898,13076
42899,9131
42900,8854
42901,5270
42902,11247
42903,13333
42904,9663
42905,9523
42906,10146
42907,7702
42908,4516
42909,12383
42910,8819
42911,8352
42912,7913
42913,4391
42914,16528
42915,13956
42916,15859
42917,7140
42918,6514
42919,5044
42920,6917
42921,7146
42922,11207
42923,8060
42924,5862
42925,6016
42926,8863
42927,4708
42928,3717
42929,8131
42930,16823
42931,7724
42932,18573
42933,5227
42934,6375
42935,7999
42936,6580
42937,5941
42938,5663
42939,4867
42940,4768
42941,9613
42942,7729
42943,5327
42944,11409
42945,8388
42946,8241
42947,5140
42948,12348
42949,8820
42950,10666
42951,6739
42952,8539
42953,4933
42954,5704
42955,5472
42956,16164
42957,11815
42958,7128
42959,7123
42960,5826
42961,7139
42962,5182
42963,11276
42964,5059
42965,17744
42966,5317
42967,6030
42968,7223
42969,10361
42970,8721
42971,5550
42972,7693
42973,9923
42974,8615
42975,9442
42976,6524
42977,5494
42978,13958
42979,5260
42980,5143
42981,6883
42982,7809
42983,7247
42984,6897
42985,10741
42986,9504
42987,7858
42988,7956
42989,5920
42990,9736
42991,6861
42992,4943
42993,8290
42994,7536
42995,7769
42996,11302
42997,7633
42998,7258
42999,7679
43000,8031
43001,6641
43002,8045
43003,7612
43004,8761
43005,8552
43006,8872
43007,10723
43008,7249
43009,5400
43010,13578
43011,7067
43012,4003
43013,9008
43014,10166
43015,14011
43016,6144
43017,6854
43018,7283
43019,4572
43020,7450
43021,8130
43022,8372
43023,6979
43024,8870
43025,10651
43026,3899
43027,7359
43028,6811
43029,6511
43030,6545
43031,7257
43032,10892
43033,7031
43034,6246
43035,9730
43036,9636
43037,9596
43038,10663
43039,5551
43040,8179
43041,8579
43042,9647
43043,10189
43044,9477
43045,4422
43046,8601
43047,8359
43048,8763
43049,10718
43050,5533
43051,4922
43052,13657
43053,9998
43054,10661
43055,7565
43056,7912
43057,10181
43058,4741
43059,7654
43060,6637
43061,9033
43062,8255
43063,9612
43064,9799
43065,7561
43066,9978
43067,12483
43068,16412
43069,8694
43070,5787
43071,7678
43072,5367
43073,3964
43074,12724
43075,9359
43076,6505
43077,10299
43078,6279
43079,11645
43080,5674
43081,7583
43082,7359
43083,10533
43084,6190
43085,8365
43086,6781
43087,6630
43088,8786
43089,5795
43090,8472
43091,7987
43092,10292
43093,9400
43094,7550
43095,6579
43096,13733
43097,5639
43098,6091
43099,12837
43100,8127
43101,10695
43102,11021
43103,14709
43104,6836
43105,6715
43106,6096
43107,7497
43108,9282
43109,13124
43110,8625
43111,9159
43112,8995
43113,4680
43114,8821
43115,9681
43116,8202
43117,9861
43118,6907
43119,5729
43120,5857
43121,4530
43122,6684
43123,10004
43124,9446
43125,12764
43126,18568
43127,8999
43128,5965
43129,8878
43130,7937
43131,10317
43132,5012
43133,7207
43134,4888
43135,11104
43136,7738
43137,7197
43138,15400
43139,11791
43140,5599
43141,8143
43142,4320
43143,5692
43144,6073
43145,9681
43146,5992
43147,5327
43148,7538
43149,9858
43150,8963
43151,6250
43152,6314
43153,7869
43154,8587
43155,8621
43156,4701
43157,11896
43158,19177
43159,4086
43160,7987
43161,10450
43162,9033
43163,6466
43164,3545
43165,5790
43166,9632
43167,5930
43168,9648
43169,10355
43170,5164
43171,7299
43172,8328
43173,7287
43174,5928
43175,6912
43176,9282
43177,10502
43178,8751
43179,12338
43180,6457
43181,4320
43182,7446
43183,7113
43184,10175
43185,7240
43186,5084
43187,23720
43188,8176
43189,6662
43190,13680
43191,7984
43192,9982
43193,7000
43194,8529
43195,5951
43196,10000
43197,14875
43198,6629
43199,6931
43200,7896
43201,15556
43202,7785
43203,6263
43204,6908
43205,6246
43206,7404
43207,4875
43208,10417
43209,4780
43210,8016
43211,3278
43212,21327
43213,10025
43214,4991
43215,5168
43216,11785
43217,7328
43218,8550
43219,9204
43220,7505
43221,5733
43222,5660
43223,11457
43224,6982
43225,7945
43226,8013
43227,9353
43228,6076
43229,8690
43230,7410
43231,4610
43232,10043
43233,10686
43234,5690
43235,8089
43236,8179
43237,6171
43238,10522
43239,7442
43240,7693
43241,7218
43242,8287
43243,4022
43244,5258
43245,6059
43246,0
43247,7447
43248,10181
43249,4936
43250,9690
43251,5224
43252,6977
43253,5116
43254,7556
43255,6810
43256,7873
43257,8613
43258,9287
43259,4909
43260,7467
43261,7540
43262,9208
43263,7738
43264,10108
43265,11544
43266,7313
43267,3963
43268,9408
43269,6750
43270,7514
43271,8262
43272,4809
43273,11983
43274,6164
43275,7487
43276,11631
43277,7594
43278,5304
43279,13422
43280,7289
43281,11171
43282,6190
43283,11603
43284,11552
43285,6892
43286,6251
43287,7804
43288,6271
43289,7310
43290,7075
43291,10663
43292,7945
43293,5710
43294,5259
43295,8194
43296,9046
43297,7681
43298,10360
43299,6626
43300,7506
43301,5990
43302,9247
43303,8770
43304,7977
43305,6876
43306,7152
43307,9159
43308,10339
43309,6529
43310,9049
43311,7064
43312,7546
43313,7705
43314,8382
43315,4787
43316,4988
43317,8984
43318,7984
43319,6878
43320,7453
43321,9464
43322,6350
43323,6890
43324,7809
43325,5866
43326,3820
43327,10372
43328,4429
43329,8251
43330,8343
43331,7056
43332,8840
43333,15758
43334,11230
43335,9839
43336,5392
43337,8954
43338,8070
43339,4811
43340,3675
43341,10001
43342,4522
43343,9637
43344,14611
43345,8463
43346,8150
43347,6492
43348,8614
43349,8003
43350,7678
43351,8393
43352,10183
43353,9900
43354,8139
43355,9978
43356,6038
43357,7639
43358,5307
43359,6838
43360,6814
43361,5994
43362,6048
43363,9401
43364,6324
43365,10710
43366,9421
43367,6273
43368,5445
43369,11809
43370,8685
43371,7815
43372,7438
43373,9232
43374,6689
43375,6924
43376,8180
43377,8390
43378,6635
43379,5844
43380,10995
43381,7569
43382,6278
43383,4397
43384,14000
43385,7101
43386,7259
43387,7596
43388,13362
43389,10452
43390,8964
43391,9373
43392,8245
43393,6741
43394,6905
43395,7997
43396,12112
43397,16097
43398,6700
43399,6482
43400,4580
43401,6264
43402,12068
43403,16981
43404,8414
43405,6460
43406,5534
43407,6886
43408,6561
43409,11459
43410,10266
43411,7321
43412,4778
43413,9523
43414,7929
43415,11735
43416,10874
43417,5978
43418,9716
43419,4553
43420,7876
43421,10478
43422,8334
43423,10526
43424,8145
43425,8865
43426,5334
43427,7186
43428,8667
43429,9549
43430,8171
43431,9780
43432,7681
43433,5223
43434,10948
43435,5189
43436,11688
43437,7230
43438,5805
43439,8209
43440,8495
43441,7176
43442,8382
43443,11168
43444,6104
43445,11717
43446,4695
43447,5533
43448,10227
43449,10420
43450,11612
43451,7232
43452,8320
43453,6593
43454,6886
43455,8265
43456,7228
43457,7380
43458,6386
43459,11508
43460,8242
43461,9822
43462,13178
43463,9108
43464,5731
43465,5574
43466,6745
43467,9998
43468,6073
43469,10256
43470,6302
43471,11796
43472,7687
43473,6952
43474,6208
43475,6642
43476,6152
43477,8506
43478,7966
43479,6666
43480,6295
43481,6133
43482,10403
43483,7033
43484,22854
43485,8081
43486,4883
43487,6601
43488,8257
43489,10233
43490,5827
43491,5239
43492,11347
43493,7268
43494,7668
43495,5884
43496,8979
43497,9306
43498,6623
43499,5520
43500,7998
43501,9717
43502,7576
43503,8021
43504,7890
43505,9523
43506,7002
43507,5455
43508,6471
43509,11006
43510,10917
43511,7750
43512,11072
43513,5690
43514,9164
43515,4532
43516,6598
43517,5287
43518,8358
43519,8437
43520,13129
43521,10200
43522,7438
43523,7344
43524,6671
43525,4711
43526,6542
43527,11868
43528,7089
43529,6308
43530,5887
43531,6585
43532,8961
43533,3513
43534,9201
43535,5216
43536,7990
43537,7844
43538,6530
43539,9158
43540,5812
43541,8624
43542,9360
43543,8450
43544,6127
43545,11033
43546,6208
43547,7098
43548,8784
43549,12196
43550,5876
43551,6997
43552,9867
43553,8962
43554,9880
43555,7509
43556,10306
43557,5486
43558,5239
43559,6966
43560,7044
43561,9852
43562,8464
43563,4700
43564,6899
43565,8157
43566,7743
43567,10150
43568,4175
43569,14839
43570,7023
43571,5604
43572,6594
43573,7362
43574,6925
43575,9276
43576,5742
43577,7678
43578,6795
43579,8146
43580,7701
43581,6748
43582,7465
43583,6075
43584,6826
43585,9003
43586,8458
43587,8000
43588,4724
43589,9905
43590,6268
43591,9233
43592,7341
43593,13236
43594,7220
43595,5860
43596,7514
43597,6001
43598,6448
43599,6068
43600,8806
43601,7439
43602,4114
43603,9230
43604,6621
43605,7930
43606,5033
43607,11291
43608,10463
43609,5007
43610,13226
43611,6668
43612,6211
43613,9342
43614,9784
43615,5576
43616,4732
43617,8656
43618,7246
43619,4960
43620,6905
43621,6888
43622,9472
43623,8765
43624,7881
43625,8406
43626,6899
43627,4617
43628,7280
43629,8546
43630,9081
43631,8862
43632,8427
43633,8955
43634,6793
43635,10442
43636,7868
43637,6807
43638,7864
43639,10208
43640,7818
43641,8369
43642,10784
43643,9060
43644,8935
43645,6228
43646,7517
43647,8269
43648,6872
43649,7991
43650,4496
43651,6056
43652,12111
43653,9483
43654,6383
43655,4770
43656,8828
43657,7727
43658,8590
43659,6718
43660,6302
43661,5724
43662,4745
43663,11467
43664,7853
43665,7456
43666,7805
43667,6179
43668,6598
43669,7314
43670,7464
43671,4600
43672,6684
43673,6480
43674,9338
43675,9122
43676,7405
43677,13913
43678,7189
43679,6050
43680,11865
43681,5859
43682,7839
43683,3710
43684,9249
43685,8407
43686,5738
43687,6848
43688,8812
43689,6423
43690,7191
43691,8524
43692,13350
43693,3280
43694,8109
43695,3959
43696,14541
43697,5909
43698,9342
43699,10174
43700,8371
43701,7775
43702,5250
43703,6046
43704,3467
43705,5548
43706,7518
43707,5710
43708,8058
43709,9047
43710,6066
43711,6817
43712,6792
43713,8617
43714,10474
43715,8382
43716,6335
43717,4359
43718,10610
43719,13026
43720,6206
43721,8421
43722,4864
43723,8224
43724,5984
43725,5236
43726,7136
43727,4578
43728,8839
43729,6671
43730,9646
43731,7477
43732,9970
43733,9150
43734,6119
43735,10591
43736,19323
43737,12130
43738,6530
43739,3743
43740,7131
43741,9381
43742,5335
43743,6247
43744,12668
43745,6246
43746,15232
43747,19301
43748,5062
43749,6983
43750,6299
43751,4794
43752,9880
43753,6122
43754,10639
43755,10004
43756,9870
43757,7168
43758,8558
43759,4101
43760,8201
43761,4206
43762,7477
43763,7886
43764,11593
43765,7436
43766,6624
43767,4682
43768,8308
43769,6173
43770,5484
43771,4911
43772,9159
43773,6911
43774,6566
43775,7754
43776,9143
43777,0
43778,7223
43779,6658
43780,7484
43781,7878
43782,8500
43783,9112
43784,10359
43785,7856
43786,6403
43787,4588
43788,7308
43789,7098
43790,7328
43791,5216
43792,3277
43793,9393
43794,8292
43795,12136
43796,7310
43797,6307
43798,7416
43799,5985
43800,5237
43801,10617
43802,6285
43803,8222
43804,8536
43805,15390
43806,7216
43807,5855
43808,7836
43809,6270
43810,6603
43811,5733
43812,9101
43813,5104
43814,8166
43815,4839
43816,6055
43817,4190
43818,11322
43819,5915
43820,18472
43821,15481
43822,5302
43823,7573
43824,6489
43825,7446
43826,6162
43827,12804
43828,8743
43829,11364
43830,4999
43831,8291
43832,6046
43833,9642
43834,8677
43835,7673
43836,6850
43837,7506
43838,6921
43839,8733
43840,10191
43841,7567
43842,7699
43843,10779
43844,6711
43845,7369
43846,8066
43847,10292
43848,7550
43849,5683
43850,6830
43851,7201
43852,6209
43853,14130
43854,6876
43855,8065
43856,8010
43857,9773
43858,5277
43859,7806
43860,11321
43861,8859
43862,10244
43863,7226
43864,4665
43865,16653
43866,10048
43867,8591
43868,17240
43869,10141
43870,8691
43871,7830
43872,10744
43873,11196
43874,11808
43875,13138
43876,6328
43877,7841
43878,6604
43879,9517
43880,4264
43881,12125
43882,7423
43883,6803
43884,6833
43885,10324
43886,8748
43887,7076
43888,7931
43889,6717
43890,5513
43891,7885
43892,4759
43893,6135
43894,6645
43895,8418
43896,10970
43897,9748
43898,8208
43899,6916
43900,6744
43901,11979
43902,8003
43903,6534
43904,6044
43905,5666
43906,11166
43907,4498
43908,11214
43909,7634
43910,3683
43911,5986
43912,8997
43913,7519
43914,5943
43915,9357
43916,10080
43917,13245
43918,6933
43919,11361
43920,3321
43921,5935
43922,9018
43923,6365
43924,7902
43925,6934
43926,6924
43927,5669
43928,5780
43929,13427
43930,9248
43931,5667
43932,5282
43933,9129
43934,12179
43935,10851
43936,5928
43937,6172
43938,14785
43939,7525
43940,9532
43941,6863
43942,5901
43943,7769
43944,11138
43945,4318
43946,5452
43947,5306
43948,6357
43949,11110
43950,9393
43951,8980
43952,14507
43953,7030
43954,13018
43955,14099
43956,8247
43957,5471
43958,3898
43959,9167
43960,7164
43961,6902
43962,6998
43963,7643
43964,12765
43965,5643
43966,6603
43967,8854
43968,6151
43969,8048
43970,5911
43971,5064
43972,8255
43973,4042
43974,8848
43975,9034
43976,8757
43977,8874
43978,9518
43979,8866
43980,6587
43981,8370
43982,9582
43983,7284
43984,6858
43985,6572
43986,6493
43987,10919
43988,8539
43989,6736
43990,6542
43991,8436
43992,9094
43993,7886
43994,6980
43995,9301
43996,5445
43997,6661
43998,18263
43999,7556
44000,9260
44001,7146
44002,7289
44003,7160
44004,6792
44005,5356
44006,5860
44007,9832
44008,14201
44009,9775
44010,9404
44011,12195
44012,11352
44013,12191
44014,8669
44015,8754
44016,5106
44017,10804
44018,12400
44019,9521
44020,9064
44021,8919
44022,7706
44023,4077
44024,11868
44025,8387
44026,7522
44027,7320
44028,3792
44029,14797
44030,13227
44031,14805
44032,6964
44033,6109
44034,4845
44035,6902
44036,7002
44037,9994
44038,8342
44039,5702
44040,5950
44041,7679
44042,5164
44043,3584
44044,7566
44045,16044
44046,7591
44047,18223
44048,4859
44049,6074
44050,7765
44051,6145
44052,5762
44053,5509
44054,4659
44055,4880
44056,9086
44057,7553
44058,4931
44059,11031
44060,6916
44061,8008
44062,5036
44063,12284
44064,8699
44065,10620
44066,6089
44067,7653
44068,4751
44069,5785
44070,5591
44071,17049
44072,11838
44073,7136
44074,6602
44075,5738
44076,6759
44077,4960
44078,10602
44079,4645
44080,16825
44081,5173
44082,5694
44083,6559
44084,9908
44085,8712
44086,5249
44087,7188
44088,9207
44089,8254
44090,9002
44091,6357
44092,4659
44093,12196
44094,4975
44095,4635
44096,6416
44097,7522
44098,6811
44099,6990
44100,10033
44101,8962
44102,7338
44103,7710
44104,5968
44105,9572
44106,6674
44107,5065
44108,7839
44109,7290
44110,7134
44111,10999
44112,7529
44113,7209
44114,7649
44115,7168
44116,6302
44117,7992
44118,7738
44119,8210
44120,6963
44121,8130
44122,10273
44123,7301
44124,5200
44125,13574
44126,6534
44127,3956
44128,8364
44129,10020
44130,13553
44131,5849
44132,6785
44133,6995
44134,4431
44135,6880
44136,7818
44137,7654
44138,6472
44139,7771
44140,10473
44141,3688
44142,7198
44143,6636
44144,6109
44145,6123
44146,7135
44147,10172
44148,6739
44149,5856
44150,8899
44151,9339
44152,9022
44153,9928
44154,5805
44155,7992
44156,7957
44157,9328
44158,9823
44159,9444
44160,4230
44161,8563
44162,8429
44163,8131
44164,10874
44165,5611
44166,4680
44167,13249
44168,9286
44169,9917
44170,6896
44171,7163
44172,9946
44173,4351
44174,7371
44175,6532
44176,8229
44177,7373
44178,7891
44179,9462
44180,6976
44181,10470
44182,11857
44183,15927
44184,7906
44185,5316
44186,7098
44187,5237
44188,3673
44189,12010
44190,8694
44191,6347
44192,9199
44193,5913
44194,10861
44195,5503
44196,7317
44197,6896
44198,10929
44199,6252
44200,8252
44201,6514
44202,6252
44203,7936
44204,5573
44205,8533
44206,7900
44207,10206
44208,9106
44209,7362
44210,6414
44211,12765
44212,5338
44213,6137
44214,11244
44215,8106
44216,10260
44217,10685
44218,15117
44219,6522
44220,6515
44221,5844
44222,7072
44223,8540
44224,12327
44225,8368
44226,8547
44227,8553
44228,4622
44229,8510
44230,9196
44231,7997
44232,8970
44233,6360
44234,5411
44235,5957
44236,4237
44237,6486
44238,9334
44239,8624
44240,11597
44241,18135
44242,8321
44243,5907
44244,8869
44245,7495
44246,10233
44247,5028
44248,7247
44249,4715
44250,10271
44251,7638
44252,6866
44253,14728
44254,12467
44255,5601
44256,7840
44257,4425
44258,5610
44259,5808
44260,9615
44261,5643
44262,5376
44263,6720
44264,8255
44265,7202
44266,5557
44267,5901
44268,7515
44269,7353
44270,8245
44271,4360
44272,11549
44273,18678
44274,4047
44275,7725
44276,9299
44277,8553
44278,6026
44279,3442
44280,5668
44281,8694
44282,5709
44283,8431
44284,9652
44285,4963
44286,7051
44287,8115
44288,7227
44289,5877
44290,7313
44291,9047
44292,10288
44293,8207
44294,11571
44295,6241
44296,4212
44297,7173
44298,6741
44299,9143
44300,7137
44301,4892
44302,23088
44303,7703
44304,6590
44305,13054
44306,7739
44307,9711
44308,6960
44309,8373
44310,5786
44311,9336
44312,14529
44313,5981
44314,6640
44315,7583
44316,15125
44317,7406
44318,5922
44319,6715
44320,6051
44321,6913
44322,4498
44323,9856
44324,4715
44325,7694
44326,3294
44327,20412
44328,9653
44329,5317
44330,5145
44331,10245
44332,7154
44333,8518
44334,8914
44335,6837
44336,5899
44337,5051
44338,10906
44339,6776
44340,7615
44341,7920
44342,8913
44343,5687
44344,8352
44345,7027
44346,4608
44347,9545
44348,10080
44349,5788
44350,7850
44351,7975
44352,6326
44353,10009
44354,6524
44355,7320
44356,7304
44357,7958
44358,3958
44359,5267
44360,6098
44361,0
44362,8168
44363,9678
44364,4887
44365,8995
44366,5523
44367,6595
44368,4800
44369,7231
44370,6861
44371,7513
44372,7896
44373,9366
44374,4948
44375,7126
44376,7599
44377,8459
44378,7627
44379,10343
44380,11134
44381,7239
44382,3952
44383,7926
44384,5724
44385,6876
44386,7676
44387,4856
44388,11898
44389,6091
44390,7214
44391,11207
44392,7075
44393,4845
44394,12632
44395,6832
44396,11430
44397,6188
44398,10280
44399,10527
44400,6912
44401,5832
44402,7417
44403,6048
44404,6892
44405,6954
44406,9712
44407,7656
44408,5706
44409,4982
44410,7723
44411,8334
44412,7076
44413,9711
44414,6486
44415,7346
44416,6003
44417,8754
44418,8718
44419,7337
44420,6919
44421,6998
44422,8500
44423,9779
44424,6358
44425,8444
44426,6192
44427,6877
44428,7661
44429,8073
44430,4917
44431,4595
44432,9391
44433,8108
44434,6368
44435,7220
44436,8647
44437,6151
44438,6280
44439,7617
44440,5926
44441,3717
44442,9584
44443,4346
44444,7915
44445,7818
44446,6608
44447,7417
44448,13244
44449,11286
44450,9867
44451,5229
44452,8268
44453,7622
44454,4744
44455,3343
44456,8736
44457,4162
44458,8794
44459,14264
44460,8122
44461,7783
44462,5510
44463,8090
44464,7339
44465,6901
44466,7973
44467,9310
44468,9313
44469,7584
44470,9794
44471,5803
44472,7282
44473,5111
44474,6232
44475,6727
44476,5833
44477,5922
44478,8414
44479,5671
44480,10177
44481,7857
44482,5923
44483,5179
44484,10813
44485,8328
44486,6690
44487,7181
44488,7624
44489,6943
44490,6588
44491,7768
44492,8516
44493,6672
44494,5579
44495,11320
44496,7727
44497,6532
44498,4304
44499,12265
44500,6823
44501,6797
44502,7079
44503,12913
44504,9974
44505,8739
44506,8920
44507,7905
44508,6625
44509,6786
44510,7588
44511,10630
44512,15852
44513,6055
44514,5889
44515,4266
44516,5515
44517,10176
44518,15233
44519,7161
44520,5421
44521,5382
44522,6883
44523,6557
44524,11692
44525,9581
44526,7242
44527,4767
44528,8704
44529,7654
44530,11734
44531,10806
44532,5627
44533,8757
44534,4313
44535,8034
44536,9981
44537,7884
44538,10241
44539,7664
44540,8617
44541,5149
44542,7067
44543,7811
44544,9329
44545,8089
44546,9359
44547,7336
44548,5025
44549,10421
44550,5143
44551,10885
44552,7030
44553,5805
44554,9318
44555,8230
44556,6767
44557,8280
44558,10852
44559,5830
44560,11239
44561,4409
44562,5043
44563,9255
44564,9318
44565,11389
44566,6985
44567,7393
44568,6188
44569,6371
44570,8060
44571,6678
44572,7292
44573,6100
44574,10893
44575,8368
44576,9167
44577,12872
44578,9382
44579,5466
44580,5202
44581,6526
44582,9872
44583,5873
44584,10502
44585,5665
44586,11289
44587,7291
44588,6598
44589,5985
44590,6347
44591,5785
44592,7544
44593,7093
44594,6022
44595,5548
44596,5404
44597,9906
44598,7176
44599,22722
44600,8107
44601,5080
44602,6216
44603,8650
44604,11831
44605,5775
44606,5587
44607,12685
44608,8316
44609,8425
44610,6160
44611,9208
44612,9801
44613,7119
44614,6207
44615,9047
44616,9983
44617,8241
44618,8714
44619,8685
44620,11182
44621,7821
44622,5742
44623,6770
44624,11899
44625,13394
44626,8822
44627,11961
44628,6627
44629,10160
44630,5455
44631,7232
44632,5591
44633,9389
44634,9428
44635,14513
44636,10921
44637,8542
44638,7407
44639,7917
44640,5274
44641,7327
44642,12628
44643,7544
44644,6499
44645,6449
44646,7350
44647,9700
44648,3612
44649,9460
44650,5626
44651,8804
44652,8575
44653,7055
44654,10318
44655,6033
44656,9724
44657,10376
44658,8616
44659,7065
44660,10944
44661,6043
44662,7504
44663,10457
44664,14143
44665,6973
44666,7401
44667,10707
44668,10039
44669,10834
44670,8152
44671,11306
44672,6165
44673,5730
44674,7511
44675,7797
44676,10779
44677,9256
44678,5332
44679,7003
44680,9072
44681,7912
44682,11775
44683,4216
44684,14717
44685,7661
44686,6143
44687,6957
44688,7708
44689,7455
44690,10534
44691,5954
44692,8598
44693,7066
44694,9129
44695,8182
44696,6749
44697,8475
44698,6732
44699,7276
44700,9588
44701,9693
44702,9600
44703,4965
44704,10742
44705,6825
44706,9553
44707,8199
44708,14654
44709,7978
44710,6443
44711,8070
44712,6514
44713,6690
44714,6499
44715,9311
44716,8101
44717,4500
44718,11002
44719,6836
44720,8432
44721,5215
44722,11976
44723,10676
44724,5768
44725,14370
44726,7551
44727,6715
44728,9555
44729,10677
44730,6100
44731,5190
44732,9713
44733,7782
44734,5049
44735,7551
44736,7654
44737,10412
44738,10060
44739,8336
44740,9103
44741,7640
44742,4895
44743,7846
44744,9366
44745,10095
44746,9987
44747,9345
44748,9463
44749,6944
44750,11391
44751,8733
44752,6701
44753,8274
44754,11560
44755,8313
44756,10094
44757,10897
44758,9774
44759,9670
44760,6948
44761,8233
44762,9429
44763,7400
44764,8566
44765,4518
44766,6845
44767,12345
44768,9616
44769,7078
44770,5278
44771,9770
44772,8271
44773,9702
44774,7236
44775,6823
44776,6258
44777,5212
44778,12426
44779,9008
44780,8531
44781,8282
44782,7018
44783,6125
44784,7902
44785,8380
44786,4866
44787,7528
44788,7283
44789,9812
44790,9567
44791,7990
44792,14889
44793,6362
44794,6557
44795,12678
44796,6621
44797,8182
44798,4045
44799,10266
44800,9344
44801,6915
44802,7197
44803,8373
44804,6879
44805,7956
44806,10463
44807,13622
44808,3770
44809,9085
44810,4398
44811,16021
44812,5891
44813,9893
44814,10483
44815,9142
44816,8933
44817,6065
44818,6611
44819,3582
44820,5945
44821,8410
44822,6279
44823,8468
44824,9243
44825,7114
44826,7294
44827,7358
44828,10123
44829,11697
44830,9905
44831,7055
44832,5071
44833,11089
44834,13268
44835,6962
44836,8956
44837,4941
44838,9492
44839,6502
44840,5376
44841,7646
44842,5079
44843,9298
44844,7061
44845,10438
44846,8620
44847,10986
44848,10204
44849,7131
44850,11074
44851,20231
44852,12891
44853,7172
44854,3977
44855,8123
44856,10736
44857,6026
44858,6857
44859,13990
44860,6792
44861,15782
44862,20508
44863,5435
44864,7864
44865,6414
44866,5224
44867,13156
44868,6295
44869,11068
44870,11200
44871,9842
44872,7840
44873,9384
44874,4710
44875,8118
44876,4484
44877,8009
44878,8915
44879,11660
44880,7881
44881,7386
44882,5136
44883,9059
44884,6554
44885,5751
44886,5411
44887,9831
44888,7750
44889,6925
44890,8148
44891,9976
44892,0
44893,8035
44894,7384
44895,7135
44896,8454
44897,8731
44898,9882
44899,11004
44900,9438
44901,6616
44902,5017
44903,7579
44904,8436
44905,7952
44906,5504
44907,3919
44908,9985
44909,8865
44910,13449
44911,8050
44912,6792
44913,8885
44914,6746
44915,5876
44916,11329
44917,6554
44918,8726
44919,9719
44920,17553
44921,8208
44922,6945
44923,8871
44924,7299
44925,8896
44926,6820
44927,10335
44928,5393
44929,9011
44930,5454
44931,6526
44932,4307
44933,12595
44934,6721
44935,18886
44936,16491
44937,6298
44938,8155
44939,6975
44940,8096
44941,7017
44942,13754
44943,9741
44944,12534
44945,5356
44946,8585
44947,6795
44948,10366
44949,8915
44950,8243
44951,7661
44952,8667
44953,7795
44954,9475
44955,12025
44956,8198
44957,9307
44958,11796
44959,7561
44960,8231
44961,9270
44962,11161
44963,8562
44964,6283
44965,7435
44966,8327
44967,6868
44968,14885
44969,7506
44970,9501
44971,8508
44972,11028
44973,5615
44974,8493
44975,12873
44976,10067
44977,12505
44978,7976
44979,5260
44980,17353
44981,11124
44982,10236
44983,19299
44984,12433
44985,9222
44986,8618
44987,12068
44988,12658
44989,12663
44990,14023
44991,7291
44992,8521
44993,7310
44994,10355
44995,4693
44996,14554
44997,7899
44998,7427
44999,7314
45000,11271
45001,9256
45002,7459
45003,8145
45004,6755
45005,5933
45006,8759
45007,5311
45008,6742
45009,7359
45010,8523
45011,11636
45012,10356
45013,9057
45014,7680
45015,7087
45016,13491
45017,8852
45018,7248
45019,7046
45020,6117
45021,13151
45022,4691
45023,11772
45024,9091
45025,4050
45026,5836
45027,9779
45028,8021
45029,6492
45030,10030
45031,11503
45032,13468
45033,7634
45034,12132
45035,3243
45036,6772
45037,8645
45038,6707
45039,8592
45040,7641
45041,8033
45042,6549
45043,5951
45044,13790
45045,9843
45046,6688
45047,5500
45048,9752
45049,13187
45050,13609
45051,6503
45052,7205
45053,14170
45054,7485
45055,9508
45056,7392
45057,6458
45058,8393
45059,12939
45060,5178
45061,5430
45062,5896
45063,6676
45064,11792
45065,9897
45066,9565
45067,16272
45068,7491
45069,14318
45070,14613
45071,9063
45072,6511
45073,4500
45074,9883
45075,7464
45076,7072
45077,7575
45078,8634
45079,14602
45080,6247
45081,7568
45082,9971
45083,7281
45084,9353
45085,6319
45086,6156
45087,9148
45088,4067
45089,10411
45090,9738
45091,9253
45092,9557
45093,10854
45094,9816
45095,7479
45096,9605
45097,10219
45098,7630
45099,7355
45100,6946
45101,6201
45102,12469
45103,9954
45104,8349
45105,7411
45106,9235
45107,10508
45108,9323
45109,7296
45110,9935
45111,5891
45112,7825
45113,19892
45114,8093
45115,10593
45116,8116
45117,7595
45118,7617
45119,7695
45120,5516
45121,6999
45122,10901
45123,15456
45124,10786
45125,10021
45126,13716
45127,13051
45128,13298
45129,10114
45130,8930
45131,5449
45132,11648
45133,13245
45134,9980
45135,9481
45136,10660
45137,7912
45138,4362
45139,12540
45140,8741
45141,8807
45142,7662
45143,3876
45144,15943
45145,15039
45146,16105
45147,7905
45148,6264
45149,5214
45150,7179
45151,8645
45152,9708
45153,9063
45154,5732
45155,6489
45156,8852
45157,5110
45158,3972
45159,8783
45160,16999
45161,8321
45162,19556
45163,5799
45164,6767
45165,7964
45166,6914
45167,6959
45168,6021
45169,4737
45170,5535
45171,9984
45172,8204
45173,4937
45174,11153
45175,7192
45176,9352
45177,5661
45178,13091
45179,9747
45180,12102
45181,6286
45182,8442
45183,5181
45184,6101
45185,6778
45186,16418
45187,12434
45188,8146
45189,7517
45190,6318
45191,7555
45192,6100
45193,13918
45194,4888
45195,18003
45196,5553
45197,6290
45198,6988
45199,10860
45200,10104
45201,5531
45202,7882
45203,9659
45204,9120
45205,9364
45206,6637
45207,5123
45208,13042
45209,5154
45210,4922
45211,6467
45212,8235
45213,7287
45214,7065
45215,10615
45216,10245
45217,7734
45218,8311
45219,6006
45220,10228
45221,7140
45222,5707
45223,8829
45224,7954
45225,7371
45226,12163
45227,7823
45228,9133
45229,8147
45230,7748
45231,7108
45232,8887
45233,8434
45234,8574
45235,7995
45236,8292
45237,11369
45238,7618
45239,5404
45240,14392
45241,7575
45242,4023
45243,10031
45244,10799
45245,15004
45246,6285
45247,7812
45248,7400
45249,4654
45250,7285
45251,8094
45252,9058
45253,7193
45254,8031
45255,12013
45256,4048
45257,8503
45258,7116
45259,6195
45260,6745
45261,7735
45262,11073
45263,6761
45264,6745
45265,9519
45266,10259
45267,10239
45268,10592
45269,6068
45270,8809
45271,8300
45272,10033
45273,10605
45274,10494
45275,6456
45276,9665
45277,9375
45278,9405
45279,10991
45280,6297
45281,5069
45282,14076
45283,10286
45284,10504
45285,6983
45286,8006
45287,10139
45288,4906
45289,8020
45290,6992
45291,9668
45292,8392
45293,8448
45294,10126
45295,7728
45296,10863
45297,13585
45298,17265
45299,8561
45300,5842
45301,7572
45302,5767
45303,3822
45304,12847
45305,10126
45306,6897
45307,10567
45308,6582
45309,11656
45310,6249
45311,7651
45312,7632
45313,11440
45314,6793
45315,8187
45316,6868
45317,6820
45318,8325
45319,6527
45320,9709
45321,8951
45322,11199
45323,10310
45324,8286
45325,7225
45326,13775
45327,5609
45328,7060
45329,12531
45330,8649
45331,10757
45332,11330
45333,16171
45334,7177
45335,6815
45336,6483
45337,8297
45338,10021
45339,13176
45340,8538
45341,10262
45342,9497
45343,4761
45344,9092
45345,9298
45346,8877
45347,10419
45348,7316
45349,5691
45350,6401
45351,4375
45352,7315
45353,10590
45354,10365
45355,13017
45356,19981
45357,8255
45358,6097
45359,9506
45360,8065
45361,11192
45362,5521
45363,7651
45364,5295
45365,11597
45366,8011
45367,7162
45368,16847
45369,13583
45370,6012
45371,8384
45372,4971
45373,5979
45374,6412
45375,10490
45376,6190
45377,6010
45378,6978
45379,8829
45380,8655
45381,5927
45382,6753
45383,8549
45384,8425
45385,9350
45386,4734
45387,12562
45388,19698
45389,4195
45390,8568
45391,11171
45392,9632
45393,6436
45394,3907
45395,6007
45396,9322
45397,6212
45398,9174
45399,10803
45400,5377
45401,7786
45402,9467
45403,7722
45404,6051
45405,7614
45406,9600
45407,10528
45408,9258
45409,11475
45410,6677
45411,4739
45412,7643
45413,6977
45414,10539
45415,7876
45416,5920
45417,23066
45418,8248
45419,7006
45420,13918
45421,8853
45422,10289
45423,7494
45424,8754
45425,6065
45426,10470
45427,15558
45428,6870
45429,6881
45430,7507
45431,16430
45432,8206
45433,6385
45434,7316
45435,6937
45436,7264
45437,4918
45438,10932
45439,5069
45440,8412
45441,3289
45442,21187
45443,10971
45444,5555
45445,5532
45446,12001
45447,8315
45448,9131
45449,9966
45450,7902
45451,6260
45452,5591
45453,11406
45454,6933
45455,8457
45456,8621
45457,9713
45458,5941
45459,8814
45460,7831
45461,4796
45462,10673
45463,11248
45464,6040
45465,8606
45466,8972
45467,6809
45468,10769
45469,7248
45470,7748
45471,8207
45472,9394
45473,4009
45474,6133
45475,6657
45476,0
45477,8252
45478,10629
45479,5374
45480,9694
45481,5935
45482,7222
45483,4903
45484,7637
45485,7125
45486,7998
45487,8551
45488,11108
45489,5560
45490,7674
45491,9002
45492,9562
45493,7865
45494,9903
45495,11184
45496,8363
45497,4402
45498,8669
45499,6344
45500,7293
45501,8425
45502,5186
45503,12480
45504,6639
45505,7909
45506,12343
45507,8117
45508,5344
45509,13685
45510,7670
45511,12023
45512,6601
45513,10710
45514,12520
45515,7840
45516,6198
45517,7996
45518,6436
45519,7769
45520,7491
45521,10310
45522,8310
45523,5801
45524,5297
45525,7914
45526,9354
45527,8156
45528,11309
45529,7341
45530,8152
45531,6710
45532,9499
45533,8748
45534,8214
45535,8083
45536,7455
45537,9371
45538,10732
45539,6778
45540,9237
45541,6473
45542,7652
45543,8324
45544,8821
45545,5284
45546,5022
45547,9117
45548,9255
45549,6815
45550,7360
45551,10201
45552,6606
45553,7152
45554,7982
45555,6666
45556,4441
45557,10105
45558,4631
45559,8481
45560,8554
45561,7396
45562,8245
45563,14867
45564,12322
45565,9643
45566,5517
45567,10463
45568,8390
45569,4875
45570,3578
45571,10706
45572,4445
45573,10030
45574,15192
45575,9637
45576,8221
45577,6044
45578,9062
45579,8391
45580,7485
45581,9306
45582,9716
45583,10230
45584,7725
45585,10628
45586,6895
45587,8608
45588,5533
45589,6668
45590,7737
45591,6333
45592,6239
45593,9415
45594,6031
45595,11139
45596,8328
45597,6611
45598,5746
45599,12057
45600,8892
45601,7707
45602,8351
45603,8204
45604,7628
45605,7116
45606,9082
45607,9647
45608,7014
45609,5741
45610,12852
45611,8956
45612,7345
45613,4622
45614,13565
45615,7912
45616,7081
45617,7621
45618,13899
45619,10650
45620,8974
45621,9528
45622,8850
45623,7040
45624,7656
45625,8268
45626,11383
45627,16067
45628,6915
45629,6355
45630,4795
45631,5761
45632,11594
45633,17031
45634,7625
45635,6164
45636,6191
45637,8171
45638,7256
45639,11865
45640,10922
45641,7528
45642,5919
45643,9615
45644,8108
45645,13290
45646,11892
45647,6576
45648,10108
45649,4756
45650,9131
45651,10636
45652,8842
45653,10964
45654,8270
45655,9614
45656,5454
45657,8327
45658,8261
45659,10395
45660,9686
45661,10465
45662,8076
45663,5347
45664,11648
45665,5537
45666,11768
45667,7486
45668,5756
45669,7541
45670,9429
45671,7392
45672,8699
45673,11656
45674,6580
45675,11403
45676,5340
45677,5686
45678,9650
45679,9825
45680,12107
45681,6871
45682,8640
45683,6688
45684,7462
45685,8787
45686,7455
45687,8292
45688,6623
45689,11891
45690,8316
45691,10127
45692,13352
45693,10414
45694,5697
45695,5349
45696,7918
45697,10763
45698,6138
45699,11265
45700,6000
45701,12371
45702,8016
45703,7480
45704,6734
45705,7365
45706,6310
45707,7882
45708,7205
45709,6250
45710,6376
45711,5507
45712,10170
45713,8184
45714,24157
45715,8757
45716,5221
45717,5985
45718,9232
45719,13185
45720,5962
45721,6010
45722,13811
45723,7692
45724,9393
45725,6668
45726,9295
45727,9823
45728,7611
45729,6907
45730,9400
45731,11070
45732,8311
45733,9702
45734,9451
45735,9922
45736,8754
45737,6461
45738,7346
45739,13618
45740,13956
45741,9155
45742,13708
45743,6323
45744,10625
45745,5002
45746,7393
45747,6260
45748,10759
45749,9605
45750,15262
45751,12158
45752,8807
45753,8087
45754,7896
45755,5466
45756,7661
45757,13498
45758,8075
45759,7163
45760,7226
45761,7938
45762,10177
45763,3923
45764,10531
45765,6036
45766,10229
45767,9164
45768,7259
45769,10499
45770,6337
45771,10279
45772,10040
45773,9641
45774,7738
45775,10845
45776,6577
45777,7856
45778,10797
45779,15154
45780,7035
45781,8190
45782,11266
45783,10664
45784,11879
45785,8774
45786,12058
45787,6605
45788,5440
45789,7930
45790,8341
45791,12329
45792,10348
45793,5522
45794,7776
45795,10057
45796,9437
45797,11882
45798,4592
45799,15002
45800,8626
45801,6367
45802,6741
45803,8014
45804,8014
45805,11382
45806,6114
45807,8671
45808,8356
45809,9677
45810,8695
45811,6383
45812,8528
45813,6834
45814,7850
45815,10250
45816,10577
45817,11141
45818,5302
45819,11302
45820,7253
45821,10128
45822,9227
45823,15879
45824,9084
45825,6320
45826,8882
45827,7009
45828,7959
45829,6778
45830,10520
45831,8674
45832,4728
45833,11446
45834,6924
45835,9098
45836,5496
45837,11811
45838,10120
45839,7793
45840,15671
45841,8103
45842,8087
45843,10370
45844,11722
45845,6448
45846,5419
45847,9983
45848,8292
45849,5172
45850,8155
45851,8275
45852,11759
45853,9556
45854,9327
45855,9513
45856,8175
45857,5538
45858,8367
45859,9827
45860,10689
45861,10963
45862,10435
45863,10168
45864,7793
45865,11334
45866,9613
45867,7287
45868,8744
45869,11515
45870,9596
45871,9122
45872,11494
45873,10768
45874,10409
45875,7651
45876,9087
45877,10175
45878,7862
45879,9544
45880,5231
45881,7391
45882,12081
45883,10085
45884,8011
45885,5457
45886,10488
45887,8684
45888,10091
45889,8169
45890,7409
45891,6616
45892,5174
45893,12959
45894,9640
45895,9055
45896,9024
45897,7182
45898,6839
45899,8590
45900,9379
45901,5407
45902,8509
45903,7668
45904,10598
45905,10719
45906,8545
45907,17120
45908,6140
45909,6827
45910,13610
45911,6800
45912,9233
45913,4470
45914,11131
45915,10675
45916,7439
45917,7453
45918,8398
45919,7486
45920,8568
45921,10516
45922,12955
45923,4274
45924,9089
45925,4727
45926,16037
45927,5936
45928,10624
45929,12115
45930,10585
45931,9859
45932,6622
45933,6807
45934,3776
45935,6032
45936,8530
45937,6553
45938,9594
45939,9738
45940,6976
45941,7786
45942,8087
45943,10716
45944,13012
45945,10917
45946,7844
45947,5596
45948,11526
45949,15145
45950,7243
45951,10029
45952,5230
45953,10728
45954,6950
45955,5709
45956,8400
45957,5350
45958,9890
45959,7623
45960,11208
45961,9506
45962,11721
45963,9826
45964,7274
45965,11736
45966,21619
45967,12796
45968,7532
45969,4344
45970,8452
45971,10660
45972,6500
45973,7805
45974,14766
45975,7101
45976,15034
45977,23732
45978,5936
45979,8268
45980,6766
45981,5115
45982,10657
45983,7239
45984,12140
45985,11834
45986,10338
45987,8577
45988,10095
45989,5539
45990,9318
45991,4778
45992,9460
45993,9175
45994,13356
45995,8621
45996,7554
45997,5072
45998,9749
45999,7461
46000,6370
46001,5409
46002,10585
46003,8084
46004,7429
46005,8884
46006,10013
46007,0
46008,7931
46009,7685
46010,7689
46011,8819
46012,9631
46013,11405
46014,10915
46015,10658
46016,6874
46017,5562
46018,8305
46019,9482
46020,8670
46021,5803
46022,4012
46023,10750
46024,8722
46025,13601
46026,8311
46027,7056
46028,9429
46029,6704
46030,6186
46031,12047
46032,8071
46033,8879
46034,11408
46035,17904
46036,8416
46037,6063
46038,9654
46039,6385
46040,7611
46041,7714
46042,10259
46043,5630
46044,10318
46045,5978
46046,6741
46047,4287
46048,12782
46049,7212
46050,18805
46051,16951
46052,6392
46053,8895
46054,7656
46055,8359
46056,7612
46057,14705
46058,10485
46059,12724
46060,5674
46061,9246
46062,7645
46063,11995
46064,9352
46065,9151
46066,8303
46067,8847
46068,8767
46069,10889
46070,12039
46071,8706
46072,9971
46073,12664
46074,8007
46075,9334
46076,9533
46077,11735
46078,9244
46079,6834
46080,8501
46081,8573
46082,7419
46083,15369
46084,8441
46085,9662
46086,9077
46087,11919
46088,6046
46089,8866
46090,12502
46091,10291
46092,13284
46093,8287
46094,5699
46095,18132
46096,10791
46097,10244
46098,20844
46099,11631
46100,10293
46101,9543
46102,12787
46103,12635
46104,12353
46105,15419
46106,8292
46107,8787
46108,7912
46109,11772
46110,5144
46111,13044
46112,8289
46113,8062
46114,8136
46115,11183
46116,9480
46117,7450
46118,9099
46119,7160
46120,5740
46121,9322
46122,5798
46123,7218
46124,7390
46125,9351
46126,12841
46127,11572
46128,9677
46129,8488
46130,7408
46131,12721
46132,9255
46133,8428
46134,7541
46135,6361
46136,14713
46137,4970
46138,13693
46139,10260
46140,4302
46141,6162
46142,10483
46143,8634
46144,7737
46145,10874
46146,12496
46147,12954
46148,7730
46149,13642
46150,3294
46151,7097
46152,9158
46153,7604
46154,9414
46155,8840
46156,9665
46157,7317
46158,6346
46159,15520
46160,11499
46161,6983
46162,5738
46163,10900
46164,12937
46165,11542
46166,7370
46167,7330
46168,13688
46169,7974
46170,10270
46171,7440
46172,7333
46173,9300
46174,12359
46175,5045
46176,5994
46177,5561
46178,7020
46179,12304
46180,10810
46181,11007
46182,15725
46183,7482
46184,16307
46185,15698
46186,10065
46187,7114
46188,4659
46189,10332
46190,7838
46191,7484
46192,8268
46193,9521
46194,14130
46195,6191
46196,7769
46197,10142
46198,6638
46199,10826
46200,7126
46201,5878
46202,9446
46203,4302
46204,9201
46205,10572
46206,10165
46207,10936
46208,11841
46209,10403
46210,8038
46211,10717
46212,11758
46213,8373
46214,8544
46215,8191
46216,6761
46217,13797
46218,9601
46219,9565
46220,7853
46221,9741
46222,10963
46223,9994
46224,8034
46225,11099
46226,6393
46227,9282
46228,19645
46229,9051
46230,12031
46231,8113
46232,8515
46233,8702
46234,8114
46235,5896
46236,7380
46237,11984
46238,15817
46239,10198
46240,10824
46241,12474
46242,14037
46243,14417
46244,10467
46245,9096
46246,5651
46247,11727
46248,14930
46249,11490
46250,9477
46251,12503
46252,8863
46253,4369
46254,13966
46255,9026
46256,9811
46257,8494
46258,3976
46259,15583
46260,15256
46261,15536
46262,8383
46263,6642
46264,5921
46265,7929
46266,10151
46267,10336
46268,9829
46269,5912
46270,7109
46271,8896
46272,5324
46273,4169
46274,9254
46275,17850
46276,9197
46277,21014
46278,5861
46279,7344
46280,8995
46281,7399
46282,7490
46283,6667
46284,4925
46285,5810
46286,11618
46287,8802
46288,5669
46289,12229
46290,8124
46291,10127
46292,5780
46293,13566
46294,10332
46295,12424
46296,6526
46297,8756
46298,5466
46299,6469
46300,7241
46301,17458
46302,13281
46303,8588
46304,7856
46305,6657
46306,9124
46307,5462
46308,10976
46309,4986
46310,19307
46311,5790
46312,6914
46313,7302
46314,11878
46315,10810
46316,6541
46317,8236
46318,9892
46319,9579
46320,10562
46321,6911
46322,5466
46323,11797
46324,5762
46325,5091
46326,6972
46327,9501
46328,7407
46329,7497
46330,10709
46331,11625
46332,8629
46333,9061
46334,6453
46335,11198
46336,7885
46337,6020
46338,10216
46339,8863
46340,7830
46341,12176
46342,8815
46343,10688
46344,9065
46345,7491
46346,7255
46347,9258
46348,9893
46349,8386
46350,8354
46351,9646
46352,12256
46353,8595
46354,5738
46355,15588
46356,7657
46357,4259
46358,11546
46359,12499
46360,15423
46361,6692
46362,8678
46363,8161
46364,5177
46365,8529
46366,8885
46367,9421
46368,7864
46369,8014
46370,12668
46371,4405
46372,10138
46373,7379
46374,6095
46375,7151
46376,8447
46377,11647
46378,7652
46379,7289
46380,10140
46381,10963
46382,10373
46383,11636
46384,6797
46385,10028
46386,9105
46387,10424
46388,11390
46389,12310
46390,4739
46391,10505
46392,10013
46393,10551
46394,12060
46395,6595
46396,5291
46397,13542
46398,10436
46399,11511
46400,7389
46401,7704
46402,11431
46403,5114
46404,8638
46405,7404
46406,10306
46407,8237
46408,8868
46409,11481
46410,8124
46411,12136
46412,15449
46413,18640
46414,9036
46415,5783
46416,8351
46417,6513
46418,4049
46419,12885
46420,10808
46421,8433
46422,12588
46423,7193
46424,11421
46425,6755
46426,8147
46427,8766
46428,12109
46429,7399
46430,8480
46431,7797
46432,7586
46433,9147
46434,7087
46435,10488
46436,10255
46437,11489
46438,10637
46439,8483
46440,7336
46441,13749
46442,6057
46443,7734
46444,14225
46445,9094
46446,11303
46447,11521
46448,17498
46449,7781
46450,6996
46451,6896
46452,9394
46453,10720
46454,14325
46455,9647
46456,10649
46457,10604
46458,5213
46459,9981
46460,9067
46461,9506
46462,10791
46463,7524
46464,6195
46465,6995
46466,4404
46467,7128
46468,11563
46469,9742
46470,14096
46471,22677
46472,9112
46473,6215
46474,10571
46475,8713
46476,12310
46477,5997
46478,7783
46479,5633
46480,11519
46481,8951
46482,8113
46483,17506
46484,15003
46485,6114
46486,9182
46487,5302
46488,6751
46489,6538
46490,11615
46491,6443
46492,6629
46493,7531
46494,8903
46495,7884
46496,5534
46497,7233
46498,9376
46499,10034
46500,9944
46501,4575
46502,14452
46503,20091
46504,4587
46505,9566
46506,11950
46507,9890
46508,6844
46509,3925
46510,6466
46511,9288
46512,6670
46513,9511
46514,11788
46515,5435
46516,8143
46517,9934
46518,8443
46519,6751
46520,8222
46521,10342
46522,12298
46523,9504
46524,12300
46525,7595
46526,5006
46527,7897
46528,7549
46529,10677
46530,8816
46531,6305
46532,22509
46533,9330
46534,7308
46535,15111
46536,10455
46537,10392
46538,7689
46539,9019
46540,6638
46541,11516
46542,15828
46543,7199
46544,7138
46545,8130
46546,17030
46547,9118
46548,6913
46549,8029
46550,7933
46551,7734
46552,5554
46553,11121
46554,5198
46555,8507
46556,3874
46557,23669
46558,11667
46559,5934
46560,6546
46561,13076
46562,9138
46563,10265
46564,11104
46565,8397
46566,7337
46567,5424
46568,12121
46569,6968
46570,9449
46571,9145
46572,10491
46573,6006
46574,9679
46575,8749
46576,5076
46577,10808
46578,12571
46579,6238
46580,9571
46581,10241
46582,7002
46583,11610
46584,7159
46585,8678
46586,9296
46587,10160
46588,4102
46589,6377
46590,7420
46591,0
46592,8145
46593,11436
46594,5698
46595,10620
46596,6310
46597,8209
46598,5334
46599,8246
46600,7197
46601,8423
46602,8976
46603,12087
46604,5967
46605,8778
46606,10571
46607,10362
46608,8107
46609,11849
46610,12242
46611,8682
46612,5041
46613,8747
46614,6781
46615,7921
46616,8591
46617,5640
46618,14563
46619,7415
46620,8034
46621,13711
46622,8916
46623,5812
46624,15658
46625,8058
46626,12645
46627,6768
46628,11400
46629,12037
46630,9540
46631,6654
46632,9140
46633,6881
46634,9012
46635,8402
46636,10059
46637,9487
46638,5906
46639,5602
46640,9019
46641,10074
46642,8546
46643,11735
46644,7994
46645,9164
46646,6586
46647,10728
46648,9302
46649,9284
46650,8529
46651,7868
46652,10006
46653,11217
46654,7969
46655,10106
46656,6819
46657,8379
46658,9260
46659,8802
46660,5284
46661,5363
46662,10019
46663,10109
46664,7094
46665,7916
46666,11650
46667,7797
46668,7456
46669,8584
46670,7272
46671,4500
46672,10319
46673,4922
46674,9422
46675,9168
46676,9111
46677,9698
46678,12998
46679,13339
46680,10306
46681,6201
46682,10374
46683,8802
46684,4931
46685,3440
46686,10711
46687,4903
46688,11357
46689,16021
46690,10058
46691,9167
46692,6413
46693,10522
46694,9136
46695,7877
46696,9707
46697,10420
46698,10880
46699,8464
46700,11560
46701,7294
46702,10428
46703,5467
46704,7417
46705,8830
46706,7318
46707,6946
46708,9775
46709,6685
46710,11954
46711,8563
46712,6987
46713,6299
46714,12648
46715,10055
46716,7368
46717,9021
46718,9373
46719,8671
46720,7824
46721,9302
46722,10765
46723,7319
46724,6142
46725,13219
46726,9876
46727,8166
46728,4913
46729,16572
46730,8766
46731,7856
46732,7744
46733,14589
46734,12287
46735,10316
46736,10357
46737,9355
46738,7245
46739,7915
46740,9022
46741,13305
46742,17711
46743,7911
46744,6213
46745,4674
46746,6313
46747,12213
46748,18281
46749,7467
46750,5878
46751,6666
46752,8329
46753,8264
46754,13165
46755,11607
46756,8323
46757,6335
46758,10441
46759,8637
46760,12877
46761,11917
46762,7476
46763,9989
46764,5046
46765,10558
46766,11101
46767,9543
46768,11368
46769,8407
46770,10081
46771,6101
46772,8605
46773,9803
46774,10510
46775,10843
46776,10970
46777,8771
46778,5368
46779,13098
46780,6025
46781,12567
46782,8287
46783,5992
46784,7453
46785,9978
46786,7537
46787,9357
46788,12288
46789,6809
46790,12297
46791,5879
46792,5817
46793,9888
46794,10460
46795,12955
46796,6845
46797,7651
46798,6985
46799,8006
46800,9244
46801,7416
46802,9064
46803,6893
46804,13455
46805,8199
46806,10425
46807,14795
46808,11118
46809,6412
46810,5297
46811,9469
46812,11255
46813,6548
46814,11512
46815,6638
46816,12488
46817,8653
46818,8103
46819,7325
46820,7572
46821,6138
46822,8785
46823,7325
46824,6559
46825,6383
46826,5806
46827,10774
46828,7955
46829,26108
46830,9862
