Id,OrderVolume
1,4162
2,2707
3,4345
4,9437
5,2077
6,3017
7,6083
8,3504
9,6602
10,4920
11,5440
12,5833
13,4386
14,3547
15,5723
16,5246
17,2579
18,4646
19,4551
20,5753
21,4879
22,3385
23,4503
24,7687
25,8366
26,5652
27,7165
28,2145
29,7716
30,3598
31,5212
32,2363
33,8229
34,7458
35,8910
36,9604
37,6856
38,6311
39,3046
40,4496
41,6077
42,8031
43,4226
44,3425
45,5596
46,4718
47,5546
48,2626
49,7541
50,4357
51,7672
52,5908
53,3540
54,8572
55,3045
56,9130
57,6112
58,6565
59,2542
60,5368
61,4347
62,3809
63,7204
64,10793
65,3137
66,6076
67,5674
68,8255
69,7137
70,5889
71,6829
72,2430
73,2561
74,4522
75,6007
76,8294
77,7550
78,2402
79,4197
80,8410
81,8717
82,5449
83,3283
84,11358
85,5143
86,3613
87,4105
88,2307
89,4503
90,7405
91,3490
92,5720
93,3004
94,5699
95,3871
96,1840
97,4393
98,5181
99,5682
100,8697
101,6829
102,5829
103,3880
104,11043
105,3425
106,5923
107,7677
108,12913
109,5205
110,3074
111,6582
112,5757
113,6164
114,4959
115,10119
116,5722
117,2279
118,7992
119,4581
120,5975
121,2366
122,7670
123,3850
124,2883
125,8279
126,4415
127,5111
128,7890
129,7145
130,4297
131,4892
132,7433
133,3466
134,3145
135,6581
136,4708
137,7012
138,3167
139,4465
140,6406
141,4332
142,3242
143,5157
144,5750
145,5939
146,7261
147,7935
148,7116
149,4043
150,7664
151,5586
152,3224
153,3764
154,7984
155,7011
156,2954
157,7104
158,9785
159,6717
160,4611
161,7102
162,7391
163,5670
164,4386
165,2785
166,5129
167,5240
168,4450
169,5207
170,3137
171,5822
172,6922
173,6026
174,6655
175,6117
176,2962
177,1611
178,6689
179,6208
180,7147
181,3328
182,5547
183,0
184,5541
185,5382
186,3645
187,4286
188,4813
189,7105
190,6609
191,7266
192,14950
193,4094
194,4766
195,10530
196,3641
197,5528
198,844
199,7901
200,6725
201,5437
202,6665
203,5561
204,4620
205,5201
206,4886
207,7812
208,3079
209,5684
210,2748
211,8605
212,3311
213,7597
214,10161
215,6389
216,5992
217,4526
218,2073
219,1729
220,3588
221,5484
222,3142
223,5337
224,7187
225,3822
226,5450
227,4646
228,8299
229,7774
230,7424
231,5096
232,3239
233,8489
234,9822
235,3556
236,4550
237,3749
238,5435
239,5513
240,4137
241,6407
242,3111
243,4829
244,4568
245,8644
246,5579
247,7445
248,6503
249,4757
250,8466
251,17661
252,8724
253,3729
254,3678
255,6563
256,7332
257,3023
258,4725
259,9267
260,6056
261,6700
262,17643
263,5184
264,5403
265,2896
266,2264
267,10243
268,3252
269,6318
270,9094
271,2883
272,3484
273,6149
274,3658
275,6327
276,1987
277,4895
278,5011
279,10496
280,5717
281,5776
282,3130
283,7734
284,5670
285,6529
286,1642
287,8848
288,4994
289,6011
290,4246
291,4457
292,3598
293,4600
294,3578
295,5557
296,4592
297,4988
298,8148
299,8266
300,7531
301,4024
302,4413
303,4460
304,5014
305,6829
306,2851
307,1243
308,6586
309,5277
310,7691
311,5499
312,4266
313,4567
314,3336
315,2627
316,8787
317,6098
318,4776
319,5430
320,11699
321,6068
322,1907
323,7422
324,2058
325,4072
326,5887
327,5888
328,2515
329,4388
330,4223
331,3789
332,1616
333,8106
334,4518
335,9075
336,10458
337,5793
338,5599
339,4259
340,4838
341,4840
342,11381
343,6119
344,6794
345,2994
346,5791
347,5629
348,8158
349,8529
350,6825
351,5571
352,6460
353,5060
354,8538
355,5962
356,6555
357,6107
358,9424
359,7022
360,4830
361,5666
362,8138
363,5982
364,3266
365,5440
366,3144
367,4899
368,8704
369,7025
370,7387
371,6060
372,8104
373,4554
374,4386
375,4352
376,5983
377,6080
378,6434
379,3214
380,12955
381,4936
382,5514
383,16015
384,5393
385,7524
386,5888
387,6774
388,8211
389,7576
390,9937
391,2901
392,4487
393,5602
394,8556
395,2703
396,5454
397,4308
398,5187
399,5229
400,5586
401,3359
402,5518
403,5081
404,3060
405,3022
406,7318
407,4070
408,4879
409,5273
410,5558
411,9494
412,11744
413,5049
414,7261
415,5461
416,10251
417,4735
418,2874
419,3973
420,5148
421,12060
422,3911
423,8967
424,7491
425,2197
426,3881
427,5851
428,6125
429,4820
430,8679
431,9006
432,7508
433,4075
434,11917
435,2111
436,3798
437,8166
438,4001
439,5506
440,3782
441,7322
442,4662
443,3908
444,13308
445,10802
446,2530
447,4966
448,5579
449,7392
450,9221
451,5143
452,2672
453,8353
454,2080
455,9428
456,4504
457,5443
458,9546
459,5487
460,1540
461,4502
462,2484
463,3763
464,11202
465,7748
466,4445
467,12435
468,7127
469,10670
470,11927
471,7022
472,4357
473,2226
474,4907
475,6397
476,2692
477,5837
478,4427
479,7351
480,2514
481,5224
482,8367
483,1727
484,9061
485,5695
486,2758
487,7012
488,3238
489,3011
490,8888
491,7084
492,6839
493,7905
494,5491
495,4762
496,6682
497,6923
498,7756
499,5453
500,6729
501,3703
502,8639
503,5926
504,6062
505,4076
506,4827
507,8155
508,5960
509,4007
510,5047
511,5324
512,4998
513,16146
514,4811
515,9932
516,4634
517,3580
518,6108
519,5380
520,3006
521,4726
522,8345
523,13761
524,7132
525,9633
526,6846
527,10599
528,8129
529,7166
530,5673
531,4328
532,11084
533,7936
534,6850
535,5257
536,5395
537,4980
538,2459
539,12107
540,6284
541,5860
542,4707
543,1452
544,8769
545,7833
546,11888
547,5750
548,4423
549,3870
550,6788
551,4936
552,4077
553,10077
554,4321
555,4276
556,5089
557,3574
558,2533
559,2322
560,13985
561,4794
562,13593
563,4204
564,5793
565,5187
566,4071
567,3277
568,5983
569,3280
570,2819
571,9859
572,5971
573,2458
574,8550
575,2451
576,5586
577,3547
578,9388
579,7491
580,8341
581,2505
582,5160
583,2700
584,4960
585,3578
586,16001
587,11816
588,4920
589,2982
590,5824
591,4294
592,2546
593,7332
594,2378
595,13972
596,4149
597,4999
598,5543
599,11593
600,6646
601,4931
602,5046
603,5870
604,6461
605,6773
606,4065
607,1229
608,4594
609,2956
610,2967
611,5726
612,6656
613,5669
614,5002
615,8137
616,5540
617,3315
618,7703
619,2301
620,9033
621,4824
622,2728
623,4499
624,4276
625,4739
626,6919
627,7030
628,3879
629,5713
630,2544
631,4664
632,8079
633,8611
634,3583
635,2167
636,4623
637,6951
638,6151
639,2560
640,11280
641,3749
642,3466
643,5739
644,10303
645,9931
646,4289
647,4352
648,6023
649,1556
650,6619
651,7149
652,4585
653,4360
654,2816
655,8398
656,2905
657,4512
658,3827
659,3557
660,2755
661,7427
662,6973
663,5387
664,3679
665,4902
666,7461
667,7624
668,7399
669,4780
670,5319
671,5595
672,7864
673,7097
674,5332
675,1957
676,6440
677,6072
678,6071
679,7577
680,5623
681,2782
682,7505
683,5300
684,9687
685,2716
686,2716
687,8957
688,1546
689,5170
690,4505
691,7719
692,3847
693,4395
694,8622
695,2672
696,5978
697,9594
698,14822
699,6676
700,2366
701,5261
702,3605
703,2356
704,7610
705,5030
706,6407
707,5072
708,5550
709,5712
710,4674
711,5010
712,4558
713,8653
714,5164
715,2379
716,6027
717,3980
718,5734
719,5731
720,5890
721,7753
722,8389
723,7948
724,5910
725,4862
726,5942
727,2937
728,5606
729,8703
730,6836
731,6636
732,6735
733,14014
734,3264
735,3505
736,4614
737,3980
738,8591
739,10186
740,7720
741,7410
742,7610
743,2012
744,7729
745,3111
746,6450
747,5938
748,5264
749,2076
750,4962
751,3552
752,3137
753,7223
754,4457
755,8650
756,17255
757,5578
758,3151
759,4626
760,8144
761,6300
762,4277
763,5397
764,2176
765,6122
766,6854
767,3280
768,10566
769,11232
770,3045
771,5461
772,3720
773,3887
774,3970
775,8576
776,3733
777,4555
778,4352
779,2763
780,2714
781,2542
782,5373
783,5761
784,4713
785,7545
786,1144
787,7499
788,15975
789,3194
790,7976
791,7184
792,4466
793,4223
794,2584
795,4229
796,4515
797,5083
798,3022
799,9459
800,4400
801,4004
802,6042
803,5101
804,5627
805,4598
806,5935
807,10388
808,4414
809,7066
810,5885
811,3686
812,3200
813,4456
814,5592
815,5856
816,3638
817,13462
818,5196
819,4712
820,11624
821,4579
822,6724
823,4371
824,5097
825,5058
826,6874
827,16892
828,3007
829,5346
830,3355
831,9644
832,6620
833,4793
834,3660
835,4110
836,2630
837,2052
838,6741
839,2133
840,3833
841,1330
842,21008
843,8760
844,2171
845,5308
846,5847
847,6441
848,5157
849,8394
850,5470
851,5877
852,2731
853,7715
854,6054
855,4021
856,6145
857,9033
858,4335
859,8299
860,6332
861,3213
862,5513
863,6944
864,2652
865,8872
866,6587
867,4821
868,10205
869,3714
870,4887
871,8519
872,6531
873,2344
874,4861
875,3648
876,3149
877,4860
878,5715
879,3328
880,5938
881,2297
882,5759
883,3000
884,5388
885,5695
886,4646
887,5652
888,8525
889,2660
890,5424
891,6822
892,3132
893,5553
894,5980
895,8958
896,6500
897,3690
898,2155
899,2146
900,5604
901,4685
902,3805
903,11987
904,5453
905,5599
906,8891
907,6613
908,2265
909,9967
910,4259
911,7512
912,6655
913,7330
914,5905
915,8099
916,5168
917,4204
918,2910
919,3260
920,6010
921,4342
922,7949
923,4867
924,2769
925,7453
926,7070
927,4680
928,6884
929,4512
930,6912
931,2918
932,4611
933,3795
934,4672
935,3432
936,5881
937,7481
938,7768
939,6217
940,5399
941,4035
942,6151
943,6863
944,7270
945,2817
946,2883
947,8414
948,6343
949,2960
950,3868
951,7556
952,6534
953,2583
954,5912
955,4813
956,1882
957,5109
958,2739
959,4140
960,6315
961,5832
962,5107
963,4163
964,8712
965,6421
966,3650
967,5302
968,5390
969,2970
970,1215
971,7114
972,1523
973,5729
974,9285
975,5551
976,4443
977,2991
978,5299
979,4982
980,4877
981,5774
982,5989
983,7631
984,6001
985,8259
986,3792
987,3775
988,4352
989,3488
990,5090
991,6416
992,3543
993,5172
994,2648
995,7609
996,4217
997,4223
998,3827
999,5307
1000,7178
1001,3236
1002,6475
1003,4439
1004,5244
1005,5416
1006,5807
1007,7618
1008,4585
1009,3690
1010,9665
1011,6549
1012,6569
1013,1962
1014,4635
1015,4963
1016,3968
1017,4599
1018,10209
1019,7941
1020,9313
1021,9642
1022,6224
1023,5205
1024,5987
1025,5954
1026,7453
1027,10372
1028,3393
1029,1979
1030,1421
1031,4057
1032,4880
1033,10140
1034,2438
1035,1975
1036,5163
1037,5561
1038,5828
1039,8287
1040,6565
1041,6034
1042,2687
1043,7592
1044,5810
1045,6413
1046,6982
1047,3366
1048,6458
1049,2962
1050,6655
1051,5542
1052,5110
1053,6173
1054,3882
1055,6346
1056,4896
1057,6924
1058,4698
1059,8199
1060,5313
1061,8568
1062,5096
1063,3565
1064,8180
1065,2764
1066,10389
1067,5841
1068,4496
1069,3367
1070,7165
1071,4507
1072,4378
1073,6863
1074,4250
1075,12419
1076,3070
1077,2997
1078,5392
1079,5846
1080,10567
1081,2709
1082,4470
1083,5906
1084,5748
1085,4600
1086,3540
1087,6270
1088,3139
1089,10608
1090,2747
1091,7002
1092,12757
1093,7000
1094,6010
1095,3195
1096,5012
1097,7667
1098,2695
1099,7044
1100,2738
1101,8113
1102,6563
1103,5518
1104,5659
1105,4715
1106,3034
1107,5069
1108,2301
1109,3592
1110,3218
1111,2761
1112,7395
1113,5459
1114,20275
1115,7315
1116,0
1117,0
1118,0
1119,0
1120,0
1121,0
1122,0
1123,0
1124,0
1125,0
1126,0
1127,0
1128,0
1129,0
1130,0
1131,0
1132,0
1133,0
1134,0
1135,0
1136,0
1137,0
1138,0
1139,0
1140,0
1141,0
1142,0
1143,0
1144,0
1145,0
1146,0
1147,0
1148,0
1149,0
1150,0
1151,0
1152,0
1153,0
1154,0
1155,0
1156,0
1157,0
1158,0
1159,0
1160,0
1161,0
1162,0
1163,0
1164,0
1165,0
1166,0
1167,0
1168,0
1169,0
1170,0
1171,0
1172,0
1173,0
1174,0
1175,0
1176,0
1177,0
1178,0
1179,0
1180,0
1181,0
1182,0
1183,0
1184,0
1185,0
1186,0
1187,0
1188,0
1189,0
1190,0
1191,0
1192,0
1193,0
1194,0
1195,0
1196,0
1197,0
1198,0
1199,0
1200,11768
1201,0
1202,0
1203,0
1204,0
1205,0
1206,0
1207,0
1208,0
1209,0
1210,0
1211,0
1212,0
1213,0
1214,0
1215,0
1216,0
1217,0
1218,0
1219,0
1220,0
1221,0
1222,0
1223,0
1224,0
1225,0
1226,0
1227,0
1228,0
1229,0
1230,0
1231,0
1232,0
1233,0
1234,0
1235,0
1236,0
1237,2986
1238,0
1239,0
1240,0
1241,0
1242,0
1243,0
1244,0
1245,0
1246,0
1247,0
1248,0
1249,0
1250,0
1251,0
1252,0
1253,0
1254,0
1255,0
1256,0
1257,0
1258,0
1259,0
1260,0
1261,0
1262,0
1263,0
1264,0
1265,0
1266,0
1267,0
1268,0
1269,0
1270,0
1271,0
1272,0
1273,0
1274,0
1275,0
1276,0
1277,0
1278,0
1279,0
1280,0
1281,0
1282,0
1283,0
1284,0
1285,0
1286,0
1287,0
1288,0
1289,0
1290,0
1291,0
1292,0
1293,0
1294,0
1295,0
1296,0
1297,0
1298,0
1299,0
1300,0
1301,0
1302,0
1303,0
1304,0
1305,0
1306,0
1307,0
1308,0
1309,0
1310,0
1311,0
1312,0
1313,0
1314,0
1315,0
1316,0
1317,0
1318,0
1319,0
1320,0
1321,0
1322,0
1323,0
1324,2089
1325,0
1326,0
1327,0
1328,0
1329,0
1330,0
1331,0
1332,0
1333,0
1334,0
1335,0
1336,0
1337,0
1338,0
1339,0
1340,0
1341,0
1342,0
1343,0
1344,0
1345,0
1346,0
1347,0
1348,0
1349,0
1350,0
1351,0
1352,0
1353,0
1354,0
1355,0
1356,0
1357,0
1358,0
1359,0
1360,0
1361,0
1362,0
1363,0
1364,0
1365,0
1366,0
1367,0
1368,0
1369,0
1370,0
1371,0
1372,0
1373,0
1374,16633
1375,0
1376,0
1377,28193
1378,0
1379,0
1380,0
1381,0
1382,0
1383,0
1384,0
1385,0
1386,0
1387,0
1388,0
1389,6795
1390,0
1391,0
1392,0
1393,0
1394,0
1395,0
1396,0
1397,0
1398,0
1399,0
1400,0
1401,0
1402,0
1403,0
1404,0
1405,0
1406,0
1407,0
1408,0
1409,0
1410,0
1411,0
1412,0
1413,0
1414,3484
1415,0
1416,0
1417,0
1418,0
1419,0
1420,0
1421,0
1422,0
1423,0
1424,0
1425,2363
1426,0
1427,0
1428,0
1429,0
1430,0
1431,0
1432,0
1433,0
1434,0
1435,0
1436,0
1437,0
1438,0
1439,0
1440,0
1441,0
1442,0
1443,0
1444,0
1445,0
1446,0
1447,0
1448,0
1449,0
1450,7985
1451,0
1452,0
1453,0
1454,0
1455,0
1456,0
1457,0
1458,0
1459,0
1460,0
1461,0
1462,0
1463,0
1464,0
1465,0
1466,0
1467,0
1468,8534
1469,0
1470,0
1471,0
1472,0
1473,0
1474,0
1475,0
1476,0
1477,0
1478,0
1479,0
1480,0
1481,0
1482,0
1483,0
1484,0
1485,0
1486,0
1487,0
1488,0
1489,0
1490,0
1491,0
1492,0
1493,0
1494,0
1495,0
1496,0
1497,0
1498,0
1499,0
1500,0
1501,0
1502,0
1503,0
1504,0
1505,0
1506,0
1507,0
1508,0
1509,0
1510,0
1511,0
1512,0
1513,0
1514,0
1515,0
1516,0
1517,0
1518,0
1519,0
1520,0
1521,0
1522,0
1523,0
1524,0
1525,0
1526,0
1527,0
1528,0
1529,0
1530,0
1531,0
1532,0
1533,0
1534,0
1535,0
1536,0
1537,0
1538,14442
1539,0
1540,0
1541,0
1542,0
1543,0
1544,0
1545,0
1546,0
1547,0
1548,1639
1549,0
1550,0
1551,0
1552,0
1553,0
1554,0
1555,0
1556,0
1557,0
1558,0
1559,0
1560,0
1561,0
1562,0
1563,0
1564,0
1565,0
1566,0
1567,0
1568,3746
1569,0
1570,0
1571,0
1572,0
1573,0
1574,0
1575,0
1576,0
1577,0
1578,0
1579,0
1580,0
1581,0
1582,0
1583,0
1584,0
1585,0
1586,0
1587,0
1588,0
1589,0
1590,0
1591,0
1592,0
1593,0
1594,0
1595,0
1596,0
1597,0
1598,0
1599,0
1600,0
1601,0
1602,0
1603,0
1604,0
1605,0
1606,0
1607,0
1608,0
1609,7532
1610,0
1611,0
1612,0
1613,0
1614,0
1615,0
1616,0
1617,0
1618,0
1619,0
1620,0
1621,0
1622,0
1623,0
1624,0
1625,0
1626,0
1627,7337
1628,0
1629,0
1630,0
1631,0
1632,0
1633,0
1634,0
1635,0
1636,0
1637,0
1638,0
1639,1926
1640,0
1641,0
1642,0
1643,0
1644,0
1645,4504
1646,0
1647,0
1648,0
1649,0
1650,0
1651,0
1652,0
1653,0
1654,0
1655,0
1656,0
1657,0
1658,0
1659,0
1660,0
1661,0
1662,0
1663,0
1664,0
1665,0
1666,0
1667,0
1668,0
1669,0
1670,0
1671,0
1672,0
1673,0
1674,0
1675,0
1676,0
1677,18782
1678,0
1679,0
1680,0
1681,0
1682,0
1683,0
1684,0
1685,0
1686,0
1687,0
1688,0
1689,0
1690,0
1691,0
1692,0
1693,5265
1694,0
1695,0
1696,0
1697,0
1698,0
1699,0
1700,0
1701,0
1702,0
1703,0
1704,0
1705,0
1706,0
1707,0
1708,0
1709,0
1710,0
1711,0
1712,0
1713,0
1714,0
1715,0
1716,0
1717,0
1718,0
1719,0
1720,0
1721,0
1722,0
1723,0
1724,0
1725,0
1726,0
1727,0
1728,0
1729,0
1730,0
1731,0
1732,0
1733,0
1734,0
1735,0
1736,0
1737,0
1738,0
1739,0
1740,0
1741,0
1742,0
1743,0
1744,0
1745,0
1746,0
1747,0
1748,0
1749,0
1750,0
1751,0
1752,0
1753,0
1754,0
1755,0
1756,0
1757,0
1758,0
1759,0
1760,0
1761,0
1762,0
1763,0
1764,0
1765,0
1766,0
1767,0
1768,0
1769,0
1770,0
1771,0
1772,0
1773,0
1774,0
1775,0
1776,0
1777,0
1778,0
1779,0
1780,0
1781,0
1782,0
1783,0
1784,0
1785,0
1786,0
1787,0
1788,0
1789,0
1790,0
1791,12678
1792,0
1793,0
1794,0
1795,0
1796,0
1797,7111
1798,0
1799,0
1800,0
1801,0
1802,0
1803,0
1804,0
1805,0
1806,0
1807,0
1808,0
1809,0
1810,0
1811,0
1812,0
1813,0
1814,0
1815,0
1816,0
1817,0
1818,0
1819,0
1820,0
1821,0
1822,0
1823,0
1824,0
1825,0
1826,0
1827,0
1828,0
1829,0
1830,0
1831,0
1832,0
1833,0
1834,0
1835,0
1836,0
1837,0
1838,0
1839,0
1840,0
1841,0
1842,0
1843,0
1844,0
1845,0
1846,0
1847,2560
1848,15889
1849,0
1850,0
1851,0
1852,0
1853,0
1854,0
1855,0
1856,0
1857,0
1858,0
1859,0
1860,0
1861,0
1862,0
1863,0
1864,0
1865,0
1866,0
1867,0
1868,0
1869,0
1870,0
1871,0
1872,0
1873,0
1874,0
1875,0
1876,0
1877,0
1878,0
1879,0
1880,0
1881,0
1882,0
1883,0
1884,12297
1885,0
1886,0
1887,0
1888,0
1889,0
1890,0
1891,0
1892,0
1893,0
1894,0
1895,0
1896,0
1897,0
1898,0
1899,0
1900,0
1901,0
1902,0
1903,0
1904,0
1905,0
1906,0
1907,0
1908,0
1909,0
1910,0
1911,0
1912,0
1913,0
1914,0
1915,0
1916,0
1917,0
1918,0
1919,0
1920,0
1921,0
1922,0
1923,0
1924,0
1925,0
1926,0
1927,0
1928,0
1929,0
1930,0
1931,0
1932,0
1933,0
1934,0
1935,0
1936,0
1937,0
1938,0
1939,0
1940,0
1941,0
1942,0
1943,0
1944,0
1945,0
1946,0
1947,0
1948,0
1949,0
1950,0
1951,0
1952,0
1953,0
1954,0
1955,0
1956,0
1957,0
1958,0
1959,0
1960,0
1961,0
1962,0
1963,0
1964,0
1965,0
1966,0
1967,0
1968,0
1969,0
1970,0
1971,0
1972,0
1973,0
1974,0
1975,0
1976,0
1977,0
1978,2357
1979,0
1980,0
1981,0
1982,1680
1983,0
1984,0
1985,0
1986,0
1987,0
1988,0
1989,0
1990,0
1991,0
1992,0
1993,0
1994,0
1995,0
1996,0
1997,0
1998,0
1999,0
2000,0
2001,0
2002,0
2003,0
2004,0
2005,0
2006,0
2007,0
2008,0
2009,0
2010,0
2011,0
2012,0
2013,0
2014,0
2015,0
2016,0
2017,0
2018,0
2019,0
2020,0
2021,0
2022,0
2023,0
2024,0
2025,0
2026,0
2027,0
2028,0
2029,0
2030,0
2031,0
2032,0
2033,0
2034,0
2035,0
2036,0
2037,0
2038,0
2039,0
2040,0
2041,0
2042,0
2043,0
2044,0
2045,0
2046,2105
2047,0
2048,0
2049,0
2050,0
2051,0
2052,0
2053,0
2054,0
2055,0
2056,0
2057,0
2058,0
2059,0
2060,0
2061,0
2062,0
2063,11355
2064,0
2065,0
2066,0
2067,0
2068,0
2069,0
2070,0
2071,0
2072,0
2073,0
2074,0
2075,0
2076,0
2077,0
2078,0
2079,0
2080,0
2081,0
2082,0
2083,0
2084,0
2085,0
2086,0
2087,0
2088,0
2089,0
2090,0
2091,0
2092,0
2093,0
2094,0
2095,0
2096,0
2097,0
2098,0
2099,0
2100,0
2101,0
2102,0
2103,0
2104,0
2105,0
2106,0
2107,0
2108,0
2109,0
2110,0
2111,0
2112,0
2113,0
2114,0
2115,0
2116,0
2117,0
2118,0
2119,0
2120,0
2121,0
2122,0
2123,0
2124,0
2125,0
2126,0
2127,0
2128,0
2129,0
2130,0
2131,0
2132,0
2133,0
2134,0
2135,0
2136,0
2137,0
2138,0
2139,0
2140,0
2141,0
2142,0
2143,0
2144,0
2145,0
2146,0
2147,0
2148,0
2149,0
2150,0
2151,0
2152,0
2153,0
2154,0
2155,0
2156,0
2157,0
2158,0
2159,0
2160,3554
2161,0
2162,0
2163,0
2164,0
2165,0
2166,0
2167,0
2168,0
2169,0
2170,0
2171,0
2172,0
2173,0
2174,0
2175,0
2176,0
2177,0
2178,0
2179,0
2180,0
2181,0
2182,0
2183,0
2184,0
2185,0
2186,0
2187,0
2188,0
2189,0
2190,0
2191,0
2192,0
2193,0
2194,0
2195,0
2196,5691
2197,0
2198,0
2199,0
2200,0
2201,0
2202,0
2203,0
2204,0
2205,0
2206,0
2207,0
2208,0
2209,0
2210,0
2211,0
2212,12843
2213,0
2214,4369
2215,0
2216,0
2217,0
2218,0
2219,0
2220,0
2221,0
2222,0
2223,0
2224,0
2225,0
2226,0
2227,0
2228,0
2229,0
2230,0
2231,3635
2232,4143
2233,5897
2234,8604
2235,4197
2236,4347
2237,7863
2238,5691
2239,6906
2240,5536
2241,6805
2242,6524
2243,3632
2244,5299
2245,5879
2246,7484
2247,5161
2248,6113
2249,5951
2250,7868
2251,3995
2252,4208
2253,4410
2254,8526
2255,9809
2256,5302
2257,8128
2258,3836
2259,6844
2260,3348
2261,4487
2262,3826
2263,7484
2264,7444
2265,9034
2266,8771
2267,5183
2268,4927
2269,4409
2270,3689
2271,5023
2272,8943
2273,6004
2274,4812
2275,4317
2276,4232
2277,6739
2278,3212
2279,6236
2280,3584
2281,6063
2282,4897
2283,4516
2284,6002
2285,4628
2286,6489
2287,7903
2288,6016
2289,5118
2290,7288
2291,4445
2292,6835
2293,5667
2294,8732
2295,4379
2296,5221
2297,7113
2298,6290
2299,7410
2300,5622
2301,7261
2302,3727
2303,4483
2304,5297
2305,5412
2306,7767
2307,6178
2308,3151
2309,4934
2310,6374
2311,6512
2312,7909
2313,3781
2314,12098
2315,7350
2316,4030
2317,5955
2318,5555
2319,5882
2320,7808
2321,3733
2322,5009
2323,5416
2324,5956
2325,6179
2326,4729
2327,5857
2328,4578
2329,4558
2330,7297
2331,6306
2332,5824
2333,4472
2334,9809
2335,4785
2336,8225
2337,6997
2338,10915
2339,6098
2340,4213
2341,5442
2342,6166
2343,4874
2344,4078
2345,6636
2346,6987
2347,3574
2348,7174
2349,5563
2350,6167
2351,4170
2352,7289
2353,7517
2354,4568
2355,11297
2356,4511
2357,4208
2358,6927
2359,7762
2360,4856
2361,4595
2362,6362
2363,5138
2364,5006
2365,5143
2366,4537
2367,7705
2368,6690
2369,6261
2370,6945
2371,4426
2372,4546
2373,5315
2374,5506
2375,6625
2376,6855
2377,6990
2378,8634
2379,4783
2380,7224
2381,6191
2382,5145
2383,5443
2384,7604
2385,5599
2386,5443
2387,8997
2388,6835
2389,6451
2390,4564
2391,7065
2392,5840
2393,6893
2394,5841
2395,3617
2396,4673
2397,7727
2398,6907
2399,4758
2400,3494
2401,7559
2402,6496
2403,7458
2404,5746
2405,5204
2406,4782
2407,3642
2408,8453
2409,6481
2410,6330
2411,5353
2412,4257
2413,0
2414,5822
2415,5431
2416,3463
2417,5752
2418,4078
2419,7342
2420,7026
2421,6084
2422,10651
2423,4099
2424,4025
2425,9355
2426,4872
2427,5620
2428,1802
2429,6680
2430,7387
2431,4184
2432,5644
2433,5734
2434,5201
2435,5775
2436,7311
2437,9554
2438,2589
2439,4925
2440,2525
2441,12772
2442,3947
2443,7207
2444,7834
2445,4927
2446,5791
2447,4371
2448,4602
2449,3193
2450,4255
2451,4942
2452,4939
2453,6263
2454,6183
2455,4277
2456,6399
2457,5951
2458,6876
2459,7340
2460,7194
2461,3814
2462,3002
2463,8816
2464,8879
2465,4535
2466,7091
2467,5070
2468,6924
2469,4273
2470,4864
2471,5617
2472,3165
2473,5385
2474,4197
2475,8713
2476,6352
2477,6900
2478,7022
2479,4578
2480,7381
2481,17263
2482,8320
2483,4771
2484,2351
2485,5234
2486,6749
2487,5002
2488,5423
2489,13014
2490,6107
2491,9003
2492,19706
2493,3883
2494,5976
2495,4624
2496,3830
2497,6674
2498,4449
2499,7534
2500,9225
2501,6699
2502,5331
2503,6655
2504,4806
2505,5498
2506,3393
2507,5211
2508,6755
2509,8014
2510,5094
2511,4896
2512,4508
2513,6685
2514,4359
2515,4743
2516,3429
2517,7102
2518,4420
2519,5257
2520,6570
2521,6724
2522,5897
2523,5352
2524,5511
2525,4902
2526,6178
2527,6236
2528,7236
2529,7308
2530,6362
2531,4986
2532,2934
2533,5289
2534,6501
2535,4956
2536,4407
2537,2040
2538,7456
2539,5485
2540,6235
2541,6330
2542,4414
2543,5869
2544,4666
2545,3977
2546,8584
2547,4708
2548,5987
2549,6789
2550,13232
2551,4412
2552,4543
2553,6294
2554,4957
2555,5387
2556,4451
2557,6694
2558,4251
2559,6242
2560,3339
2561,5353
2562,3933
2563,9191
2564,4645
2565,11982
2566,11832
2567,4186
2568,6191
2569,4970
2570,5894
2571,5060
2572,10109
2573,6250
2574,7923
2575,4048
2576,6688
2577,4301
2578,7715
2579,8147
2580,5627
2581,5282
2582,5308
2583,6854
2584,7089
2585,8095
2586,5213
2587,7003
2588,8919
2589,5578
2590,6540
2591,4639
2592,8318
2593,6827
2594,4583
2595,4442
2596,5458
2597,4399
2598,7718
2599,5271
2600,6538
2601,5180
2602,7926
2603,3993
2604,7051
2605,7706
2606,7177
2607,7296
2608,6077
2609,3496
2610,11969
2611,9108
2612,6320
2613,14966
2614,8122
2615,6297
2616,5400
2617,7748
2618,9484
2619,9961
2620,10285
2621,5166
2622,6958
2623,5018
2624,7228
2625,3891
2626,9307
2627,5055
2628,4329
2629,5372
2630,7778
2631,6625
2632,4680
2633,7336
2634,4500
2635,3768
2636,5861
2637,3548
2638,4060
2639,5028
2640,5471
2641,7732
2642,7941
2643,6799
2644,5822
2645,4485
2646,10094
2647,6297
2648,4520
2649,4958
2650,4300
2651,7254
2652,4058
2653,11415
2654,6742
2655,3288
2656,4463
2657,6247
2658,5363
2659,4310
2660,7371
2661,8965
2662,11151
2663,4141
2664,8815
2665,3148
2666,4793
2667,5488
2668,4700
2669,6574
2670,4961
2671,5591
2672,3308
2673,4434
2674,8957
2675,7506
2676,4375
2677,5197
2678,7665
2679,9245
2680,6599
2681,4958
2682,4004
2683,8625
2684,5499
2685,6301
2686,5281
2687,4453
2688,6123
2689,7462
2690,3233
2691,3625
2692,4461
2693,6361
2694,8650
2695,6435
2696,7035
2697,11984
2698,4049
2699,8711
2700,10306
2701,6117
2702,4582
2703,3061
2704,6494
2705,5594
2706,5435
2707,5088
2708,6058
2709,9774
2710,4946
2711,4625
2712,5902
2713,4639
2714,6220
2715,4215
2716,3828
2717,5518
2718,3124
2719,6313
2720,7252
2721,5680
2722,6648
2723,7382
2724,7136
2725,4365
2726,6910
2727,7847
2728,6732
2729,4913
2730,5425
2731,4271
2732,9287
2733,5232
2734,6013
2735,4726
2736,6405
2737,7230
2738,6062
2739,5298
2740,7543
2741,5335
2742,6298
2743,16999
2744,5251
2745,7460
2746,4950
2747,4862
2748,4870
2749,3983
2750,3652
2751,3784
2752,7488
2753,12461
2754,6496
2755,8651
2756,8933
2757,9494
2758,9197
2759,6651
2760,6259
2761,4993
2762,10758
2763,9574
2764,5889
2765,7951
2766,7369
2767,5441
2768,4089
2769,10006
2770,6036
2771,5621
2772,5426
2773,1955
2774,11875
2775,9340
2776,13559
2777,4736
2778,4457
2779,4619
2780,5326
2781,6041
2782,6519
2783,5673
2784,5030
2785,3971
2786,6356
2787,3521
2788,2677
2789,5495
2790,11797
2791,6042
2792,18224
2793,4291
2794,4918
2795,5957
2796,4891
2797,4469
2798,4246
2799,4607
2800,3656
2801,7094
2802,5757
2803,3372
2804,7762
2805,4467
2806,5368
2807,4129
2808,8182
2809,6558
2810,9470
2811,4615
2812,6159
2813,4009
2814,3968
2815,3870
2816,13962
2817,8900
2818,5571
2819,4200
2820,4192
2821,5182
2822,4291
2823,8425
2824,4356
2825,13597
2826,3980
2827,4721
2828,5240
2829,8572
2830,5884
2831,4021
2832,5829
2833,6050
2834,6126
2835,5815
2836,5576
2837,3164
2838,8394
2839,4957
2840,3956
2841,5376
2842,5360
2843,5476
2844,6224
2845,8181
2846,7431
2847,5876
2848,5930
2849,3964
2850,7460
2851,5101
2852,3841
2853,6543
2854,6362
2855,6176
2856,7371
2857,5189
2858,5805
2859,5292
2860,5392
2861,5012
2862,6827
2863,5791
2864,5779
2865,4983
2866,4943
2867,7579
2868,5216
2869,3821
2870,10064
2871,4423
2872,2852
2873,6776
2874,7769
2875,8534
2876,4876
2877,5144
2878,5697
2879,3276
2880,5794
2881,7010
2882,5664
2883,5117
2884,6481
2885,7232
2886,2864
2887,5072
2888,4788
2889,4902
2890,4539
2891,6288
2892,6598
2893,5274
2894,4420
2895,7327
2896,5153
2897,7423
2898,7640
2899,3888
2900,5990
2901,6156
2902,7009
2903,6433
2904,7158
2905,3133
2906,9452
2907,5756
2908,6585
2909,9393
2910,4112
2911,3524
2912,10601
2913,7733
2914,7196
2915,5225
2916,5600
2917,8196
2918,3011
2919,5644
2920,5168
2921,6632
2922,5649
2923,4899
2924,6831
2925,4759
2926,8167
2927,9263
2928,16761
2929,6370
2930,3961
2931,4688
2932,3573
2933,3013
2934,10285
2935,7732
2936,4740
2937,8006
2938,4804
2939,9805
2940,3850
2941,5192
2942,5430
2943,7886
2944,4251
2945,5555
2946,4789
2947,4166
2948,6984
2949,4321
2950,5975
2951,6822
2952,8943
2953,6568
2954,6484
2955,4927
2956,9265
2957,4342
2958,4562
2959,9528
2960,6250
2961,7746
2962,7317
2963,14801
2964,4790
2965,4202
2966,4107
2967,5674
2968,7651
2969,8234
2970,5896
2971,7059
2972,6873
2973,3409
2974,6694
2975,6474
2976,5062
2977,6385
2978,4495
2979,4381
2980,4298
2981,3986
2982,4197
2983,6992
2984,6306
2985,9311
2986,15638
2987,6145
2988,4576
2989,6196
2990,7515
2991,8550
2992,3446
2993,5300
2994,3542
2995,8120
2996,5453
2997,5362
2998,11110
2999,12084
3000,4191
3001,6389
3002,3630
3003,4936
3004,5587
3005,7189
3006,4144
3007,3772
3008,4983
3009,6460
3010,5628
3011,4610
3012,4782
3013,6124
3014,5775
3015,5860
3016,3398
3017,9049
3018,18444
3019,3655
3020,6163
3021,7916
3022,5588
3023,3993
3024,3406
3025,3453
3026,6765
3027,4395
3028,6652
3029,8581
3030,3853
3031,4361
3032,5507
3033,4735
3034,4152
3035,4751
3036,5602
3037,9108
3038,6648
3039,8112
3040,4790
3041,3790
3042,5839
3043,5660
3044,7200
3045,5130
3046,4423
3047,22032
3048,5633
3049,5385
3050,10389
3051,6483
3052,5924
3053,5586
3054,6887
3055,4058
3056,8549
3057,13923
3058,4705
3059,4682
3060,5526
3061,11585
3062,5330
3063,4390
3064,5655
3065,4887
3066,5951
3067,3534
3068,7386
3069,3500
3070,6860
3071,2292
3072,17354
3073,7299
3074,3832
3075,4186
3076,7989
3077,5296
3078,5971
3079,6565
3080,5003
3081,4597
3082,3837
3083,8256
3084,5019
3085,5428
3086,6357
3087,6751
3088,4949
3089,7139
3090,5126
3091,3458
3092,7646
3093,6843
3094,4066
3095,6548
3096,5830
3097,3602
3098,8321
3099,5146
3100,6813
3101,5520
3102,7111
3103,3589
3104,4372
3105,3941
3106,7803
3107,5851
3108,7526
3109,3325
3110,7221
3111,3498
3112,5563
3113,4836
3114,5349
3115,5903
3116,6431
3117,5526
3118,7137
3119,3344
3120,5433
3121,6529
3122,6705
3123,5603
3124,6933
3125,8896
3126,6153
3127,2572
3128,5919
3129,4828
3130,5957
3131,6207
3132,3570
3133,9734
3134,4541
3135,6277
3136,9224
3137,5805
3138,3583
3139,10348
3140,4926
3141,8768
3142,4740
3143,6834
3144,7637
3145,5169
3146,4995
3147,5622
3148,4693
3149,5148
3150,5364
3151,9073
3152,6275
3153,5060
3154,4353
3155,5446
3156,6405
3157,6190
3158,5853
3159,5295
3160,5874
3161,3582
3162,6504
3163,6819
3164,5923
3165,5037
3166,6359
3167,6505
3168,8888
3169,4831
3170,6435
3171,4840
3172,4957
3173,5919
3174,5536
3175,4112
3176,3749
3177,6333
3178,8461
3179,4653
3180,5156
3181,6959
3182,5013
3183,4620
3184,5612
3185,3816
3186,3162
3187,7673
3188,3836
3189,6805
3190,5411
3191,5493
3192,5587
3193,9427
3194,7733
3195,6521
3196,4707
3197,7421
3198,7005
3199,3464
3200,3197
3201,7770
3202,2989
3203,6205
3204,11377
3205,6606
3206,6124
3207,3895
3208,6694
3209,5556
3210,5513
3211,6384
3212,7034
3213,7197
3214,4854
3215,6999
3216,4204
3217,6158
3218,4547
3219,4939
3220,4890
3221,4797
3222,5336
3223,6555
3224,4199
3225,8493
3226,6264
3227,3891
3228,4036
3229,7261
3230,6299
3231,4912
3232,5803
3233,5959
3234,4203
3235,5802
3236,5610
3237,5515
3238,4826
3239,4476
3240,7012
3241,6189
3242,4948
3243,3379
3244,9139
3245,5007
3246,4358
3247,6040
3248,9491
3249,6866
3250,7460
3251,8642
3252,6006
3253,4663
3254,4721
3255,6891
3256,7698
3257,10522
3258,3960
3259,5736
3260,2941
3261,3833
3262,7770
3263,13001
3264,5737
3265,4498
3266,4249
3267,5458
3268,4798
3269,6666
3270,7774
3271,5000
3272,3583
3273,6264
3274,4978
3275,7690
3276,7498
3277,4345
3278,5912
3279,3494
3280,5984
3281,7256
3282,6601
3283,7630
3284,5467
3285,6431
3286,3853
3287,5237
3288,6308
3289,7275
3290,6507
3291,6773
3292,4813
3293,4283
3294,8781
3295,3994
3296,10533
3297,4876
3298,3693
3299,5590
3300,5819
3301,5572
3302,6614
3303,8414
3304,4120
3305,11539
3306,3872
3307,4142
3308,5912
3309,6903
3310,9929
3311,6714
3312,5302
3313,4714
3314,5789
3315,6190
3316,4637
3317,5440
3318,4738
3319,8947
3320,5703
3321,7348
3322,10814
3323,7074
3324,4239
3325,4420
3326,5069
3327,11052
3328,5243
3329,7669
3330,3916
3331,8578
3332,6158
3333,4412
3334,4216
3335,4173
3336,4787
3337,4816
3338,5062
3339,4329
3340,4047
3341,4272
3342,7404
3343,5871
3344,20469
3345,5346
3346,3496
3347,3986
3348,6010
3349,7979
3350,4019
3351,3927
3352,7903
3353,5444
3354,6583
3355,5367
3356,6493
3357,6132
3358,3511
3359,4936
3360,5270
3361,7097
3362,5261
3363,5765
3364,5824
3365,7709
3366,4243
3367,3872
3368,4090
3369,8208
3370,8966
3371,5023
3372,7917
3373,3850
3374,6550
3375,3629
3376,4446
3377,3617
3378,6880
3379,6911
3380,8747
3381,8106
3382,4796
3383,4581
3384,4128
3385,3829
3386,4749
3387,8720
3388,5496
3389,4414
3390,3693
3391,3926
3392,6271
3393,3023
3394,5957
3395,3348
3396,5326
3397,4796
3398,4301
3399,5653
3400,4327
3401,6332
3402,7180
3403,5835
3404,4718
3405,7017
3406,4160
3407,6283
3408,5175
3409,8517
3410,4256
3411,4914
3412,6870
3413,6090
3414,7379
3415,5282
3416,7187
3417,3734
3418,4311
3419,5096
3420,4887
3421,7493
3422,6013
3423,3056
3424,4633
3425,5785
3426,6253
3427,7591
3428,3477
3429,11444
3430,6002
3431,3840
3432,5446
3433,5543
3434,5518
3435,7226
3436,3792
3437,4827
3438,5220
3439,5767
3440,5879
3441,4725
3442,5544
3443,4244
3444,4422
3445,6605
3446,6069
3447,5588
3448,4132
3449,9031
3450,4408
3451,7689
3452,6563
3453,10061
3454,5580
3455,4001
3456,4918
3457,5725
3458,4505
3459,3993
3460,6351
3461,6481
3462,3447
3463,6120
3464,5312
3465,5419
3466,3828
3467,6910
3468,7247
3469,4594
3470,10699
3471,4255
3472,3750
3473,6492
3474,7887
3475,4363
3476,4100
3477,5647
3478,5226
3479,4393
3480,4708
3481,4319
3482,7411
3483,6600
3484,5825
3485,6299
3486,4572
3487,4156
3488,4946
3489,6128
3490,6257
3491,6403
3492,6733
3493,8092
3494,4665
3495,6712
3496,5898
3497,4569
3498,5355
3499,7107
3500,5298
3501,5540
3502,8925
3503,6502
3504,5894
3505,4294
3506,6608
3507,5607
3508,6343
3509,5731
3510,3609
3511,4491
3512,8083
3513,6676
3514,4630
3515,3320
3516,7147
3517,6236
3518,6687
3519,5275
3520,4822
3521,4455
3522,3386
3523,7822
3524,6119
3525,5654
3526,5232
3527,3998
3528,0
3529,5287
3530,4741
3531,3227
3532,5735
3533,3574
3534,6857
3535,6798
3536,5811
3537,10031
3538,4099
3539,3891
3540,8907
3541,4260
3542,5247
3543,2298
3544,6349
3545,7047
3546,3864
3547,5191
3548,5524
3549,5182
3550,5290
3551,7023
3552,9189
3553,2363
3554,5847
3555,2419
3556,12118
3557,3885
3558,6975
3559,7453
3560,4629
3561,5447
3562,4326
3563,4543
3564,3062
3565,4237
3566,4713
3567,4293
3568,5682
3569,5834
3570,4093
3571,5942
3572,5574
3573,6953
3574,6720
3575,6341
3576,3745
3577,2658
3578,8221
3579,8116
3580,4200
3581,6733
3582,4464
3583,6571
3584,3965
3585,4452
3586,5445
3587,2831
3588,5407
3589,3805
3590,7767
3591,5836
3592,6143
3593,6700
3594,4366
3595,6509
3596,17900
3597,7858
3598,4422
3599,2256
3600,4964
3601,6661
3602,4630
3603,5061
3604,11479
3605,5683
3606,8614
3607,16606
3608,3506
3609,5590
3610,4381
3611,3731
3612,6627
3613,3994
3614,7034
3615,8696
3616,6762
3617,4960
3618,6192
3619,3625
3620,4888
3621,3455
3622,4775
3623,6135
3624,7255
3625,4781
3626,4481
3627,4142
3628,6241
3629,4136
3630,4405
3631,3247
3632,6857
3633,4169
3634,4743
3635,6307
3636,6541
3637,5603
3638,5007
3639,5616
3640,4816
3641,5896
3642,5958
3643,6565
3644,6966
3645,6185
3646,4613
3647,2801
3648,5041
3649,5865
3650,4583
3651,4233
3652,2210
3653,7275
3654,5299
3655,7588
3656,5901
3657,4183
3658,5304
3659,4244
3660,3898
3661,8150
3662,4229
3663,5617
3664,6412
3665,12635
3666,4301
3667,4554
3668,5808
3669,5050
3670,5057
3671,3887
3672,6534
3673,4195
3674,5705
3675,3240
3676,4795
3677,3539
3678,8338
3679,4082
3680,12787
3681,11408
3682,3947
3683,5615
3684,4611
3685,5580
3686,4803
3687,9300
3688,6046
3689,7305
3690,3753
3691,6638
3692,3859
3693,7714
3694,7754
3695,5113
3696,5139
3697,5096
3698,6015
3699,6682
3700,7758
3701,4979
3702,6408
3703,8138
3704,5134
3705,5822
3706,4260
3707,7659
3708,6444
3709,4511
3710,4205
3711,5440
3712,3959
3713,6957
3714,4854
3715,5910
3716,4899
3717,7599
3718,3884
3719,6584
3720,7729
3721,6832
3722,7091
3723,6039
3724,3454
3725,11207
3726,8508
3727,5902
3728,14254
3729,8537
3730,5325
3731,5123
3732,7403
3733,9100
3734,10138
3735,9779
3736,4835
3737,6525
3738,4720
3739,6536
3740,3615
3741,9236
3742,4908
3743,4087
3744,5110
3745,7285
3746,6612
3747,4366
3748,6928
3749,4464
3750,3710
3751,5358
3752,3596
3753,3757
3754,4933
3755,4981
3756,7160
3757,7365
3758,6286
3759,5123
3760,4802
3761,9648
3762,6048
3763,4448
3764,4588
3765,4152
3766,7049
3767,3968
3768,9567
3769,5962
3770,2938
3771,4291
3772,5570
3773,4991
3774,4043
3775,6923
3776,8242
3777,10727
3778,5188
3779,8623
3780,2934
3781,4510
3782,5178
3783,4316
3784,5950
3785,4517
3786,5147
3787,3080
3788,4185
3789,8410
3790,7026
3791,4069
3792,4966
3793,7569
3794,9007
3795,6357
3796,4719
3797,3613
3798,8092
3799,5316
3800,5871
3801,5120
3802,4287
3803,5683
3804,7319
3805,3086
3806,3545
3807,4469
3808,5717
3809,8127
3810,6108
3811,6715
3812,12010
3813,3885
3814,8538
3815,9682
3816,5322
3817,4162
3818,3041
3819,6258
3820,5443
3821,5015
3822,4677
3823,5634
3824,9860
3825,4317
3826,4319
3827,5471
3828,5088
3829,5893
3830,4073
3831,3708
3832,5383
3833,3079
3834,6235
3835,7119
3836,5188
3837,7037
3838,7040
3839,6992
3840,3887
3841,6152
3842,8025
3843,6208
3844,4637
3845,4876
3846,3963
3847,8509
3848,4745
3849,5425
3850,4584
3851,5895
3852,6710
3853,5726
3854,5085
3855,7490
3856,4948
3857,5433
3858,16392
3859,4973
3860,7143
3861,4893
3862,4909
3863,4424
3864,3951
3865,3430
3866,3780
3867,6886
3868,11814
3869,7437
3870,7846
3871,8857
3872,9155
3873,8432
3874,6175
3875,5116
3876,4624
3877,10386
3878,9280
3879,5448
3880,7739
3881,7235
3882,5084
3883,3746
3884,9366
3885,5390
3886,5484
3887,5409
3888,1943
3889,11538
3890,8907
3891,12892
3892,4884
3893,3895
3894,4337
3895,4829
3896,5917
3897,5888
3898,5358
3899,4879
3900,3465
3901,6361
3902,3293
3903,2640
3904,4997
3905,11282
3906,5761
3907,16210
3908,4015
3909,4787
3910,5552
3911,4767
3912,4018
3913,3979
3914,4615
3915,3570
3916,6370
3917,5357
3918,3156
3919,6881
3920,4397
3921,4865
3922,3671
3923,8209
3924,6178
3925,8571
3926,4312
3927,5845
3928,3551
3929,3983
3930,3680
3931,12976
3932,8552
3933,5169
3934,4052
3935,3887
3936,4709
3937,4092
3938,8340
3939,4133
3940,12711
3941,3779
3942,4592
3943,4868
3944,7792
3945,5269
3946,3806
3947,5613
3948,6307
3949,5540
3950,5448
3951,5034
3952,2984
3953,8786
3954,4470
3955,3642
3956,5122
3957,4811
3958,5064
3959,5756
3960,7585
3961,7384
3962,5590
3963,5692
3964,3828
3965,6916
3966,4912
3967,3676
3968,6400
3969,5845
3970,5475
3971,6743
3972,4923
3973,5372
3974,4825
3975,5597
3976,4652
3977,6279
3978,5709
3979,5249
3980,5134
3981,4265
3982,7155
3983,4858
3984,3854
3985,9319
3986,4327
3987,2976
3988,6539
3989,7208
3990,8494
3991,4706
3992,4595
3993,5108
3994,3076
3995,5380
3996,6657
3997,5199
3998,4791
3999,5911
4000,6521
4001,2890
4002,4602
4003,4527
4004,4587
4005,4097
4006,5745
4007,6239
4008,5406
4009,3982
4010,6878
4011,4714
4012,6663
4013,7246
4014,3885
4015,5835
4016,5756
4017,6618
4018,6172
4019,6922
4020,3114
4021,7935
4022,5313
4023,6170
4024,8323
4025,3883
4026,3390
4027,11055
4028,7316
4029,6476
4030,4870
4031,5411
4032,7550
4033,2982
4034,5288
4035,4937
4036,6205
4037,5420
4038,4552
4039,6524
4040,4566
4041,7122
4042,8742
4043,14900
4044,6554
4045,3838
4046,4390
4047,3346
4048,2827
4049,9528
4050,7152
4051,4384
4052,7859
4053,4562
4054,9429
4055,3584
4056,4694
4057,5313
4058,7373
4059,4079
4060,5220
4061,4546
4062,4032
4063,6960
4064,4052
4065,5792
4066,6455
4067,8299
4068,6080
4069,6385
4070,4766
4071,9326
4072,3973
4073,4191
4074,9198
4075,5824
4076,7650
4077,6972
4078,13838
4079,4590
4080,3961
4081,3779
4082,5169
4083,7368
4084,7966
4085,5189
4086,6482
4087,6238
4088,3205
4089,6388
4090,6233
4091,4942
4092,6357
4093,4374
4094,4081
4095,3965
4096,3627
4097,3944
4098,6759
4099,5844
4100,9176
4101,14516
4102,5876
4103,4204
4104,5676
4105,7022
4106,7674
4107,3210
4108,4647
4109,3521
4110,7733
4111,5099
4112,5306
4113,10388
4114,11194
4115,3966
4116,5979
4117,3246
4118,4372
4119,4934
4120,6822
4121,3977
4122,3407
4123,4928
4124,6432
4125,6033
4126,4223
4127,4410
4128,5791
4129,5808
4130,5331
4131,3206
4132,8249
4133,16623
4134,3693
4135,5810
4136,7471
4137,5366
4138,3612
4139,3285
4140,3408
4141,6610
4142,4271
4143,6553
4144,8235
4145,3543
4146,4020
4147,5117
4148,4319
4149,3783
4150,4279
4151,4905
4152,8500
4153,6618
4154,7809
4155,4424
4156,3730
4157,5493
4158,5315
4159,6903
4160,5053
4161,4073
4162,21356
4163,5180
4164,5044
4165,10038
4166,6101
4167,5289
4168,5270
4169,6447
4170,4088
4171,7997
4172,12842
4173,4331
4174,4442
4175,5426
4176,11463
4177,4827
4178,4091
4179,5112
4180,4557
4181,5580
4182,3642
4183,6973
4184,3278
4185,6482
4186,2038
4187,17065
4188,7119
4189,3358
4190,3954
4191,7972
4192,4911
4193,5567
4194,6497
4195,4826
4196,3962
4197,3712
4198,8350
4199,4755
4200,5029
4201,6133
4202,6023
4203,4741
4204,6667
4205,4899
4206,3430
4207,7358
4208,7871
4209,3947
4210,6041
4211,5026
4212,4077
4213,7645
4214,4910
4215,6620
4216,5214
4217,6478
4218,3477
4219,4024
4220,3731
4221,8542
4222,5659
4223,6943
4224,3043
4225,7010
4226,3364
4227,5237
4228,4424
4229,4829
4230,5653
4231,6115
4232,5196
4233,6830
4234,3270
4235,4960
4236,5862
4237,6146
4238,5779
4239,6319
4240,8412
4241,5835
4242,2305
4243,5859
4244,4537
4245,5571
4246,5841
4247,3416
4248,9358
4249,4058
4250,5913
4251,8581
4252,5999
4253,3198
4254,9929
4255,4615
4256,8211
4257,4746
4258,6704
4259,7941
4260,4810
4261,4896
4262,5886
4263,4406
4264,4815
4265,5092
4266,8645
4267,6037
4268,5011
4269,4190
4270,6084
4271,5940
4272,5531
4273,5551
4274,5153
4275,5361
4276,3708
4277,6556
4278,6594
4279,5810
4280,4756
4281,5677
4282,6084
4283,8249
4284,4373
4285,6378
4286,4605
4287,4687
4288,5756
4289,6020
4290,3901
4291,3668
4292,6337
4293,7020
4294,4221
4295,4985
4296,6385
4297,4808
4298,4717
4299,5176
4300,3862
4301,2846
4302,6864
4303,3679
4304,6455
4305,5021
4306,5343
4307,5416
4308,9689
4309,7588
4310,6185
4311,4550
4312,6685
4313,6600
4314,3486
4315,2975
4316,7180
4317,2853
4318,5890
4319,10998
4320,6351
4321,5897
4322,3598
4323,6070
4324,5228
4325,5619
4326,6079
4327,6619
4328,6617
4329,4751
4330,6304
4331,4108
4332,5624
4333,4454
4334,4788
4335,4636
4336,4649
4337,4715
4338,6111
4339,3972
4340,7795
4341,5784
4342,3310
4343,3886
4344,6602
4345,6041
4346,4682
4347,5255
4348,6053
4349,3933
4350,5640
4351,5126
4352,5193
4353,4378
4354,4418
4355,6524
4356,5444
4357,4658
4358,3201
4359,8985
4360,4777
4361,4071
4362,5792
4363,8763
4364,6307
4365,6928
4366,8206
4367,5922
4368,4312
4369,4577
4370,6487
4371,7596
4372,10218
4373,4057
4374,5560
4375,2928
4376,3700
4377,7943
4378,12356
4379,5708
4380,4308
4381,4115
4382,5239
4383,4424
4384,6366
4385,7428
4386,5031
4387,3656
4388,6140
4389,4830
4390,7608
4391,6692
4392,4064
4393,5789
4394,3374
4395,5125
4396,6585
4397,6145
4398,7065
4399,5246
4400,6229
4401,3618
4402,4931
4403,6439
4404,7030
4405,5904
4406,6218
4407,4593
4408,3911
4409,8339
4410,3762
4411,10184
4412,4942
4413,3500
4414,5536
4415,5409
4416,5522
4417,6282
4418,7908
4419,3742
4420,10702
4421,3523
4422,4126
4423,5579
4424,6462
4425,8817
4426,6565
4427,5345
4428,4392
4429,5276
4430,5794
4431,4425
4432,5392
4433,4704
4434,8607
4435,5692
4436,6890
4437,10668
4438,6725
4439,3978
4440,4377
4441,4953
4442,9417
4443,4794
4444,7046
4445,3936
4446,7906
4447,5592
4448,4411
4449,3882
4450,3904
4451,4455
4452,4773
4453,4733
4454,4069
4455,3817
4456,4116
4457,6677
4458,5520
4459,19915
4460,4855
4461,3445
4462,4628
4463,5747
4464,7594
4465,4079
4466,4043
4467,7194
4468,4991
4469,5821
4470,4967
4471,6861
4472,6328
4473,3320
4474,4657
4475,5467
4476,6771
4477,5050
4478,5855
4479,5483
4480,7255
4481,3538
4482,3792
4483,4030
4484,8057
4485,8485
4486,4895
4487,7662
4488,3656
4489,6326
4490,3238
4491,4451
4492,3520
4493,6514
4494,6502
4495,8533
4496,7750
4497,4841
4498,4459
4499,4092
4500,3610
4501,4640
4502,8677
4503,5445
4504,4299
4505,3913
4506,3787
4507,6428
4508,2969
4509,5931
4510,3173
4511,5506
4512,4671
4513,4360
4514,5967
4515,4145
4516,6111
4517,7208
4518,5494
4519,4587
4520,7218
4521,4307
4522,5552
4523,5386
4524,8375
4525,4075
4526,4780
4527,6366
4528,6408
4529,7193
4530,4973
4531,7202
4532,3392
4533,3908
4534,4920
4535,4750
4536,6960
4537,5431
4538,3186
4539,4336
4540,5475
4541,5874
4542,7744
4543,3335
4544,11423
4545,5983
4546,3781
4547,5293
4548,4996
4549,5232
4550,6923
4551,3620
4552,4625
4553,4995
4554,5861
4555,5538
4556,4323
4557,5271
4558,4310
4559,4309
4560,6317
4561,5907
4562,5059
4563,3809
4564,8631
4565,4209
4566,7516
4567,6353
4568,9923
4569,5187
4570,3680
4571,5019
4572,5578
4573,4484
4574,4139
4575,6141
4576,5885
4577,3259
4578,6124
4579,4944
4580,5397
4581,3653
4582,6709
4583,7205
4584,4352
4585,9844
4586,4249
4587,3727
4588,6311
4589,7046
4590,4275
4591,3864
4592,5699
4593,4687
4594,4087
4595,4644
4596,4055
4597,7203
4598,5990
4599,5345
4600,6194
4601,4069
4602,3929
4603,4671
4604,6166
4605,5902
4606,6498
4607,6569
4608,7209
4609,4448
4610,6671
4611,5591
4612,4560
4613,5187
4614,6591
4615,5472
4616,5346
4617,8058
4618,6320
4619,5375
4620,4143
4621,6084
4622,5494
4623,5772
4624,5234
4625,3393
4626,4307
4627,7253
4628,6360
4629,4465
4630,3366
4631,6664
4632,5697
4633,6285
4634,5014
4635,4879
4636,4183
4637,3334
4638,7471
4639,5642
4640,5755
4641,4945
4642,4050
4643,0
4644,5177
4645,4922
4646,3102
4647,4761
4648,3716
4649,6564
4650,6400
4651,5530
4652,9585
4653,4387
4654,3849
4655,8555
4656,4152
4657,5222
4658,1875
4659,6187
4660,6513
4661,3882
4662,5064
4663,6270
4664,4709
4665,4967
4666,6425
4667,8989
4668,2167
4669,5273
4670,2378
4671,10859
4672,4058
4673,6783
4674,7475
4675,4492
4676,5226
4677,4058
4678,4169
4679,2838
4680,3817
4681,4764
4682,4105
4683,5851
4684,5669
4685,3998
4686,5487
4687,5324
4688,7081
4689,6978
4690,6429
4691,3657
4692,2769
4693,7902
4694,8345
4695,4045
4696,6460
4697,4184
4698,6050
4699,3871
4700,4236
4701,5542
4702,2773
4703,5228
4704,4015
4705,7529
4706,5679
4707,6161
4708,6443
4709,4086
4710,6484
4711,16517
4712,7893
4713,4067
4714,2448
4715,5050
4716,6244
4717,4192
4718,4745
4719,11331
4720,5530
4721,8286
4722,16235
4723,3365
4724,5509
4725,4138
4726,3537
4727,6397
4728,4399
4729,6698
4730,8030
4731,6169
4732,4591
4733,6044
4734,3617
4735,4899
4736,3280
4737,4532
4738,5770
4739,7413
4740,4688
4741,4378
4742,3800
4743,5895
4744,3857
4745,4231
4746,3088
4747,6521
4748,4001
4749,4612
4750,5851
4751,6076
4752,4952
4753,4801
4754,4705
4755,4878
4756,5516
4757,5576
4758,6631
4759,6114
4760,5791
4761,4643
4762,2802
4763,4928
4764,5414
4765,4604
4766,3886
4767,1907
4768,6817
4769,5131
4770,7520
4771,5396
4772,4061
4773,5058
4774,4010
4775,3642
4776,7772
4777,4242
4778,5640
4779,6408
4780,11937
4781,4448
4782,3898
4783,5692
4784,4385
4785,4777
4786,3839
4787,6346
4788,3967
4789,5802
4790,3090
4791,4649
4792,3271
4793,8164
4794,4143
4795,12776
4796,10662
4797,3905
4798,5188
4799,4253
4800,5466
4801,4490
4802,8923
4803,6038
4804,6980
4805,3484
4806,6438
4807,4015
4808,7092
4809,7227
4810,5109
4811,4777
4812,5112
4813,5932
4814,6545
4815,7469
4816,4955
4817,6135
4818,8190
4819,5024
4820,5545
4821,4500
4822,7163
4823,5936
4824,4114
4825,4038
4826,4844
4827,4040
4828,7055
4829,4679
4830,6020
4831,4839
4832,7323
4833,3708
4834,6139
4835,7146
4836,6297
4837,6190
4838,5336
4839,3348
4840,12199
4841,7898
4842,5851
4843,13524
4844,7356
4845,5333
4846,4946
4847,6978
4848,8351
4849,9341
4850,9557
4851,4349
4852,6030
4853,4375
4854,6470
4855,3456
4856,8290
4857,4627
4858,4125
4859,4765
4860,6992
4861,6176
4862,4309
4863,6669
4864,4453
4865,3463
4866,5126
4867,3279
4868,3795
4869,4337
4870,5417
4871,7255
4872,6773
4873,5975
4874,4995
4875,4538
4876,9307
4877,5750
4878,4234
4879,4418
4880,3981
4881,6764
4882,3737
4883,9476
4884,6287
4885,2900
4886,4197
4887,5366
4888,4963
4889,4002
4890,6828
4891,7703
4892,10591
4893,4895
4894,8462
4895,2827
4896,4051
4897,5037
4898,4209
4899,5550
4900,4303
4901,5255
4902,3172
4903,4013
4904,8754
4905,6790
4906,3785
4907,4596
4908,7318
4909,8572
4910,6266
4911,4518
4912,3521
4913,8321
4914,5370
4915,6340
4916,4648
4917,4035
4918,5561
4919,6945
4920,2817
4921,3631
4922,3880
4923,5341
4924,8264
4925,5834
4926,6396
4927,10691
4928,3895
4929,8345
4930,9416
4931,5092
4932,4156
4933,2806
4934,6596
4935,4984
4936,4889
4937,4560
4938,5246
4939,8852
4940,4173
4941,4043
4942,5538
4943,4044
4944,5966
4945,4114
4946,3491
4947,5440
4948,2924
4949,5772
4950,6825
4951,5102
4952,6050
4953,6738
4954,6956
4955,3978
4956,5980
4957,7271
4958,5715
4959,4608
4960,4933
4961,4411
4962,8278
4963,4946
4964,5255
4965,4109
4966,5939
4967,6763
4968,5474
4969,4834
4970,7193
4971,4791
4972,5299
4973,14432
4974,4598
4975,7267
4976,4689
4977,4642
4978,4397
4979,3905
4980,3320
4981,3753
4982,6699
4983,11296
4984,7244
4985,7485
4986,8071
4987,8924
4988,8540
4989,6074
4990,4865
4991,4400
4992,9546
4993,8428
4994,5492
4995,7083
4996,6316
4997,4964
4998,3469
4999,8992
5000,5382
5001,5110
5002,4780
5003,1905
5004,10652
5005,8871
5006,12256
5007,4707
5008,3888
5009,4179
5010,4718
5011,5365
5012,5821
5013,5111
5014,4413
5015,3594
5016,5587
5017,3536
5018,2488
5019,4700
5020,10991
5021,5587
5022,16267
5023,3856
5024,4729
5025,5504
5026,4328
5027,3909
5028,3919
5029,4008
5030,3387
5031,5954
5032,5363
5033,3165
5034,6964
5035,4150
5036,4867
5037,3641
5038,7874
5039,5918
5040,8153
5041,4080
5042,5269
5043,3526
5044,3742
5045,3662
5046,13080
5047,8259
5048,4971
5049,3802
5050,3803
5051,4591
5052,3912
5053,7705
5054,3558
5055,12426
5056,3643
5057,4165
5058,4500
5059,7468
5060,5530
5061,3737
5062,5246
5063,5836
5064,5297
5065,5303
5066,4765
5067,2913
5068,7906
5069,4115
5070,3510
5071,4748
5072,4664
5073,4967
5074,5195
5075,7107
5076,6871
5077,5328
5078,5327
5079,3619
5080,6691
5081,4654
5082,3675
5083,5700
5084,5742
5085,5167
5086,6894
5087,4813
5088,5178
5089,4911
5090,5139
5091,4709
5092,6019
5093,5644
5094,5111
5095,4424
5096,4301
5097,7018
5098,4867
5099,3915
5100,9340
5101,4248
5102,3094
5103,5943
5104,7005
5105,7799
5106,4259
5107,4466
5108,4936
5109,3119
5110,4987
5111,6256
5112,5063
5113,4355
5114,5333
5115,6367
5116,2741
5117,4473
5118,4568
5119,4413
5120,3909
5121,5548
5122,6338
5123,4938
5124,4078
5125,6535
5126,4741
5127,6534
5128,7118
5129,3933
5130,5280
5131,5521
5132,6443
5133,5995
5134,6935
5135,2920
5136,7786
5137,5042
5138,5920
5139,8326
5140,3823
5141,3221
5142,10867
5143,6770
5144,6217
5145,4640
5146,4731
5147,7318
5148,2869
5149,5047
5150,4587
5151,6187
5152,4906
5153,4221
5154,6279
5155,4346
5156,7316
5157,8871
5158,14380
5159,5805
5160,3633
5161,4108
5162,3253
5163,2754
5164,8936
5165,6663
5166,4263
5167,7083
5168,4422
5169,8943
5170,3553
5171,4820
5172,4814
5173,7806
5174,4206
5175,5436
5176,4437
5177,4063
5178,6075
5179,3774
5180,5811
5181,6299
5182,8427
5183,5917
5184,5972
5185,4474
5186,8730
5187,3741
5188,4066
5189,8492
5190,5649
5191,7430
5192,6244
5193,13516
5194,4357
5195,4238
5196,3735
5197,4843
5198,7222
5199,7935
5200,5262
5201,6417
5202,6198
5203,3131
5204,6179
5205,6151
5206,4934
5207,6306
5208,4321
5209,3695
5210,3940
5211,3452
5212,4023
5213,6504
5214,5608
5215,8635
5216,13548
5217,5624
5218,4158
5219,5763
5220,6618
5221,7455
5222,3068
5223,4799
5224,3319
5225,6976
5226,5100
5227,4705
5228,10250
5229,10892
5230,4141
5231,5587
5232,3250
5233,4578
5234,4761
5235,6782
5236,3945
5237,3548
5238,4509
5239,5578
5240,4954
5241,3877
5242,4252
5243,5440
5244,5282
5245,5143
5246,2945
5247,8352
5248,15613
5249,3361
5250,5647
5251,6770
5252,5491
5253,3584
5254,3080
5255,3454
5256,6201
5257,4071
5258,5928
5259,7846
5260,3509
5261,4022
5262,5075
5263,4299
5264,3746
5265,4277
5266,4941
5267,8047
5268,6083
5269,7684
5270,4324
5271,3412
5272,5106
5273,4886
5274,6273
5275,4794
5276,3919
5277,18798
5278,4708
5279,4948
5280,9832
5281,5695
5282,5163
5283,4924
5284,6236
5285,3905
5286,7594
5287,12321
5288,4134
5289,4283
5290,5329
5291,10444
5292,4681
5293,4048
5294,4780
5295,4292
5296,5210
5297,3392
5298,7003
5299,3219
5300,6190
5301,2184
5302,15369
5303,6987
5304,3666
5305,4127
5306,6969
5307,4837
5308,5580
5309,6441
5310,4795
5311,4096
5312,3551
5313,7686
5314,4695
5315,4691
5316,5906
5317,6025
5318,4303
5319,6336
5320,4571
5321,3275
5322,6920
5323,7180
5324,3772
5325,5978
5326,4992
5327,4035
5328,7352
5329,4382
5330,6049
5331,5014
5332,6378
5333,3408
5334,3935
5335,3638
5336,7197
5337,5801
5338,6825
5339,3057
5340,6501
5341,3495
5342,4968
5343,4264
5344,4565
5345,5483
5346,5568
5347,4959
5348,6871
5349,3285
5350,4901
5351,5810
5352,5785
5353,5674
5354,6666
5355,8054
5356,5576
5357,2425
5358,5260
5359,4108
5360,4962
5361,5668
5362,3352
5363,8853
5364,4050
5365,5294
5366,8087
5367,5169
5368,3214
5369,9564
5370,4495
5371,8163
5372,4627
5373,6162
5374,7092
5375,4638
5376,4315
5377,5503
5378,4248
5379,4440
5380,4953
5381,7874
5382,5990
5383,4772
5384,3915
5385,5276
5386,5836
5387,5286
5388,5854
5389,4827
5390,5071
5391,3472
5392,6150
5393,6573
5394,5518
5395,4548
5396,5485
5397,5879
5398,7617
5399,4480
5400,6041
5401,4322
5402,4637
5403,6106
5404,5497
5405,3900
5406,3424
5407,6985
5408,6897
5409,3984
5410,4365
5411,6093
5412,4714
5413,4377
5414,5391
5415,3916
5416,2751
5417,6470
5418,3432
5419,6125
5420,4950
5421,5057
5422,4753
5423,8092
5424,7172
5425,6193
5426,4068
5427,6532
5428,6057
5429,3440
5430,2773
5431,6823
5432,2762
5433,5661
5434,10361
5435,6154
5436,5657
5437,3381
5438,5829
5439,5047
5440,5186
5441,5637
5442,6422
5443,6498
5444,4621
5445,6383
5446,3986
5447,5429
5448,4107
5449,4320
5450,4547
5451,4390
5452,4782
5453,5961
5454,3827
5455,7462
5456,5405
5457,3479
5458,3741
5459,6727
5460,5876
5461,4640
5462,5118
5463,5226
5464,4069
5465,5169
5466,5017
5467,5345
5468,4193
5469,4211
5470,7125
5471,5587
5472,4484
5473,3081
5474,8079
5475,4608
5476,3932
5477,5469
5478,8822
5479,6208
5480,6851
5481,7642
5482,5673
5483,4273
5484,4564
5485,6122
5486,7097
5487,10534
5488,3784
5489,4824
5490,2715
5491,3539
5492,7373
5493,11034
5494,4926
5495,3688
5496,4083
5497,5014
5498,4445
5499,6731
5500,6832
5501,4673
5502,3319
5503,5948
5504,4522
5505,7139
5506,7165
5507,3932
5508,5578
5509,3264
5510,5422
5511,6414
5512,5628
5513,7138
5514,4904
5515,5978
5516,3582
5517,4921
5518,5904
5519,6807
5520,5919
5521,6109
5522,4485
5523,3606
5524,7904
5525,3728
5526,9169
5527,4721
5528,3483
5529,6319
5530,5372
5531,4928
5532,6287
5533,7549
5534,3703
5535,9800
5536,3320
5537,3752
5538,5314
5539,6249
5540,8568
5541,6447
5542,4815
5543,4421
5544,5032
5545,5798
5546,4176
5547,5063
5548,4371
5549,8312
5550,5655
5551,6650
5552,10170
5553,6977
5554,3734
5555,4169
5556,4685
5557,9419
5558,4422
5559,6792
5560,3718
5561,7711
5562,5349
5563,4121
5564,3766
5565,3719
5566,4045
5567,4511
5568,4478
5569,3830
5570,3712
5571,3765
5572,6857
5573,5577
5574,18060
5575,4909
5576,3312
5577,3835
5578,5706
5579,7208
5580,3618
5581,3775
5582,7175
5583,5520
5584,5871
5585,4798
5586,6154
5587,5737
5588,3451
5589,4597
5590,5613
5591,6387
5592,4861
5593,5603
5594,5488
5595,7746
5596,3538
5597,3438
5598,3720
5599,7591
5600,8612
5601,5048
5602,6970
5603,3892
5604,6050
5605,3507
5606,4365
5607,3069
5608,6223
5609,6564
5610,8112
5611,7452
5612,4890
5613,4010
5614,3627
5615,3707
5616,4480
5617,7878
5618,5083
5619,4004
5620,3889
5621,3675
5622,6012
5623,2983
5624,5298
5625,3258
5626,5530
5627,4652
5628,4317
5629,5617
5630,4025
5631,6181
5632,7147
5633,5305
5634,4574
5635,6894
5636,3646
5637,5409
5638,5412
5639,8448
5640,4516
5641,4726
5642,6118
5643,5699
5644,6961
5645,4946
5646,6801
5647,3411
5648,3802
5649,4851
5650,4999
5651,6900
5652,5598
5653,3055
5654,3949
5655,5733
5656,5241
5657,7642
5658,3291
5659,10279
5660,5914
5661,3666
5662,5034
5663,5106
5664,4981
5665,6464
5666,3511
5667,4695
5668,5051
5669,5753
5670,5334
5671,4357
5672,5586
5673,4510
5674,4067
5675,6037
5676,5973
5677,4881
5678,3546
5679,8560
5680,3873
5681,6999
5682,6083
5683,9134
5684,5151
5685,3669
5686,4963
5687,5307
5688,4112
5689,3904
5690,5855
5691,5986
5692,3239
5693,6212
5694,4736
5695,5249
5696,3609
5697,6102
5698,6804
5699,3819
5700,9523
5701,3914
5702,3507
5703,5950
5704,7178
5705,4270
5706,3875
5707,5573
5708,4723
5709,4134
5710,4778
5711,4116
5712,6908
5713,6492
5714,5025
5715,5970
5716,3968
5717,3753
5718,4327
5719,6277
5720,5535
5721,6609
5722,6049
5723,7253
5724,4095
5725,6702
5726,5413
5727,4178
5728,5207
5729,6938
5730,4858
5731,5842
5732,7666
5733,6254
5734,5357
5735,4222
5736,5823
5737,5399
5738,5847
5739,4988
5740,3116
5741,4253
5742,7487
5743,5831
5744,4584
5745,3236
5746,6546
5747,5457
5748,6261
5749,4929
5750,4414
5751,4134
5752,3154
5753,7844
5754,5575
5755,5442
5756,4868
5757,4002
5758,0
5759,5079
5760,5013
5761,2897
5762,4935
5763,3499
5764,6396
5765,6074
5766,5123
5767,9198
5768,3665
5769,3799
5770,7907
5771,3993
5772,4869
5773,1945
5774,6046
5775,6155
5776,4177
5777,4916
5778,5101
5779,4717
5780,4659
5781,6852
5782,8508
5783,2113
5784,5197
5785,2140
5786,10975
5787,3548
5788,6300
5789,6723
5790,4478
5791,4912
5792,3825
5793,4266
5794,2757
5795,3828
5796,4868
5797,3959
5798,5356
5799,5406
5800,4340
5801,4970
5802,5022
5803,6791
5804,6734
5805,6112
5806,3417
5807,2945
5808,7661
5809,7547
5810,4021
5811,5900
5812,4127
5813,5857
5814,3900
5815,3889
5816,5037
5817,2942
5818,4830
5819,3644
5820,7307
5821,5686
5822,6222
5823,6540
5824,4449
5825,6337
5826,15719
5827,7514
5828,3829
5829,2126
5830,4917
5831,6682
5832,4281
5833,4662
5834,12033
5835,5176
5836,8787
5837,19479
5838,3197
5839,5162
5840,3936
5841,3652
5842,7504
5843,3644
5844,6284
5845,7943
5846,6081
5847,4700
5848,5835
5849,4129
5850,4416
5851,3208
5852,4290
5853,5768
5854,6793
5855,4777
5856,4512
5857,3832
5858,5689
5859,3632
5860,4013
5861,3183
5862,5850
5863,4093
5864,4694
5865,5410
5866,6211
5867,5051
5868,4805
5869,4682
5870,4376
5871,5503
5872,5206
5873,6623
5874,6242
5875,5945
5876,4589
5877,2720
5878,4788
5879,5554
5880,4691
5881,3846
5882,2208
5883,6626
5884,5249
5885,6637
5886,5373
5887,4104
5888,5324
5889,4259
5890,3682
5891,7656
5892,3939
5893,5813
5894,6194
5895,12030
5896,4441
5897,4522
5898,5707
5899,4687
5900,5978
5901,4131
5902,6095
5903,3756
5904,5671
5905,3179
5906,4540
5907,3165
5908,8113
5909,4204
5910,11749
5911,10141
5912,4158
5913,5211
5914,4067
5915,5304
5916,4225
5917,8456
5918,5983
5919,7086
5920,3387
5921,6098
5922,3985
5923,6784
5924,6878
5925,5147
5926,4650
5927,5127
5928,6054
5929,6013
5930,7717
5931,4502
5932,6259
5933,7748
5934,4944
5935,5259
5936,4695
5937,7028
5938,5867
5939,4220
5940,3690
5941,4954
5942,3876
5943,6439
5944,4716
5945,6302
5946,4618
5947,6988
5948,3534
5949,5992
5950,7251
5951,6191
5952,6597
5953,5632
5954,3331
5955,10611
5956,7896
5957,6177
5958,13874
5959,7852
5960,4844
5961,4889
5962,6952
5963,8152
5964,8724
5965,8692
5966,4370
5967,5926
5968,4307
5969,6378
5970,3391
5971,9147
5972,4558
5973,3800
5974,4593
5975,6925
5976,6015
5977,4215
5978,6413
5979,4183
5980,3364
5981,5309
5982,3280
5983,3374
5984,4605
5985,4943
5986,7100
5987,6542
5988,5762
5989,5039
5990,4694
5991,9157
5992,5690
5993,4156
5994,4253
5995,3783
5996,6891
5997,3515
5998,9712
5999,5634
6000,2996
6001,3821
6002,5316
6003,4801
6004,3877
6005,6497
6006,7987
6007,10011
6008,4380
6009,8195
6010,2695
6011,4184
6012,5041
6013,4064
6014,5529
6015,4105
6016,4865
6017,3002
6018,4151
6019,7952
6020,6474
6021,3718
6022,4387
6023,6964
6024,8320
6025,6987
6026,4473
6027,3634
6028,7442
6029,4819
6030,5806
6031,4547
6032,4070
6033,4942
6034,7421
6035,3032
6036,3195
6037,4220
6038,5033
6039,7232
6040,5739
6041,6244
6042,10652
6043,3932
6044,7834
6045,8927
6046,4950
6047,4263
6048,2912
6049,5900
6050,4759
6051,4489
6052,4560
6053,5367
6054,9267
6055,4101
6056,4277
6057,5268
6058,4654
6059,5790
6060,3892
6061,3532
6062,5795
6063,2744
6064,6058
6065,6410
6066,4700
6067,6001
6068,6747
6069,6808
6070,3902
6071,5889
6072,7011
6073,5453
6074,4098
6075,4398
6076,3640
6077,7793
6078,5613
6079,5202
6080,3878
6081,5405
6082,6680
6083,5507
6084,4589
6085,6621
6086,4582
6087,5677
6088,14421
6089,4547
6090,6885
6091,5046
6092,4530
6093,4072
6094,3872
6095,3230
6096,3848
6097,6731
6098,10385
6099,6541
6100,7199
6101,8438
6102,8648
6103,7935
6104,6412
6105,5201
6106,4444
6107,8972
6108,8094
6109,5244
6110,6995
6111,6311
6112,4722
6113,3296
6114,8593
6115,5012
6116,4932
6117,4829
6118,1919
6119,10414
6120,8772
6121,12293
6122,4676
6123,3768
6124,3842
6125,4475
6126,5362
6127,5535
6128,5036
6129,4192
6130,3453
6131,6068
6132,3020
6133,2576
6134,5098
6135,10304
6136,5378
6137,15879
6138,3788
6139,4881
6140,5161
6141,4516
6142,3797
6143,3933
6144,4090
6145,3449
6146,5889
6147,5289
6148,2821
6149,6498
6150,3906
6151,4712
6152,3749
6153,7491
6154,5808
6155,8407
6156,3874
6157,5339
6158,3461
6159,3790
6160,3654
6161,11656
6162,7717
6163,5327
6164,3769
6165,3662
6166,4358
6167,4208
6168,8993
6169,3722
6170,11780
6171,3662
6172,4111
6173,4312
6174,7055
6175,5351
6176,3553
6177,5233
6178,5691
6179,5136
6180,5241
6181,4724
6182,2878
6183,7920
6184,4211
6185,3339
6186,4426
6187,4822
6188,4752
6189,5460
6190,6856
6191,6768
6192,5202
6193,5378
6194,3214
6195,6353
6196,4345
6197,3604
6198,5825
6199,5943
6200,5436
6201,7005
6202,4636
6203,4922
6204,4968
6205,5319
6206,4536
6207,5764
6208,5458
6209,5333
6210,4887
6211,3991
6212,6895
6213,4685
6214,3684
6215,9084
6216,4446
6217,2896
6218,6042
6219,6863
6220,7568
6221,4202
6222,4531
6223,4763
6224,3051
6225,4695
6226,5732
6227,5456
6228,4544
6229,5221
6230,6350
6231,2632
6232,4147
6233,4600
6234,4299
6235,3761
6236,5187
6237,5863
6238,4479
6239,3867
6240,6491
6241,4681
6242,6560
6243,6653
6244,3776
6245,5138
6246,5193
6247,6269
6248,5830
6249,6379
6250,3964
6251,8479
6252,5122
6253,5982
6254,7713
6255,3715
6256,3059
6257,10174
6258,6705
6259,5984
6260,4620
6261,5204
6262,6732
6263,3153
6264,5220
6265,4436
6266,6280
6267,5018
6268,4513
6269,5997
6270,4574
6271,6744
6272,8638
6273,13575
6274,5901
6275,3729
6276,4018
6277,3026
6278,2760
6279,8863
6280,6414
6281,4023
6282,6790
6283,4423
6284,8611
6285,3478
6286,4806
6287,4713
6288,6889
6289,3816
6290,5023
6291,4221
6292,3673
6293,5661
6294,3875
6295,5524
6296,6090
6297,8084
6298,5886
6299,6108
6300,4789
6301,8253
6302,3601
6303,3889
6304,8176
6305,5314
6306,7306
6307,6177
6308,13647
6309,4324
6310,4108
6311,3764
6312,4730
6313,6925
6314,7539
6315,5160
6316,6506
6317,6040
6318,3063
6319,5814
6320,6020
6321,4842
6322,6463
6323,4469
6324,3699
6325,3796
6326,3229
6327,3762
6328,6277
6329,5992
6330,8537
6331,12910
6332,4918
6333,3902
6334,5332
6335,6644
6336,7239
6337,3086
6338,4788
6339,3411
6340,7040
6341,4792
6342,4762
6343,9988
6344,10883
6345,3952
6346,5472
6347,3169
6348,4238
6349,4685
6350,6804
6351,3945
6352,3311
6353,4286
6354,5759
6355,5639
6356,3906
6357,4372
6358,5896
6359,4975
6360,5118
6361,3077
6362,7745
6363,14575
6364,3233
6365,5508
6366,6673
6367,5254
6368,3412
6369,3137
6370,3215
6371,6197
6372,3871
6373,6097
6374,7383
6375,3473
6376,3950
6377,4879
6378,4334
6379,3758
6380,4361
6381,4664
6382,7415
6383,6071
6384,7137
6385,4482
6386,3401
6387,4895
6388,4541
6389,6727
6390,4856
6391,3900
6392,18717
6393,4667
6394,4843
6395,8698
6396,5678
6397,4980
6398,4826
6399,5901
6400,3693
6401,7392
6402,11884
6403,4171
6404,3943
6405,4827
6406,10006
6407,4631
6408,3988
6409,4897
6410,3960
6411,4893
6412,3295
6413,6592
6414,3175
6415,5875
6416,2031
6417,15142
6418,6370
6419,3244
6420,4112
6421,7159
6422,4730
6423,5024
6424,6211
6425,4611
6426,3923
6427,3624
6428,7208
6429,4541
6430,4375
6431,5435
6432,5662
6433,4144
6434,5891
6435,4471
6436,3070
6437,7069
6438,6556
6439,3521
6440,6086
6441,5184
6442,3806
6443,7342
6444,4592
6445,6193
6446,4978
6447,6336
6448,3202
6449,3632
6450,3565
6451,8074
6452,4892
6453,6427
6454,2960
6455,6263
6456,3108
6457,4802
6458,3875
6459,4511
6460,5340
6461,5679
6462,5000
6463,6755
6464,3477
6465,4562
6466,5481
6467,6199
6468,5098
6469,6083
6470,7362
6471,5606
6472,2222
6473,5372
6474,4061
6475,4894
6476,5329
6477,3073
6478,8471
6479,3959
6480,5402
6481,7468
6482,5654
6483,3055
6484,8703
6485,4737
6486,7912
6487,4295
6488,6088
6489,7454
6490,4643
6491,4030
6492,5147
6493,4310
6494,4193
6495,4633
6496,7682
6497,5568
6498,4535
6499,3877
6500,5090
6501,5912
6502,5160
6503,5454
6504,4785
6505,5053
6506,3849
6507,6004
6508,6171
6509,5185
6510,4782
6511,5007
6512,5578
6513,7590
6514,4133
6515,5885
6516,4130
6517,4824
6518,5754
6519,5440
6520,3756
6521,3407
6522,5778
6523,7238
6524,3914
6525,4206
6526,6210
6527,4332
6528,4553
6529,4722
6530,3891
6531,2867
6532,6182
6533,3474
6534,5902
6535,4831
6536,4784
6537,4830
6538,8664
6539,6741
6540,5784
6541,3936
6542,6910
6543,5908
6544,3204
6545,2767
6546,6777
6547,2665
6548,5383
6549,9591
6550,6618
6551,5261
6552,3429
6553,5460
6554,5286
6555,4951
6556,5767
6557,6211
6558,6408
6559,4565
6560,6189
6561,3778
6562,5297
6563,4206
6564,4241
6565,4909
6566,4207
6567,4324
6568,6026
6569,3669
6570,7403
6571,5787
6572,3374
6573,3381
6574,6973
6575,5522
6576,4848
6577,4876
6578,5287
6579,3883
6580,5181
6581,4812
6582,4995
6583,4034
6584,4054
6585,6719
6586,5435
6587,4568
6588,2987
6589,7935
6590,4558
6591,3909
6592,5445
6593,8319
6594,6239
6595,6061
6596,7144
6597,5212
6598,4189
6599,4582
6600,5654
6601,6908
6602,9013
6603,3627
6604,5144
6605,2989
6606,3349
6607,7433
6608,11284
6609,5198
6610,3951
6611,4238
6612,5154
6613,4206
6614,6044
6615,6853
6616,4697
6617,3401
6618,5708
6619,4438
6620,7485
6621,7075
6622,3797
6623,5783
6624,3264
6625,5259
6626,6426
6627,5720
6628,6717
6629,4916
6630,5704
6631,3279
6632,5130
6633,5449
6634,6622
6635,5839
6636,6003
6637,4592
6638,3510
6639,7484
6640,3514
6641,8831
6642,4665
6643,3144
6644,5012
6645,5267
6646,5091
6647,5879
6648,7448
6649,3737
6650,9278
6651,3282
6652,3877
6653,4792
6654,6232
6655,8187
6656,6192
6657,5161
6658,4050
6659,4996
6660,5482
6661,4224
6662,4977
6663,4396
6664,8139
6665,5450
6666,6532
6667,9195
6668,6589
6669,3510
6670,3854
6671,4486
6672,9680
6673,4265
6674,6869
6675,3661
6676,8111
6677,5156
6678,3997
6679,3908
6680,3598
6681,4212
6682,4366
6683,4498
6684,3620
6685,3921
6686,3631
6687,6757
6688,5690
6689,17704
6690,4943
6691,3637
6692,3967
6693,6078
6694,8008
6695,4231
6696,4159
6697,8265
6698,5137
6699,6477
6700,5129
6701,6496
6702,6507
6703,3980
6704,5140
6705,6514
6706,6982
6707,5221
6708,6858
6709,6094
6710,6920
6711,4899
6712,4273
6713,4702
6714,8816
6715,9073
6716,5891
6717,8133
6718,4084
6719,7117
6720,3230
6721,5192
6722,3530
6723,7164
6724,7164
6725,9284
6726,8442
6727,6077
6728,5054
6729,4218
6730,3650
6731,5544
6732,8790
6733,5761
6734,4635
6735,4476
6736,4516
6737,6644
6738,3176
6739,6765
6740,3670
6741,6515
6742,5086
6743,4697
6744,7226
6745,4252
6746,7353
6747,7783
6748,5991
6749,4933
6750,7057
6751,4299
6752,5988
6753,6430
6754,9686
6755,4910
6756,5697
6757,6592
6758,6827
6759,8222
6760,5772
6761,7992
6762,3588
6763,3981
6764,5179
6765,5984
6766,8206
6767,6809
6768,3508
6769,4650
6770,7031
6771,6674
6772,8243
6773,3755
6774,11247
6775,6267
6776,4017
6777,4942
6778,5488
6779,5578
6780,7394
6781,3687
6782,5375
6783,5884
6784,6497
6785,5623
6786,4113
6787,5829
6788,5072
6789,4631
6790,7109
6791,6786
6792,5511
6793,4384
6794,8916
6795,4512
6796,7899
6797,7024
6798,11045
6799,6013
6800,3644
6801,6126
6802,5875
6803,5000
6804,4538
6805,7225
6806,6325
6807,3459
6808,7130
6809,5132
6810,6178
6811,3858
6812,7221
6813,6968
6814,5181
6815,10765
6816,4800
6817,4364
6818,6933
6819,7779
6820,4412
6821,4239
6822,6317
6823,5013
6824,4406
6825,5359
6826,4365
6827,8091
6828,6419
6829,5885
6830,6383
6831,4367
6832,4366
6833,5402
6834,6612
6835,6233
6836,7521
6837,7565
6838,7748
6839,4642
6840,7819
6841,6595
6842,4776
6843,5592
6844,7704
6845,6018
6846,5562
6847,8441
6848,7466
6849,6369
6850,4902
6851,6763
6852,6427
6853,6030
6854,5865
6855,3355
6856,4765
6857,8223
6858,6458
6859,5215
6860,3620
6861,7325
6862,5914
6863,7008
6864,5723
6865,5246
6866,4641
6867,3245
6868,8513
6869,5915
6870,6209
6871,5277
6872,4848
6873,8282
6874,5745
6875,5829
6876,3239
6877,5952
6878,4187
6879,7642
6880,6933
6881,5992
6882,11164
6883,3971
6884,4516
6885,8865
6886,4538
6887,6082
6888,2182
6889,7263
6890,7321
6891,5131
6892,5766
6893,5553
6894,5271
6895,5184
6896,6845
6897,9058
6898,2702
6899,5829
6900,2752
6901,11027
6902,3969
6903,7363
6904,8961
6905,5073
6906,5764
6907,4589
6908,4133
6909,2952
6910,3943
6911,5742
6912,4427
6913,6568
6914,6474
6915,4840
6916,5936
6917,5794
6918,7951
6919,8035
6920,7357
6921,4384
6922,3648
6923,8616
6924,9192
6925,4712
6926,6870
6927,4485
6928,6519
6929,4587
6930,4444
6931,6203
6932,3562
6933,5314
6934,4407
6935,7820
6936,6562
6937,6984
6938,7090
6939,4859
6940,7532
6941,17923
6942,8560
6943,4395
6944,2740
6945,5803
6946,7106
6947,4465
6948,5604
6949,12053
6950,5605
6951,9305
6952,18492
6953,3568
6954,5934
6955,4444
6956,3352
6957,7257
6958,4682
6959,6927
6960,8386
6961,6426
6962,5247
6963,6408
6964,4243
6965,5412
6966,3299
6967,5565
6968,6704
6969,8475
6970,5656
6971,5633
6972,3779
6973,6362
6974,4283
6975,4845
6976,3400
6977,7053
6978,4906
6979,5332
6980,6420
6981,6535
6982,5289
6983,4970
6984,4960
6985,4518
6986,5899
6987,5944
6988,7841
6989,7098
6990,6705
6991,5097
6992,3252
6993,5414
6994,6296
6995,5284
6996,4078
6997,2289
6998,7315
6999,5755
7000,8297
7001,5628
7002,4772
7003,6427
7004,4542
7005,4054
7006,8573
7007,5153
7008,6643
7009,7467
7010,12643
7011,5221
7012,4134
7013,6832
7014,4444
7015,5097
7016,5180
7017,6810
7018,4119
7019,6531
7020,3482
7021,4712
7022,3284
7023,8733
7024,4996
7025,12209
7026,10884
7027,4820
7028,5598
7029,4634
7030,5700
7031,4966
7032,9637
7033,7224
7034,7669
7035,3911
7036,7226
7037,4632
7038,7780
7039,7276
7040,6239
7041,5602
7042,6105
7043,6208
7044,7518
7045,7894
7046,5577
7047,6523
7048,8607
7049,6059
7050,6209
7051,5461
7052,7596
7053,6262
7054,4695
7055,4253
7056,5689
7057,4636
7058,7762
7059,5764
7060,7161
7061,5364
7062,8175
7063,4262
7064,6425
7065,8113
7066,6822
7067,7343
7068,5925
7069,3634
7070,11801
7071,7897
7072,7234
7073,14662
7074,7887
7075,6011
7076,5965
7077,7509
7078,8975
7079,9211
7080,9943
7081,5352
7082,6397
7083,5371
7084,7725
7085,3987
7086,8848
7087,5115
7088,4686
7089,5327
7090,7363
7091,6338
7092,4788
7093,7161
7094,4378
7095,3747
7096,6373
7097,3864
7098,3933
7099,4709
7100,5507
7101,8308
7102,8012
7103,5869
7104,6008
7105,5128
7106,9358
7107,5744
7108,5310
7109,4951
7110,4428
7111,8922
7112,3748
7113,11179
7114,6788
7115,3139
7116,4034
7117,5721
7118,5195
7119,4551
7120,7479
7121,8894
7122,10232
7123,5255
7124,9646
7125,2782
7126,4572
7127,5977
7128,4818
7129,6331
7130,5137
7131,6419
7132,3751
7133,4617
7134,10240
7135,8219
7136,4206
7137,4839
7138,8166
7139,8574
7140,6741
7141,5081
7142,4120
7143,7785
7144,5338
7145,6913
7146,4841
7147,4896
7148,6545
7149,7729
7150,3270
7151,3925
7152,4144
7153,5196
7154,8689
7155,7100
7156,7334
7157,11460
7158,4747
7159,9603
7160,10029
7161,6210
7162,4624
7163,3004
7164,6619
7165,5527
7166,5163
7167,5075
7168,5910
7169,10062
7170,4221
7171,4750
7172,6857
7173,4245
7174,7558
7175,4661
7176,4006
7177,6578
7178,3012
7179,6082
7180,7072
7181,6077
7182,6791
7183,7663
7184,7085
7185,4716
7186,6706
7187,8237
7188,6278
7189,5099
7190,5294
7191,3966
7192,8682
7193,6173
7194,5883
7195,4269
7196,6151
7197,7685
7198,6534
7199,5141
7200,7731
7201,5104
7202,6317
7203,15154
7204,5187
7205,8441
7206,4987
7207,4874
7208,5340
7209,4759
7210,3583
7211,4524
7212,7815
7213,11915
7214,7606
7215,8386
7216,8181
7217,9920
7218,9136
7219,7434
7220,5373
7221,4599
7222,9433
7223,9546
7224,6816
7225,7391
7226,7666
7227,5456
7228,3353
7229,9689
7230,5581
7231,5528
7232,5579
7233,1933
7234,10966
7235,9099
7236,12543
7237,5140
7238,4378
7239,4733
7240,5487
7241,5895
7242,6074
7243,6595
7244,4683
7245,3832
7246,6121
7247,3383
7248,2726
7249,5137
7250,11738
7251,6291
7252,16383
7253,3826
7254,5550
7255,5858
7256,5109
7257,4593
7258,4908
7259,4130
7260,3606
7261,7456
7262,6269
7263,3286
7264,7700
7265,4306
7266,5494
7267,4163
7268,8464
7269,6815
7270,8714
7271,4235
7272,5977
7273,4077
7274,4269
7275,4260
7276,12708
7277,9320
7278,5982
7279,4234
7280,4713
7281,5505
7282,3935
7283,7942
7284,3781
7285,12712
7286,3950
7287,4334
7288,4761
7289,8807
7290,6914
7291,4408
7292,5557
7293,6038
7294,6129
7295,6293
7296,4944
7297,3197
7298,8211
7299,4531
7300,3769
7301,5045
7302,5941
7303,5156
7304,5912
7305,7741
7306,7755
7307,6055
7308,6448
7309,3554
7310,7489
7311,4971
7312,4121
7313,6824
7314,6540
7315,5847
7316,7909
7317,5275
7318,5721
7319,5479
7320,5286
7321,4991
7322,6642
7323,6851
7324,5669
7325,5425
7326,4699
7327,7910
7328,5724
7329,4181
7330,9918
7331,4421
7332,2967
7333,7132
7334,8211
7335,8242
7336,4462
7337,5347
7338,5675
7339,3516
7340,5613
7341,6661
7342,5845
7343,5520
7344,5530
7345,7362
7346,2862
7347,5162
7348,4948
7349,4370
7350,4458
7351,6077
7352,6850
7353,5502
7354,4770
7355,6719
7356,5750
7357,7493
7358,7860
7359,4510
7360,5761
7361,5745
7362,6705
7363,6808
7364,8535
7365,3172
7366,8537
7367,5749
7368,6722
7369,9043
7370,4405
7371,3285
7372,10645
7373,7350
7374,7157
7375,5067
7376,5164
7377,8024
7378,3410
7379,5887
7380,4687
7381,7502
7382,5208
7383,5040
7384,6803
7385,4761
7386,8056
7387,9415
7388,14648
7389,6554
7390,4144
7391,4575
7392,3726
7393,2858
7394,9546
7395,7167
7396,5318
7397,8236
7398,5178
7399,8402
7400,4209
7401,5155
7402,5562
7403,7601
7404,4819
7405,5826
7406,4984
7407,4173
7408,6501
7409,4464
7410,6383
7411,7285
7412,8437
7413,6851
7414,6973
7415,5488
7416,9200
7417,4207
7418,5039
7419,9786
7420,6314
7421,7874
7422,6740
7423,14954
7424,4755
7425,4356
7426,4060
7427,5347
7428,8032
7429,8966
7430,6283
7431,7198
7432,7283
7433,3622
7434,6728
7435,6217
7436,5808
7437,7495
7438,5262
7439,4450
7440,4507
7441,3527
7442,4156
7443,7132
7444,5972
7445,9735
7446,15052
7447,5765
7448,4100
7449,6463
7450,7311
7451,7912
7452,3584
7453,5541
7454,3774
7455,7497
7456,5920
7457,5735
7458,11431
7459,12101
7460,4052
7461,6152
7462,3418
7463,4813
7464,4930
7465,7512
7466,4280
7467,4110
7468,4646
7469,6254
7470,5151
7471,4007
7472,5054
7473,6789
7474,6270
7475,6106
7476,2806
7477,9069
7478,16064
7479,3638
7480,6954
7481,7640
7482,6113
7483,4245
7484,3227
7485,3834
7486,6689
7487,4556
7488,6145
7489,8732
7490,3992
7491,4700
7492,6037
7493,4951
7494,4333
7495,4568
7496,5322
7497,8907
7498,6564
7499,8315
7500,5213
7501,3607
7502,5357
7503,4965
7504,7735
7505,5257
7506,4496
7507,18784
7508,5167
7509,5370
7510,9735
7511,6289
7512,5978
7513,5541
7514,6478
7515,4108
7516,8298
7517,13466
7518,4698
7519,4638
7520,5458
7521,10740
7522,5849
7523,4496
7524,5294
7525,4896
7526,5110
7527,3950
7528,7394
7529,3241
7530,6138
7531,2444
7532,18109
7533,7736
7534,3565
7535,5222
7536,8451
7537,5596
7538,5721
7539,7278
7540,5381
7541,4705
7542,3819
7543,7915
7544,4815
7545,5208
7546,5939
7547,6811
7548,4176
7549,6992
7550,5799
7551,3412
7552,7630
7553,8809
7554,3889
7555,7297
7556,6313
7557,4823
7558,8708
7559,4598
7560,6146
7561,6258
7562,7124
7563,3243
7564,4594
7565,4111
7566,7505
7567,5331
7568,7726
7569,3392
7570,6970
7571,3583
7572,5715
7573,4479
7574,5190
7575,5423
7576,6277
7577,6055
7578,8405
7579,4114
7580,5426
7581,6541
7582,6634
7583,5447
7584,7611
7585,8340
7586,6116
7587,2916
7588,5748
7589,4272
7590,5490
7591,5897
7592,3392
7593,10010
7594,4742
7595,5827
7596,8791
7597,6466
7598,3402
7599,9957
7600,5417
7601,8680
7602,4933
7603,6801
7604,7832
7605,5924
7606,4782
7607,6215
7608,4679
7609,4893
7610,5422
7611,7540
7612,7059
7613,4958
7614,4275
7615,6548
7616,6878
7617,5550
7618,6842
7619,5466
7620,5877
7621,4003
7622,6894
7623,6509
7624,6536
7625,5406
7626,5666
7627,6694
7628,8145
7629,5347
7630,6832
7631,4336
7632,5444
7633,6762
7634,6235
7635,4065
7636,3815
7637,6574
7638,7569
7639,4374
7640,5044
7641,7235
7642,5443
7643,4620
7644,5354
7645,4557
7646,2775
7647,7157
7648,3630
7649,6443
7650,5800
7651,6293
7652,6009
7653,8647
7654,7487
7655,6325
7656,4647
7657,7259
7658,6224
7659,3355
7660,2651
7661,7192
7662,3198
7663,6283
7664,10260
7665,7203
7666,6223
7667,3679
7668,6495
7669,5859
7670,5667
7671,6851
7672,6959
7673,6876
7674,4923
7675,7112
7676,4154
7677,6324
7678,4529
7679,4851
7680,6042
7681,5572
7682,4972
7683,6442
7684,4476
7685,8381
7686,5686
7687,3952
7688,3832
7689,8109
7690,6278
7691,4760
7692,5427
7693,6364
7694,4389
7695,5769
7696,5603
7697,6584
7698,4648
7699,4294
7700,8197
7701,6101
7702,5660
7703,3132
7704,9143
7705,5687
7706,4692
7707,5495
7708,9352
7709,7093
7710,7041
7711,7964
7712,6282
7713,4754
7714,5406
7715,6598
7716,8335
7717,10710
7718,4434
7719,4841
7720,3057
7721,4090
7722,8688
7723,12174
7724,5207
7725,3964
7726,5055
7727,5348
7728,5123
7729,6867
7730,7742
7731,5278
7732,3785
7733,7549
7734,5193
7735,7636
7736,8240
7737,4656
7738,6679
7739,3402
7740,6340
7741,6769
7742,6552
7743,7266
7744,5342
7745,6715
7746,4187
7747,5681
7748,6745
7749,7301
7750,6704
7751,7065
7752,5158
7753,4071
7754,8743
7755,3948
7756,9940
7757,5565
7758,4083
7759,5090
7760,5867
7761,5259
7762,6945
7763,7836
7764,4556
7765,10037
7766,3694
7767,4254
7768,5876
7769,7128
7770,9120
7771,6370
7772,4919
7773,5197
7774,5532
7775,6352
7776,4273
7777,5918
7778,4786
7779,9347
7780,5345
7781,7351
7782,10202
7783,7754
7784,4013
7785,4224
7786,5268
7787,9513
7788,4544
7789,7381
7790,4187
7791,8685
7792,5418
7793,4545
7794,4422
7795,4177
7796,4591
7797,4929
7798,4658
7799,4129
7800,3936
7801,4143
7802,7464
7803,5756
7804,19849
7805,5986
7806,4432
7807,2894
7808,4942
7809,10279
7810,2175
7811,2992
7812,6961
7813,3576
7814,6933
7815,5266
7816,5845
7817,6405
7818,4693
7819,3776
7820,6383
7821,5293
7822,2737
7823,5211
7824,4715
7825,6087
7826,5435
7827,3446
7828,4502
7829,8640
7830,9146
7831,5926
7832,7795
7833,2290
7834,8477
7835,3650
7836,5759
7837,2397
7838,8638
7839,7963
7840,9782
7841,9946
7842,7337
7843,6665
7844,3140
7845,4905
7846,6201
7847,8744
7848,4457
7849,3794
7850,5984
7851,5297
7852,6355
7853,2699
7854,7816
7855,4512
7856,7863
7857,5955
7858,3741
7859,9540
7860,3101
7861,9595
7862,6804
7863,7008
7864,2628
7865,5852
7866,4812
7867,3960
7868,7989
7869,11773
7870,3164
7871,6327
7872,5690
7873,8710
7874,7487
7875,6036
7876,7140
7877,2541
7878,2567
7879,4834
7880,6399
7881,8623
7882,8229
7883,2567
7884,4298
7885,8989
7886,9102
7887,5987
7888,3356
7889,11931
7890,5472
7891,3764
7892,4457
7893,2498
7894,4693
7895,7640
7896,3662
7897,6322
7898,3123
7899,6284
7900,3972
7901,1866
7902,4559
7903,5515
7904,5912
7905,8438
7906,7148
7907,6002
7908,4117
7909,11563
7910,3385
7911,6452
7912,7983
7913,13114
7914,5303
7915,3203
7916,6777
7917,5930
7918,6457
7919,5040
7920,10647
7921,6214
7922,2293
7923,8826
7924,4975
7925,6570
7926,2404
7927,7340
7928,3960
7929,3027
7930,8608
7931,4893
7932,5465
7933,8278
7934,7345
7935,4585
7936,5269
7937,7565
7938,3662
7939,3267
7940,7080
7941,4965
7942,7097
7943,3265
7944,4336
7945,6916
7946,4334
7947,3190
7948,5450
7949,5764
7950,6389
7951,7645
7952,8739
7953,7779
7954,4140
7955,8190
7956,5918
7957,3381
7958,4057
7959,8373
7960,7275
7961,3116
7962,7255
7963,10053
7964,6706
7965,4915
7966,7355
7967,7799
7968,5973
7969,4389
7970,2962
7971,5868
7972,5575
7973,4634
7974,5579
7975,3221
7976,6172
7977,6969
7978,6370
7979,6729
7980,6444
7981,2956
7982,1671
7983,6889
7984,6568
7985,7633
7986,3352
7987,5833
7988,6063
7989,5754
7990,5785
7991,3897
7992,4505
7993,5192
7994,7188
7995,6853
7996,7406
7997,15355
7998,4012
7999,5079
8000,11154
8001,3797
8002,5647
8003,778
8004,8026
8005,6957
8006,5621
8007,6685
8008,5795
8009,4742
8010,5501
8011,5477
8012,8101
8013,3351
8014,5641
8015,2918
8016,8901
8017,3521
8018,8373
8019,10998
8020,6346
8021,6378
8022,4933
8023,2093
8024,1817
8025,3663
8026,5997
8027,3255
8028,6054
8029,7487
8030,4103
8031,5536
8032,5040
8033,8962
8034,8031
8035,7855
8036,5291
8037,3202
8038,9243
8039,10822
8040,3960
8041,4937
8042,3986
8043,5708
8044,5718
8045,4403
8046,6689
8047,3231
8048,4974
8049,5129
8050,9113
8051,6168
8052,7876
8053,7200
8054,5089
8055,9196
8056,18412
8057,9563
8058,3853
8059,3813
8060,6976
8061,7609
8062,3137
8063,4993
8064,9580
8065,6197
8066,7383
8067,18090
8068,5420
8069,6091
8070,2927
8071,2391
8072,11384
8073,3415
8074,6469
8075,9477
8076,2955
8077,3788
8078,6592
8079,4040
8080,6618
8081,2088
8082,5076
8083,5144
8084,11056
8085,5847
8086,6239
8087,3234
8088,8114
8089,5831
8090,6594
8091,1583
8092,9234
8093,5008
8094,6160
8095,4411
8096,4612
8097,4484
8098,4804
8099,3584
8100,5439
8101,4756
8102,4847
8103,8304
8104,7989
8105,7829
8106,4262
8107,4577
8108,4570
8109,5151
8110,6742
8111,2925
8112,1243
8113,7299
8114,5796
8115,8202
8116,5908
8117,4701
8118,4734
8119,3537
8120,2666
8121,9628
8122,6412
8123,4776
8124,5909
8125,12143
8126,6205
8127,1972
8128,7758
8129,2122
8130,4346
8131,6294
8132,6348
8133,2644
8134,4719
8135,4355
8136,3948
8137,1730
8138,8469
8139,4880
8140,10239
8141,11095
8142,6163
8143,5950
8144,4159
8145,5193
8146,5132
8147,11565
8148,6773
8149,7722
8150,2954
8151,6039
8152,5698
8153,8751
8154,8784
8155,7127
8156,5917
8157,6814
8158,5412
8159,9647
8160,6614
8161,6956
8162,6351
8163,10165
8164,7241
8165,5027
8166,6187
8167,8391
8168,6374
8169,3389
8170,5835
8171,3448
8172,5316
8173,9211
8174,7097
8175,7910
8176,6377
8177,8944
8178,4801
8179,4776
8180,4728
8181,6495
8182,6736
8183,6687
8184,3432
8185,14318
8186,5376
8187,5786
8188,16574
8189,5874
8190,7665
8191,6765
8192,7151
8193,8815
8194,7783
8195,10569
8196,2978
8197,4882
8198,5994
8199,9138
8200,2765
8201,5925
8202,4802
8203,5625
8204,5645
8205,6008
8206,3632
8207,6212
8208,5379
8209,2907
8210,3373
8211,7716
8212,4334
8213,5190
8214,6029
8215,5853
8216,10210
8217,12153
8218,5056
8219,7668
8220,5868
8221,10531
8222,5126
8223,3046
8224,4155
8225,5533
8226,13241
8227,4214
8228,9418
8229,7994
8230,2080
8231,3874
8232,6250
8233,6401
8234,5289
8235,8904
8236,9820
8237,7583
8238,4233
8239,12212
8240,2203
8241,3897
8242,8779
8243,4282
8244,5825
8245,3957
8246,7541
8247,5117
8248,3963
8249,13698
8250,11295
8251,2592
8252,5250
8253,6227
8254,7653
8255,9473
8256,5492
8257,2783
8258,8101
8259,2134
8260,9963
8261,4721
8262,5748
8263,10220
8264,6114
8265,1512
8266,5172
8267,2462
8268,3853
8269,11828
8270,7853
8271,4717
8272,12925
8273,7869
8274,11659
8275,12676
8276,7182
8277,4646
8278,2155
8279,5011
8280,6777
8281,2729
8282,5946
8283,4793
8284,7554
8285,2573
8286,5678
8287,9017
8288,1903
8289,9876
8290,5974
8291,3032
8292,7697
8293,3572
8294,3436
8295,9691
8296,6892
8297,6933
8298,9012
8299,5823
8300,5150
8301,7192
8302,6695
8303,8121
8304,5987
8305,6784
8306,3724
8307,8922
8308,6600
8309,6450
8310,4012
8311,5292
8312,9002
8313,6498
8314,4218
8315,5396
8316,5516
8317,5109
8318,16822
8319,5088
8320,11188
8321,5113
8322,3714
8323,6424
8324,6095
8325,3285
8326,4892
8327,9133
8328,15116
8329,7279
8330,10730
8331,6996
8332,11706
8333,8910
8334,7544
8335,5572
8336,4570
8337,11759
8338,7857
8339,7377
8340,5365
8341,5840
8342,5006
8343,2554
8344,12907
8345,6883
8346,6294
8347,5042
8348,1515
8349,8972
8350,8473
8351,12502
8352,5859
8353,4483
8354,4023
8355,7036
8356,5272
8357,4204
8358,10889
8359,4508
8360,4342
8361,5493
8362,3591
8363,2629
8364,2541
8365,15223
8366,5067
8367,14063
8368,4438
8369,6364
8370,5372
8371,4529
8372,3560
8373,6494
8374,3441
8375,2850
8376,10562
8377,6264
8378,2571
8379,9061
8380,2544
8381,6012
8382,3736
8383,10309
8384,7731
8385,9229
8386,2513
8387,5177
8388,2771
8389,5245
8390,3805
8391,17057
8392,11611
8393,5157
8394,2836
8395,6063
8396,4389
8397,2666
8398,7727
8399,2437
8400,14505
8401,4331
8402,4894
8403,5433
8404,11923
8405,7177
8406,5341
8407,5204
8408,6052
8409,6572
8410,7164
8411,4204
8412,1326
8413,5030
8414,3090
8415,3096
8416,5920
8417,7132
8418,6148
8419,5195
8420,8457
8421,6023
8422,3333
8423,7771
8424,2269
8425,9742
8426,5368
8427,2825
8428,4940
8429,4444
8430,5173
8431,7331
8432,6974
8433,4109
8434,5804
8435,2608
8436,4915
8437,8396
8438,8843
8439,3767
8440,2301
8441,5105
8442,7219
8443,6151
8444,2670
8445,12011
8446,3843
8447,3464
8448,6136
8449,10709
8450,9638
8451,4426
8452,4651
8453,6283
8454,1523
8455,6873
8456,7116
8457,4776
8458,4737
8459,3038
8460,9451
8461,3139
8462,5091
8463,4085
8464,3668
8465,2812
8466,7825
8467,7466
8468,5801
8469,3899
8470,5160
8471,7660
8472,8059
8473,7913
8474,5179
8475,5277
8476,5880
8477,8023
8478,7249
8479,5785
8480,2152
8481,6989
8482,6219
8483,6714
8484,8165
8485,5933
8486,2769
8487,7792
8488,5505
8489,10568
8490,2858
8491,2765
8492,10006
8493,1561
8494,5328
8495,4784
8496,8928
8497,4001
8498,4637
8499,9358
8500,2893
8501,6488
8502,10704
8503,15517
8504,7134
8505,2570
8506,5591
8507,3706
8508,2405
8509,7917
8510,5344
8511,6346
8512,5510
8513,5039
8514,6063
8515,5225
8516,5321
8517,4792
8518,9416
8519,5522
8520,2562
8521,6160
8522,4389
8523,5887
8524,5964
8525,6549
8526,8032
8527,9007
8528,8794
8529,6217
8530,5380
8531,6126
8532,3078
8533,6058
8534,9506
8535,7224
8536,7329
8537,6510
8538,14900
8539,3353
8540,3689
8541,4866
8542,4384
8543,9684
8544,10130
8545,7827
8546,7733
8547,8115
8548,2170
8549,7966
8550,3333
8551,6597
8552,6617
8553,5824
8554,2104
8555,5040
8556,3464
8557,3333
8558,7671
8559,4809
8560,9382
8561,18436
8562,5574
8563,3166
8564,5000
8565,8721
8566,6894
8567,4234
8568,5839
8569,2251
8570,6152
8571,6863
8572,3473
8573,11398
8574,12656
8575,2990
8576,5656
8577,3705
8578,4088
8579,4274
8580,8925
8581,4152
8582,4450
8583,4520
8584,2833
8585,2677
8586,2564
8587,5799
8588,5999
8589,5143
8590,8282
8591,1186
8592,7826
8593,16402
8594,3143
8595,8722
8596,7208
8597,4814
8598,4390
8599,2544
8600,4608
8601,4766
8602,5370
8603,3054
8604,10202
8605,4457
8606,4216
8607,6559
8608,5294
8609,6069
8610,4664
8611,5849
8612,11020
8613,4493
8614,7392
8615,6119
8616,3884
8617,3344
8618,4661
8619,5950
8620,6330
8621,3763
8622,13670
8623,5264
8624,5182
8625,12002
8626,4956
8627,7145
8628,4846
8629,5468
8630,5448
8631,7281
8632,17242
8633,3096
8634,5582
8635,3399
8636,10291
8637,6959
8638,5064
8639,3950
8640,4450
8641,2593
8642,2017
8643,6956
8644,2293
8645,4170
8646,1280
8647,20418
8648,9389
8649,2250
8650,5678
8651,6703
8652,7069
8653,5206
8654,8777
8655,6147
8656,5958
8657,3085
8658,7473
8659,6273
8660,4130
8661,6529
8662,9248
8663,4628
8664,8581
8665,6766
8666,3179
8667,6020
8668,7186
8669,2692
8670,9622
8671,7034
8672,5060
8673,11026
8674,3697
8675,5120
8676,8933
8677,6934
8678,2395
8679,5141
8680,3659
8681,3205
8682,5260
8683,6240
8684,3430
8685,6109
8686,2497
8687,5893
8688,3162
8689,5463
8690,6133
8691,4866
8692,6007
8693,9446
8694,2787
8695,5705
8696,7290
8697,3253
8698,5602
8699,6363
8700,9233
8701,6859
8702,3845
8703,2127
8704,2090
8705,5922
8706,5127
8707,3972
8708,12065
8709,5650
8710,5786
8711,9083
8712,6754
8713,2387
8714,8462
8715,4791
8716,8140
8717,6757
8718,7197
8719,6453
8720,8429
8721,5382
8722,4502
8723,2834
8724,3367
8725,6426
8726,4383
8727,8886
8728,5171
8729,3058
8730,7321
8731,7720
8732,4813
8733,7641
8734,4800
8735,7045
8736,3419
8737,4785
8738,3880
8739,5176
8740,3602
8741,6304
8742,7705
8743,8391
8744,6650
8745,5536
8746,4212
8747,6363
8748,7418
8749,7792
8750,2846
8751,2903
8752,8869
8753,6601
8754,3013
8755,4034
8756,8126
8757,6485
8758,2554
8759,6268
8760,5070
8761,2016
8762,5368
8763,2921
8764,4345
8765,6543
8766,6087
8767,5324
8768,4455
8769,8867
8770,6306
8771,3760
8772,5765
8773,5515
8774,3308
8775,1264
8776,7225
8777,1602
8778,6423
8779,9625
8780,6091
8781,4668
8782,3126
8783,5336
8784,5409
8785,5302
8786,5950
8787,6159
8788,8380
8789,6614
8790,8953
8791,4138
8792,4045
8793,4767
8794,3727
8795,5322
8796,6758
8797,3696
8798,5305
8799,2907
8800,7823
8801,4749
8802,4675
8803,4005
8804,5502
8805,7297
8806,3385
8807,6814
8808,4582
8809,5448
8810,5467
8811,6099
8812,8083
8813,4906
8814,3808
8815,10805
8816,6867
8817,6735
8818,2079
8819,4867
8820,5222
8821,4302
8822,4772
8823,11062
8824,8466
8825,10001
8826,10539
8827,6764
8828,5498
8829,6533
8830,6248
8831,7921
8832,10185
8833,3633
8834,2043
8835,1373
8836,4377
8837,5679
8838,10582
8839,2492
8840,1879
8841,5661
8842,5782
8843,6230
8844,8988
8845,7268
8846,6323
8847,2839
8848,7987
8849,6269
8850,6816
8851,7354
8852,3562
8853,6959
8854,3107
8855,6806
8856,5952
8857,5523
8858,6554
8859,4094
8860,6789
8861,5205
8862,7136
8863,5175
8864,8510
8865,5711
8866,9207
8867,5581
8868,3711
8869,8730
8870,2747
8871,11201
8872,5717
8873,4879
8874,3529
8875,7431
8876,4858
8877,4660
8878,7224
8879,4394
8880,13049
8881,3258
8882,3157
8883,5474
8884,6501
8885,10963
8886,2945
8887,4513
8888,6459
8889,6199
8890,4839
8891,3639
8892,6676
8893,3366
8894,11611
8895,3122
8896,7363
8897,13208
8898,7076
8899,6293
8900,3416
8901,5362
8902,8103
8903,2743
8904,7727
8905,3035
8906,8751
8907,6674
8908,6025
8909,6137
8910,5110
8911,2996
8912,5467
8913,2338
8914,3738
8915,3204
8916,2905
8917,8333
8918,5922
8919,22204
8920,7661
8921,0
8922,0
8923,0
8924,0
8925,0
8926,0
8927,0
8928,0
8929,0
8930,0
8931,0
8932,0
8933,0
8934,0
8935,0
8936,0
8937,0
8938,0
8939,0
8940,0
8941,0
8942,0
8943,0
8944,0
8945,0
8946,0
8947,0
8948,0
8949,0
8950,0
8951,0
8952,0
8953,0
8954,0
8955,0
8956,0
8957,0
8958,0
8959,0
8960,0
8961,0
8962,0
8963,0
8964,0
8965,0
8966,0
8967,0
8968,0
8969,0
8970,0
8971,0
8972,0
8973,0
8974,0
8975,0
8976,0
8977,0
8978,0
8979,0
8980,0
8981,0
8982,0
8983,0
8984,0
8985,0
8986,0
8987,0
8988,0
8989,0
8990,0
8991,0
8992,0
8993,0
8994,0
8995,0
8996,0
8997,0
8998,0
8999,0
9000,0
9001,0
9002,0
9003,0
9004,0
9005,12648
9006,0
9007,0
9008,0
9009,0
9010,0
9011,0
9012,0
9013,0
9014,0
9015,0
9016,0
9017,0
9018,0
9019,0
9020,0
9021,0
9022,0
9023,0
9024,0
9025,0
9026,0
9027,0
9028,0
9029,0
9030,0
9031,0
9032,0
9033,0
9034,0
9035,0
9036,0
9037,0
9038,0
9039,0
9040,0
9041,0
9042,3254
9043,0
9044,0
9045,0
9046,0
9047,0
9048,0
9049,0
9050,0
9051,0
9052,0
9053,0
9054,0
9055,0
9056,0
9057,0
9058,0
9059,0
9060,0
9061,0
9062,0
9063,0
9064,0
9065,0
9066,0
9067,0
9068,0
9069,0
9070,0
9071,0
9072,0
9073,0
9074,0
9075,0
9076,0
9077,0
9078,0
9079,0
9080,0
9081,0
9082,0
9083,0
9084,0
9085,0
9086,0
9087,0
9088,0
9089,0
9090,0
9091,0
9092,0
9093,0
9094,0
9095,0
9096,0
9097,0
9098,0
9099,0
9100,0
9101,0
9102,0
9103,0
9104,0
9105,0
9106,0
9107,0
9108,0
9109,0
9110,0
9111,0
9112,0
9113,0
9114,0
9115,0
9116,0
9117,0
9118,0
9119,0
9120,0
9121,0
9122,0
9123,0
9124,0
9125,0
9126,0
9127,0
9128,0
9129,2628
9130,0
9131,0
9132,0
9133,0
9134,0
9135,0
9136,0
9137,0
9138,0
9139,0
9140,0
9141,0
9142,0
9143,0
9144,0
9145,0
9146,0
9147,0
9148,0
9149,0
9150,0
9151,0
9152,0
9153,0
9154,0
9155,0
9156,0
9157,0
9158,0
9159,0
9160,0
9161,0
9162,0
9163,0
9164,0
9165,0
9166,0
9167,0
9168,0
9169,0
9170,0
9171,0
9172,0
9173,0
9174,0
9175,0
9176,0
9177,0
9178,0
9179,17464
9180,0
9181,0
9182,29031
9183,0
9184,0
9185,0
9186,0
9187,0
9188,0
9189,0
9190,0
9191,0
9192,0
9193,0
9194,7784
9195,0
9196,0
9197,0
9198,0
9199,0
9200,0
9201,0
9202,0
9203,0
9204,0
9205,0
9206,0
9207,0
9208,0
9209,0
9210,0
9211,0
9212,0
9213,0
9214,0
9215,0
9216,0
9217,0
9218,0
9219,3906
9220,0
9221,0
9222,0
9223,0
9224,0
9225,0
9226,0
9227,0
9228,0
9229,0
9230,3024
9231,0
9232,0
9233,0
9234,0
9235,0
9236,0
9237,0
9238,0
9239,0
9240,0
9241,0
9242,0
9243,0
9244,0
9245,0
9246,0
9247,0
9248,0
9249,0
9250,0
9251,0
9252,0
9253,0
9254,0
9255,9652
9256,0
9257,0
9258,0
9259,0
9260,0
9261,0
9262,0
9263,0
9264,0
9265,0
9266,0
9267,0
9268,0
9269,0
9270,0
9271,0
9272,0
9273,9754
9274,0
9275,0
9276,0
9277,0
9278,0
9279,0
9280,0
9281,0
9282,0
9283,0
9284,0
9285,0
9286,0
9287,0
9288,0
9289,0
9290,0
9291,0
9292,0
9293,0
9294,0
9295,0
9296,0
9297,0
9298,0
9299,0
9300,0
9301,0
9302,0
9303,0
9304,0
9305,0
9306,0
9307,0
9308,0
9309,0
9310,0
9311,0
9312,0
9313,0
9314,0
9315,0
9316,0
9317,0
9318,0
9319,0
9320,0
9321,0
9322,0
9323,0
9324,0
9325,0
9326,0
9327,0
9328,0
9329,0
9330,0
9331,0
9332,0
9333,0
9334,0
9335,0
9336,0
9337,0
9338,0
9339,0
9340,0
9341,0
9342,0
9343,15777
9344,0
9345,0
9346,0
9347,0
9348,0
9349,0
9350,0
9351,0
9352,0
9353,1712
9354,0
9355,0
9356,0
9357,0
9358,0
9359,0
9360,0
9361,0
9362,0
9363,0
9364,0
9365,0
9366,0
9367,0
9368,0
9369,0
9370,0
9371,0
9372,0
9373,4234
9374,0
9375,0
9376,0
9377,0
9378,0
9379,0
9380,0
9381,0
9382,0
9383,0
9384,0
9385,0
9386,0
9387,0
9388,0
9389,0
9390,0
9391,0
9392,0
9393,0
9394,0
9395,0
9396,0
9397,0
9398,0
9399,0
9400,0
9401,0
9402,0
9403,0
9404,0
9405,0
9406,0
9407,0
9408,0
9409,0
9410,0
9411,0
9412,0
9413,0
9414,8701
9415,0
9416,0
9417,0
9418,0
9419,0
9420,0
9421,0
9422,0
9423,0
9424,0
9425,0
9426,0
9427,0
9428,0
9429,0
9430,0
9431,0
9432,7712
9433,0
9434,0
9435,0
9436,0
9437,0
9438,0
9439,0
9440,0
9441,0
9442,0
9443,0
9444,2165
9445,0
9446,0
9447,0
9448,0
9449,0
9450,4168
9451,0
9452,0
9453,0
9454,0
9455,0
9456,0
9457,0
9458,0
9459,0
9460,0
9461,0
9462,0
9463,0
9464,0
9465,0
9466,0
9467,0
9468,0
9469,0
9470,0
9471,0
9472,0
9473,0
9474,0
9475,0
9476,0
9477,0
9478,0
9479,0
9480,0
9481,0
9482,20015
9483,0
9484,0
9485,0
9486,0
9487,0
9488,0
9489,0
9490,0
9491,0
9492,0
9493,0
9494,0
9495,0
9496,0
9497,0
9498,6341
9499,0
9500,0
9501,0
9502,0
9503,0
9504,0
9505,0
9506,0
9507,0
9508,0
9509,0
9510,0
9511,0
9512,0
9513,0
9514,0
9515,0
9516,0
9517,0
9518,0
9519,0
9520,0
9521,0
9522,0
9523,0
9524,0
9525,0
9526,0
9527,0
9528,0
9529,0
9530,0
9531,0
9532,0
9533,0
9534,0
9535,0
9536,0
9537,0
9538,0
9539,0
9540,0
9541,0
9542,0
9543,0
9544,0
9545,0
9546,0
9547,0
9548,0
9549,0
9550,0
9551,0
9552,0
9553,0
9554,0
9555,0
9556,0
9557,0
9558,0
9559,0
9560,0
9561,0
9562,0
9563,0
9564,0
9565,0
9566,0
9567,0
9568,0
9569,0
9570,0
9571,0
9572,0
9573,0
9574,0
9575,0
9576,0
9577,0
9578,0
9579,0
9580,0
9581,0
9582,0
9583,0
9584,0
9585,0
9586,0
9587,0
9588,0
9589,0
9590,0
9591,0
9592,0
9593,0
9594,0
9595,0
9596,13769
9597,0
9598,0
9599,0
9600,0
9601,0
9602,7884
9603,0
9604,0
9605,0
9606,0
9607,0
9608,0
9609,0
9610,0
9611,0
9612,0
9613,0
9614,0
9615,0
9616,0
9617,0
9618,0
9619,0
9620,0
9621,0
9622,0
9623,0
9624,0
9625,0
9626,0
9627,0
9628,0
9629,0
9630,0
9631,0
9632,0
9633,0
9634,0
9635,0
9636,0
9637,0
9638,0
9639,0
9640,0
9641,0
9642,0
9643,0
9644,0
9645,0
9646,0
9647,0
9648,0
9649,0
9650,0
9651,0
9652,3028
9653,16936
9654,0
9655,0
9656,0
9657,0
9658,0
9659,0
9660,0
9661,0
9662,0
9663,0
9664,0
9665,0
9666,0
9667,0
9668,0
9669,0
9670,0
9671,0
9672,0
9673,0
9674,0
9675,0
9676,0
9677,0
9678,0
9679,0
9680,0
9681,0
9682,0
9683,0
9684,0
9685,0
9686,0
9687,0
9688,0
9689,13284
9690,0
9691,0
9692,0
9693,0
9694,0
9695,0
9696,0
9697,0
9698,0
9699,0
9700,0
9701,0
9702,0
9703,0
9704,0
9705,0
9706,0
9707,0
9708,0
9709,0
9710,0
9711,0
9712,0
9713,0
9714,0
9715,0
9716,0
9717,0
9718,0
9719,0
9720,0
9721,0
9722,0
9723,0
9724,0
9725,0
9726,0
9727,0
9728,0
9729,0
9730,0
9731,0
9732,0
9733,0
9734,0
9735,0
9736,0
9737,0
9738,0
9739,0
9740,0
9741,0
9742,0
9743,0
9744,0
9745,0
9746,0
9747,0
9748,0
9749,0
9750,0
9751,0
9752,0
9753,0
9754,0
9755,0
9756,0
9757,0
9758,0
9759,0
9760,0
9761,0
9762,0
9763,0
9764,0
9765,0
9766,0
9767,0
9768,0
9769,0
9770,0
9771,0
9772,0
9773,0
9774,0
9775,0
9776,0
9777,0
9778,0
9779,0
9780,0
9781,0
9782,0
9783,2591
9784,0
9785,0
9786,0
9787,1996
9788,0
9789,0
9790,0
9791,0
9792,0
9793,0
9794,0
9795,0
9796,0
9797,0
9798,0
9799,0
9800,0
9801,0
9802,0
9803,0
9804,0
9805,0
9806,0
9807,0
9808,0
9809,0
9810,0
9811,0
9812,0
9813,0
9814,0
9815,0
9816,0
9817,0
9818,0
9819,0
9820,0
9821,0
9822,0
9823,0
9824,0
9825,0
9826,0
9827,0
9828,0
9829,0
9830,0
9831,0
9832,0
9833,0
9834,0
9835,0
9836,0
9837,0
9838,0
9839,0
9840,0
9841,0
9842,0
9843,0
9844,0
9845,0
9846,0
9847,0
9848,0
9849,0
9850,0
9851,2413
9852,0
9853,0
9854,0
9855,0
9856,0
9857,0
9858,0
9859,0
9860,0
9861,0
9862,0
9863,0
9864,0
9865,0
9866,0
9867,0
9868,11934
9869,0
9870,0
9871,0
9872,0
9873,0
9874,0
9875,0
9876,0
9877,0
9878,0
9879,0
9880,0
9881,0
9882,0
9883,0
9884,0
9885,0
9886,0
9887,0
9888,0
9889,0
9890,0
9891,0
9892,0
9893,0
9894,0
9895,0
9896,0
9897,0
9898,0
9899,0
9900,0
9901,0
9902,0
9903,0
9904,0
9905,0
9906,0
9907,0
9908,0
9909,0
9910,0
9911,0
9912,0
9913,0
9914,0
9915,0
9916,0
9917,0
9918,0
9919,0
9920,0
9921,0
9922,0
9923,0
9924,0
9925,0
9926,0
9927,0
9928,0
9929,0
9930,0
9931,0
9932,0
9933,0
9934,0
9935,0
9936,0
9937,0
9938,0
9939,0
9940,0
9941,0
9942,0
9943,0
9944,0
9945,0
9946,0
9947,0
9948,0
9949,0
9950,0
9951,0
9952,0
9953,0
9954,0
9955,0
9956,0
9957,0
9958,0
9959,0
9960,0
9961,0
9962,0
9963,0
9964,0
9965,4879
9966,0
9967,0
9968,0
9969,0
9970,0
9971,0
9972,0
9973,0
9974,0
9975,0
9976,0
9977,0
9978,0
9979,0
9980,0
9981,0
9982,0
9983,0
9984,0
9985,0
9986,0
9987,0
9988,0
9989,0
9990,0
9991,0
9992,0
9993,0
9994,0
9995,0
9996,0
9997,0
9998,0
9999,0
10000,0
10001,6179
10002,0
10003,0
10004,0
10005,0
10006,0
10007,0
10008,0
10009,0
10010,0
10011,0
10012,0
10013,0
10014,0
10015,0
10016,0
10017,13396
10018,0
10019,5337
10020,0
10021,0
10022,0
10023,0
10024,0
10025,0
10026,0
10027,0
10028,0
10029,0
10030,0
10031,0
10032,0
10033,0
10034,0
10035,0
10036,6025
10037,8910
10038,11854
10039,13351
10040,8199
10041,7416
10042,13587
10043,10389
10044,12279
10045,8074
10046,11163
10047,12831
10048,8380
10049,9333
10050,11374
10051,11265
10052,11194
10053,11757
10054,10682
10055,10644
10056,9806
10057,7163
10058,9578
10059,17984
10060,15976
10061,11571
10062,17433
10063,7977
10064,14717
10065,6432
10066,8268
10067,6810
10068,11683
10069,11674
10070,22597
10071,12140
10072,10081
10073,11557
10074,9437
10075,5945
10076,9181
10077,17576
10078,11547
10079,8826
10080,8096
10081,9607
10082,12117
10083,5137
10084,11082
10085,7772
10086,10788
10087,10761
10088,8422
10089,11924
10090,8222
10091,10600
10092,15078
10093,12193
10094,10020
10095,15239
10096,8302
10097,9985
10098,12274
10099,18921
10100,9795
10101,8465
10102,12471
10103,9048
10104,12700
10105,10605
10106,14517
10107,9154
10108,7294
10109,10132
10110,8615
10111,13798
10112,12894
10113,6747
10114,8669
10115,11012
10116,9168
10117,16189
10118,5561
10119,19799
10120,9241
10121,8430
10122,8932
10123,11034
10124,8504
10125,13249
10126,7315
10127,12072
10128,10611
10129,12370
10130,11433
10131,11148
10132,11642
10133,9150
10134,8236
10135,10848
10136,10850
10137,11306
10138,6822
10139,12832
10140,7712
10141,11946
10142,10155
10143,17535
10144,9736
10145,6704
10146,11229
10147,7784
10148,7144
10149,7751
10150,10590
10151,10436
10152,5922
10153,14292
10154,9403
10155,12268
10156,6527
10157,10645
10158,14027
10159,7110
10160,18073
10161,9796
10162,9430
10163,14193
10164,13452
10165,8289
10166,7747
10167,11331
10168,9099
10169,6839
10170,10200
10171,9027
10172,11714
10173,12897
10174,10469
10175,11450
10176,8043
10177,6658
10178,10799
10179,9201
10180,10286
10181,14453
10182,13023
10183,12833
10184,9454
10185,13025
10186,11620
10187,9896
10188,12285
10189,14396
10190,11135
10191,11775
10192,16012
10193,9957
10194,12362
10195,8465
10196,10668
10197,13234
10198,9316
10199,11823
10200,6010
10201,8551
10202,14698
10203,11816
10204,10160
10205,6673
10206,14205
10207,8838
10208,12372
10209,8539
10210,8374
10211,9140
10212,7513
10213,17165
10214,12497
10215,10911
10216,10902
10217,8785
10218,12097
10219,11071
10220,11131
10221,6112
10222,9561
10223,9055
10224,12363
10225,11022
10226,8475
10227,17333
10228,8045
10229,6731
10230,16697
10231,9226
10232,9502
10233,6630
10234,13148
10235,11189
10236,7528
10237,9038
10238,10191
10239,7961
10240,10267
10241,14643
10242,18425
10243,4466
10244,9384
10245,5218
10246,21697
10247,7096
10248,15116
10249,14677
10250,9866
10251,11465
10252,6967
10253,7315
10254,4904
10255,7186
10256,9044
10257,8428
10258,12744
10259,11573
10260,8244
10261,9888
10262,10143
10263,12344
10264,13966
10265,11440
10266,7934
10267,6070
10268,13035
10269,20395
10270,10690
10271,11709
10272,6468
10273,11849
10274,8932
10275,7659
10276,10676
10277,8187
10278,10845
10279,11269
10280,12011
10281,10563
10282,13959
10283,12020
10284,8060
10285,15710
10286,26334
10287,18381
10288,10839
10289,5436
10290,10681
10291,13515
10292,7630
10293,9102
10294,14604
10295,7875
10296,24749
10297,21613
10298,6115
10299,10607
10300,8921
10301,6077
10302,11670
10303,7865
10304,16151
10305,13606
10306,15570
10307,11215
10308,13311
10309,5322
10310,9953
10311,5906
10312,9506
10313,10694
10314,20133
10315,7891
10316,8257
10317,7103
10318,10192
10319,8455
10320,7365
10321,7107
10322,10635
10323,8600
10324,9517
10325,12161
10326,13277
10327,12346
10328,10513
10329,8924
10330,7802
10331,10612
10332,11169
10333,11411
10334,10132
10335,10944
10336,7717
10337,6039
10338,10113
10339,10395
10340,10019
10341,6386
10342,4720
10343,14670
10344,12003
10345,13377
10346,10259
10347,9116
10348,11734
10349,8945
10350,6386
10351,17786
10352,8361
10353,11178
10354,10619
10355,20651
10356,8369
10357,9728
10358,10943
10359,10122
10360,10375
10361,7883
10362,12804
10363,6785
10364,11225
10365,6257
10366,8257
10367,6151
10368,14080
10369,8002
10370,25081
10371,20142
10372,6943
10373,10886
10374,7221
10375,10137
10376,8856
10377,16383
10378,13570
10379,16426
10380,6764
10381,11017
10382,6559
10383,11490
10384,11305
10385,11416
10386,10692
10387,9050
10388,7840
10389,13433
10390,13016
10391,8650
10392,11885
10393,18252
10394,8961
10395,10941
10396,10695
10397,13754
10398,10616
10399,7236
10400,8390
10401,10414
10402,9036
10403,19879
10404,9106
10405,13025
10406,11218
10407,16174
10408,6375
10409,11107
10410,17949
10411,13666
10412,12722
10413,10218
10414,6556
10415,20851
10416,14636
10417,13224
10418,21414
10419,16663
10420,11999
10421,11964
10422,14954
10423,17086
10424,16140
10425,18392
10426,10843
10427,12975
10428,10065
10429,13123
10430,5974
10431,17271
10432,11086
10433,9486
10434,9180
10435,16235
10436,13567
10437,9569
10438,11378
10439,7551
10440,9459
10441,10938
10442,6589
10443,7600
10444,10014
10445,11272
10446,15055
10447,12156
10448,9741
10449,10026
10450,8609
10451,16861
10452,12228
10453,9918
10454,8559
10455,7789
10456,12451
10457,6006
10458,13471
10459,12342
10460,5607
10461,8083
10462,13499
10463,9087
10464,8164
10465,11468
10466,14425
10467,16135
10468,8546
10469,13426
10470,5106
10471,8342
10472,11001
10473,11236
10474,11659
10475,8266
10476,9899
10477,7781
10478,8639
10479,14195
10480,10375
10481,9206
10482,7713
10483,13360
10484,16976
10485,10968
10486,9243
10487,8298
10488,11820
10489,10140
10490,9814
10491,10201
10492,8480
10493,10615
10494,15241
10495,6818
10496,7555
10497,7376
10498,10442
10499,13132
10500,12635
10501,13281
10502,19442
10503,7671
10504,17760
10505,17762
10506,10134
10507,7279
10508,5761
10509,11990
10510,9270
10511,10358
10512,9085
10513,11109
10514,16894
10515,8013
10516,9892
10517,11469
10518,9033
10519,9839
10520,8052
10521,8303
10522,11483
10523,5634
10524,14223
10525,10434
10526,10328
10527,11864
10528,15149
10529,10992
10530,9523
10531,13202
10532,11869
10533,8559
10534,8052
10535,7816
10536,7115
10537,15636
10538,12920
10539,10090
10540,7749
10541,12913
10542,14353
10543,12776
10544,10911
10545,12977
10546,7258
10547,6987
10548,24001
10549,10935
10550,12994
10551,10423
10552,9349
10553,11129
10554,9432
10555,5867
10556,7462
10557,13280
10558,19368
10559,11778
10560,13568
10561,16348
10562,16356
10563,18288
10564,11971
10565,7042
10566,7059
10567,15472
10568,16643
10569,13579
10570,13310
10571,14024
10572,9991
10573,6479
10574,13780
10575,12055
10576,11867
10577,9106
10578,5890
10579,24290
10580,19203
10581,20158
10582,7936
10583,9035
10584,6707
10585,9110
10586,9630
10587,15440
10588,10038
10589,6993
10590,7308
10591,11646
10592,7342
10593,4620
10594,11057
10595,21184
10596,11336
10597,22633
10598,7614
10599,9699
10600,11521
10601,8805
10602,9019
10603,8117
10604,6261
10605,6739
10606,11426
10607,12138
10608,6137
10609,13110
10610,11643
10611,10827
10612,6449
10613,12757
10614,13045
10615,13401
10616,8744
10617,10341
10618,7018
10619,7563
10620,7425
10621,22363
10622,16786
10623,9193
10624,9707
10625,7535
10626,7618
10627,7041
10628,13360
10629,6484
10630,23160
10631,6129
10632,7381
10633,7745
10634,13649
10635,11466
10636,7955
10637,9229
10638,11613
10639,10351
10640,12007
10641,8352
10642,7832
10643,17082
10644,6961
10645,7496
10646,7781
10647,11492
10648,10093
10649,8619
10650,13902
10651,12013
10652,11574
10653,10241
10654,7419
10655,11303
10656,9535
10657,6209
10658,11616
10659,11171
10660,11120
10661,16089
10662,9917
10663,10498
10664,9182
10665,9876
10666,8514
10667,10446
10668,9582
10669,12371
10670,10705
10671,12209
10672,12597
10673,8322
10674,7440
10675,18825
10676,9763
10677,5035
10678,11606
10679,12810
10680,16008
10681,6983
10682,9133
10683,10090
10684,6732
10685,7985
10686,10663
10687,11737
10688,9840
10689,11937
10690,16098
10691,5316
10692,10921
10693,10261
10694,9005
10695,8378
10696,9745
10697,14374
10698,7800
10699,8906
10700,13928
10701,10788
10702,14008
10703,14303
10704,7187
10705,9496
10706,10395
10707,11101
10708,12039
10709,13658
10710,6847
10711,10078
10712,10956
10713,13767
10714,15377
10715,6445
10716,5825
10717,16633
10718,13677
10719,14443
10720,11649
10721,10983
10722,13580
10723,6746
10724,10357
10725,8466
10726,13843
10727,11907
10728,14245
10729,10322
10730,11958
10731,12814
10732,19585
10733,23289
10734,11147
10735,8494
10736,10434
10737,6453
10738,5313
10739,16886
10740,14473
10741,7748
10742,14332
10743,7754
10744,15374
10745,8609
10746,10041
10747,9452
10748,15446
10749,7720
10750,10899
10751,8755
10752,11037
10753,10507
10754,7288
10755,11171
10756,9771
10757,13495
10758,12296
10759,10492
10760,8038
10761,17904
10762,7080
10763,7907
10764,18473
10765,10731
10766,15909
10767,9676
10768,17599
10769,10061
10770,10361
10771,7990
10772,11553
10773,12907
10774,18516
10775,10983
10776,11989
10777,13442
10778,7651
10779,9917
10780,14344
10781,10520
10782,12490
10783,10530
10784,7723
10785,8359
10786,6147
10787,10339
10788,13168
10789,11569
10790,16520
10791,27309
10792,10152
10793,7151
10794,12713
10795,9390
10796,13878
10797,6531
10798,9249
10799,5967
10800,13382
10801,9390
10802,9714
10803,21590
10804,15240
10805,9152
10806,9464
10807,5584
10808,6926
10809,8273
10810,12839
10811,9198
10812,6258
10813,8203
10814,12246
10815,10808
10816,8134
10817,8589
10818,10621
10819,12078
10820,13357
10821,6662
10822,16389
10823,24788
10824,4197
10825,10834
10826,14158
10827,12745
10828,10223
10829,4499
10830,8349
10831,12884
10832,7626
10833,12974
10834,14459
10835,7446
10836,8762
10837,11761
10838,9680
10839,7295
10840,8310
10841,11337
10842,12898
10843,11597
10844,17229
10845,8001
10846,5518
10847,10443
10848,7816
10849,14057
10850,7885
10851,7730
10852,28189
10853,10899
10854,8853
10855,16040
10856,11058
10857,11757
10858,9507
10859,10911
10860,7048
10861,13380
10862,17939
10863,9043
10864,8093
10865,10794
10866,20308
10867,10276
10868,8380
10869,9625
10870,8956
10871,10349
10872,6325
10873,12820
10874,7048
10875,9951
10876,4604
10877,26522
10878,13295
10879,7860
10880,7553
10881,16623
10882,10695
10883,10641
10884,11672
10885,12228
10886,7037
10887,8165
10888,12926
10889,9904
10890,9980
10891,10421
10892,10262
10893,7265
10894,10507
10895,8629
10896,5413
10897,12766
10898,11439
10899,6605
10900,11237
10901,11433
10902,6731
10903,14533
10904,11226
10905,9216
10906,9682
10907,11224
10908,5290
10909,7487
10910,8417
10911,16272
10912,8999
10913,13819
10914,6464
10915,10931
10916,8196
10917,8345
10918,7391
10919,9350
10920,8289
10921,10757
10922,11751
10923,12456
10924,6658
10925,10771
10926,11626
10927,12614
10928,8463
10929,14033
10930,13104
10931,8706
10932,4532
10933,11605
10934,9947
10935,8886
10936,11343
10937,5351
10938,15713
10939,9119
10940,10115
10941,15071
10942,9106
10943,8374
10944,14651
10945,11102
10946,15603
10947,7717
10948,12007
10949,13795
10950,8400
10951,7445
10952,9304
10953,8338
10954,8739
10955,8424
10956,13261
10957,10808
10958,7100
10959,8520
10960,8480
10961,13257
10962,11362
10963,16144
10964,8542
10965,10640
10966,6092
10967,11398
10968,11864
10969,11474
10970,9071
10971,9507
10972,12839
10973,13929
10974,9752
10975,11709
10976,8201
10977,10817
10978,10042
10979,9814
10980,6368
10981,6319
10982,9954
10983,8721
10984,9756
10985,9183
10986,14556
10987,7530
10988,8510
10989,11739
10990,8044
10991,5571
10992,14457
10993,5712
10994,10947
10995,11519
10996,10355
10997,11719
10998,21763
10999,12985
11000,12144
11001,6973
11002,13129
11003,10960
11004,5825
11005,5762
11006,12841
11007,6154
11008,12617
11009,16837
11010,12575
11011,12329
11012,9410
11013,12086
11014,11768
11015,11362
11016,11984
11017,14259
11018,15451
11019,11779
11020,12867
11021,8527
11022,10654
11023,6614
11024,8447
11025,10021
11026,8616
11027,8032
11028,13394
11029,10284
11030,14326
11031,14011
11032,9095
11033,6245
11034,16174
11035,9455
11036,10492
11037,9881
11038,13171
11039,8666
11040,8717
11041,10815
11042,10929
11043,9072
11044,6495
11045,14957
11046,11231
11047,8435
11048,7369
11049,18699
11050,9296
11051,10553
11052,9493
11053,16804
11054,16128
11055,11086
11056,11927
11057,12715
11058,10105
11059,8550
11060,10163
11061,15002
11062,23924
11063,10365
11064,8201
11065,6150
11066,8879
11067,16344
11068,23823
11069,11165
11070,8612
11071,8520
11072,9523
11073,8450
11074,12639
11075,15551
11076,7962
11077,6903
11078,11005
11079,10000
11080,11495
11081,14884
11082,8451
11083,12840
11084,5655
11085,10669
11086,13536
11087,11999
11088,14194
11089,10619
11090,11594
11091,8086
11092,9106
11093,11107
11094,12306
11095,12219
11096,11436
11097,10941
11098,7386
11099,14121
11100,5953
11101,15268
11102,8470
11103,7282
11104,10908
11105,11052
11106,8879
11107,12167
11108,14522
11109,9355
11110,14505
11111,7555
11112,7440
11113,12587
11114,14268
11115,13680
11116,10349
11117,10200
11118,8143
11119,8928
11120,11210
11121,11205
11122,9925
11123,9772
11124,15841
11125,11752
11126,13371
11127,15152
11128,11813
11129,7031
11130,7976
11131,10166
11132,11738
11133,8408
11134,12067
11135,9802
11136,17143
11137,8688
11138,9363
11139,8526
11140,10339
11141,8097
11142,11589
11143,11152
11144,7904
11145,8599
11146,9125
11147,16791
11148,9006
11149,26089
11150,10210
11151,5803
11152,9127
11153,12566
11154,13376
11155,7487
11156,6996
11157,13837
11158,9335
11159,10129
11160,7745
11161,11943
11162,13319
11163,7423
11164,8687
11165,11334
11166,11236
11167,12288
11168,11795
11169,9222
11170,13168
11171,9886
11172,7079
11173,7665
11174,16001
11175,16006
11176,9819
11177,17362
11178,7714
11179,11551
11180,6219
11181,7743
11182,6150
11183,10408
11184,11197
11185,19750
11186,13960
11187,8892
11188,8483
11189,8580
11190,5831
11191,8468
11192,16658
11193,9677
11194,8274
11195,7194
11196,9077
11197,13152
11198,4462
11199,10485
11200,6388
11201,9595
11202,10113
11203,7470
11204,11802
11205,7982
11206,10589
11207,13657
11208,11509
11209,10460
11210,14537
11211,8372
11212,9356
11213,11458
11214,16825
11215,9810
11216,8752
11217,12767
11218,9252
11219,14011
11220,9191
11221,13234
11222,8404
11223,6807
11224,8441
11225,7849
11226,12649
11227,12398
11228,6207
11229,8497
11230,10454
11231,9632
11232,14792
11233,4634
11234,17380
11235,8800
11236,7386
11237,8467
11238,10255
11239,9010
11240,11777
11241,7239
11242,9808
11243,9293
11244,10503
11245,11266
11246,10218
11247,10370
11248,8040
11249,7802
11250,10444
11251,11284
11252,10941
11253,6462
11254,12850
11255,7107
11256,11870
11257,9541
11258,16526
11259,9057
11260,5755
11261,10094
11262,7692
11263,7245
11264,7093
11265,11495
11266,9745
11267,4848
11268,12503
11269,9019
11270,12289
11271,6078
11272,9233
11273,13357
11274,6615
11275,17295
11276,9017
11277,9011
11278,14210
11279,14377
11280,7877
11281,6436
11282,11503
11283,8789
11284,6033
11285,9235
11286,8543
11287,13758
11288,12507
11289,10463
11290,12748
11291,8084
11292,5535
11293,9144
11294,9488
11295,11903
11296,12380
11297,10274
11298,12611
11299,9109
11300,12197
11301,10418
11302,8210
11303,10941
11304,12547
11305,10147
11306,11307
11307,13838
11308,10713
11309,11006
11310,8003
11311,9590
11312,13556
11313,9004
11314,12003
11315,5741
11316,7857
11317,15422
11318,10761
11319,8873
11320,5710
11321,11522
11322,10042
11323,11901
11324,8208
11325,8155
11326,7405
11327,6849
11328,15375
11329,10769
11330,9837
11331,10961
11332,7947
11333,9040
11334,8854
11335,9489
11336,6231
11337,9217
11338,8252
11339,12121
11340,12690
11341,9556
11342,18379
11343,7725
11344,6486
11345,15047
11346,8956
11347,9271
11348,6318
11349,12677
11350,10411
11351,6363
11352,7975
11353,9499
11354,8057
11355,9312
11356,13790
11357,16184
11358,4010
11359,9110
11360,4955
11361,20419
11362,6407
11363,14325
11364,13223
11365,9601
11366,10362
11367,7109
11368,7958
11369,3927
11370,6406
11371,8431
11372,8074
11373,12594
11374,11156
11375,7516
11376,9566
11377,8566
11378,11408
11379,15222
11380,11210
11381,7520
11382,4857
11383,12856
11384,16319
11385,9318
11386,11338
11387,5922
11388,11439
11389,7094
11390,6721
11391,8883
11392,6771
11393,11990
11394,9527
11395,11987
11396,9867
11397,13831
11398,12113
11399,7265
11400,14845
11401,23757
11402,15403
11403,9097
11404,4981
11405,9285
11406,12302
11407,7327
11408,8666
11409,14824
11410,7664
11411,22743
11412,21840
11413,5828
11414,10416
11415,8492
11416,6214
11417,11267
11418,7212
11419,13399
11420,12797
11421,16724
11422,10858
11423,11073
11424,5357
11425,10373
11426,5316
11427,9015
11428,9864
11429,16700
11430,7368
11431,7583
11432,6668
11433,10746
11434,8614
11435,6752
11436,6437
11437,11897
11438,7605
11439,8195
11440,11171
11441,12216
11442,13470
11443,9517
11444,9177
11445,8121
11446,10659
11447,10614
11448,11002
11449,8188
11450,12891
11451,6884
11452,5239
11453,8930
11454,10416
11455,8627
11456,6488
11457,4216
11458,14072
11459,10899
11460,13017
11461,10341
11462,7754
11463,10294
11464,7231
11465,5988
11466,14000
11467,8026
11468,10026
11469,10947
11470,19657
11471,8040
11472,9983
11473,11289
11474,10916
11475,9107
11476,7148
11477,11810
11478,5975
11479,10199
11480,5592
11481,8873
11482,5609
11483,13967
11484,6700
11485,24620
11486,19488
11487,6702
11488,11210
11489,7367
11490,9346
11491,8232
11492,16761
11493,12429
11494,16775
11495,6448
11496,9635
11497,6298
11498,13386
11499,11697
11500,10939
11501,8856
11502,8520
11503,7959
11504,11255
11505,12817
11506,8498
11507,11951
11508,14245
11509,8186
11510,9973
11511,10106
11512,13245
11513,10483
11514,7165
11515,7971
11516,9446
11517,7905
11518,18369
11519,8142
11520,11485
11521,10977
11522,13721
11523,6328
11524,10592
11525,18248
11526,12984
11527,14022
11528,9310
11529,5955
11530,18993
11531,14848
11532,11517
11533,21199
11534,17493
11535,10542
11536,10444
11537,13772
11538,14429
11539,15658
11540,17762
11541,9251
11542,10323
11543,7987
11544,12336
11545,5183
11546,16123
11547,9935
11548,9001
11549,9047
11550,17556
11551,13824
11552,8950
11553,9905
11554,7278
11555,7929
11556,10342
11557,5762
11558,7477
11559,10295
11560,10186
11561,13252
11562,13931
11563,9939
11564,9423
11565,7962
11566,15949
11567,11952
11568,9091
11569,8876
11570,7475
11571,13162
11572,5440
11573,12365
11574,11648
11575,4416
11576,7338
11577,14167
11578,7983
11579,7178
11580,11623
11581,12371
11582,15745
11583,7983
11584,14106
11585,3910
11586,8080
11587,10127
11588,10244
11589,11145
11590,8705
11591,9070
11592,7396
11593,8043
11594,12788
11595,9795
11596,7490
11597,6886
11598,11739
11599,16860
11600,11184
11601,9728
11602,7852
11603,11497
11604,9394
11605,9119
11606,8781
11607,7401
11608,9992
11609,15398
11610,5974
11611,7039
11612,7256
11613,8455
11614,12441
11615,11298
11616,11903
11617,17603
11618,6848
11619,16702
11620,16723
11621,9600
11622,7297
11623,4785
11624,11675
11625,8573
11626,9130
11627,9015
11628,10578
11629,19207
11630,7517
11631,8989
11632,10599
11633,10261
11634,9074
11635,7366
11636,6948
11637,11096
11638,4771
11639,14894
11640,12269
11641,9424
11642,13738
11643,14246
11644,11720
11645,8255
11646,11981
11647,12708
11648,9349
11649,8847
11650,8125
11651,6654
11652,17153
11653,11070
11654,9709
11655,8447
11656,11229
11657,12623
11658,11604
11659,10319
11660,11569
11661,7012
11662,7231
11663,23591
11664,10542
11665,12390
11666,8855
11667,8995
11668,9585
11669,8813
11670,5343
11671,6815
11672,13202
11673,18330
11674,11143
11675,13068
11676,16519
11677,14339
11678,16320
11679,11281
11680,6131
11681,6650
11682,14046
11683,14897
11684,13053
11685,11800
11686,13699
11687,10015
11688,5874
11689,15617
11690,11179
11691,10137
11692,9545
11693,5016
11694,24440
11695,17571
11696,19953
11697,7814
11698,7759
11699,6432
11700,8237
11701,10396
11702,15268
11703,10021
11704,6664
11705,6273
11706,11591
11707,5936
11708,4260
11709,11019
11710,20171
11711,9088
11712,22328
11713,6457
11714,8189
11715,9662
11716,9367
11717,8205
11718,7834
11719,5885
11720,5845
11721,12130
11722,9754
11723,6392
11724,12701
11725,10751
11726,9784
11727,6036
11728,12008
11729,10919
11730,12507
11731,8555
11732,10326
11733,5940
11734,7257
11735,7051
11736,18659
11737,15963
11738,8350
11739,9087
11740,7059
11741,7943
11742,6262
11743,12697
11744,6017
11745,21256
11746,5939
11747,7688
11748,8878
11749,12375
11750,11018
11751,7467
11752,9397
11753,13903
11754,9765
11755,12322
11756,8253
11757,7420
11758,19194
11759,6652
11760,5888
11761,8375
11762,10084
11763,10345
11764,8260
11765,13303
11766,11910
11767,11066
11768,8872
11769,6966
11770,12027
11771,8853
11772,5489
11773,11265
11774,8729
11775,10110
11776,13651
11777,8752
11778,10087
11779,8553
11780,10062
11781,8810
11782,9949
11783,9626
11784,10493
11785,10371
11786,11538
11787,13600
11788,7790
11789,6298
11790,15707
11791,8398
11792,4564
11793,13096
11794,14023
11795,17641
11796,6803
11797,8494
11798,8988
11799,5709
11800,9285
11801,9925
11802,10611
11803,8682
11804,11241
11805,13865
11806,5471
11807,9946
11808,8496
11809,8535
11810,8087
11811,8824
11812,13370
11813,8188
11814,7914
11815,14827
11816,10244
11817,12353
11818,13300
11819,6591
11820,9913
11821,11117
11822,11329
11823,12055
11824,12804
11825,5785
11826,10782
11827,10600
11828,12681
11829,13425
11830,6576
11831,5638
11832,16668
11833,12915
11834,13967
11835,9463
11836,9554
11837,12277
11838,6390
11839,8983
11840,8078
11841,11887
11842,10484
11843,13125
11844,12687
11845,10106
11846,12189
11847,17813
11848,22384
11849,12154
11850,8304
11851,10195
11852,6305
11853,4573
11854,16348
11855,12740
11856,7231
11857,12836
11858,7367
11859,15279
11860,7398
11861,9187
11862,8980
11863,13869
11864,7314
11865,10348
11866,8465
11867,9364
11868,10945
11869,6905
11870,10860
11871,9858
11872,13633
11873,12293
11874,9100
11875,7720
11876,17212
11877,6664
11878,7631
11879,15621
11880,10172
11881,13759
11882,8510
11883,15977
11884,8673
11885,8810
11886,7827
11887,10031
11888,11650
11889,17814
11890,9985
11891,12077
11892,10931
11893,6240
11894,11361
11895,13828
11896,9537
11897,12286
11898,9134
11899,7635
11900,7458
11901,5212
11902,8381
11903,12405
11904,11238
11905,15720
11906,24374
11907,10074
11908,6749
11909,11781
11910,9491
11911,13326
11912,5391
11913,7928
11914,5608
11915,14406
11916,8600
11917,8567
11918,19225
11919,15254
11920,6787
11921,9376
11922,5135
11923,6794
11924,7616
11925,12570
11926,8113
11927,5546
11928,9162
11929,11965
11930,11306
11931,7820
11932,8527
11933,9273
11934,11135
11935,11648
11936,6349
11937,15287
11938,24227
11939,4573
11940,9256
11941,12358
11942,11326
11943,7755
11944,4277
11945,6775
11946,11036
11947,7740
11948,12536
11949,12436
11950,6462
11951,7740
11952,10720
11953,8471
11954,7248
11955,7404
11956,10932
11957,12780
11958,11671
11959,15252
11960,7134
11961,5144
11962,9651
11963,7725
11964,12157
11965,8929
11966,7007
11967,27253
11968,9971
11969,8100
11970,17604
11971,10850
11972,11216
11973,8709
11974,10348
11975,7243
11976,11896
11977,17220
11978,8656
11979,8125
11980,10632
11981,18639
11982,9933
11983,7982
11984,9135
11985,7758
11986,9557
11987,5878
11988,12666
11989,5912
11990,9800
11991,3864
11992,25819
11993,12950
11994,6304
11995,6266
11996,15138
11997,9857
11998,11152
11999,11211
12000,9985
12001,6385
12002,7977
12003,13061
12004,9492
12005,9875
12006,9979
12007,10433
12008,7365
12009,10052
12010,9044
12011,5606
12012,14109
12013,11967
12014,6937
12015,9965
12016,10123
12017,6091
12018,14156
12019,10924
12020,9437
12021,7988
12022,10136
12023,5013
12024,6411
12025,7562
12026,18196
12027,8373
12028,12723
12029,5796
12030,11033
12031,7021
12032,7538
12033,6034
12034,8377
12035,8189
12036,9465
12037,10560
12038,12429
12039,5927
12040,9176
12041,10886
12042,11924
12043,9352
12044,12092
12045,12728
12046,8355
12047,4586
12048,11701
12049,10017
12050,9259
12051,10052
12052,5544
12053,14571
12054,8087
12055,8592
12056,15435
12057,9036
12058,7590
12059,15088
12060,10036
12061,13201
12062,7573
12063,13648
12064,13958
12065,8647
12066,7000
12067,9209
12068,7799
12069,9107
12070,8839
12071,13690
12072,9166
12073,7188
12074,7645
12075,9936
12076,12051
12077,9299
12078,13381
12079,8572
12080,9352
12081,6267
12082,12043
12083,11587
12084,10543
12085,8058
12086,7992
12087,12201
12088,12877
12089,7330
12090,11466
12091,8657
12092,9618
12093,8601
12094,9746
12095,5684
12096,6614
12097,11999
12098,8837
12099,8554
12100,8494
12101,13389
12102,7721
12103,8672
12104,10457
12105,6648
12106,4688
12107,13103
12108,5364
12109,11069
12110,10762
12111,8720
12112,11390
12113,19309
12114,13667
12115,11704
12116,6195
12117,12296
12118,10493
12119,6259
12120,5346
12121,12598
12122,5007
12123,12808
12124,19504
12125,11723
12126,9984
12127,8149
12128,11214
12129,11490
12130,8979
12131,11089
12132,12122
12133,13784
12134,10739
12135,13113
12136,7663
12137,10753
12138,6447
12139,9015
12140,8387
12141,6882
12142,7416
12143,13516
12144,8641
12145,13399
12146,14413
12147,7748
12148,6775
12149,16696
12150,10953
12151,10796
12152,9654
12153,12530
12154,7239
12155,7959
12156,10732
12157,9932
12158,8831
12159,6712
12160,14732
12161,10032
12162,7740
12163,5324
12164,18186
12165,8291
12166,8463
12167,9568
12168,15646
12169,14966
12170,11585
12171,11788
12172,10465
12173,9414
12174,8676
12175,10157
12176,14280
12177,21890
12178,8913
12179,8692
12180,5603
12181,7221
12182,17073
12183,21669
12184,10624
12185,8045
12186,6832
12187,8159
12188,7347
12189,12613
12190,13478
12191,8923
12192,6288
12193,11068
12194,9863
12195,10537
12196,12595
12197,7306
12198,13532
12199,5954
12200,9180
12201,14990
12202,10962
12203,13356
12204,9601
12205,11432
12206,6552
12207,8566
12208,10580
12209,12192
12210,10854
12211,10795
12212,10227
12213,6504
12214,12594
12215,5546
12216,14014
12217,7973
12218,6608
12219,10934
12220,9905
12221,8862
12222,11099
12223,13483
12224,8346
12225,14395
12226,6891
12227,6322
12228,13795
12229,13702
12230,14584
12231,10042
12232,9762
12233,7852
12234,9626
12235,10212
12236,10570
12237,9200
12238,8743
12239,13708
12240,11771
12241,11874
12242,17804
12243,11350
12244,6727
12245,8047
12246,8409
12247,11698
12248,8124
12249,10325
12250,8968
12251,14303
12252,9535
12253,8896
12254,7918
12255,8681
12256,7810
12257,11345
12258,9703
12259,7660
12260,7652
12261,7372
12262,12670
12263,8375
12264,25612
12265,9293
12266,5100
12267,6304
12268,8017
12269,11293
12270,6386
12271,6079
12272,11158
12273,8093
12274,8455
12275,6990
12276,8766
12277,8842
12278,5980
12279,5443
12280,7359
12281,9875
12282,7365
12283,7751
12284,8223
12285,9189
12286,5418
12287,4975
12288,6754
12289,10495
12290,12594
12291,8381
12292,11105
12293,6105
12294,9488
12295,4915
12296,6920
12297,5129
12298,9293
12299,9715
12300,12622
12301,9829
12302,7785
12303,7344
12304,6385
12305,4620
12306,5941
12307,11691
12308,6376
12309,6921
12310,6322
12311,5757
12312,9331
12313,4278
12314,8821
12315,5317
12316,6839
12317,6633
12318,6570
12319,9495
12320,6732
12321,8830
12322,11685
12323,7102
12324,5876
12325,12496
12326,5512
12327,7703
12328,8829
12329,11579
12330,5582
12331,5833
12332,9851
12333,9039
12334,9018
12335,8001
12336,11088
12337,4838
12338,5789
12339,7409
12340,6972
12341,10515
12342,8270
12343,4845
12344,6687
12345,8592
12346,7189
12347,9935
12348,4183
12349,16852
12350,8215
12351,5517
12352,7319
12353,8523
12354,6242
12355,10253
12356,4922
12357,7885
12358,6487
12359,8757
12360,9246
12361,6537
12362,8490
12363,5574
12364,6627
12365,9103
12366,9181
12367,8892
12368,5535
12369,11742
12370,5940
12371,10830
12372,8569
12373,13879
12374,7985
12375,5314
12376,6902
12377,7118
12378,6286
12379,6138
12380,7848
12381,8803
12382,4383
12383,10040
12384,7446
12385,7288
12386,5622
12387,8498
12388,11676
12389,5602
12390,15339
12391,6760
12392,5489
12393,8967
12394,8873
12395,5217
12396,4925
12397,7528
12398,7687
12399,5466
12400,6358
12401,6543
12402,8761
12403,9895
12404,6629
12405,8436
12406,6320
12407,4951
12408,7852
12409,8563
12410,9057
12411,8655
12412,9348
12413,10769
12414,5724
12415,10368
12416,9093
12417,7152
12418,8949
12419,10601
12420,6909
12421,9166
12422,11780
12423,9205
12424,8905
12425,6603
12426,8326
12427,7315
12428,8089
12429,7059
12430,3895
12431,6263
12432,13350
12433,9472
12434,7016
12435,4371
12436,9845
12437,7337
12438,10168
12439,5946
12440,7189
12441,6415
12442,5175
12443,12892
12444,8728
12445,8869
12446,6662
12447,6521
12448,7600
12449,8041
12450,8452
12451,4263
12452,7163
12453,6172
12454,10443
12455,8365
12456,7078
12457,12857
12458,6898
12459,5308
12460,12896
12461,5721
12462,9098
12463,3549
12464,10032
12465,8898
12466,5511
12467,7358
12468,9542
12469,5731
12470,8205
12471,8589
12472,14785
12473,3547
12474,6799
12475,3870
12476,17023
12477,6202
12478,9264
12479,9869
12480,7608
12481,8135
12482,5985
12483,6043
12484,3565
12485,5340
12486,7367
12487,6482
12488,7797
12489,7473
12490,6286
12491,8021
12492,7604
12493,8783
12494,9574
12495,9753
12496,5856
12497,4430
12498,11303
12499,14125
12500,5855
12501,9692
12502,5606
12503,8761
12504,6392
12505,6122
12506,7967
12507,4008
12508,8927
12509,5667
12510,10495
12511,8767
12512,10290
12513,8743
12514,6301
12515,10852
12516,22020
12517,12245
12518,6825
12519,3722
12520,7703
12521,10427
12522,6134
12523,5587
12524,14205
12525,7274
12526,14321
12527,21448
12528,4311
12529,8595
12530,6265
12531,5384
12532,9716
12533,6611
12534,11623
12535,11550
12536,9763
12537,6746
12538,9279
12539,4291
12540,7578
12541,4933
12542,6990
12543,8732
12544,10605
12545,6766
12546,6974
12547,5583
12548,7627
12549,5651
12550,5956
12551,4938
12552,8299
12553,6344
12554,6871
12555,8797
12556,10127
12557,10441
12558,8019
12559,7358
12560,7167
12561,8282
12562,8464
12563,9811
12564,7438
12565,7691
12566,6948
12567,4395
12568,7420
12569,8465
12570,7481
12571,4711
12572,3315
12573,9412
12574,8184
12575,11227
12576,8335
12577,6634
12578,8470
12579,5966
12580,5317
12581,11804
12582,5328
12583,8975
12584,9123
12585,17053
12586,7003
12587,5505
12588,8237
12589,6167
12590,7191
12591,5923
12592,9736
12593,5189
12594,8490
12595,5092
12596,6742
12597,4932
12598,12630
12599,5996
12600,19525
12601,16431
12602,5363
12603,6849
12604,6052
12605,8299
12606,6818
12607,11909
12608,8422
12609,10595
12610,4630
12611,8735
12612,5477
12613,8743
12614,10322
12615,6660
12616,7086
12617,7512
12618,7122
12619,9623
12620,11046
12621,6888
12622,9649
12623,12064
12624,7522
12625,8366
12626,7853
12627,10956
12628,9028
12629,5988
12630,6174
12631,7825
12632,6748
12633,12535
12634,7163
12635,7575
12636,8385
12637,9601
12638,4305
12639,9211
12640,11092
12641,10870
12642,9911
12643,8194
12644,5151
12645,17721
12646,11415
12647,10059
12648,19025
12649,9766
12650,8697
12651,7234
12652,10941
12653,12405
12654,13982
12655,15398
12656,6671
12657,8754
12658,6775
12659,9975
12660,4391
12661,13355
12662,7764
12663,6006
12664,6042
12665,10467
12666,8732
12667,5844
12668,8831
12669,6300
12670,5050
12671,8009
12672,4507
12673,5690
12674,6382
12675,9121
12676,11229
12677,8340
12678,8223
12679,6390
12680,6069
12681,13948
12682,8041
12683,6664
12684,6920
12685,5079
12686,10657
12687,5367
12688,11861
12689,7449
12690,3858
12691,6344
12692,7556
12693,7379
12694,5176
12695,9726
12696,11190
12697,14913
12698,6846
12699,10476
12700,3523
12701,6584
12702,7169
12703,6418
12704,8955
12705,6303
12706,7964
12707,5190
12708,6615
12709,12615
12710,9204
12711,5812
12712,5951
12713,9967
12714,10994
12715,8969
12716,5520
12717,5776
12718,10954
12719,8428
12720,9471
12721,7642
12722,5342
12723,8558
12724,11753
12725,4663
12726,4857
12727,6192
12728,7524
12729,11414
12730,9790
12731,9550
12732,16405
12733,6475
12734,14113
12735,14900
12736,7932
12737,6422
12738,4043
12739,9847
12740,7734
12741,7874
12742,6160
12743,8871
12744,13822
12745,6400
12746,6501
12747,9225
12748,5601
12749,8510
12750,5152
12751,4870
12752,8036
12753,4206
12754,9030
12755,8462
12756,8149
12757,8289
12758,8972
12759,9643
12760,5681
12761,9640
12762,10326
12763,7115
12764,6733
12765,5691
12766,6327
12767,10804
12768,7440
12769,8210
12770,5962
12771,8887
12772,8401
12773,7576
12774,6425
12775,10266
12776,6441
12777,6841
12778,20189
12779,6220
12780,9719
12781,7973
12782,7503
12783,5756
12784,5577
12785,4824
12786,5906
12787,8434
12788,16572
12789,9794
12790,11146
12791,13139
12792,12358
12793,11367
12794,9287
12795,5901
12796,6002
12797,12157
12798,12362
12799,7605
12800,10413
12801,9647
12802,6598
12803,4852
12804,11177
12805,7301
12806,8148
12807,6229
12808,3247
12809,15305
12810,14223
12811,17213
12812,6304
12813,6142
12814,5741
12815,7359
12816,8417
12817,9100
12818,6650
12819,6145
12820,5550
12821,8974
12822,5391
12823,3913
12824,7997
12825,17343
12826,8164
12827,20348
12828,4710
12829,5924
12830,8577
12831,6254
12832,6257
12833,5199
12834,5268
12835,5229
12836,7959
12837,6923
12838,4364
12839,10673
12840,5919
12841,8511
12842,5443
12843,10663
12844,9303
12845,11427
12846,6851
12847,8231
12848,5309
12849,5966
12850,6068
12851,18411
12852,10471
12853,7431
12854,6373
12855,5003
12856,6538
12857,5180
12858,11061
12859,5323
12860,17680
12861,5195
12862,5943
12863,6080
12864,10967
12865,8702
12866,4650
12867,7725
12868,8348
12869,8118
12870,7559
12871,7218
12872,4661
12873,11445
12874,5629
12875,4831
12876,5809
12877,5878
12878,6646
12879,8140
12880,11064
12881,9831
12882,7257
12883,7935
12884,5556
12885,8505
12886,7767
12887,5271
12888,7180
12889,8079
12890,7772
12891,11649
12892,7791
12893,8313
12894,7651
12895,7892
12896,7167
12897,9128
12898,6790
12899,8789
12900,7852
12901,6668
12902,10226
12903,7266
12904,5363
12905,14832
12906,6822
12907,4237
12908,9387
12909,8854
12910,12500
12911,5689
12912,7376
12913,7827
12914,5020
12915,6570
12916,8695
12917,8564
12918,6475
12919,8708
12920,10831
12921,3417
12922,7553
12923,6205
12924,6788
12925,5557
12926,8110
12927,11163
12928,6688
12929,6515
12930,9087
12931,8291
12932,10298
12933,11265
12934,5147
12935,7633
12936,6774
12937,10096
12938,9066
12939,10041
12940,3592
12941,9915
12942,8584
12943,8140
12944,12613
12945,5744
12946,4958
12947,15291
12948,11054
12949,8815
12950,6570
12951,7720
12952,10555
12953,4192
12954,7947
12955,6797
12956,7642
12957,8464
12958,7148
12959,8995
12960,6304
12961,11496
12962,12018
12963,20139
12964,7939
12965,5366
12966,6196
12967,4752
12968,3802
12969,13713
12970,9456
12971,6134
12972,10553
12973,5690
12974,12476
12975,4734
12976,6055
12977,5711
12978,11371
12979,5134
12980,9133
12981,5461
12982,6198
12983,8657
12984,5234
12985,8866
12986,9034
12987,11963
12988,9106
12989,8096
12990,6740
12991,14747
12992,5642
12993,5302
12994,12575
12995,8882
12996,10584
12997,7552
12998,15823
12999,7130
13000,7134
13001,4896
13002,7552
13003,9502
13004,10832
13005,8908
13006,9715
13007,9530
13008,4303
13009,7911
13010,9005
13011,8125
13012,9782
13013,5771
13014,5694
13015,5156
13016,4662
13017,6539
13018,9681
13019,9135
13020,12751
13021,17975
13022,8072
13023,5897
13024,9194
13025,8678
13026,11690
13027,4693
13028,7348
13029,4941
13030,8510
13031,7528
13032,7246
13033,16464
13034,12954
13035,6505
13036,7815
13037,4847
13038,6095
13039,6636
13040,8272
13041,5131
13042,4727
13043,6273
13044,9253
13045,8294
13046,6405
13047,5651
13048,8238
13049,7471
13050,8739
13051,4614
13052,13186
13053,21568
13054,3968
13055,8213
13056,10321
13057,8726
13058,6324
13059,3858
13060,5885
13061,9083
13062,5383
13063,9826
13064,10695
13065,5632
13066,6144
13067,8390
13068,7148
13069,4941
13070,6870
13071,8608
13072,11386
13073,9455
13074,12971
13075,6437
13076,4589
13077,8216
13078,6497
13079,10153
13080,6588
13081,5492
13082,25987
13083,8278
13084,7062
13085,12363
13086,8964
13087,8962
13088,7554
13089,9138
13090,5443
13091,10218
13092,16623
13093,6780
13094,6795
13095,6905
13096,15959
13097,7628
13098,6246
13099,7509
13100,6340
13101,7979
13102,4923
13103,10565
13104,5076
13105,8572
13106,3476
13107,21840
13108,10957
13109,5516
13110,4498
13111,9172
13112,7416
13113,7304
13114,9763
13115,6747
13116,5799
13117,4762
13118,11192
13119,6198
13120,7162
13121,9080
13122,8316
13123,5188
13124,8248
13125,7442
13126,4865
13127,8817
13128,9790
13129,5469
13130,8746
13131,7935
13132,5717
13133,9722
13134,6457
13135,8447
13136,7544
13137,9050
13138,4841
13139,5610
13140,6229
13141,12857
13142,8276
13143,11032
13144,4694
13145,8898
13146,5746
13147,6864
13148,5219
13149,7010
13150,7189
13151,7984
13152,7076
13153,10332
13154,5452
13155,5999
13156,8892
13157,9804
13158,7112
13159,11139
13160,10946
13161,7856
13162,3648
13163,8833
13164,5592
13165,6306
13166,8525
13167,4627
13168,12464
13169,5417
13170,8210
13171,12872
13172,7676
13173,4607
13174,9648
13175,6614
13176,12183
13177,6807
13178,10729
13179,11443
13180,6034
13181,6004
13182,8012
13183,6737
13184,6587
13185,6378
13186,11538
13187,8044
13188,6642
13189,4870
13190,6604
13191,7186
13192,7911
13193,9751
13194,7310
13195,8473
13196,4411
13197,7596
13198,10338
13199,6919
13200,7131
13201,7541
13202,8231
13203,11135
13204,6659
13205,9640
13206,5757
13207,5806
13208,7967
13209,8089
13210,5480
13211,5022
13212,8411
13213,8189
13214,6892
13215,6807
13216,8170
13217,6569
13218,6764
13219,8150
13220,6138
13221,3619
13222,10675
13223,4800
13224,9084
13225,8088
13226,7597
13227,8613
13228,14098
13229,10842
13230,10584
13231,5344
13232,8601
13233,8965
13234,4552
13235,3298
13236,9365
13237,4383
13238,8110
13239,13527
13240,7626
13241,8732
13242,4769
13243,9497
13244,6997
13245,7758
13246,8982
13247,10267
13248,10054
13249,7046
13250,8041
13251,5924
13252,8479
13253,5591
13254,5337
13255,7486
13256,6362
13257,6271
13258,8841
13259,5252
13260,11737
13261,7677
13262,4912
13263,5026
13264,9971
13265,7492
13266,6265
13267,8179
13268,7377
13269,6723
13270,7231
13271,8091
13272,8870
13273,7587
13274,5032
13275,11111
13276,8637
13277,5322
13278,4356
13279,12138
13280,7004
13281,7011
13282,8334
13283,13458
13284,8775
13285,10030
13286,10055
13287,8953
13288,6335
13289,7195
13290,8477
13291,10808
13292,14442
13293,5776
13294,7016
13295,4728
13296,5841
13297,10170
13298,17483
13299,8241
13300,6017
13301,5152
13302,7705
13303,6314
13304,11733
13305,9724
13306,6504
13307,4923
13308,9502
13309,6042
13310,9568
13311,11722
13312,5636
13313,8239
13314,4073
13315,8306
13316,9250
13317,8443
13318,11253
13319,7666
13320,9477
13321,4623
13322,7398
13323,8448
13324,10842
13325,8521
13326,9059
13327,7770
13328,5563
13329,11145
13330,5017
13331,11894
13332,6771
13333,4539
13334,8604
13335,8542
13336,7356
13337,8818
13338,9918
13339,5460
13340,13323
13341,4959
13342,5122
13343,7930
13344,8738
13345,10735
13346,8625
13347,8091
13348,6058
13349,6245
13350,8942
13351,7481
13352,8035
13353,5835
13354,11532
13355,8009
13356,9947
13357,12508
13358,10589
13359,4927
13360,5098
13361,7034
13362,11208
13363,6810
13364,8755
13365,5438
13366,12496
13367,6842
13368,6377
13369,5138
13370,6383
13371,5609
13372,6553
13373,7693
13374,5190
13375,6124
13376,4947
13377,10982
13378,7884
13379,24085
13380,8452
13381,4922
13382,5604
13383,7956
13384,11053
13385,5666
13386,5848
13387,10351
13388,8288
13389,8188
13390,6551
13391,8047
13392,8556
13393,5379
13394,6149
13395,7730
13396,8954
13397,7624
13398,7802
13399,8088
13400,9810
13401,5894
13402,4896
13403,6574
13404,10668
13405,12298
13406,8442
13407,11141
13408,6230
13409,9182
13410,5123
13411,6721
13412,4691
13413,8917
13414,9430
13415,12903
13416,9768
13417,8254
13418,6624
13419,6515
13420,4710
13421,6392
13422,11504
13423,6671
13424,6330
13425,6362
13426,6148
13427,8924
13428,4096
13429,8465
13430,5303
13431,7444
13432,7096
13433,6376
13434,9388
13435,6309
13436,8937
13437,11484
13438,7041
13439,6322
13440,11044
13441,5070
13442,7282
13443,8763
13444,12711
13445,6184
13446,6131
13447,9283
13448,8464
13449,9074
13450,7769
13451,10641
13452,5003
13453,5659
13454,6706
13455,6762
13456,10322
13457,8613
13458,4534
13459,6233
13460,8867
13461,6980
13462,11181
13463,4222
13464,15014
13465,7668
13466,5442
13467,7145
13468,8052
13469,6438
13470,9647
13471,4944
13472,7435
13473,6638
13474,8847
13475,8575
13476,6213
13477,9054
13478,5947
13479,6366
13480,9190
13481,9077
13482,8402
13483,5355
13484,11282
13485,5592
13486,10020
13487,8339
13488,13811
13489,7533
13490,5077
13491,7279
13492,6981
13493,6166
13494,5908
13495,7926
13496,8491
13497,4373
13498,9717
13499,7036
13500,7795
13501,5376
13502,7681
13503,10356
13504,5331
13505,13576
13506,6482
13507,5590
13508,8482
13509,9246
13510,5356
13511,4954
13512,8154
13513,7358
13514,5345
13515,6659
13516,6753
13517,8526
13518,9870
13519,6944
13520,8430
13521,6039
13522,4776
13523,7241
13524,8779
13525,8675
13526,8911
13527,9012
13528,10201
13529,5835
13530,9947
13531,8600
13532,6395
13533,8522
13534,10887
13535,7061
13536,9636
13537,10951
13538,8835
13539,8889
13540,6853
13541,8089
13542,8287
13543,7675
13544,7266
13545,3916
13546,6129
13547,12148
13548,8556
13549,6780
13550,4594
13551,9618
13552,7304
13553,9781
13554,6251
13555,6923
13556,6030
13557,4821
13558,12665
13559,8134
13560,8901
13561,6780
13562,6628
13563,6076
13564,7583
13565,8621
13566,4276
13567,7089
13568,5853
13569,9779
13570,8176
13571,6975
13572,12912
13573,5567
13574,5495
13575,11769
13576,5839
13577,7956
13578,3838
13579,9693
13580,9067
13581,5988
13582,7327
13583,7935
13584,5841
13585,7811
13586,9178
13587,12821
13588,3427
13589,7260
13590,3895
13591,16553
13592,5481
13593,9188
13594,9436
13595,7236
13596,7610
13597,6015
13598,5875
13599,3498
13600,5153
13601,7413
13602,6287
13603,7576
13604,7490
13605,6598
13606,7456
13607,7439
13608,9029
13609,10079
13610,9260
13611,5745
13612,4827
13613,10723
13614,12050
13615,6398
13616,8859
13617,5358
13618,8579
13619,6123
13620,5833
13621,7242
13622,4625
13623,7881
13624,5960
13625,10236
13626,8463
13627,9667
13628,8639
13629,6528
13630,9822
13631,20321
13632,11851
13633,6301
13634,3723
13635,7077
13636,9983
13637,6014
13638,6047
13639,14937
13640,7049
13641,14999
13642,20662
13643,4457
13644,8535
13645,5856
13646,5174
13647,11287
13648,5870
13649,10374
13650,11272
13651,9241
13652,7118
13653,9002
13654,4880
13655,6842
13656,4674
13657,6830
13658,8724
13659,10359
13660,6854
13661,6875
13662,5643
13663,7813
13664,5634
13665,5778
13666,5072
13667,8514
13668,6569
13669,6841
13670,8330
13671,9713
13672,10165
13673,7819
13674,7126
13675,6166
13676,7934
13677,8019
13678,9617
13679,7416
13680,8202
13681,6418
13682,4602
13683,6659
13684,7983
13685,7232
13686,4845
13687,3413
13688,9304
13689,8335
13690,10911
13691,8159
13692,6758
13693,8695
13694,5945
13695,5072
13696,11473
13697,5519
13698,8734
13699,8666
13700,17165
13701,7334
13702,6521
13703,8774
13704,6424
13705,8590
13706,6268
13707,9363
13708,5099
13709,8754
13710,5026
13711,6706
13712,4360
13713,12003
13714,5910
13715,17929
13716,15826
13717,6123
13718,7113
13719,5875
13720,8042
13721,6485
13722,12026
13723,8689
13724,10402
13725,4706
13726,8106
13727,5691
13728,8785
13729,9486
13730,7312
13731,7064
13732,7740
13733,7366
13734,9364
13735,11162
13736,6805
13737,9658
13738,11962
13739,7582
13740,8174
13741,7922
13742,10481
13743,8779
13744,5950
13745,6069
13746,7805
13747,6389
13748,11686
13749,7133
13750,8391
13751,7709
13752,9812
13753,4712
13754,8849
13755,11593
13756,10645
13757,9937
13758,7901
13759,4984
13760,16414
13761,11072
13762,10330
13763,19213
13764,10844
13765,8484
13766,7438
13767,10609
13768,12205
13769,12796
13770,14179
13771,6657
13772,8532
13773,6790
13774,9726
13775,4541
13776,13874
13777,7024
13778,5963
13779,6183
13780,10570
13781,8515
13782,6099
13783,8063
13784,5859
13785,5278
13786,8222
13787,4889
13788,5422
13789,6870
13790,8030
13791,11117
13792,8758
13793,8501
13794,6859
13795,6148
13796,13479
13797,8186
13798,6288
13799,6607
13800,5403
13801,10225
13802,5055
13803,11684
13804,7842
13805,3811
13806,5522
13807,7922
13808,6957
13809,5577
13810,9626
13811,11333
13812,13118
13813,6923
13814,10640
13815,3364
13816,6593
13817,7073
13818,6399
13819,8659
13820,6014
13821,7589
13822,5251
13823,6353
13824,11959
13825,8358
13826,5842
13827,5788
13828,9636
13829,11110
13830,10226
13831,5756
13832,5888
13833,9457
13834,7588
13835,8495
13836,7158
13837,5669
13838,7901
13839,11444
13840,4940
13841,4938
13842,6045
13843,6879
13844,10721
13845,9078
13846,9016
13847,16202
13848,6132
13849,12602
13850,13339
13851,7636
13852,6353
13853,4172
13854,9269
13855,7134
13856,7401
13857,6512
13858,8336
13859,13332
13860,6074
13861,6783
13862,8961
13863,6105
13864,8621
13865,5451
13866,5184
13867,7952
13868,3983
13869,9698
13870,8504
13871,7726
13872,8359
13873,9458
13874,9486
13875,6243
13876,9205
13877,10057
13878,6830
13879,6375
13880,5945
13881,5518
13882,11187
13883,8461
13884,7866
13885,5765
13886,8275
13887,9337
13888,8212
13889,6514
13890,9412
13891,6346
13892,7113
13893,19894
13894,6588
13895,9847
13896,7717
13897,6778
13898,6229
13899,5609
13900,4589
13901,6442
13902,8943
13903,15316
13904,10042
13905,10788
13906,13437
13907,12371
13908,11775
13909,9501
13910,5741
13911,5790
13912,12056
13913,12046
13914,8092
13915,9802
13916,9553
13917,6402
13918,4760
13919,10976
13920,7560
13921,7632
13922,6534
13923,3250
13924,15342
13925,13924
13926,17256
13927,6643
13928,5889
13929,5542
13930,7004
13931,7926
13932,8832
13933,6937
13934,5642
13935,5452
13936,8910
13937,4758
13938,3934
13939,8156
13940,15988
13941,7995
13942,19855
13943,5026
13944,6313
13945,7746
13946,6524
13947,6020
13948,5435
13949,5151
13950,4856
13951,8511
13952,7419
13953,4228
13954,9739
13955,5992
13956,8158
13957,5440
13958,10732
13959,8954
13960,11167
13961,6123
13962,8055
13963,5115
13964,5762
13965,5801
13966,15809
13967,10945
13968,7593
13969,6459
13970,5203
13971,6617
13972,5684
13973,12293
13974,5130
13975,16300
13976,5018
13977,5687
13978,5988
13979,10774
13980,8721
13981,4774
13982,7446
13983,8366
13984,8296
13985,7589
13986,6766
13987,4887
13988,11501
13989,5494
13990,4628
13991,5737
13992,6513
13993,6670
13994,7635
13995,10272
13996,9549
13997,7194
13998,7876
13999,4987
14000,8529
14001,7155
14002,5113
14003,7437
14004,7885
14005,7602
14006,11672
14007,7253
14008,7620
14009,7544
14010,7584
14011,6846
14012,8913
14013,7215
14014,8337
14015,7960
14016,6341
14017,10350
14018,6948
14019,5184
14020,13699
14021,7022
14022,3834
14023,9041
14024,8854
14025,11263
14026,5693
14027,7049
14028,7468
14029,4605
14030,6396
14031,8131
14032,8859
14033,6498
14034,8254
14035,10544
14036,3617
14037,7528
14038,6482
14039,6515
14040,5687
14041,7723
14042,10220
14043,6264
14044,6319
14045,9136
14046,8144
14047,10183
14048,10430
14049,5236
14050,7390
14051,7057
14052,9592
14053,8711
14054,9350
14055,5149
14056,10181
14057,8400
14058,8363
14059,11390
14060,5270
14061,4764
14062,14762
14063,10355
14064,8931
14065,6841
14066,7977
14067,10076
14068,4563
14069,7931
14070,6275
14071,8713
14072,8406
14073,7313
14074,8725
14075,6630
14076,10250
14077,12189
14078,19117
14079,8228
14080,5609
14081,6270
14082,4744
14083,3681
14084,12769
14085,9056
14086,6060
14087,10175
14088,5937
14089,12486
14090,5119
14091,6350
14092,6080
14093,10480
14094,5288
14095,8033
14096,5686
14097,6135
14098,7905
14099,5794
14100,8314
14101,8809
14102,11079
14103,9004
14104,8006
14105,6828
14106,13977
14107,5396
14108,5596
14109,11876
14110,8256
14111,10320
14112,7390
14113,16123
14114,7054
14115,6634
14116,5289
14117,7519
14118,9998
14119,11482
14120,8212
14121,9780
14122,8968
14123,4329
14124,7958
14125,8808
14126,7997
14127,9860
14128,6362
14129,5367
14130,5397
14131,4306
14132,6196
14133,9747
14134,9250
14135,12530
14136,18501
14137,7504
14138,5646
14139,8503
14140,8413
14141,11076
14142,4724
14143,6915
14144,4965
14145,9506
14146,7281
14147,7063
14148,15858
14149,12900
14150,5874
14151,7748
14152,4690
14153,5958
14154,6316
14155,8752
14156,5442
14157,5132
14158,6072
14159,9043
14160,8811
14161,5878
14162,6211
14163,8431
14164,7537
14165,8336
14166,4435
14167,12457
14168,20557
14169,3946
14170,8334
14171,10003
14172,8510
14173,5890
14174,3986
14175,5260
14176,9049
14177,5578
14178,9362
14179,10570
14180,5521
14181,6218
14182,8353
14183,6985
14184,5056
14185,6700
14186,7949
14187,10721
14188,9301
14189,11713
14190,6620
14191,4447
14192,7997
14193,6400
14194,10426
14195,6499
14196,5281
14197,24499
14198,7809
14199,6848
14200,12080
14201,8318
14202,8365
14203,7253
14204,8452
14205,5251
14206,10408
14207,16187
14208,6627
14209,6528
14210,6938
14211,15422
14212,7304
14213,6511
14214,7347
14215,5987
14216,7546
14217,4892
14218,10199
14219,4791
14220,8199
14221,3198
14222,21499
14223,10803
14224,4980
14225,4903
14226,10564
14227,7039
14228,7188
14229,9237
14230,7045
14231,5668
14232,5076
14233,10655
14234,6501
14235,6967
14236,8460
14237,7986
14238,5369
14239,8133
14240,7201
14241,4491
14242,8807
14243,9737
14244,5029
14245,8501
14246,8024
14247,5388
14248,10109
14249,6539
14250,8078
14251,7491
14252,9408
14253,4447
14254,5728
14255,6073
14256,16522
14257,7063
14258,10438
14259,4525
14260,8970
14261,5199
14262,6425
14263,5022
14264,6984
14265,6679
14266,7823
14267,7533
14268,10271
14269,5465
14270,6421
14271,8316
14272,9788
14273,6743
14274,9442
14275,10383
14276,7747
14277,3715
14278,8666
14279,5926
14280,6374
14281,8164
14282,4452
14283,12005
14284,5802
14285,7784
14286,12266
14287,7568
14288,4882
14289,0
14290,6913
14291,11176
14292,6254
14293,9922
14294,11370
14295,6421
14296,5562
14297,7696
14298,6669
14299,6387
14300,6369
14301,10980
14302,7925
14303,6048
14304,5177
14305,6561
14306,7896
14307,7599
14308,9575
14309,7047
14310,7762
14311,5043
14312,8195
14313,8711
14314,7287
14315,7066
14316,7119
14317,8290
14318,10742
14319,6141
14320,9235
14321,5570
14322,6644
14323,7941
14324,7623
14325,5098
14326,4837
14327,7276
14328,8933
14329,6833
14330,6421
14331,8713
14332,6356
14333,6670
14334,7372
14335,5885
14336,3822
14337,9512
14338,4658
14339,8610
14340,7946
14341,7070
14342,8038
14343,13966
14344,9868
14345,9134
14346,5177
14347,9402
14348,8810
14349,4325
14350,3557
14351,9917
14352,4274
14353,8197
14354,13296
14355,8341
14356,8114
14357,5011
14358,8911
14359,7507
14360,7395
14361,9074
14362,9600
14363,9956
14364,6822
14365,8650
14366,5384
14367,8330
14368,5651
14369,5583
14370,7798
14371,6178
14372,5940
14373,9102
14374,5139
14375,11373
14376,7997
14377,5539
14378,4987
14379,10728
14380,7629
14381,7011
14382,7978
14383,7639
14384,6426
14385,6642
14386,7927
14387,8418
14388,7146
14389,5026
14390,10630
14391,8053
14392,5966
14393,4243
14394,12009
14395,7307
14396,6404
14397,8166
14398,12461
14399,9075
14400,8857
14401,9868
14402,8575
14403,6447
14404,7067
14405,8347
14406,10427
14407,13752
14408,5569
14409,7106
14410,4846
14411,5522
14412,10366
14413,17846
14414,7828
14415,6393
14416,5478
14417,7638
14418,6500
14419,10419
14420,10036
14421,6449
14422,4837
14423,9225
14424,6146
14425,9899
14426,11252
14427,5637
14428,8415
14429,4252
14430,8306
14431,8828
14432,8255
14433,10274
14434,7355
14435,9022
14436,4818
14437,7720
14438,7937
14439,10277
14440,8726
14441,9195
14442,7216
14443,5511
14444,10674
14445,4882
14446,11485
14447,6875
14448,4777
14449,6558
14450,8048
14451,7287
14452,8205
14453,9721
14454,6033
14455,12061
14456,5074
14457,5332
14458,8222
14459,8923
14460,10847
14461,8089
14462,8078
14463,6038
14464,6600
14465,8836
14466,7360
14467,7672
14468,5855
14469,11345
14470,7460
14471,9550
14472,12067
14473,10016
14474,4879
14475,5202
14476,6710
14477,11400
14478,6476
14479,8439
14480,5537
14481,12176
14482,6686
14483,6319
14484,5607
14485,6280
14486,5671
14487,6617
14488,7426
14489,5233
14490,6078
14491,5078
14492,10471
14493,7812
14494,22866
14495,7936
14496,4478
14497,5154
14498,7832
14499,9502
14500,5348
14501,5200
14502,9729
14503,6504
14504,7616
14505,6136
14506,7389
14507,8162
14508,5122
14509,5930
14510,7491
14511,8221
14512,6487
14513,8027
14514,7372
14515,8111
14516,6165
14517,5237
14518,5889
14519,10598
14520,10214
14521,7490
14522,10283
14523,5453
14524,8138
14525,3938
14526,5984
14527,4749
14528,7968
14529,8211
14530,12172
14531,9845
14532,7331
14533,6074
14534,4857
14535,4205
14536,6123
14537,10468
14538,6738
14539,5875
14540,6033
14541,6134
14542,7858
14543,3863
14544,7885
14545,5070
14546,8416
14547,7360
14548,5720
14549,8437
14550,5613
14551,8378
14552,9136
14553,7484
14554,6106
14555,9077
14556,4922
14557,6400
14558,7493
14559,12134
14560,5765
14561,6329
14562,8164
14563,7478
14564,8986
14565,7120
14566,9979
14567,5184
14568,4890
14569,5757
14570,6411
14571,10249
14572,8318
14573,4117
14574,5798
14575,8359
14576,7562
14577,10289
14578,4094
14579,13152
14580,7774
14581,4844
14582,6089
14583,6913
14584,6378
14585,8104
14586,4862
14587,6351
14588,7195
14589,7971
14590,7412
14591,5641
14592,7354
14593,5681
14594,5835
14595,8320
14596,8104
14597,7171
14598,5167
14599,10380
14600,5493
14601,9107
14602,7653
14603,13281
14604,7167
14605,4390
14606,7421
14607,6153
14608,6069
14609,5387
14610,8542
14611,7369
14612,3835
14613,8594
14614,6173
14615,7505
14616,4991
14617,7312
14618,8411
14619,5559
14620,12326
14621,5574
14622,5868
14623,8525
14624,9510
14625,5202
14626,4474
14627,7582
14628,6348
14629,4945
14630,6586
14631,6119
14632,9097
14633,8130
14634,7331
14635,7575
14636,5465
14637,4667
14638,6421
14639,8410
14640,7462
14641,8801
14642,8352
14643,9250
14644,6105
14645,8745
14646,7831
14647,5723
14648,7480
14649,8943
14650,7641
14651,7332
14652,9904
14653,8392
14654,8428
14655,6173
14656,7440
14657,8305
14658,6855
14659,7333
14660,4488
14661,5483
14662,9754
14663,7959
14664,6225
14665,4247
14666,8553
14667,6758
14668,8334
14669,6626
14670,6292
14671,5210
14672,4192
14673,11149
14674,7042
14675,7493
14676,6949
14677,5782
14678,5882
14679,6595
14680,8130
14681,4534
14682,6887
14683,5402
14684,8761
14685,8320
14686,6800
14687,14299
14688,4802
14689,5208
14690,10667
14691,5368
14692,7508
14693,3775
14694,8636
14695,7954
14696,5801
14697,6667
14698,6762
14699,5922
14700,7034
14701,7628
14702,10726
14703,3512
14704,6832
14705,3560
14706,14108
14707,5097
14708,8901
14709,9860
14710,6912
14711,6719
14712,5439
14713,5198
14714,3164
14715,4584
14716,6510
14717,5515
14718,7947
14719,7401
14720,5517
14721,6823
14722,6583
14723,8428
14724,9835
14725,8081
14726,5492
14727,4596
14728,9641
14729,11721
14730,6035
14731,7993
14732,4988
14733,7410
14734,5477
14735,5420
14736,6605
14737,4704
14738,7071
14739,5438
14740,9186
14741,7549
14742,8441
14743,7635
14744,5899
14745,9112
14746,18591
14747,10434
14748,5306
14749,3557
14750,6391
14751,8289
14752,5332
14753,6430
14754,14238
14755,6193
14756,13429
14757,20780
14758,4603
14759,7317
14760,5667
14761,4302
14762,7807
14763,5750
14764,8266
14765,9845
14766,8691
14767,7049
14768,7882
14769,5136
14770,7156
14771,4236
14772,6789
14773,7558
14774,11060
14775,6352
14776,6466
14777,4824
14778,7558
14779,5891
14780,5570
14781,4464
14782,8317
14783,6042
14784,6411
14785,7513
14786,8144
14787,7995
14788,6298
14789,6267
14790,5553
14791,7118
14792,7268
14793,10084
14794,7015
14795,7958
14796,5916
14797,4528
14798,5908
14799,7108
14800,6600
14801,4832
14802,3115
14803,9222
14804,6949
14805,10034
14806,6729
14807,5986
14808,7515
14809,5065
14810,4719
14811,10454
14812,6054
14813,7876
14814,8407
14815,14324
14816,6312
14817,5364
14818,7966
14819,5313
14820,5818
14821,6142
14822,7755
14823,4516
14824,8225
14825,4513
14826,5657
14827,3860
14828,10129
14829,5427
14830,14629
14831,13932
14832,5346
14833,7094
14834,5401
14835,7149
14836,5619
14837,12427
14838,8440
14839,9277
14840,4862
14841,7745
14842,5520
14843,9498
14844,8156
14845,7431
14846,6308
14847,6955
14848,7381
14849,8841
14850,9224
14851,6243
14852,7981
14853,10237
14854,6716
14855,7521
14856,7106
14857,8744
14858,7492
14859,5730
14860,5617
14861,6640
14862,5741
14863,10484
14864,6624
14865,8069
14866,7064
14867,9365
14868,4901
14869,7583
14870,10113
14871,8851
14872,8733
14873,6863
14874,4540
14875,14361
14876,9219
14877,9003
14878,17170
14879,8991
14880,8159
14881,7274
14882,8828
14883,10549
14884,11007
14885,12615
14886,5924
14887,7410
14888,5920
14889,9608
14890,3973
14891,10259
14892,6100
14893,5874
14894,6587
14895,8939
14896,7811
14897,5778
14898,7801
14899,5332
14900,4744
14901,7689
14902,4745
14903,5089
14904,6041
14905,7389
14906,10271
14907,9804
14908,7267
14909,6964
14910,5800
14911,10982
14912,7093
14913,5911
14914,5563
14915,5297
14916,9639
14917,4702
14918,12851
14919,7320
14920,3380
14921,4869
14922,7657
14923,6711
14924,6093
14925,9445
14926,9971
14927,11277
14928,6342
14929,11655
14930,3099
14931,5765
14932,7035
14933,6142
14934,7615
14935,6218
14936,7254
14937,5018
14938,5588
14939,11615
14940,8155
14941,4834
14942,5292
14943,8978
14944,9961
14945,7718
14946,5931
14947,5405
14948,8337
14949,6449
14950,7994
14951,5801
14952,5935
14953,7426
14954,9007
14955,4092
14956,4726
14957,5099
14958,5729
14959,9765
14960,8517
14961,8733
14962,12923
14963,5570
14964,11489
14965,12173
14966,7376
14967,5505
14968,3503
14969,8264
14970,6108
14971,6382
14972,6697
14973,7076
14974,11400
14975,5072
14976,6150
14977,7975
14978,5028
14979,8636
14980,5687
14981,4485
14982,7453
14983,3767
14984,7966
14985,8264
14986,7294
14987,8531
14988,9083
14989,8406
14990,6294
14991,8210
14992,9838
14993,6845
14994,6007
14995,6210
14996,5336
14997,10334
14998,7712
14999,6465
15000,5378
15001,7261
15002,8791
15003,7487
15004,6616
15005,8903
15006,5632
15007,7329
15008,16721
15009,6660
15010,9358
15011,6119
15012,6396
15013,6590
15014,5642
15015,4374
15016,5814
15017,9748
15018,13654
15019,8486
15020,10235
15021,10546
15022,11432
15023,11360
15024,8642
15025,5272
15026,5132
15027,10482
15028,11450
15029,8961
15030,8330
15031,8947
15032,6360
15033,4133
15034,11371
15035,7144
15036,6531
15037,6661
15038,3045
15039,13193
15040,11718
15041,14144
15042,6026
15043,5432
15044,5351
15045,6561
15046,7004
15047,8511
15048,7045
15049,5094
15050,5293
15051,7451
15052,3908
15053,3444
15054,6618
15055,14379
15056,7506
15057,19610
15058,4431
15059,6024
15060,6727
15061,6193
15062,5100
15063,5526
15064,4717
15065,3966
15066,8990
15067,7194
15068,4578
15069,9616
15070,6282
15071,7478
15072,4937
15073,9843
15074,7880
15075,9417
15076,5534
15077,7034
15078,4916
15079,5359
15080,5148
15081,14180
15082,11780
15083,6987
15084,5523
15085,5482
15086,6432
15087,4408
15088,9024
15089,4621
15090,14783
15091,4623
15092,5136
15093,5721
15094,10007
15095,7821
15096,5301
15097,6651
15098,7292
15099,7355
15100,8152
15101,6073
15102,4521
15103,9706
15104,5141
15105,3946
15106,5929
15107,7284
15108,6059
15109,6787
15110,8914
15111,8914
15112,7275
15113,7604
15114,4751
15115,8827
15116,6046
15117,4873
15118,7464
15119,7095
15120,6799
15121,9707
15122,6774
15123,6668
15124,7176
15125,6608
15126,5887
15127,7406
15128,8362
15129,6942
15130,6834
15131,6967
15132,9575
15133,6848
15134,4843
15135,12521
15136,5772
15137,3320
15138,8318
15139,9984
15140,10016
15141,5294
15142,6529
15143,7032
15144,4595
15145,6719
15146,7331
15147,7380
15148,6158
15149,6949
15150,8843
15151,3645
15152,6196
15153,6088
15154,5427
15155,5695
15156,7059
15157,8911
15158,6010
15159,5657
15160,8625
15161,7257
15162,9064
15163,9177
15164,5645
15165,7142
15166,7289
15167,8354
15168,8050
15169,8738
15170,3682
15171,9928
15172,7552
15173,7612
15174,10691
15175,4858
15176,4259
15177,12929
15178,8849
15179,8863
15180,6220
15181,6565
15182,9249
15183,4237
15184,7201
15185,5442
15186,8552
15187,6756
15188,6869
15189,8831
15190,6007
15191,9591
15192,11469
15193,17236
15194,7545
15195,5231
15196,6468
15197,4765
15198,3263
15199,11263
15200,8016
15201,6299
15202,9171
15203,6219
15204,10218
15205,5419
15206,6797
15207,6619
15208,9057
15209,5632
15210,7199
15211,5983
15212,5542
15213,7329
15214,5209
15215,7494
15216,8198
15217,9546
15218,8052
15219,7126
15220,6067
15221,11420
15222,5261
15223,5665
15224,11553
15225,7252
15226,9482
15227,6693
15228,15254
15229,5954
15230,5879
15231,5623
15232,6222
15233,9044
15234,12133
15235,7837
15236,7978
15237,8113
15238,4396
15239,7720
15240,7651
15241,7225
15242,8871
15243,5836
15244,5499
15245,5823
15246,3987
15247,5212
15248,8484
15249,7378
15250,11714
15251,17277
15252,7040
15253,5040
15254,7432
15255,7836
15256,9517
15257,4615
15258,6525
15259,4793
15260,8695
15261,7154
15262,6788
15263,13930
15264,12915
15265,4959
15266,7227
15267,4486
15268,5520
15269,5426
15270,9414
15271,4838
15272,4954
15273,5840
15274,7750
15275,6660
15276,5027
15277,5972
15278,7889
15279,7394
15280,7387
15281,3765
15282,11059
15283,18467
15284,3849
15285,7767
15286,8796
15287,7566
15288,5123
15289,3347
15290,4829
15291,7788
15292,5443
15293,7927
15294,9300
15295,4946
15296,5659
15297,7277
15298,6535
15299,5423
15300,6222
15301,7240
15302,10340
15303,8076
15304,10689
15305,6214
15306,4073
15307,6424
15308,5826
15309,9454
15310,6506
15311,4527
15312,21973
15313,7120
15314,6234
15315,12160
15316,7547
15317,7465
15318,6720
15319,7558
15320,5223
15321,9284
15322,14281
15323,5813
15324,5639
15325,6598
15326,12864
15327,7081
15328,5888
15329,6677
15330,5704
15331,6391
15332,4880
15333,9035
15334,4271
15335,7084
15336,3272
15337,21324
15338,9310
15339,4422
15340,5379
15341,10602
15342,6312
15343,7096
15344,8448
15345,6451
15346,5717
15347,4728
15348,9486
15349,6106
15350,6424
15351,7268
15352,7519
15353,5244
15354,7756
15355,7036
15356,4079
15357,8351
15358,9772
15359,4750
15360,7983
15361,7655
15362,5354
15363,10240
15364,5767
15365,7199
15366,7061
15367,8835
15368,3979
15369,5217
15370,5723
15371,12106
15372,6262
15373,9554
15374,4533
15375,8224
15376,4268
15377,5913
15378,4785
15379,6435
15380,5831
15381,7377
15382,7131
15383,9264
15384,5142
15385,6814
15386,7102
15387,8819
15388,6234
15389,9303
15390,9718
15391,6742
15392,3858
15393,7252
15394,5706
15395,6339
15396,7175
15397,4313
15398,12170
15399,6055
15400,6368
15401,11078
15402,6808
15403,4897
15404,0
15405,6793
15406,9951
15407,5370
15408,8610
15409,9134
15410,7085
15411,5214
15412,7090
15413,5944
15414,5855
15415,6572
15416,8865
15417,7765
15418,5223
15419,5005
15420,7554
15421,7812
15422,6313
15423,8276
15424,6307
15425,6915
15426,4632
15427,8862
15428,7693
15429,7208
15430,6369
15431,6484
15432,8234
15433,9471
15434,5897
15435,8376
15436,5479
15437,6601
15438,7408
15439,6261
15440,4623
15441,4762
15442,7405
15443,8973
15444,5908
15445,6122
15446,8478
15447,6318
15448,5823
15449,6496
15450,5463
15451,3158
15452,8422
15453,4193
15454,7547
15455,7194
15456,7239
15457,7291
15458,10661
15459,9199
15460,7775
15461,4951
15462,7933
15463,7326
15464,3931
15465,3284
15466,8309
15467,4099
15468,7327
15469,12894
15470,7911
15471,7460
15472,5064
15473,7904
15474,7543
15475,6439
15476,7890
15477,8559
15478,8757
15479,6519
15480,8247
15481,5084
15482,7521
15483,4852
15484,5870
15485,7238
15486,5980
15487,5444
15488,7985
15489,5355
15490,10567
15491,7248
15492,5430
15493,4663
15494,10374
15495,8047
15496,6053
15497,6772
15498,7427
15499,6261
15500,6212
15501,6893
15502,7666
15503,6239
15504,4993
15505,9410
15506,6935
15507,6388
15508,3768
15509,11737
15510,6579
15511,6029
15512,6503
15513,10873
15514,9778
15515,8275
15516,9320
15517,7169
15518,6054
15519,6274
15520,7446
15521,9998
15522,14217
15523,5213
15524,5827
15525,4003
15526,4867
15527,9740
15528,15914
15529,6549
15530,5315
15531,5345
15532,5942
15533,6257
15534,9402
15535,9169
15536,6337
15537,4158
15538,8449
15539,5934
15540,8637
15541,9942
15542,5304
15543,7594
15544,4226
15545,8034
15546,8177
15547,7693
15548,8712
15549,6473
15550,7891
15551,5237
15552,6793
15553,7615
15554,8904
15555,7876
15556,8120
15557,6480
15558,5076
15559,9324
15560,4819
15561,10675
15562,6559
15563,4909
15564,5826
15565,6867
15566,6145
15567,7862
15568,9112
15569,5712
15570,11595
15571,4411
15572,4736
15573,7712
15574,8958
15575,10974
15576,7231
15577,6138
15578,5498
15579,6147
15580,7468
15581,6074
15582,6988
15583,5612
15584,10848
15585,6722
15586,8726
15587,12112
15588,8763
15589,5139
15590,4893
15591,6225
15592,11014
15593,5800
15594,8005
15595,5210
15596,10569
15597,6607
15598,5879
15599,5785
15600,5260
15601,5278
15602,6748
15603,6168
15604,5260
15605,5390
15606,4964
15607,9448
15608,6534
15609,21284
15610,7577
15611,4265
15612,3091
15613,4350
15614,9029
15615,2152
15616,2957
15617,6326
15618,3347
15619,6184
15620,4983
15621,5535
15622,5906
15623,4478
15624,3317
15625,5697
15626,5021
15627,2837
15628,4918
15629,4377
15630,6267
15631,5258
15632,3542
15633,4527
15634,7547
15635,7661
15636,5537
15637,6909
15638,2211
15639,7441
15640,3173
15641,5209
15642,2502
15643,7774
15644,7445
15645,8897
15646,9428
15647,6706
15648,5936
15649,2965
15650,4251
15651,6350
15652,7678
15653,4048
15654,3530
15655,5678
15656,4948
15657,5550
15658,2451
15659,7456
15660,4229
15661,7851
15662,6219
15663,3380
15664,8242
15665,3038
15666,9284
15667,6571
15668,6630
15669,2568
15670,5470
15671,4475
15672,3481
15673,7068
15674,10356
15675,3190
15676,6045
15677,5433
15678,8535
15679,7238
15680,5672
15681,6403
15682,2536
15683,2484
15684,4115
15685,5980
15686,8549
15687,7534
15688,2345
15689,4025
15690,8538
15691,8398
15692,5607
15693,2932
15694,10375
15695,5013
15696,3369
15697,4055
15698,2381
15699,4896
15700,6736
15701,3559
15702,5278
15703,3042
15704,5514
15705,3703
15706,1850
15707,4323
15708,5168
15709,5660
15710,8728
15711,6824
15712,5280
15713,4118
15714,10944
15715,3229
15716,6140
15717,7390
15718,12726
15719,5006
15720,3068
15721,6765
15722,5503
15723,6494
15724,4998
15725,10011
15726,5654
15727,2046
15728,7841
15729,4468
15730,5910
15731,2289
15732,7591
15733,3817
15734,2788
15735,8119
15736,4336
15737,5109
15738,8077
15739,7755
15740,4218
15741,4164
15742,7434
15743,3561
15744,3077
15745,6710
15746,4989
15747,6579
15748,3161
15749,4775
15750,6462
15751,4258
15752,3025
15753,5169
15754,6038
15755,6184
15756,7179
15757,7564
15758,7230
15759,4304
15760,7381
15761,5527
15762,3000
15763,3575
15764,7604
15765,6955
15766,3225
15767,6692
15768,9938
15769,6756
15770,4762
15771,6599
15772,7288
15773,5718
15774,4596
15775,2971
15776,5367
15777,5224
15778,4612
15779,4993
15780,3142
15781,5629
15782,6829
15783,6019
15784,6748
15785,5857
15786,2774
15787,1612
15788,6908
15789,5620
15790,6843
15791,3649
15792,5564
15793,4859
15794,5163
15795,5695
15796,3730
15797,4170
15798,5016
15799,6794
15800,6741
15801,7158
15802,14180
15803,3874
15804,4862
15805,9702
15806,3618
15807,5238
15808,906
15809,7958
15810,6310
15811,5175
15812,6458
15813,5391
15814,4844
15815,5227
15816,4913
15817,7437
15818,3113
15819,5631
15820,2773
15821,8763
15822,3207
15823,7183
15824,9600
15825,6369
15826,5396
15827,4324
15828,2223
15829,1649
15830,3188
15831,5385
15832,3040
15833,5531
15834,7172
15835,3864
15836,5195
15837,4312
15838,7861
15839,7812
15840,7286
15841,5215
15842,3345
15843,8313
15844,9078
15845,3711
15846,4425
15847,3732
15848,5032
15849,5155
15850,4053
15851,5904
15852,3141
15853,4987
15854,4475
15855,8650
15856,5328
15857,7280
15858,6628
15859,4623
15860,8399
15861,15688
15862,8474
15863,3561
15864,3734
15865,6204
15866,7037
15867,3004
15868,5077
15869,9564
15870,6082
15871,6962
15872,16859
15873,5056
15874,5504
15875,2856
15876,2317
15877,9849
15878,3305
15879,5624
15880,8600
15881,2966
15882,3758
15883,5990
15884,3614
15885,6745
15886,2060
15887,5229
15888,4960
15889,10492
15890,5736
15891,5913
15892,3060
15893,7638
15894,5649
15895,6383
15896,1665
15897,8929
15898,5338
15899,5999
15900,3987
15901,4401
15902,4366
15903,4573
15904,3461
15905,5410
15906,4502
15907,4653
15908,8312
15909,8069
15910,7495
15911,3974
15912,4296
15913,3929
15914,4700
15915,6514
15916,2983
15917,1258
15918,6450
15919,5193
15920,7591
15921,5212
15922,4404
15923,4685
15924,3097
15925,2567
15926,8081
15927,6015
15928,4805
15929,5391
15930,11319
15931,6104
15932,2020
15933,7325
15934,2072
15935,3794
15936,5980
15937,5582
15938,2263
15939,4038
15940,4135
15941,3771
15942,1643
15943,7764
15944,4367
15945,9291
15946,10162
15947,5763
15948,5593
15949,4077
15950,4803
15951,4387
15952,11733
15953,5998
15954,6858
15955,3290
15956,5443
15957,5525
15958,8932
15959,8399
15960,6890
15961,5168
15962,6435
15963,4985
15964,8160
15965,6197
15966,6644
15967,6312
15968,8527
15969,7008
15970,4865
15971,5715
15972,8003
15973,5916
15974,3230
15975,5332
15976,3241
15977,4838
15978,8466
15979,6964
15980,7125
15981,6077
15982,7546
15983,4599
15984,4294
15985,4590
15986,5959
15987,6296
15988,6014
15989,3153
15990,12170
15991,4993
15992,5495
15993,15318
15994,5599
15995,7454
15996,5949
15997,6402
15998,7740
15999,7298
16000,9911
16001,2657
16002,4033
16003,5344
16004,8491
16005,2418
16006,5403
16007,4242
16008,5048
16009,5383
16010,5894
16011,3643
16012,5435
16013,4516
16014,2951
16015,3037
16016,7448
16017,3955
16018,4875
16019,5558
16020,5172
16021,9150
16022,11584
16023,5224
16024,7193
16025,5322
16026,9494
16027,4522
16028,2689
16029,3917
16030,5344
16031,11287
16032,3775
16033,8903
16034,6980
16035,1905
16036,3481
16037,6246
16038,6260
16039,5374
16040,8934
16041,8495
16042,7203
16043,3868
16044,12054
16045,1990
16046,3692
16047,8220
16048,4028
16049,5382
16050,3664
16051,6834
16052,4848
16053,3840
16054,13048
16055,9493
16056,2388
16057,4806
16058,5196
16059,7542
16060,8904
16061,5076
16062,2740
16063,8048
16064,2045
16065,9935
16066,4268
16067,5594
16068,9157
16069,5632
16070,1557
16071,4947
16072,2457
16073,3472
16074,10720
16075,7575
16076,4079
16077,11566
16078,6868
16079,10240
16080,11584
16081,6932
16082,4176
16083,1988
16084,4855
16085,5968
16086,2717
16087,6188
16088,4539
16089,7351
16090,2398
16091,5401
16092,7875
16093,1724
16094,9012
16095,5667
16096,2690
16097,6959
16098,3216
16099,3128
16100,9419
16101,6764
16102,7241
16103,7936
16104,5381
16105,4785
16106,6501
16107,6713
16108,7730
16109,5679
16110,7021
16111,3728
16112,8721
16113,6072
16114,5792
16115,3880
16116,4513
16117,7903
16118,5673
16119,4022
16120,4845
16121,5125
16122,5198
16123,15651
16124,5170
16125,9335
16126,4390
16127,3673
16128,6178
16129,5413
16130,3096
16131,4938
16132,8751
16133,13641
16134,7106
16135,9559
16136,6923
16137,10154
16138,8116
16139,7109
16140,5715
16141,4118
16142,9907
16143,7534
16144,6975
16145,5011
16146,5225
16147,4959
16148,2360
16149,12077
16150,6574
16151,5660
16152,5113
16153,1413
16154,8834
16155,7542
16156,11756
16157,5723
16158,4257
16159,3663
16160,6677
16161,5010
16162,4197
16163,9996
16164,4123
16165,4237
16166,5144
16167,3163
16168,2449
16169,2393
16170,13851
16171,4639
16172,13325
16173,3895
16174,5656
16175,4729
16176,4005
16177,3038
16178,6058
16179,3219
16180,2659
16181,10063
16182,5866
16183,2625
16184,8353
16185,2744
16186,5709
16187,3471
16188,9851
16189,6975
16190,7949
16191,2410
16192,5006
16193,2680
16194,4872
16195,3527
16196,14363
16197,11951
16198,4852
16199,2948
16200,5914
16201,4304
16202,2329
16203,7259
16204,2324
16205,13224
16206,4089
16207,4811
16208,5492
16209,10881
16210,6710
16211,4931
16212,4972
16213,6053
16214,6567
16215,6806
16216,3912
16217,1469
16218,4699
16219,2893
16220,2813
16221,5974
16222,6976
16223,5775
16224,5080
16225,8006
16226,5321
16227,3473
16228,7528
16229,2308
16230,9306
16231,4575
16232,2636
16233,4281
16234,3983
16235,4512
16236,6937
16237,6854
16238,3715
16239,5689
16240,2540
16241,4608
16242,7879
16243,8753
16244,3642
16245,2090
16246,5155
16247,7427
16248,5984
16249,2455
16250,10529
16251,3554
16252,3159
16253,5506
16254,9991
16255,8952
16256,4313
16257,4335
16258,5954
16259,1548
16260,6667
16261,6388
16262,4692
16263,4259
16264,3054
16265,8074
16266,3107
16267,4383
16268,3658
16269,3515
16270,2911
16271,7281
16272,6623
16273,5277
16274,3673
16275,5133
16276,7558
16277,7424
16278,7294
16279,4988
16280,5298
16281,5751
16282,7973
16283,6762
16284,5028
16285,1975
16286,6476
16287,6181
16288,5838
16289,7594
16290,5480
16291,2724
16292,7746
16293,5174
16294,9846
16295,2690
16296,2762
16297,8514
16298,1587
16299,5155
16300,4206
16301,7830
16302,3590
16303,4546
16304,8980
16305,2654
16306,6201
16307,8948
16308,15043
16309,6602
16310,2507
16311,5418
16312,3578
16313,2137
16314,7700
16315,4811
16316,6360
16317,4922
16318,5399
16319,5784
16320,4991
16321,5427
16322,4794
16323,8177
16324,5203
16325,2471
16326,5971
16327,3864
16328,5247
16329,5574
16330,5829
16331,7407
16332,8149
16333,8036
16334,5558
16335,5070
16336,6226
16337,2888
16338,5719
16339,8293
16340,6659
16341,6373
16342,6458
16343,13101
16344,3127
16345,3322
16346,4714
16347,3959
16348,8047
16349,10322
16350,7764
16351,7139
16352,7157
16353,2137
16354,7770
16355,3348
16356,6482
16357,6019
16358,5040
16359,2118
16360,5071
16361,3023
16362,3031
16363,6978
16364,4560
16365,8729
16366,16691
16367,5293
16368,3072
16369,4239
16370,8237
16371,6481
16372,4197
16373,5385
16374,2159
16375,6155
16376,6883
16377,3366
16378,10211
16379,10630
16380,2827
16381,5637
16382,3567
16383,3802
16384,3814
16385,9047
16386,3615
16387,4399
16388,4708
16389,2863
16390,2744
16391,2417
16392,5422
16393,5867
16394,4456
16395,7380
16396,1156
16397,7420
16398,15659
16399,3141
16400,7984
16401,6672
16402,4245
16403,3975
16404,2458
16405,4038
16406,4152
16407,4999
16408,3020
16409,8465
16410,4354
16411,3918
16412,5931
16413,5065
16414,5563
16415,4743
16416,5941
16417,10140
16418,4418
16419,6886
16420,6011
16421,3626
16422,3222
16423,4367
16424,5784
16425,6257
16426,3187
16427,13229
16428,5151
16429,4641
16430,11840
16431,4661
16432,6725
16433,4357
16434,5077
16435,4980
16436,6501
16437,16418
16438,2878
16439,5090
16440,3631
16441,8836
16442,6600
16443,5092
16444,3653
16445,3808
16446,2539
16447,2123
16448,6894
16449,2187
16450,3827
16451,1235
16452,20697
16453,8467
16454,2011
16455,4935
16456,5902
16457,6061
16458,5276
16459,7991
16460,5370
16461,5753
16462,2833
16463,7341
16464,6063
16465,3981
16466,5790
16467,8858
16468,4428
16469,8101
16470,6376
16471,3245
16472,5695
16473,6787
16474,2589
16475,8361
16476,6755
16477,4520
16478,9437
16479,3676
16480,4709
16481,8984
16482,6184
16483,2312
16484,4711
16485,3544
16486,3686
16487,4867
16488,5778
16489,3455
16490,5753
16491,2165
16492,5382
16493,2735
16494,5524
16495,5063
16496,4512
16497,5639
16498,8589
16499,2694
16500,5658
16501,6494
16502,3208
16503,5711
16504,5540
16505,8376
16506,6517
16507,3590
16508,2254
16509,2176
16510,5685
16511,4691
16512,4025
16513,11943
16514,5566
16515,5040
16516,8687
16517,5901
16518,2279
16519,0
16520,4436
16521,7579
16522,6039
16523,7253
16524,6084
16525,8331
16526,4836
16527,3821
16528,2903
16529,3488
16530,6119
16531,4369
16532,7503
16533,4679
16534,2818
16535,7625
16536,6711
16537,4267
16538,6596
16539,4474
16540,6703
16541,3473
16542,4970
16543,3823
16544,4606
16545,3508
16546,5503
16547,7642
16548,7644
16549,6002
16550,5392
16551,4185
16552,6337
16553,6592
16554,6641
16555,2772
16556,2861
16557,8279
16558,6232
16559,2956
16560,3735
16561,7182
16562,6334
16563,2571
16564,5606
16565,4607
16566,1707
16567,5169
16568,2829
16569,4113
16570,6023
16571,5479
16572,4814
16573,4089
16574,8401
16575,6221
16576,3246
16577,5147
16578,5256
16579,3047
16580,1199
16581,6930
16582,1541
16583,5551
16584,9996
16585,5400
16586,4088
16587,3234
16588,5186
16589,5160
16590,4499
16591,5601
16592,5742
16593,7546
16594,5737
16595,8333
16596,3518
16597,3875
16598,4266
16599,3703
16600,5231
16601,6021
16602,3222
16603,5152
16604,2643
16605,7498
16606,4139
16607,4224
16608,3788
16609,5724
16610,7040
16611,3256
16612,6525
16613,4262
16614,5426
16615,4940
16616,5600
16617,7404
16618,4459
16619,3954
16620,9382
16621,5910
16622,6675
16623,1907
16624,4371
16625,5104
16626,3870
16627,4709
16628,9901
16629,8215
16630,8820
16631,9759
16632,5817
16633,5262
16634,6063
16635,5747
16636,7039
16637,10633
16638,3318
16639,1965
16640,1490
16641,3741
16642,5192
16643,9846
16644,2472
16645,1976
16646,5126
16647,5114
16648,5909
16649,10283
16650,6382
16651,6039
16652,2516
16653,7378
16654,6071
16655,6876
16656,6802
16657,3122
16658,6443
16659,3132
16660,6752
16661,5460
16662,4742
16663,5985
16664,3844
16665,6247
16666,5010
16667,6649
16668,4467
16669,7957
16670,4928
16671,8664
16672,5167
16673,3465
16674,7339
16675,2967
16676,9459
16677,5887
16678,4564
16679,3366
16680,6629
16681,4466
16682,4272
16683,6729
16684,4439
16685,11899
16686,3156
16687,2813
16688,5595
16689,6100
16690,10687
16691,2591
16692,4360
16693,6176
16694,5603
16695,4708
16696,3474
16697,6028
16698,2977
16699,9701
16700,2867
16701,6667
16702,13023
16703,7087
16704,5994
16705,3178
16706,4702
16707,7659
16708,2648
16709,7146
16710,2760
16711,8225
16712,6434
16713,5567
16714,5820
16715,4547
16716,2943
16717,5260
16718,2228
16719,3747
16720,3077
16721,2674
16722,7074
16723,5250
16724,19866
16725,7588
16726,0
16727,0
16728,0
16729,0
16730,0
16731,0
16732,0
16733,0
16734,0
16735,0
16736,0
16737,0
16738,0
16739,0
16740,0
16741,0
16742,0
16743,0
16744,0
16745,0
16746,0
16747,0
16748,0
16749,0
16750,0
16751,0
16752,0
16753,0
16754,0
16755,0
16756,0
16757,0
16758,0
16759,0
16760,0
16761,0
16762,0
16763,0
16764,0
16765,0
16766,0
16767,0
16768,0
16769,0
16770,0
16771,0
16772,0
16773,0
16774,0
16775,0
16776,0
16777,0
16778,0
16779,0
16780,0
16781,0
16782,0
16783,0
16784,0
16785,0
16786,0
16787,0
16788,0
16789,0
16790,0
16791,0
16792,0
16793,0
16794,0
16795,0
16796,0
16797,0
16798,0
16799,0
16800,0
16801,0
16802,0
16803,0
16804,0
16805,0
16806,0
16807,0
16808,0
16809,0
16810,11498
16811,0
16812,0
16813,0
16814,0
16815,0
16816,0
16817,0
16818,0
16819,0
16820,0
16821,0
16822,0
16823,0
16824,0
16825,0
16826,0
16827,0
16828,0
16829,0
16830,0
16831,0
16832,0
16833,0
16834,0
16835,0
16836,0
16837,0
16838,0
16839,0
16840,0
16841,0
16842,0
16843,0
16844,0
16845,0
16846,0
16847,3167
16848,0
16849,0
16850,0
16851,0
16852,0
16853,0
16854,0
16855,0
16856,0
16857,0
16858,0
16859,0
16860,0
16861,0
16862,0
16863,0
16864,0
16865,0
16866,0
16867,0
16868,0
16869,0
16870,0
16871,0
16872,0
16873,0
16874,0
16875,0
16876,0
16877,0
16878,0
16879,0
16880,0
16881,0
16882,0
16883,0
16884,0
16885,0
16886,0
16887,0
16888,0
16889,0
16890,0
16891,0
16892,0
16893,0
16894,0
16895,0
16896,0
16897,0
16898,0
16899,0
16900,0
16901,0
16902,0
16903,0
16904,0
16905,0
16906,0
16907,0
16908,0
16909,0
16910,0
16911,0
16912,0
16913,0
16914,0
16915,0
16916,0
16917,0
16918,0
16919,0
16920,0
16921,0
16922,0
16923,0
16924,0
16925,0
16926,0
16927,0
16928,0
16929,0
16930,0
16931,0
16932,0
16933,0
16934,2411
16935,0
16936,0
16937,0
16938,0
16939,0
16940,0
16941,0
16942,0
16943,0
16944,0
16945,0
16946,0
16947,0
16948,0
16949,0
16950,0
16951,0
16952,0
16953,0
16954,0
16955,0
16956,0
16957,0
16958,0
16959,0
16960,0
16961,0
16962,0
16963,0
16964,0
16965,0
16966,0
16967,0
16968,0
16969,0
16970,0
16971,0
16972,0
16973,0
16974,0
16975,0
16976,0
16977,0
16978,0
16979,0
16980,0
16981,0
16982,0
16983,0
16984,17388
16985,0
16986,0
16987,26397
16988,0
16989,0
16990,0
16991,0
16992,0
16993,0
16994,0
16995,0
16996,0
16997,0
16998,0
16999,7457
17000,0
17001,0
17002,0
17003,0
17004,0
17005,0
17006,0
17007,0
17008,0
17009,0
17010,0
17011,0
17012,0
17013,0
17014,0
17015,0
17016,0
17017,0
17018,0
17019,0
17020,0
17021,0
17022,0
17023,0
17024,3884
17025,0
17026,0
17027,0
17028,0
17029,0
17030,0
17031,0
17032,0
17033,0
17034,0
17035,2711
17036,0
17037,0
17038,0
17039,0
17040,0
17041,0
17042,0
17043,0
17044,0
17045,0
17046,0
17047,0
17048,0
17049,0
17050,0
17051,0
17052,0
17053,0
17054,0
17055,0
17056,0
17057,0
17058,0
17059,0
17060,8562
17061,0
17062,0
17063,0
17064,0
17065,0
17066,0
17067,0
17068,0
17069,0
17070,0
17071,0
17072,0
17073,0
17074,0
17075,0
17076,0
17077,0
17078,8795
17079,0
17080,0
17081,0
17082,0
17083,0
17084,0
17085,0
17086,0
17087,0
17088,0
17089,0
17090,0
17091,0
17092,0
17093,0
17094,0
17095,0
17096,0
17097,0
17098,0
17099,0
17100,0
17101,0
17102,0
17103,0
17104,0
17105,0
17106,0
17107,0
17108,0
17109,0
17110,0
17111,0
17112,0
17113,0
17114,0
17115,0
17116,0
17117,0
17118,0
17119,0
17120,0
17121,0
17122,0
17123,0
17124,0
17125,0
17126,0
17127,0
17128,0
17129,0
17130,0
17131,0
17132,0
17133,0
17134,0
17135,0
17136,0
17137,0
17138,0
17139,0
17140,0
17141,0
17142,0
17143,0
17144,0
17145,0
17146,0
17147,0
17148,14587
17149,0
17150,0
17151,0
17152,0
17153,0
17154,0
17155,0
17156,0
17157,0
17158,1639
17159,0
17160,0
17161,0
17162,0
17163,0
17164,0
17165,0
17166,0
17167,0
17168,0
17169,0
17170,0
17171,0
17172,0
17173,0
17174,0
17175,0
17176,0
17177,0
17178,4616
17179,0
17180,0
17181,0
17182,0
17183,0
17184,0
17185,0
17186,0
17187,0
17188,0
17189,0
17190,0
17191,0
17192,0
17193,0
17194,0
17195,0
17196,0
17197,0
17198,0
17199,0
17200,0
17201,0
17202,0
17203,0
17204,0
17205,0
17206,0
17207,0
17208,0
17209,0
17210,0
17211,0
17212,0
17213,0
17214,0
17215,0
17216,0
17217,0
17218,0
17219,7568
17220,0
17221,0
17222,0
17223,0
17224,0
17225,0
17226,0
17227,0
17228,0
17229,0
17230,0
17231,0
17232,0
17233,0
17234,0
17235,0
17236,0
17237,7999
17238,0
17239,0
17240,0
17241,0
17242,0
17243,0
17244,0
17245,0
17246,0
17247,0
17248,0
17249,2101
17250,0
17251,0
17252,0
17253,0
17254,0
17255,4773
17256,0
17257,0
17258,0
17259,0
17260,0
17261,0
17262,0
17263,0
17264,0
17265,0
17266,0
17267,0
17268,0
17269,0
17270,0
17271,0
17272,0
17273,0
17274,0
17275,0
17276,0
17277,0
17278,0
17279,0
17280,0
17281,0
17282,0
17283,0
17284,0
17285,0
17286,0
17287,17958
17288,0
17289,0
17290,0
17291,0
17292,0
17293,0
17294,0
17295,0
17296,0
17297,0
17298,0
17299,0
17300,0
17301,0
17302,0
17303,5417
17304,0
17305,0
17306,0
17307,0
17308,0
17309,0
17310,0
17311,0
17312,0
17313,0
17314,0
17315,0
17316,0
17317,0
17318,0
17319,0
17320,0
17321,0
17322,0
17323,0
17324,0
17325,0
17326,0
17327,0
17328,0
17329,0
17330,0
17331,0
17332,0
17333,0
17334,0
17335,0
17336,0
17337,0
17338,0
17339,0
17340,0
17341,0
17342,0
17343,0
17344,0
17345,0
17346,0
17347,0
17348,0
17349,0
17350,0
17351,0
17352,0
17353,0
17354,0
17355,0
17356,0
17357,0
17358,0
17359,0
17360,0
17361,0
17362,0
17363,0
17364,0
17365,0
17366,0
17367,0
17368,0
17369,0
17370,0
17371,0
17372,0
17373,0
17374,0
17375,0
17376,0
17377,0
17378,0
17379,0
17380,0
17381,0
17382,0
17383,0
17384,0
17385,0
17386,0
17387,0
17388,0
17389,0
17390,0
17391,0
17392,0
17393,0
17394,0
17395,0
17396,0
17397,0
17398,0
17399,0
17400,0
17401,13159
17402,0
17403,0
17404,0
17405,0
17406,0
17407,7369
17408,0
17409,0
17410,0
17411,0
17412,0
17413,0
17414,0
17415,0
17416,0
17417,0
17418,0
17419,0
17420,0
17421,0
17422,0
17423,0
17424,0
17425,0
17426,0
17427,0
17428,0
17429,0
17430,0
17431,0
17432,0
17433,0
17434,0
17435,0
17436,0
17437,0
17438,0
17439,0
17440,0
17441,0
17442,0
17443,0
17444,0
17445,0
17446,0
17447,0
17448,0
17449,0
17450,0
17451,0
17452,0
17453,0
17454,0
17455,0
17456,0
17457,2918
17458,15749
17459,0
17460,0
17461,0
17462,0
17463,0
17464,0
17465,0
17466,0
17467,0
17468,0
17469,0
17470,0
17471,0
17472,0
17473,0
17474,0
17475,0
17476,0
17477,0
17478,0
17479,0
17480,0
17481,0
17482,0
17483,0
17484,0
17485,0
17486,0
17487,0
17488,0
17489,0
17490,0
17491,0
17492,0
17493,0
17494,12378
17495,0
17496,0
17497,0
17498,0
17499,0
17500,0
17501,0
17502,0
17503,0
17504,0
17505,0
17506,0
17507,0
17508,0
17509,0
17510,0
17511,0
17512,0
17513,0
17514,0
17515,0
17516,0
17517,0
17518,0
17519,0
17520,0
17521,0
17522,0
17523,0
17524,0
17525,0
17526,0
17527,0
17528,0
17529,0
17530,0
17531,0
17532,0
17533,0
17534,0
17535,0
17536,0
17537,0
17538,0
17539,0
17540,0
17541,0
17542,0
17543,0
17544,0
17545,0
17546,0
17547,0
17548,0
17549,0
17550,0
17551,0
17552,0
17553,0
17554,0
17555,0
17556,0
17557,0
17558,0
17559,0
17560,0
17561,0
17562,0
17563,0
17564,0
17565,0
17566,0
17567,0
17568,0
17569,0
17570,0
17571,0
17572,0
17573,0
17574,0
17575,0
17576,0
17577,0
17578,0
17579,0
17580,0
17581,0
17582,0
17583,0
17584,0
17585,0
17586,0
17587,0
17588,2522
17589,0
17590,0
17591,0
17592,1859
17593,0
17594,0
17595,0
17596,0
17597,0
17598,0
17599,0
17600,0
17601,0
17602,2682
17603,0
17604,0
17605,0
17606,0
17607,0
17608,0
17609,0
17610,0
17611,0
17612,0
17613,0
17614,0
17615,0
17616,0
17617,0
17618,0
17619,0
17620,0
17621,0
17622,0
17623,0
17624,0
17625,0
17626,0
17627,0
17628,0
17629,0
17630,0
17631,0
17632,0
17633,0
17634,0
17635,0
17636,0
17637,0
17638,0
17639,0
17640,0
17641,0
17642,0
17643,0
17644,0
17645,0
17646,0
17647,0
17648,0
17649,0
17650,0
17651,0
17652,0
17653,0
17654,0
17655,0
17656,2399
17657,0
17658,0
17659,0
17660,0
17661,0
17662,0
17663,0
17664,0
17665,0
17666,0
17667,0
17668,0
17669,0
17670,0
17671,0
17672,0
17673,11811
17674,0
17675,0
17676,0
17677,0
17678,0
17679,0
17680,0
17681,0
17682,0
17683,0
17684,0
17685,0
17686,0
17687,0
17688,0
17689,0
17690,0
17691,0
17692,0
17693,0
17694,0
17695,0
17696,0
17697,0
17698,0
17699,0
17700,0
17701,0
17702,0
17703,0
17704,0
17705,0
17706,0
17707,0
17708,0
17709,0
17710,0
17711,0
17712,0
17713,0
17714,0
17715,0
17716,0
17717,0
17718,0
17719,0
17720,0
17721,0
17722,0
17723,0
17724,0
17725,0
17726,0
17727,0
17728,0
17729,0
17730,0
17731,0
17732,0
17733,0
17734,0
17735,0
17736,0
17737,0
17738,0
17739,0
17740,0
17741,0
17742,0
17743,0
17744,0
17745,0
17746,0
17747,0
17748,0
17749,0
17750,0
17751,0
17752,0
17753,0
17754,0
17755,0
17756,0
17757,0
17758,0
17759,0
17760,0
17761,0
17762,0
17763,0
17764,0
17765,0
17766,0
17767,0
17768,0
17769,0
17770,4131
17771,0
17772,0
17773,0
17774,0
17775,0
17776,0
17777,0
17778,0
17779,0
17780,0
17781,0
17782,0
17783,0
17784,0
17785,0
17786,0
17787,0
17788,0
17789,0
17790,0
17791,0
17792,0
17793,0
17794,0
17795,0
17796,0
17797,0
17798,0
17799,0
17800,0
17801,0
17802,0
17803,0
17804,0
17805,0
17806,5218
17807,0
17808,0
17809,0
17810,0
17811,0
17812,0
17813,0
17814,0
17815,0
17816,0
17817,0
17818,0
17819,0
17820,0
17821,0
17822,13426
17823,0
17824,4746
17825,0
17826,0
17827,0
17828,0
17829,0
17830,0
17831,0
17832,0
17833,0
17834,0
17835,0
17836,0
17837,0
17838,0
17839,0
17840,0
17841,3829
17842,4632
17843,6221
17844,8956
17845,4498
17846,4681
17847,8455
17848,5814
17849,6894
17850,5862
17851,7039
17852,6888
17853,3716
17854,5196
17855,6006
17856,7654
17857,5656
17858,6582
17859,5897
17860,8848
17861,4328
17862,4299
17863,4503
17864,8584
17865,9776
17866,5646
17867,8395
17868,4255
17869,6647
17870,3392
17871,4741
17872,3824
17873,7494
17874,7884
17875,9472
17876,9195
17877,5341
17878,4935
17879,4413
17880,3810
17881,5251
17882,9078
17883,5677
17884,5041
17885,4506
17886,4471
17887,7078
17888,3292
17889,6340
17890,3691
17891,6279
17892,5204
17893,4717
17894,6380
17895,4896
17896,6931
17897,8606
17898,6344
17899,5431
17900,7960
17901,4506
17902,6478
17903,5815
17904,9177
17905,4567
17906,5409
17907,7094
17908,6773
17909,7955
17910,5593
17911,7299
17912,3811
17913,4580
17914,5234
17915,5682
17916,8461
17917,6657
17918,3298
17919,4975
17920,6592
17921,6813
17922,7911
17923,3519
17924,12318
17925,7188
17926,3971
17927,6250
17928,5784
17929,6231
17930,7667
17931,3782
17932,5000
17933,5395
17934,6466
17935,6630
17936,5094
17937,6277
17938,4707
17939,4818
17940,7873
17941,6708
17942,5921
17943,4869
17944,10369
17945,4685
17946,8944
17947,7154
17948,11672
17949,6320
17950,4510
17951,5761
17952,6418
17953,5346
17954,4364
17955,7154
17956,7545
17957,3400
17958,7128
17959,5727
17960,6452
17961,4467
17962,8445
17963,7783
17964,4455
17965,12225
17966,4376
17967,4361
17968,7168
17969,8116
17970,5045
17971,4107
17972,6838
17973,5638
17974,5160
17975,5347
17976,4775
17977,7626
17978,7337
17979,6404
17980,7460
17981,4618
17982,4332
17983,5386
17984,5923
17985,6939
17986,6864
17987,6989
17988,9352
17989,5005
17990,7613
17991,6426
17992,4910
17993,5470
17994,7781
17995,5964
17996,5944
17997,9070
17998,7116
17999,6831
18000,4836
18001,6950
18002,6158
18003,7301
18004,6089
18005,3669
18006,5109
18007,8587
18008,6953
18009,4705
18010,3679
18011,7182
18012,6871
18013,7805
18014,6176
18015,5369
18016,4593
18017,3868
18018,9144
18019,6397
18020,6612
18021,5459
18022,4583
18023,5755
18024,5764
18025,6066
18026,3533
18027,5798
18028,4232
18029,7654
18030,7431
18031,6568
18032,11109
18033,4116
18034,4250
18035,9493
18036,5281
18037,5883
18038,2025
18039,7008
18040,7362
18041,4350
18042,5835
18043,6212
18044,5314
18045,6043
18046,7183
18047,9964
18048,2620
18049,5914
18050,2561
18051,13725
18052,4090
18053,7005
18054,7989
18055,5193
18056,5737
18057,4534
18058,4729
18059,2956
18060,4075
18061,5286
18062,5089
18063,6840
18064,6398
18065,4620
18066,6485
18067,5706
18068,7001
18069,7637
18070,7501
18071,4083
18072,3265
18073,9224
18074,8984
18075,4716
18076,7607
18077,5301
18078,6864
18079,4454
18080,5071
18081,5615
18082,3085
18083,5677
18084,4322
18085,9089
18086,6592
18087,7076
18088,7360
18089,4709
18090,7368
18091,17442
18092,8565
18093,4788
18094,2543
18095,5244
18096,6939
18097,5279
18098,5833
18099,13159
18100,6488
18101,10179
18102,18342
18103,3969
18104,6135
18105,4724
18106,4175
18107,6973
18108,4607
18109,7010
18110,9643
18111,7240
18112,5458
18113,6703
18114,4723
18115,5947
18116,3619
18117,5429
18118,6983
18119,8526
18120,5235
18121,5143
18122,4720
18123,6990
18124,4599
18125,5038
18126,3558
18127,7592
18128,4710
18129,5459
18130,6320
18131,7312
18132,6700
18133,5676
18134,5863
18135,5004
18136,6264
18137,6288
18138,7689
18139,8482
18140,6944
18141,5102
18142,2990
18143,5257
18144,6314
18145,5329
18146,4457
18147,2089
18148,7365
18149,5599
18150,7329
18151,6499
18152,4663
18153,6340
18154,4421
18155,4222
18156,8578
18157,4869
18158,6595
18159,7199
18160,13677
18161,5011
18162,4820
18163,6397
18164,5228
18165,5379
18166,4657
18167,7117
18168,4037
18169,6206
18170,3441
18171,5390
18172,4088
18173,9460
18174,4581
18175,12071
18176,12640
18177,4415
18178,6331
18179,4959
18180,5978
18181,4967
18182,10763
18183,6375
18184,8639
18185,4333
18186,6776
18187,4515
18188,8556
18189,8899
18190,5724
18191,5141
18192,5568
18193,6697
18194,7012
18195,8607
18196,5451
18197,7570
18198,8848
18199,5699
18200,6913
18201,4874
18202,8458
18203,7234
18204,4578
18205,4695
18206,5859
18207,4577
18208,7835
18209,5607
18210,6518
18211,5210
18212,7732
18213,4289
18214,7530
18215,8325
18216,7536
18217,7670
18218,6027
18219,3697
18220,11976
18221,9525
18222,6794
18223,15594
18224,8904
18225,6587
18226,5504
18227,7676
18228,9151
18229,10593
18230,11077
18231,4985
18232,6690
18233,5030
18234,7301
18235,3722
18236,10014
18237,5240
18238,4401
18239,5746
18240,8504
18241,7251
18242,5189
18243,7022
18244,4663
18245,3674
18246,5923
18247,3639
18248,4267
18249,5213
18250,5556
18251,8175
18252,8524
18253,7106
18254,6012
18255,4657
18256,10597
18257,6441
18258,4405
18259,5159
18260,4634
18261,7610
18262,4244
18263,11134
18264,6607
18265,3096
18266,4315
18267,6699
18268,5638
18269,4710
18270,7953
18271,8945
18272,11216
18273,4952
18274,9338
18275,2977
18276,5209
18277,6112
18278,5036
18279,7007
18280,4985
18281,5724
18282,3445
18283,4782
18284,9859
18285,7491
18286,4156
18287,5176
18288,7486
18289,9663
18290,7000
18291,5153
18292,4050
18293,9861
18294,5591
18295,6569
18296,5368
18297,4766
18298,6275
18299,7885
18300,3342
18301,3876
18302,4803
18303,6073
18304,9310
18305,6605
18306,6839
18307,12214
18308,4317
18309,9642
18310,10677
18311,6425
18312,4786
18313,2897
18314,7055
18315,5644
18316,5797
18317,5519
18318,6337
18319,10294
18320,5166
18321,4978
18322,6392
18323,4812
18324,6334
18325,4454
18326,3663
18327,5807
18328,3227
18329,6691
18330,7898
18331,5656
18332,7203
18333,7365
18334,7002
18335,4575
18336,6967
18337,8462
18338,7177
18339,4944
18340,5906
18341,4490
18342,9903
18343,5448
18344,6139
18345,4737
18346,6280
18347,7270
18348,6073
18349,5441
18350,7403
18351,5355
18352,6589
18353,17314
18354,5548
18355,7558
18356,5147
18357,5180
18358,5132
18359,4237
18360,3784
18361,4114
18362,8175
18363,13343
18364,7908
18365,9195
18366,9512
18367,9835
18368,9250
18369,6879
18370,6614
18371,5135
18372,10717
18373,9652
18374,6441
18375,7662
18376,7278
18377,5699
18378,4224
18379,10754
18380,6208
18381,5743
18382,5778
18383,1909
18384,12760
18385,9261
18386,14288
18387,5099
18388,4539
18389,4809
18390,5642
18391,6440
18392,6477
18393,5957
18394,5222
18395,4180
18396,6802
18397,3398
18398,2772
18399,5748
18400,12385
18401,6022
18402,17685
18403,4430
18404,5082
18405,5947
18406,5035
18407,4337
18408,4492
18409,4720
18410,3500
18411,7737
18412,5855
18413,3334
18414,7879
18415,4507
18416,5786
18417,4396
18418,8887
18419,6588
18420,9636
18421,4647
18422,6510
18423,4273
18424,4403
18425,4260
18426,14119
18427,9842
18428,5658
18429,4259
18430,4476
18431,5416
18432,4132
18433,8780
18434,4569
18435,13939
18436,4309
18437,4898
18438,5381
18439,8906
18440,6059
18441,4149
18442,6088
18443,6311
18444,6318
18445,6063
18446,5854
18447,3306
18448,9156
18449,5112
18450,3758
18451,5734
18452,5533
18453,5785
18454,6766
18455,8462
18456,7556
18457,6111
18458,6266
18459,4057
18460,8097
18461,5105
18462,4001
18463,6352
18464,6402
18465,6005
18466,7990
18467,5587
18468,5971
18469,5600
18470,5871
18471,5212
18472,7198
18473,6436
18474,6222
18475,5099
18476,5157
18477,7996
18478,5454
18479,3716
18480,10236
18481,4432
18482,2812
18483,6886
18484,8295
18485,8480
18486,5086
18487,5271
18488,5854
18489,3309
18490,6007
18491,7013
18492,5965
18493,5210
18494,6967
18495,6931
18496,3061
18497,5162
18498,4906
18499,5069
18500,4558
18501,6497
18502,6671
18503,5364
18504,4725
18505,7717
18506,5181
18507,7517
18508,8166
18509,4376
18510,6086
18511,6575
18512,7669
18513,6796
18514,7047
18515,2958
18516,9291
18517,6099
18518,6438
18519,10081
18520,4293
18521,3612
18522,10792
18523,7742
18524,7464
18525,5094
18526,5813
18527,8077
18528,3155
18529,5897
18530,5104
18531,6475
18532,5498
18533,4733
18534,7402
18535,4412
18536,8525
18537,9223
18538,17353
18539,6871
18540,4166
18541,4912
18542,3556
18543,2777
18544,11025
18545,7098
18546,5045
18547,7829
18548,5001
18549,10805
18550,4048
18551,5553
18552,5728
18553,8027
18554,4337
18555,5788
18556,5001
18557,4436
18558,6801
18559,4612
18560,6090
18561,7032
18562,9318
18563,6850
18564,6635
18565,5094
18566,9830
18567,4368
18568,4838
18569,9467
18570,6589
18571,7418
18572,8144
18573,14314
18574,4663
18575,4344
18576,4301
18577,5647
18578,7618
18579,9175
18580,6159
18581,7184
18582,6785
18583,3517
18584,7072
18585,7069
18586,5309
18587,6795
18588,4489
18589,4522
18590,4494
18591,3807
18592,4098
18593,7110
18594,6608
18595,10117
18596,16069
18597,6178
18598,4698
18599,5956
18600,8103
18601,9138
18602,3668
18603,5438
18604,3496
18605,8383
18606,5824
18607,5540
18608,11707
18609,11725
18610,4238
18611,6699
18612,3717
18613,5104
18614,5680
18615,7733
18616,3980
18617,4028
18618,5360
18619,6848
18620,6113
18621,4753
18622,4891
18623,6448
18624,5600
18625,5800
18626,3419
18627,9823
18628,18867
18629,3709
18630,6504
18631,7720
18632,5532
18633,3981
18634,3612
18635,3520
18636,6648
18637,4626
18638,7304
18639,8553
18640,3984
18641,4711
18642,5458
18643,4899
18644,4461
18645,5071
18646,5883
18647,9420
18648,7159
18649,8506
18650,5047
18651,3919
18652,6430
18653,5808
18654,7520
18655,5529
18656,4396
18657,22892
18658,5803
18659,5455
18660,10903
18661,6982
18662,6123
18663,5627
18664,6986
18665,4399
18666,8579
18667,14999
18668,5062
18669,4890
18670,5958
18671,11579
18672,5516
18673,4541
18674,5952
18675,4887
18676,6368
18677,3726
18678,8229
18679,3822
18680,7211
18681,2329
18682,18566
18683,7844
18684,3533
18685,4210
18686,7880
18687,5366
18688,6102
18689,6733
18690,4915
18691,4956
18692,4126
18693,8488
18694,5246
18695,5377
18696,6512
18697,7021
18698,5104
18699,7453
18700,5332
18701,3575
18702,7973
18703,7962
18704,4216
18705,6632
18706,5910
18707,4417
18708,8618
18709,5342
18710,7261
18711,5902
18712,7049
18713,3753
18714,4479
18715,4190
18716,10904
18717,6194
18718,8102
18719,3516
18720,7347
18721,3413
18722,5520
18723,4608
18724,5596
18725,5745
18726,6633
18727,5737
18728,7676
18729,3628
18730,5691
18731,6695
18732,7222
18733,6143
18734,6691
18735,9173
18736,6495
18737,2658
18738,6113
18739,5128
18740,6179
18741,6523
18742,4088
18743,10450
18744,4813
18745,5988
18746,9680
18747,5925
18748,3479
18749,0
18750,5163
18751,9076
18752,4886
18753,6838
18754,8317
18755,5429
18756,4944
18757,5489
18758,5057
18759,5232
18760,5538
18761,9824
18762,6211
18763,5303
18764,4188
18765,5680
18766,6125
18767,5898
18768,6082
18769,5558
18770,6083
18771,4317
18772,6699
18773,7379
18774,5809
18775,5365
18776,6020
18777,6798
18778,9284
18779,4739
18780,7048
18781,5002
18782,5051
18783,6123
18784,5515
18785,4341
18786,3890
18787,6554
18788,8375
18789,4850
18790,5220
18791,6792
18792,5440
18793,4976
18794,5650
18795,4051
18796,2987
18797,7681
18798,4032
18799,7224
18800,5609
18801,5477
18802,5460
18803,10431
18804,8013
18805,6522
18806,4507
18807,7212
18808,7689
18809,3602
18810,3355
18811,8373
18812,3105
18813,6240
18814,12022
18815,6582
18816,6017
18817,3922
18818,7286
18819,5969
18820,5278
18821,6774
18822,7262
18823,7373
18824,4877
18825,7405
18826,4233
18827,6582
18828,4753
18829,5081
18830,5369
18831,4692
18832,5114
18833,7044
18834,4159
18835,9291
18836,6560
18837,3938
18838,4252
18839,7845
18840,6490
18841,5109
18842,5969
18843,5979
18844,4484
18845,5708
18846,5911
18847,5751
18848,4982
18849,4714
18850,7121
18851,6010
18852,5285
18853,3270
18854,9228
18855,5334
18856,4551
18857,6574
18858,10079
18859,7033
18860,7793
18861,9495
18862,6055
18863,5013
18864,5069
18865,7199
18866,7798
18867,11406
18868,4074
18869,6085
18870,3220
18871,3744
18872,8362
18873,13780
18874,5933
18875,4703
18876,4405
18877,5487
18878,5168
18879,8393
18880,7452
18881,5265
18882,3451
18883,6683
18884,5105
18885,8634
18886,8083
18887,4259
18888,6224
18889,3551
18890,6251
18891,7506
18892,6509
18893,7385
18894,5477
18895,6645
18896,3995
18897,5427
18898,6488
18899,7565
18900,6370
18901,6901
18902,4762
18903,4339
18904,8630
18905,4165
18906,10102
18907,5344
18908,3913
18909,6030
18910,5836
18911,5812
18912,6649
18913,8436
18914,4506
18915,12285
18916,3926
18917,4042
18918,6239
18919,7293
18920,10551
18921,6953
18922,5741
18923,4829
18924,6160
18925,6543
18926,4639
18927,5503
18928,4520
18929,8925
18930,6215
18931,7532
18932,11665
18933,7835
18934,4414
18935,4741
18936,5019
18937,10561
18938,5767
18939,8167
18940,3755
18941,9196
18942,6383
18943,4807
18944,4417
18945,4373
18946,4822
18947,4929
18948,5215
18949,4374
18950,4133
18951,4236
18952,7043
18953,5893
18954,21153
18955,5428
18956,3658
18957,4486
18958,6194
18959,8231
18960,4285
18961,4278
18962,8471
18963,5516
18964,6327
18965,5494
18966,6535
18967,6449
18968,3645
18969,4884
18970,5707
18971,6910
18972,5931
18973,6387
18974,5806
18975,8593
18976,4429
18977,4129
18978,4197
18979,8447
18980,8933
18981,5524
18982,8109
18983,4294
18984,6551
18985,3407
18986,4591
18987,3759
18988,6807
18989,7339
18990,9229
18991,8719
18992,5117
18993,4686
18994,3988
18995,3893
18996,5268
18997,8691
18998,5399
18999,4596
19000,3892
19001,4287
19002,6506
19003,3105
19004,6138
19005,3332
19006,5800
19007,5223
19008,4577
19009,6028
19010,4703
19011,6452
19012,7886
19013,6081
19014,5077
19015,7813
19016,4233
19017,5757
19018,5526
19019,8878
19020,4472
19021,5234
19022,6649
19023,6545
19024,7736
19025,5280
19026,7522
19027,3923
19028,4447
19029,4828
19030,5350
19031,8139
19032,6259
19033,3111
19034,4641
19035,6050
19036,6669
19037,7544
19038,3156
19039,11113
19040,5957
19041,3696
19042,5756
19043,5929
19044,5932
19045,6868
19046,3878
19047,4809
19048,5491
19049,5824
19050,6216
19051,5060
19052,6009
19053,4433
19054,4768
19055,7016
19056,6257
19057,5494
19058,4471
19059,9330
19060,4431
19061,8013
19062,6499
19063,10717
19064,5837
19065,4376
19066,5265
19067,5622
19068,5015
19069,4451
19070,6926
19071,6613
19072,3143
19073,6351
19074,5633
19075,5731
19076,4090
19077,7230
19078,7383
19079,4312
19080,10954
19081,4288
19082,4030
19083,6884
19084,8328
19085,4508
19086,3749
19087,6100
19088,5316
19089,4466
19090,4932
19091,4743
19092,7287
19093,7165
19094,6084
19095,6533
19096,4630
19097,3839
19098,5051
19099,6469
19100,6698
19101,6592
19102,6436
19103,8475
19104,4953
19105,7263
19106,6291
19107,4260
19108,5578
19109,7448
19110,5824
19111,6106
19112,8541
19113,6726
19114,6374
19115,4523
19116,6388
19117,5899
19118,6584
19119,6106
19120,3706
19121,4891
19122,8454
19123,6445
19124,4647
19125,3371
19126,6741
19127,6682
19128,6806
19129,5712
19130,5068
19131,4313
19132,3527
19133,8315
19134,5692
19135,5842
19136,5629
19137,4390
19138,5484
19139,5143
19140,5286
19141,3347
19142,5862
19143,3790
19144,6914
19145,7052
19146,6476
19147,10577
19148,3920
19149,4109
19150,8808
19151,4576
19152,5480
19153,2458
19154,6630
19155,6878
19156,3975
19157,5522
19158,5995
19159,5443
19160,5494
19161,6909
19162,9284
19163,2370
19164,6563
19165,2484
19166,12757
19167,4051
19168,6871
19169,7422
19170,5076
19171,5295
19172,4422
19173,4719
19174,2782
19175,4006
19176,5167
19177,4542
19178,5925
19179,6055
19180,4496
19181,6032
19182,5304
19183,6893
19184,6973
19185,6560
19186,4178
19187,2984
19188,8431
19189,8342
19190,4310
19191,6861
19192,4600
19193,6503
19194,4046
19195,4629
19196,5427
19197,2781
19198,5776
19199,3948
19200,8227
19201,5919
19202,6464
19203,6980
19204,4492
19205,6716
19206,17242
19207,8424
19208,4392
19209,2472
19210,4999
19211,6470
19212,4768
19213,5508
19214,11619
19215,5812
19216,9535
19217,16385
19218,3597
19219,5637
19220,4558
19221,4009
19222,7091
19223,4155
19224,6355
19225,8782
19226,7525
19227,5162
19228,6298
19229,3925
19230,5550
19231,3590
19232,5277
19233,6266
19234,7901
19235,4940
19236,4780
19237,4484
19238,6627
19239,4391
19240,4575
19241,3305
19242,7432
19243,4470
19244,5005
19245,5920
19246,6945
19247,5753
19248,5339
19249,5677
19250,4915
19251,6053
19252,5747
19253,7028
19254,7438
19255,6835
19256,4767
19257,2878
19258,5082
19259,5638
19260,4951
19261,4389
19262,2227
19263,7301
19264,5462
19265,8007
19266,5869
19267,4280
19268,5853
19269,4012
19270,4089
19271,8112
19272,4587
19273,6063
19274,6615
19275,13160
19276,4862
19277,4788
19278,5994
19279,5368
19280,5004
19281,4261
19282,6585
19283,3704
19284,5729
19285,3386
19286,4985
19287,3690
19288,8620
19289,4181
19290,13049
19291,11771
19292,4244
19293,5848
19294,4687
19295,5613
19296,4527
19297,10133
19298,6096
19299,7988
19300,4138
19301,6447
19302,4262
19303,8426
19304,8070
19305,5324
19306,4905
19307,5386
19308,6154
19309,6452
19310,8002
19311,5259
19312,6608
19313,7873
19314,5263
19315,6016
19316,4672
19317,7819
19318,6479
19319,4580
19320,4484
19321,5768
19322,4206
19323,7421
19324,5064
19325,6029
19326,5114
19327,7520
19328,4035
19329,6773
19330,8271
19331,7010
19332,7546
19333,5852
19334,3557
19335,11151
19336,9056
19337,6226
19338,14020
19339,9416
19340,5710
19341,5292
19342,7606
19343,8579
19344,10049
19345,10071
19346,4676
19347,6240
19348,4697
19349,6721
19350,3378
19351,9653
19352,5082
19353,4349
19354,5546
19355,7997
19356,7251
19357,4828
19358,6513
19359,4475
19360,3750
19361,5625
19362,3644
19363,3930
19364,5237
19365,5176
19366,7702
19367,7968
19368,6536
19369,5435
19370,4981
19371,9848
19372,6051
19373,4136
19374,4742
19375,4525
19376,7503
19377,4058
19378,9696
19379,5985
19380,2747
19381,4043
19382,6098
19383,5395
19384,4445
19385,7517
19386,8193
19387,10726
19388,5550
19389,9354
19390,2687
19391,4878
19392,5839
19393,4706
19394,6033
19395,4709
19396,5129
19397,3222
19398,4414
19399,9307
19400,6915
19401,3829
19402,4978
19403,7062
19404,9294
19405,6470
19406,5068
19407,3802
19408,8944
19409,5537
19410,6359
19411,5063
19412,4660
19413,5770
19414,7650
19415,3194
19416,3848
19417,4607
19418,5238
19419,8418
19420,6302
19421,6412
19422,12150
19423,4151
19424,8903
19425,9761
19426,5736
19427,4424
19428,2651
19429,6906
19430,5185
19431,5489
19432,5289
19433,5845
19434,10316
19435,4503
19436,4513
19437,6193
19438,5322
19439,6087
19440,4452
19441,3689
19442,5779
19443,3117
19444,6757
19445,7714
19446,5204
19447,7329
19448,7197
19449,6843
19450,4164
19451,6340
19452,8388
19453,6698
19454,4772
19455,5318
19456,4168
19457,8853
19458,5057
19459,5422
19460,4682
19461,5794
19462,6818
19463,5761
19464,5344
19465,7299
19466,4979
19467,5819
19468,15959
19469,5477
19470,7141
19471,4991
19472,5183
19473,4938
19474,4284
19475,3573
19476,4024
19477,7573
19478,12461
19479,7406
19480,8191
19481,9267
19482,9457
19483,8688
19484,6477
19485,5434
19486,4725
19487,9860
19488,9058
19489,6006
19490,7119
19491,6886
19492,5271
19493,3812
19494,10233
19495,5680
19496,5504
19497,5699
19498,1998
19499,12215
19500,8644
19501,13267
19502,5237
19503,4017
19504,4549
19505,5082
19506,6044
19507,6001
19508,5562
19509,5179
19510,3744
19511,6470
19512,3056
19513,2630
19514,5489
19515,11854
19516,5690
19517,15887
19518,3963
19519,4898
19520,5447
19521,4803
19522,4065
19523,4250
19524,4708
19525,3229
19526,6991
19527,5439
19528,3226
19529,7085
19530,4670
19531,5309
19532,4086
19533,8580
19534,6104
19535,8860
19536,4246
19537,5820
19538,3741
19539,4332
19540,4091
19541,12604
19542,9368
19543,5383
19544,4156
19545,4229
19546,5083
19547,3736
19548,8556
19549,4243
19550,12751
19551,4014
19552,4724
19553,5330
19554,8025
19555,5801
19556,3945
19557,5709
19558,6273
19559,5842
19560,5772
19561,5035
19562,3250
19563,9338
19564,4409
19565,3274
19566,5638
19567,5273
19568,5457
19569,6023
19570,7666
19571,7434
19572,6105
19573,5871
19574,3955
19575,7541
19576,4656
19577,3829
19578,6089
19579,5587
19580,5407
19581,7388
19582,5205
19583,5519
19584,5279
19585,5970
19586,5036
19587,6332
19588,6279
19589,5824
19590,5283
19591,4907
19592,7694
19593,5254
19594,3571
19595,9572
19596,4348
19597,2923
19598,6566
19599,7845
19600,8314
19601,4791
19602,4977
19603,5362
19604,3138
19605,5808
19606,6278
19607,5638
19608,4839
19609,6289
19610,6642
19611,3094
19612,4584
19613,4719
19614,4732
19615,4346
19616,5905
19617,6393
19618,5560
19619,4296
19620,7284
19621,4837
19622,6955
19623,7549
19624,4152
19625,6070
19626,6188
19627,7194
19628,6447
19629,6574
19630,2950
19631,8351
19632,5718
19633,6160
19634,8641
19635,4125
19636,3444
19637,10929
19638,7217
19639,7024
19640,4839
19641,5681
19642,7453
19643,3124
19644,5541
19645,4695
19646,6312
19647,5297
19648,4617
19649,7225
19650,4422
19651,7528
19652,8940
19653,15239
19654,6986
19655,4064
19656,4857
19657,3403
19658,2472
19659,10199
19660,6879
19661,4812
19662,7416
19663,4867
19664,10071
19665,3888
19666,5139
19667,5704
19668,7442
19669,4253
19670,5682
19671,4975
19672,4013
19673,6302
19674,4311
19675,5909
19676,6732
19677,8409
19678,6349
19679,6164
19680,4992
19681,9576
19682,4019
19683,4448
19684,9018
19685,5955
19686,7616
19687,7405
19688,13402
19689,4468
19690,4107
19691,4197
19692,5166
19693,7277
19694,8911
19695,5389
19696,6791
19697,6188
19698,3344
19699,6753
19700,6770
19701,5354
19702,6577
19703,4394
19704,4185
19705,4308
19706,3417
19707,3771
19708,6813
19709,6101
19710,9828
19711,14769
19712,5694
19713,4260
19714,5438
19715,7302
19716,8039
19717,3299
19718,4953
19719,3575
19720,8015
19721,5578
19722,5502
19723,10921
19724,11239
19725,3968
19726,6281
19727,3303
19728,4558
19729,5086
19730,7348
19731,3841
19732,3604
19733,5305
19734,6911
19735,6483
19736,4437
19737,4679
19738,6180
19739,5651
19740,5262
19741,3306
19742,9068
19743,16340
19744,3730
19745,6065
19746,7227
19747,5469
19748,3608
19749,3472
19750,3411
19751,6174
19752,4511
19753,7020
19754,7939
19755,3660
19756,4352
19757,5272
19758,4584
19759,4266
19760,4646
19761,5264
19762,8522
19763,7063
19764,7791
19765,4733
19766,3973
19767,5980
19768,5246
19769,7166
19770,5606
19771,3972
19772,21312
19773,5409
19774,5236
19775,10673
19776,6134
19777,5659
19778,5488
19779,6504
19780,4371
19781,7642
19782,13844
19783,4782
19784,4563
19785,5877
19786,10924
19787,5077
19788,4404
19789,5433
19790,4385
19791,5771
19792,3715
19793,7718
19794,3485
19795,6631
19796,2108
19797,17902
19798,7526
19799,3327
19800,3821
19801,7883
19802,5072
19803,5631
19804,6536
19805,4931
19806,4428
19807,4052
19808,8276
19809,5223
19810,5181
19811,6006
19812,6152
19813,4899
19814,6848
19815,5001
19816,3465
19817,7667
19818,8114
19819,4054
19820,6139
19821,5354
19822,4320
19823,7933
19824,5208
19825,6878
19826,5463
19827,6510
19828,3512
19829,4079
19830,4022
19831,10987
19832,5985
19833,7600
19834,3344
19835,6837
19836,3117
19837,5066
19838,4010
19839,5324
19840,5231
19841,6109
19842,5577
19843,7270
19844,3545
19845,5341
19846,5901
19847,6468
19848,6281
19849,6126
19850,8416
19851,6071
19852,2448
19853,6212
19854,4840
19855,5941
19856,5997
19857,3898
19858,9920
19859,4385
19860,5443
19861,8943
19862,5730
19863,3109
19864,0
19865,5113
19866,8481
19867,4862
19868,6446
19869,8483
19870,5332
19871,4659
19872,5596
19873,4641
19874,5137
19875,5481
19876,9068
19877,5889
19878,5223
19879,3986
19880,6044
19881,5676
19882,5251
19883,5572
19884,5463
19885,5572
19886,4226
19887,6859
19888,7026
19889,5718
19890,5066
19891,5312
19892,6341
19893,8496
19894,4269
19895,6813
19896,4821
19897,4975
19898,5727
19899,5962
19900,4027
19901,3801
19902,6259
19903,7243
19904,4440
19905,4915
19906,6436
19907,5228
19908,4999
19909,4951
19910,3957
19911,2784
19912,7135
19913,3736
19914,6543
19915,5350
19916,5326
19917,5345
19918,10388
19919,7295
19920,6211
19921,4280
19922,6621
19923,7084
19924,3508
19925,3087
19926,7768
19927,3016
19928,6030
19929,11809
19930,6252
19931,5662
19932,3851
19933,6455
19934,5667
19935,5172
19936,6282
19937,7123
19938,6680
19939,4762
19940,6761
19941,4103
19942,5934
19943,4676
19944,4934
19945,5031
19946,4473
19947,4420
19948,6630
19949,3780
19950,8425
19951,6050
19952,3431
19953,4088
19954,7621
19955,6562
19956,5097
19957,5505
19958,5901
19959,4284
19960,5297
19961,5632
19962,5443
19963,4597
19964,4670
19965,6819
19966,5373
19967,5134
19968,2989
19969,8717
19970,5136
19971,4286
19972,6183
19973,9367
19974,6803
19975,6939
19976,8840
19977,5800
19978,4773
19979,4938
19980,6471
19981,7835
19982,11406
19983,4084
19984,5764
19985,3138
19986,3630
19987,8692
19988,12708
19989,6083
19990,4407
19991,4248
19992,5026
19993,4818
19994,7797
19995,6947
19996,5485
19997,3477
19998,6481
19999,5016
20000,8362
20001,7426
20002,4004
20003,6017
20004,3549
20005,5420
20006,6917
20007,5899
20008,6892
20009,5440
20010,6314
20011,3870
20012,5204
20013,6449
20014,7311
20015,5776
20016,6405
20017,4691
20018,3946
20019,7912
20020,4046
20021,9938
20022,5375
20023,3886
20024,5994
20025,5604
20026,5859
20027,6459
20028,7899
20029,4329
20030,10994
20031,3608
20032,3984
20033,5978
20034,6598
20035,9520
20036,6968
20037,5860
20038,4534
20039,5673
20040,6023
20041,4520
20042,5552
20043,4301
20044,8548
20045,6379
20046,6899
20047,11519
20048,7330
20049,4364
20050,4691
20051,4763
20052,9565
20053,5099
20054,7510
20055,3846
20056,8467
20057,6077
20058,4653
20059,4245
20060,3977
20061,4555
20062,5045
20063,5071
20064,4254
20065,3991
20066,3927
20067,6745
20068,5565
20069,20157
20070,5191
20071,3442
20072,4920
20073,5825
20074,7681
20075,4190
20076,4150
20077,7814
20078,5193
20079,5451
20080,4838
20081,6936
20082,6441
20083,3456
20084,4426
20085,5685
20086,6801
20087,5375
20088,6193
20089,5318
20090,8095
20091,3775
20092,3943
20093,4047
20094,7824
20095,8239
20096,5133
20097,7548
20098,3842
20099,6097
20100,2795
20101,4661
20102,3636
20103,6071
20104,6718
20105,8769
20106,8251
20107,5076
20108,4304
20109,3771
20110,3504
20111,5098
20112,8120
20113,5140
20114,4433
20115,3913
20116,4094
20117,6375
20118,2884
20119,5967
20120,3037
20121,6072
20122,5073
20123,4522
20124,5972
20125,4317
20126,6477
20127,7746
20128,5812
20129,4767
20130,7675
20131,4101
20132,5150
20133,5322
20134,8466
20135,4168
20136,4974
20137,6354
20138,6703
20139,7432
20140,4846
20141,7059
20142,3533
20143,4002
20144,4393
20145,5034
20146,7712
20147,5539
20148,3163
20149,4155
20150,5670
20151,6305
20152,7495
20153,3080
20154,11258
20155,5835
20156,3376
20157,5507
20158,5389
20159,5589
20160,6438
20161,3561
20162,4501
20163,4971
20164,5707
20165,5799
20166,4597
20167,5849
20168,4250
20169,4674
20170,7013
20171,6068
20172,4892
20173,4158
20174,9061
20175,4233
20176,8018
20177,6100
20178,10711
20179,5370
20180,4072
20181,5142
20182,5214
20183,4918
20184,4393
20185,6728
20186,6064
20187,2860
20188,6069
20189,5219
20190,5469
20191,3892
20192,6847
20193,7223
20194,3931
20195,10282
20196,3993
20197,4033
20198,6378
20199,7789
20200,4186
20201,3454
20202,6201
20203,4883
20204,4256
20205,4663
20206,4514
20207,7111
20208,6525
20209,5746
20210,6094
20211,4173
20212,3498
20213,4691
20214,6602
20215,6397
20216,6312
20217,6189
20218,7721
20219,4730
20220,7045
20221,5808
20222,4117
20223,5180
20224,7040
20225,5827
20226,5630
20227,7681
20228,6678
20229,5845
20230,4277
20231,5809
20232,5579
20233,6174
20234,5726
20235,3507
20236,4391
20237,8126
20238,6148
20239,4359
20240,3157
20241,6188
20242,6209
20243,6520
20244,5418
20245,5044
20246,3789
20247,3400
20248,8058
20249,5038
20250,5715
20251,5373
20252,4066
20253,5350
20254,4940
20255,5302
20256,3165
20257,5026
20258,3770
20259,6614
20260,6756
20261,6025
20262,10153
20263,3975
20264,3865
20265,7981
20266,4345
20267,5245
20268,1940
20269,6306
20270,6223
20271,3873
20272,5166
20273,6625
20274,4905
20275,5127
20276,6093
20277,9150
20278,2168
20279,5765
20280,2340
20281,11862
20282,4069
20283,6612
20284,7155
20285,4895
20286,4934
20287,4150
20288,4412
20289,2496
20290,3347
20291,4981
20292,4344
20293,6037
20294,5699
20295,4344
20296,5485
20297,5004
20298,6727
20299,7078
20300,6614
20301,3971
20302,3015
20303,7717
20304,8021
20305,4019
20306,6609
20307,4363
20308,5672
20309,3798
20310,4397
20311,5220
20312,2642
20313,5632
20314,3742
20315,7757
20316,5807
20317,6250
20318,6696
20319,4280
20320,6539
20321,15384
20322,8036
20323,3817
20324,2285
20325,4965
20326,5765
20327,4274
20328,5239
20329,11616
20330,5639
20331,8927
20332,15781
20333,3463
20334,5225
20335,4102
20336,3747
20337,6657
20338,4398
20339,5902
20340,8417
20341,6721
20342,4586
20343,5878
20344,3625
20345,5385
20346,3343
20347,4962
20348,6218
20349,7917
20350,4658
20351,4692
20352,3937
20353,6225
20354,4140
20355,4205
20356,3078
20357,7010
20358,4338
20359,4696
20360,5480
20361,6424
20362,4734
20363,4949
20364,4706
20365,4978
20366,5248
20367,5374
20368,6987
20369,6546
20370,5907
20371,4530
20372,2703
20373,4725
20374,5166
20375,4663
20376,4080
20377,1873
20378,6796
20379,5181
20380,7686
20381,5285
20382,4098
20383,5266
20384,3636
20385,3907
20386,7475
20387,4546
20388,6196
20389,6483
20390,12134
20391,4789
20392,4147
20393,5615
20394,4555
20395,4379
20396,4087
20397,6491
20398,3443
20399,5493
20400,2991
20401,4598
20402,3392
20403,8257
20404,3998
20405,12724
20406,10916
20407,3875
20408,5142
20409,4273
20410,5513
20411,4055
20412,9590
20413,6030
20414,7430
20415,3722
20416,6196
20417,4171
20418,7985
20419,7660
20420,5079
20421,4453
20422,5286
20423,6008
20424,6062
20425,7728
20426,5043
20427,6247
20428,7619
20429,5009
20430,5855
20431,4699
20432,7247
20433,6177
20434,4174
20435,4331
20436,5175
20437,4131
20438,7045
20439,4610
20440,6017
20441,4784
20442,7100
20443,3795
20444,6557
20445,7783
20446,6265
20447,6429
20448,4996
20449,3280
20450,11372
20451,8418
20452,6108
20453,13493
20454,8043
20455,5715
20456,4821
20457,6702
20458,7783
20459,9161
20460,9642
20461,4011
20462,5568
20463,4198
20464,6461
20465,2977
20466,8527
20467,4573
20468,4112
20469,5223
20470,7680
20471,6766
20472,4607
20473,6135
20474,4275
20475,3215
20476,5281
20477,3346
20478,3875
20479,4497
20480,5238
20481,7581
20482,7558
20483,6373
20484,4919
20485,4650
20486,9052
20487,5647
20488,3797
20489,4452
20490,4292
20491,7176
20492,3865
20493,9475
20494,5949
20495,2524
20496,3706
20497,5841
20498,5253
20499,4395
20500,7511
20501,7351
20502,10330
20503,4933
20504,9258
20505,2552
20506,4404
20507,5486
20508,4576
20509,5668
20510,4159
20511,5133
20512,3147
20513,4219
20514,9477
20515,6603
20516,3319
20517,4568
20518,6635
20519,8569
20520,6375
20521,4558
20522,3584
20523,8960
20524,5441
20525,6510
20526,4362
20527,4506
20528,5493
20529,7330
20530,2985
20531,3794
20532,4196
20533,4914
20534,8364
20535,5878
20536,5744
20537,10922
20538,4029
20539,8750
20540,9245
20541,5479
20542,4163
20543,2292
20544,6882
20545,4772
20546,5124
20547,5067
20548,5523
20549,9206
20550,4230
20551,4136
20552,5802
20553,4156
20554,5954
20555,4466
20556,3286
20557,5386
20558,3003
20559,6287
20560,7457
20561,5155
20562,6616
20563,6416
20564,6780
20565,4066
20566,5918
20567,7197
20568,6185
20569,4547
20570,5422
20571,4408
20572,8364
20573,5188
20574,5033
20575,4211
20576,5519
20577,6643
20578,5231
20579,4899
20580,6927
20581,4619
20582,5763
20583,14331
20584,5035
20585,7020
20586,4456
20587,4817
20588,4873
20589,4033
20590,3532
20591,3881
20592,7409
20593,11571
20594,7269
20595,7955
20596,8455
20597,8695
20598,8140
20599,6135
20600,5269
20601,4549
20602,8663
20603,8304
20604,5908
20605,6440
20606,6084
20607,5139
20608,3499
20609,9757
20610,5680
20611,4954
20612,5190
20613,1954
20614,11455
20615,8270
20616,12518
20617,5097
20618,3869
20619,4234
20620,4843
20621,5507
20622,5664
20623,5313
20624,4762
20625,3706
20626,5790
20627,2940
20628,2456
20629,5030
20630,11368
20631,5418
20632,15534
20633,3495
20634,4678
20635,5051
20636,4322
20637,3798
20638,3929
20639,4210
20640,2877
20641,6486
20642,5336
20643,3223
20644,7081
20645,4306
20646,5157
20647,3789
20648,8236
20649,6069
20650,8518
20651,3822
20652,5227
20653,3648
20654,3826
20655,3803
20656,12551
20657,9032
20658,5294
20659,3823
20660,3942
20661,4698
20662,3423
20663,8092
20664,3867
20665,12282
20666,3824
20667,4170
20668,4890
20669,7699
20670,5601
20671,3661
20672,5143
20673,5928
20674,5563
20675,5382
20676,5013
20677,2977
20678,8350
20679,4259
20680,2943
20681,5300
20682,4896
20683,5199
20684,5751
20685,7180
20686,6583
20687,5775
20688,5336
20689,3776
20690,7326
20691,4243
20692,3726
20693,5254
20694,5335
20695,4845
20696,7413
20697,4937
20698,5164
20699,5170
20700,5331
20701,4851
20702,5996
20703,6063
20704,5584
20705,4809
20706,4741
20707,7543
20708,5221
20709,3450
20710,8989
20711,4118
20712,2831
20713,6115
20714,7629
20715,7695
20716,4489
20717,4461
20718,5162
20719,3148
20720,5479
20721,5651
20722,5287
20723,4274
20724,5787
20725,6286
20726,2725
20727,4230
20728,4500
20729,4315
20730,4130
20731,5546
20732,6173
20733,5067
20734,4248
20735,6618
20736,4719
20737,6652
20738,7509
20739,4240
20740,5619
20741,5961
20742,6847
20743,6059
20744,6473
20745,2611
20746,8071
20747,5470
20748,5772
20749,8658
20750,4035
20751,3163
20752,10615
20753,6994
20754,6831
20755,4378
20756,5185
20757,7018
20758,3000
20759,5159
20760,4172
20761,5929
20762,4612
20763,4209
20764,6957
20765,3974
20766,7444
20767,8389
20768,14686
20769,5928
20770,3746
20771,4458
20772,3303
20773,2333
20774,9435
20775,6187
20776,4550
20777,6707
20778,4852
20779,9301
20780,3788
20781,5116
20782,5108
20783,7265
20784,4315
20785,5667
20786,4689
20787,3787
20788,5510
20789,4145
20790,6027
20791,6280
20792,8232
20793,5957
20794,5669
20795,4757
20796,9207
20797,3588
20798,4262
20799,8288
20800,5799
20801,7295
20802,6943
20803,13119
20804,4006
20805,4248
20806,4019
20807,4636
20808,6938
20809,8761
20810,5305
20811,6255
20812,5975
20813,3204
20814,6532
20815,6870
20816,5076
20817,6370
20818,4126
20819,3692
20820,4186
20821,3066
20822,3565
20823,6307
20824,5781
20825,8922
20826,13664
20827,5523
20828,4145
20829,5289
20830,6961
20831,7902
20832,3067
20833,5049
20834,3305
20835,7430
20836,5572
20837,5079
20838,10532
20839,10979
20840,3713
20841,5950
20842,3233
20843,4445
20844,4876
20845,7455
20846,3753
20847,3556
20848,4840
20849,6036
20850,5419
20851,4043
20852,4405
20853,5770
20854,4837
20855,4864
20856,2933
20857,8961
20858,15794
20859,3540
20860,5512
20861,6469
20862,5342
20863,3353
20864,3320
20865,3183
20866,5691
20867,4252
20868,6408
20869,7319
20870,3525
20871,4254
20872,4952
20873,4278
20874,4101
20875,4568
20876,5241
20877,8070
20878,6551
20879,7656
20880,4535
20881,3551
20882,5579
20883,4828
20884,6588
20885,5323
20886,3519
20887,19073
20888,4843
20889,4947
20890,10579
20891,5911
20892,5275
20893,5149
20894,6202
20895,4091
20896,7071
20897,13295
20898,4403
20899,4199
20900,5835
20901,10344
20902,4643
20903,3969
20904,5165
20905,3912
20906,5403
20907,3499
20908,7575
20909,3321
20910,5966
20911,2283
20912,16744
20913,7236
20914,3285
20915,3886
20916,6972
20917,4573
20918,5624
20919,6227
20920,4655
20921,4350
20922,3608
20923,7745
20924,5031
20925,4649
20926,5729
20927,6064
20928,4534
20929,6691
20930,4637
20931,3187
20932,7196
20933,7359
20934,3809
20935,5776
20936,5055
20937,4223
20938,7406
20939,4601
20940,6307
20941,5104
20942,6076
20943,3501
20944,3864
20945,3786
20946,9613
20947,6183
20948,7407
20949,3311
20950,6528
20951,2959
20952,4667
20953,3646
20954,5020
20955,4752
20956,5590
20957,5323
20958,6961
20959,3490
20960,5264
20961,5586
20962,6257
20963,6059
20964,6017
20965,7950
20966,5907
20967,2387
20968,5392
20969,4372
20970,5388
20971,5728
20972,3811
20973,9643
20974,4309
20975,5030
20976,8137
20977,4944
20978,2985
20979,0
20980,4978
20981,8356
20982,4655
20983,6004
20984,7460
20985,5117
20986,4020
20987,5074
20988,4375
20989,4705
20990,5149
20991,8341
20992,5591
20993,4830
20994,3656
20995,5721
20996,5319
20997,4652
20998,5604
20999,5134
21000,5037
21001,4160
21002,6580
21003,6997
21004,5295
21005,4726
21006,4881
21007,5713
21008,7607
21009,4253
21010,6430
21011,4435
21012,4657
21013,5980
21014,5292
21015,3960
21016,3478
21017,6870
21018,7140
21019,4205
21020,4413
21021,5833
21022,5225
21023,4484
21024,4894
21025,3809
21026,2464
21027,6785
21028,3438
21029,6514
21030,5135
21031,4859
21032,4641
21033,8815
21034,7078
21035,6283
21036,3675
21037,6322
21038,6544
21039,3500
21040,2655
21041,6841
21042,2852
21043,5374
21044,10981
21045,5973
21046,5393
21047,3504
21048,6192
21049,5169
21050,4753
21051,5859
21052,6746
21053,6172
21054,4441
21055,6506
21056,3658
21057,5531
21058,4439
21059,4564
21060,4878
21061,4153
21062,4180
21063,6346
21064,3539
21065,8152
21066,5829
21067,3387
21068,3886
21069,7677
21070,6299
21071,4751
21072,5398
21073,5187
21074,4225
21075,4913
21076,5347
21077,5471
21078,4473
21079,4395
21080,7048
21081,5164
21082,5027
21083,2753
21084,7502
21085,4771
21086,3883
21087,5796
21088,9310
21089,6496
21090,6757
21091,8197
21092,5293
21093,4781
21094,4734
21095,6149
21096,7030
21097,11281
21098,3496
21099,4996
21100,2875
21101,3276
21102,7975
21103,11634
21104,5399
21105,3894
21106,4062
21107,4645
21108,4817
21109,7852
21110,6420
21111,5149
21112,3074
21113,6067
21114,4553
21115,7603
21116,7737
21117,3658
21118,5778
21119,3401
21120,5539
21121,6759
21122,5242
21123,6684
21124,5119
21125,6112
21126,3833
21127,5026
21128,5621
21129,6838
21130,5510
21131,6186
21132,4392
21133,3605
21134,7248
21135,4001
21136,8693
21137,5137
21138,3663
21139,6777
21140,5279
21141,5181
21142,6301
21143,7494
21144,4106
21145,10440
21146,3214
21147,3355
21148,5480
21149,6336
21150,9252
21151,6516
21152,5242
21153,4441
21154,5081
21155,5888
21156,4081
21157,5057
21158,3930
21159,7969
21160,6368
21161,6684
21162,10882
21163,7612
21164,4084
21165,4398
21166,4304
21167,9439
21168,4790
21169,7085
21170,3325
21171,7927
21172,5784
21173,4103
21174,3984
21175,3600
21176,4198
21177,4893
21178,4594
21179,3984
21180,3789
21181,3541
21182,6628
21183,5610
21184,18459
21185,4970
21186,3378
21187,4049
21188,5812
21189,7759
21190,3874
21191,3917
21192,7529
21193,5642
21194,5675
21195,4712
21196,6135
21197,5857
21198,3634
21199,4533
21200,5598
21201,6402
21202,5343
21203,5807
21204,5299
21205,8259
21206,3732
21207,3676
21208,3841
21209,7499
21210,8579
21211,5213
21212,7123
21213,4116
21214,5836
21215,3212
21216,4464
21217,3201
21218,6137
21219,6779
21220,8336
21221,7810
21222,5144
21223,3885
21224,3348
21225,3755
21226,4958
21227,7954
21228,4764
21229,4334
21230,4034
21231,3998
21232,6153
21233,3005
21234,5462
21235,3195
21236,5906
21237,5201
21238,4309
21239,5941
21240,4218
21241,6314
21242,7645
21243,5562
21244,4735
21245,7344
21246,3687
21247,5231
21248,5453
21249,8748
21250,4743
21251,5026
21252,6112
21253,5927
21254,7197
21255,4877
21256,6897
21257,3569
21258,3915
21259,4550
21260,5262
21261,7651
21262,5649
21263,3091
21264,3978
21265,6034
21266,5481
21267,7569
21268,3137
21269,10473
21270,5919
21271,3503
21272,5302
21273,5423
21274,5362
21275,6221
21276,3480
21277,4534
21278,5114
21279,5630
21280,5601
21281,4561
21282,5944
21283,4469
21284,4500
21285,6794
21286,6172
21287,4681
21288,4030
21289,9034
21290,3826
21291,7584
21292,5905
21293,10209
21294,5081
21295,3980
21296,5004
21297,5139
21298,4596
21299,4136
21300,6474
21301,6219
21302,2941
21303,6204
21304,4738
21305,5391
21306,3892
21307,6742
21308,6998
21309,3642
21310,10034
21311,3884
21312,3852
21313,5967
21314,7780
21315,4204
21316,3481
21317,5936
21318,4706
21319,4184
21320,4756
21321,4527
21322,6723
21323,7032
21324,5500
21325,5917
21326,4069
21327,3554
21328,4373
21329,6516
21330,5923
21331,6447
21332,5815
21333,7720
21334,4426
21335,6900
21336,5717
21337,3942
21338,5196
21339,7153
21340,5169
21341,6261
21342,7543
21343,6506
21344,5856
21345,4417
21346,5640
21347,5500
21348,6064
21349,5391
21350,3266
21351,4481
21352,7684
21353,5785
21354,4423
21355,3337
21356,6024
21357,5823
21358,6592
21359,5374
21360,4711
21361,3935
21362,3215
21363,8272
21364,5157
21365,5704
21366,5214
21367,4065
21368,4846
21369,4856
21370,5621
21371,3063
21372,5045
21373,3485
21374,6507
21375,6459
21376,5522
21377,9643
21378,3542
21379,3916
21380,7900
21381,4190
21382,4986
21383,2071
21384,6289
21385,6057
21386,4269
21387,5156
21388,5600
21389,5011
21390,4889
21391,6836
21392,8604
21393,2134
21394,5668
21395,2292
21396,12219
21397,3625
21398,6243
21399,6936
21400,4799
21401,4665
21402,3992
21403,4331
21404,2462
21405,3460
21406,5150
21407,4166
21408,5625
21409,5675
21410,4607
21411,4850
21412,4811
21413,6389
21414,7087
21415,6230
21416,3787
21417,3286
21418,7411
21419,7458
21420,4039
21421,6230
21422,4272
21423,5447
21424,3790
21425,3953
21426,4777
21427,2904
21428,5098
21429,3576
21430,7544
21431,5761
21432,6143
21433,6496
21434,4638
21435,6280
21436,15488
21437,7871
21438,3742
21439,2258
21440,4693
21441,6411
21442,4476
21443,5016
21444,12253
21445,5468
21446,9444
21447,18231
21448,3414
21449,5133
21450,4012
21451,3875
21452,7857
21453,3646
21454,5841
21455,8283
21456,6364
21457,4974
21458,5625
21459,4173
21460,4925
21461,3279
21462,4673
21463,5888
21464,7503
21465,4984
21466,4823
21467,4166
21468,6033
21469,3893
21470,4054
21471,3289
21472,6432
21473,4464
21474,4755
21475,5205
21476,6506
21477,4770
21478,5027
21479,4839
21480,4510
21481,5367
21482,5028
21483,7011
21484,7109
21485,5760
21486,4603
21487,2609
21488,4781
21489,5042
21490,4618
21491,4021
21492,2238
21493,6534
21494,5203
21495,7118
21496,5165
21497,4165
21498,5509
21499,3909
21500,3875
21501,7508
21502,4297
21503,6340
21504,6219
21505,12092
21506,4994
21507,4608
21508,5946
21509,4611
21510,5702
21511,4256
21512,6398
21513,3383
21514,5506
21515,3116
21516,4590
21517,3221
21518,8339
21519,4016
21520,12056
21521,10258
21522,4131
21523,5013
21524,4276
21525,5328
21526,4169
21527,9274
21528,5931
21529,7705
21530,3564
21531,6057
21532,4140
21533,7733
21534,7341
21535,5140
21536,4396
21537,5354
21538,5983
21539,5836
21540,7803
21541,4679
21542,6673
21543,7481
21544,4925
21545,5604
21546,4859
21547,7002
21548,6146
21549,4317
21550,3981
21551,5300
21552,3963
21553,6810
21554,4724
21555,6100
21556,4540
21557,6857
21558,3832
21559,6372
21560,7880
21561,6413
21562,7021
21563,5399
21564,3297
21565,10472
21566,8255
21567,6606
21568,13823
21569,8403
21570,5191
21571,4746
21572,6854
21573,7952
21574,9067
21575,9295
21576,4098
21577,5499
21578,4170
21579,6482
21580,3122
21581,9468
21582,4673
21583,3930
21584,4929
21585,7579
21586,6438
21587,4501
21588,6080
21589,4119
21590,3372
21591,5366
21592,3437
21593,3611
21594,4765
21595,4648
21596,7281
21597,7400
21598,6087
21599,5102
21600,4642
21601,9467
21602,5746
21603,4052
21604,4265
21605,4199
21606,7186
21607,3641
21608,9671
21609,5516
21610,2781
21611,3538
21612,5665
21613,5205
21614,4333
21615,7205
21616,7789
21617,10174
21618,4653
21619,9013
21620,2510
21621,4434
21622,5539
21623,4381
21624,5554
21625,4166
21626,4621
21627,3075
21628,4234
21629,8980
21630,6432
21631,3420
21632,4225
21633,6506
21634,8348
21635,7220
21636,4508
21637,3617
21638,7996
21639,5053
21640,6146
21641,4536
21642,4573
21643,5037
21644,7311
21645,3164
21646,3407
21647,4400
21648,4570
21649,7974
21650,5916
21651,6004
21652,11109
21653,4099
21654,8586
21655,9207
21656,5261
21657,4282
21658,2531
21659,6265
21660,4614
21661,4789
21662,5095
21663,5634
21664,9520
21665,4267
21666,4430
21667,5579
21668,4738
21669,5897
21670,4224
21671,3406
21672,5723
21673,2726
21674,6657
21675,7106
21676,4745
21677,6356
21678,6520
21679,6691
21680,4075
21681,6039
21682,7149
21683,5799
21684,4065
21685,4982
21686,3815
21687,8198
21688,6012
21689,4974
21690,3854
21691,5272
21692,6708
21693,5411
21694,4700
21695,6497
21696,4439
21697,5901
21698,14648
21699,4916
21700,6893
21701,4878
21702,4717
21703,4468
21704,3895
21705,3361
21706,3988
21707,7415
21708,11018
21709,7284
21710,7917
21711,8539
21712,8743
21713,8243
21714,6417
21715,5775
21716,4557
21717,8774
21718,8381
21719,5872
21720,6796
21721,6165
21722,4820
21723,3169
21724,9404
21725,5470
21726,4749
21727,5191
21728,1871
21729,11236
21730,8375
21731,12654
21732,5132
21733,3675
21734,3990
21735,4621
21736,5282
21737,5512
21738,5097
21739,4582
21740,3652
21741,6233
21742,2687
21743,2524
21744,5222
21745,10879
21746,5187
21747,15591
21748,3620
21749,4730
21750,4965
21751,4494
21752,3827
21753,3938
21754,4201
21755,3134
21756,6467
21757,5270
21758,2942
21759,6560
21760,4160
21761,5099
21762,3863
21763,7991
21764,5861
21765,8447
21766,3886
21767,5160
21768,3612
21769,3924
21770,3696
21771,11824
21772,8680
21773,5460
21774,3706
21775,3875
21776,4709
21777,3922
21778,9269
21779,4046
21780,11816
21781,3884
21782,4198
21783,4601
21784,7513
21785,5517
21786,3641
21787,5098
21788,5678
21789,5475
21790,5456
21791,4918
21792,2944
21793,8500
21794,4248
21795,2995
21796,5042
21797,5090
21798,4889
21799,5582
21800,7035
21801,6670
21802,5651
21803,5595
21804,3361
21805,6902
21806,4323
21807,3669
21808,5540
21809,5598
21810,5196
21811,7560
21812,4637
21813,4803
21814,5179
21815,5198
21816,4757
21817,6074
21818,6016
21819,5586
21820,4975
21821,4525
21822,7546
21823,5159
21824,3513
21825,9125
21826,4415
21827,2682
21828,5951
21829,7572
21830,7451
21831,4288
21832,4705
21833,5030
21834,3233
21835,5156
21836,5448
21837,5565
21838,4613
21839,5795
21840,6205
21841,2630
21842,4110
21843,4648
21844,4343
21845,3972
21846,5270
21847,5733
21848,4834
21849,4085
21850,6512
21851,4586
21852,6585
21853,7065
21854,4115
21855,5384
21856,5534
21857,6731
21858,6066
21859,6028
21860,3682
21861,8405
21862,5670
21863,5692
21864,8180
21865,3739
21866,3101
21867,10409
21868,7048
21869,6555
21870,4644
21871,5446
21872,6575
21873,3321
21874,5164
21875,4191
21876,6137
21877,4857
21878,4327
21879,6547
21880,4247
21881,6925
21882,8464
21883,14232
21884,5777
21885,3844
21886,4393
21887,3172
21888,2458
21889,9504
21890,6086
21891,4409
21892,6621
21893,4889
21894,9154
21895,3699
21896,5119
21897,4931
21898,6845
21899,4029
21900,5174
21901,4560
21902,3575
21903,5373
21904,4217
21905,5582
21906,6142
21907,7900
21908,6078
21909,5780
21910,4985
21911,8822
21912,3541
21913,4170
21914,8393
21915,5606
21916,7308
21917,6698
21918,13380
21919,4194
21920,4090
21921,3951
21922,4770
21923,6721
21924,8419
21925,5126
21926,6346
21927,5828
21928,3110
21929,6083
21930,6462
21931,5226
21932,6586
21933,4238
21934,3689
21935,4215
21936,2962
21937,3515
21938,6095
21939,5959
21940,9144
21941,13367
21942,4884
21943,4008
21944,5040
21945,7163
21946,7826
21947,3235
21948,5033
21949,3476
21950,7374
21951,5159
21952,5008
21953,10030
21954,10975
21955,3752
21956,5786
21957,3182
21958,4068
21959,4758
21960,7451
21961,3757
21962,3472
21963,4752
21964,6050
21965,5984
21966,3907
21967,4584
21968,6107
21969,4559
21970,4866
21971,3090
21972,8530
21973,15104
21974,3370
21975,5549
21976,6519
21977,5206
21978,3265
21979,3316
21980,3130
21981,5715
21982,4182
21983,6384
21984,7286
21985,3631
21986,4150
21987,4846
21988,4216
21989,4165
21990,4718
21991,4946
21992,7519
21993,6481
21994,7270
21995,4744
21996,3381
21997,5241
21998,4606
21999,7418
22000,5309
22001,3561
22002,19122
22003,4796
22004,5079
22005,9690
22006,5893
22007,5100
22008,5034
22009,5968
22010,4054
22011,7172
22012,12987
22013,4380
22014,3988
22015,5205
22016,9984
22017,4683
22018,4056
22019,5095
22020,3773
22021,5089
22022,3399
22023,6987
22024,3318
22025,5904
22026,2125
22027,16501
22028,6723
22029,3164
22030,3989
22031,7022
22032,4594
22033,5033
22034,6161
22035,4382
22036,4260
22037,3702
22038,7474
22039,4903
22040,4508
22041,5522
22042,5716
22043,4389
22044,6405
22045,4522
22046,3163
22047,7179
22048,7401
22049,3650
22050,5959
22051,5148
22052,4020
22053,7335
22054,4740
22055,6406
22056,5281
22057,6214
22058,3273
22059,3649
22060,3776
22061,9859
22062,5214
22063,6867
22064,3215
22065,6314
22066,2983
22067,4645
22068,3592
22069,4947
22070,4909
22071,5727
22072,5261
22073,6990
22074,3593
22075,4859
22076,5307
22077,6233
22078,5391
22079,5686
22080,7480
22081,5788
22082,2274
22083,5581
22084,4179
22085,5179
22086,5449
22087,3523
22088,9419
22089,4137
22090,4972
22091,7907
22092,5653
22093,3001
22094,0
22095,5041
22096,7916
22097,4264
22098,6054
22099,7815
22100,5013
22101,3802
22102,4775
22103,4466
22104,4534
22105,4816
22106,8108
22107,5319
22108,4798
22109,3892
22110,4898
22111,5502
22112,4864
22113,5304
22114,4892
22115,4962
22116,4477
22117,6364
22118,6724
22119,5099
22120,4972
22121,4787
22122,5562
22123,7644
22124,4010
22125,6382
22126,4336
22127,4861
22128,5637
22129,5179
22130,3897
22131,3484
22132,5881
22133,7358
22134,4102
22135,4286
22136,6014
22137,4737
22138,4607
22139,4471
22140,3865
22141,2730
22142,6528
22143,3493
22144,6198
22145,4989
22146,4531
22147,4695
22148,9213
22149,7025
22150,5895
22151,3698
22152,6845
22153,6308
22154,3289
22155,2747
22156,6947
22157,2844
22158,5234
22159,10359
22160,6294
22161,5120
22162,3588
22163,5872
22164,5676
22165,4633
22166,6107
22167,6489
22168,6511
22169,4567
22170,6433
22171,3651
22172,5565
22173,4282
22174,4369
22175,5262
22176,4066
22177,4114
22178,6450
22179,3520
22180,8085
22181,5821
22182,3345
22183,3543
22184,7870
22185,5872
22186,5116
22187,5187
22188,5284
22189,4174
22190,5076
22191,5010
22192,5075
22193,4339
22194,4276
22195,6851
22196,5177
22197,5050
22198,2712
22199,7995
22200,4956
22201,3851
22202,5840
22203,9165
22204,6700
22205,6005
22206,7895
22207,4949
22208,4695
22209,4672
22210,5623
22211,6869
22212,10021
22213,3514
22214,5298
22215,3239
22216,3247
22217,7912
22218,12299
22219,5450
22220,4092
22221,4238
22222,5012
22223,4620
22224,7771
22225,6627
22226,5093
22227,3235
22228,5821
22229,4452
22230,8374
22231,7614
22232,3818
22233,5872
22234,3325
22235,5493
22236,6578
22237,5458
22238,6233
22239,5020
22240,5988
22241,3556
22242,5326
22243,5589
22244,7053
22245,5440
22246,6214
22247,4531
22248,3531
22249,7103
22250,3803
22251,8946
22252,5187
22253,3406
22254,5103
22255,5244
22256,5314
22257,6091
22258,7461
22259,4081
22260,10216
22261,3291
22262,3730
22263,4997
22264,6214
22265,8874
22266,6234
22267,5643
22268,4159
22269,5079
22270,5818
22271,4130
22272,4974
22273,4172
22274,8087
22275,5617
22276,6479
22277,10165
22278,7308
22279,3955
22280,4054
22281,4282
22282,9381
22283,4676
22284,7727
22285,3483
22286,8368
22287,5515
22288,4109
22289,4174
22290,3610
22291,4262
22292,4620
22293,4633
22294,3795
22295,4028
22296,3521
22297,6506
22298,5674
22299,18469
22300,4920
22301,3558
22302,3935
22303,6314
22304,7941
22305,4392
22306,4211
22307,8646
22308,5122
22309,6450
22310,5301
22311,6414
22312,6387
22313,3932
22314,5025
22315,6433
22316,7028
22317,5350
22318,7094
22319,5964
22320,7482
22321,4648
22322,4324
22323,4656
22324,8520
22325,8940
22326,5862
22327,8101
22328,4191
22329,6802
22330,3176
22331,5418
22332,3613
22333,7055
22334,7054
22335,9300
22336,8468
22337,6264
22338,4867
22339,3898
22340,3928
22341,5846
22342,8670
22343,5606
22344,4583
22345,4572
22346,4547
22347,6621
22348,3100
22349,6985
22350,3450
22351,6729
22352,5612
22353,4640
22354,7230
22355,4469
22356,6928
22357,7754
22358,6223
22359,5027
22360,7502
22361,4083
22362,5806
22363,6237
22364,9810
22365,4938
22366,5593
22367,6631
22368,6719
22369,7855
22370,5602
22371,7860
22372,3749
22373,4069
22374,5114
22375,6087
22376,8549
22377,6419
22378,3440
22379,4689
22380,6929
22381,6880
22382,8120
22383,3755
22384,11555
22385,6106
22386,3960
22387,5194
22388,5694
22389,5773
22390,7167
22391,3642
22392,5223
22393,5950
22394,6372
22395,5633
22396,4246
22397,5888
22398,5119
22399,4959
22400,7785
22401,6768
22402,5328
22403,4727
22404,8819
22405,4581
22406,8004
22407,6799
22408,11644
22409,5812
22410,3871
22411,5977
22412,5784
22413,5516
22414,4782
22415,7717
22416,6319
22417,3383
22418,6973
22419,5253
22420,5835
22421,4021
22422,7230
22423,7223
22424,5174
22425,10363
22426,4752
22427,4387
22428,6645
22429,8014
22430,4282
22431,4017
22432,6678
22433,5184
22434,4375
22435,4997
22436,4740
22437,7634
22438,6947
22439,6088
22440,6177
22441,4266
22442,4296
22443,5165
22444,7023
22445,6454
22446,7330
22447,7324
22448,7853
22449,4925
22450,7660
22451,6421
22452,4728
22453,5625
22454,7701
22455,6202
22456,5586
22457,8152
22458,7329
22459,6742
22460,4942
22461,6523
22462,6131
22463,6065
22464,5959
22465,3518
22466,5005
22467,8010
22468,6539
22469,5041
22470,3817
22471,6987
22472,6142
22473,6837
22474,5978
22475,5336
22476,4602
22477,3279
22478,8642
22479,5804
22480,6065
22481,5521
22482,4735
22483,5141
22484,5699
22485,6230
22486,3314
22487,5983
22488,4095
22489,7512
22490,7293
22491,6320
22492,11377
22493,3911
22494,4483
22495,9045
22496,4633
22497,6245
22498,2299
22499,7105
22500,7498
22501,5280
22502,5675
22503,5674
22504,5458
22505,5216
22506,6625
22507,8865
22508,2557
22509,6663
22510,2604
22511,11271
22512,4067
22513,7172
22514,8579
22515,5360
22516,5794
22517,4777
22518,4259
22519,2865
22520,3910
22521,5867
22522,4497
22523,6562
22524,6347
22525,5008
22526,5473
22527,5797
22528,7574
22529,7856
22530,7245
22531,4476
22532,3953
22533,8180
22534,8972
22535,4686
22536,6810
22537,4430
22538,6185
22539,4592
22540,4466
22541,5956
22542,3388
22543,5531
22544,4378
22545,7891
22546,6481
22547,6725
22548,6823
22549,4870
22550,7054
22551,17697
22552,8278
22553,4262
22554,2560
22555,5586
22556,7079
22557,4385
22558,5761
22559,12326
22560,5674
22561,9169
22562,17577
22563,3622
22564,5292
22565,4387
22566,3551
22567,7112
22568,4617
22569,6811
22570,8354
22571,6726
22572,5183
22573,6279
22574,4550
22575,5759
22576,3427
22577,5688
22578,6650
22579,8943
22580,5533
22581,5712
22582,3806
22583,6671
22584,4378
22585,4715
22586,3406
22587,7370
22588,5100
22589,5164
22590,6203
22591,6765
22592,3392
22593,4971
22594,4890
22595,4740
22596,5521
22597,5771
22598,8329
22599,7619
22600,6522
22601,5266
22602,3172
22603,5468
22604,5608
22605,5123
22606,4255
22607,2376
22608,7314
22609,5702
22610,9051
22611,5456
22612,4668
22613,6500
22614,4469
22615,4096
22616,8271
22617,5190
22618,7011
22619,7607
22620,12092
22621,5520
22622,4297
22623,6548
22624,4253
22625,5176
22626,4951
22627,6886
22628,4039
22629,6354
22630,3604
22631,4592
22632,3390
22633,8462
22634,4937
22635,12863
22636,10527
22637,4696
22638,5349
22639,4562
22640,5850
22641,4946
22642,10314
22643,7098
22644,7792
22645,4094
22646,7190
22647,4767
22648,8417
22649,7594
22650,5899
22651,5399
22652,5972
22653,6146
22654,7093
22655,8003
22656,5527
22657,6526
22658,8388
22659,5910
22660,6183
22661,5344
22662,7090
22663,6218
22664,4815
22665,4461
22666,5653
22667,4661
22668,7452
22669,5571
22670,7055
22671,5088
22672,7934
22673,4379
22674,6296
22675,8104
22676,6407
22677,7340
22678,5845
22679,3590
22680,11964
22681,7879
22682,7582
22683,14028
22684,8008
22685,6095
22686,5813
22687,7211
22688,8836
22689,9072
22690,10025
22691,5329
22692,6145
22693,5234
22694,7642
22695,3906
22696,8862
22697,5273
22698,4528
22699,5479
22700,7416
22701,6220
22702,4961
22703,6962
22704,4406
22705,3810
22706,6177
22707,3900
22708,3989
22709,4611
22710,5471
22711,8328
22712,8471
22713,6093
22714,5675
22715,5169
22716,9173
22717,5793
22718,5065
22719,4966
22720,4713
22721,8697
22722,3827
22723,10952
22724,6424
22725,3070
22726,4069
22727,5928
22728,5476
22729,5033
22730,7936
22731,8644
22732,10031
22733,5358
22734,10244
22735,2770
22736,4876
22737,6057
22738,4942
22739,6199
22740,5002
22741,5987
22742,3661
22743,4955
22744,10415
22745,8190
22746,4176
22747,4745
22748,7913
22749,8093
22750,6681
22751,4919
22752,4128
22753,8161
22754,5292
22755,7013
22756,4963
22757,5248
22758,6280
22759,7344
22760,3510
22761,3993
22762,4330
22763,4956
22764,8510
22765,6848
22766,7277
22767,11899
22768,4808
22769,9266
22770,10614
22771,6292
22772,4706
22773,2907
22774,7043
22775,5510
22776,5400
22777,5572
22778,5971
22779,9718
22780,4156
22781,4732
22782,6955
22783,4139
22784,7610
22785,4867
22786,4047
22787,6284
22788,3004
22789,6095
22790,7605
22791,5893
22792,7103
22793,7363
22794,6704
22795,4616
22796,6445
22797,8258
22798,6525
22799,4857
22800,5946
22801,4195
22802,8308
22803,6291
22804,5602
22805,4208
22806,5847
22807,7573
22808,6425
22809,5017
22810,7618
22811,4959
22812,6509
22813,14510
22814,5409
22815,8129
22816,5052
22817,4996
22818,5690
22819,4722
22820,3778
22821,4470
22822,8220
22823,11603
22824,7967
22825,8329
22826,8120
22827,9930
22828,9036
22829,7469
22830,6005
22831,4670
22832,9285
22833,9281
22834,7086
22835,7276
22836,7516
22837,5408
22838,3309
22839,10103
22840,5854
22841,5476
22842,5749
22843,1825
22844,10917
22845,8750
22846,12241
22847,5532
22848,4072
22849,4817
22850,5246
22851,5523
22852,5673
22853,6272
22854,4843
22855,4146
22856,5961
22857,3243
22858,2692
22859,5200
22860,11720
22861,6106
22862,16113
22863,3911
22864,5626
22865,5727
22866,5276
22867,4508
22868,4844
22869,4096
22870,3470
22871,7804
22872,6104
22873,3295
22874,7686
22875,4508
22876,5370
22877,4157
22878,8941
22879,6381
22880,8412
22881,3981
22882,5705
22883,4197
22884,4239
22885,4251
22886,13071
22887,9789
22888,6051
22889,4136
22890,4739
22891,5585
22892,3863
22893,7990
22894,3917
22895,12086
22896,4069
22897,4488
22898,4949
22899,8584
22900,6906
22901,4281
22902,5278
22903,5815
22904,6350
22905,6162
22906,5059
22907,3271
22908,7918
22909,4608
22910,3638
22911,5406
22912,5981
22913,5193
22914,5997
22915,7518
22916,7672
22917,6319
22918,6199
22919,3604
22920,7950
22921,4953
22922,4177
22923,6798
22924,6345
22925,5690
22926,7985
22927,5181
22928,5360
22929,5643
22930,5420
22931,5136
22932,6666
22933,7148
22934,6032
22935,5431
22936,5087
22937,8282
22938,5833
22939,4080
22940,9853
22941,4572
22942,2876
22943,6676
22944,8370
22945,7559
22946,4646
22947,5363
22948,5662
22949,3569
22950,5853
22951,6547
22952,6086
22953,5439
22954,5668
22955,7136
22956,2756
22957,4834
22958,5218
22959,4282
22960,4568
22961,5979
22962,6262
22963,5610
22964,4801
22965,6632
22966,5504
22967,7378
22968,7721
22969,4774
22970,5847
22971,5874
22972,6994
22973,6825
22974,8430
22975,3034
22976,8488
22977,6064
22978,6413
22979,9162
22980,4173
22981,3406
22982,10576
22983,7211
22984,7480
22985,5118
22986,5295
22987,7689
22988,3513
22989,5647
22990,4743
22991,7289
22992,5193
22993,4767
22994,7386
22995,4726
22996,8058
22997,9199
22998,14399
22999,6152
23000,3966
23001,4937
23002,3808
23003,2806
23004,9742
23005,6907
23006,5529
23007,8123
23008,5499
23009,8549
23010,4277
23011,5485
23012,5607
23013,7682
23014,4763
23015,5838
23016,5213
23017,4165
23018,5757
23019,4703
23020,6114
23021,7259
23022,8152
23023,6483
23024,6630
23025,5531
23026,9192
23027,3931
23028,5127
23029,9670
23030,6251
23031,7824
23032,7304
23033,15286
23034,4793
23035,4354
23036,4131
23037,5451
23038,7782
23039,9474
23040,5845
23041,6907
23042,7032
23043,3587
23044,6946
23045,6450
23046,5710
23047,7582
23048,4998
23049,4457
23050,4745
23051,3386
23052,4085
23053,7169
23054,6079
23055,9951
23056,15384
23057,5847
23058,4143
23059,6238
23060,7433
23061,7913
23062,3765
23063,5718
23064,3849
23065,7484
23066,6283
23067,5753
23068,11079
23069,12430
23070,3963
23071,6408
23072,3474
23073,4701
23074,4840
23075,7901
23076,4175
23077,4159
23078,4831
23079,6540
23080,5493
23081,4032
23082,5057
23083,6904
23084,6162
23085,5836
23086,2758
23087,9149
23088,15589
23089,3869
23090,6831
23091,7527
23092,5891
23093,4067
23094,3396
23095,3672
23096,6492
23097,4732
23098,6616
23099,8518
23100,4088
23101,4789
23102,5807
23103,4545
23104,4573
23105,4975
23106,5579
23107,8539
23108,6782
23109,8222
23110,5028
23111,3636
23112,5526
23113,4971
23114,7907
23115,5723
23116,4338
23117,18104
23118,5124
23119,5427
23120,10410
23121,6190
23122,5792
23123,5606
23124,6233
23125,4229
23126,8127
23127,13372
23128,4869
23129,4389
23130,5695
23131,10825
23132,5628
23133,4431
23134,5307
23135,4872
23136,5254
23137,3975
23138,7629
23139,3382
23140,6012
23141,2558
23142,18691
23143,7439
23144,3516
23145,5244
23146,8323
23147,5586
23148,5726
23149,6541
23150,5299
23151,4965
23152,3740
23153,7911
23154,5118
23155,5144
23156,5766
23157,6511
23158,4477
23159,7262
23160,5814
23161,3395
23162,7426
23163,9710
23164,3936
23165,7003
23166,5847
23167,4973
23168,8040
23169,4606
23170,6068
23171,5987
23172,7323
23173,3380
23174,4456
23175,4211
23176,8402
23177,5846
23178,7682
23179,3565
23180,6929
23181,3431
23182,5516
23183,4410
23184,5538
23185,5303
23186,6361
23187,6092
23188,8481
23189,4221
23190,5637
23191,6415
23192,6871
23193,5608
23194,7324
23195,8152
23196,6238
23197,2758
23198,5881
23199,4415
23200,5708
23201,5815
23202,3785
23203,10537
23204,4733
23205,5680
23206,8531
23207,6332
23208,3296
23209,0
23210,5587
23211,8518
23212,4871
23213,6384
23214,7751
23215,6194
23216,4858
23217,6155
23218,4832
23219,5121
23220,5514
23221,7772
23222,6697
23223,4911
23224,4250
23225,5904
23226,6498
23227,5436
23228,6376
23229,5255
23230,5852
23231,4788
23232,7194
23233,6843
23234,6280
23235,5532
23236,5718
23237,6169
23238,8151
23239,5155
23240,7248
23241,4430
23242,5145
23243,6648
23244,5478
23245,4093
23246,3838
23247,6305
23248,7651
23249,4477
23250,5010
23251,6864
23252,5631
23253,4918
23254,5295
23255,4580
23256,2807
23257,7077
23258,3650
23259,6420
23260,5657
23261,5990
23262,5780
23263,8671
23264,7310
23265,6144
23266,4556
23267,7386
23268,6379
23269,3398
23270,2560
23271,7201
23272,3363
23273,6081
23274,10637
23275,7126
23276,6213
23277,3800
23278,6632
23279,5981
23280,5370
23281,6996
23282,7384
23283,6826
23284,4943
23285,6962
23286,4229
23287,6109
23288,4296
23289,5049
23290,6388
23291,5445
23292,4915
23293,6555
23294,4449
23295,8567
23296,5588
23297,3895
23298,4010
23299,8398
23300,6588
23301,4705
23302,5636
23303,6290
23304,4690
23305,5580
23306,5717
23307,6159
23308,4722
23309,4485
23310,7825
23311,5799
23312,5802
23313,3205
23314,9227
23315,5625
23316,4763
23317,5655
23318,9433
23319,7386
23320,6817
23321,8172
23322,6140
23323,5109
23324,5424
23325,6385
23326,8180
23327,11132
23328,4486
23329,4959
23330,3264
23331,4070
23332,8564
23333,12586
23334,5479
23335,4201
23336,5101
23337,5627
23338,5472
23339,8879
23340,7409
23341,5430
23342,3675
23343,7429
23344,5015
23345,8347
23346,8288
23347,4595
23348,6314
23349,3461
23350,6217
23351,6519
23352,6379
23353,6603
23354,5351
23355,6523
23356,4379
23357,5763
23358,6917
23359,7186
23360,6442
23361,7374
23362,4911
23363,4141
23364,8449
23365,4101
23366,10063
23367,5875
23368,4082
23369,5277
23370,5438
23371,5446
23372,7108
23373,8066
23374,4817
23375,10257
23376,3714
23377,4165
23378,5790
23379,6844
23380,9624
23381,6344
23382,5232
23383,5133
23384,5336
23385,6447
23386,4122
23387,5850
23388,4782
23389,9234
23390,5547
23391,7365
23392,10974
23393,7999
23394,4409
23395,4243
23396,5167
23397,9609
23398,4805
23399,7911
23400,4194
23401,8734
23402,5819
23403,4406
23404,4613
23405,4296
23406,4594
23407,5214
23408,4779
23409,4261
23410,4205
23411,4199
23412,7478
23413,5909
23414,19601
23415,5630
23416,4377
23417,2935
23418,4447
23419,9938
23420,2252
23421,3117
23422,7001
23423,3629
23424,6781
23425,5062
23426,6023
23427,6369
23428,4549
23429,3663
23430,6089
23431,5468
23432,2875
23433,5098
23434,4586
23435,6348
23436,5169
23437,3636
23438,4541
23439,8172
23440,8621
23441,5997
23442,7628
23443,2285
23444,7884
23445,3572
23446,5768
23447,2515
23448,8265
23449,7848
23450,9347
23451,9877
23452,7510
23453,6568
23454,3328
23455,4745
23456,6268
23457,8371
23458,4438
23459,3779
23460,5800
23461,5113
23462,6292
23463,2647
23464,7949
23465,4375
23466,8061
23467,6332
23468,3794
23469,9366
23470,3269
23471,9485
23472,6803
23473,6972
23474,2746
23475,6074
23476,4616
23477,3919
23478,7864
23479,10834
23480,3325
23481,6105
23482,5802
23483,9630
23484,7442
23485,5971
23486,7004
23487,2625
23488,2726
23489,4718
23490,6570
23491,8757
23492,7924
23493,2534
23494,4230
23495,9031
23496,8986
23497,5686
23498,3278
23499,11367
23500,5508
23501,3813
23502,4138
23503,2438
23504,4916
23505,7408
23506,3770
23507,5820
23508,3243
23509,5872
23510,4077
23511,1968
23512,4787
23513,5429
23514,5845
23515,9155
23516,7552
23517,5818
23518,4230
23519,11841
23520,3517
23521,6561
23522,8047
23523,13343
23524,5598
23525,3474
23526,6784
23527,6001
23528,6631
23529,5435
23530,10366
23531,6114
23532,2405
23533,8463
23534,4936
23535,6099
23536,2527
23537,8479
23538,4087
23539,2870
23540,8720
23541,4437
23542,5358
23543,7961
23544,7936
23545,4460
23546,4471
23547,7732
23548,3729
23549,3385
23550,6825
23551,5012
23552,6785
23553,3422
23554,4796
23555,6623
23556,4458
23557,3375
23558,5245
23559,6232
23560,6414
23561,7442
23562,8216
23563,7816
23564,4291
23565,7932
23566,6018
23567,3361
23568,3902
23569,8368
23570,7296
23571,3102
23572,7377
23573,9774
23574,7014
23575,5000
23576,7273
23577,7908
23578,5958
23579,4773
23580,2969
23581,5426
23582,5424
23583,4812
23584,5345
23585,3335
23586,6037
23587,7217
23588,6502
23589,6809
23590,6439
23591,3049
23592,1663
23593,7376
23594,6388
23595,7571
23596,3578
23597,5794
23598,4199
23599,5546
23600,5693
23601,3823
23602,4531
23603,4890
23604,7293
23605,7151
23606,7514
23607,14295
23608,4252
23609,4901
23610,10910
23611,3950
23612,5900
23613,898
23614,8018
23615,6946
23616,5588
23617,6842
23618,5943
23619,4917
23620,5654
23621,5155
23622,8567
23623,3157
23624,6439
23625,2789
23626,9192
23627,3703
23628,7740
23629,10674
23630,6508
23631,6274
23632,4751
23633,2265
23634,1953
23635,3727
23636,6016
23637,3341
23638,5882
23639,7713
23640,4289
23641,5591
23642,4847
23643,8196
23644,7904
23645,7929
23646,5276
23647,3502
23648,8993
23649,10032
23650,3775
23651,4712
23652,3941
23653,5365
23654,5618
23655,4433
23656,6376
23657,3276
23658,5192
23659,4774
23660,8810
23661,5946
23662,7507
23663,7188
23664,5092
23665,8692
23666,17413
23667,8929
23668,3871
23669,3721
23670,6480
23671,7470
23672,3164
23673,5037
23674,9715
23675,6533
23676,7565
23677,18022
23678,5360
23679,5620
23680,2979
23681,2490
23682,11012
23683,3441
23684,6051
23685,9463
23686,3076
23687,3762
23688,6355
23689,3891
23690,6851
23691,2126
23692,5243
23693,5666
23694,10723
23695,5990
23696,6177
23697,3247
23698,8170
23699,5693
23700,6775
23701,1701
23702,9253
23703,5333
23704,6243
23705,4270
23706,4769
23707,0
23708,4890
23709,3657
23710,5597
23711,4698
23712,5125
23713,8550
23714,9363
23715,8170
23716,4337
23717,4413
23718,4635
23719,4896
23720,6849
23721,3089
23722,1382
23723,6976
23724,5536
23725,8654
23726,5599
23727,4484
23728,5026
23729,3421
23730,2798
23731,8972
23732,6129
23733,5388
23734,6089
23735,12345
23736,6637
23737,2078
23738,7653
23739,2171
23740,4199
23741,6049
23742,6245
23743,2543
23744,4427
23745,4256
23746,3784
23747,1674
23748,8864
23749,4618
23750,10214
23751,10813
23752,6012
23753,5712
23754,4205
23755,5231
23756,4973
23757,11923
23758,6644
23759,7833
23760,3248
23761,5757
23762,5656
23763,8817
23764,8983
23765,6941
23766,5515
23767,7058
23768,5145
23769,8838
23770,6814
23771,6833
23772,6608
23773,9643
23774,7321
23775,5102
23776,6051
23777,8157
23778,6452
23779,3402
23780,5595
23781,3471
23782,5298
23783,9028
23784,7451
23785,7695
23786,6184
23787,8423
23788,4817
23789,4542
23790,4813
23791,6484
23792,6763
23793,6479
23794,3390
23795,13009
23796,5337
23797,6136
23798,16163
23799,5882
23800,7796
23801,6244
23802,6945
23803,8598
23804,8109
23805,11002
23806,2922
23807,4604
23808,5664
23809,8953
23810,2715
23811,5790
23812,4494
23813,5441
23814,5623
23815,6228
23816,3452
23817,5904
23818,4960
23819,3073
23820,3308
23821,7433
23822,4183
23823,5022
23824,5764
23825,5578
23826,9727
23827,12100
23828,5498
23829,7724
23830,5867
23831,10901
23832,5120
23833,2902
23834,4111
23835,5520
23836,12533
23837,4285
23838,9395
23839,7646
23840,2078
23841,4048
23842,6383
23843,6336
23844,5396
23845,9173
23846,9137
23847,8111
23848,4279
23849,12439
23850,2173
23851,4044
23852,8836
23853,4282
23854,5878
23855,3838
23856,7448
23857,4925
23858,4196
23859,14266
23860,11233
23861,2585
23862,5195
23863,5646
23864,7620
23865,9978
23866,5170
23867,2928
23868,9329
23869,2154
23870,10175
23871,4795
23872,5717
23873,9921
23874,5851
23875,1628
23876,4914
23877,2638
23878,3840
23879,11975
23880,8138
23881,4378
23882,12727
23883,7350
23884,11014
23885,12060
23886,7267
23887,4604
23888,2289
23889,5137
23890,6562
23891,2849
23892,6214
23893,4728
23894,7737
23895,2645
23896,5518
23897,9109
23898,1974
23899,9733
23900,5854
23901,2811
23902,7601
23903,3586
23904,3284
23905,9938
23906,7434
23907,7381
23908,8372
23909,5976
23910,5031
23911,6836
23912,7248
23913,8055
23914,5656
23915,7023
23916,3944
23917,9252
23918,6540
23919,6171
23920,3966
23921,4942
23922,8316
23923,6083
23924,4102
23925,5319
23926,5594
23927,5161
23928,16575
23929,5184
23930,10137
23931,4891
23932,3704
23933,6256
23934,5831
23935,3341
23936,4981
23937,8980
23938,14690
23939,7562
23940,10425
23941,7411
23942,10778
23943,8394
23944,7662
23945,7127
23946,4605
23947,11115
23948,7994
23949,7220
23950,5375
23951,5539
23952,5218
23953,2617
23954,12633
23955,6679
23956,5845
23957,5130
23958,1442
23959,9396
23960,8137
23961,12609
23962,5911
23963,4460
23964,4016
23965,6609
23966,5546
23967,4206
23968,10711
23969,4381
23970,4331
23971,5653
23972,3608
23973,2710
23974,2445
23975,15071
23976,5062
23977,13794
23978,4257
23979,5921
23980,5294
23981,4402
23982,3268
23983,6159
23984,3402
23985,2882
23986,10466
23987,6126
23988,2682
23989,8843
23990,2710
23991,6060
23992,3916
23993,11143
23994,7587
23995,8778
23996,2556
23997,5239
23998,2841
23999,4976
24000,4016
24001,16710
24002,12001
24003,5339
24004,3031
24005,5942
24006,4375
24007,2551
24008,8026
24009,2591
24010,13621
24011,4460
24012,4985
24013,5635
24014,11936
24015,7098
24016,5146
24017,5312
24018,6028
24019,6919
24020,6925
24021,4271
24022,1340
24023,4906
24024,3079
24025,3031
24026,6027
24027,7036
24028,6035
24029,5446
24030,8414
24031,5807
24032,3454
24033,7873
24034,2402
24035,9714
24036,5117
24037,2941
24038,4569
24039,4292
24040,4876
24041,7695
24042,7338
24043,4010
24044,5885
24045,2658
24046,4913
24047,8600
24048,8982
24049,3834
24050,2272
24051,5091
24052,7659
24053,6133
24054,2746
24055,11254
24056,4032
24057,3413
24058,6088
24059,10690
24060,9759
24061,4461
24062,4767
24063,6467
24064,1622
24065,6926
24066,7365
24067,5081
24068,4575
24069,3052
24070,8408
24071,3045
24072,4854
24073,4086
24074,3587
24075,2948
24076,7784
24077,7245
24078,5384
24079,3998
24080,4942
24081,7861
24082,8228
24083,7859
24084,5025
24085,5654
24086,5831
24087,8411
24088,7467
24089,5440
24090,2040
24091,6413
24092,6368
24093,6372
24094,7987
24095,5785
24096,2813
24097,7704
24098,5557
24099,10065
24100,2912
24101,2926
24102,9216
24103,1656
24104,5484
24105,4672
24106,8075
24107,3943
24108,4667
24109,9179
24110,2841
24111,6720
24112,9892
24113,15522
24114,6854
24115,2536
24116,5485
24117,3887
24118,2340
24119,8040
24120,4982
24121,6343
24122,5299
24123,5586
24124,5847
24125,4994
24126,5242
24127,4885
24128,9241
24129,5473
24130,2506
24131,6043
24132,3967
24133,5492
24134,5717
24135,6329
24136,8385
24137,8673
24138,8441
24139,5876
24140,5346
24141,6325
24142,2957
24143,5817
24144,8922
24145,7373
24146,7267
24147,7376
24148,14033
24149,3365
24150,3652
24151,4877
24152,4284
24153,8774
24154,10450
24155,8008
24156,7725
24157,7666
24158,2161
24159,8204
24160,3513
24161,6825
24162,6756
24163,5521
24164,2170
24165,5130
24166,3517
24167,3308
24168,7412
24169,4733
24170,9318
24171,17985
24172,5597
24173,3317
24174,5001
24175,9082
24176,7051
24177,4336
24178,5946
24179,2167
24180,6253
24181,7145
24182,3582
24183,11579
24184,11771
24185,3002
24186,5777
24187,3946
24188,3983
24189,4218
24190,9276
24191,3876
24192,4464
24193,4727
24194,2987
24195,2885
24196,2597
24197,5508
24198,6219
24199,4967
24200,8002
24201,1210
24202,8040
24203,16598
24204,3285
24205,8561
24206,7351
24207,4751
24208,4148
24209,2742
24210,4082
24211,4622
24212,5302
24213,3226
24214,9659
24215,4566
24216,4270
24217,6604
24218,5219
24219,5733
24220,4831
24221,6079
24222,10843
24223,4978
24224,7196
24225,6102
24226,3808
24227,3337
24228,4596
24229,6251
24230,6409
24231,3736
24232,13533
24233,5274
24234,5152
24235,12390
24236,5071
24237,7519
24238,4705
24239,5623
24240,5261
24241,6815
24242,17136
24243,3206
24244,5657
24245,3686
24246,9883
24247,6954
24248,5050
24249,3910
24250,4223
24251,2623
24252,2142
24253,7281
24254,2171
24255,4086
24256,1348
24257,20389
24258,9229
24259,2137
24260,5304
24261,6273
24262,6868
24263,5268
24264,8415
24265,5720
24266,5752
24267,2839
24268,7937
24269,6635
24270,4134
24271,6454
24272,9818
24273,4578
24274,8497
24275,6765
24276,3031
24277,6098
24278,7853
24279,2753
24280,9455
24281,6944
24282,5136
24283,10629
24284,3807
24285,5128
24286,9188
24287,6648
24288,2503
24289,5090
24290,3770
24291,3270
24292,5567
24293,6452
24294,3538
24295,6155
24296,2445
24297,5817
24298,2972
24299,5691
24300,5694
24301,4810
24302,5733
24303,9199
24304,2910
24305,5856
24306,7482
24307,3356
24308,5717
24309,6027
24310,9070
24311,7407
24312,3726
24313,2232
24314,2306
24315,5809
24316,5220
24317,4052
24318,12367
24319,5521
24320,5710
24321,9149
24322,6802
24323,2466
24324,0
24325,4712
24326,8221
24327,6622
24328,7710
24329,6644
24330,8490
24331,5207
24332,4219
24333,3037
24334,3600
24335,6245
24336,4611
24337,8238
24338,5198
24339,2870
24340,7481
24341,7080
24342,4797
24343,7167
24344,4768
24345,7329
24346,3930
24347,5002
24348,4116
24349,4961
24350,3743
24351,6164
24352,7721
24353,8321
24354,6309
24355,5830
24356,4324
24357,6207
24358,7144
24359,7038
24360,3079
24361,2953
24362,8664
24363,6289
24364,3142
24365,4077
24366,7742
24367,6547
24368,2701
24369,6144
24370,5041
24371,1949
24372,5501
24373,2900
24374,4351
24375,6611
24376,5783
24377,5294
24378,4423
24379,8811
24380,6624
24381,3720
24382,5572
24383,5814
24384,3097
24385,1179
24386,7323
24387,1657
24388,5941
24389,10091
24390,5748
24391,4539
24392,3206
24393,5714
24394,5592
24395,5023
24396,6162
24397,6455
24398,8183
24399,6364
24400,8901
24401,3831
24402,4092
24403,4565
24404,3812
24405,5785
24406,6561
24407,3574
24408,5692
24409,2663
24410,8229
24411,4455
24412,4327
24413,3983
24414,5839
24415,7487
24416,3502
24417,6960
24418,4640
24419,5609
24420,5351
24421,6373
24422,8097
24423,4881
24424,4148
24425,10236
24426,6807
24427,6757
24428,1959
24429,4962
24430,5134
24431,4096
24432,4990
24433,10915
24434,8443
24435,10082
24436,10320
24437,6323
24438,5756
24439,6537
24440,6139
24441,7796
24442,10996
24443,3757
24444,2007
24445,1608
24446,4062
24447,5413
24448,10903
24449,2584
24450,2031
24451,5390
24452,5625
24453,6051
24454,11355
24455,6931
24456,6181
24457,2772
24458,8126
24459,6127
24460,7947
24461,7568
24462,3379
24463,6909
24464,3228
24465,7079
24466,5666
24467,5251
24468,6423
24469,4191
24470,6673
24471,5007
24472,7312
24473,4953
24474,8478
24475,5446
24476,9189
24477,5170
24478,3907
24479,8410
24480,2991
24481,10648
24482,5976
24483,4851
24484,3508
24485,7220
24486,4900
24487,4492
24488,6880
24489,4577
24490,12847
24491,3270
24492,3035
24493,5642
24494,6387
24495,11256
24496,2554
24497,4802
24498,6257
24499,5820
24500,5006
24501,3510
24502,6434
24503,3340
24504,10788
24505,2959
24506,7700
24507,13112
24508,7604
24509,6148
24510,3449
24511,5151
24512,8195
24513,2868
24514,8138
24515,2899
24516,9038
24517,6771
24518,5868
24519,5755
24520,4879
24521,3132
24522,5496
24523,2399
24524,3865
24525,3182
24526,2761
24527,7449
24528,6244
24529,21532
24530,7777
24531,0
24532,0
24533,0
24534,0
24535,0
24536,0
24537,0
24538,0
24539,0
24540,0
24541,0
24542,0
24543,0
24544,0
24545,0
24546,0
24547,0
24548,0
24549,0
24550,0
24551,0
24552,0
24553,0
24554,0
24555,0
24556,0
24557,0
24558,0
24559,0
24560,0
24561,0
24562,0
24563,0
24564,0
24565,0
24566,0
24567,0
24568,0
24569,0
24570,0
24571,0
24572,0
24573,0
24574,0
24575,0
24576,0
24577,0
24578,0
24579,0
24580,0
24581,0
24582,0
24583,0
24584,0
24585,0
24586,0
24587,0
24588,0
24589,0
24590,0
24591,0
24592,0
24593,0
24594,0
24595,0
24596,0
24597,0
24598,0
24599,0
24600,0
24601,0
24602,0
24603,0
24604,0
24605,0
24606,0
24607,0
24608,0
24609,0
24610,0
24611,0
24612,0
24613,0
24614,0
24615,13235
24616,0
24617,0
24618,0
24619,0
24620,0
24621,0
24622,0
24623,0
24624,0
24625,0
24626,0
24627,0
24628,0
24629,0
24630,0
24631,0
24632,0
24633,0
24634,0
24635,0
24636,0
24637,0
24638,0
24639,0
24640,0
24641,0
24642,0
24643,0
24644,0
24645,0
24646,0
24647,0
24648,0
24649,0
24650,0
24651,0
24652,4291
24653,0
24654,0
24655,0
24656,0
24657,0
24658,0
24659,0
24660,0
24661,0
24662,0
24663,0
24664,0
24665,0
24666,0
24667,0
24668,0
24669,0
24670,0
24671,0
24672,0
24673,0
24674,0
24675,0
24676,0
24677,0
24678,0
24679,0
24680,0
24681,0
24682,0
24683,0
24684,0
24685,0
24686,0
24687,0
24688,0
24689,0
24690,0
24691,0
24692,0
24693,0
24694,0
24695,0
24696,0
24697,0
24698,0
24699,0
24700,0
24701,0
24702,0
24703,0
24704,0
24705,0
24706,0
24707,0
24708,0
24709,0
24710,0
24711,0
24712,0
24713,0
24714,0
24715,0
24716,0
24717,0
24718,0
24719,0
24720,0
24721,0
24722,0
24723,0
24724,0
24725,0
24726,0
24727,0
24728,0
24729,0
24730,0
24731,0
24732,0
24733,0
24734,0
24735,0
24736,0
24737,0
24738,0
24739,2847
24740,0
24741,0
24742,0
24743,0
24744,0
24745,0
24746,0
24747,0
24748,0
24749,0
24750,0
24751,0
24752,0
24753,0
24754,0
24755,0
24756,0
24757,0
24758,0
24759,0
24760,0
24761,0
24762,0
24763,0
24764,0
24765,0
24766,0
24767,0
24768,0
24769,0
24770,0
24771,0
24772,0
24773,0
24774,0
24775,0
24776,0
24777,0
24778,0
24779,0
24780,0
24781,0
24782,0
24783,0
24784,0
24785,0
24786,0
24787,0
24788,0
24789,18288
24790,0
24791,0
24792,29974
24793,0
24794,0
24795,0
24796,0
24797,0
24798,0
24799,0
24800,0
24801,0
24802,0
24803,0
24804,7938
24805,0
24806,0
24807,0
24808,0
24809,0
24810,0
24811,0
24812,0
24813,0
24814,0
24815,0
24816,0
24817,0
24818,0
24819,0
24820,0
24821,0
24822,0
24823,0
24824,0
24825,0
24826,0
24827,0
24828,0
24829,4976
24830,0
24831,0
24832,0
24833,0
24834,0
24835,0
24836,0
24837,0
24838,0
24839,0
24840,3088
24841,0
24842,0
24843,0
24844,0
24845,0
24846,0
24847,0
24848,0
24849,0
24850,0
24851,0
24852,0
24853,0
24854,0
24855,0
24856,0
24857,0
24858,0
24859,0
24860,0
24861,0
24862,0
24863,0
24864,0
24865,9235
24866,0
24867,0
24868,0
24869,0
24870,0
24871,0
24872,0
24873,0
24874,0
24875,0
24876,0
24877,0
24878,0
24879,0
24880,0
24881,0
24882,0
24883,9389
24884,0
24885,0
24886,0
24887,0
24888,0
24889,0
24890,0
24891,0
24892,0
24893,0
24894,0
24895,0
24896,0
24897,0
24898,0
24899,0
24900,0
24901,0
24902,0
24903,0
24904,0
24905,0
24906,0
24907,0
24908,0
24909,0
24910,0
24911,0
24912,0
24913,0
24914,0
24915,0
24916,0
24917,0
24918,0
24919,0
24920,0
24921,0
24922,0
24923,0
24924,0
24925,0
24926,0
24927,0
24928,0
24929,0
24930,0
24931,0
24932,0
24933,0
24934,0
24935,0
24936,0
24937,0
24938,0
24939,0
24940,0
24941,0
24942,0
24943,0
24944,0
24945,0
24946,0
24947,0
24948,0
24949,0
24950,0
24951,0
24952,0
24953,15866
24954,0
24955,0
24956,0
24957,0
24958,0
24959,0
24960,0
24961,0
24962,0
24963,1834
24964,0
24965,0
24966,0
24967,0
24968,0
24969,0
24970,0
24971,0
24972,0
24973,0
24974,0
24975,0
24976,0
24977,0
24978,0
24979,0
24980,0
24981,0
24982,0
24983,5047
24984,0
24985,0
24986,0
24987,0
24988,0
24989,0
24990,0
24991,0
24992,0
24993,0
24994,0
24995,0
24996,0
24997,0
24998,0
24999,0
25000,0
25001,0
25002,0
25003,0
25004,0
25005,0
25006,0
25007,0
25008,0
25009,0
25010,0
25011,0
25012,0
25013,0
25014,0
25015,0
25016,0
25017,0
25018,0
25019,0
25020,0
25021,0
25022,0
25023,0
25024,8663
25025,0
25026,0
25027,0
25028,0
25029,0
25030,0
25031,0
25032,0
25033,0
25034,0
25035,0
25036,0
25037,0
25038,0
25039,0
25040,0
25041,0
25042,8180
25043,0
25044,0
25045,0
25046,0
25047,0
25048,0
25049,0
25050,0
25051,0
25052,0
25053,0
25054,2477
25055,0
25056,0
25057,0
25058,0
25059,0
25060,5456
25061,0
25062,0
25063,0
25064,0
25065,0
25066,0
25067,0
25068,0
25069,0
25070,0
25071,0
25072,0
25073,0
25074,0
25075,0
25076,0
25077,0
25078,0
25079,0
25080,0
25081,0
25082,0
25083,0
25084,0
25085,0
25086,0
25087,0
25088,0
25089,0
25090,0
25091,0
25092,19065
25093,0
25094,0
25095,0
25096,0
25097,0
25098,0
25099,0
25100,0
25101,0
25102,0
25103,0
25104,0
25105,0
25106,0
25107,0
25108,6773
25109,0
25110,0
25111,0
25112,0
25113,0
25114,0
25115,0
25116,0
25117,0
25118,0
25119,0
25120,0
25121,0
25122,0
25123,0
25124,0
25125,0
25126,0
25127,0
25128,0
25129,0
25130,0
25131,0
25132,0
25133,0
25134,0
25135,0
25136,0
25137,0
25138,0
25139,0
25140,0
25141,0
25142,0
25143,0
25144,0
25145,0
25146,0
25147,0
25148,0
25149,0
25150,0
25151,0
25152,0
25153,0
25154,0
25155,0
25156,0
25157,0
25158,0
25159,0
25160,0
25161,0
25162,0
25163,0
25164,0
25165,0
25166,0
25167,0
25168,0
25169,0
25170,0
25171,0
25172,0
25173,0
25174,0
25175,0
25176,0
25177,0
25178,0
25179,0
25180,0
25181,0
25182,0
25183,0
25184,0
25185,0
25186,0
25187,0
25188,0
25189,0
25190,0
25191,0
25192,0
25193,0
25194,0
25195,0
25196,0
25197,0
25198,0
25199,0
25200,0
25201,0
25202,0
25203,0
25204,0
25205,0
25206,14035
25207,0
25208,0
25209,0
25210,0
25211,0
25212,7707
25213,0
25214,0
25215,0
25216,0
25217,0
25218,0
25219,0
25220,0
25221,0
25222,0
25223,0
25224,0
25225,0
25226,0
25227,0
25228,0
25229,0
25230,0
25231,0
25232,0
25233,0
25234,0
25235,0
25236,0
25237,0
25238,0
25239,0
25240,0
25241,0
25242,0
25243,0
25244,0
25245,0
25246,0
25247,0
25248,0
25249,0
25250,0
25251,0
25252,0
25253,0
25254,0
25255,0
25256,0
25257,0
25258,0
25259,0
25260,0
25261,0
25262,3620
25263,16787
25264,0
25265,0
25266,0
25267,0
25268,0
25269,0
25270,0
25271,0
25272,0
25273,0
25274,0
25275,0
25276,0
25277,0
25278,0
25279,0
25280,0
25281,0
25282,0
25283,0
25284,0
25285,0
25286,0
25287,0
25288,0
25289,0
25290,0
25291,0
25292,0
25293,0
25294,0
25295,0
25296,0
25297,0
25298,0
25299,13631
25300,0
25301,0
25302,0
25303,0
25304,0
25305,0
25306,0
25307,0
25308,0
25309,0
25310,0
25311,0
25312,0
25313,0
25314,0
25315,0
25316,0
25317,0
25318,0
25319,0
25320,0
25321,0
25322,0
25323,0
25324,0
25325,0
25326,0
25327,0
25328,0
25329,0
25330,0
25331,0
25332,0
25333,0
25334,0
25335,0
25336,0
25337,0
25338,0
25339,0
25340,0
25341,0
25342,0
25343,0
25344,0
25345,0
25346,0
25347,0
25348,0
25349,0
25350,0
25351,0
25352,0
25353,0
25354,0
25355,0
25356,0
25357,0
25358,0
25359,0
25360,0
25361,0
25362,0
25363,0
25364,0
25365,0
25366,0
25367,0
25368,0
25369,0
25370,0
25371,0
25372,0
25373,0
25374,0
25375,0
25376,0
25377,0
25378,0
25379,0
25380,0
25381,0
25382,0
25383,0
25384,0
25385,0
25386,0
25387,0
25388,0
25389,0
25390,0
25391,0
25392,0
25393,2855
25394,0
25395,0
25396,0
25397,2289
25398,0
25399,0
25400,0
25401,0
25402,0
25403,0
25404,0
25405,0
25406,0
25407,0
25408,0
25409,0
25410,0
25411,0
25412,0
25413,0
25414,0
25415,0
25416,0
25417,0
25418,0
25419,0
25420,0
25421,0
25422,0
25423,0
25424,0
25425,0
25426,0
25427,0
25428,0
25429,0
25430,0
25431,0
25432,0
25433,0
25434,0
25435,0
25436,0
25437,0
25438,0
25439,0
25440,0
25441,0
25442,0
25443,0
25444,0
25445,0
25446,0
25447,0
25448,0
25449,0
25450,0
25451,0
25452,0
25453,0
25454,0
25455,0
25456,0
25457,0
25458,0
25459,0
25460,0
25461,2763
25462,0
25463,0
25464,0
25465,0
25466,0
25467,0
25468,0
25469,0
25470,0
25471,0
25472,0
25473,0
25474,0
25475,0
25476,0
25477,0
25478,12541
25479,0
25480,0
25481,0
25482,0
25483,0
25484,0
25485,0
25486,0
25487,0
25488,0
25489,0
25490,0
25491,0
25492,0
25493,0
25494,0
25495,0
25496,0
25497,0
25498,0
25499,0
25500,0
25501,0
25502,0
25503,0
25504,0
25505,0
25506,0
25507,0
25508,0
25509,0
25510,0
25511,0
25512,0
25513,0
25514,0
25515,0
25516,0
25517,0
25518,0
25519,0
25520,0
25521,0
25522,0
25523,0
25524,0
25525,0
25526,0
25527,0
25528,0
25529,0
25530,0
25531,0
25532,0
25533,0
25534,0
25535,0
25536,0
25537,0
25538,0
25539,0
25540,0
25541,0
25542,0
25543,0
25544,0
25545,0
25546,0
25547,0
25548,0
25549,0
25550,0
25551,0
25552,0
25553,0
25554,0
25555,0
25556,0
25557,0
25558,0
25559,0
25560,0
25561,0
25562,0
25563,0
25564,0
25565,0
25566,0
25567,0
25568,0
25569,0
25570,0
25571,0
25572,0
25573,0
25574,0
25575,4910
25576,0
25577,0
25578,0
25579,0
25580,0
25581,0
25582,0
25583,0
25584,0
25585,0
25586,0
25587,0
25588,0
25589,0
25590,0
25591,0
25592,0
25593,0
25594,0
25595,0
25596,0
25597,0
25598,0
25599,0
25600,0
25601,0
25602,0
25603,0
25604,0
25605,0
25606,0
25607,0
25608,0
25609,0
25610,0
25611,5676
25612,0
25613,0
25614,0
25615,0
25616,0
25617,0
25618,0
25619,0
25620,0
25621,0
25622,0
25623,0
25624,0
25625,0
25626,0
25627,14075
25628,0
25629,5314
25630,0
25631,0
25632,0
25633,0
25634,0
25635,0
25636,0
25637,0
25638,0
25639,0
25640,0
25641,0
25642,0
25643,0
25644,0
25645,0
25646,5609
25647,7621
25648,10275
25649,13032
25650,8058
25651,7110
25652,13660
25653,10522
25654,11299
25655,7912
25656,10391
25657,12434
25658,7482
25659,7959
25660,10308
25661,11389
25662,10659
25663,10689
25664,9747
25665,10832
25666,8442
25667,6635
25668,8945
25669,14515
25670,14428
25671,11172
25672,14867
25673,7799
25674,13475
25675,5798
25676,7973
25677,6124
25678,11027
25679,11094
25680,18444
25681,11803
25682,9664
25683,10302
25684,9158
25685,5412
25686,8460
25687,14691
25688,10047
25689,8345
25690,7518
25691,8256
25692,11122
25693,5077
25694,10821
25695,6886
25696,9475
25697,9888
25698,8000
25699,10998
25700,7871
25701,10010
25702,14204
25703,10774
25704,9180
25705,14236
25706,6663
25707,9483
25708,10848
25709,15932
25710,8246
25711,7948
25712,12081
25713,9199
25714,11665
25715,10312
25716,13259
25717,7830
25718,7126
25719,9215
25720,8425
25721,13061
25722,11837
25723,5831
25724,8418
25725,10794
25726,8822
25727,13561
25728,5186
25729,18475
25730,8896
25731,6885
25732,8554
25733,10630
25734,8253
25735,12184
25736,6725
25737,10386
25738,9039
25739,11246
25740,11074
25741,9882
25742,11217
25743,7738
25744,7739
25745,10672
25746,10922
25747,10455
25748,6435
25749,12494
25750,7455
25751,11846
25752,9808
25753,16329
25754,9576
25755,6537
25756,9788
25757,7914
25758,7372
25759,7945
25760,9953
25761,10070
25762,5272
25763,13673
25764,9105
25765,10646
25766,6439
25767,11375
25768,13482
25769,5890
25770,17161
25771,8409
25772,8146
25773,12533
25774,12165
25775,7000
25776,6189
25777,10017
25778,9470
25779,6539
25780,8496
25781,8212
25782,10126
25783,12952
25784,9729
25785,10399
25786,7659
25787,6009
25788,10017
25789,9348
25790,10192
25791,12473
25792,12087
25793,12312
25794,8191
25795,12886
25796,11157
25797,8703
25798,10462
25799,13761
25800,10092
25801,11726
25802,14454
25803,9846
25804,12375
25805,7894
25806,9601
25807,12145
25808,8999
25809,10193
25810,5295
25811,7073
25812,14447
25813,11965
25814,8717
25815,5868
25816,12973
25817,8789
25818,11932
25819,8014
25820,8626
25821,8250
25822,6438
25823,16233
25824,11204
25825,10512
25826,10210
25827,7840
25828,7226
25829,9693
25830,11001
25831,5435
25832,9603
25833,7785
25834,11950
25835,10374
25836,8324
25837,16061
25838,8015
25839,6066
25840,15512
25841,8489
25842,9705
25843,5935
25844,12555
25845,10127
25846,6903
25847,8860
25848,10048
25849,7693
25850,9743
25851,11885
25852,17331
25853,4138
25854,9179
25855,4306
25856,19899
25857,6703
25858,12730
25859,13327
25860,9265
25861,10604
25862,6654
25863,7042
25864,4412
25865,6667
25866,8680
25867,7824
25868,11510
25869,10377
25870,8034
25871,9598
25872,8958
25873,11032
25874,12466
25875,10993
25876,7271
25877,5771
25878,12921
25879,17888
25880,9037
25881,11133
25882,6347
25883,10517
25884,7695
25885,7211
25886,9427
25887,7017
25888,10557
25889,9155
25890,11999
25891,10245
25892,12381
25893,10799
25894,7643
25895,13654
25896,23261
25897,15783
25898,9263
25899,4508
25900,8969
25901,12012
25902,7217
25903,7983
25904,14194
25905,7972
25906,21145
25907,20709
25908,5603
25909,10225
25910,8071
25911,5533
25912,11553
25913,7251
25914,13355
25915,13006
25916,13784
25917,10525
25918,12292
25919,4858
25920,9698
25921,5522
25922,8893
25923,10497
25924,16434
25925,8053
25926,8119
25927,6718
25928,9817
25929,7747
25930,7126
25931,6826
25932,10296
25933,8330
25934,9049
25935,11200
25936,12938
25937,0
25938,9715
25939,8847
25940,7313
25941,10043
25942,10704
25943,11640
25944,11003
25945,9537
25946,7656
25947,5108
25948,10213
25949,8957
25950,9528
25951,5908
25952,4566
25953,12384
25954,10915
25955,13087
25956,9594
25957,8815
25958,11712
25959,7502
25960,6058
25961,15643
25962,7193
25963,11409
25964,10249
25965,19463
25966,8326
25967,8971
25968,9925
25969,8974
25970,8952
25971,7071
25972,12251
25973,6198
25974,10429
25975,5476
25976,7316
25977,5854
25978,14138
25979,7149
25980,21220
25981,18509
25982,6559
25983,9758
25984,6720
25985,10229
25986,7900
25987,15391
25988,12001
25989,15640
25990,6231
25991,10373
25992,6052
25993,11112
25994,11212
25995,10240
25996,9049
25997,8879
25998,7213
25999,11915
26000,12820
26001,7784
26002,11278
26003,16093
26004,8703
26005,10445
26006,9435
26007,13175
26008,10141
26009,6935
26010,7673
26011,10039
26012,8769
26013,17018
26014,8556
26015,11303
26016,10088
26017,13857
26018,5661
26019,10438
26020,15314
26021,12690
26022,11755
26023,9140
26024,6190
26025,18333
26026,13321
26027,13154
26028,20596
26029,14530
26030,11667
26031,9961
26032,13859
26033,15411
26034,15789
26035,17568
26036,9106
26037,11949
26038,8706
26039,12541
26040,5225
26041,16250
26042,9367
26043,8263
26044,7997
26045,14227
26046,12190
26047,8526
26048,10327
26049,7174
26050,7859
26051,9720
26052,5635
26053,6781
26054,8032
26055,10174
26056,13974
26057,11984
26058,9698
26059,9044
26060,8229
26061,16447
26062,10619
26063,8078
26064,7987
26065,6992
26066,12372
26067,5854
26068,12922
26069,10243
26070,4930
26071,7482
26072,11325
26073,8736
26074,7388
26075,11551
26076,13366
26077,15927
26078,8073
26079,13118
26080,4579
26081,8265
26082,10347
26083,9539
26084,11199
26085,7358
26086,9034
26087,6442
26088,8504
26089,14815
26090,10179
26091,7793
26092,7444
26093,12172
26094,15373
26095,10794
26096,7758
26097,7862
26098,13792
26099,9635
26100,10095
26101,8803
26102,7809
26103,10187
26104,13752
26105,6753
26106,6289
26107,7062
26108,9332
26109,12868
26110,12151
26111,12016
26112,17378
26113,7459
26114,16253
26115,16495
26116,9498
26117,7196
26118,5132
26119,12059
26120,8673
26121,10130
26122,8961
26123,10743
26124,15715
26125,7634
26126,8948
26127,11103
26128,7983
26129,9756
26130,7135
26131,6750
26132,10226
26133,5507
26134,12880
26135,10161
26136,10117
26137,10920
26138,12718
26139,10331
26140,8314
26141,12239
26142,11855
26143,8247
26144,7613
26145,7524
26146,6883
26147,13732
26148,11278
26149,9307
26150,7092
26151,11354
26152,12333
26153,10819
26154,9356
26155,11973
26156,7025
26157,6781
26158,22864
26159,9516
26160,11597
26161,9092
26162,8713
26163,9512
26164,8054
26165,5710
26166,6864
26167,11723
26168,17500
26169,11270
26170,13222
26171,16586
26172,14301
26173,15455
26174,11935
26175,7865
26176,6836
26177,13915
26178,16062
26179,11935
26180,12213
26181,11956
26182,8511
26183,6300
26184,13197
26185,10472
26186,10302
26187,8524
26188,5017
26189,20578
26190,16207
26191,18998
26192,7820
26193,8312
26194,6569
26195,8340
26196,8981
26197,13931
26198,8679
26199,6932
26200,6932
26201,11005
26202,6218
26203,4224
26204,10104
26205,19116
26206,10503
26207,21044
26208,6459
26209,7801
26210,10078
26211,8041
26212,7585
26213,7023
26214,6170
26215,6038
26216,10883
26217,9969
26218,5568
26219,12712
26220,10092
26221,9863
26222,6463
26223,13264
26224,12173
26225,12924
26226,8537
26227,10158
26228,6658
26229,6968
26230,7009
26231,20923
26232,14439
26233,9036
26234,8765
26235,6984
26236,7316
26237,6220
26238,13146
26239,6343
26240,20072
26241,6242
26242,6638
26243,7473
26244,13203
26245,10510
26246,6686
26247,9003
26248,10204
26249,10300
26250,10555
26251,8143
26252,7343
26253,14659
26254,6615
26255,6710
26256,7629
26257,9930
26258,9184
26259,8718
26260,13393
26261,11094
26262,10485
26263,9971
26264,6721
26265,10773
26266,8149
26267,6251
26268,9824
26269,10505
26270,9508
26271,15296
26272,9704
26273,9481
26274,9283
26275,9276
26276,8264
26277,10139
26278,8803
26279,11983
26280,10777
26281,10694
26282,12404
26283,8026
26284,6701
26285,16986
26286,8413
26287,4547
26288,10880
26289,11342
26290,14506
26291,6537
26292,8847
26293,9786
26294,6523
26295,8016
26296,10174
26297,11593
26298,8437
26299,11797
26300,13649
26301,4192
26302,9112
26303,8723
26304,8277
26305,7536
26306,9658
26307,13526
26308,7227
26309,8572
26310,12123
26311,10547
26312,13616
26313,13424
26314,6384
26315,9153
26316,9046
26317,11734
26318,11146
26319,11988
26320,5649
26321,9867
26322,10570
26323,11617
26324,14463
26325,6102
26326,5216
26327,15431
26328,13048
26329,12920
26330,10090
26331,10917
26332,12332
26333,5795
26334,9995
26335,7880
26336,12192
26337,10632
26338,12310
26339,10151
26340,9952
26341,13003
26342,15643
26343,21942
26344,10152
26345,7428
26346,9049
26347,6016
26348,4866
26349,16212
26350,12381
26351,7316
26352,12544
26353,8285
26354,14712
26355,7234
26356,9368
26357,8428
26358,13389
26359,6789
26360,10384
26361,7641
26362,8658
26363,10204
26364,6504
26365,10336
26366,9448
26367,12821
26368,11477
26369,9588
26370,7876
26371,16729
26372,6668
26373,6768
26374,16637
26375,10322
26376,13661
26377,10083
26378,16448
26379,8967
26380,9814
26381,6899
26382,9633
26383,12134
26384,15955
26385,10446
26386,11941
26387,12269
26388,6589
26389,9542
26390,13199
26391,10099
26392,12027
26393,8530
26394,7286
26395,7150
26396,5794
26397,8541
26398,12281
26399,11490
26400,15863
26401,21807
26402,9779
26403,6917
26404,11567
26405,9395
26406,12877
26407,6031
26408,9216
26409,5570
26410,12212
26411,9093
26412,9523
26413,20769
26414,13169
26415,8024
26416,9527
26417,5459
26418,6606
26419,7996
26420,11881
26421,7468
26422,5782
26423,7979
26424,12432
26425,10855
26426,7969
26427,7423
26428,10608
26429,10264
26430,11529
26431,5831
26432,15177
26433,23524
26434,4148
26435,10047
26436,13113
26437,11625
26438,8979
26439,4116
26440,6980
26441,11787
26442,6840
26443,12763
26444,13085
26445,7090
26446,8580
26447,10664
26448,8656
26449,6412
26450,8387
26451,10624
26452,12859
26453,11220
26454,14744
26455,7496
26456,5245
26457,10474
26458,7817
26459,14042
26460,7969
26461,6661
26462,26034
26463,10295
26464,8720
26465,15302
26466,10156
26467,11716
26468,9303
26469,10891
26470,6567
26471,12218
26472,17629
26473,8717
26474,7986
26475,10127
26476,17994
26477,9450
26478,7598
26479,9066
26480,8042
26481,10190
26482,6103
26483,13058
26484,6470
26485,9791
26486,4373
26487,23210
26488,12690
26489,6563
26490,6479
26491,14105
26492,9032
26493,9510
26494,11314
26495,9835
26496,6809
26497,6714
26498,12954
26499,9019
26500,8640
26501,10113
26502,10359
26503,6786
26504,10049
26505,8584
26506,4835
26507,11899
26508,12018
26509,5991
26510,10569
26511,10057
26512,6803
26513,13552
26514,9698
26515,9005
26516,8988
26517,10773
26518,5035
26519,6818
26520,7715
26521,13501
26522,8922
26523,12982
26524,5991
26525,10498
26526,6838
26527,8097
26528,6866
26529,9115
26530,7783
26531,10282
26532,10816
26533,11876
26534,6360
26535,9207
26536,9746
26537,12358
26538,7997
26539,12803
26540,13018
26541,8873
26542,3874
26543,11726
26544,9108
26545,8491
26546,11216
26547,5137
26548,14535
26549,7998
26550,9569
26551,14164
26552,8456
26553,6959
26554,0
26555,9558
26556,14795
26557,7274
26558,12232
26559,13285
26560,8218
26561,7044
26562,8653
26563,8292
26564,8062
26565,7545
26566,13225
26567,10222
26568,7036
26569,7041
26570,7694
26571,11338
26572,10158
26573,13260
26574,8354
26575,9609
26576,6091
26577,10353
26578,11352
26579,9604
26580,8621
26581,9220
26582,11612
26583,13443
26584,8707
26585,11733
26586,7576
26587,9410
26588,9899
26589,8751
26590,6293
26591,5879
26592,9087
26593,8425
26594,9390
26595,8696
26596,12044
26597,7348
26598,8638
26599,10014
26600,7421
26601,4634
26602,13742
26603,5333
26604,10808
26605,10718
26606,9140
26607,10732
26608,19793
26609,12291
26610,11784
26611,6335
26612,11464
26613,10489
26614,5160
26615,4851
26616,12261
26617,5603
26618,10744
26619,15574
26620,10881
26621,11071
26622,8155
26623,11637
26624,10990
26625,9896
26626,11616
26627,13552
26628,13106
26629,9598
26630,10987
26631,7118
26632,10163
26633,6511
26634,7427
26635,9813
26636,7444
26637,7836
26638,12378
26639,8282
26640,14227
26641,12031
26642,7781
26643,5622
26644,14363
26645,9449
26646,9740
26647,9630
26648,12006
26649,8037
26650,8333
26651,9811
26652,10762
26653,8718
26654,6291
26655,13266
26656,9564
26657,7697
26658,6008
26659,16743
26660,8378
26661,9211
26662,9581
26663,15251
26664,13760
26665,11595
26666,11953
26667,11554
26668,8909
26669,8320
26670,9654
26671,14043
26672,19250
26673,8749
26674,8263
26675,5711
26676,7612
26677,14028
26678,21016
26679,11132
26680,8298
26681,7149
26682,8956
26683,8016
26684,13128
26685,12965
26686,7633
26687,5844
26688,11215
26689,8786
26690,11953
26691,14351
26692,7110
26693,11566
26694,5044
26695,10046
26696,11559
26697,10692
26698,13226
26699,10330
26700,11188
26701,6709
26702,8890
26703,10664
26704,12127
26705,10617
26706,11140
26707,9397
26708,7079
26709,12999
26710,5587
26711,13879
26712,8023
26713,6329
26714,9933
26715,10387
26716,8954
26717,11027
26718,12384
26719,8177
26720,14126
26721,6292
26722,6553
26723,11453
26724,12788
26725,13392
26726,8956
26727,9803
26728,7237
26729,7848
26730,10894
26731,10232
26732,9262
26733,7963
26734,14150
26735,10443
26736,13257
26737,14694
26738,11456
26739,6490
26740,7133
26741,8543
26742,11468
26743,8230
26744,11587
26745,8017
26746,16199
26747,8875
26748,8282
26749,7351
26750,8863
26751,7522
26752,10005
26753,10522
26754,7455
26755,8302
26756,7634
26757,15050
26758,8892
26759,24256
26760,9780
26761,4967
26762,6525
26763,9221
26764,11068
26765,6315
26766,5614
26767,11997
26768,8353
26769,8852
26770,6810
26771,8864
26772,10042
26773,5843
26774,6580
26775,8452
26776,9686
26777,8800
26778,8418
26779,7797
26780,9653
26781,7430
26782,5704
26783,6642
26784,11464
26785,12297
26786,8100
26787,12787
26788,6152
26789,9920
26790,5178
26791,6565
26792,4874
26793,9027
26794,9546
26795,14634
26796,10638
26797,7076
26798,7479
26799,6832
26800,5027
26801,6658
26802,12512
26803,8109
26804,6995
26805,5767
26806,6672
26807,9348
26808,4053
26809,8816
26810,5290
26811,7461
26812,7788
26813,6393
26814,8568
26815,6261
26816,8730
26817,10743
26818,8531
26819,7208
26820,11584
26821,5901
26822,8284
26823,8271
26824,12976
26825,6586
26826,6854
26827,10237
26828,7983
26829,10409
26830,7824
26831,11110
26832,6185
26833,6112
26834,7368
26835,6941
26836,10510
26837,9467
26838,4424
26839,7083
26840,8895
26841,7656
26842,11702
26843,4292
26844,14859
26845,7669
26846,5724
26847,7190
26848,8135
26849,7075
26850,9762
26851,5723
26852,7868
26853,7669
26854,8943
26855,8761
26856,7602
26857,8346
26858,6247
26859,6422
26860,8877
26861,9107
26862,8667
26863,5687
26864,11182
26865,6084
26866,10359
26867,8302
26868,13740
26869,7619
26870,5282
26871,8063
26872,6671
26873,6226
26874,6036
26875,8821
26876,8427
26877,4313
26878,10125
26879,7523
26880,8753
26881,5054
26882,9258
26883,10791
26884,5345
26885,13976
26886,6689
26887,6549
26888,9996
26889,10683
26890,5993
26891,4884
26892,8447
26893,7476
26894,5443
26895,7106
26896,6565
26897,8824
26898,10328
26899,7879
26900,9228
26901,6697
26902,4984
26903,7878
26904,8100
26905,8750
26906,9792
26907,9082
26908,10774
26909,6882
26910,10470
26911,8325
26912,6769
26913,8661
26914,10951
26915,7884
26916,8973
26917,11585
26918,8692
26919,9444
26920,6754
26921,8170
26922,9897
26923,7657
26924,8577
26925,4488
26926,6179
26927,13026
26928,9458
26929,6966
26930,4911
26931,10073
26932,7724
26933,10220
26934,6701
26935,7074
26936,6099
26937,4947
26938,12242
26939,9142
26940,8372
26941,8406
26942,6446
26943,6071
26944,7507
26945,8222
26946,4829
26947,8131
26948,6089
26949,10001
26950,9404
26951,7396
26952,13629
26953,6590
26954,5072
26955,12410
26956,6248
26957,8073
26958,4864
26959,9870
26960,8809
26961,5739
26962,7038
26963,7906
26964,6474
26965,8212
26966,9724
26967,13717
26968,3336
26969,7988
26970,3592
26971,16723
26972,5616
26973,10721
26974,10675
26975,7192
26976,8427
26977,5793
26978,6373
26979,3667
26980,5691
26981,7374
26982,6677
26983,8705
26984,8372
26985,6230
26986,8505
26987,7272
26988,9138
26989,11090
26990,8964
26991,5621
26992,4184
26993,11284
26994,13023
26995,7198
26996,9565
26997,5290
26998,9173
26999,5969
27000,5807
27001,7553
27002,5026
27003,8844
27004,6852
27005,10511
27006,8478
27007,10208
27008,9015
27009,6180
27010,10992
27011,20747
27012,12524
27013,7017
27014,3581
27015,6880
27016,10007
27017,6244
27018,6804
27019,13593
27020,6941
27021,15921
27022,20125
27023,4819
27024,8412
27025,6900
27026,4912
27027,9492
27028,6146
27029,10315
27030,10870
27031,11737
27032,8433
27033,9233
27034,4390
27035,7919
27036,4486
27037,7330
27038,8640
27039,11877
27040,6596
27041,6714
27042,5659
27043,8378
27044,6559
27045,6082
27046,5260
27047,9054
27048,6307
27049,7195
27050,9167
27051,9871
27052,0
27053,8203
27054,8014
27055,6647
27056,8663
27057,8833
27058,9307
27059,8735
27060,9093
27061,6199
27062,4364
27063,7926
27064,7671
27065,7254
27066,5380
27067,3639
27068,10828
27069,8744
27070,11234
27071,8611
27072,6671
27073,8567
27074,5687
27075,5266
27076,11929
27077,6092
27078,8725
27079,8730
27080,15798
27081,6963
27082,7381
27083,8406
27084,7781
27085,7406
27086,5741
27087,9522
27088,5191
27089,7997
27090,4568
27091,6765
27092,4498
27093,12269
27094,5854
27095,19681
27096,16152
27097,5499
27098,8475
27099,6185
27100,8155
27101,6672
27102,12759
27103,9460
27104,12945
27105,5164
27106,8557
27107,5263
27108,9824
27109,9704
27110,8598
27111,7202
27112,7256
27113,6532
27114,9434
27115,10908
27116,6546
27117,9147
27118,11530
27119,6938
27120,8523
27121,7466
27122,11242
27123,8833
27124,6196
27125,6173
27126,8003
27127,6471
27128,12649
27129,7019
27130,8926
27131,8267
27132,10938
27133,4948
27134,9029
27135,12939
27136,10558
27137,10437
27138,7644
27139,4932
27140,15843
27141,11206
27142,9643
27143,18206
27144,12433
27145,8781
27146,7985
27147,11640
27148,11840
27149,13283
27150,14546
27151,6980
27152,8823
27153,6539
27154,10449
27155,4561
27156,12838
27157,7778
27158,6770
27159,6994
27160,12243
27161,9439
27162,6784
27163,8280
27164,6277
27165,6052
27166,7777
27167,4461
27168,5591
27169,7416
27170,7788
27171,11216
27172,10147
27173,8243
27174,7324
27175,6826
27176,13323
27177,8952
27178,6551
27179,6974
27180,5775
27181,10577
27182,4839
27183,11151
27184,8514
27185,3928
27186,6182
27187,9672
27188,6903
27189,5855
27190,9480
27191,10617
27192,13440
27193,6960
27194,11086
27195,3614
27196,6562
27197,7956
27198,7265
27199,9009
27200,6385
27201,7365
27202,5250
27203,6461
27204,11944
27205,8882
27206,5911
27207,6031
27208,9748
27209,13191
27210,9244
27211,7041
27212,6390
27213,11561
27214,7632
27215,7995
27216,7247
27217,5993
27218,8686
27219,11839
27220,5003
27221,5098
27222,6093
27223,7293
27224,10782
27225,9712
27226,9674
27227,14866
27228,6045
27229,13441
27230,14743
27231,7590
27232,6164
27233,4185
27234,9514
27235,7150
27236,7623
27237,6941
27238,8811
27239,14321
27240,6302
27241,6954
27242,8543
27243,7112
27244,8225
27245,5695
27246,5406
27247,8345
27248,4278
27249,10921
27250,9258
27251,7948
27252,9838
27253,10574
27254,9678
27255,6611
27256,9219
27257,10989
27258,7515
27259,6630
27260,6508
27261,5543
27262,12456
27263,8115
27264,7660
27265,6261
27266,8325
27267,9950
27268,8598
27269,7983
27270,9456
27271,6202
27272,6470
27273,20721
27274,7932
27275,9758
27276,7396
27277,7541
27278,7293
27279,6156
27280,4790
27281,5565
27282,9606
27283,15280
27284,9486
27285,10872
27286,13882
27287,11917
27288,13297
27289,9441
27290,6630
27291,5753
27292,11795
27293,12377
27294,9261
27295,9866
27296,10169
27297,7389
27298,5134
27299,12016
27300,8467
27301,8060
27302,7624
27303,4001
27304,17177
27305,13381
27306,16670
27307,6528
27308,6528
27309,5574
27310,6750
27311,8039
27312,11238
27313,7148
27314,5731
27315,5402
27316,9739
27317,4823
27318,3639
27319,7772
27320,16624
27321,7994
27322,19108
27323,5280
27324,6431
27325,8010
27326,7015
27327,6042
27328,5807
27329,5414
27330,4817
27331,9238
27332,7865
27333,5012
27334,10404
27335,7992
27336,8406
27337,5278
27338,11178
27339,9302
27340,10677
27341,7235
27342,8979
27343,4815
27344,5830
27345,5552
27346,16583
27347,11670
27348,7203
27349,6904
27350,5457
27351,6671
27352,5199
27353,11212
27354,5383
27355,16791
27356,5337
27357,5890
27358,6859
27359,10759
27360,8302
27361,5757
27362,8048
27363,9480
27364,8325
27365,8989
27366,7245
27367,5350
27368,13387
27369,5721
27370,4955
27371,6602
27372,7689
27373,7350
27374,6988
27375,11309
27376,9791
27377,8210
27378,7972
27379,5424
27380,9464
27381,7048
27382,4962
27383,8423
27384,7721
27385,7665
27386,11145
27387,7659
27388,7823
27389,7268
27390,8175
27391,7121
27392,8564
27393,7472
27394,8624
27395,8595
27396,8202
27397,10270
27398,6847
27399,5576
27400,13187
27401,6890
27402,4097
27403,9588
27404,9782
27405,12843
27406,5865
27407,7208
27408,8034
27409,4829
27410,7315
27411,8447
27412,8532
27413,7045
27414,9172
27415,10221
27416,4077
27417,7650
27418,6945
27419,7158
27420,6246
27421,7925
27422,11355
27423,6648
27424,6121
27425,10324
27426,8362
27427,10405
27428,11449
27429,5331
27430,7614
27431,8236
27432,9775
27433,9441
27434,9474
27435,4461
27436,9135
27437,8081
27438,9069
27439,11433
27440,5357
27441,4752
27442,14237
27443,10655
27444,10149
27445,7851
27446,8088
27447,10309
27448,4806
27449,8081
27450,6713
27451,9450
27452,8670
27453,9487
27454,9526
27455,7269
27456,10693
27457,12717
27458,18455
27459,9111
27460,6050
27461,7530
27462,5003
27463,3992
27464,13476
27465,9689
27466,6165
27467,10313
27468,6462
27469,12821
27470,5456
27471,7536
27472,7119
27473,10957
27474,5766
27475,8485
27476,6416
27477,6980
27478,8825
27479,5486
27480,8661
27481,8267
27482,11205
27483,9191
27484,7725
27485,6657
27486,14153
27487,5900
27488,5716
27489,12844
27490,8771
27491,11172
27492,8495
27493,14792
27494,7064
27495,6853
27496,5868
27497,7777
27498,9830
27499,12752
27500,8473
27501,9924
27502,9335
27503,4756
27504,8567
27505,10000
27506,7934
27507,10012
27508,6950
27509,6111
27510,5808
27511,4775
27512,6365
27513,10377
27514,9208
27515,12609
27516,18462
27517,8461
27518,5872
27519,8992
27520,8558
27521,11118
27522,4508
27523,6983
27524,4806
27525,10559
27526,7512
27527,7525
27528,15639
27529,11980
27530,5684
27531,8065
27532,4528
27533,5802
27534,6448
27535,9656
27536,5957
27537,4783
27538,7148
27539,10069
27540,9403
27541,6234
27542,6307
27543,7978
27544,8615
27545,8596
27546,4606
27547,11925
27548,20720
27549,4076
27550,8199
27551,10500
27552,9178
27553,6441
27554,3620
27555,5515
27556,9444
27557,6114
27558,10067
27559,10886
27560,5430
27561,6454
27562,8203
27563,7114
27564,5583
27565,6402
27566,8357
27567,11160
27568,9412
27569,12224
27570,6488
27571,4382
27572,7881
27573,6746
27574,10799
27575,7091
27576,5566
27577,23755
27578,8228
27579,7105
27580,13579
27581,8822
27582,9378
27583,7531
27584,9049
27585,5782
27586,10243
27587,14765
27588,6661
27589,7121
27590,8261
27591,15671
27592,7714
27593,6347
27594,7546
27595,6282
27596,7717
27597,5061
27598,10269
27599,5058
27600,8653
27601,3260
27602,21770
27603,10787
27604,4992
27605,5123
27606,12161
27607,7436
27608,8049
27609,9154
27610,7675
27611,5445
27612,5811
27613,11417
27614,7201
27615,7659
27616,8632
27617,8835
27618,5813
27619,8663
27620,7735
27621,4376
27622,10207
27623,10691
27624,5285
27625,8556
27626,8004
27627,5636
27628,10886
27629,7555
27630,8202
27631,7034
27632,8632
27633,4158
27634,5424
27635,6096
27636,11823
27637,7345
27638,10325
27639,4592
27640,9361
27641,5205
27642,6789
27643,5342
27644,7332
27645,6977
27646,8259
27647,8316
27648,9835
27649,4911
27650,7123
27651,8113
27652,9464
27653,7234
27654,10390
27655,10956
27656,7216
27657,3446
27658,9697
27659,7114
27660,7286
27661,8886
27662,4539
27663,12162
27664,6237
27665,7818
27666,12601
27667,7699
27668,5477
27669,0
27670,7270
27671,11451
27672,6161
27673,11838
27674,11317
27675,6785
27676,6228
27677,7976
27678,6459
27679,6906
27680,6783
27681,11384
27682,8046
27683,6364
27684,5697
27685,7465
27686,8896
27687,8017
27688,9900
27689,7178
27690,7811
27691,5398
27692,8967
27693,9014
27694,8281
27695,6888
27696,7384
27697,9510
27698,11121
27699,6584
27700,9394
27701,6643
27702,7701
27703,8010
27704,7730
27705,5084
27706,5284
27707,8612
27708,7936
27709,7379
27710,7025
27711,9806
27712,6453
27713,7102
27714,8138
27715,5617
27716,3707
27717,11106
27718,4590
27719,9298
27720,8632
27721,7488
27722,9064
27723,15924
27724,10397
27725,9706
27726,5497
27727,9415
27728,8614
27729,4883
27730,4047
27731,10002
27732,4193
27733,9151
27734,13879
27735,8820
27736,8320
27737,6185
27738,9069
27739,8276
27740,7847
27741,8765
27742,10309
27743,10494
27744,7912
27745,9024
27746,5964
27747,8698
27748,5631
27749,6441
27750,7166
27751,6070
27752,6361
27753,9655
27754,6210
27755,11281
27756,9348
27757,5778
27758,5180
27759,12132
27760,8476
27761,7752
27762,7815
27763,9350
27764,6003
27765,6935
27766,7839
27767,8253
27768,6919
27769,5534
27770,10398
27771,7826
27772,6163
27773,4334
27774,13763
27775,6907
27776,6867
27777,7945
27778,12666
27779,10563
27780,9904
27781,10488
27782,8589
27783,6712
27784,6977
27785,8829
27786,11896
27787,14936
27788,6953
27789,6953
27790,4581
27791,6124
27792,12105
27793,17970
27794,8793
27795,6589
27796,5626
27797,7113
27798,6278
27799,10856
27800,10211
27801,6905
27802,4832
27803,9258
27804,7190
27805,10314
27806,10672
27807,5975
27808,9468
27809,4637
27810,7899
27811,10246
27812,8349
27813,10981
27814,8214
27815,9456
27816,5063
27817,7197
27818,9067
27819,10138
27820,8192
27821,9250
27822,7627
27823,5589
27824,11003
27825,4786
27826,12046
27827,7029
27828,5225
27829,8191
27830,8179
27831,7835
27832,8702
27833,10417
27834,6059
27835,12728
27836,4794
27837,5435
27838,9763
27839,10916
27840,11243
27841,7941
27842,8081
27843,6431
27844,7450
27845,9087
27846,7919
27847,7600
27848,6566
27849,11710
27850,8401
27851,10276
27852,13369
27853,9208
27854,5387
27855,5859
27856,6766
27857,10836
27858,6298
27859,8989
27860,6588
27861,12441
27862,7541
27863,6830
27864,6036
27865,6368
27866,6446
27867,8511
27868,7955
27869,6136
27870,6567
27871,6066
27872,10684
27873,7436
27874,22114
27875,7792
27876,4922
27877,6330
27878,8585
27879,10599
27880,5909
27881,5505
27882,10575
27883,7822
27884,8060
27885,6684
27886,9486
27887,9966
27888,5923
27889,5943
27890,8077
27891,9696
27892,7534
27893,7966
27894,7899
27895,9482
27896,6120
27897,5321
27898,6404
27899,11181
27900,11552
27901,7467
27902,11586
27903,5237
27904,9318
27905,4558
27906,6737
27907,4981
27908,8737
27909,9213
27910,13142
27911,10505
27912,6829
27913,7020
27914,6690
27915,4699
27916,6481
27917,12371
27918,7187
27919,6642
27920,6006
27921,6406
27922,9720
27923,4060
27924,8688
27925,5180
27926,7654
27927,7513
27928,6321
27929,8615
27930,5894
27931,8357
27932,9891
27933,8045
27934,6227
27935,11024
27936,5958
27937,7491
27938,8404
27939,12356
27940,5743
27941,6825
27942,9573
27943,8917
27944,9874
27945,7492
27946,10492
27947,5171
27948,5401
27949,6877
27950,6666
27951,10212
27952,8862
27953,4283
27954,6584
27955,8441
27956,7728
27957,10666
27958,4273
27959,15076
27960,7587
27961,5493
27962,6955
27963,7211
27964,6729
27965,9659
27966,5316
27967,7413
27968,7064
27969,8407
27970,8059
27971,6669
27972,7531
27973,6183
27974,6537
27975,9039
27976,8946
27977,8115
27978,5373
27979,10791
27980,5704
27981,10413
27982,7977
27983,13417
27984,7522
27985,5127
27986,7728
27987,6621
27988,6216
27989,5755
27990,8533
27991,8174
27992,4202
27993,9401
27994,7235
27995,8259
27996,5032
27997,9654
27998,10129
27999,5109
28000,14160
28001,6313
28002,6094
28003,9610
28004,9806
28005,5939
28006,4617
28007,8362
28008,7049
28009,5364
28010,6898
28011,6287
28012,8674
28013,9133
28014,7640
28015,8970
28016,6261
28017,4858
28018,7512
28019,8492
28020,8747
28021,9245
28022,8837
28023,9991
28024,6402
28025,10009
28026,7780
28027,6728
28028,8173
28029,10570
28030,7669
28031,8435
28032,11145
28033,9197
28034,8629
28035,6206
28036,7763
28037,8536
28038,7476
28039,7910
28040,4323
28041,6110
28042,12047
28043,9382
28044,6631
28045,4884
28046,9468
28047,7592
28048,9615
28049,6594
28050,7093
28051,5941
28052,4605
28053,11571
28054,8253
28055,8307
28056,7598
28057,6377
28058,6023
28059,7291
28060,7846
28061,4465
28062,6810
28063,5912
28064,9836
28065,8927
28066,7334
28067,13313
28068,6866
28069,5431
28070,12096
28071,5932
28072,8597
28073,3508
28074,9694
28075,8602
28076,5569
28077,7077
28078,8670
28079,6280
28080,7717
28081,8888
28082,13557
28083,3194
28084,7599
28085,3713
28086,15434
28087,5996
28088,9774
28089,10386
28090,7403
28091,7998
28092,5689
28093,5868
28094,3424
28095,5265
28096,7167
28097,6243
28098,8355
28099,8477
28100,5617
28101,7765
28102,7060
28103,8900
28104,10651
28105,8917
28106,5661
28107,4237
28108,10987
28109,12485
28110,6515
28111,9045
28112,5300
28113,8636
28114,5877
28115,5870
28116,7428
28117,4723
28118,8513
28119,6289
28120,10260
28121,8191
28122,9997
28123,8931
28124,6019
28125,10593
28126,20808
28127,11895
28128,6516
28129,3506
28130,7069
28131,9387
28132,5923
28133,6212
28134,13669
28135,6868
28136,14299
28137,20199
28138,4708
28139,8001
28140,6505
28141,4788
28142,9246
28143,6367
28144,10053
28145,10657
28146,9856
28147,7636
28148,8701
28149,4337
28150,7893
28151,4372
28152,7089
28153,8274
28154,11114
28155,6753
28156,6657
28157,5392
28158,8171
28159,5954
28160,6102
28161,4474
28162,8910
28163,6281
28164,6946
28165,8075
28166,9254
28167,0
28168,7666
28169,7063
28170,6896
28171,8073
28172,8229
28173,9589
28174,8355
28175,8411
28176,6685
28177,4391
28178,7938
28179,7403
28180,7182
28181,4972
28182,3139
28183,10162
28184,7946
28185,11315
28186,7950
28187,6453
28188,7705
28189,5718
28190,5079
28191,11020
28192,6078
28193,8310
28194,8774
28195,15399
28196,6412
28197,5851
28198,8004
28199,6255
28200,6684
28201,5751
28202,8783
28203,5012
28204,7877
28205,4575
28206,6494
28207,4265
28208,12080
28209,5748
28210,18133
28211,15485
28212,5420
28213,8038
28214,5946
28215,7925
28216,6326
28217,12536
28218,8775
28219,11563
28220,4819
28221,8306
28222,5291
28223,9374
28224,9710
28225,7797
28226,6735
28227,7410
28228,6770
28229,9098
28230,10187
28231,6751
28232,8305
28233,11056
28234,6972
28235,7935
28236,7115
28237,10674
28238,8380
28239,5729
28240,6189
28241,6907
28242,6385
28243,12368
28244,7002
28245,8351
28246,8092
28247,10214
28248,4921
28249,8507
28250,11003
28251,9938
28252,9508
28253,7241
28254,4800
28255,16197
28256,10398
28257,8905
28258,18111
28259,10278
28260,8401
28261,7484
28262,10541
28263,11579
28264,13158
28265,14308
28266,6215
28267,8214
28268,6235
28269,9941
28270,4246
28271,11907
28272,7055
28273,6662
28274,6723
28275,10748
28276,8881
28277,6234
28278,8069
28279,6241
28280,5350
28281,7793
28282,4519
28283,5589
28284,6634
28285,8202
28286,11137
28287,9816
28288,8002
28289,6983
28290,5937
28291,13081
28292,8277
28293,6259
28294,6691
28295,5611
28296,10152
28297,5038
28298,11563
28299,8149
28300,3721
28301,5917
28302,8469
28303,7070
28304,5610
28305,9593
28306,10520
28307,14094
28308,6803
28309,11295
28310,3447
28311,5912
28312,7787
28313,6373
28314,8281
28315,6377
28316,7394
28317,4983
28318,6022
28319,12075
28320,9130
28321,5507
28322,5757
28323,9544
28324,12483
28325,9025
28326,6432
28327,5751
28328,11979
28329,7406
28330,8777
28331,6887
28332,5868
28333,8311
28334,11195
28335,4172
28336,5107
28337,5381
28338,7004
28339,10876
28340,9653
28341,9145
28342,14606
28343,6044
28344,12773
28345,13865
28346,7799
28347,5997
28348,3826
28349,9135
28350,6864
28351,6955
28352,6785
28353,8325
28354,12792
28355,6058
28356,6553
28357,7887
28358,5769
28359,8096
28360,5622
28361,4996
28362,8330
28363,4095
28364,8691
28365,9087
28366,7838
28367,9036
28368,10038
28369,9331
28370,6270
28371,8689
28372,10100
28373,7334
28374,6530
28375,6380
28376,6125
28377,11836
28378,7705
28379,7344
28380,5918
28381,8625
28382,9328
28383,7864
28384,7309
28385,9327
28386,5969
28387,6653
28388,18846
28389,6969
28390,9684
28391,7121
28392,7021
28393,6735
28394,6111
28395,4771
28396,5895
28397,9648
28398,14474
28399,9284
28400,10489
28401,12316
28402,11684
28403,12639
28404,9055
28405,6862
28406,5747
28407,11679
28408,12119
28409,8871
28410,9609
28411,8852
28412,7173
28413,4742
28414,11766
28415,8012
28416,7271
28417,6917
28418,3438
28419,15425
28420,13092
28421,15762
28422,6397
28423,6103
28424,5469
28425,6882
28426,7474
28427,10069
28428,7238
28429,5858
28430,5392
28431,8425
28432,4953
28433,3624
28434,6919
28435,16091
28436,7713
28437,18761
28438,4970
28439,6177
28440,7787
28441,6458
28442,5843
28443,5608
28444,5196
28445,4823
28446,8705
28447,7609
28448,4624
28449,10348
28450,6511
28451,8208
28452,5314
28453,11202
28454,8910
28455,10674
28456,6488
28457,8081
28458,4662
28459,5792
28460,5533
28461,17868
28462,11463
28463,7094
28464,6209
28465,5504
28466,6426
28467,4936
28468,10569
28469,5149
28470,15582
28471,5083
28472,5854
28473,6414
28474,10442
28475,8439
28476,5499
28477,7557
28478,8752
28479,7992
28480,8526
28481,6794
28482,4616
28483,11787
28484,5481
28485,4669
28486,6426
28487,7205
28488,6882
28489,7024
28490,10635
28491,9503
28492,7477
28493,7694
28494,5494
28495,9347
28496,6750
28497,5164
28498,7708
28499,7597
28500,7115
28501,10490
28502,7607
28503,7527
28504,7131
28505,7212
28506,6890
28507,8599
28508,7543
28509,8049
28510,6896
28511,7324
28512,10040
28513,7040
28514,5152
28515,13366
28516,6202
28517,4116
28518,8987
28519,9767
28520,12268
28521,5603
28522,6901
28523,7838
28524,4609
28525,6907
28526,8348
28527,7651
28528,6458
28529,7823
28530,9665
28531,3736
28532,7213
28533,6720
28534,6601
28535,5831
28536,7937
28537,10368
28538,6553
28539,5596
28540,9617
28541,8055
28542,9823
28543,10712
28544,5607
28545,7519
28546,7598
28547,9427
28548,9113
28549,9526
28550,4102
28551,9424
28552,8304
28553,8601
28554,11714
28555,5440
28556,4566
28557,14073
28558,9906
28559,9635
28560,7049
28561,7246
28562,9830
28563,4217
28564,7785
28565,6382
28566,8675
28567,7448
28568,7930
28569,9371
28570,6666
28571,10796
28572,12258
28573,18477
28574,8356
28575,5532
28576,6827
28577,4896
28578,3702
28579,12526
28580,9163
28581,6039
28582,9679
28583,6160
28584,12174
28585,5194
28586,7229
28587,6594
28588,11325
28589,5856
28590,8185
28591,6225
28592,6300
28593,8228
28594,5179
28595,8492
28596,8326
28597,11244
28598,9044
28599,7459
28600,6461
28601,13217
28602,5462
28603,5889
28604,11762
28605,8502
28606,10828
28607,8403
28608,15299
28609,6650
28610,6353
28611,5455
28612,7225
28613,9133
28614,11998
28615,8309
28616,8977
28617,9146
28618,4656
28619,8392
28620,9396
28621,7686
28622,8833
28623,6178
28624,5674
28625,5867
28626,4639
28627,6057
28628,9758
28629,8335
28630,11593
28631,18705
28632,7934
28633,5734
28634,8935
28635,8299
28636,10980
28637,4621
28638,7110
28639,4579
28640,9727
28641,7491
28642,7125
28643,15006
28644,12912
28645,5602
28646,7656
28647,4702
28648,5834
28649,6336
28650,9723
28651,5445
28652,4783
28653,6507
28654,8563
28655,7464
28656,5566
28657,6270
28658,7516
28659,7140
28660,8221
28661,4162
28662,11745
28663,19972
28664,3957
28665,7942
28666,9250
28667,8802
28668,5816
28669,3486
28670,5394
28671,8750
28672,5791
28673,8833
28674,10251
28675,5230
28676,5924
28677,8062
28678,6964
28679,5514
28680,6888
28681,8300
28682,10866
28683,8878
28684,11704
28685,6267
28686,4345
28687,7401
28688,6475
28689,9585
28690,7077
28691,5112
28692,24166
28693,7749
28694,6959
28695,12989
28696,8415
28697,8818
28698,7323
28699,8882
28700,5572
28701,9446
28702,15194
28703,5847
28704,6797
28705,7473
28706,14740
28707,7581
28708,6131
28709,7146
28710,6017
28711,7108
28712,4640
28713,9929
28714,4949
28715,8127
28716,3297
28717,21122
28718,10149
28719,5105
28720,5160
28721,10255
28722,7002
28723,8050
28724,9084
28725,6688
28726,5613
28727,5279
28728,11180
28729,6516
28730,7150
28731,8539
28732,8678
28733,5534
28734,8274
28735,7111
28736,4494
28737,9761
28738,10117
28739,5329
28740,8488
28741,7951
28742,5910
28743,10554
28744,6552
28745,7892
28746,7432
28747,8318
28748,4235
28749,5400
28750,5952
28751,7059
28752,7906
28753,9798
28754,4540
28755,8776
28756,5368
28757,6552
28758,5109
28759,6941
28760,6795
28761,7620
28762,7808
28763,9831
28764,4882
28765,6721
28766,8035
28767,8911
28768,7543
28769,10371
28770,10750
28771,7180
28772,3507
28773,8021
28774,5937
28775,6674
28776,8104
28777,4650
28778,12166
28779,6036
28780,7662
28781,12274
28782,7160
28783,5023
28784,0
28785,6425
28786,11671
28787,6367
28788,10443
28789,10695
28790,6661
28791,5796
28792,7550
28793,6078
28794,6496
28795,6687
28796,10404
28797,7666
28798,6481
28799,5203
28800,7187
28801,8205
28802,7296
28803,9270
28804,6946
28805,7511
28806,5437
28807,8328
28808,8962
28809,7413
28810,6708
28811,7303
28812,8935
28813,10574
28814,6266
28815,8683
28816,6094
28817,6958
28818,8089
28819,7115
28820,5294
28821,5019
28822,9350
28823,8067
28824,6556
28825,6720
28826,8985
28827,6454
28828,6251
28829,7909
28830,5770
28831,3528
28832,10252
28833,4567
28834,8867
28835,8128
28836,6947
28837,7464
28838,12896
28839,10639
28840,10214
28841,5266
28842,8940
28843,8054
28844,4794
28845,3680
28846,8578
28847,3781
28848,8219
28849,13477
28850,8493
28851,8064
28852,5299
28853,8450
28854,7402
28855,7120
28856,7865
28857,9368
28858,10018
28859,7304
28860,8789
28861,5744
28862,7978
28863,5541
28864,6035
28865,6784
28866,5991
28867,6108
28868,8651
28869,5812
28870,10821
28871,7875
28872,5547
28873,4894
28874,10619
28875,8147
28876,6597
28877,7542
28878,7949
28879,6364
28880,6518
28881,7299
28882,8244
28883,6932
28884,5384
28885,10743
28886,7902
28887,6310
28888,4181
28889,12566
28890,6989
28891,6396
28892,7420
28893,12394
28894,10052
28895,9971
28896,10178
28897,8460
28898,6262
28899,6751
28900,8337
28901,10444
28902,15007
28903,5981
28904,6034
28905,4203
28906,5281
28907,10247
28908,15937
28909,7494
28910,5435
28911,5640
28912,7089
28913,6271
28914,11743
28915,9443
28916,6809
28917,4593
28918,8390
28919,6749
28920,10212
28921,10638
28922,5428
28923,8658
28924,4386
28925,8294
28926,9642
28927,7723
28928,10658
28929,7614
28930,8943
28931,4998
28932,7078
28933,8486
28934,10239
28935,8132
28936,8718
28937,7459
28938,5327
28939,10442
28940,4902
28941,11469
28942,6740
28943,5188
28944,8956
28945,7931
28946,7104
28947,8575
28948,10034
28949,5749
28950,12425
28951,4552
28952,5014
28953,8700
28954,9865
28955,11378
28956,7679
28957,7470
28958,6248
28959,6779
28960,8729
28961,7317
28962,7442
28963,6073
28964,10660
28965,8288
28966,9644
28967,13074
28968,9651
28969,5239
28970,5385
28971,6534
28972,11096
28973,6001
28974,9287
28975,5934
28976,11819
28977,7253
28978,6383
28979,5720
28980,5995
28981,5922
28982,7414
28983,6893
28984,5581
28985,5721
28986,5317
28987,10110
28988,7526
28989,22467
28990,7916
28991,4719
28992,5448
28993,7815
28994,10349
28995,5424
28996,5285
28997,10040
28998,8277
28999,7952
29000,6419
29001,8285
29002,9157
29003,5534
29004,6289
29005,7979
29006,8640
29007,7412
29008,7684
29009,7672
29010,9686
29011,6362
29012,5120
29013,6151
29014,10698
29015,11521
29016,7670
29017,11048
29018,5531
29019,9049
29020,4768
29021,6419
29022,4673
29023,8539
29024,8710
29025,12909
29026,10088
29027,7293
29028,6330
29029,6576
29030,4773
29031,6878
29032,11668
29033,7027
29034,5930
29035,5911
29036,6428
29037,8869
29038,3737
29039,8229
29040,5183
29041,7880
29042,7657
29043,6167
29044,8314
29045,5701
29046,8770
29047,9884
29048,7510
29049,6349
29050,9977
29051,5178
29052,7093
29053,8333
29054,12837
29055,6137
29056,6820
29057,9164
29058,8160
29059,9757
29060,7641
29061,10348
29062,5284
29063,5464
29064,6531
29065,6671
29066,9859
29067,8809
29068,4152
29069,6085
29070,8454
29071,7324
29072,11291
29073,4145
29074,13961
29075,7098
29076,5436
29077,6775
29078,6866
29079,6830
29080,9141
29081,5139
29082,7254
29083,6847
29084,8473
29085,7697
29086,6224
29087,8319
29088,6349
29089,6308
29090,8815
29091,8735
29092,7917
29093,5098
29094,10287
29095,5715
29096,9280
29097,8005
29098,13099
29099,7293
29100,5025
29101,7995
29102,6754
29103,6140
29104,5638
29105,8174
29106,7890
29107,4302
29108,9086
29109,6818
29110,8052
29111,4961
29112,8607
29113,9260
29114,4887
29115,11937
29116,6130
29117,5722
29118,8592
29119,9734
29120,5865
29121,4756
29122,8511
29123,6889
29124,5074
29125,6964
29126,6430
29127,8247
29128,9408
29129,7588
29130,8288
29131,6092
29132,4756
29133,7071
29134,8535
29135,8227
29136,9370
29137,8579
29138,9312
29139,6172
29140,9586
29141,7620
29142,5905
29143,7723
29144,10784
29145,7579
29146,8906
29147,10393
29148,8740
29149,8648
29150,6596
29151,7487
29152,9126
29153,7144
29154,7613
29155,4112
29156,5929
29157,11052
29158,8628
29159,6641
29160,4705
29161,9009
29162,7455
29163,8874
29164,6604
29165,6490
29166,5755
29167,4385
29168,11409
29169,7905
29170,8140
29171,7320
29172,6376
29173,5322
29174,7025
29175,7851
29176,4289
29177,6890
29178,5720
29179,9367
29180,8307
29181,7255
29182,12920
29183,5709
29184,5658
29185,11515
29186,5692
29187,7610
29188,3671
29189,9212
29190,8427
29191,6098
29192,7332
29193,7213
29194,6174
29195,7262
29196,9351
29197,12027
29198,3214
29199,7866
29200,3644
29201,14926
29202,5323
29203,9450
29204,9741
29205,7155
29206,7800
29207,5735
29208,5732
29209,3415
29210,5262
29211,7350
29212,5952
29213,7715
29214,7958
29215,5925
29216,7341
29217,6860
29218,8999
29219,10430
29220,8881
29221,5596
29222,4515
29223,10490
29224,11197
29225,6622
29226,8055
29227,5030
29228,8148
29229,5893
29230,5532
29231,6880
29232,4958
29233,7717
29234,6093
29235,9791
29236,7881
29237,9674
29238,8522
29239,6474
29240,9696
29241,19672
29242,11430
29243,6052
29244,3477
29245,6705
29246,9112
29247,5773
29248,6492
29249,14845
29250,6853
29251,14465
29252,20160
29253,4688
29254,7735
29255,6012
29256,4799
29257,10705
29258,5801
29259,8896
29260,10316
29261,8881
29262,7574
29263,8308
29264,5025
29265,7243
29266,4224
29267,6820
29268,8196
29269,10568
29270,6983
29271,6815
29272,5356
29273,7995
29274,5871
29275,5751
29276,4543
29277,8664
29278,6517
29279,7031
29280,7653
29281,9007
29282,0
29283,7540
29284,7194
29285,6193
29286,7927
29287,7892
29288,9418
29289,8546
29290,8422
29291,6421
29292,4436
29293,7480
29294,7244
29295,7207
29296,5031
29297,3354
29298,9257
29299,8010
29300,10898
29301,7734
29302,6540
29303,8014
29304,5749
29305,5018
29306,10708
29307,5841
29308,8323
29309,8251
29310,15955
29311,6938
29312,6521
29313,8315
29314,6237
29315,8041
29316,6207
29317,8402
29318,4938
29319,7925
29320,4554
29321,6469
29322,3865
29323,11506
29324,5909
29325,16611
29326,14744
29327,6230
29328,7762
29329,5660
29330,7668
29331,6245
29332,12158
29333,8841
29334,11224
29335,4815
29336,7785
29337,5586
29338,9138
29339,9012
29340,7881
29341,6828
29342,7570
29343,7094
29344,8790
29345,10268
29346,6549
29347,8496
29348,10860
29349,7279
29350,7629
29351,7300
29352,9922
29353,8088
29354,5942
29355,5950
29356,7015
29357,6169
29358,11654
29359,7060
29360,8643
29361,7708
29362,10099
29363,5130
29364,8033
29365,11000
29366,9210
29367,9589
29368,7107
29369,4794
29370,15230
29371,10158
29372,9440
29373,18766
29374,10940
29375,8284
29376,7469
29377,10404
29378,11282
29379,11956
29380,12871
29381,6386
29382,8225
29383,6376
29384,9457
29385,4384
29386,12393
29387,6904
29388,6383
29389,6511
29390,10275
29391,8476
29392,6077
29393,7457
29394,5751
29395,5286
29396,7973
29397,4725
29398,5520
29399,6994
29400,7249
29401,10583
29402,9475
29403,8064
29404,7246
29405,5875
29406,12523
29407,8046
29408,6046
29409,6252
29410,5730
29411,9969
29412,4789
29413,10947
29414,7991
29415,3793
29416,5407
29417,8245
29418,6942
29419,5956
29420,9471
29421,10839
29422,12480
29423,6852
29424,10975
29425,3221
29426,5962
29427,7237
29428,6169
29429,7833
29430,5960
29431,7330
29432,5163
29433,5842
29434,11516
29435,8382
29436,5708
29437,5591
29438,9162
29439,11844
29440,10502
29441,6212
29442,5907
29443,10503
29444,6687
29445,7990
29446,6589
29447,5983
29448,7960
29449,10881
29450,4428
29451,5029
29452,5478
29453,6668
29454,10447
29455,8916
29456,8456
29457,14698
29458,5938
29459,11899
29460,13030
29461,7644
29462,5982
29463,4024
29464,8597
29465,6643
29466,6689
29467,7096
29468,7867
29469,12274
29470,5787
29471,6652
29472,7926
29473,5975
29474,8422
29475,5774
29476,5243
29477,8212
29478,3752
29479,9098
29480,8612
29481,7695
29482,8454
29483,9755
29484,8756
29485,6546
29486,8185
29487,9616
29488,7028
29489,6070
29490,6254
29491,5452
29492,11295
29493,8519
29494,7466
29495,5694
29496,7819
29497,9533
29498,8043
29499,6914
29500,8653
29501,6173
29502,6975
29503,18625
29504,7002
29505,9701
29506,7233
29507,6454
29508,6685
29509,5953
29510,4608
29511,6427
29512,9540
29513,13916
29514,9290
29515,10043
29516,12038
29517,11566
29518,12071
29519,9105
29520,6843
29521,5422
29522,11222
29523,11589
29524,8445
29525,9030
29526,8932
29527,6754
29528,4624
29529,11061
29530,7718
29531,7207
29532,6795
29533,3337
29534,14555
29535,13041
29536,15736
29537,6707
29538,5820
29539,5365
29540,6676
29541,7383
29542,9134
29543,7398
29544,5577
29545,5419
29546,8405
29547,4406
29548,3637
29549,7060
29550,14678
29551,7632
29552,19136
29553,5129
29554,6479
29555,7167
29556,6455
29557,5793
29558,5746
29559,4889
29560,4654
29561,8835
29562,7589
29563,4352
29564,9598
29565,6347
29566,7828
29567,5284
29568,10875
29569,8602
29570,10524
29571,6032
29572,7887
29573,4544
29574,5526
29575,5602
29576,15550
29577,11149
29578,7445
29579,6282
29580,5774
29581,6351
29582,5405
29583,11928
29584,4901
29585,14894
29586,4998
29587,5574
29588,6247
29589,10028
29590,8229
29591,5322
29592,7295
29593,8258
29594,8233
29595,8115
29596,6365
29597,4601
29598,11467
29599,5266
29600,4572
29601,6104
29602,7371
29603,6638
29604,6694
29605,9748
29606,9301
29607,7219
29608,7722
29609,4869
29610,9068
29611,6418
29612,5119
29613,7342
29614,7641
29615,6973
29616,10551
29617,7231
29618,7412
29619,7236
29620,6875
29621,6670
29622,8253
29623,7572
29624,7965
29625,7213
29626,6666
29627,10158
29628,6921
29629,5001
29630,12822
29631,6393
29632,3778
29633,8388
29634,9232
29635,11263
29636,5564
29637,6951
29638,7287
29639,4204
29640,6676
29641,7748
29642,8163
29643,6550
29644,7457
29645,9590
29646,3722
29647,7140
29648,6711
29649,6290
29650,5893
29651,7681
29652,9641
29653,6035
29654,5590
29655,9150
29656,8127
29657,9716
29658,9661
29659,5359
29660,7309
29661,7372
29662,9152
29663,8744
29664,8808
29665,5352
29666,9903
29667,8195
29668,8079
29669,10345
29670,5062
29671,4370
29672,13224
29673,9600
29674,9179
29675,6741
29676,7477
29677,9280
29678,4375
29679,7935
29680,6094
29681,8965
29682,7699
29683,7886
29684,8765
29685,6865
29686,9676
29687,11905
29688,17254
29689,8174
29690,5657
29691,6705
29692,4936
29693,3603
29694,11970
29695,8634
29696,6091
29697,9226
29698,6343
29699,11748
29700,5454
29701,7209
29702,6724
29703,10279
29704,5880
29705,6979
29706,6185
29707,6099
29708,7339
29709,5782
29710,8056
29711,8411
29712,10660
29713,9007
29714,7789
29715,6740
29716,12738
29717,5297
29718,6014
29719,11293
29720,7768
29721,10152
29722,8122
29723,15863
29724,6602
29725,6018
29726,5694
29727,7187
29728,9499
29729,11727
29730,7929
29731,9393
29732,8593
29733,4444
29734,8106
29735,8743
29736,7807
29737,9031
29738,6606
29739,5462
29740,5806
29741,4295
29742,5956
29743,9419
29744,8740
29745,11519
29746,18057
29747,7411
29748,5555
29749,7986
29750,8034
29751,9862
29752,4818
29753,6899
29754,4616
29755,9850
29756,7272
29757,6814
29758,14858
29759,12729
29760,5338
29761,7709
29762,4587
29763,5855
29764,5942
29765,9431
29766,5527
29767,5089
29768,6252
29769,8467
29770,8308
29771,5165
29772,6589
29773,8004
29774,7314
29775,7875
29776,4011
29777,11242
29778,19084
29779,4008
29780,8031
29781,9315
29782,8283
29783,5606
29784,3702
29785,4975
29786,8480
29787,5733
29788,8516
29789,10035
29790,5248
29791,6190
29792,8048
29793,6987
29794,5408
29795,6607
29796,7805
29797,10013
29798,8797
29799,10312
29800,6461
29801,4282
29802,7140
29803,6304
29804,9858
29805,6988
29806,5275
29807,22472
29808,7599
29809,6627
29810,12378
29811,7678
29812,8037
29813,7286
29814,8190
29815,5358
29816,9672
29817,15003
29818,5804
29819,6202
29820,7012
29821,14306
29822,7317
29823,6225
29824,6958
29825,5717
29826,6769
29827,4805
29828,9614
29829,4621
29830,7869
29831,3046
29832,20631
29833,9748
29834,4727
29835,5298
29836,10815
29837,7042
29838,7598
29839,9055
29840,7076
29841,5613
29842,5339
29843,10300
29844,6479
29845,6738
29846,7889
29847,8063
29848,5586
29849,7968
29850,6947
29851,4222
29852,9092
29853,9757
29854,4978
29855,8336
29856,8140
29857,5790
29858,10354
29859,6577
29860,7598
29861,7522
29862,8632
29863,4042
29864,5643
29865,5890
29866,0
29867,6919
29868,9310
29869,4475
29870,8551
29871,4870
29872,6382
29873,4851
29874,6812
29875,6363
29876,7629
29877,8005
29878,9683
29879,4951
29880,6881
29881,7760
29882,9006
29883,7074
29884,8729
29885,10235
29886,7549
29887,3651
29888,8198
29889,5994
29890,6594
29891,7858
29892,4502
29893,11819
29894,6277
29895,7233
29896,11425
29897,7389
29898,5082
29899,0
29900,6652
29901,10482
29902,5994
29903,9716
29904,10713
29905,6958
29906,5707
29907,7312
29908,6050
29909,6287
29910,6541
29911,10031
29912,7503
29913,5839
29914,5176
29915,6842
29916,8291
29917,7261
29918,8984
29919,6795
29920,7227
29921,5630
29922,8277
29923,7899
29924,7427
29925,6908
29926,6943
29927,8669
29928,10220
29929,5908
29930,8559
29931,5835
29932,7372
29933,8064
29934,7171
29935,4862
29936,4781
29937,7699
29938,8920
29939,6321
29940,6365
29941,8951
29942,6256
29943,6323
29944,7205
29945,5822
29946,3719
29947,8982
29948,4380
29949,8064
29950,8145
29951,6913
29952,7453
29953,12867
29954,9677
29955,8685
29956,5115
29957,9479
29958,8102
29959,4414
29960,3594
29961,8968
29962,3779
29963,8039
29964,12596
29965,8851
29966,7325
29967,5361
29968,7993
29969,7591
29970,6993
29971,8121
29972,8878
29973,9628
29974,6838
29975,8750
29976,5389
29977,7742
29978,5482
29979,5912
29980,7235
29981,5873
29982,5871
29983,8805
29984,5470
29985,10642
29986,7722
29987,6069
29988,4942
29989,10796
29990,7983
29991,7010
29992,7430
29993,7789
29994,6219
29995,6407
29996,7256
29997,7955
29998,6406
29999,5353
30000,10168
30001,7513
30002,6657
30003,4089
30004,12051
30005,7474
30006,6101
30007,7519
30008,11519
30009,9629
30010,8700
30011,9590
30012,7913
30013,6334
30014,6934
30015,8058
30016,10135
30017,13598
30018,5750
30019,6019
30020,4218
30021,5198
30022,10014
30023,16119
30024,7312
30025,5734
30026,5928
30027,7347
30028,6366
30029,10562
30030,9810
30031,6642
30032,4675
30033,8103
30034,6593
30035,10706
30036,10332
30037,5597
30038,8547
30039,4465
30040,8196
30041,9079
30042,7830
30043,9698
30044,7315
30045,8383
30046,4991
30047,7708
30048,7859
30049,9560
30050,8259
30051,8911
30052,7194
30053,5147
30054,10455
30055,4800
30056,11086
30057,7020
30058,4989
30059,6772
30060,7767
30061,7194
30062,8167
30063,9428
30064,6056
30065,11447
30066,4695
30067,5189
30068,8341
30069,9606
30070,10930
30071,7263
30072,7535
30073,5996
30074,7037
30075,8364
30076,7044
30077,7559
30078,6034
30079,10688
30080,7418
30081,9176
30082,12256
30083,9392
30084,5071
30085,5235
30086,6577
30087,11294
30088,5731
30089,9057
30090,5822
30091,11680
30092,7199
30093,6319
30094,6044
30095,5986
30096,5974
30097,7166
30098,6793
30099,5503
30100,5752
30101,5053
30102,9538
30103,7567
30104,21747
30105,7694
30106,4456
30107,4794
30108,7599
30109,9564
30110,5095
30111,5043
30112,9980
30113,6571
30114,7608
30115,6309
30116,7603
30117,8417
30118,5305
30119,6046
30120,7879
30121,8676
30122,6371
30123,7811
30124,7314
30125,8315
30126,6931
30127,5297
30128,6273
30129,10546
30130,10189
30131,7271
30132,10343
30133,4818
30134,8181
30135,3799
30136,6183
30137,4731
30138,8090
30139,8113
30140,11859
30141,10013
30142,6956
30143,6241
30144,5245
30145,4319
30146,6545
30147,10768
30148,6883
30149,5857
30150,6080
30151,6247
30152,8103
30153,3680
30154,8735
30155,5096
30156,8449
30157,7706
30158,5775
30159,8141
30160,5388
30161,8669
30162,8560
30163,7893
30164,5844
30165,9054
30166,5411
30167,6755
30168,7753
30169,12320
30170,5662
30171,7098
30172,8582
30173,7731
30174,9670
30175,7513
30176,9893
30177,5113
30178,4786
30179,5869
30180,6617
30181,10216
30182,8919
30183,3904
30184,6219
30185,8651
30186,7983
30187,10301
30188,4131
30189,12906
30190,7484
30191,4847
30192,6043
30193,6315
30194,6684
30195,8299
30196,5009
30197,6463
30198,7114
30199,8021
30200,6930
30201,5412
30202,7378
30203,6044
30204,6206
30205,8545
30206,8218
30207,7182
30208,5067
30209,10215
30210,5874
30211,9193
30212,7801
30213,13190
30214,7089
30215,4435
30216,8062
30217,6375
30218,6291
30219,5348
30220,8885
30221,7332
30222,4016
30223,8590
30224,6181
30225,8157
30226,4671
30227,8369
30228,8028
30229,5353
30230,11834
30231,5749
30232,5980
30233,8836
30234,9581
30235,5600
30236,4455
30237,7953
30238,6112
30239,5005
30240,7046
30241,6207
30242,8867
30243,8042
30244,7685
30245,7882
30246,5929
30247,4653
30248,6813
30249,8568
30250,7691
30251,8918
30252,8373
30253,9116
30254,6327
30255,9267
30256,7543
30257,5744
30258,7252
30259,9837
30260,7940
30261,6955
30262,9917
30263,9003
30264,8725
30265,6504
30266,7300
30267,8862
30268,6859
30269,7579
30270,4395
30271,5538
30272,9412
30273,8385
30274,6373
30275,4325
30276,8792
30277,6997
30278,8173
30279,6784
30280,6250
30281,5240
30282,3963
30283,10859
30284,7102
30285,7436
30286,7348
30287,6226
30288,4988
30289,6536
30290,7991
30291,4553
30292,6960
30293,5630
30294,9145
30295,8624
30296,7050
30297,13917
30298,5236
30299,5504
30300,10985
30301,5203
30302,7707
30303,3434
30304,9202
30305,7851
30306,5915
30307,7040
30308,6561
30309,6183
30310,6848
30311,7786
30312,10879
30313,3297
30314,7269
30315,3578
30316,13631
30317,4924
30318,9086
30319,10330
30320,7326
30321,7048
30322,5168
30323,5224
30324,3227
30325,4781
30326,6666
30327,5324
30328,7796
30329,8140
30330,5238
30331,7422
30332,6570
30333,8591
30334,10655
30335,8149
30336,5716
30337,4587
30338,10103
30339,11356
30340,6219
30341,7783
30342,4860
30343,7415
30344,5749
30345,5222
30346,6867
30347,4699
30348,7288
30349,5615
30350,9364
30351,7445
30352,9147
30353,7701
30354,6059
30355,9912
30356,18894
30357,10447
30358,5366
30359,3557
30360,6309
30361,7924
30362,5401
30363,6568
30364,14582
30365,6347
30366,13058
30367,20651
30368,4663
30369,6968
30370,5749
30371,4193
30372,7898
30373,5690
30374,7974
30375,9807
30376,8436
30377,7457
30378,7698
30379,5098
30380,7564
30381,3990
30382,7200
30383,7314
30384,11224
30385,6922
30386,6555
30387,4743
30388,7990
30389,6066
30390,6062
30391,4144
30392,8720
30393,6367
30394,6865
30395,7318
30396,8049
30397,0
30398,6410
30399,6384
30400,6132
30401,7427
30402,8115
30403,10326
30404,8649
30405,8403
30406,6162
30407,4568
30408,6721
30409,6784
30410,6954
30411,4881
30412,3137
30413,8916
30414,6997
30415,10629
30416,7000
30417,6281
30418,7479
30419,5051
30420,4778
30421,10561
30422,6447
30423,7965
30424,8444
30425,13534
30426,6274
30427,5209
30428,8366
30429,5064
30430,5929
30431,6440
30432,7518
30433,4593
30434,8083
30435,4450
30436,5783
30437,3593
30438,10391
30439,5723
30440,14544
30441,14214
30442,5865
30443,7803
30444,5727
30445,7380
30446,5671
30447,12530
30448,8584
30449,9890
30450,4722
30451,7625
30452,5803
30453,9556
30454,8465
30455,8102
30456,6528
30457,7134
30458,7366
30459,9085
30460,9008
30461,6719
30462,7509
30463,9958
30464,7043
30465,7629
30466,6917
30467,9465
30468,7203
30469,5833
30470,5964
30471,6388
30472,5945
30473,11114
30474,7139
30475,8103
30476,7466
30477,9578
30478,5193
30479,7520
30480,9751
30481,8422
30482,8756
30483,6433
30484,4455
30485,14069
30486,8907
30487,8847
30488,17775
30489,8741
30490,8480
30491,7323
30492,9457
30493,10357
30494,11170
30495,12390
30496,6015
30497,7340
30498,5959
30499,10349
30500,4103
30501,9865
30502,6174
30503,6028
30504,6706
30505,8688
30506,7775
30507,5621
30508,7539
30509,5796
30510,4779
30511,8025
30512,4661
30513,5537
30514,6373
30515,7094
30516,10838
30517,10100
30518,7505
30519,7581
30520,5763
30521,11217
30522,7082
30523,5943
30524,5595
30525,5528
30526,9846
30527,4563
30528,12443
30529,7536
30530,3606
30531,4988
30532,7924
30533,6999
30534,6499
30535,9802
30536,10209
30537,11742
30538,6369
30539,11733
30540,3159
30541,5666
30542,7188
30543,6080
30544,7554
30545,6759
30546,7205
30547,5391
30548,5578
30549,11921
30550,8605
30551,4941
30552,5239
30553,9042
30554,10750
30555,8694
30556,6260
30557,5370
30558,10135
30559,6005
30560,8237
30561,5732
30562,6280
30563,8068
30564,9052
30565,3899
30566,5100
30567,4761
30568,5908
30569,10115
30570,9071
30571,8758
30572,12236
30573,5693
30574,11615
30575,12510
30576,7758
30577,5627
30578,3708
30579,8060
30580,6035
30581,6260
30582,6984
30583,7176
30584,11067
30585,4992
30586,6403
30587,7592
30588,4746
30589,8842
30590,5809
30591,4500
30592,7724
30593,3733
30594,7603
30595,8531
30596,8067
30597,8479
30598,9035
30599,8113
30600,6544
30601,7873
30602,10062
30603,7107
30604,6385
30605,6584
30606,5372
30607,10857
30608,7703
30609,6407
30610,5713
30611,7212
30612,8808
30613,7424
30614,7023
30615,8748
30616,5884
30617,7317
30618,16359
30619,7046
30620,9729
30621,6058
30622,6622
30623,6992
30624,5818
30625,4497
30626,6031
30627,9974
30628,13699
30629,8629
30630,10063
30631,10182
30632,11518
30633,11732
30634,8752
30635,6665
30636,5137
30637,10500
30638,11671
30639,9111
30640,7921
30641,8784
30642,6816
30643,4213
30644,11476
30645,7530
30646,6559
30647,6925
30648,3230
30649,12789
30650,11292
30651,13867
30652,6346
30653,5648
30654,5630
30655,6572
30656,6538
30657,8819
30658,7709
30659,5338
30660,5360
30661,7354
30662,3937
30663,3294
30664,5937
30665,14012
30666,7707
30667,19056
30668,4400
30669,6104
30670,6856
30671,6367
30672,5131
30673,6019
30674,4604
30675,4056
30676,9518
30677,7339
30678,4557
30679,10366
30680,6399
30681,7055
30682,4955
30683,10677
30684,7933
30685,9343
30686,5627
30687,7579
30688,4446
30689,5593
30690,4964
30691,14845
30692,11703
30693,7138
30694,5895
30695,5966
30696,6867
30697,4434
30698,9129
30699,4502
30700,14059
30701,4634
30702,5324
30703,6056
30704,10258
30705,8002
30706,5574
30707,6874
30708,7643
30709,7776
30710,8745
30711,5911
30712,4191
30713,9427
30714,5089
30715,4180
30716,6218
30717,7775
30718,6087
30719,6507
30720,9480
30721,9104
30722,7328
30723,7970
30724,4721
30725,9390
30726,5999
30727,4915
30728,7515
30729,7305
30730,6565
30731,9504
30732,7182
30733,6715
30734,7347
30735,6153
30736,6036
30737,7585
30738,8272
30739,7118
30740,6538
30741,7074
30742,9928
30743,7149
30744,4794
30745,12342
30746,5738
30747,3501
30748,8126
30749,9846
30750,10697
30751,5379
30752,6646
30753,7210
30754,4358
30755,7069
30756,7378
30757,7190
30758,6429
30759,6737
30760,8831
30761,3686
30762,6300
30763,6224
30764,5591
30765,5708
30766,7688
30767,9343
30768,6408
30769,5340
30770,8596
30771,8310
30772,9077
30773,9332
30774,5831
30775,7311
30776,7467
30777,8574
30778,8943
30779,8638
30780,3789
30781,10165
30782,7994
30783,7560
30784,10527
30785,4647
30786,4206
30787,11937
30788,8649
30789,9267
30790,6188
30791,6518
30792,9223
30793,4153
30794,7846
30795,5671
30796,8789
30797,6482
30798,7781
30799,9071
30800,6129
30801,9769
30802,11513
30803,16224
30804,7737
30805,5193
30806,6627
30807,4924
30808,3477
30809,11306
30810,7946
30811,6697
30812,8781
30813,6282
30814,10337
30815,5508
30816,7093
30817,6971
30818,9125
30819,6073
30820,6762
30821,6203
30822,5477
30823,7520
30824,5373
30825,7677
30826,8284
30827,9625
30828,8786
30829,7230
30830,6359
30831,11285
30832,5164
30833,6064
30834,11435
30835,7342
30836,9507
30837,7850
30838,15922
30839,5960
30840,5636
30841,5478
30842,6266
30843,9003
30844,11800
30845,8300
30846,8377
30847,8111
30848,4403
30849,7996
30850,7718
30851,7404
30852,8794
30853,6013
30854,5419
30855,5805
30856,4080
30857,5081
30858,8932
30859,7292
30860,11386
30861,17534
30862,7647
30863,5153
30864,7706
30865,7902
30866,9278
30867,4741
30868,6595
30869,4562
30870,9273
30871,7613
30872,6922
30873,13594
30874,12723
30875,4814
30876,7614
30877,4531
30878,5743
30879,5393
30880,9800
30881,4868
30882,5229
30883,6023
30884,7633
30885,6539
30886,4704
30887,6342
30888,7868
30889,7320
30890,7588
30891,3522
30892,10983
30893,17919
30894,4053
30895,8336
30896,8563
30897,7767
30898,5209
30899,3359
30900,4807
30901,7885
30902,5588
30903,7589
30904,9373
30905,5011
30906,5798
30907,7645
30908,6791
30909,5576
30910,6497
30911,7669
30912,10475
30913,7987
30914,9870
30915,6703
30916,3966
30917,6379
30918,6266
30919,9470
30920,6849
30921,4796
30922,21278
30923,7495
30924,6255
30925,12171
30926,7403
30927,7580
30928,6856
30929,7596
30930,5326
30931,9268
30932,14533
30933,5514
30934,6061
30935,6580
30936,12472
30937,7672
30938,6134
30939,6444
30940,5822
30941,6008
30942,4854
30943,8853
30944,4136
30945,7181
30946,3156
30947,20915
30948,9243
30949,4323
30950,5447
30951,10592
30952,6456
30953,7594
30954,8762
30955,6534
30956,5938
30957,4783
30958,10236
30959,6174
30960,6709
30961,7439
30962,8171
30963,5224
30964,8150
30965,7019
30966,4090
30967,8483
30968,10404
30969,4832
30970,8110
30971,8173
30972,5956
30973,11032
30974,5662
30975,7282
30976,7740
30977,8554
30978,3854
30979,5213
30980,5828
30981,0
30982,6336
30983,9218
30984,4479
30985,8665
30986,4234
30987,6258
30988,4727
30989,6796
30990,5953
30991,7287
30992,7928
30993,9304
30994,4869
30995,6871
30996,7091
30997,8689
30998,6542
30999,9581
31000,10549
31001,6762
31002,3869
31003,7151
31004,5678
31005,6543
31006,7305
31007,4267
31008,12471
31009,6188
31010,6479
31011,11101
31012,7108
31013,4753
31014,0
31015,6482
31016,10299
31017,5444
31018,8881
31019,9280
31020,7770
31021,5430
31022,7165
31023,5774
31024,6012
31025,6755
31026,9036
31027,7893
31028,5406
31029,4980
31030,7536
31031,8066
31032,6299
31033,8408
31034,6241
31035,6667
31036,5167
31037,8588
31038,7308
31039,7288
31040,6309
31041,6643
31042,8916
31043,9719
31044,6196
31045,8272
31046,5487
31047,7226
31048,7896
31049,6261
31050,4541
31051,4640
31052,7842
31053,8980
31054,5761
31055,6446
31056,8666
31057,6662
31058,5765
31059,6355
31060,5531
31061,3141
31062,8426
31063,4160
31064,7776
31065,7971
31066,7147
31067,7401
31068,10715
31069,9837
31070,7939
31071,5112
31072,8043
31073,7224
31074,4289
31075,3277
31076,7998
31077,3758
31078,7429
31079,12308
31080,8035
31081,7246
31082,5080
31083,7636
31084,7391
31085,6493
31086,7593
31087,8578
31088,8669
31089,6700
31090,9076
31091,5238
31092,7364
31093,4809
31094,5879
31095,7462
31096,6008
31097,5643
31098,7869
31099,5477
31100,10572
31101,7146
31102,5636
31103,4802
31104,10522
31105,8291
31106,5938
31107,6801
31108,7819
31109,6460
31110,6095
31111,6482
31112,7833
31113,6049
31114,5127
31115,9708
31116,7082
31117,6770
31118,3756
31119,11839
31120,7180
31121,6063
31122,6429
31123,11241
31124,9930
31125,9018
31126,10142
31127,7159
31128,5943
31129,6454
31130,7822
31131,10426
31132,13433
31133,5437
31134,5275
31135,3782
31136,4908
31137,9805
31138,14895
31139,6459
31140,5019
31141,5778
31142,6216
31143,6566
31144,10092
31145,8952
31146,6761
31147,4053
31148,8265
31149,6542
31150,9623
31151,9931
31152,5378
31153,7963
31154,4161
31155,8731
31156,8729
31157,7562
31158,8667
31159,6563
31160,7830
31161,5187
31162,7068
31163,7917
31164,8985
31165,7763
31166,9004
31167,6879
31168,4789
31169,9804
31170,4818
31171,10874
31172,7191
31173,5089
31174,6003
31175,7062
31176,6398
31177,7867
31178,8925
31179,5583
31180,11581
31181,4219
31182,4751
31183,8235
31184,9436
31185,11260
31186,6572
31187,6314
31188,6009
31189,6405
31190,7807
31191,6296
31192,7226
31193,5637
31194,10770
31195,6654
31196,8943
31197,12241
31198,8963
31199,5185
31200,4787
31201,6355
31202,11253
31203,5502
31204,8648
31205,5380
31206,10760
31207,7049
31208,6345
31209,5989
31210,5292
31211,5280
31212,6889
31213,6054
31214,5307
31215,5206
31216,4817
31217,9345
31218,6634
31219,21525
31220,8066
31221,4270
31222,2698
31223,3925
31224,8908
31225,1977
31226,2731
31227,6630
31228,3488
31229,6108
31230,5145
31231,5329
31232,5777
31233,4619
31234,3451
31235,5765
31236,5301
31237,2618
31238,4449
31239,4287
31240,6461
31241,4948
31242,3625
31243,4499
31244,7389
31245,7669
31246,5156
31247,6769
31248,1990
31249,7045
31250,3023
31251,5485
31252,2588
31253,7312
31254,6970
31255,8840
31256,9486
31257,6265
31258,5987
31259,2885
31260,4284
31261,6270
31262,7547
31263,3799
31264,3463
31265,5506
31266,4975
31267,5504
31268,2248
31269,7724
31270,4216
31271,7959
31272,6136
31273,3509
31274,7900
31275,2847
31276,9076
31277,5486
31278,6814
31279,2478
31280,5108
31281,4394
31282,3522
31283,6886
31284,9961
31285,3009
31286,6169
31287,5475
31288,8160
31289,7027
31290,5930
31291,6175
31292,2586
31293,2423
31294,4045
31295,6246
31296,8683
31297,7672
31298,2208
31299,4217
31300,8391
31301,8831
31302,4980
31303,3012
31304,10008
31305,5117
31306,3376
31307,3925
31308,2256
31309,4986
31310,6342
31311,3590
31312,5186
31313,2983
31314,5343
31315,3470
31316,1908
31317,4111
31318,5010
31319,5874
31320,9102
31321,6864
31322,4981
31323,3934
31324,10562
31325,3423
31326,5810
31327,7829
31328,13119
31329,5035
31330,3227
31331,6622
31332,5775
31333,6621
31334,4573
31335,10222
31336,5522
31337,2095
31338,8034
31339,4603
31340,5837
31341,2253
31342,8709
31343,3292
31344,2646
31345,7795
31346,3992
31347,5163
31348,7632
31349,7745
31350,4338
31351,4008
31352,7478
31353,3247
31354,3001
31355,6658
31356,4910
31357,6789
31358,3019
31359,4687
31360,6247
31361,4259
31362,2859
31363,5202
31364,6279
31365,6201
31366,6888
31367,7125
31368,6772
31369,4238
31370,7462
31371,5129
31372,3000
31373,3426
31374,8227
31375,7050
31376,2788
31377,6489
31378,9337
31379,6910
31380,4755
31381,6375
31382,7256
31383,5418
31384,4615
31385,3038
31386,4921
31387,4733
31388,4754
31389,5280
31390,2710
31391,5207
31392,7040
31393,5706
31394,6897
31395,5866
31396,2734
31397,1533
31398,6376
31399,5268
31400,6502
31401,3584
31402,5282
31403,4293
31404,4931
31405,5009
31406,3839
31407,4331
31408,4697
31409,6991
31410,6868
31411,7232
31412,14417
31413,4101
31414,4753
31415,9449
31416,3277
31417,5045
31418,838
31419,7992
31420,6275
31421,5199
31422,6555
31423,5077
31424,4987
31425,5044
31426,4341
31427,7823
31428,2847
31429,6253
31430,2750
31431,8385
31432,3506
31433,7131
31434,9297
31435,6358
31436,5407
31437,4362
31438,2181
31439,1619
31440,3312
31441,5784
31442,3005
31443,4898
31444,7096
31445,3640
31446,5368
31447,4363
31448,7727
31449,7877
31450,7284
31451,5204
31452,3125
31453,8486
31454,8720
31455,3596
31456,4288
31457,3665
31458,4739
31459,4814
31460,3770
31461,5616
31462,3330
31463,4984
31464,4005
31465,8907
31466,5321
31467,7120
31468,6425
31469,4843
31470,8532
31471,15078
31472,7893
31473,3266
31474,3431
31475,5858
31476,6292
31477,2762
31478,5002
31479,10020
31480,5695
31481,6411
31482,17190
31483,5145
31484,5068
31485,2946
31486,2058
31487,10041
31488,3403
31489,5167
31490,8259
31491,2467
31492,3601
31493,5674
31494,4037
31495,6729
31496,1851
31497,5285
31498,5049
31499,10304
31500,5861
31501,5865
31502,2924
31503,8030
31504,5659
31505,6640
31506,1564
31507,9244
31508,5209
31509,6078
31510,3921
31511,4158
31512,0
31513,4192
31514,3671
31515,5600
31516,4540
31517,4843
31518,8501
31519,9534
31520,7548
31521,3922
31522,4262
31523,4561
31524,4510
31525,6697
31526,3103
31527,1352
31528,6229
31529,4963
31530,8129
31531,5307
31532,4365
31533,4270
31534,3066
31535,2703
31536,7988
31537,5979
31538,4468
31539,5183
31540,10633
31541,5689
31542,1950
31543,7514
31544,1880
31545,3435
31546,5850
31547,5238
31548,2364
31549,3989
31550,3645
31551,3613
31552,1600
31553,7699
31554,4282
31555,9170
31556,10067
31557,5790
31558,5467
31559,4105
31560,4898
31561,4531
31562,11891
31563,5766
31564,6649
31565,3167
31566,5269
31567,5527
31568,8714
31569,8304
31570,6806
31571,4861
31572,6386
31573,5267
31574,7779
31575,6310
31576,6666
31577,5305
31578,8456
31579,6887
31580,4575
31581,5134
31582,7840
31583,5555
31584,3358
31585,5504
31586,3155
31587,4815
31588,8372
31589,7150
31590,6903
31591,6014
31592,7309
31593,4784
31594,4173
31595,3940
31596,5469
31597,6163
31598,5688
31599,3459
31600,11052
31601,4743
31602,5182
31603,15493
31604,5100
31605,7690
31606,5631
31607,6340
31608,7490
31609,7391
31610,9307
31611,2600
31612,4033
31613,5023
31614,8729
31615,2472
31616,5017
31617,3802
31618,4979
31619,5417
31620,5184
31621,3337
31622,5286
31623,4426
31624,3049
31625,2981
31626,7488
31627,4243
31628,4974
31629,5533
31630,4912
31631,9808
31632,11471
31633,5237
31634,7397
31635,5298
31636,9260
31637,4395
31638,2581
31639,3705
31640,5288
31641,11083
31642,3821
31643,9205
31644,6793
31645,1918
31646,3388
31647,6099
31648,6259
31649,5371
31650,9252
31651,8168
31652,7236
31653,4311
31654,12022
31655,1964
31656,3511
31657,7264
31658,3711
31659,5135
31660,3757
31661,6517
31662,4664
31663,3479
31664,12044
31665,9716
31666,2269
31667,5034
31668,5100
31669,7393
31670,9505
31671,4975
31672,2836
31673,10118
31674,1922
31675,9007
31676,3859
31677,5668
31678,9539
31679,5502
31680,1617
31681,4724
31682,2315
31683,3360
31684,10557
31685,7955
31686,3997
31687,10902
31688,6955
31689,9380
31690,10592
31691,7054
31692,4116
31693,1967
31694,4380
31695,5729
31696,2615
31697,6060
31698,4318
31699,6664
31700,2229
31701,5552
31702,7556
31703,1672
31704,9012
31705,5734
31706,2522
31707,6795
31708,3327
31709,2801
31710,9583
31711,6781
31712,7124
31713,7431
31714,5613
31715,4810
31716,6019
31717,6765
31718,7872
31719,5560
31720,6995
31721,3895
31722,8342
31723,5386
31724,5964
31725,3956
31726,4359
31727,7587
31728,5308
31729,4177
31730,4814
31731,5281
31732,5209
31733,14212
31734,5146
31735,9424
31736,4180
31737,3635
31738,6129
31739,5464
31740,3374
31741,4888
31742,8878
31743,12456
31744,7502
31745,8928
31746,6285
31747,9918
31748,7698
31749,7368
31750,7835
31751,4010
31752,9681
31753,7795
31754,6922
31755,4762
31756,4830
31757,4983
31758,2415
31759,12191
31760,6614
31761,5005
31762,5135
31763,1464
31764,7935
31765,7330
31766,11118
31767,5955
31768,4409
31769,3559
31770,6138
31771,4871
31772,4040
31773,9839
31774,4367
31775,4352
31776,4847
31777,3115
31778,2279
31779,2283
31780,12446
31781,4533
31782,12795
31783,3664
31784,5448
31785,4562
31786,3782
31787,2866
31788,5935
31789,3091
31790,2585
31791,10000
31792,5505
31793,2701
31794,8431
31795,2683
31796,5064
31797,3484
31798,10491
31799,6763
31800,8241
31801,2461
31802,4998
31803,2460
31804,4772
31805,3472
31806,14194
31807,11709
31808,5081
31809,2894
31810,5827
31811,4280
31812,2248
31813,7464
31814,2214
31815,11622
31816,4087
31817,4848
31818,5446
31819,10124
31820,6541
31821,5054
31822,4977
31823,5761
31824,6694
31825,6652
31826,3719
31827,1291
31828,4169
31829,2882
31830,2696
31831,5871
31832,6805
31833,5049
31834,4662
31835,7902
31836,5155
31837,3051
31838,7979
31839,2480
31840,9687
31841,4358
31842,2842
31843,4127
31844,3960
31845,4386
31846,6416
31847,7072
31848,3733
31849,5595
31850,2459
31851,4578
31852,7599
31853,8787
31854,3510
31855,2111
31856,4955
31857,7602
31858,6155
31859,2384
31860,10465
31861,3295
31862,2958
31863,5425
31864,10323
31865,8988
31866,4479
31867,4295
31868,5518
31869,1556
31870,6555
31871,6268
31872,4350
31873,4114
31874,2667
31875,7676
31876,2993
31877,3884
31878,3658
31879,3518
31880,2955
31881,6958
31882,6710
31883,5489
31884,3328
31885,4743
31886,7613
31887,7673
31888,6844
31889,5044
31890,5447
31891,5767
31892,7250
31893,6882
31894,4878
31895,1841
31896,6681
31897,6173
31898,5477
31899,7349
31900,5511
31901,2785
31902,7576
31903,4800
31904,9958
31905,2549
31906,2589
31907,8321
31908,1626
31909,5264
31910,4047
31911,7202
31912,3262
31913,4339
31914,9065
31915,2471
31916,5755
31917,8618
31918,13751
31919,6381
31920,2396
31921,5271
31922,3809
31923,2055
31924,7465
31925,4481
31926,6297
31927,4670
31928,4736
31929,5443
31930,5020
31931,5183
31932,4781
31933,7753
31934,5073
31935,2313
31936,5858
31937,3503
31938,5139
31939,5727
31940,5887
31941,7507
31942,8016
31943,8286
31944,5381
31945,5055
31946,5570
31947,2989
31948,5755
31949,7854
31950,6294
31951,6341
31952,7915
31953,13594
31954,3015
31955,3234
31956,4719
31957,3704
31958,8052
31959,10053
31960,7815
31961,7461
31962,6734
31963,2028
31964,7992
31965,3172
31966,6397
31967,5779
31968,4849
31969,2138
31970,5085
31971,2976
31972,2952
31973,6485
31974,4035
31975,8112
31976,15569
31977,5408
31978,3298
31979,4207
31980,8166
31981,6066
31982,4013
31983,5597
31984,2256
31985,6271
31986,7063
31987,3467
31988,10374
31989,11347
31990,2586
31991,5806
31992,3321
31993,3711
31994,3745
31995,9085
31996,3310
31997,4332
31998,4574
31999,2611
32000,2565
32001,2156
32002,5278
32003,5485
32004,4248
32005,6732
32006,1093
32007,7155
32008,14626
32009,3397
32010,8235
32011,6357
32012,4219
32013,3725
32014,2266
32015,3764
32016,4144
32017,5078
32018,2907
32019,8252
32020,4092
32021,4374
32022,5867
32023,4864
32024,5638
32025,4812
32026,5786
32027,10267
32028,4057
32029,6423
32030,6042
32031,3524
32032,3041
32033,4493
32034,5572
32035,6080
32036,3078
32037,12348
32038,5008
32039,4433
32040,12050
32041,4333
32042,6376
32043,4430
32044,5390
32045,5194
32046,6075
32047,15659
32048,2839
32049,5156
32050,3318
32051,8690
32052,6725
32053,4883
32054,3464
32055,3653
32056,2341
32057,2090
32058,6018
32059,1989
32060,3860
32061,1200
32062,20463
32063,7989
32064,2013
32065,4964
32066,5711
32067,5512
32068,5055
32069,8082
32070,4749
32071,5717
32072,2692
32073,7798
32074,5281
32075,4045
32076,5503
32077,8944
32078,4669
32079,8148
32080,5992
32081,3182
32082,5381
32083,7762
32084,2623
32085,8037
32086,6380
32087,4912
32088,9679
32089,3259
32090,4758
32091,8593
32092,5969
32093,2248
32094,5086
32095,3633
32096,0
32097,5158
32098,5302
32099,3562
32100,5887
32101,2105
32102,5142
32103,2770
32104,5711
32105,4945
32106,4299
32107,5944
32108,8733
32109,2613
32110,5705
32111,5874
32112,3216
32113,5482
32114,5358
32115,8681
32116,6346
32117,3553
32118,1924
32119,2015
32120,5680
32121,4621
32122,3696
32123,12165
32124,5343
32125,5050
32126,8646
32127,5746
32128,2347
32129,17012
32130,4045
32131,7826
32132,6099
32133,7174
32134,5903
32135,8023
32136,4694
32137,3757
32138,2741
32139,3643
32140,6174
32141,3794
32142,7228
32143,4545
32144,2626
32145,7335
32146,6522
32147,4075
32148,6286
32149,4464
32150,6157
32151,4013
32152,4927
32153,3454
32154,4403
32155,3394
32156,5301
32157,7337
32158,8203
32159,5610
32160,5007
32161,4312
32162,6240
32163,6657
32164,6853
32165,2839
32166,2923
32167,8323
32168,6417
32169,2870
32170,3978
32171,6796
32172,6504
32173,2409
32174,5165
32175,4444
32176,1647
32177,4751
32178,2686
32179,3989
32180,6325
32181,5319
32182,4598
32183,3672
32184,8095
32185,6332
32186,3287
32187,4988
32188,5077
32189,3003
32190,1270
32191,6785
32192,1445
32193,5347
32194,9862
32195,5272
32196,4071
32197,3155
32198,4937
32199,4659
32200,4369
32201,5001
32202,5473
32203,7111
32204,5392
32205,8287
32206,3274
32207,3715
32208,4461
32209,3720
32210,5100
32211,5993
32212,3290
32213,4779
32214,2473
32215,6947
32216,3799
32217,4192
32218,3917
32219,4881
32220,7382
32221,3161
32222,6138
32223,4068
32224,5326
32225,4754
32226,5117
32227,7326
32228,4394
32229,4005
32230,9515
32231,5634
32232,6584
32233,1734
32234,4116
32235,5058
32236,3751
32237,4263
32238,9456
32239,8173
32240,9377
32241,10181
32242,5496
32243,4677
32244,6055
32245,5985
32246,6793
32247,10304
32248,3207
32249,1759
32250,1494
32251,3672
32252,4512
32253,9604
32254,2293
32255,1793
32256,4855
32257,4781
32258,6057
32259,10411
32260,5983
32261,6116
32262,2451
32263,6749
32264,5774
32265,7942
32266,6667
32267,3096
32268,6370
32269,3111
32270,6572
32271,5294
32272,4737
32273,5656
32274,3832
32275,5972
32276,5080
32277,6671
32278,4423
32279,7584
32280,4788
32281,8691
32282,5018
32283,3378
32284,7212
32285,2965
32286,9485
32287,5942
32288,4788
32289,2987
32290,6657
32291,4577
32292,4048
32293,6104
32294,3971
32295,11508
32296,3063
32297,2799
32298,5518
32299,6144
32300,11018
32301,2250
32302,4102
32303,5977
32304,5800
32305,4443
32306,3167
32307,6290
32308,3105
32309,9506
32310,2534
32311,7129
32312,12534
32313,6576
32314,6185
32315,2913
32316,4623
32317,8156
32318,2538
32319,8270
32320,2531
32321,8374
32322,6458
32323,5509
32324,5696
32325,4147
32326,3193
32327,5335
32328,2108
32329,3897
32330,3023
32331,2598
32332,7009
32333,5565
32334,19804
32335,7248
32336,0
32337,0
32338,0
32339,0
32340,0
32341,0
32342,0
32343,0
32344,0
32345,0
32346,0
32347,0
32348,0
32349,0
32350,0
32351,0
32352,0
32353,0
32354,0
32355,0
32356,0
32357,0
32358,0
32359,0
32360,0
32361,0
32362,0
32363,0
32364,0
32365,0
32366,0
32367,0
32368,0
32369,0
32370,0
32371,0
32372,0
32373,0
32374,0
32375,0
32376,0
32377,0
32378,0
32379,0
32380,0
32381,0
32382,0
32383,0
32384,0
32385,0
32386,0
32387,0
32388,0
32389,0
32390,0
32391,0
32392,0
32393,0
32394,0
32395,0
32396,0
32397,0
32398,0
32399,0
32400,0
32401,0
32402,0
32403,0
32404,0
32405,0
32406,0
32407,0
32408,0
32409,0
32410,0
32411,0
32412,0
32413,0
32414,0
32415,0
32416,0
32417,0
32418,0
32419,0
32420,11500
32421,0
32422,0
32423,0
32424,0
32425,0
32426,0
32427,0
32428,0
32429,0
32430,0
32431,0
32432,0
32433,0
32434,0
32435,0
32436,0
32437,0
32438,0
32439,0
32440,0
32441,0
32442,0
32443,0
32444,0
32445,0
32446,0
32447,0
32448,0
32449,0
32450,0
32451,0
32452,0
32453,0
32454,0
32455,0
32456,0
32457,4218
32458,0
32459,0
32460,0
32461,0
32462,0
32463,0
32464,0
32465,0
32466,0
32467,0
32468,0
32469,0
32470,0
32471,0
32472,0
32473,0
32474,0
32475,0
32476,0
32477,0
32478,0
32479,0
32480,0
32481,0
32482,0
32483,0
32484,0
32485,0
32486,0
32487,0
32488,0
32489,0
32490,0
32491,0
32492,0
32493,0
32494,0
32495,0
32496,0
32497,0
32498,0
32499,0
32500,0
32501,0
32502,0
32503,0
32504,0
32505,0
32506,0
32507,0
32508,0
32509,0
32510,0
32511,0
32512,0
32513,0
32514,0
32515,0
32516,0
32517,0
32518,0
32519,0
32520,0
32521,0
32522,0
32523,0
32524,0
32525,0
32526,0
32527,0
32528,0
32529,0
32530,0
32531,0
32532,0
32533,0
32534,0
32535,0
32536,0
32537,0
32538,0
32539,0
32540,0
32541,0
32542,0
32543,0
32544,2893
32545,0
32546,0
32547,0
32548,0
32549,0
32550,0
32551,0
32552,0
32553,0
32554,0
32555,0
32556,0
32557,0
32558,0
32559,0
32560,0
32561,0
32562,0
32563,0
32564,0
32565,0
32566,0
32567,0
32568,0
32569,0
32570,0
32571,0
32572,0
32573,0
32574,0
32575,0
32576,0
32577,0
32578,0
32579,0
32580,0
32581,0
32582,0
32583,0
32584,0
32585,0
32586,0
32587,0
32588,0
32589,0
32590,0
32591,0
32592,0
32593,0
32594,16989
32595,0
32596,0
32597,27147
32598,0
32599,0
32600,0
32601,0
32602,0
32603,0
32604,0
32605,0
32606,0
32607,0
32608,0
32609,7879
32610,0
32611,0
32612,0
32613,0
32614,0
32615,0
32616,0
32617,0
32618,0
32619,0
32620,0
32621,0
32622,0
32623,0
32624,0
32625,0
32626,0
32627,0
32628,0
32629,0
32630,0
32631,0
32632,0
32633,0
32634,5285
32635,0
32636,0
32637,0
32638,0
32639,0
32640,0
32641,0
32642,0
32643,0
32644,0
32645,2548
32646,0
32647,0
32648,0
32649,0
32650,0
32651,0
32652,0
32653,0
32654,0
32655,0
32656,0
32657,0
32658,0
32659,0
32660,0
32661,0
32662,0
32663,0
32664,0
32665,0
32666,0
32667,0
32668,0
32669,0
32670,8191
32671,0
32672,0
32673,0
32674,0
32675,0
32676,0
32677,0
32678,0
32679,0
32680,0
32681,0
32682,0
32683,0
32684,0
32685,0
32686,0
32687,0
32688,9287
32689,0
32690,0
32691,0
32692,0
32693,0
32694,0
32695,0
32696,0
32697,0
32698,0
32699,0
32700,0
32701,0
32702,0
32703,0
32704,0
32705,0
32706,0
32707,0
32708,0
32709,0
32710,0
32711,0
32712,0
32713,0
32714,0
32715,0
32716,0
32717,0
32718,0
32719,0
32720,0
32721,0
32722,0
32723,0
32724,0
32725,0
32726,0
32727,0
32728,0
32729,0
32730,0
32731,0
32732,0
32733,0
32734,0
32735,0
32736,0
32737,0
32738,0
32739,0
32740,0
32741,0
32742,0
32743,0
32744,0
32745,0
32746,0
32747,0
32748,0
32749,0
32750,0
32751,0
32752,0
32753,0
32754,0
32755,0
32756,0
32757,0
32758,14450
32759,0
32760,0
32761,0
32762,0
32763,0
32764,0
32765,0
32766,0
32767,0
32768,1708
32769,0
32770,0
32771,0
32772,0
32773,0
32774,0
32775,0
32776,0
32777,0
32778,0
32779,0
32780,0
32781,0
32782,0
32783,0
32784,0
32785,0
32786,0
32787,0
32788,6106
32789,0
32790,0
32791,0
32792,0
32793,0
32794,0
32795,0
32796,0
32797,0
32798,0
32799,0
32800,0
32801,0
32802,0
32803,0
32804,0
32805,0
32806,0
32807,0
32808,0
32809,0
32810,0
32811,0
32812,0
32813,0
32814,0
32815,0
32816,0
32817,0
32818,0
32819,0
32820,0
32821,0
32822,0
32823,0
32824,0
32825,0
32826,0
32827,0
32828,0
32829,7693
32830,0
32831,0
32832,0
32833,0
32834,0
32835,0
32836,0
32837,0
32838,0
32839,0
32840,0
32841,0
32842,0
32843,0
32844,0
32845,0
32846,0
32847,7807
32848,0
32849,0
32850,0
32851,0
32852,0
32853,0
32854,0
32855,0
32856,0
32857,0
32858,0
32859,2173
32860,0
32861,0
32862,0
32863,0
32864,0
32865,6265
32866,0
32867,0
32868,0
32869,0
32870,0
32871,0
32872,0
32873,0
32874,0
32875,0
32876,0
32877,0
32878,0
32879,0
32880,0
32881,0
32882,0
32883,0
32884,0
32885,0
32886,0
32887,0
32888,0
32889,0
32890,0
32891,0
32892,0
32893,0
32894,0
32895,0
32896,0
32897,18019
32898,0
32899,0
32900,0
32901,0
32902,0
32903,0
32904,0
32905,0
32906,0
32907,0
32908,0
32909,0
32910,0
32911,0
32912,0
32913,6328
32914,0
32915,0
32916,0
32917,0
32918,0
32919,0
32920,0
32921,0
32922,0
32923,0
32924,0
32925,0
32926,0
32927,0
32928,0
32929,0
32930,0
32931,0
32932,0
32933,0
32934,0
32935,0
32936,0
32937,0
32938,0
32939,0
32940,0
32941,0
32942,0
32943,0
32944,0
32945,0
32946,0
32947,0
32948,0
32949,0
32950,0
32951,0
32952,0
32953,0
32954,0
32955,0
32956,0
32957,0
32958,0
32959,0
32960,0
32961,0
32962,0
32963,0
32964,0
32965,0
32966,0
32967,0
32968,0
32969,0
32970,0
32971,0
32972,0
32973,0
32974,0
32975,0
32976,0
32977,0
32978,0
32979,0
32980,0
32981,0
32982,0
32983,0
32984,0
32985,0
32986,0
32987,0
32988,0
32989,0
32990,0
32991,0
32992,0
32993,0
32994,0
32995,0
32996,0
32997,0
32998,0
32999,0
33000,0
33001,0
33002,0
33003,0
33004,0
33005,0
33006,0
33007,0
33008,0
33009,0
33010,0
33011,13280
33012,0
33013,0
33014,0
33015,0
33016,0
33017,6694
33018,0
33019,0
33020,0
33021,0
33022,0
33023,0
33024,0
33025,0
33026,0
33027,0
33028,0
33029,0
33030,0
33031,0
33032,0
33033,0
33034,0
33035,0
33036,0
33037,0
33038,0
33039,0
33040,0
33041,0
33042,0
33043,0
33044,0
33045,0
33046,0
33047,0
33048,0
33049,0
33050,0
33051,0
33052,0
33053,0
33054,0
33055,0
33056,0
33057,0
33058,0
33059,0
33060,0
33061,0
33062,0
33063,0
33064,0
33065,0
33066,0
33067,4075
33068,15912
33069,0
33070,0
33071,0
33072,0
33073,0
33074,0
33075,0
33076,0
33077,0
33078,0
33079,0
33080,0
33081,0
33082,0
33083,0
33084,0
33085,0
33086,0
33087,0
33088,0
33089,0
33090,0
33091,0
33092,0
33093,0
33094,0
33095,0
33096,0
33097,0
33098,0
33099,0
33100,0
33101,0
33102,0
33103,0
33104,12249
33105,0
33106,0
33107,0
33108,0
33109,0
33110,0
33111,0
33112,0
33113,0
33114,0
33115,0
33116,0
33117,0
33118,0
33119,0
33120,0
33121,0
33122,0
33123,0
33124,0
33125,0
33126,0
33127,0
33128,0
33129,0
33130,0
33131,0
33132,0
33133,0
33134,0
33135,0
33136,0
33137,0
33138,0
33139,0
33140,0
33141,0
33142,0
33143,0
33144,0
33145,0
33146,0
33147,0
33148,0
33149,0
33150,0
33151,0
33152,0
33153,0
33154,0
33155,0
33156,0
33157,0
33158,0
33159,0
33160,0
33161,0
33162,0
33163,0
33164,0
33165,0
33166,0
33167,0
33168,0
33169,0
33170,0
33171,0
33172,0
33173,0
33174,0
33175,0
33176,0
33177,0
33178,0
33179,0
33180,0
33181,0
33182,0
33183,0
33184,0
33185,0
33186,0
33187,0
33188,0
33189,0
33190,0
33191,0
33192,0
33193,0
33194,0
33195,0
33196,0
33197,0
33198,2935
33199,0
33200,0
33201,0
33202,2199
33203,0
33204,0
33205,0
33206,0
33207,0
33208,0
33209,0
33210,0
33211,0
33212,0
33213,0
33214,0
33215,0
33216,0
33217,0
33218,0
33219,0
33220,0
33221,0
33222,0
33223,0
33224,0
33225,0
33226,0
33227,0
33228,0
33229,0
33230,0
33231,0
33232,0
33233,0
33234,0
33235,0
33236,0
33237,0
33238,0
33239,0
33240,0
33241,0
33242,0
33243,0
33244,0
33245,0
33246,0
33247,0
33248,0
33249,0
33250,0
33251,0
33252,0
33253,0
33254,0
33255,0
33256,0
33257,0
33258,0
33259,0
33260,0
33261,0
33262,0
33263,0
33264,0
33265,0
33266,2933
33267,0
33268,0
33269,0
33270,0
33271,0
33272,0
33273,0
33274,0
33275,0
33276,0
33277,0
33278,0
33279,0
33280,0
33281,0
33282,0
33283,11444
33284,0
33285,0
33286,0
33287,0
33288,0
33289,0
33290,0
33291,0
33292,0
33293,0
33294,0
33295,0
33296,0
33297,0
33298,0
33299,0
33300,0
33301,0
33302,0
33303,0
33304,0
33305,0
33306,0
33307,0
33308,0
33309,0
33310,0
33311,0
33312,0
33313,0
33314,0
33315,0
33316,0
33317,0
33318,0
33319,0
33320,0
33321,0
33322,0
33323,0
33324,0
33325,0
33326,0
33327,0
33328,0
33329,0
33330,0
33331,0
33332,0
33333,0
33334,0
33335,0
33336,0
33337,0
33338,0
33339,0
33340,0
33341,0
33342,0
33343,0
33344,0
33345,0
33346,0
33347,0
33348,0
33349,0
33350,0
33351,0
33352,0
33353,0
33354,0
33355,0
33356,0
33357,0
33358,0
33359,0
33360,0
33361,0
33362,0
33363,0
33364,0
33365,0
33366,0
33367,0
33368,0
33369,0
33370,0
33371,0
33372,0
33373,0
33374,0
33375,0
33376,0
33377,0
33378,0
33379,0
33380,5081
33381,0
33382,0
33383,0
33384,0
33385,0
33386,0
33387,0
33388,0
33389,0
33390,0
33391,0
33392,0
33393,0
33394,0
33395,0
33396,0
33397,0
33398,0
33399,0
33400,0
33401,0
33402,0
33403,0
33404,0
33405,0
33406,0
33407,0
33408,0
33409,0
33410,0
33411,0
33412,0
33413,0
33414,0
33415,0
33416,4976
33417,0
33418,0
33419,0
33420,0
33421,0
33422,0
33423,0
33424,0
33425,0
33426,0
33427,0
33428,0
33429,0
33430,0
33431,0
33432,13516
33433,0
33434,5452
33435,0
33436,0
33437,0
33438,0
33439,0
33440,0
33441,0
33442,0
33443,0
33444,0
33445,0
33446,0
33447,0
33448,0
33449,0
33450,0
33451,4128
33452,4160
33453,5840
33454,8707
33455,4105
33456,4150
33457,9073
33458,5748
33459,6957
33460,5734
33461,7072
33462,6744
33463,3996
33464,5075
33465,6020
33466,7690
33467,5245
33468,6113
33469,5717
33470,8189
33471,4319
33472,4253
33473,4856
33474,8567
33475,10043
33476,5387
33477,8013
33478,3859
33479,6739
33480,3268
33481,5027
33482,3839
33483,7335
33484,7291
33485,9395
33486,8598
33487,5125
33488,4771
33489,4571
33490,3773
33491,5110
33492,8661
33493,5625
33494,4497
33495,4654
33496,4525
33497,6481
33498,2957
33499,6686
33500,3889
33501,6061
33502,4973
33503,4751
33504,6199
33505,4333
33506,7264
33507,7284
33508,6343
33509,4937
33510,7380
33511,4384
33512,6479
33513,5890
33514,9128
33515,4062
33516,5637
33517,7141
33518,7025
33519,7988
33520,5911
33521,7226
33522,3929
33523,4267
33524,5142
33525,6030
33526,8137
33527,6873
33528,3064
33529,5023
33530,6899
33531,6625
33532,7702
33533,3549
33534,11853
33535,6839
33536,3868
33537,5543
33538,5089
33539,6047
33540,7443
33541,3858
33542,5183
33543,5262
33544,6287
33545,5905
33546,4686
33547,5812
33548,4794
33549,4859
33550,7576
33551,6836
33552,5575
33553,4456
33554,9739
33555,4797
33556,7982
33557,7267
33558,11600
33559,6191
33560,4973
33561,5919
33562,6395
33563,5438
33564,4379
33565,7062
33566,6630
33567,3455
33568,7407
33569,5575
33570,6598
33571,4195
33572,11049
33573,7099
33574,4356
33575,11227
33576,4531
33577,4475
33578,7496
33579,7619
33580,5399
33581,3937
33582,6622
33583,5075
33584,4804
33585,5810
33586,4732
33587,7247
33588,6727
33589,6092
33590,7551
33591,4796
33592,4245
33593,5631
33594,6015
33595,6592
33596,6910
33597,6882
33598,8092
33599,4963
33600,7858
33601,6029
33602,4631
33603,5253
33604,8170
33605,5893
33606,5507
33607,8722
33608,7496
33609,6684
33610,5126
33611,6792
33612,6354
33613,6607
33614,5839
33615,3739
33616,4944
33617,7618
33618,7025
33619,5040
33620,3276
33621,7024
33622,6559
33623,7066
33624,5945
33625,5000
33626,4445
33627,3573
33628,8766
33629,6120
33630,6056
33631,5315
33632,4763
33633,5178
33634,5729
33635,5121
33636,3607
33637,5883
33638,4364
33639,7698
33640,7197
33641,6193
33642,10810
33643,4312
33644,4466
33645,9149
33646,4809
33647,5484
33648,1977
33649,7430
33650,7388
33651,4495
33652,6111
33653,5943
33654,5316
33655,5451
33656,6837
33657,9724
33658,2506
33659,6712
33660,2761
33661,12701
33662,4132
33663,7087
33664,7664
33665,5155
33666,5865
33667,4079
33668,4827
33669,2957
33670,4134
33671,5360
33672,4423
33673,6246
33674,6611
33675,4450
33676,6738
33677,5699
33678,7124
33679,7818
33680,7503
33681,4221
33682,3278
33683,9222
33684,8681
33685,4873
33686,6659
33687,4818
33688,6457
33689,4371
33690,4492
33691,5642
33692,3402
33693,5516
33694,4182
33695,9227
33696,5974
33697,7436
33698,7307
33699,4941
33700,7909
33701,16942
33702,8411
33703,4494
33704,2589
33705,5119
33706,6712
33707,4465
33708,5622
33709,13754
33710,5857
33711,9241
33712,17833
33713,4034
33714,5562
33715,4779
33716,3820
33717,7322
33718,4514
33719,6606
33720,8850
33721,6338
33722,5504
33723,6417
33724,5354
33725,5754
33726,3327
33727,5527
33728,6926
33729,8278
33730,5563
33731,5273
33732,4092
33733,6839
33734,4508
33735,5181
33736,3084
33737,7487
33738,4539
33739,5820
33740,6058
33741,6897
33742,0
33743,5130
33744,5870
33745,5082
33746,6346
33747,6419
33748,7496
33749,11101
33750,6830
33751,5014
33752,3236
33753,5259
33754,6267
33755,5442
33756,4545
33757,2188
33758,7322
33759,5617
33760,7921
33761,6517
33762,5005
33763,5893
33764,4441
33765,4485
33766,8609
33767,4861
33768,6457
33769,6994
33770,13146
33771,4883
33772,4548
33773,6985
33774,4698
33775,5146
33776,4910
33777,6683
33778,4106
33779,5940
33780,3393
33781,5292
33782,3675
33783,8534
33784,4817
33785,12043
33786,12407
33787,4701
33788,6469
33789,5087
33790,5919
33791,4910
33792,10811
33793,6390
33794,7996
33795,4129
33796,6772
33797,4569
33798,7966
33799,8251
33800,6234
33801,5134
33802,5897
33803,7334
33804,7094
33805,8588
33806,5583
33807,6778
33808,8566
33809,5862
33810,6073
33811,4820
33812,8826
33813,6470
33814,4851
33815,4706
33816,5379
33817,4647
33818,8025
33819,5911
33820,6395
33821,5442
33822,7729
33823,4288
33824,6536
33825,7390
33826,6726
33827,7697
33828,5875
33829,3850
33830,11360
33831,9023
33832,6264
33833,15554
33834,8338
33835,6408
33836,5369
33837,7450
33838,8757
33839,9881
33840,9932
33841,4804
33842,6445
33843,4784
33844,7686
33845,3621
33846,9323
33847,4988
33848,4555
33849,5501
33850,7834
33851,6545
33852,4984
33853,7012
33854,4689
33855,3473
33856,6393
33857,3781
33858,4401
33859,5506
33860,5289
33861,8344
33862,8261
33863,6804
33864,6191
33865,4980
33866,9887
33867,6092
33868,4156
33869,4726
33870,4631
33871,8083
33872,4057
33873,11153
33874,6685
33875,3111
33876,4018
33877,6179
33878,5318
33879,4696
33880,7727
33881,8818
33882,10696
33883,5255
33884,8896
33885,2915
33886,4890
33887,5900
33888,4628
33889,6103
33890,5199
33891,5596
33892,3493
33893,4509
33894,10324
33895,7273
33896,4122
33897,5301
33898,7543
33899,9746
33900,7164
33901,5245
33902,4245
33903,12287
33904,5023
33905,6743
33906,4936
33907,4884
33908,6686
33909,7729
33910,3191
33911,4044
33912,4529
33913,5777
33914,9444
33915,6979
33916,6850
33917,11727
33918,4701
33919,9351
33920,10236
33921,6266
33922,4524
33923,2692
33924,6693
33925,5465
33926,5255
33927,5256
33928,5822
33929,9561
33930,4376
33931,5250
33932,6072
33933,4303
33934,6254
33935,4555
33936,3576
33937,5923
33938,3098
33939,5795
33940,7706
33941,5865
33942,6767
33943,7329
33944,6597
33945,4607
33946,6430
33947,8340
33948,6649
33949,5037
33950,5703
33951,4560
33952,9596
33953,4979
33954,6337
33955,4821
33956,6066
33957,7124
33958,5985
33959,5534
33960,7242
33961,5426
33962,6451
33963,15962
33964,5560
33965,7559
33966,4904
33967,5454
33968,5005
33969,4521
33970,4297
33971,4408
33972,7941
33973,12434
33974,7800
33975,8781
33976,8924
33977,9912
33978,9145
33979,7112
33980,9362
33981,4469
33982,10488
33983,9607
33984,6129
33985,7284
33986,7174
33987,5426
33988,3957
33989,10275
33990,6255
33991,5495
33992,5638
33993,2215
33994,11561
33995,9229
33996,13186
33997,5241
33998,4708
33999,4331
34000,5091
34001,6143
34002,6444
34003,5975
34004,5121
34005,4124
34006,6158
34007,3269
34008,2426
34009,5257
34010,11981
34011,6086
34012,17185
34013,4266
34014,5172
34015,5635
34016,4503
34017,4215
34018,4884
34019,4327
34020,3394
34021,7462
34022,5737
34023,3407
34024,8181
34025,4415
34026,5431
34027,4269
34028,10258
34029,6680
34030,9699
34031,4795
34032,6475
34033,3767
34034,4612
34035,4120
34036,13407
34037,9307
34038,5803
34039,4407
34040,4558
34041,5169
34042,3987
34043,9121
34044,4137
34045,13123
34046,4069
34047,4981
34048,5331
34049,8207
34050,6051
34051,4375
34052,6076
34053,6201
34054,6120
34055,6075
34056,5148
34057,3091
34058,8122
34059,4694
34060,3591
34061,5445
34062,5330
34063,5551
34064,6089
34065,8773
34066,7268
34067,5872
34068,6538
34069,4188
34070,8050
34071,4847
34072,4214
34073,5861
34074,6215
34075,5513
34076,7643
34077,5842
34078,5896
34079,5312
34080,5184
34081,5256
34082,6281
34083,6098
34084,6181
34085,4695
34086,5032
34087,7779
34088,5320
34089,3631
34090,10232
34091,4369
34092,2734
34093,6709
34094,7824
34095,8391
34096,5005
34097,5202
34098,5463
34099,3137
34100,5827
34101,6664
34102,5728
34103,5204
34104,6294
34105,6945
34106,3062
34107,5177
34108,4943
34109,5174
34110,4558
34111,6621
34112,6729
34113,5491
34114,4182
34115,7387
34116,5411
34117,7650
34118,7672
34119,4249
34120,5928
34121,6222
34122,7505
34123,7011
34124,7070
34125,2967
34126,9741
34127,5876
34128,6370
34129,9159
34130,4428
34131,3629
34132,10076
34133,7428
34134,7405
34135,4910
34136,5376
34137,7861
34138,2917
34139,6056
34140,5034
34141,6379
34142,5342
34143,5001
34144,6991
34145,4218
34146,7887
34147,9005
34148,15649
34149,6695
34150,4191
34151,4791
34152,3616
34153,2601
34154,10274
34155,6854
34156,4906
34157,7714
34158,4851
34159,9701
34160,3980
34161,5133
34162,5347
34163,7591
34164,4521
34165,5216
34166,4859
34167,4190
34168,6644
34169,4645
34170,6147
34171,6952
34172,9061
34173,7232
34174,6624
34175,5361
34176,9270
34177,4627
34178,4985
34179,9262
34180,6139
34181,7482
34182,10323
34183,14481
34184,4435
34185,4139
34186,4319
34187,5391
34188,7774
34189,8610
34190,6422
34191,7606
34192,6646
34193,3301
34194,6707
34195,6233
34196,5445
34197,6427
34198,4537
34199,4449
34200,4412
34201,3660
34202,3939
34203,7166
34204,6108
34205,9805
34206,15071
34207,6287
34208,4850
34209,5625
34210,7453
34211,8048
34212,3685
34213,5707
34214,3700
34215,8544
34216,5798
34217,5623
34218,11408
34219,11812
34220,3733
34221,6304
34222,3393
34223,5162
34224,5566
34225,7599
34226,4012
34227,4102
34228,5116
34229,6188
34230,5564
34231,4087
34232,5245
34233,6129
34234,5325
34235,5804
34236,3099
34237,9391
34238,17282
34239,3818
34240,6713
34241,7435
34242,5591
34243,3849
34244,3529
34245,3405
34246,6438
34247,4499
34248,6435
34249,8516
34250,3847
34251,5316
34252,5489
34253,5268
34254,4531
34255,4927
34256,5636
34257,9562
34258,6627
34259,7732
34260,5174
34261,3824
34262,5868
34263,5746
34264,7295
34265,5244
34266,4209
34267,20349
34268,6103
34269,5289
34270,10694
34271,5959
34272,5969
34273,5586
34274,6829
34275,4330
34276,8253
34277,13556
34278,4564
34279,5170
34280,5397
34281,10756
34282,5945
34283,4765
34284,5245
34285,4741
34286,5598
34287,3930
34288,7613
34289,3464
34290,6967
34291,2340
34292,18054
34293,7534
34294,3618
34295,4220
34296,7685
34297,5290
34298,5920
34299,7268
34300,4938
34301,4903
34302,4252
34303,8553
34304,5077
34305,5341
34306,5799
34307,7316
34308,4961
34309,7154
34310,5119
34311,3691
34312,7926
34313,8656
34314,4159
34315,6474
34316,6442
34317,5021
34318,8852
34319,5151
34320,6344
34321,6014
34322,6988
34323,3545
34324,4420
34325,4437
34326,0
34327,6267
34328,7224
34329,3404
34330,7341
34331,3352
34332,5277
34333,4448
34334,5648
34335,5664
34336,6377
34337,6000
34338,7768
34339,3428
34340,5496
34341,6260
34342,6477
34343,5753
34344,6445
34345,8993
34346,6386
34347,2860
34348,5706
34349,4753
34350,5914
34351,6316
34352,3574
34353,10368
34354,4742
34355,6064
34356,9713
34357,5662
34358,3723
34359,16170
34360,4840
34361,9011
34362,4954
34363,7118
34364,8604
34365,5291
34366,4865
34367,5534
34368,4540
34369,5192
34370,5446
34371,8850
34372,6283
34373,4843
34374,4160
34375,5717
34376,6249
34377,5449
34378,5796
34379,5468
34380,5730
34381,5208
34382,6508
34383,6659
34384,5747
34385,5191
34386,6014
34387,7032
34388,9095
34389,4821
34390,6683
34391,4912
34392,5542
34393,6348
34394,5480
34395,4194
34396,3968
34397,5800
34398,8353
34399,4253
34400,5181
34401,6893
34402,5540
34403,4611
34404,5305
34405,3999
34406,2857
34407,7280
34408,3669
34409,6421
34410,5949
34411,5469
34412,5391
34413,9484
34414,7735
34415,6907
34416,4561
34417,7066
34418,7026
34419,3600
34420,3411
34421,8095
34422,2886
34423,6269
34424,11461
34425,6698
34426,5774
34427,3908
34428,6694
34429,5333
34430,5212
34431,6164
34432,7079
34433,7113
34434,4851
34435,7398
34436,3902
34437,6095
34438,4824
34439,4972
34440,5210
34441,4711
34442,5114
34443,6689
34444,4020
34445,8700
34446,5861
34447,4353
34448,4052
34449,7364
34450,6496
34451,4972
34452,5481
34453,5679
34454,4493
34455,5544
34456,5651
34457,5771
34458,4563
34459,4637
34460,7413
34461,5849
34462,5202
34463,3115
34464,8919
34465,5523
34466,4379
34467,6060
34468,9979
34469,6966
34470,7869
34471,8707
34472,5640
34473,4787
34474,5119
34475,7131
34476,7532
34477,10421
34478,3765
34479,5369
34480,3051
34481,3748
34482,7622
34483,12959
34484,5431
34485,4457
34486,4282
34487,5404
34488,5030
34489,8196
34490,6986
34491,5319
34492,3425
34493,6694
34494,5101
34495,10779
34496,7763
34497,4190
34498,6315
34499,3546
34500,6383
34501,7301
34502,6391
34503,7390
34504,5466
34505,6343
34506,4222
34507,5451
34508,6292
34509,7175
34510,6367
34511,7215
34512,5145
34513,3997
34514,8429
34515,4114
34516,10128
34517,5247
34518,4016
34519,5486
34520,5993
34521,5778
34522,6645
34523,7899
34524,4213
34525,11259
34526,3845
34527,3944
34528,6416
34529,7106
34530,10062
34531,5698
34532,5871
34533,5131
34534,6206
34535,6195
34536,4447
34537,5774
34538,4378
34539,8937
34540,5745
34541,7752
34542,10770
34543,7608
34544,4622
34545,4366
34546,4781
34547,11581
34548,5057
34549,9070
34550,3501
34551,9295
34552,6123
34553,5018
34554,4256
34555,4254
34556,4849
34557,5035
34558,4636
34559,4480
34560,3904
34561,4170
34562,7312
34563,5887
34564,20228
34565,5884
34566,3789
34567,4080
34568,5804
34569,8072
34570,4037
34571,3867
34572,8636
34573,5318
34574,6570
34575,5529
34576,6229
34577,5864
34578,3681
34579,4963
34580,5143
34581,7306
34582,5394
34583,5773
34584,5677
34585,7871
34586,4196
34587,4002
34588,4371
34589,8387
34590,9227
34591,5084
34592,7886
34593,4010
34594,6504
34595,3570
34596,4567
34597,3630
34598,6591
34599,6767
34600,8914
34601,8269
34602,4794
34603,4393
34604,4359
34605,3835
34606,5039
34607,8569
34608,5230
34609,4470
34610,3859
34611,4225
34612,6076
34613,2905
34614,6238
34615,3472
34616,5529
34617,4953
34618,4323
34619,5732
34620,4239
34621,6874
34622,6646
34623,5999
34624,4564
34625,7173
34626,4128
34627,5976
34628,5113
34629,8493
34630,4065
34631,5297
34632,6919
34633,6367
34634,7807
34635,5649
34636,7214
34637,3868
34638,3876
34639,5177
34640,5211
34641,7741
34642,6512
34643,2925
34644,4793
34645,6465
34646,6451
34647,7302
34648,3284
34649,11178
34650,5813
34651,3753
34652,5218
34653,5279
34654,5642
34655,7093
34656,3754
34657,5010
34658,5185
34659,5679
34660,5813
34661,4637
34662,5459
34663,4315
34664,4644
34665,6923
34666,6040
34667,5418
34668,4030
34669,9021
34670,4538
34671,7286
34672,6712
34673,10683
34674,5225
34675,4633
34676,5417
34677,5900
34678,5065
34679,4238
34680,6638
34681,6051
34682,3294
34683,6045
34684,5104
34685,5842
34686,3889
34687,8950
34688,6979
34689,4326
34690,10443
34691,4267
34692,4014
34693,6822
34694,7703
34695,4657
34696,3532
34697,5955
34698,5078
34699,4215
34700,5204
34701,4653
34702,6863
34703,6605
34704,5694
34705,6836
34706,4587
34707,3971
34708,5167
34709,6488
34710,6380
34711,6529
34712,6334
34713,7674
34714,4751
34715,6873
34716,5648
34717,4446
34718,5207
34719,7718
34720,5580
34721,5512
34722,8481
34723,7081
34724,6353
34725,4772
34726,6361
34727,6016
34728,6017
34729,5772
34730,3703
34731,4773
34732,8085
34733,6752
34734,5002
34735,3105
34736,6907
34737,6317
34738,6388
34739,5502
34740,4738
34741,4327
34742,3264
34743,7950
34744,5898
34745,5339
34746,5330
34747,4463
34748,4872
34749,5215
34750,4514
34751,3399
34752,5486
34753,3873
34754,7265
34755,6849
34756,5979
34757,10318
34758,4190
34759,4192
34760,8920
34761,4200
34762,5018
34763,2259
34764,6883
34765,7074
34766,4058
34767,5543
34768,5562
34769,5263
34770,5178
34771,6807
34772,9049
34773,2195
34774,7073
34775,2522
34776,11721
34777,3848
34778,6753
34779,7190
34780,4822
34781,5663
34782,4066
34783,4717
34784,2906
34785,4207
34786,4846
34787,4116
34788,5535
34789,6190
34790,4234
34791,6424
34792,5422
34793,6878
34794,7197
34795,6193
34796,3959
34797,2819
34798,8725
34799,7993
34800,4502
34801,6305
34802,4220
34803,6110
34804,3944
34805,4184
34806,5246
34807,2928
34808,5654
34809,3795
34810,8354
34811,5508
34812,6778
34813,6512
34814,4277
34815,7217
34816,17093
34817,8009
34818,4332
34819,2284
34820,4908
34821,6793
34822,4236
34823,5262
34824,12124
34825,5332
34826,8667
34827,15945
34828,3670
34829,5176
34830,4724
34831,3675
34832,6716
34833,4217
34834,6641
34835,8307
34836,6761
34837,5289
34838,6166
34839,4122
34840,5181
34841,3353
34842,5206
34843,5900
34844,7697
34845,5181
34846,4561
34847,3887
34848,6373
34849,4287
34850,4749
34851,3097
34852,7149
34853,4293
34854,5120
34855,5980
34856,6468
34857,0
34858,4880
34859,5885
34860,4964
34861,6218
34862,5943
34863,6915
34864,9321
34865,6715
34866,4438
34867,2977
34868,5108
34869,5779
34870,4912
34871,4345
34872,2277
34873,7160
34874,5059
34875,7820
34876,6301
34877,4558
34878,5440
34879,4109
34880,4030
34881,7866
34882,4374
34883,5754
34884,6242
34885,12221
34886,4523
34887,4376
34888,6370
34889,4807
34890,5038
34891,4209
34892,6310
34893,3948
34894,5563
34895,3217
34896,5045
34897,3353
34898,8007
34899,4158
34900,12830
34901,11895
34902,4317
34903,5965
34904,5013
34905,5190
34906,4785
34907,9810
34908,5979
34909,7609
34910,3900
34911,6437
34912,4012
34913,8042
34914,7416
34915,5535
34916,5004
34917,5161
34918,6382
34919,6425
34920,7611
34921,5269
34922,6308
34923,7995
34924,5411
34925,5556
34926,4410
34927,8285
34928,5880
34929,4845
34930,4383
34931,5236
34932,3870
34933,7449
34934,5284
34935,5801
34936,5193
34937,7313
34938,4133
34939,6175
34940,7342
34941,6343
34942,7116
34943,5913
34944,3551
34945,11304
34946,8494
34947,5870
34948,14399
34949,8587
34950,5534
34951,5227
34952,7325
34953,8698
34954,9744
34955,9410
34956,4699
34957,6200
34958,4491
34959,7079
34960,3463
34961,9134
34962,5023
34963,4054
34964,5203
34965,7485
34966,6671
34967,4568
34968,6589
34969,4582
34970,3545
34971,5938
34972,3657
34973,4002
34974,5316
34975,4940
34976,7771
34977,7623
34978,6246
34979,5541
34980,4955
34981,9464
34982,5816
34983,4205
34984,4448
34985,4294
34986,7333
34987,3670
34988,9476
34989,5987
34990,2808
34991,4155
34992,5792
34993,5063
34994,4324
34995,7352
34996,7968
34997,10437
34998,5611
34999,8794
35000,2772
35001,4611
35002,5629
35003,4312
35004,5754
35005,4830
35006,5134
35007,3249
35008,4189
35009,9699
35010,6968
35011,4063
35012,4638
35013,7283
35014,9590
35015,6810
35016,5034
35017,3720
35018,12299
35019,4973
35020,6324
35021,4884
35022,4471
35023,6180
35024,7152
35025,3087
35026,3813
35027,4420
35028,5399
35029,8543
35030,6443
35031,6492
35032,11976
35033,4144
35034,8838
35035,9811
35036,5582
35037,4069
35038,2823
35039,6347
35040,5298
35041,4936
35042,4911
35043,5469
35044,9834
35045,3991
35046,4754
35047,5726
35048,4620
35049,5639
35050,4314
35051,3592
35052,5239
35053,2838
35054,5794
35055,7376
35056,5351
35057,6864
35058,7085
35059,6514
35060,4011
35061,5876
35062,8498
35063,6195
35064,4838
35065,5132
35066,4129
35067,8826
35068,4523
35069,5774
35070,4657
35071,5722
35072,6595
35073,5787
35074,5450
35075,7104
35076,5124
35077,5701
35078,15309
35079,5212
35080,6950
35081,5168
35082,5505
35083,4509
35084,4005
35085,3663
35086,4153
35087,7213
35088,11610
35089,7373
35090,7636
35091,8910
35092,9205
35093,8445
35094,6215
35095,8182
35096,4181
35097,9876
35098,9504
35099,5710
35100,7223
35101,6933
35102,5151
35103,3442
35104,9895
35105,5747
35106,5534
35107,5599
35108,2159
35109,11465
35110,8742
35111,12629
35112,5088
35113,4212
35114,4153
35115,4581
35116,5494
35117,6161
35118,5562
35119,4870
35120,3696
35121,5934
35122,3200
35123,2404
35124,4957
35125,11432
35126,5641
35127,15853
35128,4053
35129,4709
35130,5473
35131,4303
35132,3914
35133,4274
35134,4222
35135,3413
35136,6607
35137,5059
35138,3289
35139,7389
35140,4485
35141,4903
35142,3788
35143,8987
35144,6221
35145,8387
35146,4536
35147,6165
35148,3391
35149,4359
35150,3840
35151,12991
35152,8842
35153,5057
35154,4253
35155,4108
35156,5014
35157,3805
35158,8661
35159,3764
35160,12127
35161,3945
35162,4845
35163,5041
35164,7436
35165,5147
35166,4047
35167,5823
35168,6404
35169,5832
35170,5812
35171,4830
35172,2936
35173,8285
35174,4110
35175,3435
35176,5202
35177,4906
35178,5122
35179,5703
35180,8170
35181,7058
35182,5589
35183,6144
35184,3949
35185,7477
35186,4870
35187,3652
35188,5995
35189,5782
35190,5377
35191,6770
35192,5303
35193,5492
35194,4866
35195,5259
35196,4570
35197,5872
35198,5951
35199,5594
35200,4985
35201,4629
35202,7519
35203,5035
35204,3779
35205,9177
35206,4240
35207,2840
35208,6140
35209,7386
35210,8380
35211,4740
35212,4484
35213,4916
35214,2979
35215,5423
35216,6428
35217,5208
35218,4874
35219,5711
35220,6425
35221,3066
35222,4821
35223,4665
35224,4754
35225,4226
35226,5923
35227,6447
35228,5642
35229,3819
35230,7226
35231,4862
35232,6380
35233,7272
35234,3973
35235,5821
35236,5826
35237,7138
35238,6511
35239,6897
35240,2952
35241,8380
35242,5479
35243,5994
35244,8250
35245,4034
35246,3520
35247,10370
35248,6741
35249,6843
35250,4811
35251,5276
35252,7260
35253,2928
35254,5797
35255,4892
35256,5968
35257,5373
35258,4668
35259,6801
35260,4305
35261,7004
35262,8442
35263,13925
35264,6859
35265,4007
35266,4510
35267,3464
35268,2607
35269,9447
35270,6682
35271,4591
35272,7723
35273,4533
35274,9328
35275,3759
35276,4770
35277,5340
35278,7412
35279,4328
35280,5206
35281,4615
35282,4055
35283,6471
35284,4416
35285,5538
35286,6171
35287,8360
35288,6525
35289,6109
35290,4650
35291,9331
35292,4217
35293,4464
35294,8901
35295,5670
35296,7441
35297,9320
35298,13401
35299,4516
35300,3928
35301,3984
35302,5384
35303,7136
35304,8344
35305,5554
35306,7080
35307,6160
35308,3160
35309,6356
35310,5905
35311,5290
35312,6378
35313,4242
35314,4323
35315,4069
35316,3482
35317,3812
35318,6473
35319,5750
35320,9333
35321,13996
35322,5926
35323,4444
35324,5660
35325,6729
35326,7488
35327,3350
35328,4822
35329,3767
35330,8316
35331,5536
35332,5182
35333,10170
35334,11057
35335,3713
35336,5978
35337,3075
35338,4741
35339,4749
35340,7103
35341,3790
35342,3633
35343,4946
35344,6377
35345,6019
35346,4053
35347,4880
35348,5778
35349,5512
35350,5144
35351,3037
35352,8594
35353,15569
35354,3879
35355,6197
35356,7146
35357,5267
35358,3360
35359,3251
35360,3153
35361,6208
35362,4318
35363,6245
35364,7924
35365,3618
35366,4623
35367,4765
35368,4707
35369,4040
35370,4411
35371,4991
35372,8840
35373,6456
35374,7087
35375,4718
35376,3611
35377,5437
35378,5361
35379,7094
35380,5140
35381,3943
35382,19262
35383,5338
35384,4616
35385,10360
35386,5575
35387,5126
35388,4975
35389,6205
35390,4291
35391,7577
35392,12938
35393,4148
35394,4904
35395,5253
35396,11152
35397,5336
35398,4475
35399,4869
35400,4392
35401,5217
35402,3815
35403,7076
35404,3187
35405,6575
35406,2156
35407,17194
35408,7073
35409,3289
35410,3910
35411,7578
35412,5188
35413,5560
35414,7035
35415,4715
35416,4259
35417,3969
35418,8631
35419,4880
35420,5082
35421,5496
35422,6568
35423,4658
35424,6625
35425,4781
35426,3653
35427,6979
35428,8941
35429,4028
35430,5898
35431,5590
35432,4803
35433,8034
35434,4976
35435,5955
35436,5700
35437,6568
35438,3380
35439,4171
35440,4118
35441,0
35442,5662
35443,6743
35444,3152
35445,7157
35446,3304
35447,5058
35448,4119
35449,5240
35450,5371
35451,5932
35452,5669
35453,6710
35454,3236
35455,5107
35456,5948
35457,5922
35458,5779
35459,6226
35460,8582
35461,5663
35462,2631
35463,5667
35464,4402
35465,5621
35466,5553
35467,3410
35468,9837
35469,4208
35470,5812
35471,9129
35472,5847
35473,3280
35474,13524
35475,4558
35476,8148
35477,4682
35478,7019
35479,8087
35480,4923
35481,4862
35482,5550
35483,4321
35484,5030
35485,5282
35486,8356
35487,5958
35488,4798
35489,3822
35490,5904
35491,5679
35492,5285
35493,5522
35494,5017
35495,5478
35496,4681
35497,6518
35498,6394
35499,5613
35500,4740
35501,5645
35502,6634
35503,8508
35504,4319
35505,6358
35506,4787
35507,5166
35508,5852
35509,5979
35510,3771
35511,3858
35512,6461
35513,7241
35514,3991
35515,5036
35516,6219
35517,5225
35518,4604
35519,5037
35520,3722
35521,2703
35522,6692
35523,3390
35524,6038
35525,5525
35526,5287
35527,5506
35528,10046
35529,7455
35530,6601
35531,4330
35532,6538
35533,6459
35534,3555
35535,3223
35536,7432
35537,2670
35538,6003
35539,11450
35540,6307
35541,5657
35542,3809
35543,6091
35544,5025
35545,5271
35546,5720
35547,6689
35548,6863
35549,4731
35550,6481
35551,4034
35552,5568
35553,4441
35554,4800
35555,4716
35556,4564
35557,4572
35558,6100
35559,3787
35560,7881
35561,5530
35562,3518
35563,3994
35564,6771
35565,6336
35566,4776
35567,5036
35568,5987
35569,4067
35570,5304
35571,5344
35572,5094
35573,4294
35574,4576
35575,6267
35576,5422
35577,4843
35578,2968
35579,9224
35580,5179
35581,4212
35582,5736
35583,9167
35584,6576
35585,7420
35586,8072
35587,5839
35588,4324
35589,4598
35590,6752
35591,7593
35592,10314
35593,4058
35594,5223
35595,2976
35596,3585
35597,7833
35598,12136
35599,5683
35600,4129
35601,4148
35602,5190
35603,4710
35604,8026
35605,6970
35606,5193
35607,3453
35608,6374
35609,4922
35610,9777
35611,6869
35612,3960
35613,5819
35614,3496
35615,5602
35616,6677
35617,5976
35618,6963
35619,5064
35620,6016
35621,3891
35622,4782
35623,6436
35624,6721
35625,5913
35626,6703
35627,4866
35628,3686
35629,8251
35630,3850
35631,10013
35632,5133
35633,3781
35634,5292
35635,5752
35636,5393
35637,6414
35638,7424
35639,3871
35640,10428
35641,3547
35642,3872
35643,6030
35644,6667
35645,9116
35646,5560
35647,5882
35648,4843
35649,5719
35650,5618
35651,4514
35652,5562
35653,4334
35654,8494
35655,5720
35656,6673
35657,10659
35658,6802
35659,4249
35660,4197
35661,4900
35662,10050
35663,4648
35664,8215
35665,3873
35666,7953
35667,5783
35668,4913
35669,4108
35670,3957
35671,4254
35672,4954
35673,4659
35674,4275
35675,3839
35676,3944
35677,6487
35678,5279
35679,19309
35680,5461
35681,3634
35682,4661
35683,5501
35684,7510
35685,4229
35686,3871
35687,7831
35688,4828
35689,5827
35690,5171
35691,6484
35692,5906
35693,3566
35694,4516
35695,5158
35696,7122
35697,5183
35698,5726
35699,5173
35700,7501
35701,3907
35702,3942
35703,4339
35704,8052
35705,8305
35706,4704
35707,7398
35708,3676
35709,6014
35710,3122
35711,4554
35712,3593
35713,6068
35714,6159
35715,8455
35716,7859
35717,4745
35718,3994
35719,4513
35720,3596
35721,5037
35722,8468
35723,5139
35724,4360
35725,4133
35726,4127
35727,6212
35728,2636
35729,6173
35730,3278
35731,5825
35732,4876
35733,4352
35734,5802
35735,4036
35736,6760
35737,6182
35738,5840
35739,4308
35740,7097
35741,4216
35742,5316
35743,4945
35744,7995
35745,3815
35746,5239
35747,6629
35748,6476
35749,7571
35750,5365
35751,6691
35752,3546
35753,3401
35754,4909
35755,5086
35756,7261
35757,5866
35758,3005
35759,4680
35760,5920
35761,6282
35762,7234
35763,3162
35764,10792
35765,5592
35766,3636
35767,5197
35768,4946
35769,5451
35770,6710
35771,3614
35772,4655
35773,4963
35774,5685
35775,5348
35776,4429
35777,5205
35778,4094
35779,4624
35780,6906
35781,5795
35782,5039
35783,3709
35784,8659
35785,4473
35786,7339
35787,6471
35788,10590
35789,4904
35790,4189
35791,5353
35792,5689
35793,4959
35794,4242
35795,6474
35796,5763
35797,3083
35798,5733
35799,4720
35800,5673
35801,3648
35802,9153
35803,6946
35804,4074
35805,9751
35806,4046
35807,4014
35808,6651
35809,7151
35810,4604
35811,3317
35812,6010
35813,4667
35814,4022
35815,5069
35816,4428
35817,6747
35818,6099
35819,5499
35820,6699
35821,4425
35822,3664
35823,5003
35824,6433
35825,6116
35826,6248
35827,6082
35828,7135
35829,4736
35830,6805
35831,5339
35832,4419
35833,4966
35834,7235
35835,5636
35836,5246
35837,7994
35838,6985
35839,5960
35840,4570
35841,5877
35842,5918
35843,5621
35844,5578
35845,3617
35846,4544
35847,7745
35848,6511
35849,4804
35850,2951
35851,6297
35852,6062
35853,6086
35854,5288
35855,4464
35856,4013
35857,3107
35858,7586
35859,5484
35860,5243
35861,5259
35862,4437
35863,4806
35864,4799
35865,4679
35866,3250
35867,4899
35868,3900
35869,6834
35870,6548
35871,5802
35872,9937
35873,4510
35874,4205
35875,8490
35876,4173
35877,4884
35878,1872
35879,6572
35880,6514
35881,3868
35882,5365
35883,5985
35884,5002
35885,4829
35886,6204
35887,8893
35888,1973
35889,6215
35890,2401
35891,11062
35892,3939
35893,6477
35894,6979
35895,4740
35896,5399
35897,3671
35898,4394
35899,2679
35900,3717
35901,4554
35902,3995
35903,5237
35904,6064
35905,3949
35906,6082
35907,5063
35908,6554
35909,7207
35910,6211
35911,3935
35912,2841
35913,8480
35914,7743
35915,4473
35916,5987
35917,4103
35918,5731
35919,3665
35920,4093
35921,5184
35922,2915
35923,5534
35924,3692
35925,8161
35926,5360
35927,6672
35928,6341
35929,3971
35930,6917
35931,15771
35932,7706
35933,3918
35934,2421
35935,4692
35936,6064
35937,3976
35938,5197
35939,11924
35940,5253
35941,8268
35942,15293
35943,3578
35944,5027
35945,4564
35946,3429
35947,6257
35948,4495
35949,6011
35950,7807
35951,6036
35952,4989
35953,5898
35954,4072
35955,5210
35956,3042
35957,4989
35958,5741
35959,7672
35960,5063
35961,4478
35962,3621
35963,6306
35964,4177
35965,4659
35966,2792
35967,6809
35968,4317
35969,5050
35970,5502
35971,5967
35972,0
35973,4606
35974,5282
35975,5188
35976,5923
35977,5687
35978,6741
35979,8679
35980,6204
35981,4193
35982,2921
35983,4865
35984,5257
35985,4858
35986,4182
35987,1879
35988,6723
35989,4711
35990,7869
35991,5847
35992,4519
35993,4999
35994,3847
35995,3916
35996,7055
35997,4466
35998,5708
35999,6079
36000,11175
36001,4321
36002,3979
36003,6221
36004,4202
36005,4552
36006,4304
36007,6027
36008,3687
36009,5544
36010,3074
36011,4828
36012,3089
36013,7789
36014,3944
36015,12799
36016,11674
36017,4204
36018,5602
36019,4559
36020,5068
36021,4332
36022,9460
36023,5696
36024,7175
36025,3621
36026,6357
36027,4275
36028,7541
36029,7122
36030,5467
36031,4628
36032,5012
36033,6260
36034,6048
36035,7267
36036,5156
36037,5906
36038,7820
36039,5182
36040,5349
36041,4376
36042,7888
36043,5696
36044,4485
36045,4345
36046,4683
36047,3716
36048,7402
36049,5063
36050,5787
36051,5063
36052,6620
36053,3839
36054,5814
36055,6957
36056,5972
36057,6193
36058,5299
36059,3437
36060,11369
36061,7939
36062,5680
36063,14305
36064,7404
36065,5757
36066,4796
36067,6845
36068,7870
36069,9031
36070,8956
36071,4290
36072,5641
36073,4151
36074,6739
36075,3222
36076,8424
36077,4839
36078,3922
36079,5057
36080,7173
36081,6159
36082,4308
36083,6349
36084,4665
36085,3279
36086,5654
36087,3503
36088,4067
36089,4618
36090,5214
36091,7930
36092,7241
36093,6143
36094,5374
36095,4509
36096,8942
36097,5432
36098,3888
36099,4072
36100,4194
36101,6859
36102,3407
36103,9083
36104,5907
36105,2720
36106,3932
36107,5678
36108,5112
36109,4313
36110,7296
36111,7282
36112,10315
36113,4996
36114,8826
36115,2573
36116,3994
36117,5312
36118,4033
36119,5375
36120,4545
36121,4999
36122,3337
36123,3900
36124,9604
36125,6771
36126,3699
36127,4353
36128,6952
36129,9339
36130,6461
36131,4875
36132,3463
36133,12210
36134,5151
36135,6642
36136,4495
36137,4348
36138,6131
36139,6996
36140,2808
36141,3865
36142,4016
36143,5027
36144,8417
36145,6291
36146,5988
36147,10564
36148,3964
36149,8438
36150,9544
36151,5402
36152,3806
36153,2581
36154,6306
36155,4795
36156,4857
36157,4873
36158,5033
36159,9276
36160,3910
36161,4593
36162,5498
36163,3789
36164,5723
36165,4333
36166,3332
36167,5367
36168,2613
36169,5437
36170,7134
36171,5152
36172,6245
36173,6270
36174,6394
36175,4173
36176,5510
36177,7914
36178,5892
36179,4846
36180,5156
36181,4450
36182,8741
36183,4627
36184,5374
36185,4345
36186,5394
36187,6453
36188,5281
36189,5275
36190,6765
36191,4841
36192,5675
36193,13608
36194,4955
36195,6686
36196,4567
36197,5212
36198,4618
36199,3856
36200,3602
36201,4070
36202,7051
36203,10948
36204,7622
36205,7217
36206,8126
36207,8714
36208,8091
36209,5864
36210,7753
36211,3868
36212,9239
36213,8877
36214,5663
36215,6656
36216,6188
36217,5202
36218,3202
36219,9471
36220,5668
36221,4948
36222,5257
36223,2130
36224,10464
36225,8413
36226,11896
36227,5034
36228,4170
36229,3721
36230,4616
36231,5004
36232,6173
36233,5471
36234,4606
36235,3764
36236,5510
36237,3255
36238,2213
36239,4750
36240,10986
36241,5486
36242,15653
36243,3834
36244,4476
36245,5160
36246,3866
36247,3709
36248,4087
36249,4001
36250,3165
36251,6272
36252,5039
36253,3307
36254,7181
36255,4191
36256,4848
36257,3628
36258,9136
36259,5881
36260,8050
36261,4112
36262,5751
36263,3302
36264,4066
36265,3609
36266,13095
36267,8567
36268,4956
36269,4101
36270,3984
36271,4896
36272,3598
36273,7967
36274,3509
36275,11485
36276,3729
36277,4480
36278,4867
36279,6911
36280,5241
36281,4040
36282,5525
36283,6109
36284,5714
36285,5424
36286,4577
36287,2919
36288,7541
36289,3944
36290,3246
36291,4996
36292,4773
36293,4941
36294,5389
36295,7514
36296,6437
36297,5350
36298,5852
36299,3787
36300,7314
36301,4382
36302,3563
36303,5457
36304,5643
36305,4911
36306,6692
36307,5280
36308,5148
36309,4977
36310,5047
36311,4429
36312,5651
36313,5866
36314,5288
36315,4540
36316,4613
36317,7373
36318,5129
36319,3730
36320,8694
36321,4042
36322,2814
36323,5802
36324,7255
36325,7898
36326,4505
36327,4144
36328,4839
36329,3018
36330,5240
36331,5941
36332,5131
36333,4260
36334,5190
36335,6058
36336,2885
36337,4378
36338,4506
36339,4729
36340,4126
36341,5929
36342,6312
36343,5326
36344,3797
36345,7045
36346,4856
36347,6037
36348,6833
36349,4077
36350,5505
36351,5717
36352,6738
36353,6337
36354,6712
36355,2734
36356,8199
36357,5427
36358,5634
36359,8068
36360,3918
36361,3388
36362,9965
36363,6381
36364,6720
36365,4542
36366,4932
36367,6567
36368,2812
36369,5476
36370,4618
36371,5613
36372,4750
36373,4394
36374,6643
36375,4074
36376,6953
36377,8093
36378,13409
36379,6284
36380,3838
36381,4362
36382,3345
36383,2523
36384,8673
36385,6140
36386,4497
36387,6960
36388,4516
36389,8914
36390,3704
36391,4742
36392,5076
36393,7575
36394,4353
36395,5208
36396,4554
36397,3836
36398,5836
36399,4194
36400,5598
36401,5801
36402,8285
36403,6436
36404,5721
36405,4487
36406,8792
36407,3988
36408,4403
36409,8149
36410,5515
36411,7046
36412,9365
36413,13034
36414,4044
36415,4011
36416,3975
36417,4904
36418,6865
36419,8311
36420,5627
36421,6558
36422,5777
36423,3035
36424,6202
36425,6004
36426,5181
36427,6114
36428,4031
36429,3976
36430,4085
36431,3203
36432,3651
36433,6154
36434,5411
36435,8437
36436,13235
36437,5899
36438,4302
36439,5612
36440,6465
36441,7362
36442,3116
36443,4859
36444,3431
36445,7670
36446,5581
36447,4719
36448,9708
36449,10768
36450,3736
36451,5748
36452,2945
36453,4836
36454,4554
36455,7094
36456,3756
36457,3677
36458,4685
36459,5654
36460,4977
36461,3841
36462,4704
36463,5273
36464,4926
36465,5000
36466,2826
36467,8256
36468,14864
36469,3563
36470,6075
36471,6378
36472,5099
36473,3261
36474,2989
36475,3162
36476,5803
36477,4232
36478,5754
36479,7128
36480,3553
36481,4425
36482,4539
36483,4655
36484,3987
36485,4536
36486,5121
36487,8575
36488,5956
36489,7085
36490,4812
36491,3220
36492,5080
36493,5080
36494,6286
36495,4973
36496,3667
36497,17516
36498,5242
36499,4476
36500,10158
36501,5334
36502,4835
36503,4742
36504,5958
36505,4218
36506,7152
36507,12494
36508,4005
36509,4675
36510,5247
36511,9913
36512,5008
36513,4172
36514,4592
36515,4091
36516,4930
36517,3641
36518,6943
36519,3135
36520,6170
36521,2151
36522,16255
36523,6675
36524,3468
36525,3897
36526,6777
36527,4724
36528,5529
36529,6827
36530,4616
36531,4369
36532,3690
36533,8142
36534,4530
36535,4915
36536,5400
36537,6520
36538,4505
36539,6394
36540,4412
36541,3365
36542,6670
36543,7869
36544,3855
36545,5641
36546,5515
36547,4668
36548,7770
36549,4447
36550,5604
36551,5431
36552,6179
36553,3150
36554,4109
36555,3953
36556,0
36557,5911
36558,6453
36559,3233
36560,6809
36561,3284
36562,4973
36563,3823
36564,5004
36565,5135
36566,5266
36567,5520
36568,6282
36569,3225
36570,5097
36571,5719
36572,5749
36573,5692
36574,6284
36575,8329
36576,5481
36577,2540
36578,5201
36579,3987
36580,5219
36581,5237
36582,3350
36583,9507
36584,4189
36585,5255
36586,8750
36587,5023
36588,3277
36589,11396
36590,4444
36591,7920
36592,4470
36593,6502
36594,7049
36595,4918
36596,4305
36597,5057
36598,4043
36599,4678
36600,5191
36601,7937
36602,5691
36603,4696
36604,3590
36605,5345
36606,5319
36607,4927
36608,5509
36609,4738
36610,5116
36611,4834
36612,6181
36613,6566
36614,5207
36615,4434
36616,5447
36617,6299
36618,7842
36619,4476
36620,6004
36621,4517
36622,4975
36623,6040
36624,5612
36625,3691
36626,3562
36627,7269
36628,7124
36629,3928
36630,4735
36631,5842
36632,5200
36633,4274
36634,5207
36635,3657
36636,2434
36637,6259
36638,3274
36639,5950
36640,5503
36641,4849
36642,4534
36643,8403
36644,7484
36645,6811
36646,3995
36647,6181
36648,5915
36649,3585
36650,2992
36651,6582
36652,2598
36653,5732
36654,10983
36655,6001
36656,5448
36657,3507
36658,5632
36659,4732
36660,4955
36661,5374
36662,6365
36663,6589
36664,4478
36665,6557
36666,3741
36667,5311
36668,4195
36669,4525
36670,4532
36671,4320
36672,4399
36673,5668
36674,3693
36675,7334
36676,5109
36677,3756
36678,3930
36679,6708
36680,6248
36681,4442
36682,4818
36683,5178
36684,4143
36685,4983
36686,5078
36687,5148
36688,4165
36689,4428
36690,6731
36691,5421
36692,4750
36693,2855
36694,8016
36695,5052
36696,3854
36697,5485
36698,9102
36699,6333
36700,7436
36701,7665
36702,5286
36703,4300
36704,4429
36705,6364
36706,6937
36707,10259
36708,3743
36709,4678
36710,2718
36711,3360
36712,7190
36713,11076
36714,5109
36715,3592
36716,3920
36717,4837
36718,4802
36719,8155
36720,6397
36721,5135
36722,3112
36723,6151
36724,4759
36725,9565
36726,7196
36727,3894
36728,5559
36729,3403
36730,5796
36731,6492
36732,5506
36733,6819
36734,4742
36735,5763
36736,3863
36737,4636
36738,5767
36739,6505
36740,5623
36741,6475
36742,4711
36743,3441
36744,7675
36745,3901
36746,8750
36747,5059
36748,3713
36749,6193
36750,5514
36751,4951
36752,6370
36753,7266
36754,3630
36755,9908
36756,3382
36757,3459
36758,5720
36759,6521
36760,8911
36761,5518
36762,5250
36763,4869
36764,5396
36765,5494
36766,4305
36767,4986
36768,3917
36769,7890
36770,5764
36771,6548
36772,10234
36773,7080
36774,4123
36775,4113
36776,4531
36777,9858
36778,4440
36779,8065
36780,3598
36781,7379
36782,5521
36783,4544
36784,3905
36785,3708
36786,3946
36787,4861
36788,4418
36789,4156
36790,3551
36791,3581
36792,6494
36793,5202
36794,17857
36795,5298
36796,3533
36797,3712
36798,5313
36799,7277
36800,3737
36801,3707
36802,7642
36803,5379
36804,6144
36805,4919
36806,5992
36807,5453
36808,3672
36809,4631
36810,5194
36811,7003
36812,4901
36813,5450
36814,5218
36815,7782
36816,3729
36817,3779
36818,4209
36819,7626
36820,8597
36821,5026
36822,6881
36823,3985
36824,5914
36825,3354
36826,4424
36827,3323
36828,6098
36829,6114
36830,8169
36831,7609
36832,4856
36833,3881
36834,3769
36835,3775
36836,4889
36837,7623
36838,4834
36839,4006
36840,4224
36841,4003
36842,5790
36843,2614
36844,5914
36845,3457
36846,5805
36847,4994
36848,4249
36849,5670
36850,3995
36851,6860
36852,6289
36853,5714
36854,4284
36855,6926
36856,3683
36857,5293
36858,5258
36859,8419
36860,4133
36861,5425
36862,6590
36863,6080
36864,7420
36865,5111
36866,6702
36867,3649
36868,3521
36869,4885
36870,5187
36871,7356
36872,6199
36873,3009
36874,4411
36875,6476
36876,5743
36877,7454
36878,3127
36879,10083
36880,5660
36881,3484
36882,4862
36883,4866
36884,5366
36885,6446
36886,3568
36887,4782
36888,4969
36889,5703
36890,5275
36891,4301
36892,5415
36893,4454
36894,4424
36895,6787
36896,5733
36897,4811
36898,3509
36899,8265
36900,4189
36901,6700
36902,6136
36903,10152
36904,4810
36905,4139
36906,5526
36907,5257
36908,4701
36909,4043
36910,6413
36911,5603
36912,3119
36913,6068
36914,4625
36915,5699
36916,3599
36917,8482
36918,6641
36919,3570
36920,9261
36921,3922
36922,3837
36923,6551
36924,7367
36925,4467
36926,3400
36927,5876
36928,4662
36929,3988
36930,5265
36931,4478
36932,6411
36933,6561
36934,5437
36935,6536
36936,4269
36937,3542
36938,4760
36939,6553
36940,5964
36941,6241
36942,5808
36943,6831
36944,4417
36945,6896
36946,5267
36947,4021
36948,4898
36949,7657
36950,5174
36951,5662
36952,7365
36953,6797
36954,5999
36955,4645
36956,5683
36957,5935
36958,5490
36959,5274
36960,3376
36961,4511
36962,7239
36963,6333
36964,5000
36965,2999
36966,6193
36967,5882
36968,6001
36969,5358
36970,4125
36971,4039
36972,3003
36973,7973
36974,5403
36975,5133
36976,5254
36977,4381
36978,4723
36979,4799
36980,4883
36981,3125
36982,4987
36983,3753
36984,7059
36985,6417
36986,5489
36987,9527
36988,3956
36989,4145
36990,7867
36991,3975
36992,4531
36993,1953
36994,6602
36995,6302
36996,4421
36997,5331
36998,5221
36999,5164
37000,4617
37001,6511
37002,8202
37003,2020
37004,6448
37005,2453
37006,10813
37007,3509
37008,6183
37009,6641
37010,4719
37011,5147
37012,3582
37013,4431
37014,2573
37015,3751
37016,4908
37017,3799
37018,4988
37019,6121
37020,4348
37021,5666
37022,4841
37023,6472
37024,7466
37025,5928
37026,3805
37027,3086
37028,8341
37029,7071
37030,4464
37031,5554
37032,4004
37033,5531
37034,3722
37035,3611
37036,4937
37037,3145
37038,5218
37039,3565
37040,8009
37041,5185
37042,6639
37043,6265
37044,4476
37045,6817
37046,15407
37047,7735
37048,3849
37049,2246
37050,4657
37051,6244
37052,3949
37053,5042
37054,12339
37055,5079
37056,8896
37057,17035
37058,3568
37059,4705
37060,4333
37061,3526
37062,7678
37063,3769
37064,5736
37065,7536
37066,5963
37067,5006
37068,5761
37069,4463
37070,4839
37071,3032
37072,4812
37073,5609
37074,7205
37075,5410
37076,4677
37077,3630
37078,6228
37079,3914
37080,4514
37081,2996
37082,6455
37083,4362
37084,5166
37085,5294
37086,6034
37087,0
37088,4602
37089,5196
37090,4764
37091,5926
37092,5509
37093,6808
37094,9267
37095,6360
37096,4427
37097,2894
37098,4747
37099,5139
37100,5039
37101,4118
37102,2300
37103,6524
37104,5123
37105,7506
37106,5747
37107,4679
37108,5310
37109,4128
37110,3921
37111,7405
37112,4232
37113,5954
37114,5952
37115,11086
37116,4653
37117,4370
37118,6374
37119,4351
37120,5625
37121,4558
37122,6098
37123,3533
37124,5406
37125,3106
37126,4899
37127,2998
37128,7544
37129,4072
37130,11651
37131,11172
37132,4605
37133,5410
37134,4420
37135,4958
37136,4244
37137,9263
37138,5889
37139,7073
37140,3619
37141,6271
37142,4230
37143,7393
37144,6660
37145,5658
37146,4666
37147,5174
37148,6281
37149,5912
37150,7594
37151,4955
37152,5998
37153,7331
37154,5251
37155,5151
37156,4616
37157,7538
37158,5557
37159,4536
37160,3982
37161,4862
37162,3658
37163,7136
37164,5263
37165,6005
37166,4882
37167,6604
37168,3955
37169,5613
37170,7046
37171,5741
37172,6614
37173,5523
37174,3468
37175,10441
37176,7852
37177,6138
37178,14811
37179,7990
37180,5269
37181,4821
37182,6928
37183,8086
37184,8599
37185,8041
37186,4129
37187,5646
37188,4173
37189,6890
37190,3312
37191,8943
37192,4732
37193,3757
37194,4848
37195,6963
37196,5952
37197,4252
37198,6069
37199,4432
37200,3338
37201,5715
37202,3564
37203,3792
37204,4937
37205,4626
37206,7677
37207,6948
37208,6041
37209,5412
37210,4741
37211,8922
37212,5470
37213,3924
37214,3812
37215,3991
37216,6937
37217,3258
37218,9115
37219,5504
37220,2851
37221,3584
37222,5599
37223,5061
37224,4247
37225,6999
37226,7747
37227,9694
37228,4766
37229,8691
37230,2512
37231,4147
37232,5277
37233,4033
37234,5135
37235,4387
37236,4863
37237,3298
37238,4062
37239,9026
37240,6481
37241,3635
37242,4072
37243,6698
37244,8920
37245,7600
37246,4932
37247,3598
37248,11297
37249,4808
37250,6447
37251,4374
37252,4392
37253,5634
37254,7051
37255,3077
37256,3581
37257,4147
37258,4703
37259,7701
37260,6365
37261,5953
37262,10694
37263,4088
37264,7703
37265,9084
37266,5319
37267,3918
37268,2696
37269,5770
37270,4560
37271,4662
37272,4873
37273,5084
37274,9302
37275,3831
37276,4747
37277,5384
37278,4314
37279,5604
37280,4136
37281,3460
37282,5641
37283,2484
37284,5753
37285,6892
37286,4996
37287,6218
37288,6263
37289,6265
37290,4197
37291,5512
37292,7527
37293,5639
37294,4418
37295,4898
37296,3864
37297,8551
37298,5368
37299,5220
37300,4129
37301,5306
37302,6549
37303,5273
37304,4981
37305,6412
37306,4581
37307,5789
37308,13314
37309,4870
37310,6831
37311,5027
37312,5118
37313,4332
37314,3765
37315,3444
37316,4183
37317,7017
37318,9926
37319,7355
37320,7109
37321,8376
37322,8471
37323,8067
37324,6247
37325,8136
37326,3940
37327,8760
37328,8870
37329,5631
37330,6738
37331,6060
37332,5011
37333,3014
37334,9221
37335,5410
37336,4861
37337,5270
37338,2060
37339,10249
37340,8277
37341,11699
37342,5121
37343,3946
37344,3608
37345,4393
37346,4986
37347,5941
37348,5343
37349,4157
37350,3665
37351,5616
37352,2953
37353,2335
37354,4907
37355,10393
37356,5286
37357,15346
37358,3619
37359,4726
37360,4999
37361,4011
37362,3627
37363,4095
37364,3780
37365,3267
37366,6285
37367,5099
37368,3036
37369,7155
37370,4096
37371,4660
37372,3721
37373,8857
37374,5766
37375,7950
37376,4165
37377,5753
37378,3276
37379,4187
37380,3550
37381,11510
37382,8251
37383,5165
37384,3947
37385,4043
37386,4704
37387,3983
37388,9109
37389,3507
37390,10707
37391,3660
37392,4376
37393,4608
37394,6685
37395,5241
37396,3770
37397,5572
37398,6035
37399,5704
37400,5586
37401,4520
37402,2855
37403,7663
37404,3813
37405,3226
37406,4907
37407,5008
37408,4705
37409,5029
37410,7438
37411,6600
37412,5260
37413,6003
37414,3502
37415,6938
37416,4268
37417,3459
37418,5524
37419,5807
37420,5289
37421,6985
37422,5171
37423,4863
37424,5051
37425,5122
37426,4384
37427,5470
37428,5880
37429,5520
37430,4710
37431,4313
37432,7347
37433,5153
37434,3558
37435,8629
37436,4245
37437,2675
37438,5842
37439,7130
37440,7849
37441,4405
37442,4348
37443,4665
37444,3078
37445,4929
37446,5681
37447,5262
37448,4505
37449,5300
37450,6056
37451,2806
37452,4073
37453,4522
37454,4639
37455,3992
37456,5604
37457,5842
37458,5046
37459,3663
37460,6848
37461,4784
37462,6171
37463,6486
37464,3997
37465,5466
37466,5497
37467,6656
37468,6569
37469,6256
37470,3670
37471,8730
37472,5561
37473,5754
37474,7338
37475,3684
37476,3270
37477,9676
37478,6072
37479,6413
37480,4572
37481,5162
37482,6472
37483,3069
37484,5614
37485,4382
37486,5783
37487,4820
37488,4806
37489,6385
37490,4310
37491,6336
37492,8386
37493,12608
37494,6231
37495,3923
37496,4286
37497,3289
37498,2548
37499,8426
37500,6029
37501,4418
37502,6774
37503,4576
37504,8409
37505,3634
37506,4820
37507,4992
37508,6733
37509,4059
37510,4878
37511,4434
37512,3588
37513,5796
37514,4218
37515,5124
37516,5915
37517,7990
37518,6608
37519,5785
37520,4712
37521,8691
37522,3825
37523,4317
37524,7960
37525,5162
37526,7196
37527,8933
37528,12983
37529,4242
37530,3968
37531,3920
37532,4750
37533,6931
37534,7934
37535,5570
37536,6462
37537,5866
37538,3017
37539,6115
37540,5900
37541,5275
37542,6394
37543,4200
37544,3936
37545,4065
37546,3069
37547,3510
37548,5977
37549,5634
37550,8593
37551,12801
37552,5338
37553,4309
37554,5149
37555,6291
37556,6991
37557,3342
37558,4944
37559,3660
37560,7838
37561,5331
37562,4849
37563,9295
37564,10450
37565,3489
37566,5839
37567,2956
37568,4468
37569,4398
37570,7075
37571,3748
37572,3625
37573,4684
37574,5671
37575,5708
37576,3587
37577,4806
37578,5788
37579,4839
37580,5056
37581,2928
37582,7999
37583,13502
37584,3530
37585,6153
37586,6461
37587,5206
37588,3266
37589,3086
37590,3047
37591,5910
37592,4245
37593,5788
37594,7164
37595,3503
37596,4466
37597,4572
37598,4715
37599,4074
37600,4727
37601,4943
37602,8152
37603,6034
37604,6954
37605,4957
37606,3229
37607,4840
37608,4956
37609,7077
37610,4984
37611,3670
37612,16846
37613,5253
37614,4472
37615,9436
37616,5261
37617,4786
37618,4650
37619,5864
37620,4032
37621,7222
37622,11501
37623,3936
37624,4374
37625,4898
37626,9665
37627,5177
37628,4190
37629,4603
37630,3932
37631,4763
37632,3578
37633,6665
37634,3137
37635,6029
37636,2045
37637,16275
37638,6079
37639,3208
37640,4165
37641,6899
37642,4608
37643,5282
37644,6542
37645,4455
37646,4277
37647,3707
37648,7996
37649,4661
37650,4645
37651,5065
37652,6207
37653,4387
37654,6344
37655,4302
37656,3226
37657,6653
37658,7628
37659,3670
37660,5830
37661,5678
37662,4438
37663,7859
37664,4511
37665,5624
37666,5673
37667,6229
37668,3007
37669,3844
37670,3955
37671,0
37672,5135
37673,6246
37674,3159
37675,6762
37676,3011
37677,4771
37678,3711
37679,4940
37680,5007
37681,5506
37682,5589
37683,6668
37684,3419
37685,4842
37686,5413
37687,5958
37688,5325
37689,5826
37690,8217
37691,5478
37692,2586
37693,5344
37694,3897
37695,5164
37696,5070
37697,3296
37698,9189
37699,4006
37700,5244
37701,8386
37702,5699
37703,3228
37704,9376
37705,4540
37706,7480
37707,4259
37708,6526
37709,7452
37710,4892
37711,4179
37712,4973
37713,4140
37714,4565
37715,5025
37716,7572
37717,5494
37718,4428
37719,3719
37720,5123
37721,5539
37722,5013
37723,5306
37724,4571
37725,5109
37726,4961
37727,6232
37728,5979
37729,4926
37730,4681
37731,5233
37732,6258
37733,7780
37734,4265
37735,5985
37736,4414
37737,5335
37738,6005
37739,5483
37740,3532
37741,3638
37742,6223
37743,7390
37744,3741
37745,4617
37746,5939
37747,4824
37748,4476
37749,4558
37750,3662
37751,2586
37752,5853
37753,3187
37754,5471
37755,5489
37756,4751
37757,4836
37758,8797
37759,7146
37760,6479
37761,3860
37762,6668
37763,5810
37764,3343
37765,2927
37766,6651
37767,2588
37768,5554
37769,10420
37770,6225
37771,5205
37772,3620
37773,5348
37774,4986
37775,4756
37776,5553
37777,6402
37778,6374
37779,4463
37780,6689
37781,3680
37782,5132
37783,4193
37784,4319
37785,5051
37786,4253
37787,4136
37788,5876
37789,3560
37790,7313
37791,5013
37792,3573
37793,3690
37794,7021
37795,6059
37796,4820
37797,4733
37798,5175
37799,4082
37800,4960
37801,4837
37802,4882
37803,3956
37804,4288
37805,6396
37806,5271
37807,4851
37808,2716
37809,7933
37810,5117
37811,3776
37812,5449
37813,8444
37814,6489
37815,6769
37816,7079
37817,5092
37818,4237
37819,4503
37820,6103
37821,6579
37822,9376
37823,3650
37824,4707
37825,2970
37826,3270
37827,7180
37828,11198
37829,5254
37830,3829
37831,4255
37832,4985
37833,4645
37834,7570
37835,6480
37836,5143
37837,3219
37838,6025
37839,4687
37840,9890
37841,7191
37842,3617
37843,5561
37844,3341
37845,5804
37846,6424
37847,5572
37848,6417
37849,4809
37850,5529
37851,3653
37852,4919
37853,5507
37854,6431
37855,5594
37856,6822
37857,4871
37858,3422
37859,7134
37860,3707
37861,8739
37862,5111
37863,3592
37864,4773
37865,5388
37866,4986
37867,6034
37868,7021
37869,3756
37870,8995
37871,3322
37872,3674
37873,5391
37874,6606
37875,8703
37876,5183
37877,5635
37878,4545
37879,5499
37880,5227
37881,4232
37882,5142
37883,4102
37884,7883
37885,5317
37886,6267
37887,9747
37888,6776
37889,3971
37890,3857
37891,4406
37892,10182
37893,4198
37894,7974
37895,3325
37896,8021
37897,5560
37898,4573
37899,4137
37900,3676
37901,4053
37902,4651
37903,4475
37904,3899
37905,3694
37906,3596
37907,6421
37908,5220
37909,17383
37910,5437
37911,3798
37912,3577
37913,5307
37914,7448
37915,4022
37916,3688
37917,8637
37918,4917
37919,6009
37920,5015
37921,5833
37922,5702
37923,3929
37924,4639
37925,5644
37926,7250
37927,4853
37928,6339
37929,5545
37930,7037
37931,4854
37932,4340
37933,5047
37934,8316
37935,8441
37936,5394
37937,7173
37938,3789
37939,6491
37940,3044
37941,5183
37942,3610
37943,6544
37944,6629
37945,9155
37946,8257
37947,5477
37948,4637
37949,3690
37950,3468
37951,5691
37952,7878
37953,5242
37954,4138
37955,4791
37956,4608
37957,5759
37958,2616
37959,6983
37960,3779
37961,6475
37962,5399
37963,4391
37964,6554
37965,4049
37966,7673
37967,6357
37968,6109
37969,4422
37970,6888
37971,4021
37972,5478
37973,5595
37974,9248
37975,4305
37976,5820
37977,6632
37978,6393
37979,8141
37980,5309
37981,7268
37982,3653
37983,3580
37984,4611
37985,5876
37986,8440
37987,6839
37988,3055
37989,5002
37990,7423
37991,6739
37992,7523
37993,3451
37994,10378
37995,5593
37996,3519
37997,4391
37998,4953
37999,5634
38000,6603
38001,3648
38002,4899
38003,5487
38004,6106
38005,5309
38006,3887
38007,5513
38008,4837
38009,4891
38010,7582
38011,6023
38012,5701
38013,4033
38014,8026
38015,4523
38016,7052
38017,6228
38018,11314
38019,5218
38020,3989
38021,6218
38022,5334
38023,5416
38024,4538
38025,7416
38026,5568
38027,3155
38028,6395
38029,4707
38030,6084
38031,3690
38032,8788
38033,6378
38034,4652
38035,9585
38036,4551
38037,4417
38038,6967
38039,7691
38040,4561
38041,3718
38042,6292
38043,4691
38044,3975
38045,5626
38046,4770
38047,7316
38048,6165
38049,5817
38050,6412
38051,4451
38052,3978
38053,5440
38054,6849
38055,6165
38056,6937
38057,6675
38058,6853
38059,4843
38060,7538
38061,5687
38062,4465
38063,5023
38064,8180
38065,6052
38066,5053
38067,7901
38068,7905
38069,6594
38070,5213
38071,6196
38072,6637
38073,5429
38074,5593
38075,3503
38076,4527
38077,7334
38078,6513
38079,4895
38080,3146
38081,6528
38082,6010
38083,6051
38084,5760
38085,4485
38086,4045
38087,2911
38088,8076
38089,5078
38090,5317
38091,5375
38092,5068
38093,4672
38094,5347
38095,5409
38096,3389
38097,5593
38098,4455
38099,7947
38100,6922
38101,5935
38102,11013
38103,3923
38104,4693
38105,8363
38106,4251
38107,5253
38108,2122
38109,7597
38110,6871
38111,5015
38112,6095
38113,5259
38114,5437
38115,4599
38116,5912
38117,8174
38118,2495
38119,6671
38120,2830
38121,10162
38122,3669
38123,6744
38124,8153
38125,5214
38126,5353
38127,3972
38128,4089
38129,2707
38130,3614
38131,5465
38132,3883
38133,5747
38134,6665
38135,4505
38136,6208
38137,5387
38138,7295
38139,8467
38140,6551
38141,4384
38142,3608
38143,8584
38144,8483
38145,4912
38146,5810
38147,3971
38148,6379
38149,4126
38150,3753
38151,5463
38152,3699
38153,5360
38154,3862
38155,8355
38156,5597
38157,7137
38158,6327
38159,4818
38160,7700
38161,15880
38162,8047
38163,3861
38164,2826
38165,5210
38166,6048
38167,3813
38168,5628
38169,12673
38170,4934
38171,8633
38172,16672
38173,3723
38174,4766
38175,4647
38176,3217
38177,6650
38178,4110
38179,5906
38180,7480
38181,5886
38182,5412
38183,5950
38184,4834
38185,5580
38186,3093
38187,5683
38188,6060
38189,8672
38190,5870
38191,5263
38192,3266
38193,6462
38194,4425
38195,5027
38196,3118
38197,7251
38198,4946
38199,5756
38200,5779
38201,6063
38202,0
38203,4471
38204,5281
38205,4804
38206,5978
38207,5992
38208,8106
38209,9231
38210,6673
38211,4756
38212,3538
38213,5041
38214,5089
38215,5452
38216,4246
38217,2294
38218,6517
38219,5342
38220,8358
38221,5786
38222,5106
38223,5882
38224,4242
38225,4024
38226,7905
38227,5001
38228,6455
38229,6686
38230,11027
38231,5127
38232,3847
38233,7135
38234,3891
38235,4643
38236,5358
38237,6083
38238,3858
38239,5898
38240,3186
38241,4982
38242,2995
38243,7486
38244,4642
38245,12261
38246,11265
38247,5135
38248,5715
38249,5014
38250,5162
38251,4552
38252,10182
38253,6761
38254,7003
38255,3954
38256,7015
38257,4943
38258,8033
38259,6753
38260,6366
38261,5109
38262,5632
38263,6449
38264,6836
38265,7383
38266,5582
38267,5783
38268,7872
38269,5988
38270,5261
38271,5006
38272,7799
38273,5325
38274,4897
38275,4523
38276,5298
38277,4074
38278,7841
38279,6164
38280,6541
38281,5444
38282,7288
38283,4340
38284,5524
38285,7335
38286,5676
38287,6812
38288,5343
38289,3510
38290,10893
38291,7195
38292,6937
38293,14856
38294,7293
38295,6034
38296,5460
38297,8045
38298,8115
38299,8651
38300,8805
38301,4782
38302,5598
38303,4813
38304,8181
38305,3694
38306,7854
38307,4593
38308,4296
38309,5206
38310,6576
38311,5968
38312,4683
38313,6780
38314,4374
38315,3410
38316,6551
38317,3972
38318,4257
38319,5075
38320,4848
38321,8850
38322,8338
38323,5998
38324,6245
38325,5271
38326,8362
38327,5086
38328,4716
38329,4271
38330,4534
38331,8171
38332,3443
38333,10297
38334,5820
38335,2807
38336,3712
38337,5818
38338,5359
38339,4878
38340,7830
38341,8069
38342,9301
38343,5412
38344,9751
38345,2585
38346,4525
38347,5598
38348,4435
38349,5424
38350,5187
38351,5771
38352,3885
38353,4623
38354,10241
38355,7659
38356,3930
38357,4284
38358,7498
38359,8746
38360,7006
38361,5208
38362,3816
38363,11246
38364,4917
38365,7035
38366,4375
38367,5149
38368,6850
38369,6760
38370,3267
38371,4056
38372,3983
38373,4551
38374,8261
38375,7387
38376,6734
38377,10344
38378,4738
38379,8668
38380,9646
38381,6167
38382,4207
38383,2747
38384,6327
38385,5015
38386,4877
38387,5338
38388,5099
38389,9176
38390,3651
38391,5150
38392,6174
38393,3760
38394,6954
38395,4725
38396,3577
38397,5839
38398,2691
38399,5494
38400,7174
38401,6078
38402,6772
38403,6682
38404,6227
38405,4787
38406,5747
38407,8386
38408,6136
38409,4903
38410,5603
38411,4124
38412,8702
38413,5956
38414,5226
38415,4193
38416,5412
38417,7126
38418,5792
38419,5253
38420,6998
38421,4666
38422,6541
38423,13083
38424,5276
38425,7680
38426,4473
38427,5291
38428,5432
38429,4512
38430,3729
38431,4835
38432,7967
38433,10515
38434,7621
38435,7244
38436,7522
38437,9570
38438,8644
38439,6952
38440,8048
38441,3908
38442,8568
38443,9900
38444,6660
38445,6875
38446,6913
38447,5258
38448,2929
38449,10006
38450,5740
38451,5098
38452,5670
38453,2025
38454,10008
38455,8348
38456,11213
38457,5630
38458,4589
38459,4113
38460,5068
38461,4896
38462,6056
38463,6399
38464,4441
38465,4063
38466,5330
38467,2819
38468,2355
38469,4696
38470,10668
38471,5873
38472,15500
38473,3403
38474,5300
38475,5108
38476,4511
38477,3941
38478,5278
38479,3697
38480,3175
38481,7675
38482,5721
38483,3321
38484,8020
38485,4367
38486,4896
38487,3653
38488,9032
38489,6301
38490,7891
38491,4299
38492,6141
38493,3691
38494,4758
38495,3906
38496,11869
38497,9574
38498,5740
38499,4232
38500,4741
38501,5581
38502,3467
38503,7839
38504,3334
38505,11051
38506,3694
38507,4665
38508,4893
38509,7607
38510,6441
38511,4519
38512,5646
38513,5541
38514,6337
38515,6345
38516,4309
38517,3043
38518,7145
38519,3892
38520,3399
38521,5236
38522,5722
38523,4725
38524,5393
38525,8097
38526,6974
38527,5630
38528,6879
38529,3692
38530,7872
38531,4474
38532,3980
38533,6072
38534,5988
38535,5368
38536,7454
38537,5647
38538,4961
38539,5396
38540,4588
38541,4608
38542,5704
38543,6805
38544,5650
38545,4907
38546,4606
38547,8223
38548,5711
38549,3894
38550,9403
38551,4093
38552,2669
38553,6077
38554,8094
38555,8022
38556,4608
38557,4760
38558,5028
38559,3288
38560,5536
38561,6069
38562,5527
38563,5089
38564,5120
38565,6834
38566,2947
38567,4444
38568,4749
38569,4525
38570,4488
38571,6328
38572,6137
38573,5542
38574,4131
38575,6770
38576,5680
38577,6449
38578,6851
38579,4655
38580,5640
38581,5679
38582,6517
38583,6995
38584,7789
38585,2773
38586,8899
38587,5822
38588,5765
38589,8195
38590,4048
38591,3433
38592,9877
38593,6223
38594,7458
38595,4518
38596,4881
38597,7407
38598,3198
38599,6098
38600,4313
38601,6560
38602,4710
38603,5010
38604,7079
38605,4302
38606,7056
38607,8563
38608,13067
38609,6377
38610,4138
38611,4753
38612,3799
38613,2680
38614,8825
38615,6242
38616,5241
38617,7651
38618,5086
38619,7634
38620,4229
38621,5090
38622,5464
38623,6705
38624,4987
38625,5051
38626,5011
38627,3829
38628,6119
38629,4739
38630,5778
38631,6442
38632,7556
38633,7128
38634,6156
38635,5241
38636,8534
38637,4331
38638,5240
38639,9236
38640,5548
38641,7200
38642,8363
38643,14646
38644,4314
38645,3959
38646,4075
38647,4684
38648,7553
38649,9083
38650,6347
38651,6526
38652,6562
38653,3429
38654,6548
38655,5853
38656,6025
38657,7202
38658,4721
38659,4568
38660,4533
38661,2966
38662,3839
38663,6400
38664,5368
38665,9601
38666,14006
38667,5742
38668,4105
38669,5559
38670,6591
38671,6808
38672,3647
38673,5394
38674,3998
38675,7907
38676,6133
38677,5302
38678,10219
38679,11737
38680,3526
38681,6063
38682,3086
38683,4956
38684,4421
38685,7733
38686,4001
38687,4381
38688,4732
38689,5923
38690,4955
38691,3421
38692,5183
38693,6334
38694,5576
38695,5634
38696,2504
38697,8582
38698,14070
38699,3825
38700,7127
38701,6908
38702,5643
38703,3853
38704,3053
38705,3417
38706,6162
38707,4676
38708,5711
38709,7865
38710,3951
38711,4985
38712,5238
38713,5127
38714,4472
38715,4861
38716,5379
38717,9232
38718,6189
38719,7721
38720,5511
38721,3268
38722,4878
38723,4975
38724,7518
38725,5295
38726,3917
38727,16014
38728,5408
38729,4682
38730,10264
38731,5163
38732,5278
38733,5185
38734,5925
38735,4261
38736,7649
38737,12102
38738,4042
38739,4938
38740,5154
38741,9997
38742,5917
38743,4658
38744,4504
38745,4508
38746,4543
38747,4079
38748,6988
38749,3016
38750,5592
38751,2422
38752,18031
38753,6648
38754,3143
38755,4946
38756,7797
38757,4945
38758,5556
38759,6758
38760,4716
38761,4944
38762,3818
38763,8140
38764,4637
38765,5169
38766,5073
38767,6976
38768,4369
38769,6851
38770,5028
38771,3427
38772,6627
38773,9518
38774,3843
38775,6384
38776,6492
38777,5259
38778,8901
38779,4371
38780,5356
38781,6378
38782,6755
38783,2992
38784,4259
38785,4475
38786,0
38787,5368
38788,6716
38789,3476
38790,7081
38791,3105
38792,5887
38793,4149
38794,5516
38795,4888
38796,5743
38797,6847
38798,7610
38799,3797
38800,5488
38801,5656
38802,6265
38803,5394
38804,6661
38805,8321
38806,5416
38807,2996
38808,5300
38809,4047
38810,5472
38811,5187
38812,3367
38813,10564
38814,4601
38815,5184
38816,9042
38817,5646
38818,3446
38819,10010
38820,4929
38821,7946
38822,4549
38823,6820
38824,7169
38825,5902
38826,4607
38827,5657
38828,4518
38829,4968
38830,5441
38831,7169
38832,6298
38833,4512
38834,3846
38835,6072
38836,6107
38837,4986
38838,5913
38839,4785
38840,5044
38841,4839
38842,6829
38843,6045
38844,5778
38845,5092
38846,5313
38847,6857
38848,7467
38849,4901
38850,6408
38851,4423
38852,5703
38853,6417
38854,5464
38855,3766
38856,3917
38857,6415
38858,7800
38859,3865
38860,5075
38861,6487
38862,5668
38863,4420
38864,4761
38865,4286
38866,2483
38867,6277
38868,3145
38869,5543
38870,6036
38871,5709
38872,5224
38873,8008
38874,7452
38875,6601
38876,4148
38877,6671
38878,5695
38879,3364
38880,2686
38881,6539
38882,2973
38883,5873
38884,10530
38885,6702
38886,5599
38887,3720
38888,5842
38889,5070
38890,5055
38891,5947
38892,6963
38893,6074
38894,4449
38895,7228
38896,3708
38897,5370
38898,3929
38899,4862
38900,5747
38901,5123
38902,4461
38903,5914
38904,3902
38905,7943
38906,5033
38907,4325
38908,4003
38909,7781
38910,6428
38911,4577
38912,4924
38913,5792
38914,4634
38915,5000
38916,5110
38917,5670
38918,4133
38919,4401
38920,7264
38921,5426
38922,5541
38923,2787
38924,8522
38925,5981
38926,4308
38927,5116
38928,8691
38929,7179
38930,7516
38931,7310
38932,5344
38933,4634
38934,4884
38935,6654
38936,7459
38937,10146
38938,4058
38939,4222
38940,2856
38941,3919
38942,7467
38943,11168
38944,4968
38945,3689
38946,4926
38947,4796
38948,5285
38949,8099
38950,6968
38951,5315
38952,3163
38953,6941
38954,5033
38955,9812
38956,7842
38957,4238
38958,5926
38959,3413
38960,6504
38961,6504
38962,5850
38963,6115
38964,4997
38965,5709
38966,4311
38967,5150
38968,6299
38969,6396
38970,5932
38971,7367
38972,5262
38973,3583
38974,7748
38975,3978
38976,9309
38977,5670
38978,4223
38979,4744
38980,5313
38981,4709
38982,6833
38983,6850
38984,4444
38985,9067
38986,3409
38987,3958
38988,5997
38989,7305
38990,9422
38991,5123
38992,5037
38993,5590
38994,5606
38995,5637
38996,4134
38997,5336
38998,4361
38999,8856
39000,4844
39001,6845
39002,10106
39003,7444
39004,4406
39005,3726
39006,4594
39007,10306
39008,4270
39009,8055
39010,3752
39011,7907
39012,5565
39013,4834
39014,4593
39015,4124
39016,4300
39017,5076
39018,4302
39019,4237
39020,3526
39021,3598
39022,6815
39023,5193
39024,18274
39025,6164
39026,4389
39027,2561
39028,4038
39029,8489
39030,2023
39031,2708
39032,6663
39033,3175
39034,6222
39035,4828
39036,5252
39037,5721
39038,4575
39039,3207
39040,5617
39041,5634
39042,2474
39043,4592
39044,4191
39045,6289
39046,5454
39047,3459
39048,4596
39049,7643
39050,7824
39051,5312
39052,6767
39053,2054
39054,7469
39055,3436
39056,5096
39057,2549
39058,7773
39059,6630
39060,8651
39061,9460
39062,6213
39063,5947
39064,3135
39065,4518
39066,6219
39067,7612
39068,4003
39069,3346
39070,5864
39071,4938
39072,5511
39073,2238
39074,7955
39075,4384
39076,7564
39077,6129
39078,3411
39079,7539
39080,2774
39081,9399
39082,5731
39083,6606
39084,2327
39085,5053
39086,4471
39087,3562
39088,6634
39089,10089
39090,2845
39091,6120
39092,6117
39093,8065
39094,7603
39095,5407
39096,6252
39097,2536
39098,2421
39099,4314
39100,5830
39101,8547
39102,8076
39103,2229
39104,4460
39105,8941
39106,8739
39107,5171
39108,2942
39109,10459
39110,4822
39111,3309
39112,3626
39113,2161
39114,4791
39115,6592
39116,3772
39117,5473
39118,2896
39119,5504
39120,3574
39121,1860
39122,3927
39123,5077
39124,5795
39125,9062
39126,6464
39127,6246
39128,3574
39129,10043
39130,3438
39131,5560
39132,7131
39133,12849
39134,4823
39135,3436
39136,6616
39137,5483
39138,6400
39139,4633
39140,10149
39141,5245
39142,2127
39143,7416
39144,4273
39145,6051
39146,2203
39147,9001
39148,3570
39149,2681
39150,7671
39151,4268
39152,5170
39153,8097
39154,7579
39155,4334
39156,3818
39157,7592
39158,3128
39159,2896
39160,6768
39161,4948
39162,6346
39163,3187
39164,4647
39165,6585
39166,4350
39167,3009
39168,5510
39169,6088
39170,6257
39171,6815
39172,7509
39173,6335
39174,4152
39175,7506
39176,5266
39177,3042
39178,3523
39179,8503
39180,7048
39181,2802
39182,6633
39183,9848
39184,6824
39185,4977
39186,6424
39187,7709
39188,5208
39189,4512
39190,2912
39191,5085
39192,4991
39193,5048
39194,4941
39195,2938
39196,5566
39197,7008
39198,5431
39199,6641
39200,5154
39201,2720
39202,1506
39203,6296
39204,5626
39205,6241
39206,3585
39207,5681
39208,4285
39209,5142
39210,4771
39211,3705
39212,4084
39213,4970
39214,7181
39215,6785
39216,7226
39217,14561
39218,4206
39219,4918
39220,9784
39221,3273
39222,4980
39223,799
39224,8326
39225,6385
39226,5203
39227,6768
39228,5245
39229,4869
39230,4762
39231,4648
39232,7353
39233,2766
39234,6503
39235,2776
39236,8030
39237,3427
39238,7118
39239,9642
39240,6427
39241,5744
39242,3957
39243,2266
39244,1670
39245,3335
39246,5414
39247,2821
39248,4985
39249,7476
39250,3571
39251,5681
39252,4329
39253,7605
39254,7849
39255,6709
39256,5237
39257,3139
39258,9026
39259,9036
39260,3775
39261,4070
39262,3350
39263,5865
39264,5170
39265,3598
39266,6016
39267,3245
39268,5235
39269,4214
39270,9164
39271,4924
39272,7818
39273,6287
39274,4508
39275,8758
39276,16395
39277,8268
39278,3504
39279,3560
39280,5894
39281,6849
39282,2718
39283,4797
39284,9632
39285,5528
39286,6467
39287,16055
39288,5234
39289,4709
39290,2943
39291,2149
39292,9692
39293,2992
39294,5273
39295,7915
39296,2833
39297,3619
39298,5927
39299,3751
39300,6662
39301,1908
39302,5322
39303,4848
39304,10451
39305,6016
39306,5581
39307,2777
39308,7927
39309,5647
39310,6602
39311,1597
39312,9264
39313,5282
39314,6252
39315,4019
39316,4220
39317,0
39318,4107
39319,3710
39320,5275
39321,4681
39322,5072
39323,8378
39324,9803
39325,7792
39326,3616
39327,4384
39328,4157
39329,4282
39330,6775
39331,3077
39332,1305
39333,6089
39334,5182
39335,7921
39336,5727
39337,4460
39338,4356
39339,3183
39340,2565
39341,8024
39342,5930
39343,4476
39344,5185
39345,10695
39346,5641
39347,1792
39348,7773
39349,1852
39350,3791
39351,6073
39352,5397
39353,2338
39354,4126
39355,4055
39356,3757
39357,1604
39358,7658
39359,4333
39360,9258
39361,10838
39362,5966
39363,5845
39364,4319
39365,4732
39366,4456
39367,11867
39368,6011
39369,6615
39370,3210
39371,5424
39372,5647
39373,8716
39374,7514
39375,7001
39376,5209
39377,6136
39378,5316
39379,8109
39380,6090
39381,6715
39382,5535
39383,8794
39384,7094
39385,4442
39386,5309
39387,8246
39388,5511
39389,3397
39390,5545
39391,3196
39392,4534
39393,8882
39394,7202
39395,6833
39396,6393
39397,7764
39398,4632
39399,3905
39400,4061
39401,5440
39402,6392
39403,6030
39404,3126
39405,12067
39406,4795
39407,5243
39408,16365
39409,5370
39410,7661
39411,5803
39412,7622
39413,7756
39414,6953
39415,8918
39416,2734
39417,4255
39418,5196
39419,9049
39420,2615
39421,5191
39422,4151
39423,4931
39424,5394
39425,5632
39426,3287
39427,5174
39428,4625
39429,2936
39430,3016
39431,7441
39432,4150
39433,5064
39434,5743
39435,5038
39436,9865
39437,11858
39438,5382
39439,7534
39440,5519
39441,9247
39442,4553
39443,2638
39444,3420
39445,5312
39446,11056
39447,3778
39448,8465
39449,6871
39450,2057
39451,3513
39452,6200
39453,6446
39454,5238
39455,9160
39456,8579
39457,7036
39458,4035
39459,12070
39460,1943
39461,3546
39462,7589
39463,3717
39464,5097
39465,3886
39466,6536
39467,4883
39468,3608
39469,12136
39470,10625
39471,2413
39472,4561
39473,5274
39474,7692
39475,10048
39476,5304
39477,2801
39478,10862
39479,1859
39480,9702
39481,4123
39482,5578
39483,9985
39484,5494
39485,1523
39486,4893
39487,2292
39488,3440
39489,10598
39490,8107
39491,4140
39492,11613
39493,6615
39494,9431
39495,12370
39496,7118
39497,3781
39498,2013
39499,4656
39500,5901
39501,2667
39502,6038
39503,4140
39504,6944
39505,2201
39506,5638
39507,7514
39508,1720
39509,8866
39510,5630
39511,2596
39512,6562
39513,3080
39514,2829
39515,9503
39516,7251
39517,7165
39518,7453
39519,5185
39520,4955
39521,5679
39522,7225
39523,7675
39524,5891
39525,6774
39526,3810
39527,9021
39528,5592
39529,5507
39530,3994
39531,4660
39532,7573
39533,5686
39534,3933
39535,4849
39536,5013
39537,5037
39538,14440
39539,5165
39540,9531
39541,4236
39542,3751
39543,6114
39544,5199
39545,3140
39546,4975
39547,8675
39548,12276
39549,7190
39550,8618
39551,6500
39552,10219
39553,7831
39554,6834
39555,7856
39556,3947
39557,10225
39558,8097
39559,6865
39560,5026
39561,5124
39562,5193
39563,2250
39564,12506
39565,6554
39566,5409
39567,5108
39568,1504
39569,8335
39570,7309
39571,10726
39572,5869
39573,4448
39574,3524
39575,6524
39576,4731
39577,4257
39578,10653
39579,4083
39580,4310
39581,4931
39582,3317
39583,2340
39584,2212
39585,12270
39586,4523
39587,12774
39588,3822
39589,5472
39590,4803
39591,3791
39592,3030
39593,6100
39594,2897
39595,2629
39596,10413
39597,5638
39598,2689
39599,9036
39600,2663
39601,5138
39602,3472
39603,10546
39604,7044
39605,7780
39606,2581
39607,5399
39608,2505
39609,5065
39610,3407
39611,15207
39612,11880
39613,4710
39614,2900
39615,5923
39616,4427
39617,2366
39618,7387
39619,2224
39620,11529
39621,3906
39622,4908
39623,5673
39624,10180
39625,6345
39626,5095
39627,5252
39628,5998
39629,6644
39630,6812
39631,3529
39632,1211
39633,4372
39634,2664
39635,2746
39636,5922
39637,6734
39638,5198
39639,4917
39640,8493
39641,5396
39642,3083
39643,7905
39644,2341
39645,9667
39646,4624
39647,2621
39648,4336
39649,4015
39650,4436
39651,6419
39652,7096
39653,3603
39654,5956
39655,2440
39656,4333
39657,6927
39658,8742
39659,3525
39660,2032
39661,5041
39662,7438
39663,5988
39664,2457
39665,10356
39666,3537
39667,3112
39668,5277
39669,10315
39670,9394
39671,4364
39672,4156
39673,5349
39674,1542
39675,6616
39676,6431
39677,4313
39678,4114
39679,2582
39680,8000
39681,2843
39682,4276
39683,3720
39684,3564
39685,2934
39686,7523
39687,6386
39688,5451
39689,3522
39690,5056
39691,7708
39692,6794
39693,6586
39694,4972
39695,5481
39696,5667
39697,7412
39698,7525
39699,5092
39700,1800
39701,6854
39702,6222
39703,5891
39704,6925
39705,5162
39706,2924
39707,6917
39708,4829
39709,9957
39710,2566
39711,2635
39712,8637
39713,1564
39714,5391
39715,4175
39716,7673
39717,3446
39718,4546
39719,9106
39720,2686
39721,5892
39722,9030
39723,13074
39724,6926
39725,2414
39726,5414
39727,3776
39728,2172
39729,7072
39730,4790
39731,6313
39732,4850
39733,4872
39734,5561
39735,4933
39736,5335
39737,4795
39738,8309
39739,5371
39740,2329
39741,5858
39742,3553
39743,5610
39744,5635
39745,5786
39746,7100
39747,7831
39748,8637
39749,5557
39750,4854
39751,5634
39752,3027
39753,5804
39754,8220
39755,5903
39756,6450
39757,8070
39758,13328
39759,3023
39760,3272
39761,4726
39762,3683
39763,8069
39764,10131
39765,8023
39766,6827
39767,7092
39768,1927
39769,7967
39770,2905
39771,6538
39772,5973
39773,5009
39774,2158
39775,4892
39776,3122
39777,3066
39778,6609
39779,4197
39780,8677
39781,15910
39782,5762
39783,3250
39784,4492
39785,7550
39786,5911
39787,4207
39788,5368
39789,2244
39790,6662
39791,6905
39792,3301
39793,9892
39794,11531
39795,2951
39796,5587
39797,3355
39798,3860
39799,3715
39800,9063
39801,3594
39802,4545
39803,4688
39804,2605
39805,2618
39806,2282
39807,5484
39808,5475
39809,4574
39810,7098
39811,1170
39812,6811
39813,14320
39814,3230
39815,8517
39816,6519
39817,4442
39818,3897
39819,2332
39820,3883
39821,4270
39822,5168
39823,2809
39824,8627
39825,4204
39826,4006
39827,5735
39828,5370
39829,5599
39830,4739
39831,5927
39832,10751
39833,4191
39834,6418
39835,6030
39836,3261
39837,2999
39838,4615
39839,5471
39840,6248
39841,3291
39842,11863
39843,5126
39844,4502
39845,12018
39846,4286
39847,6483
39848,4238
39849,4938
39850,5113
39851,6277
39852,15164
39853,2777
39854,5670
39855,3254
39856,8962
39857,6842
39858,4918
39859,3355
39860,3730
39861,2311
39862,2075
39863,6189
39864,1864
39865,3796
39866,1222
39867,20632
39868,7549
39869,1966
39870,5009
39871,5668
39872,5928
39873,5415
39874,7577
39875,5117
39876,5742
39877,2854
39878,8137
39879,5432
39880,4176
39881,5517
39882,9350
39883,4515
39884,8162
39885,5758
39886,3016
39887,5475
39888,7352
39889,2718
39890,7739
39891,7124
39892,4976
39893,10242
39894,3316
39895,4513
39896,8965
39897,6417
39898,2102
39899,4546
39900,3777
39901,0
39902,5047
39903,5485
39904,3476
39905,6263
39906,2129
39907,6615
39908,2739
39909,5665
39910,5254
39911,4240
39912,6586
39913,7864
39914,2501
39915,5662
39916,6449
39917,3193
39918,5573
39919,5621
39920,9268
39921,6249
39922,3805
39923,2106
39924,1998
39925,5804
39926,4492
39927,3880
39928,12301
39929,5359
39930,5186
39931,9233
39932,6167
39933,2253
39934,10455
39935,4018
39936,7456
39937,5744
39938,7743
39939,5577
39940,8089
39941,4861
39942,3880
39943,2825
39944,3524
39945,6113
39946,4060
39947,7572
39948,4147
39949,2611
39950,7427
39951,6500
39952,4294
39953,6640
39954,4068
39955,6168
39956,4303
39957,4893
39958,3439
39959,4360
39960,3398
39961,5710
39962,7934
39963,7469
39964,5988
39965,5024
39966,4123
39967,6192
39968,6625
39969,6408
39970,2685
39971,2946
39972,8562
39973,6328
39974,2768
39975,4028
39976,7027
39977,6409
39978,2308
39979,5626
39980,4567
39981,1866
39982,4783
39983,2540
39984,3876
39985,6458
39986,5407
39987,4765
39988,3809
39989,9064
39990,6842
39991,3363
39992,5112
39993,4947
39994,2975
39995,1178
39996,6446
39997,1529
39998,6032
39999,10033
40000,5245
40001,4200
40002,3049
40003,4704
40004,4778
40005,4718
40006,5149
40007,5579
40008,7351
40009,5728
40010,8673
40011,3444
40012,3364
40013,4267
40014,3667
40015,5064
40016,6028
40017,3188
40018,4869
40019,2513
40020,7058
40021,3726
40022,4336
40023,4039
40024,5067
40025,7232
40026,2930
40027,5705
40028,4230
40029,5456
40030,4802
40031,5407
40032,6800
40033,4355
40034,4026
40035,9053
40036,6014
40037,6573
40038,1795
40039,4495
40040,5374
40041,3712
40042,4235
40043,9410
40044,8291
40045,10017
40046,8882
40047,5941
40048,4881
40049,5756
40050,6315
40051,7212
40052,10591
40053,3203
40054,1752
40055,1446
40056,3795
40057,4704
40058,9218
40059,2403
40060,1762
40061,5038
40062,5215
40063,5806
40064,10702
40065,6417
40066,6050
40067,2514
40068,6923
40069,6191
40070,8169
40071,6548
40072,3078
40073,6132
40074,3073
40075,6931
40076,5552
40077,4825
40078,5518
40079,3676
40080,5629
40081,4987
40082,6239
40083,4714
40084,7244
40085,5131
40086,9322
40087,5397
40088,3320
40089,7747
40090,2957
40091,9692
40092,5905
40093,4758
40094,3043
40095,6466
40096,4210
40097,4247
40098,6241
40099,3961
40100,11092
40101,2969
40102,2761
40103,5683
40104,6320
40105,10929
40106,2317
40107,4050
40108,6250
40109,5922
40110,4210
40111,3348
40112,5734
40113,3072
40114,10077
40115,2535
40116,6647
40117,12751
40118,6274
40119,5969
40120,2954
40121,4622
40122,8189
40123,2405
40124,8665
40125,2653
40126,7741
40127,6459
40128,5639
40129,5611
40130,4652
40131,2930
40132,5270
40133,2138
40134,3691
40135,2894
40136,2620
40137,6856
40138,5364
40139,19259
40140,7753
40141,0
40142,0
40143,0
40144,0
40145,0
40146,0
40147,0
40148,0
40149,0
40150,0
40151,0
40152,0
40153,0
40154,0
40155,0
40156,0
40157,0
40158,0
40159,0
40160,0
40161,0
40162,0
40163,0
40164,0
40165,0
40166,0
40167,0
40168,0
40169,0
40170,0
40171,0
40172,0
40173,0
40174,0
40175,0
40176,0
40177,0
40178,0
40179,0
40180,0
40181,0
40182,0
40183,0
40184,0
40185,0
40186,0
40187,0
40188,0
40189,0
40190,0
40191,0
40192,0
40193,0
40194,0
40195,0
40196,0
40197,0
40198,0
40199,0
40200,0
40201,0
40202,0
40203,0
40204,0
40205,0
40206,0
40207,0
40208,0
40209,0
40210,0
40211,0
40212,0
40213,0
40214,0
40215,0
40216,0
40217,0
40218,0
40219,0
40220,0
40221,0
40222,0
40223,0
40224,0
40225,11338
40226,0
40227,0
40228,0
40229,0
40230,0
40231,0
40232,0
40233,0
40234,0
40235,0
40236,0
40237,0
40238,0
40239,0
40240,0
40241,0
40242,0
40243,0
40244,0
40245,0
40246,0
40247,0
40248,0
40249,0
40250,0
40251,0
40252,0
40253,0
40254,0
40255,0
40256,0
40257,0
40258,0
40259,0
40260,0
40261,0
40262,4524
40263,0
40264,0
40265,0
40266,0
40267,0
40268,0
40269,0
40270,0
40271,0
40272,0
40273,0
40274,0
40275,0
40276,0
40277,0
40278,0
40279,0
40280,0
40281,0
40282,0
40283,0
40284,0
40285,0
40286,0
40287,0
40288,0
40289,0
40290,0
40291,0
40292,0
40293,0
40294,0
40295,0
40296,0
40297,0
40298,0
40299,0
40300,0
40301,0
40302,0
40303,0
40304,0
40305,0
40306,0
40307,0
40308,0
40309,0
40310,0
40311,0
40312,0
40313,0
40314,0
40315,0
40316,0
40317,0
40318,0
40319,0
40320,0
40321,0
40322,0
40323,0
40324,0
40325,0
40326,0
40327,0
40328,0
40329,0
40330,0
40331,0
40332,0
40333,0
40334,0
40335,0
40336,0
40337,0
40338,0
40339,0
40340,0
40341,0
40342,0
40343,0
40344,0
40345,0
40346,0
40347,0
40348,0
40349,2891
40350,0
40351,0
40352,0
40353,0
40354,0
40355,0
40356,0
40357,0
40358,0
40359,0
40360,0
40361,0
40362,0
40363,0
40364,0
40365,0
40366,0
40367,0
40368,0
40369,0
40370,0
40371,0
40372,0
40373,0
40374,0
40375,0
40376,0
40377,0
40378,0
40379,0
40380,0
40381,0
40382,0
40383,0
40384,0
40385,0
40386,0
40387,0
40388,0
40389,0
40390,0
40391,0
40392,0
40393,0
40394,0
40395,0
40396,0
40397,0
40398,0
40399,16903
40400,0
40401,0
40402,27099
40403,0
40404,0
40405,0
40406,0
40407,0
40408,0
40409,0
40410,0
40411,0
40412,0
40413,0
40414,7312
40415,0
40416,0
40417,0
40418,0
40419,0
40420,0
40421,0
40422,0
40423,0
40424,0
40425,0
40426,0
40427,0
40428,0
40429,0
40430,0
40431,0
40432,0
40433,0
40434,0
40435,0
40436,0
40437,0
40438,0
40439,5709
40440,0
40441,0
40442,0
40443,0
40444,0
40445,0
40446,0
40447,0
40448,0
40449,0
40450,2998
40451,0
40452,0
40453,0
40454,0
40455,0
40456,0
40457,0
40458,0
40459,0
40460,0
40461,0
40462,0
40463,0
40464,0
40465,0
40466,0
40467,0
40468,0
40469,0
40470,0
40471,0
40472,0
40473,0
40474,0
40475,8004
40476,0
40477,0
40478,0
40479,0
40480,0
40481,0
40482,0
40483,0
40484,0
40485,0
40486,0
40487,0
40488,0
40489,0
40490,0
40491,0
40492,0
40493,8948
40494,0
40495,0
40496,0
40497,0
40498,0
40499,0
40500,0
40501,0
40502,0
40503,0
40504,0
40505,0
40506,0
40507,0
40508,0
40509,0
40510,0
40511,0
40512,0
40513,0
40514,0
40515,0
40516,0
40517,0
40518,0
40519,0
40520,0
40521,0
40522,0
40523,0
40524,0
40525,0
40526,0
40527,0
40528,0
40529,0
40530,0
40531,0
40532,0
40533,0
40534,0
40535,0
40536,0
40537,0
40538,0
40539,0
40540,0
40541,0
40542,0
40543,0
40544,0
40545,0
40546,0
40547,0
40548,0
40549,0
40550,0
40551,0
40552,0
40553,0
40554,0
40555,0
40556,0
40557,0
40558,0
40559,0
40560,0
40561,0
40562,0
40563,14613
40564,0
40565,0
40566,0
40567,0
40568,0
40569,0
40570,0
40571,0
40572,0
40573,1763
40574,0
40575,0
40576,0
40577,0
40578,0
40579,0
40580,0
40581,0
40582,0
40583,0
40584,0
40585,0
40586,0
40587,0
40588,0
40589,0
40590,0
40591,0
40592,0
40593,6413
40594,0
40595,0
40596,0
40597,0
40598,0
40599,0
40600,0
40601,0
40602,0
40603,0
40604,0
40605,0
40606,0
40607,0
40608,0
40609,0
40610,0
40611,0
40612,0
40613,0
40614,0
40615,0
40616,0
40617,0
40618,0
40619,0
40620,0
40621,0
40622,0
40623,0
40624,0
40625,0
40626,0
40627,0
40628,0
40629,0
40630,0
40631,0
40632,0
40633,0
40634,7478
40635,0
40636,0
40637,0
40638,0
40639,0
40640,0
40641,0
40642,0
40643,0
40644,0
40645,0
40646,0
40647,0
40648,0
40649,0
40650,0
40651,0
40652,7533
40653,0
40654,0
40655,0
40656,0
40657,0
40658,0
40659,0
40660,0
40661,0
40662,0
40663,0
40664,2118
40665,0
40666,0
40667,0
40668,0
40669,0
40670,6363
40671,0
40672,0
40673,0
40674,0
40675,0
40676,0
40677,0
40678,0
40679,0
40680,0
40681,0
40682,0
40683,0
40684,0
40685,0
40686,0
40687,0
40688,0
40689,0
40690,0
40691,0
40692,0
40693,0
40694,0
40695,0
40696,0
40697,0
40698,0
40699,0
40700,0
40701,0
40702,17491
40703,0
40704,0
40705,0
40706,0
40707,0
40708,0
40709,0
40710,0
40711,0
40712,0
40713,0
40714,0
40715,0
40716,0
40717,0
40718,6062
40719,0
40720,0
40721,0
40722,0
40723,0
40724,0
40725,0
40726,0
40727,0
40728,0
40729,0
40730,0
40731,0
40732,0
40733,0
40734,0
40735,0
40736,0
40737,0
40738,0
40739,0
40740,0
40741,0
40742,0
40743,0
40744,0
40745,0
40746,0
40747,0
40748,0
40749,0
40750,0
40751,0
40752,0
40753,0
40754,0
40755,0
40756,0
40757,0
40758,0
40759,0
40760,0
40761,0
40762,0
40763,0
40764,0
40765,0
40766,0
40767,0
40768,0
40769,0
40770,0
40771,0
40772,0
40773,0
40774,0
40775,0
40776,0
40777,0
40778,0
40779,0
40780,0
40781,0
40782,0
40783,0
40784,0
40785,0
40786,0
40787,0
40788,0
40789,0
40790,0
40791,0
40792,0
40793,0
40794,0
40795,0
40796,0
40797,0
40798,0
40799,0
40800,0
40801,0
40802,0
40803,0
40804,0
40805,0
40806,0
40807,0
40808,0
40809,0
40810,0
40811,0
40812,0
40813,0
40814,0
40815,0
40816,13129
40817,0
40818,0
40819,0
40820,0
40821,0
40822,6878
40823,0
40824,0
40825,0
40826,0
40827,0
40828,0
40829,0
40830,0
40831,0
40832,0
40833,0
40834,0
40835,0
40836,0
40837,0
40838,0
40839,0
40840,0
40841,0
40842,0
40843,0
40844,0
40845,0
40846,0
40847,0
40848,0
40849,0
40850,0
40851,0
40852,0
40853,0
40854,0
40855,0
40856,0
40857,0
40858,0
40859,0
40860,0
40861,0
40862,0
40863,0
40864,0
40865,0
40866,0
40867,0
40868,0
40869,0
40870,0
40871,0
40872,4220
40873,15258
40874,0
40875,0
40876,0
40877,0
40878,0
40879,0
40880,0
40881,0
40882,0
40883,0
40884,0
40885,0
40886,0
40887,0
40888,0
40889,0
40890,0
40891,0
40892,0
40893,0
40894,0
40895,0
40896,0
40897,0
40898,0
40899,0
40900,0
40901,0
40902,0
40903,0
40904,0
40905,0
40906,0
40907,0
40908,0
40909,12074
40910,0
40911,0
40912,0
40913,0
40914,0
40915,0
40916,0
40917,0
40918,0
40919,0
40920,0
40921,0
40922,0
40923,0
40924,0
40925,0
40926,0
40927,0
40928,0
40929,0
40930,0
40931,0
40932,0
40933,0
40934,0
40935,0
40936,0
40937,0
40938,0
40939,0
40940,0
40941,0
40942,0
40943,0
40944,0
40945,0
40946,0
40947,0
40948,0
40949,0
40950,0
40951,0
40952,0
40953,0
40954,0
40955,0
40956,0
40957,0
40958,0
40959,0
40960,0
40961,0
40962,0
40963,0
40964,0
40965,0
40966,0
40967,0
40968,0
40969,0
40970,0
40971,0
40972,0
40973,0
40974,0
40975,0
40976,0
40977,0
40978,0
40979,0
40980,0
40981,0
40982,0
40983,0
40984,0
40985,0
40986,0
40987,0
40988,0
40989,0
40990,0
40991,0
40992,0
40993,0
40994,0
40995,0
40996,0
40997,0
40998,0
40999,0
41000,0
41001,0
41002,0
41003,2825
41004,0
41005,0
41006,0
41007,2243
41008,0
41009,0
41010,0
41011,0
41012,0
41013,0
41014,0
41015,0
41016,0
41017,0
41018,0
41019,0
41020,0
41021,0
41022,0
41023,0
41024,0
41025,0
41026,0
41027,0
41028,0
41029,0
41030,0
41031,0
41032,0
41033,0
41034,0
41035,0
41036,0
41037,0
41038,0
41039,0
41040,0
41041,0
41042,0
41043,0
41044,0
41045,0
41046,0
41047,0
41048,0
41049,0
41050,0
41051,0
41052,0
41053,0
41054,0
41055,0
41056,0
41057,0
41058,0
41059,0
41060,0
41061,0
41062,0
41063,0
41064,0
41065,0
41066,0
41067,0
41068,0
41069,0
41070,0
41071,3293
41072,0
41073,0
41074,0
41075,0
41076,0
41077,0
41078,0
41079,0
41080,0
41081,0
41082,0
41083,0
41084,0
41085,0
41086,0
41087,0
41088,11585
41089,0
41090,0
41091,0
41092,0
41093,0
41094,0
41095,0
41096,0
41097,0
41098,0
41099,0
41100,0
41101,0
41102,0
41103,0
41104,0
41105,0
41106,0
41107,0
41108,0
41109,0
41110,0
41111,0
41112,0
41113,0
41114,0
41115,0
41116,0
41117,0
41118,0
41119,0
41120,0
41121,0
41122,0
41123,0
41124,0
41125,0
41126,0
41127,0
41128,0
41129,0
41130,0
41131,0
41132,0
41133,0
41134,0
41135,0
41136,0
41137,0
41138,0
41139,0
41140,0
41141,0
41142,0
41143,0
41144,0
41145,0
41146,0
41147,0
41148,0
41149,0
41150,0
41151,0
41152,0
41153,0
41154,0
41155,0
41156,0
41157,0
41158,0
41159,0
41160,0
41161,0
41162,0
41163,0
41164,0
41165,0
41166,0
41167,0
41168,0
41169,0
41170,0
41171,0
41172,0
41173,0
41174,0
41175,0
41176,0
41177,0
41178,0
41179,0
41180,0
41181,0
41182,0
41183,0
41184,0
41185,5657
41186,0
41187,0
41188,0
41189,0
41190,0
41191,0
41192,0
41193,0
41194,0
41195,0
41196,0
41197,0
41198,0
41199,0
41200,0
41201,0
41202,0
41203,0
41204,0
41205,0
41206,0
41207,0
41208,0
41209,0
41210,0
41211,0
41212,0
41213,0
41214,0
41215,0
41216,0
41217,0
41218,0
41219,0
41220,0
41221,5155
41222,0
41223,0
41224,0
41225,0
41226,0
41227,0
41228,0
41229,0
41230,0
41231,0
41232,0
41233,0
41234,0
41235,0
41236,0
41237,13701
41238,0
41239,5888
41240,0
41241,0
41242,0
41243,0
41244,0
41245,0
41246,0
41247,0
41248,0
41249,0
41250,0
41251,0
41252,0
41253,0
41254,0
41255,0
41256,5649
41257,7171
41258,10175
41259,12472
41260,7666
41261,6548
41262,14532
41263,9752
41264,11266
41265,7639
41266,10029
41267,11451
41268,7512
41269,7694
41270,10090
41271,12011
41272,10083
41273,10463
41274,9865
41275,10998
41276,9241
41277,6685
41278,9271
41279,14792
41280,14078
41281,10766
41282,14700
41283,7305
41284,13685
41285,5957
41286,7831
41287,6699
41288,10894
41289,10620
41290,18118
41291,11745
41292,9475
41293,10174
41294,8942
41295,5443
41296,8860
41297,14462
41298,9730
41299,7806
41300,7954
41301,8174
41302,10680
41303,4555
41304,11473
41305,7349
41306,9932
41307,10057
41308,8060
41309,11223
41310,7401
41311,10963
41312,13880
41313,11222
41314,8698
41315,13854
41316,6998
41317,9191
41318,10904
41319,16207
41320,7761
41321,8117
41322,12533
41323,8996
41324,12316
41325,10164
41326,13392
41327,8024
41328,6605
41329,8942
41330,8360
41331,13691
41332,12072
41333,5568
41334,8802
41335,11431
41336,8961
41337,13747
41338,5187
41339,17538
41340,8099
41341,6649
41342,7764
41343,10115
41344,8208
41345,11854
41346,6899
41347,10631
41348,8787
41349,11410
41350,10231
41351,9332
41352,10825
41353,7651
41354,8298
41355,11160
41356,10483
41357,11017
41358,6128
41359,11972
41360,7958
41361,11046
41362,9394
41363,16945
41364,8923
41365,7055
41366,9972
41367,7509
41368,7580
41369,7636
41370,10369
41371,9477
41372,5318
41373,13553
41374,8455
41375,10689
41376,6159
41377,13174
41378,12893
41379,5948
41380,15645
41381,8480
41382,8098
41383,12640
41384,12227
41385,7311
41386,6098
41387,10436
41388,8643
41389,5966
41390,8949
41391,8754
41392,9941
41393,12580
41394,9997
41395,10463
41396,8360
41397,5944
41398,10338
41399,9703
41400,10401
41401,12226
41402,11851
41403,11869
41404,8326
41405,13335
41406,10966
41407,8461
41408,10694
41409,14304
41410,10398
41411,11539
41412,13948
41413,10096
41414,12676
41415,8228
41416,9690
41417,12256
41418,8333
41419,10132
41420,5500
41421,6950
41422,13868
41423,12400
41424,8935
41425,5635
41426,12802
41427,8838
41428,10964
41429,8129
41430,7876
41431,7862
41432,6178
41433,15677
41434,10803
41435,10106
41436,10328
41437,8309
41438,7312
41439,9586
41440,10358
41441,5486
41442,9313
41443,8781
41444,12427
41445,10632
41446,8366
41447,17088
41448,8027
41449,6834
41450,15331
41451,8024
41452,9135
41453,5750
41454,12941
41455,10077
41456,7013
41457,9290
41458,9553
41459,7737
41460,9199
41461,12042
41462,16581
41463,3789
41464,9644
41465,4644
41466,18713
41467,6591
41468,12602
41469,13316
41470,9979
41471,10142
41472,6276
41473,7390
41474,4358
41475,6559
41476,8672
41477,7141
41478,11140
41479,11124
41480,7560
41481,9488
41482,8745
41483,11276
41484,13272
41485,10755
41486,7726
41487,5843
41488,12507
41489,17509
41490,9432
41491,10336
41492,6019
41493,10790
41494,7676
41495,6586
41496,9282
41497,7365
41498,11121
41499,9134
41500,11914
41501,9369
41502,13871
41503,10655
41504,7515
41505,14554
41506,22409
41507,16356
41508,9206
41509,4744
41510,9235
41511,11976
41512,6662
41513,8036
41514,13755
41515,7311
41516,20889
41517,19793
41518,5661
41519,9417
41520,8231
41521,5609
41522,11515
41523,6866
41524,12740
41525,12031
41526,13528
41527,10410
41528,12147
41529,4825
41530,9827
41531,5251
41532,9404
41533,9936
41534,17505
41535,8352
41536,8022
41537,6091
41538,9957
41539,7753
41540,6991
41541,6899
41542,10649
41543,8456
41544,9244
41545,10887
41546,12464
41547,0
41548,9414
41549,8752
41550,7467
41551,10093
41552,10868
41553,11787
41554,12964
41555,9894
41556,7077
41557,5545
41558,9184
41559,8608
41560,9725
41561,6127
41562,4346
41563,12241
41564,10808
41565,13536
41566,9383
41567,8979
41568,11425
41569,7626
41570,6324
41571,15059
41572,7443
41573,11150
41574,9912
41575,18299
41576,8196
41577,8417
41578,10856
41579,8612
41580,9227
41581,7773
41582,12077
41583,6202
41584,10373
41585,5473
41586,7828
41587,5309
41588,13289
41589,7318
41590,20057
41591,18268
41592,7249
41593,9859
41594,7200
41595,9711
41596,7620
41597,16125
41598,11827
41599,14267
41600,6421
41601,10216
41602,6920
41603,11439
41604,10814
41605,10527
41606,9430
41607,8736
41608,7020
41609,12172
41610,12531
41611,8553
41612,10628
41613,15719
41614,9187
41615,9587
41616,9553
41617,13459
41618,9465
41619,7079
41620,7894
41621,9821
41622,8112
41623,18375
41624,8987
41625,11085
41626,10812
41627,13915
41628,6111
41629,9656
41630,15003
41631,11868
41632,12227
41633,9018
41634,6166
41635,17812
41636,13011
41637,12805
41638,20622
41639,14247
41640,12337
41641,9873
41642,14151
41643,14907
41644,14508
41645,15920
41646,8966
41647,11646
41648,8551
41649,13326
41650,5357
41651,16189
41652,9342
41653,8072
41654,8154
41655,14090
41656,12085
41657,8520
41658,10387
41659,7469
41660,7781
41661,10441
41662,6050
41663,7524
41664,8601
41665,10024
41666,14721
41667,12463
41668,10058
41669,9474
41670,8609
41671,15343
41672,10273
41673,8122
41674,7528
41675,7092
41676,12311
41677,5688
41678,12097
41679,10257
41680,4923
41681,7206
41682,12212
41683,9198
41684,7631
41685,12193
41686,13067
41687,15251
41688,8134
41689,13631
41690,4305
41691,7632
41692,10358
41693,9115
41694,10538
41695,7802
41696,8867
41697,7184
41698,8062
41699,14802
41700,10569
41701,7787
41702,6946
41703,12213
41704,15203
41705,11661
41706,7809
41707,7684
41708,17078
41709,9512
41710,10148
41711,8319
41712,8027
41713,10377
41714,13802
41715,6400
41716,6704
41717,6999
41718,8797
41719,13114
41720,12706
41721,11789
41722,16949
41723,7495
41724,16024
41725,16556
41726,10063
41727,6817
41728,4960
41729,12097
41730,8443
41731,9521
41732,8967
41733,10082
41734,15223
41735,6896
41736,9395
41737,11061
41738,7604
41739,9847
41740,7417
41741,6633
41742,9961
41743,5163
41744,12567
41745,10092
41746,10906
41747,11029
41748,12608
41749,9557
41750,8548
41751,11423
41752,12123
41753,8175
41754,8009
41755,7867
41756,7001
41757,13206
41758,11383
41759,8872
41760,6986
41761,11514
41762,12352
41763,10979
41764,9537
41765,11723
41766,6677
41767,6870
41768,21272
41769,9942
41770,12000
41771,9312
41772,9055
41773,9935
41774,8038
41775,5875
41776,7626
41777,12258
41778,16938
41779,11988
41780,12231
41781,16241
41782,14280
41783,15593
41784,11593
41785,9695
41786,6350
41787,13867
41788,16982
41789,12220
41790,11924
41791,12129
41792,8667
41793,5921
41794,13377
41795,11168
41796,10187
41797,8556
41798,5264
41799,20143
41800,16414
41801,17528
41802,8334
41803,8459
41804,6369
41805,8501
41806,8470
41807,14139
41808,9310
41809,6667
41810,7130
41811,10616
41812,6125
41813,3907
41814,10147
41815,18534
41816,10434
41817,19673
41818,6251
41819,7930
41820,9771
41821,7685
41822,7339
41823,7403
41824,5662
41825,5859
41826,11533
41827,9825
41828,5864
41829,13882
41830,10434
41831,9205
41832,6346
41833,15097
41834,12063
41835,12269
41836,8832
41837,10092
41838,6320
41839,7381
41840,6848
41841,20804
41842,15307
41843,8944
41844,9014
41845,7224
41846,7841
41847,6171
41848,13321
41849,5915
41850,19377
41851,5902
41852,6886
41853,7376
41854,12665
41855,11087
41856,7172
41857,8865
41858,10377
41859,10540
41860,11061
41861,7474
41862,6742
41863,14714
41864,6173
41865,6451
41866,7649
41867,10133
41868,8722
41869,8075
41870,13740
41871,11093
41872,10109
41873,10421
41874,7199
41875,11164
41876,8179
41877,5929
41878,9806
41879,10383
41880,9543
41881,14965
41882,9720
41883,9001
41884,9613
41885,8876
41886,7798
41887,9392
41888,8914
41889,11867
41890,10096
41891,11205
41892,12787
41893,8050
41894,6578
41895,16742
41896,8394
41897,4512
41898,10387
41899,11503
41900,15296
41901,6633
41902,8248
41903,9097
41904,6080
41905,7920
41906,10012
41907,11404
41908,8474
41909,11150
41910,14501
41911,4096
41912,8992
41913,8534
41914,8295
41915,7672
41916,9669
41917,13331
41918,7527
41919,8201
41920,11966
41921,11441
41922,13114
41923,12978
41924,6749
41925,9605
41926,9157
41927,11294
41928,12445
41929,12144
41930,5601
41931,9803
41932,10806
41933,11640
41934,13500
41935,6056
41936,5440
41937,14555
41938,12223
41939,13566
41940,9815
41941,10403
41942,12349
41943,5684
41944,9890
41945,7547
41946,11781
41947,10224
41948,12522
41949,10437
41950,10215
41951,12330
41952,15508
41953,19827
41954,10437
41955,7140
41956,9040
41957,6397
41958,4710
41959,15002
41960,12752
41961,7604
41962,12246
41963,8270
41964,13711
41965,7161
41966,9244
41967,8571
41968,12694
41969,7294
41970,9918
41971,7866
41972,8516
41973,9829
41974,6979
41975,10214
41976,9348
41977,12369
41978,12400
41979,9394
41980,7857
41981,16629
41982,6662
41983,7120
41984,16277
41985,9745
41986,13411
41987,11624
41988,15819
41989,8445
41990,9371
41991,6993
41992,9295
41993,12165
41994,16479
41995,10958
41996,11441
41997,12199
41998,6354
41999,9652
42000,13032
42001,10538
42002,12105
42003,8367
42004,7133
42005,7402
42006,5789
42007,8984
42008,12236
42009,11159
42010,15857
42011,21169
42012,10280
42013,7052
42014,11661
42015,8843
42016,12166
42017,6561
42018,9302
42019,5914
42020,13306
42021,9425
42022,9112
42023,19071
42024,13029
42025,8011
42026,9762
42027,5109
42028,6820
42029,7276
42030,11923
42031,7366
42032,6517
42033,7748
42034,12050
42035,10508
42036,7239
42037,7882
42038,10216
42039,10353
42040,12168
42041,5463
42042,14826
42043,21612
42044,4268
42045,10592
42046,12793
42047,12178
42048,8792
42049,4109
42050,6949
42051,11912
42052,6783
42053,12132
42054,13192
42055,7288
42056,8996
42057,10677
42058,9229
42059,6599
42060,8480
42061,11494
42062,12462
42063,11108
42064,14564
42065,8100
42066,4769
42067,9677
42068,7745
42069,13589
42070,7846
42071,6502
42072,24590
42073,10472
42074,8102
42075,15813
42076,9486
42077,12003
42078,8828
42079,10502
42080,6470
42081,12495
42082,16928
42083,8327
42084,8164
42085,9815
42086,17300
42087,9810
42088,8028
42089,8269
42090,7670
42091,9339
42092,6391
42093,12897
42094,6228
42095,9308
42096,4121
42097,24541
42098,11867
42099,6686
42100,6512
42101,13881
42102,8891
42103,9957
42104,11448
42105,9645
42106,7028
42107,6832
42108,13522
42109,8603
42110,9431
42111,9526
42112,10929
42113,6872
42114,10533
42115,8153
42116,5274
42117,11488
42118,11985
42119,6183
42120,10541
42121,10989
42122,7037
42123,13607
42124,9471
42125,8615
42126,9528
42127,10754
42128,4802
42129,6483
42130,8016
42131,0
42132,9042
42133,12947
42134,6350
42135,11278
42136,6696
42137,8571
42138,6642
42139,9659
42140,7507
42141,9648
42142,11204
42143,11446
42144,6171
42145,9659
42146,9593
42147,12078
42148,8210
42149,12421
42150,13545
42151,8378
42152,4413
42153,11410
42154,8608
42155,8460
42156,10466
42157,5136
42158,15111
42159,7786
42160,9257
42161,13804
42162,8462
42163,7017
42164,16312
42165,9510
42166,14576
42167,7148
42168,12367
42169,13158
42170,8223
42171,6925
42172,8269
42173,7931
42174,8281
42175,7614
42176,12686
42177,10052
42178,6501
42179,6874
42180,8247
42181,11291
42182,9904
42183,13862
42184,7703
42185,9126
42186,6598
42187,10766
42188,10822
42189,9399
42190,8330
42191,9205
42192,12148
42193,12561
42194,8444
42195,11120
42196,7730
42197,9877
42198,9262
42199,9105
42200,6041
42201,6039
42202,9469
42203,8464
42204,8910
42205,9033
42206,11862
42207,7551
42208,7976
42209,9754
42210,7142
42211,4726
42212,13092
42213,4905
42214,9888
42215,10837
42216,8961
42217,10432
42218,19416
42219,13256
42220,12116
42221,6279
42222,11219
42223,10160
42224,5277
42225,4688
42226,11791
42227,5517
42228,11628
42229,16211
42230,10731
42231,10791
42232,8011
42233,11231
42234,10092
42235,9864
42236,11094
42237,13919
42238,12660
42239,9510
42240,12063
42241,7034
42242,9664
42243,6373
42244,7424
42245,9553
42246,7443
42247,7416
42248,12083
42249,8169
42250,13382
42251,11971
42252,8212
42253,6010
42254,14403
42255,9492
42256,9277
42257,8876
42258,11140
42259,8367
42260,8180
42261,10206
42262,10217
42263,8114
42264,6295
42265,13503
42266,9677
42267,7718
42268,6102
42269,16334
42270,9099
42271,9246
42272,9205
42273,15318
42274,14338
42275,11240
42276,11363
42277,11409
42278,8588
42279,8101
42280,9755
42281,13988
42282,20521
42283,8270
42284,7378
42285,5577
42286,7428
42287,13723
42288,19900
42289,10528
42290,7899
42291,7021
42292,9018
42293,8059
42294,13486
42295,13197
42296,7576
42297,5760
42298,11187
42299,9224
42300,13409
42301,14777
42302,7268
42303,11369
42304,4953
42305,10513
42306,11254
42307,10793
42308,12033
42309,10031
42310,10686
42311,7055
42312,8625
42313,10744
42314,11555
42315,10722
42316,11834
42317,9963
42318,6529
42319,12856
42320,5801
42321,13760
42322,8381
42323,6901
42324,9678
42325,10522
42326,8397
42327,11046
42328,11980
42329,8011
42330,13619
42331,6168
42332,6684
42333,12141
42334,12933
42335,13553
42336,8806
42337,9524
42338,8090
42339,7875
42340,10354
42341,9535
42342,8973
42343,7551
42344,13885
42345,9772
42346,12933
42347,14841
42348,11479
42349,6732
42350,6649
42351,8515
42352,11277
42353,7306
42354,12389
42355,7787
42356,15657
42357,8684
42358,8776
42359,7414
42360,9297
42361,7278
42362,9961
42363,10012
42364,7397
42365,7946
42366,7341
42367,14759
42368,8374
42369,23784
42370,10502
42371,4750
42372,6531
42373,8961
42374,10611
42375,6292
42376,5589
42377,12381
42378,7848
42379,8425
42380,6380
42381,8607
42382,9319
42383,6259
42384,6516
42385,8175
42386,10103
42387,8650
42388,8407
42389,7871
42390,10168
42391,8237
42392,5859
42393,6587
42394,11999
42395,12295
42396,8026
42397,12404
42398,6424
42399,9658
42400,5400
42401,6594
42402,5251
42403,8881
42404,8891
42405,14087
42406,10670
42407,7260
42408,7430
42409,7158
42410,5114
42411,7282
42412,12476
42413,7788
42414,6752
42415,5753
42416,6739
42417,8867
42418,3714
42419,9242
42420,5204
42421,7879
42422,8127
42423,6410
42424,8741
42425,6196
42426,8643
42427,10468
42428,8813
42429,7228
42430,10927
42431,5980
42432,7807
42433,8545
42434,13138
42435,6703
42436,7189
42437,10679
42438,8249
42439,10520
42440,7815
42441,11004
42442,6597
42443,5753
42444,7311
42445,6823
42446,10762
42447,9233
42448,4681
42449,7285
42450,8595
42451,7908
42452,11043
42453,4288
42454,14850
42455,7003
42456,5702
42457,6730
42458,8134
42459,7134
42460,9482
42461,5748
42462,7950
42463,7464
42464,8760
42465,8476
42466,7360
42467,7999
42468,6250
42469,7008
42470,9218
42471,8761
42472,8985
42473,5279
42474,10834
42475,6386
42476,9534
42477,7775
42478,14011
42479,7249
42480,5435
42481,7741
42482,6466
42483,6588
42484,6220
42485,9366
42486,7900
42487,4295
42488,9504
42489,7148
42490,8261
42491,5022
42492,10567
42493,10498
42494,5323
42495,13188
42496,6906
42497,6774
42498,9486
42499,10526
42500,6022
42501,4836
42502,8934
42503,7506
42504,4968
42505,7125
42506,7007
42507,8693
42508,9918
42509,8185
42510,8762
42511,7396
42512,4942
42513,7647
42514,8502
42515,9070
42516,9238
42517,8665
42518,10069
42519,7153
42520,10323
42521,8417
42522,6836
42523,8475
42524,10548
42525,8182
42526,8914
42527,11525
42528,8473
42529,9542
42530,6648
42531,8165
42532,9437
42533,7240
42534,8596
42535,4601
42536,6232
42537,12979
42538,9498
42539,7318
42540,4655
42541,9487
42542,8014
42543,9184
42544,6877
42545,6721
42546,6087
42547,4985
42548,12049
42549,8517
42550,8029
42551,8361
42552,6676
42553,6314
42554,7465
42555,7636
42556,4929
42557,7964
42558,6434
42559,9844
42560,9476
42561,7595
42562,14830
42563,6703
42564,5481
42565,12534
42566,6439
42567,7632
42568,4856
42569,9779
42570,8629
42571,5795
42572,6894
42573,8041
42574,6665
42575,7484
42576,9582
42577,13162
42578,3144
42579,8329
42580,3876
42581,16011
42582,5347
42583,10345
42584,10552
42585,7995
42586,8419
42587,5548
42588,6768
42589,3585
42590,5680
42591,7280
42592,6156
42593,8472
42594,9056
42595,6238
42596,7834
42597,7251
42598,9139
42599,10916
42600,8593
42601,6266
42602,4365
42603,10776
42604,13278
42605,7028
42606,8673
42607,4997
42608,9147
42609,5943
42610,5488
42611,7497
42612,4892
42613,9388
42614,6919
42615,9727
42616,8077
42617,10594
42618,8592
42619,6036
42620,10826
42621,19965
42622,12766
42623,7266
42624,3781
42625,7226
42626,9889
42627,5971
42628,7094
42629,12752
42630,6459
42631,16066
42632,19324
42633,5045
42634,8000
42635,6567
42636,4968
42637,9472
42638,5767
42639,9842
42640,10153
42641,11582
42642,8017
42643,8996
42644,4413
42645,8112
42646,4497
42647,7918
42648,8017
42649,12619
42650,7071
42651,6509
42652,5152
42653,8456
42654,6692
42655,5723
42656,5642
42657,9501
42658,6643
42659,6986
42660,9029
42661,9532
42662,0
42663,7724
42664,7482
42665,6736
42666,8423
42667,8836
42668,9327
42669,10509
42670,8815
42671,5860
42672,4401
42673,7474
42674,7346
42675,7437
42676,5565
42677,3652
42678,10163
42679,8503
42680,11428
42681,7742
42682,6543
42683,8366
42684,6019
42685,5353
42686,11584
42687,6327
42688,8372
42689,8620
42690,15694
42691,7110
42692,7062
42693,8434
42694,7703
42695,7593
42696,5865
42697,9564
42698,5225
42699,8110
42700,4727
42701,6762
42702,4436
42703,11466
42704,6231
42705,19448
42706,16121
42707,5720
42708,8063
42709,6086
42710,7796
42711,6639
42712,13653
42713,9115
42714,12126
42715,5442
42716,8267
42717,5910
42718,10188
42719,9390
42720,8094
42721,7440
42722,7373
42723,6693
42724,9286
42725,10516
42726,7143
42727,8858
42728,11918
42729,7161
42730,7882
42731,7821
42732,10958
42733,8085
42734,6121
42735,6696
42736,7900
42737,6213
42738,13650
42739,6957
42740,8762
42741,8404
42742,10812
42743,5306
42744,8105
42745,12631
42746,9907
42747,10760
42748,7518
42749,4844
42750,15855
42751,11292
42752,9366
42753,17849
42754,12273
42755,8897
42756,8116
42757,12051
42758,11907
42759,12667
42760,13944
42761,7133
42762,8578
42763,6640
42764,9856
42765,4577
42766,13424
42767,7873
42768,6649
42769,7185
42770,11792
42771,9354
42772,7049
42773,8154
42774,6634
42775,6010
42776,8039
42777,4843
42778,6152
42779,7328
42780,8099
42781,10877
42782,10615
42783,8686
42784,7339
42785,6794
42786,12736
42787,8585
42788,6967
42789,6651
42790,5999
42791,10877
42792,4616
42793,10556
42794,8316
42795,3847
42796,6210
42797,10245
42798,7304
42799,6147
42800,9847
42801,10623
42802,13097
42803,7077
42804,11615
42805,3586
42806,6447
42807,8112
42808,7129
42809,8311
42810,6936
42811,7407
42812,5717
42813,6369
42814,12228
42815,9097
42816,6104
42817,5847
42818,9570
42819,12801
42820,10302
42821,6835
42822,6317
42823,14311
42824,7791
42825,8530
42826,7168
42827,6289
42828,8234
42829,11782
42830,5165
42831,5574
42832,6121
42833,7021
42834,10802
42835,9426
42836,9477
42837,14979
42838,6210
42839,13534
42840,14787
42841,8095
42842,5985
42843,4121
42844,9759
42845,7309
42846,7335
42847,7213
42848,8226
42849,14789
42850,5927
42851,7194
42852,8595
42853,7150
42854,7982
42855,6187
42856,5381
42857,8238
42858,4149
42859,10921
42860,9305
42861,8779
42862,9766
42863,10203
42864,8870
42865,6966
42866,8594
42867,10704
42868,7485
42869,7196
42870,7014
42871,5775
42872,12172
42873,8206
42874,7497
42875,6370
42876,8477
42877,9667
42878,8397
42879,7406
42880,9193
42881,5794
42882,6849
42883,19762
42884,8422
42885,9798
42886,7691
42887,7489
42888,7739
42889,6286
42890,4869
42891,5972
42892,10111
42893,15034
42894,9874
42895,10359
42896,14478
42897,11787
42898,13209
42899,8967
42900,8173
42901,5545
42902,11956
42903,13322
42904,9289
42905,9585
42906,10630
42907,7675
42908,4702
42909,12194
42910,8852
42911,8042
42912,7836
42913,4239
42914,17236
42915,13963
42916,15916
42917,7224
42918,6415
42919,5476
42920,6556
42921,7572
42922,10782
42923,7926
42924,5719
42925,5751
42926,9146
42927,4810
42928,3546
42929,8268
42930,16439
42931,7740
42932,18346
42933,5323
42934,6446
42935,7952
42936,6786
42937,6295
42938,5846
42939,4912
42940,4849
42941,9609
42942,7721
42943,5204
42944,11129
42945,8182
42946,7669
42947,5264
42948,12101
42949,8773
42950,10511
42951,6720
42952,8387
42953,4765
42954,5941
42955,5559
42956,16509
42957,12562
42958,7032
42959,7056
42960,5829
42961,7089
42962,5223
42963,11043
42964,5024
42965,16314
42966,5091
42967,6224
42968,7084
42969,10217
42970,8824
42971,5792
42972,7669
42973,9320
42974,8646
42975,9135
42976,6749
42977,5412
42978,13695
42979,5316
42980,4969
42981,6719
42982,8065
42983,7378
42984,6946
42985,10895
42986,9698
42987,7955
42988,7726
42989,5945
42990,9864
42991,7076
42992,4795
42993,8291
42994,7753
42995,7728
42996,10851
42997,7550
42998,7558
42999,7859
43000,7893
43001,7081
43002,8096
43003,7769
43004,8402
43005,8488
43006,8384
43007,10663
43008,7022
43009,5448
43010,13123
43011,7078
43012,4224
43013,9420
43014,10189
43015,14131
43016,5897
43017,6987
43018,7418
43019,4694
43020,7508
43021,8268
43022,8420
43023,7230
43024,8806
43025,10588
43026,3944
43027,7563
43028,6893
43029,6844
43030,6310
43031,7672
43032,10597
43033,6995
43034,6329
43035,9763
43036,9387
43037,9620
43038,10678
43039,5491
43040,8147
43041,8411
43042,9599
43043,10219
43044,9730
43045,4476
43046,8842
43047,8431
43048,9226
43049,10681
43050,5563
43051,4610
43052,13576
43053,10129
43054,10455
43055,7476
43056,7960
43057,10112
43058,4859
43059,7618
43060,6679
43061,9101
43062,8270
43063,9123
43064,9833
43065,7306
43066,9977
43067,12773
43068,17459
43069,9120
43070,5616
43071,7660
43072,5302
43073,3971
43074,12587
43075,9957
43076,6599
43077,10124
43078,6670
43079,12125
43080,5718
43081,7622
43082,7513
43083,10788
43084,6243
43085,8177
43086,6843
43087,6866
43088,8460
43089,5987
43090,8442
43091,8396
43092,11157
43093,9086
43094,7649
43095,6693
43096,14128
43097,5473
43098,6070
43099,12862
43100,8150
43101,10669
43102,9940
43103,14282
43104,6848
43105,6917
43106,6227
43107,7606
43108,9488
43109,13744
43110,8152
43111,9391
43112,9096
43113,4680
43114,8671
43115,9738
43116,8089
43117,10017
43118,7064
43119,5781
43120,5861
43121,4604
43122,6778
43123,10198
43124,9046
43125,12740
43126,18624
43127,8727
43128,6094
43129,9066
43130,8063
43131,10035
43132,4960
43133,6967
43134,4916
43135,11200
43136,7973
43137,7247
43138,15128
43139,11967
43140,5995
43141,8222
43142,4278
43143,5726
43144,6144
43145,9725
43146,6010
43147,5433
43148,7343
43149,9644
43150,9020
43151,6187
43152,6441
43153,7827
43154,8459
43155,8657
43156,4692
43157,12182
43158,19709
43159,4074
43160,7964
43161,10372
43162,9013
43163,6295
43164,3568
43165,5688
43166,9222
43167,6190
43168,9610
43169,10877
43170,5402
43171,6728
43172,8296
43173,7148
43174,5757
43175,6766
43176,9056
43177,10739
43178,9202
43179,11884
43180,6458
43181,4077
43182,7618
43183,6961
43184,10209
43185,7313
43186,5687
43187,23361
43188,8067
43189,6688
43190,13890
43191,8108
43192,9293
43193,7183
43194,8441
43195,5738
43196,10042
43197,14644
43198,6763
43199,6890
43200,7960
43201,15251
43202,7573
43203,6257
43204,6915
43205,6408
43206,7384
43207,4866
43208,10397
43209,4775
43210,7986
43211,3248
43212,23169
43213,9881
43214,5053
43215,5055
43216,11511
43217,7690
43218,8533
43219,9162
43220,7691
43221,5697
43222,5633
43223,11863
43224,7178
43225,8331
43226,8009
43227,8794
43228,6007
43229,9072
43230,7301
43231,4499
43232,9693
43233,10627
43234,5560
43235,8336
43236,8159
43237,6122
43238,10572
43239,7597
43240,7687
43241,7134
43242,8679
43243,4091
43244,5260
43245,6018
43246,0
43247,7471
43248,10135
43249,4928
43250,9638
43251,5265
43252,7277
43253,5312
43254,7706
43255,6966
43256,7795
43257,8509
43258,9587
43259,4769
43260,7531
43261,8217
43262,9228
43263,7722
43264,9905
43265,11484
43266,7073
43267,3741
43268,9426
43269,6986
43270,7556
43271,8113
43272,4615
43273,12709
43274,6533
43275,7746
43276,12177
43277,7667
43278,5174
43279,13733
43280,7342
43281,11010
43282,6212
43283,11251
43284,11125
43285,7144
43286,6210
43287,7750
43288,6500
43289,7355
43290,6851
43291,10892
43292,8019
43293,6025
43294,5633
43295,8134
43296,8899
43297,7762
43298,9924
43299,6819
43300,7509
43301,6057
43302,9126
43303,8694
43304,7956
43305,6855
43306,7343
43307,9023
43308,10568
43309,6630
43310,8971
43311,6860
43312,7517
43313,7746
43314,7904
43315,4802
43316,5029
43317,8898
43318,7834
43319,6865
43320,7320
43321,9363
43322,6824
43323,7227
43324,8061
43325,5617
43326,4001
43327,10124
43328,4360
43329,8403
43330,8180
43331,7403
43332,8770
43333,16045
43334,11304
43335,9712
43336,5555
43337,9103
43338,8362
43339,4787
43340,3948
43341,9855
43342,4279
43343,9688
43344,14968
43345,8586
43346,8014
43347,6400
43348,8606
43349,8031
43350,7876
43351,8349
43352,9904
43353,10036
43354,7861
43355,9764
43356,6157
43357,8039
43358,5547
43359,6587
43360,7009
43361,6186
43362,6253
43363,9464
43364,6261
43365,10759
43366,9122
43367,5847
43368,5628
43369,11587
43370,8615
43371,7658
43372,7333
43373,8935
43374,6472
43375,6922
43376,8335
43377,8110
43378,6832
43379,5655
43380,10613
43381,7731
43382,6475
43383,4443
43384,13845
43385,7276
43386,7179
43387,7890
43388,12880
43389,10637
43390,9495
43391,9590
43392,8208
43393,6955
43394,6850
43395,8107
43396,11817
43397,16217
43398,6805
43399,6888
43400,4710
43401,6111
43402,11980
43403,17084
43404,8652
43405,6368
43406,5668
43407,7125
43408,6419
43409,11445
43410,10113
43411,7219
43412,4818
43413,9540
43414,7788
43415,10617
43416,10674
43417,5976
43418,9429
43419,4617
43420,7759
43421,10245
43422,8364
43423,9909
43424,8010
43425,8702
43426,5409
43427,7057
43428,9114
43429,9643
43430,8480
43431,9674
43432,7640
43433,5364
43434,10932
43435,5055
43436,11903
43437,7511
43438,5697
43439,8208
43440,8287
43441,7451
43442,8763
43443,10321
43444,6079
43445,12053
43446,4846
43447,5599
43448,10326
43449,10300
43450,11533
43451,7720
43452,7965
43453,6826
43454,7194
43455,8181
43456,7598
43457,7462
43458,6560
43459,11605
43460,8117
43461,9791
43462,13562
43463,9103
43464,5690
43465,5793
43466,6979
43467,9974
43468,6123
43469,9349
43470,6597
43471,11879
43472,7572
43473,6984
43474,6249
43475,6735
43476,6195
43477,8421
43478,7839
43479,6522
43480,6273
43481,6105
43482,10456
43483,7212
43484,21896
43485,7972
43486,4810
43487,6675
43488,8411
43489,10081
43490,6015
43491,5453
43492,11283
43493,7336
43494,7986
43495,6237
43496,9165
43497,9212
43498,6650
43499,5858
43500,7965
43501,10120
43502,7749
43503,7990
43504,7996
43505,9864
43506,7080
43507,5343
43508,6458
43509,11632
43510,11492
43511,7668
43512,11426
43513,5555
43514,9054
43515,4835
43516,6761
43517,5352
43518,8458
43519,8479
43520,13145
43521,10508
43522,7137
43523,6948
43524,7060
43525,4989
43526,7238
43527,12157
43528,6966
43529,6413
43530,6026
43531,6718
43532,9163
43533,3640
43534,9500
43535,5083
43536,7898
43537,8011
43538,6587
43539,8807
43540,5945
43541,8929
43542,9472
43543,8437
43544,6467
43545,10659
43546,6338
43547,7233
43548,8921
43549,12327
43550,5883
43551,7170
43552,9942
43553,9042
43554,9770
43555,7411
43556,10452
43557,5521
43558,5211
43559,7029
43560,7064
43561,10382
43562,8478
43563,4619
43564,6889
43565,8258
43566,7768
43567,10108
43568,4239
43569,14727
43570,6842
43571,5635
43572,6271
43573,7330
43574,6881
43575,9315
43576,5632
43577,7628
43578,6827
43579,8153
43580,7812
43581,6532
43582,7542
43583,6254
43584,7261
43585,9426
43586,8683
43587,8387
43588,4920
43589,10207
43590,6262
43591,9295
43592,7536
43593,13898
43594,7121
43595,5483
43596,7417
43597,6299
43598,6616
43599,6212
43600,9073
43601,7517
43602,4306
43603,9132
43604,6876
43605,7741
43606,5009
43607,11018
43608,10119
43609,5081
43610,13082
43611,6590
43612,6293
43613,9286
43614,9722
43615,5832
43616,4647
43617,8743
43618,7170
43619,4864
43620,6827
43621,6977
43622,8421
43623,8908
43624,7870
43625,8588
43626,7113
43627,4744
43628,7426
43629,8867
43630,8989
43631,9023
43632,8642
43633,9181
43634,6837
43635,10145
43636,7931
43637,6616
43638,8309
43639,10101
43640,8053
43641,8496
43642,10821
43643,8927
43644,8916
43645,6252
43646,7758
43647,8151
43648,6838
43649,7866
43650,4432
43651,6326
43652,12048
43653,9360
43654,6890
43655,4577
43656,8926
43657,7662
43658,8744
43659,6854
43660,6512
43661,5977
43662,4884
43663,11448
43664,7937
43665,7816
43666,7680
43667,6646
43668,6232
43669,7247
43670,7434
43671,4564
43672,7003
43673,6603
43674,9400
43675,9032
43676,7477
43677,14661
43678,6981
43679,6183
43680,12034
43681,6145
43682,7848
43683,3490
43684,9534
43685,8334
43686,5632
43687,6804
43688,8487
43689,6462
43690,7418
43691,9004
43692,13129
43693,3011
43694,7811
43695,3908
43696,14468
43697,5976
43698,9428
43699,10135
43700,8218
43701,8123
43702,5370
43703,6395
43704,3399
43705,5360
43706,7295
43707,5764
43708,8228
43709,9106
43710,5728
43711,7157
43712,6877
43713,8697
43714,10407
43715,8712
43716,6455
43717,4352
43718,10237
43719,12689
43720,6296
43721,8109
43722,4997
43723,8694
43724,6022
43725,5371
43726,7237
43727,4610
43728,9118
43729,6576
43730,9573
43731,7707
43732,10210
43733,8835
43734,6005
43735,10493
43736,20076
43737,12273
43738,7012
43739,3708
43740,7329
43741,9491
43742,5509
43743,6463
43744,12958
43745,6431
43746,14310
43747,19177
43748,5007
43749,7342
43750,6274
43751,5009
43752,9182
43753,6149
43754,9608
43755,9785
43756,9833
43757,7244
43758,8445
43759,4186
43760,8152
43761,4506
43762,7842
43763,7961
43764,11969
43765,7321
43766,6724
43767,4888
43768,8230
43769,6151
43770,5585
43771,4908
43772,9308
43773,6875
43774,6695
43775,7937
43776,8889
43777,0
43778,7365
43779,6508
43780,7048
43781,8096
43782,8489
43783,9790
43784,10181
43785,8242
43786,6418
43787,4379
43788,7398
43789,7313
43790,7461
43791,5195
43792,3207
43793,9408
43794,8176
43795,11676
43796,7307
43797,6356
43798,7687
43799,6202
43800,5316
43801,10631
43802,6436
43803,8329
43804,8713
43805,15337
43806,6965
43807,5858
43808,8194
43809,6670
43810,6954
43811,5967
43812,8848
43813,5077
43814,8074
43815,4858
43816,6281
43817,4302
43818,11188
43819,6193
43820,18491
43821,15462
43822,5546
43823,7571
43824,6228
43825,7610
43826,6329
43827,13294
43828,8632
43829,11310
43830,5080
43831,8152
43832,6029
43833,9462
43834,9058
43835,7522
43836,6972
43837,7433
43838,6817
43839,8919
43840,10012
43841,7627
43842,7982
43843,11056
43844,6962
43845,7262
43846,7754
43847,10334
43848,7650
43849,5871
43850,6965
43851,7113
43852,6352
43853,14019
43854,6862
43855,8160
43856,8139
43857,9972
43858,5384
43859,7847
43860,11094
43861,9059
43862,10258
43863,7148
43864,4852
43865,16416
43866,10495
43867,9103
43868,17947
43869,10194
43870,8889
43871,7909
43872,10745
43873,11375
43874,12125
43875,13048
43876,6620
43877,8167
43878,6384
43879,9316
43880,4265
43881,12175
43882,7406
43883,6815
43884,6933
43885,10756
43886,8595
43887,6887
43888,8113
43889,6798
43890,5372
43891,7967
43892,4855
43893,6485
43894,6629
43895,8225
43896,10709
43897,10315
43898,8162
43899,7034
43900,5772
43901,12361
43902,7923
43903,6633
43904,6312
43905,6094
43906,10409
43907,4748
43908,10532
43909,7936
43910,3662
43911,6123
43912,9108
43913,7584
43914,5987
43915,9923
43916,10455
43917,13370
43918,7122
43919,11564
43920,3347
43921,5932
43922,7994
43923,6417
43924,7877
43925,7156
43926,7301
43927,5699
43928,6098
43929,12079
43930,8929
43931,5942
43932,5563
43933,9324
43934,12193
43935,10090
43936,5970
43937,5771
43938,14707
43939,7619
43940,9370
43941,6770
43942,6352
43943,7964
43944,11191
43945,4388
43946,5742
43947,5530
43948,6600
43949,11122
43950,9189
43951,8906
43952,14891
43953,6311
43954,12809
43955,14005
43956,8369
43957,5751
43958,3861
43959,9309
43960,6880
43961,6728
43962,7168
43963,7911
43964,12935
43965,5764
43966,6892
43967,8475
43968,6124
43969,8091
43970,6163
43971,5082
43972,8114
43973,3939
43974,9036
43975,9008
43976,8793
43977,8882
43978,9540
43979,8539
43980,6679
43981,8062
43982,9547
43983,7330
43984,7245
43985,7052
43986,6518
43987,11464
43988,8111
43989,7249
43990,6131
43991,8698
43992,9089
43993,8014
43994,6780
43995,9226
43996,5654
43997,6956
43998,18041
43999,7513
44000,9847
44001,7316
44002,7166
44003,7508
44004,6353
44005,4950
44006,6049
44007,10109
44008,14115
44009,9804
44010,9824
44011,12567
44012,11312
44013,12244
44014,8645
44015,8041
44016,5447
44017,11686
44018,12447
44019,9209
44020,9211
44021,9298
44022,7452
44023,4383
44024,11804
44025,8453
44026,7402
44027,7233
44028,3467
44029,15518
44030,13462
44031,14946
44032,7291
44033,6125
44034,5281
44035,6418
44036,7261
44037,9635
44038,7966
44039,5644
44040,5819
44041,7911
44042,5178
44043,3434
44044,7501
44045,15679
44046,7613
44047,17723
44048,5029
44049,6132
44050,7917
44051,6397
44052,6135
44053,5543
44054,4702
44055,4957
44056,9196
44057,7418
44058,4880
44059,10897
44060,6898
44061,7594
44062,5286
44063,12130
44064,8618
44065,10579
44066,6264
44067,7581
44068,4738
44069,5934
44070,5570
44071,17516
44072,12430
44073,7094
44074,6668
44075,5994
44076,6960
44077,5035
44078,10593
44079,4743
44080,15158
44081,4960
44082,5985
44083,6598
44084,9738
44085,8788
44086,5366
44087,7172
44088,8877
44089,8436
44090,9018
44091,6401
44092,4700
44093,12055
44094,5044
44095,4675
44096,6473
44097,7838
44098,7002
44099,6873
44100,10128
44101,9363
44102,7467
44103,7386
44104,5881
44105,9791
44106,6849
44107,5073
44108,7683
44109,7605
44110,7100
44111,10428
44112,7325
44113,7521
44114,7632
44115,7297
44116,6813
44117,7935
44118,7755
44119,8114
44120,6956
44121,7548
44122,10691
44123,7282
44124,5321
44125,13472
44126,6518
44127,4010
44128,9001
44129,10147
44130,13635
44131,5723
44132,6955
44133,7128
44134,4666
44135,7022
44136,8204
44137,7812
44138,6598
44139,7754
44140,10528
44141,3710
44142,7317
44143,6714
44144,6224
44145,5946
44146,7403
44147,9777
44148,6676
44149,5935
44150,9109
44151,9286
44152,9195
44153,9987
44154,5967
44155,7904
44156,7790
44157,9400
44158,9992
44159,9900
44160,4166
44161,9033
44162,8852
44163,8620
44164,10768
44165,5605
44166,4488
44167,13233
44168,9150
44169,10048
44170,6822
44171,6977
44172,9717
44173,4422
44174,7350
44175,6330
44176,8460
44177,7291
44178,7534
44179,9601
44180,6769
44181,10329
44182,12231
44183,16941
44184,8381
44185,5228
44186,7129
44187,5255
44188,3642
44189,11998
44190,9535
44191,6610
44192,9265
44193,6431
44194,11177
44195,5527
44196,7308
44197,6915
44198,11196
44199,6360
44200,8146
44201,6643
44202,6500
44203,7706
44204,5841
44205,8734
44206,8227
44207,10992
44208,9062
44209,7256
44210,6523
44211,12983
44212,5158
44213,6219
44214,11634
44215,7987
44216,10344
44217,9806
44218,14919
44219,6553
44220,6667
44221,5995
44222,7243
44223,8923
44224,12706
44225,8105
44226,8788
44227,8833
44228,4517
44229,8494
44230,9227
44231,7895
44232,9109
44233,6525
44234,5474
44235,6062
44236,4469
44237,6574
44238,9554
44239,8590
44240,11477
44241,18347
44242,8388
44243,5986
44244,9219
44245,7460
44246,10047
44247,5325
44248,7181
44249,4894
44250,10573
44251,7932
44252,6928
44253,14701
44254,12848
44255,6267
44256,7814
44257,4563
44258,5692
44259,5995
44260,9972
44261,5583
44262,5577
44263,6704
44264,8236
44265,7169
44266,5635
44267,6173
44268,7492
44269,7290
44270,8789
44271,4461
44272,11652
44273,19317
44274,4075
44275,7699
44276,9262
44277,8729
44278,6011
44279,3491
44280,5651
44281,8568
44282,5911
44283,8473
44284,9952
44285,5264
44286,6420
44287,8209
44288,6936
44289,5842
44290,7240
44291,9185
44292,10134
44293,8613
44294,11254
44295,6467
44296,4094
44297,7145
44298,6639
44299,9085
44300,7016
44301,5318
44302,23131
44303,7688
44304,6706
44305,13192
44306,7975
44307,9039
44308,7083
44309,8509
44310,5614
44311,9439
44312,14686
44313,6143
44314,6494
44315,7443
44316,14557
44317,7114
44318,6202
44319,6587
44320,6221
44321,6768
44322,4634
44323,9810
44324,4708
44325,7637
44326,3284
44327,22321
44328,9448
44329,5325
44330,5103
44331,9772
44332,7406
44333,8604
44334,9084
44335,6931
44336,6247
44337,5065
44338,11344
44339,6767
44340,7773
44341,7953
44342,8628
44343,5728
44344,8667
44345,6952
44346,4687
44347,9490
44348,10229
44349,5730
44350,8218
44351,8078
44352,6383
44353,10372
44354,6748
44355,7304
44356,7289
44357,8418
44358,4232
44359,5221
44360,6042
44361,0
44362,8095
44363,9663
44364,5042
44365,9098
44366,5691
44367,7166
44368,5179
44369,7417
44370,6754
44371,7447
44372,7818
44373,9673
44374,4883
44375,7176
44376,8311
44377,8580
44378,7803
44379,10171
44380,11313
44381,7176
44382,3925
44383,8134
44384,5980
44385,7021
44386,7747
44387,4778
44388,12571
44389,6491
44390,7571
44391,11627
44392,7015
44393,4681
44394,13204
44395,6820
44396,11506
44397,6228
44398,9922
44399,10610
44400,7299
44401,5766
44402,7425
44403,6193
44404,7021
44405,6898
44406,9817
44407,7563
44408,6080
44409,5142
44410,7679
44411,8173
44412,7189
44413,9660
44414,6656
44415,7379
44416,5929
44417,8657
44418,8683
44419,7250
44420,6908
44421,7118
44422,8561
44423,9949
44424,6455
44425,8486
44426,6316
44427,6834
44428,7656
44429,7373
44430,5095
44431,4792
44432,9636
44433,7895
44434,6355
44435,6917
44436,8567
44437,7077
44438,6526
44439,7850
44440,5881
44441,3864
44442,9364
44443,4243
44444,8127
44445,7887
44446,6960
44447,7545
44448,12999
44449,11620
44450,9956
44451,5359
44452,8548
44453,7879
44454,4889
44455,3508
44456,9110
44457,3891
44458,9048
44459,14484
44460,8280
44461,7999
44462,5322
44463,8078
44464,7467
44465,7102
44466,7993
44467,9275
44468,9750
44469,7369
44470,9560
44471,6039
44472,7482
44473,5303
44474,6168
44475,6866
44476,5993
44477,6092
44478,8609
44479,5794
44480,10347
44481,7941
44482,5549
44483,5475
44484,10263
44485,8270
44486,6698
44487,7011
44488,7758
44489,7134
44490,6452
44491,7955
44492,8108
44493,6854
44494,5419
44495,11271
44496,8008
44497,6808
44498,4502
44499,12520
44500,7011
44501,6800
44502,7307
44503,12150
44504,10371
44505,9223
44506,9121
44507,8125
44508,6599
44509,6865
44510,7768
44511,10416
44512,16154
44513,6116
44514,6202
44515,4295
44516,5330
44517,10280
44518,14929
44519,7360
44520,5412
44521,5536
44522,7232
44523,6488
44524,12314
44525,9553
44526,7166
44527,4802
44528,8842
44529,7420
44530,11400
44531,10556
44532,5493
44533,8654
44534,4421
44535,8200
44536,10021
44537,8107
44538,9859
44539,7608
44540,8363
44541,5455
44542,6959
44543,8371
44544,9542
44545,8537
44546,9375
44547,7568
44548,5139
44549,10342
44550,5173
44551,11116
44552,7305
44553,5685
44554,8722
44555,8038
44556,6960
44557,8680
44558,9789
44559,5754
44560,11565
44561,4742
44562,5140
44563,9651
44564,9327
44565,11508
44566,7031
44567,7325
44568,6585
44569,6616
44570,7915
44571,7022
44572,7454
44573,6137
44574,10702
44575,8283
44576,9262
44577,13536
44578,9282
44579,5487
44580,5378
44581,6876
44582,9715
44583,5913
44584,10037
44585,6047
44586,11405
44587,7303
44588,6804
44589,5964
44590,6517
44591,5780
44592,7448
44593,6770
44594,5823
44595,5557
44596,5408
44597,9943
44598,7321
44599,21801
44600,7911
44601,4908
44602,6240
44603,8295
44604,11911
44605,5979
44606,5937
44607,12645
44608,8564
44609,8713
44610,6381
44611,9544
44612,9712
44613,6918
44614,6721
44615,8844
44616,9980
44617,8643
44618,8637
44619,8483
44620,11322
44621,7601
44622,5628
44623,6694
44624,12150
44625,13373
44626,8546
44627,12489
44628,6764
44629,9884
44630,5600
44631,7239
44632,5548
44633,9406
44634,9477
44635,14242
44636,11193
44637,8338
44638,7032
44639,8116
44640,5582
44641,7979
44642,12538
44643,7316
44644,6482
44645,6297
44646,7154
44647,10010
44648,3765
44649,9552
44650,5546
44651,8647
44652,8522
44653,7072
44654,10000
44655,6115
44656,9665
44657,10423
44658,8361
44659,7156
44660,10622
44661,6153
44662,7552
44663,9984
44664,14032
44665,6871
44666,7520
44667,10790
44668,9908
44669,10791
44670,8057
44671,11437
44672,6102
44673,5983
44674,7392
44675,7555
44676,11085
44677,8985
44678,5137
44679,6853
44680,8798
44681,8014
44682,12025
44683,4348
44684,14805
44685,7578
44686,6198
44687,6789
44688,7842
44689,7426
44690,10558
44691,6081
44692,8212
44693,7000
44694,9033
44695,8102
44696,6592
44697,8640
44698,6863
44699,7446
44700,9845
44701,9892
44702,9272
44703,5325
44704,11200
44705,6843
44706,9679
44707,8456
44708,14925
44709,7480
44710,5948
44711,7794
44712,6861
44713,7013
44714,6797
44715,9393
44716,8318
44717,4601
44718,10280
44719,7091
44720,8191
44721,5429
44722,10945
44723,10583
44724,5584
44725,13453
44726,7569
44727,6725
44728,9311
44729,10689
44730,6319
44731,5278
44732,9558
44733,7715
44734,5274
44735,7422
44736,7548
44737,9070
44738,10203
44739,8171
44740,8970
44741,7456
44742,5012
44743,7703
44744,9444
44745,9627
44746,9995
44747,9355
44748,9726
44749,6925
44750,11029
44751,8843
44752,6709
44753,8467
44754,11416
44755,8378
44756,10272
44757,11104
44758,9498
44759,9462
44760,7034
44761,8191
44762,9315
44763,7420
44764,8089
44765,4610
44766,6962
44767,13106
44768,9674
44769,7195
44770,5114
44771,9668
44772,8281
44773,9906
44774,7224
44775,7005
44776,6272
44777,5334
44778,12440
44779,8841
44780,8752
44781,7753
44782,7322
44783,5838
44784,7573
44785,8345
44786,4890
44787,7631
44788,6899
44789,9918
44790,9211
44791,7790
44792,15554
44793,6452
44794,6956
44795,12480
44796,6751
44797,7961
44798,4020
44799,10229
44800,9646
44801,6661
44802,7145
44803,8553
44804,6727
44805,8004
44806,10772
44807,13413
44808,3567
44809,8793
44810,4287
44811,15930
44812,5945
44813,10162
44814,10511
44815,8648
44816,8938
44817,6221
44818,6918
44819,3568
44820,5724
44821,7986
44822,6203
44823,8583
44824,8946
44825,6704
44826,7372
44827,7317
44828,10174
44829,11384
44830,10234
44831,7110
44832,5209
44833,10866
44834,12598
44835,7025
44836,8843
44837,5332
44838,9798
44839,6482
44840,5873
44841,7542
44842,5080
44843,8905
44844,6697
44845,10448
44846,8719
44847,11183
44848,10034
44849,7235
44850,11259
44851,20682
44852,13170
44853,7662
44854,3990
44855,7731
44856,10672
44857,6198
44858,7210
44859,14558
44860,6906
44861,15481
44862,20217
44863,5337
44864,8412
44865,6218
44866,5370
44867,12564
44868,6187
44869,10326
44870,10841
44871,9818
44872,7569
44873,9027
44874,4701
44875,7850
44876,4683
44877,8153
44878,8920
44879,12251
44880,7912
44881,7274
44882,5517
44883,8766
44884,6659
44885,6005
44886,5498
44887,10162
44888,7638
44889,7030
44890,8158
44891,9668
44892,0
44893,8075
44894,7271
44895,7051
44896,8580
44897,8518
44898,10352
44899,11104
44900,9353
44901,6631
44902,4866
44903,7576
44904,8406
44905,7938
44906,5570
44907,3868
44908,10036
44909,8711
44910,13296
44911,7956
44912,6931
44913,8988
44914,6661
44915,5813
44916,11531
44917,6740
44918,8893
44919,9370
44920,17838
44921,7570
44922,6856
44923,9284
44924,7038
44925,9171
44926,7158
44927,9763
44928,5471
44929,8917
44930,5340
44931,6819
44932,4343
44933,12483
44934,7035
44935,18347
44936,16395
44937,6967
44938,7777
44939,6779
44940,8146
44941,7061
44942,14057
44943,9412
44944,12745
44945,5492
44946,8236
44947,7151
44948,9988
44949,9517
44950,7941
44951,7748
44952,8359
44953,7604
44954,9875
44955,12226
44956,8130
44957,9379
44958,12144
44959,7631
44960,8045
44961,8806
44962,11115
44963,8758
44964,6727
44965,7376
44966,7893
44967,6716
44968,14735
44969,7280
44970,9421
44971,8113
44972,10904
44973,5787
44974,8520
44975,12757
44976,10064
44977,12220
44978,7917
44979,5356
44980,17000
44981,11988
44982,10717
44983,20195
44984,12463
44985,9307
44986,8481
44987,12366
44988,12325
44989,12689
44990,13598
44991,7680
44992,8767
44993,7117
44994,10224
44995,4717
44996,14959
44997,7784
44998,7203
44999,7115
45000,12088
45001,8917
45002,7111
45003,8272
45004,6940
45005,5660
45006,8775
45007,5727
45008,7200
45009,7394
45010,8057
45011,11193
45012,10966
45013,8991
45014,7490
45015,6374
45016,13540
45017,8347
45018,7418
45019,7234
45020,6702
45021,12035
45022,5114
45023,10944
45024,8844
45025,3998
45026,6039
45027,9569
45028,8016
45029,6790
45030,10625
45031,11744
45032,13627
45033,7747
45034,12332
45035,3264
45036,6520
45037,8035
45038,6586
45039,8491
45040,7347
45041,7932
45042,6612
45043,6296
45044,12698
45045,9431
45046,6941
45047,5968
45048,9946
45049,13346
45050,13767
45051,6320
45052,6902
45053,14068
45054,7677
45055,9384
45056,7210
45057,6948
45058,8094
45059,13204
45060,5339
45061,6039
45062,6440
45063,7070
45064,11862
45065,9522
45066,9365
45067,16349
45068,6824
45069,13614
45070,14452
45071,8924
45072,6522
45073,4420
45074,9994
45075,7310
45076,6988
45077,7635
45078,8702
45079,14948
45080,6299
45081,7743
45082,9355
45083,7004
45084,9116
45085,6820
45086,6075
45087,8888
45088,4107
45089,10665
45090,9620
45091,8978
45092,9291
45093,10490
45094,9547
45095,7431
45096,9207
45097,10342
45098,7611
45099,7598
45100,7175
45101,6077
45102,12824
45103,9597
45104,8518
45105,6979
45106,9142
45107,10316
45108,9080
45109,7055
45110,9517
45111,6241
45112,7968
45113,20451
45114,7855
45115,11012
45116,8131
45117,7090
45118,7938
45119,6944
45120,5155
45121,7275
45122,11079
45123,15647
45124,10900
45125,10787
45126,14201
45127,12753
45128,13241
45129,9919
45130,8834
45131,6063
45132,12291
45133,13554
45134,9438
45135,9844
45136,11149
45137,7700
45138,4722
45139,12248
45140,8808
45141,8104
45142,7548
45143,3745
45144,16419
45145,15343
45146,16522
45147,7946
45148,6172
45149,5916
45150,6578
45151,8514
45152,9460
45153,8872
45154,6090
45155,6491
45156,9112
45157,5165
45158,3987
45159,8828
45160,16341
45161,8286
45162,19620
45163,5831
45164,6769
45165,7770
45166,7076
45167,7166
45168,6172
45169,4924
45170,5507
45171,10117
45172,8137
45173,4909
45174,11079
45175,6948
45176,8372
45177,6188
45178,13217
45179,9545
45180,12337
45181,6333
45182,8155
45183,5170
45184,6424
45185,6898
45186,16341
45187,12995
45188,8028
45189,7650
45190,6721
45191,7610
45192,6168
45193,13731
45194,5108
45195,16026
45196,5418
45197,6606
45198,6965
45199,10754
45200,9729
45201,5502
45202,7867
45203,9951
45204,8903
45205,9132
45206,6723
45207,5248
45208,13354
45209,5437
45210,5001
45211,6759
45212,8363
45213,7405
45214,7074
45215,10735
45216,10448
45217,7621
45218,7902
45219,5845
45220,10326
45221,7333
45222,5603
45223,8298
45224,8135
45225,7654
45226,11508
45227,7580
45228,8332
45229,8310
45230,7691
45231,7502
45232,8773
45233,8349
45234,8388
45235,8215
45236,7609
45237,11960
45238,7467
45239,5410
45240,13736
45241,7441
45242,4069
45243,10217
45244,10674
45245,14984
45246,6197
45247,7632
45248,7509
45249,4730
45250,7106
45251,8483
45252,8914
45253,7135
45254,8049
45255,11896
45256,4027
45257,8534
45258,7262
45259,6505
45260,6462
45261,7888
45262,10293
45263,6904
45264,6754
45265,9926
45266,10069
45267,10537
45268,10775
45269,6183
45270,8403
45271,8257
45272,9984
45273,10706
45274,10805
45275,6075
45276,10189
45277,9448
45278,9450
45279,11144
45280,6101
45281,4914
45282,14159
45283,10367
45284,10418
45285,7032
45286,7976
45287,10165
45288,5192
45289,8020
45290,6922
45291,9838
45292,8242
45293,8041
45294,9875
45295,7289
45296,10888
45297,13393
45298,17898
45299,8951
45300,6021
45301,7447
45302,5778
45303,3963
45304,13151
45305,10899
45306,6859
45307,10503
45308,6893
45309,12365
45310,6409
45311,7741
45312,7458
45313,11576
45314,6893
45315,8052
45316,6894
45317,6838
45318,7990
45319,7107
45320,9533
45321,9253
45322,11957
45323,10110
45324,8234
45325,7404
45326,14041
45327,5478
45328,6878
45329,12555
45330,8549
45331,10873
45332,10479
45333,15963
45334,7195
45335,6880
45336,6677
45337,8229
45338,10428
45339,13626
45340,8247
45341,10605
45342,9490
45343,4602
45344,8935
45345,9356
45346,8731
45347,10486
45348,7244
45349,5844
45350,6522
45351,4508
45352,7295
45353,10832
45354,10272
45355,12724
45356,19317
45357,8254
45358,6436
45359,9739
45360,8204
45361,11224
45362,5913
45363,7546
45364,5342
45365,12267
45366,8176
45367,7365
45368,16613
45369,13229
45370,6401
45371,8219
45372,5000
45373,6273
45374,6569
45375,10626
45376,6149
45377,6223
45378,6748
45379,8994
45380,8478
45381,6110
45382,6912
45383,8578
45384,7943
45385,9241
45386,4913
45387,12478
45388,20348
45389,4440
45390,8356
45391,10914
45392,9426
45393,6060
45394,3949
45395,6096
45396,9413
45397,6507
45398,9204
45399,10848
45400,5696
45401,7403
45402,9405
45403,7334
45404,6113
45405,7499
45406,9407
45407,10660
45408,9464
45409,11178
45410,6892
45411,4537
45412,7706
45413,6930
45414,10579
45415,7393
45416,6301
45417,23185
45418,8214
45419,6984
45420,13929
45421,8688
45422,9510
45423,7543
45424,8890
45425,6000
45426,10612
45427,15873
45428,7089
45429,6888
45430,7504
45431,15401
45432,7678
45433,6640
45434,7131
45435,6807
45436,7195
45437,5175
45438,10914
45439,5201
45440,8452
45441,3392
45442,23071
45443,10939
45444,5444
45445,5627
45446,11654
45447,8384
45448,8964
45449,10107
45450,7643
45451,6843
45452,5616
45453,12110
45454,6889
45455,8330
45456,8375
45457,9136
45458,6394
45459,8925
45460,7636
45461,4832
45462,10190
45463,11630
45464,6063
45465,8762
45466,8874
45467,6840
45468,11260
45469,7420
45470,8102
45471,7663
45472,9765
45473,4127
45474,6300
45475,6527
45476,0
45477,7924
45478,10799
45479,5464
45480,9940
45481,6187
45482,7663
45483,5317
45484,7693
45485,6936
45486,7907
45487,8529
45488,11244
45489,5487
45490,7687
45491,9476
45492,9612
45493,7734
45494,9938
45495,11527
45496,8297
45497,4673
45498,8757
45499,6472
45500,7287
45501,8269
45502,4969
45503,12999
45504,7123
45505,8007
45506,13021
45507,8025
45508,5241
45509,13962
45510,7474
45511,12155
45512,6713
45513,10648
45514,12530
45515,7916
45516,6260
45517,7759
45518,6505
45519,7691
45520,7252
45521,10523
45522,8056
45523,6168
45524,5563
45525,7916
45526,8899
45527,8170
45528,10883
45529,7200
45530,8133
45531,6497
45532,9259
45533,8671
45534,7942
45535,7735
45536,7386
45537,9014
45538,11242
45539,6645
45540,9240
45541,6494
45542,7469
45543,8180
45544,8296
45545,5213
45546,5075
45547,8921
45548,8821
45549,6875
45550,7037
45551,9703
45552,7190
45553,7298
45554,7791
45555,6460
45556,4609
45557,10059
45558,4572
45559,8632
45560,8515
45561,7380
45562,8269
45563,14806
45564,13002
45565,9767
45566,5704
45567,10610
45568,8548
45569,5069
45570,3702
45571,10851
45572,4366
45573,10196
45574,15334
45575,9518
45576,8005
45577,5803
45578,8947
45579,8326
45580,7447
45581,9564
45582,9627
45583,10497
45584,7556
45585,10737
45586,6524
45587,8945
45588,6045
45589,6530
45590,7638
45591,6434
45592,6358
45593,9518
45594,6000
45595,11118
45596,8481
45597,6408
45598,5890
45599,11589
45600,8816
45601,7478
45602,8025
45603,8388
45604,7607
45605,6932
45606,9164
45607,9034
45608,7265
45609,5757
45610,12504
45611,9036
45612,7661
45613,4748
45614,13942
45615,8113
45616,7098
45617,7947
45618,12958
45619,11007
45620,9381
45621,9704
45622,8812
45623,6815
45624,7489
45625,8253
45626,11389
45627,15863
45628,6636
45629,6949
45630,5074
45631,5766
45632,11896
45633,17143
45634,7884
45635,6241
45636,6277
45637,8188
45638,7126
45639,13043
45640,10917
45641,7465
45642,5599
45643,9693
45644,7833
45645,12455
45646,11663
45647,6688
45648,9600
45649,4862
45650,8839
45651,10450
45652,9007
45653,10734
45654,8057
45655,9481
45656,5781
45657,7972
45658,8721
45659,10691
45660,10131
45661,10397
45662,8126
45663,5634
45664,11571
45665,5672
45666,11836
45667,7738
45668,5988
45669,7305
45670,8851
45671,7645
45672,8936
45673,10407
45674,6565
45675,11802
45676,5670
45677,6032
45678,9498
45679,9886
45680,12215
45681,7252
45682,8221
45683,6792
45684,7492
45685,8574
45686,7659
45687,8053
45688,6479
45689,11513
45690,8093
45691,10219
45692,14044
45693,10167
45694,5741
45695,5759
45696,7682
45697,10728
45698,5955
45699,10629
45700,6086
45701,12576
45702,7529
45703,7673
45704,6707
45705,7512
45706,6467
45707,7692
45708,6962
45709,6148
45710,6598
45711,5593
45712,10322
45713,8139
45714,22469
45715,8253
45716,5214
45717,6011
45718,9384
45719,12436
45720,5879
45721,6079
45722,13540
45723,7793
45724,10050
45725,7054
45726,9435
45727,9838
45728,7240
45729,7585
45730,9334
45731,11436
45732,8583
45733,9541
45734,9479
45735,10653
45736,9307
45737,6462
45738,7981
45739,13825
45740,13507
45741,9261
45742,13645
45743,6412
45744,10379
45745,5432
45746,7208
45747,6530
45748,10269
45749,9707
45750,14968
45751,12722
45752,9003
45753,8028
45754,7643
45755,5881
45756,8433
45757,13591
45758,7925
45759,7138
45760,7288
45761,8031
45762,10190
45763,4002
45764,11125
45765,6199
45766,10645
45767,10044
45768,7259
45769,10460
45770,6557
45771,11011
45772,10012
45773,10226
45774,7582
45775,10949
45776,6844
45777,8108
45778,10664
45779,15295
45780,6870
45781,8523
45782,11677
45783,10676
45784,12335
45785,9168
45786,12779
45787,6667
45788,5777
45789,7889
45790,8149
45791,12806
45792,10402
45793,5449
45794,8087
45795,10436
45796,10262
45797,12177
45798,4876
45799,15487
45800,8875
45801,6285
45802,6649
45803,8301
45804,8641
45805,11690
45806,6495
45807,8691
45808,7881
45809,9944
45810,8602
45811,6460
45812,8879
45813,7198
45814,8573
45815,10399
45816,10480
45817,11061
45818,5558
45819,11646
45820,7517
45821,10254
45822,9534
45823,16838
45824,8870
45825,5792
45826,9121
45827,7257
45828,7911
45829,6762
45830,11128
45831,8518
45832,4833
45833,10870
45834,7244
45835,9309
45836,5616
45837,11267
45838,10133
45839,6862
45840,14874
45841,7557
45842,7834
45843,10380
45844,12161
45845,6526
45846,5212
45847,10302
45848,8219
45849,5411
45850,7857
45851,8586
45852,11140
45853,10014
45854,9935
45855,9559
45856,8380
45857,5524
45858,8715
45859,10780
45860,10618
45861,11128
45862,10714
45863,10343
45864,8173
45865,11433
45866,9694
45867,7301
45868,9216
45869,11785
45870,10080
45871,9383
45872,12255
45873,10752
45874,10633
45875,8077
45876,9249
45877,10094
45878,7671
45879,9813
45880,5614
45881,7685
45882,12808
45883,10672
45884,8601
45885,5018
45886,10656
45887,9401
45888,9812
45889,8411
45890,7708
45891,6742
45892,5223
45893,12937
45894,9944
45895,9037
45896,9115
45897,7456
45898,5719
45899,8304
45900,9598
45901,5707
45902,8907
45903,7556
45904,11265
45905,10828
45906,9272
45907,18225
45908,6651
45909,6967
45910,13675
45911,6644
45912,9293
45913,4401
45914,11523
45915,10578
45916,7437
45917,7977
45918,9045
45919,7709
45920,8644
45921,10423
45922,13209
45923,3939
45924,8553
45925,4851
45926,16424
45927,6009
45928,10855
45929,11950
45930,10582
45931,9617
45932,6312
45933,7154
45934,3729
45935,5800
45936,8037
45937,6120
45938,9739
45939,10343
45940,6429
45941,8506
45942,8105
45943,10940
45944,12693
45945,10548
45946,7803
45947,5710
45948,11640
45949,15077
45950,7417
45951,9780
45952,5554
45953,10985
45954,7007
45955,5740
45956,8750
45957,5601
45958,10575
45959,7373
45960,11562
45961,9425
45962,12283
45963,9823
45964,7227
45965,12157
45966,21837
45967,13249
45968,7597
45969,4637
45970,8380
45971,10881
45972,6231
45973,8201
45974,15831
45975,7231
45976,15634
45977,22034
45978,5855
45979,8697
45980,7064
45981,5061
45982,9906
45983,6723
45984,11004
45985,11201
45986,10677
45987,8771
45988,9754
45989,5232
45990,9779
45991,4801
45992,9423
45993,9526
45994,14258
45995,9062
45996,7657
45997,5311
45998,10214
45999,7512
46000,6655
46001,5431
46002,11306
46003,8422
46004,7656
46005,9375
46006,10163
46007,0
46008,8412
46009,8022
46010,8092
46011,9363
46012,10484
46013,12365
46014,11188
46015,10898
46016,7011
46017,5686
46018,8333
46019,8998
46020,8783
46021,6072
46022,4071
46023,11490
46024,8800
46025,13579
46026,8595
46027,7239
46028,9383
46029,6873
46030,6313
46031,12457
46032,8264
46033,9666
46034,10857
46035,17256
46036,8009
46037,6119
46038,10333
46039,6622
46040,7619
46041,7977
46042,9996
46043,5794
46044,10671
46045,6252
46046,6873
46047,4325
46048,12616
46049,7555
46050,18263
46051,17549
46052,6991
46053,9021
46054,7355
46055,8809
46056,7372
46057,15862
46058,10676
46059,12936
46060,6076
46061,9679
46062,7703
46063,12210
46064,9583
46065,9019
46066,8147
46067,8618
46068,8907
46069,11503
46070,11716
46071,8708
46072,9490
46073,12590
46074,8637
46075,9316
46076,9406
46077,11959
46078,9180
46079,7254
46080,8074
46081,7995
46082,7288
46083,15532
46084,8493
46085,9823
46086,9402
46087,11955
46088,6402
46089,8814
46090,12224
46091,9972
46092,12675
46093,8800
46094,5609
46095,17971
46096,11296
46097,10932
46098,21044
46099,11439
46100,10890
46101,9423
46102,13175
46103,12895
46104,12653
46105,14542
46106,8170
46107,9325
46108,7753
46109,11574
46110,5012
46111,13109
46112,8638
46113,7364
46114,8465
46115,11885
46116,9563
46117,7302
46118,9523
46119,7715
46120,5955
46121,9835
46122,6326
46123,7371
46124,7375
46125,9563
46126,12486
46127,12860
46128,9980
46129,8640
46130,7104
46131,12771
46132,9169
46133,8390
46134,7263
46135,6939
46136,13231
46137,5201
46138,13174
46139,9651
46140,4295
46141,6132
46142,11084
46143,9363
46144,8125
46145,12081
46146,12557
46147,13447
46148,7738
46149,14338
46150,3368
46151,6921
46152,8901
46153,7321
46154,9095
46155,9291
46156,9587
46157,7463
46158,6564
46159,14530
46160,11469
46161,7212
46162,5813
46163,11378
46164,13186
46165,12202
46166,7280
46167,6971
46168,14137
46169,7946
46170,10575
46171,7237
46172,7949
46173,9741
46174,12247
46175,5107
46176,6618
46177,6033
46178,7417
46179,12627
46180,11007
46181,11551
46182,16172
46183,6992
46184,15107
46185,16397
46186,10326
46187,7017
46188,4701
46189,10401
46190,8017
46191,7579
46192,8787
46193,8858
46194,14683
46195,6070
46196,8282
46197,9803
46198,6353
46199,10866
46200,7300
46201,6006
46202,9280
46203,4323
46204,9456
46205,10666
46206,10924
46207,10892
46208,11964
46209,9953
46210,8563
46211,9973
46212,12161
46213,9164
46214,9249
46215,8704
46216,6634
46217,13364
46218,9829
46219,8740
46220,7315
46221,9614
46222,11348
46223,9976
46224,8111
46225,11451
46226,6551
46227,9512
46228,19022
46229,9114
46230,12438
46231,8213
46232,8347
46233,9007
46234,7300
46235,5585
46236,7643
46237,12829
46238,16159
46239,10556
46240,11694
46241,13151
46242,13725
46243,14914
46244,10341
46245,8959
46246,5796
46247,12815
46248,15078
46249,11684
46250,10032
46251,12838
46252,9467
46253,4617
46254,14194
46255,9803
46256,9590
46257,8758
46258,3942
46259,15720
46260,15155
46261,15418
46262,8538
46263,6695
46264,6455
46265,7703
46266,9504
46267,10937
46268,10573
46269,6282
46270,6975
46271,9415
46272,5224
46273,3993
46274,8571
46275,17753
46276,9494
46277,21397
46278,5640
46279,7413
46280,9676
46281,7579
46282,6780
46283,7080
46284,5064
46285,5652
46286,12111
46287,9072
46288,5956
46289,12928
46290,8463
46291,9699
46292,5848
46293,13156
46294,10010
46295,12378
46296,7018
46297,9338
46298,5638
46299,6709
46300,6588
46301,17902
46302,15181
46303,8762
46304,7820
46305,7239
46306,9026
46307,5707
46308,11529
46309,5066
46310,16591
46311,5823
46312,6972
46313,7625
46314,11888
46315,10663
46316,6350
46317,8616
46318,10832
46319,9721
46320,11076
46321,6862
46322,5635
46323,11836
46324,5693
46325,5086
46326,7709
46327,9982
46328,8019
46329,7922
46330,11456
46331,11792
46332,8510
46333,9437
46334,6493
46335,12084
46336,7938
46337,6213
46338,9845
46339,9371
46340,8387
46341,11975
46342,8980
46343,9438
46344,9810
46345,8074
46346,7564
46347,9015
46348,10315
46349,8730
46350,8662
46351,9173
46352,12964
46353,8569
46354,6205
46355,15567
46356,7834
46357,4330
46358,10882
46359,12799
46360,15439
46361,6433
46362,8315
46363,8402
46364,5300
46365,8993
46366,9364
46367,9334
46368,7652
46369,8166
46370,12884
46371,4554
46372,9263
46373,7671
46374,6385
46375,7269
46376,8861
46377,11122
46378,8460
46379,7041
46380,10982
46381,11510
46382,10627
46383,11473
46384,7260
46385,10102
46386,9587
46387,10771
46388,12007
46389,12659
46390,4663
46391,11068
46392,10760
46393,10088
46394,11991
46395,6223
46396,5227
46397,13577
46398,10070
46399,11824
46400,7917
46401,8157
46402,11339
46403,5270
46404,9153
46405,7257
46406,10516
46407,8587
46408,8973
46409,11703
46410,8242
46411,11955
46412,14354
46413,17853
46414,9647
46415,5885
46416,8600
46417,6440
46418,4347
46419,13495
46420,10897
46421,8556
46422,12148
46423,7792
46424,11684
46425,6897
46426,8548
46427,8860
46428,12422
46429,7582
46430,8489
46431,7673
46432,7466
46433,9041
46434,6951
46435,10019
46436,10282
46437,12431
46438,10838
46439,8953
46440,7581
46441,13772
46442,5970
46443,7452
46444,14449
46445,9048
46446,12084
46447,9816
46448,17745
46449,8175
46450,7340
46451,7072
46452,9164
46453,11180
46454,15391
46455,9612
46456,10290
46457,10571
46458,5219
46459,10408
46460,9207
46461,9420
46462,11228
46463,7478
46464,6419
46465,7000
46466,4872
46467,7114
46468,12051
46469,9952
46470,14014
46471,21788
46472,9873
46473,6691
46474,11020
46475,8785
46476,11586
46477,6340
46478,8081
46479,5781
46480,12517
46481,9531
46482,8434
46483,16869
46484,14661
46485,6614
46486,9475
46487,5462
46488,6970
46489,6335
46490,12229
46491,6174
46492,6781
46493,7769
46494,9487
46495,7968
46496,5800
46497,7524
46498,9498
46499,9741
46500,10533
46501,4825
46502,13990
46503,19778
46504,4936
46505,9684
46506,11404
46507,10140
46508,6680
46509,3814
46510,6582
46511,9868
46512,6856
46513,9612
46514,11484
46515,5919
46516,7408
46517,9630
46518,8254
46519,7010
46520,8423
46521,10963
46522,12209
46523,9581
46524,12425
46525,7737
46526,4657
46527,7907
46528,7715
46529,11525
46530,8902
46531,6027
46532,22610
46533,9590
46534,7544
46535,15568
46536,9545
46537,10304
46538,8154
46539,9539
46540,6451
46541,11468
46542,16354
46543,7217
46544,7594
46545,7957
46546,16351
46547,8920
46548,7229
46549,7754
46550,8176
46551,7548
46552,5857
46553,11282
46554,5353
46555,8925
46556,3793
46557,24739
46558,11756
46559,5699
46560,6518
46561,12963
46562,9620
46563,10853
46564,11059
46565,8179
46566,7837
46567,5737
46568,13257
46569,7048
46570,9327
46571,9252
46572,10101
46573,6517
46574,9874
46575,8557
46576,5102
46577,10435
46578,13190
46579,6388
46580,9912
46581,10716
46582,7270
46583,11997
46584,7301
46585,9813
46586,9097
46587,10959
46588,4154
46589,6195
46590,7312
46591,0
46592,8519
46593,11553
46594,6088
46595,11300
46596,6331
46597,8941
46598,5706
46599,8704
46600,7774
46601,8845
46602,9332
46603,12185
46604,6080
46605,8763
46606,10263
46607,10493
46608,8681
46609,12635
46610,13430
46611,8998
46612,5382
46613,8848
46614,6676
46615,8500
46616,8746
46617,5239
46618,15334
46619,7862
46620,8361
46621,14047
46622,9308
46623,5630
46624,15801
46625,7913
46626,12509
46627,6490
46628,12022
46629,11947
46630,9970
46631,6803
46632,8994
46633,7141
46634,8438
46635,8808
46636,10151
46637,9658
46638,6077
46639,5723
46640,10222
46641,9892
46642,8920
46643,11693
46644,7720
46645,9270
46646,6695
46647,11097
46648,9374
46649,9057
46650,8105
46651,8420
46652,9957
46653,11859
46654,7822
46655,9921
46656,6882
46657,8236
46658,9274
46659,8335
46660,5377
46661,5501
46662,10989
46663,10329
46664,7049
46665,8271
46666,10852
46667,8366
46668,7333
46669,8676
46670,7266
46671,4187
46672,10160
46673,4868
46674,9213
46675,9577
46676,9200
46677,9890
46678,13202
46679,14383
46680,10429
46681,6208
46682,10034
46683,9218
46684,5359
46685,3676
46686,10961
46687,4894
46688,11164
46689,16805
46690,10096
46691,9549
46692,6389
46693,10056
46694,9381
46695,8309
46696,9933
46697,10651
46698,11190
46699,8578
46700,12337
46701,7037
46702,10037
46703,5762
46704,7455
46705,8469
46706,7378
46707,7166
46708,9784
46709,6807
46710,11919
46711,8570
46712,6505
46713,6515
46714,11915
46715,10596
46716,7105
46717,8578
46718,9934
46719,8861
46720,7750
46721,9697
46722,10486
46723,7738
46724,6299
46725,12972
46726,9661
46727,8720
46728,5037
46729,16144
46730,8915
46731,8176
46732,8160
46733,13918
46734,12468
46735,10763
46736,10158
46737,9329
46738,6974
46739,7891
46740,9270
46741,13003
46742,18019
46743,7616
46744,6638
46745,5059
46746,6210
46747,12344
46748,17078
46749,7720
46750,6049
46751,6860
46752,8580
46753,7937
46754,14848
46755,11993
46756,8842
46757,5773
46758,10975
46759,9336
46760,12336
46761,12171
46762,6920
46763,9561
46764,5311
46765,10828
46766,11694
46767,10051
46768,10775
46769,8303
46770,9850
46771,6390
46772,8685
46773,10282
46774,10918
46775,11200
46776,11511
46777,8878
46778,5720
46779,12481
46780,6513
46781,12734
46782,8937
46783,6482
46784,7427
46785,9770
46786,7433
46787,9596
46788,11534
46789,6532
46790,12846
46791,5998
46792,6044
46793,10598
46794,10946
46795,13545
46796,7055
46797,7919
46798,7283
46799,8040
46800,9539
46801,7809
46802,8764
46803,7079
46804,13030
46805,8321
46806,10612
46807,15902
46808,10861
46809,6408
46810,5781
46811,8624
46812,11433
46813,6715
46814,11686
46815,6497
46816,12510
46817,9029
46818,8317
46819,7433
46820,7383
46821,5987
46822,8796
46823,7170
46824,6498
46825,6267
46826,5770
46827,11131
46828,8103
46829,23908
46830,9603
