Id,OrderVolume
1,4116
2,2734
3,4250
4,9283
5,2013
6,2951
7,6037
8,3461
9,6744
10,4960
11,5361
12,5977
13,4458
14,3574
15,5790
16,5281
17,2524
18,4791
19,4555
20,6075
21,5159
22,3480
23,4487
24,7564
25,8026
26,5698
27,7194
28,2168
29,7718
30,3401
31,5192
32,2467
33,8277
34,7486
35,8986
36,9405
37,6933
38,6192
39,3000
40,4609
41,5953
42,8027
43,4384
44,3488
45,5749
46,4811
47,5595
48,2553
49,7545
50,4256
51,8022
52,6225
53,3375
54,8648
55,3091
56,9157
57,6004
58,6753
59,2470
60,5572
61,4567
62,3801
63,7248
64,10689
65,3013
66,6211
67,5762
68,7773
69,7169
70,5722
71,6545
72,2369
73,2447
74,4515
75,5994
76,8287
77,7434
78,2365
79,4263
80,8472
81,8870
82,5555
83,3330
84,10995
85,5106
86,3513
87,4158
88,2275
89,4654
90,7241
91,3486
92,5711
93,3019
94,5768
95,4019
96,1817
97,4372
98,5079
99,5785
100,8725
101,6873
102,5488
103,3968
104,10860
105,3439
106,6087
107,7546
108,12608
109,5196
110,3051
111,6672
112,5849
113,6294
114,5048
115,10275
116,5816
117,2137
118,7902
119,4617
120,6009
121,2328
122,6953
123,3684
124,2668
125,8232
126,4403
127,5096
128,7785
129,7242
130,4279
131,4960
132,7340
133,3382
134,3150
135,6638
136,4813
137,7152
138,3203
139,4512
140,6163
141,4312
142,3168
143,5287
144,5893
145,5945
146,7225
147,7915
148,7423
149,4092
150,7526
151,5542
152,3186
153,3703
154,8013
155,7076
156,3027
157,7154
158,9582
159,6781
160,4816
161,7018
162,7368
163,5690
164,4516
165,2848
166,5207
167,5304
168,4480
169,5200
170,3148
171,5971
172,7067
173,5992
174,6621
175,6036
176,2948
177,1527
178,6947
179,6051
180,6853
181,3360
182,5541
183,0
184,5531
185,5586
186,3745
187,4095
188,4673
189,6915
190,6930
191,7395
192,14863
193,3963
194,4800
195,10330
196,3578
197,5393
198,801
199,7791
200,6608
201,5473
202,6632
203,5625
204,4671
205,5167
206,4986
207,7736
208,3139
209,5167
210,2658
211,8811
212,3180
213,7649
214,10128
215,6429
216,5898
217,4318
218,2055
219,1778
220,3460
221,5465
222,3149
223,5480
224,7259
225,3842
226,5372
227,4635
228,8441
229,7801
230,7090
231,5139
232,3270
233,8308
234,9578
235,3540
236,4363
237,3791
238,5250
239,5394
240,4158
241,6450
242,2995
243,4990
244,4624
245,8709
246,5580
247,7388
248,6333
249,4633
250,8453
251,17118
252,8622
253,3667
254,3512
255,6533
256,7051
257,2910
258,4727
259,9364
260,6068
261,6919
262,16900
263,5268
264,5319
265,2794
266,2181
267,10188
268,3229
269,6540
270,9042
271,2820
272,3416
273,6249
274,3789
275,6593
276,1946
277,4967
278,4925
279,10467
280,5809
281,5829
282,3056
283,7918
284,5783
285,6594
286,1677
287,9374
288,5237
289,5982
290,4234
291,4431
292,3571
293,4586
294,3421
295,5541
296,4665
297,5055
298,8410
299,7792
300,7475
301,4164
302,4257
303,4448
304,4892
305,6745
306,2874
307,1217
308,6759
309,5417
310,7651
311,5434
312,4405
313,4436
314,3358
315,2435
316,8819
317,6267
318,4916
319,5431
320,11303
321,6095
322,1890
323,7192
324,1928
325,4075
326,6009
327,5915
328,2479
329,4321
330,4222
331,3692
332,1573
333,7958
334,4523
335,8946
336,10143
337,5714
338,5635
339,4135
340,5108
341,4711
342,11422
343,6216
344,6835
345,3156
346,5850
347,5731
348,8033
349,8786
350,6990
351,5470
352,6487
353,4973
354,8648
355,6042
356,6710
357,6105
358,9064
359,6683
360,4754
361,5702
362,8043
363,5979
364,3205
365,5361
366,3107
367,4814
368,8577
369,6905
370,7278
371,6069
372,8191
373,4639
374,4322
375,4215
376,6000
377,5978
378,6400
379,3174
380,13084
381,5102
382,5611
383,15916
384,5476
385,7356
386,5961
387,6778
388,8322
389,7322
390,9710
391,2719
392,4517
393,5501
394,8332
395,2629
396,5353
397,4283
398,5212
399,5364
400,5725
401,3353
402,5666
403,5226
404,3028
405,3057
406,7222
407,4147
408,5020
409,5378
410,5468
411,9487
412,11740
413,5029
414,7312
415,6087
416,9782
417,4758
418,2890
419,3867
420,5227
421,11948
422,3992
423,8816
424,7328
425,2093
426,3745
427,5911
428,6346
429,4970
430,8893
431,8982
432,7283
433,3964
434,11863
435,2061
436,3831
437,8196
438,4221
439,5473
440,3803
441,7199
442,4805
443,3913
444,13437
445,10482
446,2417
447,4887
448,5583
449,7367
450,9290
451,5096
452,2813
453,7861
454,1989
455,9204
456,4549
457,5509
458,9380
459,5528
460,1488
461,4599
462,2227
463,3801
464,10896
465,7696
466,4434
467,12280
468,7114
469,10287
470,11465
471,6999
472,4172
473,2094
474,4998
475,6393
476,2640
477,5822
478,4380
479,6996
480,2427
481,5309
482,8308
483,1638
484,9033
485,5846
486,2678
487,6873
488,3186
489,2977
490,9296
491,7157
492,7000
493,8000
494,5543
495,4993
496,6580
497,6788
498,7977
499,5428
500,6801
501,3687
502,8488
503,6076
504,5744
505,4072
506,4835
507,8113
508,5926
509,4044
510,4966
511,5262
512,4919
513,15238
514,5098
515,10008
516,4635
517,3588
518,6232
519,5451
520,3051
521,4622
522,8669
523,13832
524,6881
525,9643
526,6870
527,10476
528,8317
529,7111
530,5187
531,4285
532,10569
533,7819
534,7220
535,5254
536,5246
537,5015
538,2425
539,11861
540,6437
541,5618
542,4937
543,1516
544,8538
545,7933
546,11378
547,5874
548,4257
549,3794
550,6764
551,4745
552,4137
553,10213
554,4419
555,4311
556,5199
557,3397
558,2525
559,2299
560,14126
561,4929
562,12906
563,4122
564,5935
565,5020
566,3926
567,3126
568,6105
569,3350
570,2735
571,10148
572,6106
573,2557
574,8793
575,2513
576,5743
577,3495
578,8991
579,7404
580,8298
581,2394
582,5215
583,2722
584,4796
585,3507
586,15783
587,11811
588,4987
589,2860
590,5822
591,4323
592,2484
593,7049
594,2525
595,13573
596,4062
597,4882
598,5583
599,11405
600,6613
601,4936
602,5056
603,5977
604,6480
605,6931
606,4022
607,1168
608,4631
609,2972
610,2967
611,5762
612,6803
613,5673
614,5077
615,8190
616,5579
617,3269
618,7672
619,2227
620,9577
621,4951
622,2766
623,4569
624,4217
625,4939
626,6976
627,6956
628,3659
629,6060
630,2431
631,4710
632,7941
633,8754
634,3519
635,2129
636,4822
637,7247
638,6446
639,2459
640,10954
641,3757
642,3327
643,5484
644,9727
645,9166
646,4273
647,4304
648,6042
649,1487
650,6772
651,7139
652,4570
653,4434
654,2870
655,8271
656,2960
657,4303
658,3866
659,3538
660,2763
661,7289
662,6696
663,5484
664,3640
665,5037
666,7525
667,7692
668,7460
669,4821
670,5353
671,5668
672,8086
673,6989
674,5276
675,1943
676,6161
677,6106
678,5908
679,7648
680,5593
681,2807
682,7517
683,5363
684,9859
685,2685
686,2653
687,9236
688,1528
689,5286
690,4344
691,7887
692,3784
693,4458
694,9049
695,2692
696,6112
697,9674
698,14510
699,6612
700,2326
701,5324
702,3548
703,2259
704,7641
705,4873
706,6548
707,5040
708,5521
709,5629
710,4655
711,4911
712,4456
713,8738
714,5346
715,2338
716,6078
717,3915
718,5749
719,5697
720,5783
721,7660
722,7707
723,7960
724,5887
725,5004
726,5930
727,2930
728,5609
729,8672
730,6712
731,6765
732,6182
733,13688
734,3208
735,3438
736,4601
737,3972
738,8711
739,10139
740,7833
741,7062
742,7538
743,1967
744,7713
745,3121
746,6566
747,6128
748,5204
749,2039
750,4939
751,3511
752,3147
753,7020
754,4483
755,8683
756,16975
757,5698
758,3051
759,4604
760,8322
761,6438
762,4462
763,5461
764,2104
765,6102
766,6943
767,3330
768,10170
769,10995
770,3073
771,5404
772,3709
773,3878
774,3943
775,8844
776,3723
777,4575
778,4502
779,2738
780,2673
781,2420
782,5576
783,5705
784,4687
785,7350
786,1113
787,7592
788,15134
789,3204
790,7980
791,7016
792,4626
793,4154
794,2458
795,4100
796,4649
797,5207
798,3041
799,9165
800,4252
801,3806
802,6175
803,5021
804,5891
805,4722
806,5987
807,10188
808,4621
809,7047
810,5772
811,3632
812,3182
813,4469
814,5754
815,6039
816,3522
817,12786
818,5266
819,4800
820,11765
821,4634
822,6693
823,4410
824,5227
825,5034
826,6889
827,15821
828,2912
829,5230
830,3409
831,9343
832,6705
833,4786
834,3607
835,3958
836,2613
837,1994
838,6688
839,2145
840,3705
841,1269
842,20315
843,8873
844,2077
845,5347
846,5941
847,6320
848,5234
849,8247
850,5433
851,5920
852,2726
853,7581
854,6091
855,3947
856,6023
857,9022
858,4456
859,8179
860,6177
861,3111
862,5519
863,6449
864,2743
865,8955
866,6624
867,4644
868,10272
869,3766
870,5063
871,8427
872,6678
873,2361
874,4710
875,3561
876,3160
877,4966
878,5681
879,3357
880,6060
881,2308
882,5614
883,2876
884,5516
885,5525
886,4796
887,5667
888,8768
889,2602
890,5510
891,6604
892,3251
893,5508
894,5902
895,9037
896,6453
897,3610
898,2116
899,2114
900,5559
901,4759
902,4165
903,11769
904,5440
905,5515
906,8696
907,6696
908,2114
909,9507
910,4288
911,7759
912,6436
913,7077
914,6053
915,8087
916,5118
917,4192
918,2802
919,3230
920,5965
921,4343
922,8108
923,4859
924,2798
925,7231
926,7031
927,4613
928,6944
929,4463
930,6730
931,2902
932,4760
933,3721
934,4807
935,3399
936,6099
937,7481
938,7847
939,6234
940,5569
941,4118
942,6213
943,6940
944,7005
945,2791
946,2829
947,8610
948,6178
949,2907
950,3912
951,7581
952,6534
953,2412
954,5913
955,4759
956,1762
957,4873
958,2838
959,4079
960,6346
961,5861
962,5132
963,4010
964,8527
965,6256
966,3593
967,5346
968,5412
969,2926
970,1160
971,6922
972,1461
973,5658
974,9595
975,5480
976,4391
977,3049
978,5190
979,5144
980,4797
981,5694
982,6024
983,7675
984,5864
985,8340
986,3733
987,3735
988,4375
989,3569
990,5254
991,6554
992,3445
993,5393
994,2661
995,7618
996,4532
997,4235
998,3853
999,5403
1000,7350
1001,3286
1002,6543
1003,4361
1004,5361
1005,5284
1006,5723
1007,7530
1008,4557
1009,3755
1010,9537
1011,6277
1012,6622
1013,1971
1014,4427
1015,4963
1016,3783
1017,4690
1018,10242
1019,8171
1020,9072
1021,9536
1022,6248
1023,5269
1024,5876
1025,5942
1026,7099
1027,9824
1028,3198
1029,1857
1030,1367
1031,3982
1032,5075
1033,9840
1034,2395
1035,1933
1036,5132
1037,5481
1038,5733
1039,8487
1040,6699
1041,6182
1042,2627
1043,7604
1044,5875
1045,5925
1046,6866
1047,3299
1048,6285
1049,2916
1050,6418
1051,5607
1052,5192
1053,6076
1054,3905
1055,6296
1056,4883
1057,6782
1058,4556
1059,8118
1060,5311
1061,8716
1062,5045
1063,3592
1064,8095
1065,2714
1066,10264
1067,5810
1068,4579
1069,3210
1070,6836
1071,4523
1072,4462
1073,6974
1074,4380
1075,12310
1076,3043
1077,2976
1078,5518
1079,5984
1080,10391
1081,2846
1082,4486
1083,5958
1084,5564
1085,4716
1086,3450
1087,6045
1088,3285
1089,10522
1090,2773
1091,6845
1092,13046
1093,7021
1094,6238
1095,3190
1096,4871
1097,7566
1098,2649
1099,6831
1100,2820
1101,8225
1102,6573
1103,5624
1104,5668
1105,4658
1106,2950
1107,5124
1108,2206
1109,3597
1110,3232
1111,2722
1112,7518
1113,5563
1114,20433
1115,7401
1116,0
1117,0
1118,0
1119,0
1120,0
1121,0
1122,0
1123,0
1124,0
1125,0
1126,0
1127,0
1128,0
1129,0
1130,0
1131,0
1132,0
1133,0
1134,0
1135,0
1136,0
1137,0
1138,0
1139,0
1140,0
1141,0
1142,0
1143,0
1144,0
1145,0
1146,0
1147,0
1148,0
1149,0
1150,0
1151,0
1152,0
1153,0
1154,0
1155,0
1156,0
1157,0
1158,0
1159,0
1160,0
1161,0
1162,0
1163,0
1164,0
1165,0
1166,0
1167,0
1168,0
1169,0
1170,0
1171,0
1172,0
1173,0
1174,0
1175,0
1176,0
1177,0
1178,0
1179,0
1180,0
1181,0
1182,0
1183,0
1184,0
1185,0
1186,0
1187,0
1188,0
1189,0
1190,0
1191,0
1192,0
1193,0
1194,0
1195,0
1196,0
1197,0
1198,0
1199,0
1200,11758
1201,0
1202,0
1203,0
1204,0
1205,0
1206,0
1207,0
1208,0
1209,0
1210,0
1211,0
1212,0
1213,0
1214,0
1215,0
1216,0
1217,0
1218,0
1219,0
1220,0
1221,0
1222,0
1223,0
1224,0
1225,0
1226,0
1227,0
1228,0
1229,0
1230,0
1231,0
1232,0
1233,0
1234,0
1235,0
1236,0
1237,3062
1238,0
1239,0
1240,0
1241,0
1242,0
1243,0
1244,0
1245,0
1246,0
1247,0
1248,0
1249,0
1250,0
1251,0
1252,0
1253,0
1254,0
1255,0
1256,0
1257,0
1258,0
1259,0
1260,0
1261,0
1262,0
1263,0
1264,0
1265,0
1266,0
1267,0
1268,0
1269,0
1270,0
1271,0
1272,0
1273,0
1274,0
1275,0
1276,0
1277,0
1278,0
1279,0
1280,0
1281,0
1282,0
1283,0
1284,0
1285,0
1286,0
1287,0
1288,0
1289,0
1290,0
1291,0
1292,0
1293,0
1294,0
1295,0
1296,0
1297,0
1298,0
1299,0
1300,0
1301,0
1302,0
1303,0
1304,0
1305,0
1306,0
1307,0
1308,0
1309,0
1310,0
1311,0
1312,0
1313,0
1314,0
1315,0
1316,0
1317,0
1318,0
1319,0
1320,0
1321,0
1322,0
1323,0
1324,2130
1325,0
1326,0
1327,0
1328,0
1329,0
1330,0
1331,0
1332,0
1333,0
1334,0
1335,0
1336,0
1337,0
1338,0
1339,0
1340,0
1341,0
1342,0
1343,0
1344,0
1345,0
1346,0
1347,0
1348,0
1349,0
1350,0
1351,0
1352,0
1353,0
1354,0
1355,0
1356,0
1357,0
1358,0
1359,0
1360,0
1361,0
1362,0
1363,0
1364,0
1365,0
1366,0
1367,0
1368,0
1369,0
1370,0
1371,0
1372,0
1373,0
1374,16463
1375,0
1376,0
1377,28402
1378,0
1379,0
1380,0
1381,0
1382,0
1383,0
1384,0
1385,0
1386,0
1387,0
1388,0
1389,7311
1390,0
1391,0
1392,0
1393,0
1394,0
1395,0
1396,0
1397,0
1398,0
1399,0
1400,0
1401,0
1402,0
1403,0
1404,0
1405,0
1406,0
1407,0
1408,0
1409,0
1410,0
1411,0
1412,0
1413,0
1414,3512
1415,0
1416,0
1417,0
1418,0
1419,0
1420,0
1421,0
1422,0
1423,0
1424,0
1425,2670
1426,0
1427,0
1428,0
1429,0
1430,0
1431,0
1432,0
1433,0
1434,0
1435,0
1436,0
1437,0
1438,0
1439,0
1440,0
1441,0
1442,0
1443,0
1444,0
1445,0
1446,0
1447,0
1448,0
1449,0
1450,8014
1451,0
1452,0
1453,0
1454,0
1455,0
1456,0
1457,0
1458,0
1459,0
1460,0
1461,0
1462,0
1463,0
1464,0
1465,0
1466,0
1467,0
1468,8795
1469,0
1470,0
1471,0
1472,0
1473,0
1474,0
1475,0
1476,0
1477,0
1478,0
1479,0
1480,0
1481,0
1482,0
1483,0
1484,0
1485,0
1486,0
1487,0
1488,0
1489,0
1490,0
1491,0
1492,0
1493,0
1494,0
1495,0
1496,0
1497,0
1498,0
1499,0
1500,0
1501,0
1502,0
1503,0
1504,0
1505,0
1506,0
1507,0
1508,0
1509,0
1510,0
1511,0
1512,0
1513,0
1514,0
1515,0
1516,0
1517,0
1518,0
1519,0
1520,0
1521,0
1522,0
1523,0
1524,0
1525,0
1526,0
1527,0
1528,0
1529,0
1530,0
1531,0
1532,0
1533,0
1534,0
1535,0
1536,0
1537,0
1538,14991
1539,0
1540,0
1541,0
1542,0
1543,0
1544,0
1545,0
1546,0
1547,0
1548,1630
1549,0
1550,0
1551,0
1552,0
1553,0
1554,0
1555,0
1556,0
1557,0
1558,0
1559,0
1560,0
1561,0
1562,0
1563,0
1564,0
1565,0
1566,0
1567,0
1568,3763
1569,0
1570,0
1571,0
1572,0
1573,0
1574,0
1575,0
1576,0
1577,0
1578,0
1579,0
1580,0
1581,0
1582,0
1583,0
1584,0
1585,0
1586,0
1587,0
1588,0
1589,0
1590,0
1591,0
1592,0
1593,0
1594,0
1595,0
1596,0
1597,0
1598,0
1599,0
1600,0
1601,0
1602,0
1603,0
1604,0
1605,0
1606,0
1607,0
1608,0
1609,7471
1610,0
1611,0
1612,0
1613,0
1614,0
1615,0
1616,0
1617,0
1618,0
1619,0
1620,0
1621,0
1622,0
1623,0
1624,0
1625,0
1626,0
1627,7461
1628,0
1629,0
1630,0
1631,0
1632,0
1633,0
1634,0
1635,0
1636,0
1637,0
1638,0
1639,1944
1640,0
1641,0
1642,0
1643,0
1644,0
1645,4075
1646,0
1647,0
1648,0
1649,0
1650,0
1651,0
1652,0
1653,0
1654,0
1655,0
1656,0
1657,0
1658,0
1659,0
1660,0
1661,0
1662,0
1663,0
1664,0
1665,0
1666,0
1667,0
1668,0
1669,0
1670,0
1671,0
1672,0
1673,0
1674,0
1675,0
1676,0
1677,18261
1678,0
1679,0
1680,0
1681,0
1682,0
1683,0
1684,0
1685,0
1686,0
1687,0
1688,0
1689,0
1690,0
1691,0
1692,0
1693,5440
1694,0
1695,0
1696,0
1697,0
1698,0
1699,0
1700,0
1701,0
1702,0
1703,0
1704,0
1705,0
1706,0
1707,0
1708,0
1709,0
1710,0
1711,0
1712,0
1713,0
1714,0
1715,0
1716,0
1717,0
1718,0
1719,0
1720,0
1721,0
1722,0
1723,0
1724,0
1725,0
1726,0
1727,0
1728,0
1729,0
1730,0
1731,0
1732,0
1733,0
1734,0
1735,0
1736,0
1737,0
1738,0
1739,0
1740,0
1741,0
1742,0
1743,0
1744,0
1745,0
1746,0
1747,0
1748,0
1749,0
1750,0
1751,0
1752,0
1753,0
1754,0
1755,0
1756,0
1757,0
1758,0
1759,0
1760,0
1761,0
1762,0
1763,0
1764,0
1765,0
1766,0
1767,0
1768,0
1769,0
1770,0
1771,0
1772,0
1773,0
1774,0
1775,0
1776,0
1777,0
1778,0
1779,0
1780,0
1781,0
1782,0
1783,0
1784,0
1785,0
1786,0
1787,0
1788,0
1789,0
1790,0
1791,12701
1792,0
1793,0
1794,0
1795,0
1796,0
1797,7087
1798,0
1799,0
1800,0
1801,0
1802,0
1803,0
1804,0
1805,0
1806,0
1807,0
1808,0
1809,0
1810,0
1811,0
1812,0
1813,0
1814,0
1815,0
1816,0
1817,0
1818,0
1819,0
1820,0
1821,0
1822,0
1823,0
1824,0
1825,0
1826,0
1827,0
1828,0
1829,0
1830,0
1831,0
1832,0
1833,0
1834,0
1835,0
1836,0
1837,0
1838,0
1839,0
1840,0
1841,0
1842,0
1843,0
1844,0
1845,0
1846,0
1847,2531
1848,15690
1849,0
1850,0
1851,0
1852,0
1853,0
1854,0
1855,0
1856,0
1857,0
1858,0
1859,0
1860,0
1861,0
1862,0
1863,0
1864,0
1865,0
1866,0
1867,0
1868,0
1869,0
1870,0
1871,0
1872,0
1873,0
1874,0
1875,0
1876,0
1877,0
1878,0
1879,0
1880,0
1881,0
1882,0
1883,0
1884,11753
1885,0
1886,0
1887,0
1888,0
1889,0
1890,0
1891,0
1892,0
1893,0
1894,0
1895,0
1896,0
1897,0
1898,0
1899,0
1900,0
1901,0
1902,0
1903,0
1904,0
1905,0
1906,0
1907,0
1908,0
1909,0
1910,0
1911,0
1912,0
1913,0
1914,0
1915,0
1916,0
1917,0
1918,0
1919,0
1920,0
1921,0
1922,0
1923,0
1924,0
1925,0
1926,0
1927,0
1928,0
1929,0
1930,0
1931,0
1932,0
1933,0
1934,0
1935,0
1936,0
1937,0
1938,0
1939,0
1940,0
1941,0
1942,0
1943,0
1944,0
1945,0
1946,0
1947,0
1948,0
1949,0
1950,0
1951,0
1952,0
1953,0
1954,0
1955,0
1956,0
1957,0
1958,0
1959,0
1960,0
1961,0
1962,0
1963,0
1964,0
1965,0
1966,0
1967,0
1968,0
1969,0
1970,0
1971,0
1972,0
1973,0
1974,0
1975,0
1976,0
1977,0
1978,2540
1979,0
1980,0
1981,0
1982,1801
1983,0
1984,0
1985,0
1986,0
1987,0
1988,0
1989,0
1990,0
1991,0
1992,0
1993,0
1994,0
1995,0
1996,0
1997,0
1998,0
1999,0
2000,0
2001,0
2002,0
2003,0
2004,0
2005,0
2006,0
2007,0
2008,0
2009,0
2010,0
2011,0
2012,0
2013,0
2014,0
2015,0
2016,0
2017,0
2018,0
2019,0
2020,0
2021,0
2022,0
2023,0
2024,0
2025,0
2026,0
2027,0
2028,0
2029,0
2030,0
2031,0
2032,0
2033,0
2034,0
2035,0
2036,0
2037,0
2038,0
2039,0
2040,0
2041,0
2042,0
2043,0
2044,0
2045,0
2046,2130
2047,0
2048,0
2049,0
2050,0
2051,0
2052,0
2053,0
2054,0
2055,0
2056,0
2057,0
2058,0
2059,0
2060,0
2061,0
2062,0
2063,11470
2064,0
2065,0
2066,0
2067,0
2068,0
2069,0
2070,0
2071,0
2072,0
2073,0
2074,0
2075,0
2076,0
2077,0
2078,0
2079,0
2080,0
2081,0
2082,0
2083,0
2084,0
2085,0
2086,0
2087,0
2088,0
2089,0
2090,0
2091,0
2092,0
2093,0
2094,0
2095,0
2096,0
2097,0
2098,0
2099,0
2100,0
2101,0
2102,0
2103,0
2104,0
2105,0
2106,0
2107,0
2108,0
2109,0
2110,0
2111,0
2112,0
2113,0
2114,0
2115,0
2116,0
2117,0
2118,0
2119,0
2120,0
2121,0
2122,0
2123,0
2124,0
2125,0
2126,0
2127,0
2128,0
2129,0
2130,0
2131,0
2132,0
2133,0
2134,0
2135,0
2136,0
2137,0
2138,0
2139,0
2140,0
2141,0
2142,0
2143,0
2144,0
2145,0
2146,0
2147,0
2148,0
2149,0
2150,0
2151,0
2152,0
2153,0
2154,0
2155,0
2156,0
2157,0
2158,0
2159,0
2160,3650
2161,0
2162,0
2163,0
2164,0
2165,0
2166,0
2167,0
2168,0
2169,0
2170,0
2171,0
2172,0
2173,0
2174,0
2175,0
2176,0
2177,0
2178,0
2179,0
2180,0
2181,0
2182,0
2183,0
2184,0
2185,0
2186,0
2187,0
2188,0
2189,0
2190,0
2191,0
2192,0
2193,0
2194,0
2195,0
2196,5424
2197,0
2198,0
2199,0
2200,0
2201,0
2202,0
2203,0
2204,0
2205,0
2206,0
2207,0
2208,0
2209,0
2210,0
2211,0
2212,12713
2213,0
2214,4471
2215,0
2216,0
2217,0
2218,0
2219,0
2220,0
2221,0
2222,0
2223,0
2224,0
2225,0
2226,0
2227,0
2228,0
2229,0
2230,0
2231,3721
2232,4170
2233,5902
2234,8647
2235,4159
2236,4304
2237,8106
2238,5594
2239,6987
2240,5590
2241,6608
2242,6442
2243,3728
2244,5454
2245,5797
2246,7506
2247,5231
2248,6273
2249,6165
2250,8534
2251,4264
2252,4095
2253,4370
2254,8357
2255,10217
2256,5201
2257,8083
2258,3857
2259,6993
2260,3344
2261,4651
2262,3826
2263,7529
2264,7537
2265,9296
2266,9053
2267,4944
2268,4684
2269,4192
2270,3866
2271,5180
2272,8976
2273,5890
2274,4587
2275,4294
2276,4142
2277,6587
2278,3245
2279,6241
2280,3408
2281,5989
2282,5219
2283,4560
2284,6016
2285,4636
2286,6722
2287,7731
2288,5902
2289,5093
2290,7536
2291,4576
2292,6847
2293,5570
2294,8719
2295,4267
2296,5495
2297,7064
2298,6240
2299,7584
2300,5546
2301,7445
2302,3756
2303,4522
2304,5372
2305,5544
2306,7919
2307,6132
2308,3030
2309,4904
2310,6344
2311,6641
2312,7907
2313,3897
2314,12106
2315,6368
2316,3953
2317,6137
2318,5375
2319,6099
2320,7557
2321,3743
2322,5113
2323,5246
2324,6255
2325,6211
2326,4684
2327,5846
2328,4687
2329,4784
2330,7542
2331,6636
2332,5618
2333,4611
2334,9844
2335,4827
2336,8464
2337,6782
2338,11187
2339,5957
2340,4226
2341,5193
2342,5998
2343,5125
2344,4298
2345,6848
2346,6940
2347,3612
2348,7069
2349,5553
2350,6211
2351,4293
2352,7060
2353,7220
2354,4512
2355,10913
2356,4607
2357,4140
2358,6752
2359,7768
2360,5092
2361,4678
2362,6447
2363,5224
2364,4967
2365,5203
2366,4515
2367,7677
2368,6743
2369,6226
2370,6673
2371,4628
2372,4512
2373,5012
2374,6346
2375,6500
2376,6869
2377,7012
2378,8550
2379,5014
2380,7276
2381,6110
2382,5053
2383,5311
2384,7687
2385,5626
2386,5417
2387,8923
2388,6571
2389,6239
2390,4536
2391,6941
2392,5808
2393,6967
2394,5912
2395,3683
2396,4863
2397,7628
2398,6821
2399,4929
2400,3450
2401,7549
2402,6622
2403,7224
2404,5779
2405,5211
2406,4712
2407,3557
2408,8746
2409,6202
2410,6174
2411,5372
2412,4430
2413,0
2414,5856
2415,5387
2416,3483
2417,5568
2418,4008
2419,7196
2420,7166
2421,6146
2422,10394
2423,4027
2424,4247
2425,9515
2426,4773
2427,5413
2428,1936
2429,6690
2430,7371
2431,4303
2432,5680
2433,5836
2434,5356
2435,5570
2436,7340
2437,9577
2438,2476
2439,5716
2440,2581
2441,13012
2442,3883
2443,7181
2444,7830
2445,4898
2446,5825
2447,4326
2448,4811
2449,3277
2450,4187
2451,5052
2452,4700
2453,6239
2454,6332
2455,4334
2456,6164
2457,6009
2458,7234
2459,7202
2460,7071
2461,3901
2462,2956
2463,8658
2464,8795
2465,4448
2466,7021
2467,5054
2468,6793
2469,4490
2470,4799
2471,5747
2472,3072
2473,5336
2474,4194
2475,8837
2476,6420
2477,6741
2478,6723
2479,4685
2480,6949
2481,17656
2482,8247
2483,4670
2484,2347
2485,5185
2486,6728
2487,4875
2488,5551
2489,12702
2490,6084
2491,9129
2492,17705
2493,3854
2494,5642
2495,4454
2496,4038
2497,6848
2498,4161
2499,7669
2500,9342
2501,6773
2502,5103
2503,6630
2504,4320
2505,5554
2506,3422
2507,5354
2508,6640
2509,7999
2510,5376
2511,5001
2512,4376
2513,6757
2514,4444
2515,4650
2516,3175
2517,7351
2518,4686
2519,5159
2520,6529
2521,6787
2522,5976
2523,5224
2524,5499
2525,4858
2526,6065
2527,6285
2528,7373
2529,7580
2530,6297
2531,4995
2532,3005
2533,5189
2534,6090
2535,5171
2536,4355
2537,1937
2538,7545
2539,5408
2540,7509
2541,6108
2542,4529
2543,5641
2544,4602
2545,4019
2546,8435
2547,4752
2548,6074
2549,6875
2550,13462
2551,4539
2552,4546
2553,6363
2554,4875
2555,5316
2556,4495
2557,6733
2558,4278
2559,6279
2560,3459
2561,5215
2562,3735
2563,8918
2564,4746
2565,12892
2566,11557
2567,4272
2568,5885
2569,4913
2570,5774
2571,5103
2572,10467
2573,6406
2574,7700
2575,4178
2576,7054
2577,4495
2578,7977
2579,8598
2580,5526
2581,5192
2582,5542
2583,6535
2584,7080
2585,8239
2586,5467
2587,6752
2588,8822
2589,5451
2590,6176
2591,4402
2592,8372
2593,6732
2594,4540
2595,4340
2596,5465
2597,4255
2598,7330
2599,5271
2600,6435
2601,5129
2602,7793
2603,4125
2604,7114
2605,7469
2606,6817
2607,7069
2608,6004
2609,3508
2610,11881
2611,9347
2612,6101
2613,15089
2614,8437
2615,5780
2616,5634
2617,7752
2618,9327
2619,10255
2620,9811
2621,5080
2622,6990
2623,4940
2624,6942
2625,3936
2626,9347
2627,5013
2628,4234
2629,5434
2630,7759
2631,6948
2632,4794
2633,7498
2634,4640
2635,3620
2636,5710
2637,3645
2638,4190
2639,5000
2640,5484
2641,7519
2642,8056
2643,6704
2644,5908
2645,5288
2646,10106
2647,6148
2648,4406
2649,4816
2650,4537
2651,7472
2652,4095
2653,10798
2654,6737
2655,3198
2656,4492
2657,6090
2658,5700
2659,4411
2660,7440
2661,8953
2662,11294
2663,4892
2664,8871
2665,3079
2666,4897
2667,5731
2668,4708
2669,6209
2670,5019
2671,5576
2672,3174
2673,4368
2674,9074
2675,7512
2676,4142
2677,5197
2678,7854
2679,9311
2680,6633
2681,4910
2682,3909
2683,8764
2684,5245
2685,6282
2686,5350
2687,4642
2688,5961
2689,7395
2690,3088
2691,3670
2692,4262
2693,6321
2694,8773
2695,6247
2696,6972
2697,11867
2698,4276
2699,8619
2700,10427
2701,6113
2702,4553
2703,3032
2704,6773
2705,5594
2706,5385
2707,5301
2708,5778
2709,9528
2710,4869
2711,4579
2712,5796
2713,4432
2714,5948
2715,4453
2716,3865
2717,5504
2718,3191
2719,5971
2720,7490
2721,5969
2722,6588
2723,7458
2724,6953
2725,4459
2726,6788
2727,7647
2728,6755
2729,5036
2730,5702
2731,4250
2732,9212
2733,5067
2734,5870
2735,4829
2736,6246
2737,7179
2738,6048
2739,5245
2740,7714
2741,5248
2742,5822
2743,16298
2744,5386
2745,7372
2746,5227
2747,5158
2748,4882
2749,4156
2750,3780
2751,3929
2752,7604
2753,12644
2754,7265
2755,8823
2756,8952
2757,9844
2758,9046
2759,6753
2760,5371
2761,4996
2762,11122
2763,9639
2764,5958
2765,7837
2766,7241
2767,5459
2768,4134
2769,10331
2770,5980
2771,5647
2772,5646
2773,2012
2774,11840
2775,9283
2776,13837
2777,5352
2778,4180
2779,4450
2780,5474
2781,5853
2782,6046
2783,5870
2784,5281
2785,4031
2786,6280
2787,3490
2788,2613
2789,5441
2790,11794
2791,5964
2792,16533
2793,4258
2794,5231
2795,5906
2796,4734
2797,4446
2798,4407
2799,4744
2800,3550
2801,7038
2802,5931
2803,3345
2804,7781
2805,4270
2806,5363
2807,4186
2808,8696
2809,6354
2810,9495
2811,4355
2812,5974
2813,3851
2814,4099
2815,3873
2816,13292
2817,9235
2818,5574
2819,4145
2820,4380
2821,5289
2822,4192
2823,8334
2824,4355
2825,13246
2826,4062
2827,4674
2828,5432
2829,8448
2830,5808
2831,3957
2832,5817
2833,6141
2834,5962
2835,5873
2836,5334
2837,2981
2838,8474
2839,4950
2840,3736
2841,5535
2842,5286
2843,5586
2844,5987
2845,7949
2846,7535
2847,5886
2848,6048
2849,3856
2850,7803
2851,5133
2852,3960
2853,6570
2854,6516
2855,6115
2856,7432
2857,5329
2858,5328
2859,5504
2860,5287
2861,5148
2862,6665
2863,6058
2864,5767
2865,4733
2866,4739
2867,7807
2868,5301
2869,3770
2870,9999
2871,4583
2872,2903
2873,6356
2874,8021
2875,8287
2876,4821
2877,4963
2878,5539
2879,3128
2880,5737
2881,7214
2882,5464
2883,5292
2884,6363
2885,6987
2886,2915
2887,4743
2888,5059
2889,4910
2890,4421
2891,6232
2892,6396
2893,5511
2894,4300
2895,7225
2896,5178
2897,7439
2898,7716
2899,4080
2900,6079
2901,6249
2902,7013
2903,6601
2904,7296
2905,3047
2906,8548
2907,5759
2908,6547
2909,9564
2910,4182
2911,3479
2912,11089
2913,7489
2914,7043
2915,5169
2916,5389
2917,8139
2918,2950
2919,5662
2920,5116
2921,6722
2922,5683
2923,4639
2924,7008
2925,4760
2926,8044
2927,9387
2928,16364
2929,6327
2930,3929
2931,4633
2932,3471
2933,2915
2934,10864
2935,7368
2936,4820
2937,7841
2938,4765
2939,10266
2940,3816
2941,5087
2942,5344
2943,7571
2944,4432
2945,5316
2946,4897
2947,4184
2948,6782
2949,4536
2950,5777
2951,6755
2952,8040
2953,6404
2954,6733
2955,4996
2956,9229
2957,4165
2958,4571
2959,9715
2960,6147
2961,7628
2962,7146
2963,14649
2964,4847
2965,4276
2966,4257
2967,5505
2968,7783
2969,8363
2970,5775
2971,6812
2972,6724
2973,3267
2974,6712
2975,6379
2976,5226
2977,6503
2978,4629
2979,4238
2980,4185
2981,3886
2982,4163
2983,7114
2984,6180
2985,9679
2986,14683
2987,6258
2988,4428
2989,6012
2990,7625
2991,8461
2992,3688
2993,5294
2994,3557
2995,8288
2996,5622
2997,5342
2998,10982
2999,11855
3000,4220
3001,6423
3002,3512
3003,5255
3004,5556
3005,7578
3006,4234
3007,3911
3008,4808
3009,6251
3010,5724
3011,4178
3012,4956
3013,6204
3014,5558
3015,5828
3016,3293
3017,9246
3018,17634
3019,3779
3020,6079
3021,7709
3022,5580
3023,3837
3024,3406
3025,3483
3026,6910
3027,4426
3028,6609
3029,8696
3030,3757
3031,4400
3032,5256
3033,4817
3034,4368
3035,4760
3036,5513
3037,9141
3038,6813
3039,7959
3040,4812
3041,3831
3042,6090
3043,5768
3044,6987
3045,5250
3046,4391
3047,21058
3048,5628
3049,5301
3050,10682
3051,6252
3052,5799
3053,5544
3054,6689
3055,4221
3056,8641
3057,13075
3058,4589
3059,4553
3060,5669
3061,11476
3062,5149
3063,4460
3064,5549
3065,4803
3066,6050
3067,3546
3068,7601
3069,3518
3070,6671
3071,2351
3072,17152
3073,7349
3074,3727
3075,4277
3076,7922
3077,5404
3078,5826
3079,6810
3080,5065
3081,4795
3082,3900
3083,8249
3084,5038
3085,5184
3086,6235
3087,6690
3088,5050
3089,7056
3090,5029
3091,3435
3092,7608
3093,7573
3094,4197
3095,6646
3096,5648
3097,4198
3098,8322
3099,5254
3100,6917
3101,5480
3102,7166
3103,3758
3104,4254
3105,3935
3106,7643
3107,5733
3108,7484
3109,3321
3110,7300
3111,3409
3112,5791
3113,4807
3114,5322
3115,5725
3116,6413
3117,5440
3118,7471
3119,3256
3120,5362
3121,6446
3122,6542
3123,5797
3124,6791
3125,8969
3126,6270
3127,2572
3128,5785
3129,4852
3130,5942
3131,6275
3132,3809
3133,10184
3134,4719
3135,6270
3136,9256
3137,5887
3138,3434
3139,9876
3140,4796
3141,8858
3142,4891
3143,6521
3144,8090
3145,5297
3146,5061
3147,5967
3148,4582
3149,5076
3150,5360
3151,9763
3152,6405
3153,5182
3154,4287
3155,5282
3156,6340
3157,6006
3158,5797
3159,5375
3160,5868
3161,3885
3162,6763
3163,6918
3164,5952
3165,5019
3166,6301
3167,6317
3168,8685
3169,4884
3170,6711
3171,4777
3172,5030
3173,6114
3174,5647
3175,4078
3176,3724
3177,6441
3178,7864
3179,4477
3180,5256
3181,6903
3182,5220
3183,4752
3184,5421
3185,4151
3186,3193
3187,7135
3188,3891
3189,6748
3190,5394
3191,5511
3192,5549
3193,9675
3194,7603
3195,6272
3196,4873
3197,7335
3198,7294
3199,3421
3200,3181
3201,7077
3202,2910
3203,6246
3204,11876
3205,6751
3206,6098
3207,3844
3208,6553
3209,5490
3210,5582
3211,6355
3212,6946
3213,7053
3214,4974
3215,7092
3216,4207
3217,6184
3218,4724
3219,5126
3220,4778
3221,4960
3222,5370
3223,6778
3224,4206
3225,8591
3226,6366
3227,3812
3228,4112
3229,7284
3230,6269
3231,4892
3232,5812
3233,5859
3234,4405
3235,5709
3236,5521
3237,5458
3238,4623
3239,4685
3240,6989
3241,5877
3242,4990
3243,3430
3244,9359
3245,5196
3246,4503
3247,6218
3248,9779
3249,6854
3250,7275
3251,8822
3252,5912
3253,4753
3254,4837
3255,6930
3256,7683
3257,10292
3258,3990
3259,5868
3260,2904
3261,4065
3262,8078
3263,12955
3264,5714
3265,4239
3266,4323
3267,5594
3268,4836
3269,6973
3270,7628
3271,5313
3272,3551
3273,6248
3274,4986
3275,8168
3276,7557
3277,4319
3278,5975
3279,3520
3280,5735
3281,7193
3282,6540
3283,7376
3284,5475
3285,6375
3286,3954
3287,5379
3288,6647
3289,7427
3290,6386
3291,6940
3292,4839
3293,4123
3294,8686
3295,4095
3296,10744
3297,5384
3298,3855
3299,5574
3300,5506
3301,5784
3302,6931
3303,8785
3304,4177
3305,11752
3306,3855
3307,4197
3308,5950
3309,6647
3310,9968
3311,7306
3312,5488
3313,4717
3314,5715
3315,6309
3316,4443
3317,5382
3318,4643
3319,9098
3320,5751
3321,7446
3322,11202
3323,7308
3324,4424
3325,4410
3326,5095
3327,10001
3328,5316
3329,7684
3330,3830
3331,8902
3332,6134
3333,4474
3334,4283
3335,4098
3336,4904
3337,4682
3338,4995
3339,4470
3340,3998
3341,4446
3342,7584
3343,5712
3344,19404
3345,5503
3346,3475
3347,4042
3348,5897
3349,7621
3350,4000
3351,3935
3352,7848
3353,5479
3354,6307
3355,5284
3356,6210
3357,5987
3358,3352
3359,4992
3360,5273
3361,7027
3362,5279
3363,5773
3364,5914
3365,8131
3366,3935
3367,3786
3368,4025
3369,8006
3370,9053
3371,4870
3372,7718
3373,3886
3374,6519
3375,3505
3376,4364
3377,3593
3378,6691
3379,6814
3380,8784
3381,7977
3382,4618
3383,4261
3384,3886
3385,3847
3386,4658
3387,8564
3388,5482
3389,4236
3390,3721
3391,3816
3392,6078
3393,3056
3394,5930
3395,3198
3396,5287
3397,4550
3398,4286
3399,5557
3400,4367
3401,6465
3402,6975
3403,5556
3404,4711
3405,7241
3406,4155
3407,6207
3408,5010
3409,8172
3410,4177
3411,5006
3412,6561
3413,5810
3414,7337
3415,5117
3416,7173
3417,3600
3418,4284
3419,5053
3420,4897
3421,7216
3422,5861
3423,2929
3424,4516
3425,5776
3426,6109
3427,7527
3428,3518
3429,11378
3430,5485
3431,3766
3432,5632
3433,5528
3434,5519
3435,6891
3436,3581
3437,4641
3438,5158
3439,5794
3440,5920
3441,4601
3442,5559
3443,4321
3444,4408
3445,6648
3446,6162
3447,5189
3448,4159
3449,8882
3450,4405
3451,7713
3452,6208
3453,10135
3454,5403
3455,3959
3456,4851
3457,5535
3458,4483
3459,4037
3460,6343
3461,6170
3462,3329
3463,5963
3464,5354
3465,5394
3466,3877
3467,6201
3468,6906
3469,4434
3470,10051
3471,4223
3472,3613
3473,6293
3474,7407
3475,4458
3476,4205
3477,5802
3478,5100
3479,4378
3480,4672
3481,4138
3482,7358
3483,6541
3484,5651
3485,6158
3486,4438
3487,4069
3488,4704
3489,5946
3490,6072
3491,6363
3492,6291
3493,7898
3494,4567
3495,6515
3496,5794
3497,4510
3498,5333
3499,7034
3500,5116
3501,5473
3502,8774
3503,6245
3504,5670
3505,4267
3506,6452
3507,5417
3508,6304
3509,5536
3510,3496
3511,4510
3512,7905
3513,6292
3514,4737
3515,3275
3516,7017
3517,6117
3518,6454
3519,5293
3520,4759
3521,4405
3522,3259
3523,7874
3524,5924
3525,5432
3526,5117
3527,4029
3528,0
3529,5320
3530,4861
3531,3162
3532,5542
3533,3481
3534,6715
3535,6728
3536,5720
3537,9823
3538,3861
3539,3949
3540,8604
3541,4254
3542,4940
3543,2310
3544,6259
3545,6809
3546,3927
3547,5305
3548,5437
3549,5108
3550,5002
3551,6975
3552,8976
3553,2211
3554,5350
3555,2380
3556,11992
3557,3675
3558,6902
3559,7377
3560,4440
3561,5351
3562,4002
3563,4658
3564,2987
3565,4018
3566,4789
3567,4197
3568,5536
3569,5872
3570,4166
3571,5799
3572,5522
3573,7022
3574,6677
3575,6189
3576,3742
3577,2661
3578,7914
3579,7864
3580,4107
3581,6503
3582,4443
3583,6286
3584,3969
3585,4353
3586,5480
3587,2704
3588,5179
3589,3878
3590,7863
3591,5712
3592,6036
3593,6326
3594,4307
3595,6474
3596,16955
3597,7783
3598,4257
3599,2144
3600,4843
3601,6539
3602,4432
3603,5111
3604,11536
3605,5530
3606,8699
3607,16169
3608,3420
3609,5187
3610,4223
3611,3791
3612,6559
3613,3796
3614,7066
3615,8361
3616,6807
3617,4875
3618,6045
3619,3760
3620,5000
3621,3345
3622,4903
3623,5874
3624,6912
3625,4873
3626,4516
3627,3930
3628,6235
3629,4098
3630,4172
3631,3048
3632,6773
3633,4171
3634,4784
3635,6202
3636,6338
3637,5385
3638,4917
3639,5513
3640,4678
3641,5755
3642,5670
3643,6345
3644,6557
3645,6113
3646,4654
3647,2805
3648,4948
3649,5553
3650,4606
3651,4147
3652,2176
3653,7232
3654,5296
3655,7437
3656,5680
3657,4190
3658,5183
3659,4228
3660,3740
3661,7918
3662,4228
3663,5517
3664,6188
3665,12371
3666,4296
3667,4527
3668,5765
3669,4905
3670,5064
3671,3962
3672,6188
3673,4067
3674,5792
3675,3173
3676,4863
3677,3481
3678,8090
3679,4229
3680,12945
3681,11032
3682,3945
3683,5455
3684,4554
3685,5475
3686,4707
3687,9413
3688,6037
3689,7266
3690,3786
3691,6803
3692,3980
3693,7610
3694,7838
3695,5171
3696,5007
3697,5208
3698,5977
3699,6416
3700,7658
3701,4999
3702,6185
3703,7907
3704,4966
3705,5543
3706,4131
3707,7381
3708,6056
3709,4518
3710,4011
3711,5277
3712,3877
3713,6891
3714,4823
3715,5899
3716,4787
3717,7408
3718,3736
3719,6506
3720,7524
3721,6309
3722,6937
3723,5876
3724,3393
3725,11347
3726,8633
3727,5697
3728,13674
3729,8422
3730,5069
3731,5216
3732,7354
3733,8819
3734,9883
3735,9125
3736,4781
3737,6407
3738,4609
3739,6420
3740,3580
3741,9020
3742,4890
3743,3949
3744,5089
3745,7116
3746,6628
3747,4363
3748,6868
3749,4528
3750,3476
3751,5327
3752,3402
3753,3850
3754,5001
3755,5027
3756,7035
3757,6982
3758,5949
3759,5123
3760,5008
3761,9437
3762,5966
3763,4315
3764,4380
3765,4112
3766,6838
3767,3856
3768,9556
3769,6017
3770,2903
3771,4241
3772,5539
3773,5110
3774,4048
3775,6800
3776,8030
3777,10704
3778,5061
3779,8081
3780,2835
3781,4510
3782,5139
3783,4345
3784,5574
3785,4586
3786,5184
3787,2983
3788,4135
3789,8210
3790,6930
3791,3902
3792,4758
3793,7399
3794,8838
3795,6023
3796,4576
3797,3570
3798,7738
3799,5082
3800,5741
3801,5140
3802,4156
3803,5470
3804,7162
3805,3044
3806,3487
3807,4348
3808,5643
3809,7605
3810,5813
3811,6669
3812,11810
3813,3757
3814,8092
3815,9503
3816,5344
3817,4012
3818,2869
3819,6320
3820,5249
3821,5022
3822,4629
3823,5447
3824,9648
3825,4220
3826,4283
3827,5293
3828,5008
3829,5445
3830,4096
3831,3600
3832,5179
3833,2993
3834,6197
3835,6992
3836,5229
3837,6322
3838,7020
3839,6708
3840,4033
3841,5969
3842,7664
3843,6199
3844,4535
3845,5097
3846,3863
3847,8188
3848,4659
3849,5177
3850,4502
3851,5714
3852,6638
3853,5530
3854,5089
3855,7313
3856,4785
3857,5441
3858,14972
3859,5005
3860,6991
3861,4981
3862,4997
3863,4353
3864,3932
3865,3465
3866,3680
3867,6841
3868,11504
3869,7049
3870,7744
3871,8916
3872,9307
3873,8353
3874,6206
3875,4625
3876,4583
3877,10317
3878,9100
3879,5373
3880,7529
3881,7035
3882,4985
3883,3760
3884,9365
3885,5475
3886,5374
3887,5404
3888,1915
3889,11304
3890,8808
3891,12508
3892,4922
3893,3934
3894,4193
3895,4984
3896,5602
3897,5620
3898,5212
3899,4988
3900,3530
3901,6021
3902,3166
3903,2550
3904,4961
3905,11006
3906,5690
3907,15543
3908,3985
3909,4928
3910,5574
3911,4618
3912,4061
3913,3881
3914,4419
3915,3411
3916,6157
3917,5415
3918,3107
3919,6877
3920,4184
3921,4892
3922,3722
3923,7701
3924,5868
3925,8719
3926,4155
3927,5699
3928,3508
3929,3971
3930,3614
3931,12425
3932,8180
3933,5219
3934,3932
3935,3814
3936,4723
3937,3949
3938,7883
3939,4054
3940,12353
3941,3774
3942,4431
3943,4764
3944,7388
3945,5085
3946,3717
3947,5594
3948,6248
3949,5318
3950,5388
3951,4828
3952,2920
3953,8471
3954,4412
3955,3544
3956,5000
3957,4690
3958,5072
3959,5513
3960,7384
3961,7269
3962,5642
3963,5689
3964,3623
3965,7075
3966,4920
3967,3599
3968,6236
3969,5940
3970,5701
3971,6740
3972,4731
3973,4983
3974,4995
3975,5402
3976,4865
3977,5952
3978,5527
3979,5242
3980,5019
3981,4295
3982,7337
3983,4912
3984,3755
3985,9088
3986,4371
3987,2978
3988,6066
3989,7165
3990,7760
3991,4580
3992,4464
3993,4968
3994,2946
3995,5244
3996,6482
3997,5147
3998,4820
3999,5939
4000,6399
4001,2839
4002,4279
4003,4753
4004,4584
4005,4117
4006,5644
4007,5869
4008,5168
4009,3868
4010,6735
4011,4488
4012,6544
4013,7114
4014,3842
4015,5706
4016,5851
4017,6450
4018,6100
4019,6703
4020,2953
4021,7818
4022,5192
4023,6102
4024,8238
4025,3919
4026,3351
4027,10977
4028,7015
4029,6198
4030,5003
4031,5424
4032,7552
4033,2917
4034,5333
4035,4795
4036,6138
4037,5483
4038,4277
4039,6438
4040,4603
4041,7067
4042,8712
4043,14382
4044,6175
4045,3865
4046,4279
4047,3241
4048,2775
4049,9726
4050,6772
4051,4288
4052,7711
4053,4504
4054,9604
4055,3400
4056,4600
4057,5042
4058,7172
4059,4098
4060,5075
4061,4471
4062,3942
4063,6443
4064,3987
4065,5358
4066,6268
4067,7373
4068,6024
4069,6381
4070,4683
4071,9095
4072,3876
4073,4098
4074,9163
4075,5669
4076,7498
4077,6059
4078,14067
4079,4714
4080,3948
4081,3786
4082,5133
4083,7404
4084,7782
4085,5176
4086,6283
4087,6019
4088,3131
4089,6096
4090,6117
4091,5082
4092,6217
4093,4308
4094,3975
4095,3856
4096,3547
4097,3894
4098,6658
4099,5600
4100,9186
4101,13658
4102,5610
4103,4094
4104,5640
4105,6855
4106,7513
4107,3204
4108,4803
4109,3501
4110,7551
4111,5238
4112,5137
4113,9891
4114,11059
4115,3927
4116,5758
4117,3146
4118,4609
4119,4921
4120,6826
4121,3961
4122,3419
4123,4695
4124,6416
4125,6042
4126,4050
4127,4539
4128,5768
4129,5518
4130,5143
4131,3112
4132,8339
4133,16046
4134,3747
4135,5579
4136,7193
4137,5338
4138,3511
4139,3165
4140,3321
4141,6632
4142,4126
4143,6349
4144,7939
4145,3338
4146,3890
4147,4845
4148,4492
4149,3950
4150,4217
4151,4877
4152,8072
4153,6524
4154,7549
4155,4443
4156,3589
4157,5555
4158,5217
4159,6705
4160,4929
4161,4119
4162,20061
4163,5150
4164,5055
4165,9961
4166,5780
4167,5085
4168,5252
4169,6310
4170,4084
4171,7841
4172,11727
4173,4281
4174,4284
4175,5522
4176,11055
4177,4652
4178,4135
4179,5085
4180,4343
4181,5463
4182,3501
4183,7020
4184,3165
4185,6171
4186,2086
4187,16263
4188,6742
4189,3364
4190,3936
4191,7986
4192,5008
4193,5301
4194,6209
4195,4773
4196,4093
4197,3793
4198,7927
4199,4596
4200,4897
4201,5838
4202,5976
4203,4780
4204,6408
4205,4767
4206,3285
4207,7135
4208,7553
4209,3941
4210,5920
4211,5063
4212,3906
4213,7666
4214,4992
4215,6537
4216,5139
4217,6514
4218,3576
4219,3794
4220,3657
4221,8570
4222,5414
4223,6928
4224,3052
4225,6869
4226,3150
4227,5165
4228,4484
4229,4878
4230,5617
4231,6251
4232,5216
4233,6861
4234,3160
4235,4708
4236,5732
4237,6120
4238,5667
4239,6214
4240,8172
4241,5803
4242,2356
4243,5823
4244,4538
4245,5537
4246,5730
4247,3594
4248,9122
4249,4096
4250,5792
4251,8304
4252,5975
4253,3126
4254,9454
4255,4601
4256,8083
4257,4619
4258,6308
4259,8033
4260,4645
4261,4870
4262,5784
4263,4411
4264,4627
4265,5175
4266,8729
4267,6017
4268,4940
4269,4141
4270,5764
4271,5750
4272,5324
4273,5328
4274,5125
4275,5378
4276,3605
4277,6472
4278,6549
4279,5717
4280,4584
4281,5704
4282,6029
4283,7912
4284,4350
4285,6355
4286,4472
4287,4641
4288,5919
4289,5615
4290,3835
4291,3588
4292,6148
4293,7117
4294,4014
4295,4789
4296,6412
4297,4845
4298,4801
4299,5050
4300,3852
4301,2804
4302,6556
4303,3593
4304,6183
4305,5078
4306,5300
4307,5415
4308,9698
4309,7098
4310,5823
4311,4463
4312,6619
4313,6570
4314,3389
4315,3017
4316,6905
4317,2747
4318,5881
4319,11062
4320,6408
4321,5733
4322,3460
4323,5835
4324,4959
4325,5475
4326,5730
4327,6521
4328,6544
4329,4701
4330,6238
4331,4019
4332,5534
4333,4401
4334,4743
4335,4423
4336,4505
4337,4648
4338,6278
4339,3974
4340,7811
4341,5986
4342,3233
4343,3837
4344,6658
4345,5792
4346,4753
4347,5141
4348,5935
4349,3945
4350,5548
4351,5071
4352,4981
4353,4214
4354,4414
4355,6284
4356,5316
4357,4543
4358,3206
4359,9096
4360,4876
4361,4102
4362,5879
4363,8722
4364,6155
4365,6653
4366,7931
4367,5580
4368,4281
4369,4459
4370,6330
4371,7615
4372,9522
4373,3951
4374,5573
4375,2904
4376,3830
4377,8037
4378,12003
4379,5788
4380,4204
4381,4139
4382,5230
4383,4355
4384,6381
4385,7152
4386,5020
4387,3473
4388,5927
4389,4751
4390,7442
4391,6812
4392,4033
4393,5687
4394,3332
4395,5036
4396,6632
4397,6154
4398,6887
4399,5227
4400,5951
4401,3563
4402,4987
4403,6463
4404,6889
4405,5893
4406,6188
4407,4491
4408,3804
4409,8183
4410,3797
4411,10147
4412,4973
4413,3434
4414,5313
4415,5091
4416,5499
4417,6461
4418,8236
4419,3746
4420,10544
4421,3386
4422,4017
4423,5411
4424,6371
4425,8816
4426,6789
4427,5360
4428,4497
4429,5201
4430,5638
4431,4163
4432,5197
4433,4644
4434,8564
4435,5766
4436,6661
4437,10589
4438,6738
4439,3994
4440,4326
4441,4801
4442,9380
4443,4698
4444,6937
4445,3980
4446,7872
4447,5540
4448,4339
4449,3842
4450,3833
4451,4547
4452,4535
4453,4791
4454,4121
4455,3753
4456,4129
4457,6768
4458,5389
4459,18470
4460,4868
4461,3465
4462,4802
4463,5829
4464,7631
4465,4139
4466,4028
4467,7210
4468,5198
4469,6110
4470,4834
4471,6564
4472,6125
4473,3422
4474,4852
4475,5423
4476,6874
4477,5103
4478,6042
4479,5740
4480,7883
4481,3787
4482,3808
4483,4072
4484,8069
4485,8978
4486,4893
4487,7608
4488,3665
4489,6511
4490,3088
4491,4511
4492,3445
4493,6699
4494,6596
4495,8784
4496,7899
4497,4744
4498,4364
4499,3954
4500,3650
4501,4860
4502,8907
4503,5434
4504,4230
4505,3956
4506,3801
4507,6338
4508,2917
4509,6045
4510,3197
4511,5659
4512,4848
4513,4283
4514,5894
4515,4320
4516,6333
4517,7021
4518,5553
4519,4582
4520,7518
4521,4287
4522,5720
4523,5244
4524,8446
4525,4147
4526,5018
4527,6461
4528,6026
4529,7210
4530,5031
4531,7185
4532,3385
4533,3927
4534,4957
4535,4936
4536,7130
4537,5591
4538,2998
4539,4367
4540,5654
4541,5971
4542,7774
4543,3477
4544,11757
4545,5521
4546,3726
4547,5434
4548,5111
4549,5411
4550,6902
4551,3458
4552,4797
4553,5108
4554,5959
4555,5642
4556,4413
4557,5535
4558,4400
4559,4378
4560,6657
4561,6099
4562,4967
4563,3897
4564,8734
4565,4325
4566,7772
4567,6065
4568,10113
4569,5231
4570,3785
4571,4986
4572,5466
4573,4549
4574,4219
4575,6433
4576,5888
4577,3272
4578,6114
4579,5143
4580,5463
4581,3728
4582,6362
4583,6964
4584,4250
4585,9492
4586,4178
4587,3834
4588,6281
4589,7143
4590,4527
4591,4091
4592,5876
4593,4728
4594,4208
4595,4877
4596,4137
4597,7212
4598,6256
4599,5414
4600,6211
4601,4171
4602,3980
4603,4685
4604,6191
4605,5948
4606,6508
4607,6674
4608,7390
4609,4663
4610,6607
4611,5627
4612,4676
4613,5291
4614,6934
4615,5301
4616,5230
4617,8356
4618,6462
4619,5516
4620,4235
4621,6169
4622,5560
4623,5875
4624,5492
4625,3405
4626,4436
4627,7633
4628,6353
4629,4789
4630,3274
4631,6797
4632,5876
4633,6185
4634,5292
4635,4824
4636,4289
4637,3188
4638,7790
4639,5665
4640,5701
4641,4994
4642,4093
4643,0
4644,5341
4645,5080
4646,3153
4647,4712
4648,3646
4649,6656
4650,6688
4651,5590
4652,9721
4653,4154
4654,3960
4655,8578
4656,4266
4657,5117
4658,1942
4659,6244
4660,6607
4661,4017
4662,5276
4663,6257
4664,4960
4665,4830
4666,6682
4667,8857
4668,2156
4669,5037
4670,2381
4671,11181
4672,4051
4673,6971
4674,7590
4675,4503
4676,5317
4677,4035
4678,4367
4679,2899
4680,3801
4681,4774
4682,4073
4683,5944
4684,5900
4685,4111
4686,5500
4687,5397
4688,7193
4689,6970
4690,6327
4691,3800
4692,2807
4693,7851
4694,7984
4695,4033
4696,6287
4697,4366
4698,5967
4699,4022
4700,4351
4701,5647
4702,2720
4703,5156
4704,3960
4705,7827
4706,5708
4707,6139
4708,6171
4709,4222
4710,6551
4711,16384
4712,7924
4713,4103
4714,2361
4715,5059
4716,6335
4717,4188
4718,4931
4719,11484
4720,5516
4721,8645
4722,16231
4723,3423
4724,5104
4725,4127
4726,3631
4727,6457
4728,4209
4729,6882
4730,8185
4731,6477
4732,4735
4733,6110
4734,3709
4735,5053
4736,3176
4737,4766
4738,5806
4739,7318
4740,4822
4741,4634
4742,3817
4743,6225
4744,3968
4745,4154
4746,3001
4747,6762
4748,4207
4749,4803
4750,6026
4751,6219
4752,5107
4753,4737
4754,4813
4755,4803
4756,5577
4757,5582
4758,6584
4759,6100
4760,5895
4761,4655
4762,2791
4763,4989
4764,5182
4765,4578
4766,3991
4767,1929
4768,7078
4769,5296
4770,7548
4771,5465
4772,4104
4773,4912
4774,4118
4775,3672
4776,7569
4777,4345
4778,5812
4779,6304
4780,11898
4781,4477
4782,4041
4783,5888
4784,4352
4785,4897
4786,4071
4787,6231
4788,3970
4789,5893
4790,3116
4791,4682
4792,3250
4793,7944
4794,4278
4795,12762
4796,10640
4797,4008
4798,5314
4799,4249
4800,5372
4801,4507
4802,9370
4803,6305
4804,6897
4805,3526
4806,6685
4807,4122
4808,7244
4809,7403
4810,5218
4811,4815
4812,5230
4813,5903
4814,6715
4815,7416
4816,5102
4817,6115
4818,8299
4819,5093
4820,5388
4821,4436
4822,7139
4823,6004
4824,4230
4825,4067
4826,4966
4827,3936
4828,7023
4829,4861
4830,6041
4831,4951
4832,7407
4833,3755
4834,6201
4835,7079
4836,6080
4837,6170
4838,5559
4839,3291
4840,11979
4841,8125
4842,5955
4843,13390
4844,7372
4845,5288
4846,5322
4847,7145
4848,8371
4849,9399
4850,8960
4851,4423
4852,6335
4853,4541
4854,6431
4855,3492
4856,8216
4857,4816
4858,4080
4859,4978
4860,7091
4861,6491
4862,4406
4863,6650
4864,4569
4865,3364
4866,5349
4867,3297
4868,3965
4869,4510
4870,5528
4871,7383
4872,6913
4873,5847
4874,5156
4875,4949
4876,9247
4877,5924
4878,4235
4879,4416
4880,4098
4881,6924
4882,3776
4883,9437
4884,6285
4885,2875
4886,4272
4887,5476
4888,5213
4889,4084
4890,7010
4891,7777
4892,10469
4893,4792
4894,8475
4895,2837
4896,4321
4897,5267
4898,4345
4899,5505
4900,4496
4901,5395
4902,3011
4903,4163
4904,9123
4905,6927
4906,3751
4907,4594
4908,7459
4909,8669
4910,6182
4911,4559
4912,3433
4913,8021
4914,5236
4915,6437
4916,4899
4917,4185
4918,5510
4919,6915
4920,2816
4921,3683
4922,3895
4923,5497
4924,8070
4925,5831
4926,6578
4927,10874
4928,3822
4929,8032
4930,9517
4931,5237
4932,4094
4933,2742
4934,6707
4935,5041
4936,4991
4937,4658
4938,5213
4939,8868
4940,4129
4941,4199
4942,5448
4943,4005
4944,5731
4945,4186
4946,3519
4947,5343
4948,2889
4949,5721
4950,6977
4951,5299
4952,6059
4953,6997
4954,6680
4955,4161
4956,5988
4957,7221
4958,6035
4959,4718
4960,5230
4961,4419
4962,8251
4963,5049
4964,5080
4965,4311
4966,6060
4967,6905
4968,5576
4969,4986
4970,7347
4971,4718
4972,5359
4973,14178
4974,4856
4975,7355
4976,4682
4977,4901
4978,4513
4979,3930
4980,3362
4981,3753
4982,6984
4983,11360
4984,6998
4985,7856
4986,8299
4987,9244
4988,8534
4989,6142
4990,4369
4991,4400
4992,9916
4993,8692
4994,5702
4995,7172
4996,6480
4997,5017
4998,3447
4999,9158
5000,5654
5001,5324
5002,5128
5003,2005
5004,10779
5005,9027
5006,12118
5007,4913
5008,3897
5009,4047
5010,5018
5011,5161
5012,5732
5013,5384
5014,4744
5015,3651
5016,5582
5017,3428
5018,2446
5019,4834
5020,11021
5021,5715
5022,15578
5023,3887
5024,4977
5025,5798
5026,4266
5027,4002
5028,3995
5029,4137
5030,3322
5031,6194
5032,5558
5033,3092
5034,7110
5035,4060
5036,4841
5037,3642
5038,7652
5039,5859
5040,8436
5041,4006
5042,5484
5043,3553
5044,3864
5045,3608
5046,13109
5047,8620
5048,5083
5049,3847
5050,3907
5051,4723
5052,3864
5053,7607
5054,3668
5055,12264
5056,3672
5057,4137
5058,4632
5059,7461
5060,5410
5061,3773
5062,5299
5063,5993
5064,5431
5065,5401
5066,4711
5067,2840
5068,8052
5069,4187
5070,3439
5071,4958
5072,4827
5073,5111
5074,5246
5075,7184
5076,7050
5077,5540
5078,5577
5079,3580
5080,7197
5081,4801
5082,3581
5083,5862
5084,6001
5085,5424
5086,7143
5087,4905
5088,4881
5089,5031
5090,5045
5091,4785
5092,5986
5093,5775
5094,5397
5095,4418
5096,4476
5097,7197
5098,5177
5099,3765
5100,9263
5101,4348
5102,3065
5103,5823
5104,7322
5105,7570
5106,4252
5107,4429
5108,4924
5109,3022
5110,5190
5111,6422
5112,5022
5113,4594
5114,5658
5115,6430
5116,2773
5117,4262
5118,4852
5119,4456
5120,3976
5121,5642
5122,6053
5123,5101
5124,4029
5125,6564
5126,4622
5127,6472
5128,7181
5129,4010
5130,5474
5131,5657
5132,6477
5133,6139
5134,7121
5135,2887
5136,7663
5137,5158
5138,6007
5139,8483
5140,3845
5141,3206
5142,10964
5143,6586
5144,6275
5145,4849
5146,4969
5147,7560
5148,2820
5149,5242
5150,4582
5151,6321
5152,5168
5153,4228
5154,6457
5155,4563
5156,7188
5157,8994
5158,14367
5159,5811
5160,3751
5161,4210
5162,3208
5163,2757
5164,9191
5165,6549
5166,4250
5167,7160
5168,4531
5169,9242
5170,3566
5171,4702
5172,4818
5173,7851
5174,4296
5175,5339
5176,4450
5177,3926
5178,6160
5179,3856
5180,5681
5181,6306
5182,7506
5183,5989
5184,6291
5185,4590
5186,8795
5187,3753
5188,4100
5189,8632
5190,5671
5191,7564
5192,6016
5193,13716
5194,4468
5195,4088
5196,3828
5197,4861
5198,7370
5199,8099
5200,5424
5201,6139
5202,6165
5203,3181
5204,6107
5205,6290
5206,5104
5207,6149
5208,4406
5209,3721
5210,3838
5211,3455
5212,3969
5213,6603
5214,5437
5215,8844
5216,13430
5217,5745
5218,4084
5219,5938
5220,6771
5221,7423
5222,3216
5223,4887
5224,3372
5225,7118
5226,5290
5227,4751
5228,10098
5229,11170
5230,4038
5231,5554
5232,3207
5233,4747
5234,4798
5235,7046
5236,3946
5237,3501
5238,4434
5239,5787
5240,5231
5241,3871
5242,4465
5243,5637
5244,5251
5245,5316
5246,2952
5247,8605
5248,15744
5249,3434
5250,5618
5251,7004
5252,5546
5253,3501
5254,3075
5255,3393
5256,6410
5257,4123
5258,6083
5259,7923
5260,3433
5261,3905
5262,4958
5263,4379
5264,3982
5265,4375
5266,5038
5267,8079
5268,6287
5269,7697
5270,4530
5271,3404
5272,5376
5273,5076
5274,6382
5275,4923
5276,3942
5277,19136
5278,4904
5279,4941
5280,9887
5281,5557
5282,5069
5283,4996
5284,6220
5285,4020
5286,7784
5287,11495
5288,4099
5289,4110
5290,5593
5291,10576
5292,4676
5293,4087
5294,4829
5295,4298
5296,5377
5297,3329
5298,6977
5299,3139
5300,6049
5301,2256
5302,16138
5303,6851
5304,3596
5305,4167
5306,7262
5307,5068
5308,5442
5309,6392
5310,4820
5311,4217
5312,3689
5313,7693
5314,4811
5315,4828
5316,5661
5317,6043
5318,4446
5319,6318
5320,4561
5321,3224
5322,6819
5323,7038
5324,3853
5325,6062
5326,5089
5327,3999
5328,7727
5329,4661
5330,6238
5331,5171
5332,6604
5333,3443
5334,3759
5335,3666
5336,7439
5337,5768
5338,6837
5339,3081
5340,6685
5341,3301
5342,5095
5343,4253
5344,4810
5345,5546
5346,6030
5347,5193
5348,6932
5349,3164
5350,4872
5351,5780
5352,5860
5353,5658
5354,6650
5355,8000
5356,5629
5357,2416
5358,5375
5359,4248
5360,5258
5361,5669
5362,3601
5363,9201
5364,4178
5365,5636
5366,8180
5367,5400
5368,3153
5369,9171
5370,4610
5371,8118
5372,4702
5373,6027
5374,7202
5375,4864
5376,4411
5377,5561
5378,4288
5379,4411
5380,5085
5381,8264
5382,6139
5383,4723
5384,4012
5385,5208
5386,5892
5387,5220
5388,5781
5389,4945
5390,5253
5391,3508
5392,6323
5393,6701
5394,5732
5395,4549
5396,5659
5397,5886
5398,7661
5399,4478
5400,6220
5401,4276
5402,4812
5403,6308
5404,5336
5405,3837
5406,3487
5407,6955
5408,7047
5409,3980
5410,4523
5411,6351
5412,4887
5413,4446
5414,5451
5415,3979
5416,2718
5417,6346
5418,3493
5419,5990
5420,5127
5421,5141
5422,4787
5423,8608
5424,7137
5425,6176
5426,4264
5427,6701
5428,6250
5429,3374
5430,2756
5431,6469
5432,2707
5433,5860
5434,10846
5435,6365
5436,5644
5437,3342
5438,5905
5439,5155
5440,5370
5441,5647
5442,6483
5443,6678
5444,4698
5445,6375
5446,3963
5447,5457
5448,4388
5449,4494
5450,4597
5451,4412
5452,4746
5453,6165
5454,3903
5455,7845
5456,5782
5457,3354
5458,3725
5459,6913
5460,5909
5461,4739
5462,5184
5463,5334
5464,4074
5465,5288
5466,5013
5467,5254
5468,4183
5469,4283
5470,6839
5471,5562
5472,4588
5473,3122
5474,8256
5475,4913
5476,3988
5477,5767
5478,8885
5479,6224
5480,6755
5481,7705
5482,5459
5483,4476
5484,4514
5485,6195
5486,7137
5487,9907
5488,3762
5489,5076
5490,2733
5491,3744
5492,7553
5493,11274
5494,5200
5495,3775
5496,4176
5497,5084
5498,4452
5499,7089
5500,6923
5501,5008
5502,3319
5503,5905
5504,4590
5505,7064
5506,7260
5507,3929
5508,5721
5509,3201
5510,5365
5511,6628
5512,5892
5513,6855
5514,4994
5515,5889
5516,3619
5517,5030
5518,6043
5519,6820
5520,6006
5521,6346
5522,4495
5523,3618
5524,7949
5525,3680
5526,9512
5527,5034
5528,3550
5529,6493
5530,5114
5531,5068
5532,6578
5533,8146
5534,3868
5535,9960
5536,3256
5537,3812
5538,5419
5539,6193
5540,8713
5541,6682
5542,5048
5543,4548
5544,5048
5545,5738
5546,4151
5547,5046
5548,4346
5549,8427
5550,5782
5551,6527
5552,10373
5553,7047
5554,3900
5555,4121
5556,4676
5557,9352
5558,4534
5559,6644
5560,3774
5561,7932
5562,5435
5563,4250
5564,3906
5565,3692
5566,4220
5567,4436
5568,4608
5569,3921
5570,3660
5571,3814
5572,6858
5573,5497
5574,18088
5575,5123
5576,3288
5577,3986
5578,5819
5579,7343
5580,3752
5581,3762
5582,7220
5583,5694
5584,6055
5585,4810
5586,6070
5587,5871
5588,3520
5589,4867
5590,5628
5591,6554
5592,4968
5593,5765
5594,5700
5595,8351
5596,3779
5597,3617
5598,4027
5599,7734
5600,8855
5601,5053
5602,7403
5603,3921
5604,6261
5605,3436
5606,4491
5607,3131
5608,6323
5609,6556
5610,8544
5611,7687
5612,4914
5613,4124
5614,3629
5615,3750
5616,4684
5617,8255
5618,5276
5619,4030
5620,4069
5621,3857
5622,6047
5623,2893
5624,5643
5625,3214
5626,5784
5627,4962
5628,4270
5629,5718
5630,4101
5631,6466
5632,7046
5633,5527
5634,4503
5635,7042
5636,3902
5637,5462
5638,5355
5639,8659
5640,4381
5641,5142
5642,6269
5643,5620
5644,7130
5645,4949
5646,7104
5647,3591
5648,3927
5649,4852
5650,5014
5651,7100
5652,5778
5653,2893
5654,4124
5655,6021
5656,5633
5657,7879
5658,3330
5659,10828
5660,5816
5661,3638
5662,5201
5663,5175
5664,5194
5665,6607
5666,3496
5667,4795
5668,5103
5669,5830
5670,5497
5671,4334
5672,5586
5673,4538
5674,4192
5675,6634
5676,6049
5677,4897
5678,3794
5679,8355
5680,4082
5681,7129
5682,5929
5683,9712
5684,5124
5685,3704
5686,5078
5687,5196
5688,4419
5689,3986
5690,6264
5691,5785
5692,3201
5693,5940
5694,4755
5695,5294
5696,3598
5697,5720
5698,6700
5699,3906
5700,9350
5701,4209
5702,3653
5703,6101
5704,7360
5705,4478
5706,4025
5707,5817
5708,4709
5709,4053
5710,4954
5711,4051
5712,7175
5713,6629
5714,5366
5715,5978
5716,4134
5717,3778
5718,4448
5719,6450
5720,5719
5721,6696
5722,6098
5723,7307
5724,4400
5725,6785
5726,5492
5727,4259
5728,5305
5729,7057
5730,5118
5731,5884
5732,7941
5733,6282
5734,5547
5735,4370
5736,5927
5737,5462
5738,5911
5739,5211
5740,3219
5741,4471
5742,7514
5743,5975
5744,4819
5745,3204
5746,6749
5747,5639
5748,6157
5749,5148
5750,4558
5751,4317
5752,3118
5753,7955
5754,5638
5755,5502
5756,4986
5757,4156
5758,0
5759,5159
5760,5170
5761,3089
5762,4954
5763,3573
5764,6537
5765,6427
5766,5332
5767,9535
5768,3622
5769,3989
5770,7967
5771,4092
5772,4704
5773,2047
5774,6159
5775,6455
5776,4474
5777,5149
5778,5199
5779,4958
5780,4538
5781,7174
5782,8444
5783,2105
5784,5086
5785,2396
5786,11106
5787,3558
5788,6696
5789,7105
5790,4517
5791,5004
5792,3861
5793,4398
5794,2711
5795,3823
5796,4895
5797,3914
5798,5556
5799,5729
5800,4380
5801,5182
5802,5032
5803,7036
5804,6989
5805,6260
5806,3684
5807,2987
5808,7677
5809,7589
5810,4146
5811,5888
5812,4089
5813,5965
5814,4165
5815,3966
5816,5309
5817,2917
5818,4979
5819,3721
5820,7489
5821,5742
5822,6152
5823,6306
5824,4431
5825,6280
5826,15962
5827,7898
5828,3988
5829,2155
5830,5015
5831,6710
5832,4168
5833,5132
5834,12012
5835,5214
5836,8961
5837,17758
5838,3324
5839,4976
5840,4071
5841,3715
5842,7730
5843,3595
5844,6667
5845,8010
5846,6465
5847,4797
5848,5923
5849,4179
5850,4828
5851,3144
5852,4626
5853,5763
5854,6968
5855,5042
5856,4692
5857,3767
5858,6075
5859,3884
5860,3979
5861,3141
5862,6438
5863,4421
5864,4743
5865,5542
5866,6198
5867,5098
5868,4714
5869,4865
5870,4446
5871,5557
5872,5314
5873,6763
5874,5875
5875,6120
5876,4573
5877,2728
5878,4784
5879,5311
5880,4654
5881,3936
5882,2217
5883,6969
5884,5463
5885,6543
5886,5297
5887,4308
5888,5239
5889,4278
5890,3722
5891,7740
5892,4097
5893,5883
5894,6257
5895,11849
5896,4526
5897,4594
5898,5878
5899,4660
5900,6281
5901,4322
5902,6040
5903,3795
5904,5850
5905,3205
5906,4592
5907,3195
5908,7877
5909,4406
5910,11955
5911,10189
5912,4174
5913,5218
5914,4150
5915,5262
5916,4280
5917,9098
5918,6380
5919,7154
5920,3538
5921,6557
5922,4158
5923,7094
5924,7123
5925,5290
5926,4852
5927,5352
5928,6221
5929,6251
5930,7833
5931,4705
5932,6165
5933,7790
5934,5059
5935,5146
5936,4634
5937,7048
5938,5896
5939,4411
5940,3887
5941,5047
5942,3889
5943,6677
5944,4854
5945,6500
5946,4819
5947,7268
5948,3675
5949,6083
5950,7181
5951,6033
5952,6503
5953,5752
5954,3335
5955,10960
5956,7951
5957,6189
5958,13981
5959,8046
5960,4939
5961,5155
5962,7118
5963,8284
5964,8965
5965,8370
5966,4532
5967,6243
5968,4513
5969,6479
5970,3462
5971,9190
5972,4794
5973,3887
5974,4970
5975,6947
5976,6434
5977,4262
5978,6406
5979,4251
5980,3364
5981,5408
5982,3356
5983,3589
5984,4828
5985,5021
5986,7177
5987,6833
5988,5843
5989,5369
5990,4995
5991,9365
5992,5734
5993,4297
5994,4221
5995,3950
5996,6797
5997,3690
5998,9837
5999,5899
6000,3002
6001,3926
6002,5597
6003,5072
6004,4037
6005,6847
6006,8359
6007,10069
6008,4150
6009,8520
6010,2609
6011,4267
6012,5140
6013,4320
6014,5299
6015,4248
6016,5230
6017,3034
6018,4215
6019,8203
6020,6518
6021,3679
6022,4317
6023,7160
6024,8456
6025,7062
6026,4490
6027,3541
6028,7058
6029,4782
6030,5978
6031,4735
6032,4261
6033,5269
6034,7406
6035,3066
6036,3374
6037,4085
6038,5214
6039,7255
6040,5645
6041,6403
6042,10901
6043,3898
6044,7728
6045,9083
6046,5389
6047,4120
6048,2874
6049,6140
6050,4793
6051,4771
6052,4892
6053,5340
6054,9166
6055,3986
6056,4339
6057,5306
6058,4626
6059,5713
6060,4058
6061,3629
6062,5713
6063,2735
6064,6212
6065,6750
6066,5054
6067,6018
6068,7041
6069,6575
6070,4247
6071,5876
6072,6808
6073,5729
6074,4336
6075,4857
6076,3710
6077,7908
6078,5651
6079,5089
6080,4098
6081,5511
6082,6907
6083,5683
6084,4786
6085,6918
6086,4523
6087,5611
6088,13845
6089,4848
6090,7244
6091,5031
6092,4863
6093,4360
6094,3956
6095,3287
6096,3912
6097,7070
6098,10593
6099,6314
6100,7618
6101,8492
6102,8964
6103,8261
6104,6405
6105,4752
6106,4409
6107,9240
6108,8494
6109,5551
6110,7043
6111,6596
6112,4820
6113,3314
6114,8804
6115,5344
6116,5186
6117,5126
6118,2021
6119,10411
6120,8938
6121,12363
6122,4943
6123,3821
6124,3841
6125,4819
6126,5085
6127,5615
6128,5464
6129,4425
6130,3614
6131,5883
6132,2964
6133,2534
6134,5054
6135,10476
6136,5536
6137,15563
6138,3918
6139,5113
6140,5340
6141,4413
6142,3967
6143,3992
6144,4036
6145,3302
6146,6270
6147,5643
6148,2850
6149,6881
6150,3927
6151,4702
6152,3659
6153,7328
6154,5836
6155,8677
6156,3882
6157,5419
6158,3425
6159,3868
6160,3640
6161,11688
6162,8412
6163,5291
6164,3804
6165,3912
6166,4569
6167,4335
6168,9067
6169,3611
6170,11706
6171,3567
6172,4020
6173,4596
6174,6977
6175,5453
6176,3690
6177,5213
6178,5942
6179,5494
6180,5524
6181,4507
6182,2848
6183,8166
6184,3992
6185,3386
6186,4696
6187,5028
6188,4915
6189,5110
6190,7030
6191,7008
6192,5415
6193,5728
6194,3306
6195,7023
6196,4590
6197,3556
6198,5998
6199,6085
6200,5521
6201,7263
6202,4692
6203,4618
6204,5206
6205,5236
6206,4699
6207,5667
6208,5799
6209,5360
6210,4762
6211,4268
6212,7355
6213,4998
6214,3633
6215,9076
6216,4486
6217,2882
6218,5874
6219,7138
6220,7321
6221,4233
6222,4499
6223,4805
6224,2997
6225,4895
6226,5949
6227,5375
6228,4745
6229,5524
6230,6511
6231,2739
6232,4190
6233,4866
6234,4340
6235,4011
6236,5401
6237,5588
6238,4744
6239,3878
6240,6460
6241,4592
6242,6609
6243,6811
6244,4069
6245,5271
6246,5494
6247,6198
6248,6202
6249,6495
6250,4239
6251,8214
6252,5253
6253,6057
6254,7739
6255,3847
6256,3107
6257,10347
6258,6616
6259,6276
6260,4714
6261,5195
6262,7230
6263,3046
6264,5377
6265,4434
6266,6557
6267,5208
6268,4443
6269,6301
6270,4840
6271,6925
6272,8693
6273,13478
6274,5825
6275,3849
6276,4162
6277,3163
6278,2710
6279,9105
6280,6485
6281,4249
6282,6907
6283,4586
6284,8831
6285,3619
6286,4859
6287,4918
6288,7089
6289,4130
6290,4943
6291,4411
6292,3853
6293,5863
6294,4113
6295,5479
6296,6093
6297,7272
6298,6039
6299,6323
6300,4817
6301,8557
6302,3650
6303,4192
6304,8535
6305,5413
6306,7381
6307,5639
6308,14011
6309,4402
6310,4006
6311,3974
6312,4826
6313,7180
6314,7856
6315,5237
6316,6411
6317,6061
6318,3154
6319,5889
6320,6063
6321,5133
6322,6477
6323,4614
6324,3774
6325,3832
6326,3217
6327,3781
6328,6488
6329,5859
6330,8867
6331,12929
6332,5336
6333,3972
6334,5421
6335,6734
6336,7104
6337,3272
6338,4919
6339,3507
6340,7199
6341,5198
6342,4755
6343,9803
6344,11201
6345,4076
6346,5672
6347,3059
6348,4517
6349,4689
6350,7007
6351,3960
6352,3442
6353,4405
6354,5831
6355,5789
6356,3752
6357,4633
6358,6035
6359,5136
6360,5289
6361,2977
6362,8010
6363,14762
6364,3444
6365,5548
6366,6819
6367,5532
6368,3402
6369,3103
6370,3120
6371,6457
6372,3964
6373,6141
6374,7592
6375,3455
6376,4044
6377,4948
6378,4419
6379,3846
6380,4399
6381,4926
6382,7529
6383,6304
6384,7254
6385,4648
6386,3400
6387,5128
6388,4883
6389,6892
6390,4929
6391,3918
6392,18503
6393,4879
6394,4877
6395,9221
6396,5489
6397,5003
6398,4978
6399,6042
6400,3858
6401,7672
6402,10978
6403,4180
6404,3990
6405,5146
6406,10086
6407,4640
6408,4010
6409,4872
6410,4123
6411,4987
6412,3353
6413,6751
6414,3207
6415,5739
6416,2098
6417,15961
6418,6372
6419,3312
6420,4185
6421,7564
6422,4968
6423,5177
6424,6200
6425,4755
6426,4159
6427,3783
6428,7301
6429,4539
6430,4593
6431,5393
6432,5762
6433,4300
6434,6283
6435,4520
6436,3052
6437,6987
6438,6515
6439,3661
6440,6141
6441,5417
6442,3820
6443,7565
6444,4733
6445,6094
6446,5127
6447,6724
6448,3303
6449,3641
6450,3674
6451,8408
6452,4920
6453,6618
6454,3102
6455,6537
6456,3072
6457,4933
6458,4029
6459,4661
6460,5345
6461,6012
6462,5248
6463,6904
6464,3469
6465,4665
6466,5515
6467,6033
6468,5349
6469,6084
6470,7659
6471,5553
6472,2427
6473,5548
6474,4187
6475,5140
6476,5575
6477,3434
6478,8961
6479,4181
6480,5598
6481,7712
6482,5815
6483,3045
6484,8699
6485,4716
6486,8006
6487,4477
6488,5926
6489,7747
6490,4935
6491,4224
6492,5469
6493,4293
6494,4292
6495,4970
6496,8006
6497,5908
6498,4549
6499,4006
6500,5002
6501,5935
6502,5252
6503,5457
6504,4812
6505,5173
6506,3848
6507,6384
6508,6223
6509,5449
6510,4729
6511,5196
6512,5752
6513,7547
6514,4330
6515,6057
6516,4189
6517,4887
6518,6206
6519,5276
6520,3784
6521,3411
6522,5854
6523,7380
6524,3804
6525,4382
6526,6472
6527,4684
6528,4535
6529,4789
6530,4016
6531,2877
6532,5955
6533,3373
6534,5864
6535,5052
6536,5086
6537,4925
6538,8936
6539,6847
6540,5720
6541,4083
6542,7192
6543,6052
6544,3228
6545,2801
6546,6450
6547,2728
6548,5666
6549,10155
6550,6885
6551,5319
6552,3454
6553,5560
6554,5367
6555,5120
6556,5737
6557,6363
6558,6616
6559,4572
6560,6500
6561,3868
6562,5323
6563,4234
6564,4438
6565,4889
6566,4462
6567,4498
6568,6195
6569,3860
6570,7646
6571,5901
6572,3399
6573,3534
6574,7142
6575,5660
6576,4893
6577,4915
6578,5352
6579,4034
6580,5245
6581,4879
6582,4975
6583,4022
6584,4174
6585,6690
6586,5489
6587,4807
6588,3061
6589,8442
6590,4949
6591,4020
6592,5626
6593,8394
6594,6512
6595,6021
6596,7177
6597,5385
6598,4365
6599,4520
6600,5899
6601,7029
6602,8876
6603,3761
6604,5168
6605,2924
6606,3641
6607,7673
6608,11215
6609,5294
6610,3888
6611,4398
6612,5241
6613,4411
6614,6330
6615,7158
6616,4912
6617,3410
6618,5665
6619,4594
6620,7419
6621,7173
6622,3914
6623,5896
6624,3245
6625,5298
6626,6599
6627,5872
6628,6551
6629,4970
6630,5645
6631,3439
6632,5187
6633,5681
6634,6754
6635,5982
6636,6470
6637,4650
6638,3515
6639,7711
6640,3535
6641,9193
6642,5037
6643,3280
6644,5102
6645,5080
6646,5122
6647,6213
6648,7910
6649,3901
6650,9484
6651,3266
6652,3878
6653,5059
6654,6335
6655,8450
6656,6102
6657,5235
6658,4243
6659,5122
6660,5431
6661,4170
6662,5033
6663,4484
6664,8325
6665,5499
6666,6465
6667,9647
6668,6907
6669,3651
6670,3943
6671,4520
6672,9532
6673,4250
6674,6723
6675,3705
6676,8095
6677,5336
6678,4181
6679,4093
6680,3722
6681,4355
6682,4256
6683,4589
6684,3812
6685,3767
6686,3753
6687,6890
6688,5682
6689,17670
6690,5073
6691,3519
6692,4014
6693,5955
6694,7868
6695,4137
6696,3967
6697,8149
6698,5149
6699,6419
6700,5221
6701,6261
6702,6163
6703,3990
6704,5142
6705,6398
6706,7028
6707,5122
6708,6626
6709,6189
6710,7135
6711,4788
6712,4261
6713,4687
6714,8534
6715,8961
6716,5635
6717,7926
6718,3968
6719,6856
6720,3109
6721,5200
6722,3466
6723,7063
6724,6930
6725,9368
6726,8611
6727,5826
6728,4961
6729,3849
6730,3681
6731,5336
6732,8713
6733,5743
6734,4512
6735,4430
6736,4394
6737,6390
6738,3107
6739,6816
6740,3517
6741,6703
6742,5320
6743,4727
6744,7013
6745,4282
6746,7372
6747,7465
6748,5869
6749,4864
6750,7127
6751,4289
6752,5904
6753,6189
6754,9809
6755,4761
6756,5695
6757,6459
6758,6478
6759,8168
6760,5499
6761,7920
6762,3624
6763,3932
6764,4962
6765,5881
6766,8064
6767,6759
6768,3365
6769,4545
6770,7108
6771,6864
6772,8293
6773,3822
6774,11274
6775,6001
6776,3868
6777,5006
6778,5474
6779,5599
6780,7203
6781,3613
6782,5333
6783,5982
6784,6400
6785,5760
6786,4125
6787,5825
6788,5056
6789,4722
6790,7353
6791,6644
6792,5123
6793,4403
6794,8981
6795,4459
6796,7854
6797,6673
6798,11212
6799,5748
6800,3802
6801,5885
6802,5672
6803,5098
6804,4537
6805,7612
6806,6172
6807,3446
6808,6866
6809,5210
6810,5995
6811,3942
6812,6615
6813,6894
6814,5004
6815,10291
6816,4729
6817,4123
6818,6801
6819,7735
6820,4480
6821,4377
6822,6234
6823,5105
6824,4335
6825,5489
6826,4286
6827,8309
6828,6490
6829,5944
6830,6222
6831,4209
6832,4246
6833,5002
6834,6642
6835,5853
6836,7519
6837,7231
6838,7807
6839,4880
6840,7702
6841,6282
6842,4612
6843,5434
6844,7574
6845,5897
6846,5429
6847,8571
6848,7330
6849,6281
6850,4758
6851,6793
6852,6251
6853,5989
6854,5734
6855,3468
6856,4666
6857,7919
6858,6300
6859,5285
6860,3548
6861,7038
6862,5889
6863,6478
6864,5734
6865,5135
6866,4568
6867,3247
6868,8591
6869,5638
6870,5857
6871,5130
6872,4765
6873,8150
6874,5640
6875,6066
6876,3238
6877,5680
6878,4064
6879,7528
6880,7092
6881,5907
6882,11439
6883,3684
6884,4516
6885,8819
6886,4436
6887,5671
6888,2262
6889,6889
6890,7254
6891,5095
6892,5684
6893,5529
6894,5477
6895,4960
6896,6742
6897,8751
6898,2685
6899,5626
6900,2642
6901,11288
6902,3860
6903,7346
6904,9023
6905,5105
6906,5596
6907,4323
6908,4148
6909,2950
6910,3849
6911,5627
6912,4255
6913,6371
6914,6472
6915,4724
6916,5644
6917,5786
6918,7900
6919,7939
6920,7002
6921,4331
6922,3695
6923,8274
6924,8744
6925,4489
6926,6636
6927,4490
6928,6209
6929,4820
6930,4335
6931,6106
6932,3466
6933,5114
6934,4409
6935,7795
6936,6162
6937,6860
6938,6654
6939,5049
6940,7126
6941,16430
6942,8581
6943,4120
6944,2701
6945,5755
6946,6967
6947,4333
6948,5769
6949,12193
6950,5459
6951,9297
6952,18626
6953,3860
6954,5462
6955,4312
6956,3376
6957,7538
6958,4043
6959,7029
6960,8415
6961,6466
6962,5105
6963,6265
6964,4586
6965,5526
6966,3314
6967,5581
6968,6265
6969,8358
6970,5537
6971,5679
6972,3759
6973,6552
6974,4347
6975,4748
6976,3294
6977,7343
6978,4989
6979,5204
6980,6289
6981,6558
6982,5216
6983,4843
6984,4901
6985,4422
6986,5675
6987,5779
6988,7920
6989,7001
6990,6549
6991,5095
6992,3218
6993,5165
6994,5640
6995,5152
6996,4189
6997,2336
6998,7268
6999,5658
7000,8466
7001,5485
7002,4856
7003,6107
7004,4432
7005,4074
7006,8261
7007,5284
7008,6653
7009,7513
7010,12056
7011,5256
7012,4158
7013,6539
7014,4215
7015,5076
7016,5145
7017,6621
7018,4095
7019,6510
7020,3387
7021,4638
7022,3238
7023,8286
7024,4932
7025,12546
7026,10620
7027,4779
7028,5584
7029,4502
7030,5737
7031,4908
7032,10365
7033,7063
7034,7422
7035,3890
7036,7293
7037,4772
7038,7935
7039,7503
7040,6123
7041,5606
7042,6093
7043,6430
7044,7564
7045,7702
7046,5650
7047,6313
7048,8514
7049,5873
7050,5945
7051,5273
7052,7230
7053,6003
7054,4754
7055,4307
7056,5579
7057,4426
7058,7505
7059,5769
7060,7227
7061,5237
7062,8329
7063,4258
7064,6222
7065,8040
7066,6408
7067,7155
7068,5850
7069,3567
7070,12088
7071,7884
7072,7001
7073,14318
7074,7780
7075,5787
7076,6045
7077,7301
7078,8910
7079,9037
7080,9598
7081,5197
7082,6439
7083,5350
7084,7816
7085,3979
7086,8636
7087,5078
7088,4558
7089,5481
7090,7097
7091,6485
7092,4820
7093,7124
7094,4315
7095,3609
7096,6089
7097,3911
7098,3953
7099,4893
7100,5446
7101,8326
7102,8208
7103,5754
7104,5917
7105,5477
7106,9232
7107,5720
7108,5193
7109,4640
7110,4489
7111,8835
7112,3852
7113,11389
7114,6576
7115,3038
7116,3972
7117,5660
7118,5362
7119,4749
7120,7618
7121,8759
7122,10173
7123,5139
7124,10229
7125,2761
7126,4653
7127,5983
7128,4852
7129,6071
7130,4983
7131,6198
7132,3549
7133,4768
7134,10467
7135,8206
7136,4014
7137,4807
7138,8192
7139,8189
7140,6618
7141,5012
7142,3983
7143,7766
7144,5211
7145,6808
7146,4828
7147,5079
7148,6181
7149,7367
7150,3246
7151,3886
7152,4082
7153,5133
7154,8468
7155,6788
7156,7276
7157,11317
7158,5028
7159,9357
7160,9933
7161,6249
7162,4460
7163,2858
7164,6689
7165,5481
7166,5178
7167,5274
7168,5766
7169,9792
7170,4079
7171,4776
7172,6531
7173,4051
7174,7534
7175,5015
7176,3924
7177,6465
7178,2992
7179,5890
7180,7375
7181,5979
7182,6493
7183,7783
7184,6852
7185,4817
7186,6391
7187,7824
7188,6319
7189,5041
7190,5549
7191,3930
7192,8362
7193,6302
7194,5418
7195,4199
7196,6094
7197,7689
7198,6371
7199,5143
7200,7862
7201,4933
7202,6291
7203,14605
7204,5170
7205,8641
7206,4882
7207,5044
7208,5326
7209,4727
7210,3639
7211,4426
7212,8023
7213,11681
7214,7606
7215,8546
7216,8101
7217,10176
7218,9195
7219,7314
7220,4921
7221,4559
7222,9832
7223,9631
7224,6744
7225,7237
7226,7532
7227,5413
7228,3406
7229,10015
7230,5590
7231,5508
7232,5717
7233,1962
7234,10734
7235,8953
7236,12515
7237,5406
7238,4185
7239,4603
7240,5375
7241,5474
7242,5752
7243,6579
7244,4569
7245,3935
7246,5856
7247,3083
7248,2690
7249,4956
7250,11653
7251,6233
7252,16147
7253,3873
7254,5771
7255,5875
7256,5036
7257,4307
7258,4995
7259,4124
7260,3340
7261,7824
7262,6252
7263,3321
7264,7833
7265,4235
7266,5331
7267,3961
7268,8399
7269,6370
7270,8754
7271,4093
7272,5757
7273,3983
7274,4169
7275,3955
7276,12338
7277,9582
7278,5885
7279,3995
7280,4892
7281,5406
7282,3860
7283,7845
7284,3793
7285,12716
7286,3901
7287,4296
7288,4945
7289,8678
7290,6664
7291,4405
7292,5377
7293,5777
7294,5983
7295,6370
7296,4859
7297,3136
7298,8407
7299,4419
7300,3718
7301,5306
7302,5848
7303,5125
7304,5421
7305,7580
7306,7801
7307,6081
7308,6335
7309,3464
7310,7918
7311,4953
7312,4003
7313,6778
7314,6556
7315,5943
7316,7866
7317,5174
7318,5089
7319,5705
7320,4912
7321,4907
7322,6360
7323,6993
7324,5767
7325,5257
7326,4750
7327,8175
7328,5892
7329,4093
7330,10052
7331,4262
7332,2889
7333,6723
7334,8480
7335,7769
7336,4408
7337,5154
7338,5552
7339,3369
7340,5550
7341,6603
7342,5798
7343,5484
7344,5526
7345,7184
7346,2852
7347,4801
7348,5051
7349,4339
7350,4531
7351,5766
7352,6409
7353,5379
7354,4555
7355,6546
7356,5375
7357,7382
7358,7733
7359,4641
7360,5606
7361,5943
7362,6679
7363,6794
7364,8387
7365,3038
7366,8578
7367,5485
7368,6362
7369,8997
7370,4415
7371,3272
7372,10616
7373,7038
7374,7210
7375,5004
7376,5197
7377,7975
7378,3355
7379,5718
7380,4512
7381,7574
7382,5187
7383,4805
7384,6915
7385,4936
7386,7512
7387,9468
7388,14281
7389,6242
7390,4091
7391,4541
7392,3770
7393,2808
7394,9840
7395,6778
7396,5320
7397,8111
7398,5295
7399,8448
7400,4228
7401,5060
7402,5471
7403,7516
7404,4967
7405,5693
7406,5176
7407,4061
7408,6157
7409,4599
7410,6096
7411,7126
7412,7599
7413,6547
7414,6899
7415,5533
7416,9011
7417,4132
7418,5073
7419,9774
7420,6140
7421,7696
7422,6557
7423,15402
7424,4739
7425,4221
7426,4058
7427,5160
7428,8153
7429,8986
7430,6064
7431,6645
7432,6957
7433,3607
7434,6480
7435,6246
7436,5743
7437,7325
7438,5350
7439,4256
7440,4502
7441,3349
7442,4124
7443,7132
7444,5616
7445,10124
7446,14975
7447,5695
7448,4102
7449,6256
7450,7251
7451,7772
7452,3677
7453,5568
7454,3819
7455,7448
7456,5840
7457,5638
7458,10861
7459,12462
7460,4065
7461,6038
7462,3397
7463,4885
7464,4808
7465,7651
7466,4299
7467,4100
7468,4567
7469,6095
7470,5190
7471,3861
7472,5074
7473,6730
7474,6132
7475,5898
7476,2802
7477,9206
7478,15614
7479,3710
7480,6603
7481,7321
7482,5986
7483,4024
7484,3291
7485,3672
7486,6677
7487,4616
7488,5987
7489,8480
7490,3891
7491,4704
7492,5830
7493,4804
7494,4501
7495,4551
7496,5233
7497,8905
7498,6549
7499,8227
7500,5117
7501,3634
7502,5366
7503,5095
7504,7632
7505,5451
7506,4330
7507,18518
7508,5223
7509,5317
7510,10366
7511,5851
7512,5791
7513,5629
7514,6187
7515,4229
7516,8294
7517,12622
7518,4546
7519,4276
7520,5513
7521,10251
7522,5564
7523,4372
7524,5192
7525,4853
7526,5064
7527,3932
7528,7410
7529,3133
7530,5852
7531,2509
7532,18708
7533,7437
7534,3420
7535,5292
7536,8478
7537,5396
7538,5486
7539,7004
7540,5387
7541,4720
7542,3831
7543,7638
7544,4974
7545,5115
7546,5680
7547,6775
7548,4442
7549,6988
7550,5505
7551,3243
7552,7441
7553,8559
7554,3898
7555,7067
7556,6046
7557,4579
7558,8987
7559,4619
7560,6083
7561,6086
7562,7271
7563,3355
7564,4477
7565,4091
7566,7351
7567,5279
7568,7425
7569,3389
7570,7066
7571,3272
7572,5651
7573,4509
7574,5208
7575,5356
7576,6384
7577,5895
7578,8468
7579,4096
7580,5506
7581,6197
7582,6873
7583,5523
7584,7618
7585,8256
7586,5952
7587,3023
7588,5755
7589,4311
7590,5680
7591,5859
7592,3653
7593,10474
7594,4911
7595,5790
7596,8673
7597,6208
7598,3326
7599,9213
7600,5475
7601,8669
7602,4932
7603,6375
7604,7778
7605,6045
7606,4671
7607,6282
7608,4710
7609,4648
7610,5629
7611,7629
7612,7112
7613,4850
7614,4267
7615,6134
7616,6810
7617,5305
7618,6476
7619,5259
7620,5584
7621,3861
7622,7018
7623,6387
7624,6540
7625,5185
7626,5681
7627,6292
7628,7967
7629,5275
7630,6764
7631,4252
7632,5481
7633,6697
7634,5883
7635,3989
7636,3707
7637,6241
7638,7790
7639,4215
7640,5008
7641,7174
7642,5455
7643,4606
7644,5274
7645,4551
7646,2680
7647,7005
7648,3562
7649,6289
7650,5600
7651,6027
7652,5751
7653,8448
7654,7205
7655,6003
7656,4637
7657,7370
7658,6314
7659,3334
7660,2650
7661,6921
7662,3185
7663,6011
7664,10626
7665,7252
7666,5957
7667,3641
7668,6089
7669,5963
7670,5676
7671,6590
7672,7072
7673,6838
7674,4865
7675,7247
7676,4033
7677,5883
7678,4539
7679,4930
7680,5945
7681,5579
7682,4980
7683,6500
7684,4348
7685,8508
7686,5696
7687,3889
7688,3802
7689,8096
7690,6178
7691,4761
7692,5350
7693,6135
7694,4495
7695,5448
7696,5328
7697,6172
7698,4362
7699,4366
7700,8148
7701,5832
7702,5467
7703,3140
7704,9312
7705,5418
7706,4496
7707,5348
7708,9433
7709,6969
7710,6807
7711,7929
7712,6027
7713,4966
7714,5409
7715,6407
7716,8433
7717,10218
7718,4262
7719,4871
7720,3039
7721,4053
7722,8501
7723,11956
7724,5199
7725,3953
7726,5108
7727,5210
7728,5178
7729,7019
7730,7716
7731,5378
7732,3504
7733,7197
7734,5025
7735,7631
7736,8227
7737,4611
7738,6519
7739,3362
7740,5864
7741,6946
7742,6295
7743,6826
7744,5455
7745,6284
7746,4207
7747,5741
7748,6781
7749,7207
7750,6635
7751,7093
7752,5035
7753,3900
7754,8710
7755,3901
7756,10096
7757,5742
7758,3952
7759,5028
7760,5493
7761,5226
7762,6850
7763,8268
7764,4630
7765,10167
7766,3497
7767,4296
7768,5732
7769,7024
7770,9372
7771,6040
7772,4993
7773,5125
7774,5347
7775,6054
7776,4029
7777,5699
7778,4717
7779,9419
7780,5505
7781,7262
7782,10692
7783,7740
7784,4204
7785,4115
7786,5296
7787,9758
7788,4547
7789,7025
7790,4147
7791,8822
7792,5421
7793,4576
7794,4481
7795,4113
7796,4593
7797,4821
7798,4621
7799,4178
7800,3868
7801,4093
7802,7346
7803,5688
7804,19836
7805,5719
7806,4454
7807,2917
7808,4900
7809,9995
7810,2146
7811,3053
7812,6739
7813,3596
7814,6960
7815,5098
7816,5662
7817,6451
7818,4750
7819,3768
7820,6487
7821,5363
7822,2708
7823,5205
7824,4762
7825,6429
7826,5732
7827,3542
7828,4482
7829,8160
7830,8841
7831,6032
7832,7940
7833,2253
7834,8333
7835,3547
7836,5619
7837,2412
7838,8706
7839,7866
7840,9832
7841,10001
7842,7475
7843,6852
7844,3170
7845,4781
7846,6109
7847,8610
7848,4591
7849,3743
7850,6135
7851,5261
7852,6216
7853,2607
7854,7851
7855,4502
7856,8111
7857,6352
7858,3631
7859,9478
7860,3088
7861,9824
7862,6718
7863,7048
7864,2574
7865,5963
7866,5168
7867,3923
7868,8063
7869,11694
7870,3152
7871,6474
7872,5917
7873,8630
7874,7650
7875,6069
7876,7061
7877,2464
7878,2471
7879,4789
7880,6328
7881,8524
7882,8460
7883,2503
7884,4296
7885,9080
7886,9199
7887,6026
7888,3408
7889,11640
7890,5457
7891,3776
7892,4276
7893,2377
7894,4838
7895,7598
7896,3774
7897,6339
7898,3085
7899,6309
7900,4138
7901,1872
7902,4492
7903,5600
7904,5949
7905,8610
7906,7402
7907,5823
7908,4077
7909,11409
7910,3400
7911,6412
7912,8002
7913,13039
7914,5418
7915,3162
7916,6879
7917,6050
7918,6580
7919,5101
7920,10880
7921,6217
7922,2208
7923,8701
7924,4877
7925,6414
7926,2324
7927,7212
7928,3893
7929,2814
7930,8814
7931,4927
7932,5442
7933,8387
7934,7693
7935,4703
7936,5238
7937,7584
7938,3494
7939,3217
7940,7223
7941,5011
7942,7454
7943,3358
7944,4472
7945,6911
7946,4338
7947,3203
7948,5473
7949,6066
7950,6293
7951,7813
7952,8573
7953,7846
7954,4189
7955,8280
7956,5878
7957,3360
7958,4017
7959,8482
7960,7648
7961,3101
7962,7494
7963,9754
7964,6835
7965,5016
7966,7472
7967,7798
7968,5829
7969,4634
7970,2990
7971,5871
7972,5642
7973,4659
7974,5604
7975,3333
7976,6387
7977,7200
7978,6330
7979,6729
7980,6438
7981,3027
7982,1594
7983,7232
7984,6548
7985,7410
7986,3439
7987,5874
7988,5783
7989,5769
7990,5970
7991,3874
7992,4170
7993,5115
7994,7284
7995,7197
7996,7675
7997,15444
7998,3936
7999,5077
8000,10986
8001,3751
8002,5772
8003,786
8004,8077
8005,7092
8006,5796
8007,6839
8008,5903
8009,4745
8010,5424
8011,5559
8012,8171
8013,3310
8014,5494
8015,2803
8016,9263
8017,3478
8018,8525
8019,10884
8020,6581
8021,6315
8022,4695
8023,2132
8024,1827
8025,3511
8026,5924
8027,3217
8028,6077
8029,7756
8030,4192
8031,5523
8032,4971
8033,8865
8034,8185
8035,7855
8036,5364
8037,3196
8038,9055
8039,10456
8040,3906
8041,4627
8042,3916
8043,5521
8044,5847
8045,4282
8046,6941
8047,3099
8048,5170
8049,5217
8050,8984
8051,6043
8052,7911
8053,7002
8054,4911
8055,8977
8056,17938
8057,9228
8058,3860
8059,3753
8060,7118
8061,7917
8062,3000
8063,4873
8064,9362
8065,6252
8066,7327
8067,17436
8068,5576
8069,5937
8070,2894
8071,2345
8072,11297
8073,3382
8074,6874
8075,9501
8076,2995
8077,3701
8078,6687
8079,3993
8080,6950
8081,2009
8082,5096
8083,5000
8084,11211
8085,5899
8086,6243
8087,3128
8088,8284
8089,6002
8090,6793
8091,1691
8092,9604
8093,5256
8094,6186
8095,4311
8096,4666
8097,3873
8098,4773
8099,3541
8100,5405
8101,4773
8102,5031
8103,8290
8104,7968
8105,8044
8106,4261
8107,4438
8108,4443
8109,5070
8110,6877
8111,2993
8112,1191
8113,7425
8114,5921
8115,8390
8116,5888
8117,4674
8118,4645
8119,3512
8120,2514
8121,9394
8122,6519
8123,4905
8124,5766
8125,12029
8126,6395
8127,1912
8128,7567
8129,2160
8130,4337
8131,6382
8132,6393
8133,2559
8134,4489
8135,4506
8136,3856
8137,1657
8138,8411
8139,4942
8140,9892
8141,10989
8142,6053
8143,6115
8144,4105
8145,5411
8146,5077
8147,11763
8148,6987
8149,7483
8150,3194
8151,6071
8152,5657
8153,8515
8154,8713
8155,7444
8156,5960
8157,6909
8158,5284
8159,9326
8160,6415
8161,7032
8162,6361
8163,9888
8164,7227
8165,5033
8166,6033
8167,8514
8168,6330
8169,3366
8170,5837
8171,3311
8172,5236
8173,9504
8174,7312
8175,7929
8176,6402
8177,9060
8178,4845
8179,4554
8180,4606
8181,6432
8182,6604
8183,6818
8184,3367
8185,14086
8186,5323
8187,5789
8188,16497
8189,5805
8190,7707
8191,6836
8192,7423
8193,8967
8194,7736
8195,10318
8196,2893
8197,4868
8198,6228
8199,9271
8200,2885
8201,5796
8202,4664
8203,5698
8204,5783
8205,6046
8206,3775
8207,6112
8208,5546
8209,2988
8210,3223
8211,7737
8212,4425
8213,5172
8214,6254
8215,5900
8216,10244
8217,12307
8218,5289
8219,7859
8220,6403
8221,10381
8222,5129
8223,2966
8224,4119
8225,5503
8226,13324
8227,4278
8228,9095
8229,7907
8230,2125
8231,3793
8232,6383
8233,6458
8234,5368
8235,8811
8236,9629
8237,7618
8238,4208
8239,12130
8240,2167
8241,3900
8242,9005
8243,4437
8244,5679
8245,4019
8246,7578
8247,5164
8248,3988
8249,14465
8250,10879
8251,2456
8252,5119
8253,6171
8254,7919
8255,10151
8256,5481
8257,2827
8258,8245
8259,2061
8260,9830
8261,4803
8262,5758
8263,9895
8264,6144
8265,1470
8266,5215
8267,2313
8268,3942
8269,11568
8270,8068
8271,4618
8272,13064
8273,8005
8274,11462
8275,12263
8276,7278
8277,4517
8278,2150
8279,5045
8280,6872
8281,2732
8282,5888
8283,4648
8284,7496
8285,2553
8286,5754
8287,9038
8288,1935
8289,9718
8290,6216
8291,2925
8292,7700
8293,3492
8294,3311
8295,9824
8296,7240
8297,7395
8298,9012
8299,5812
8300,5203
8301,7122
8302,6948
8303,8380
8304,6069
8305,6920
8306,3738
8307,8974
8308,6957
8309,6181
8310,4158
8311,5201
8312,9116
8313,6459
8314,4246
8315,5416
8316,5571
8317,4963
8318,16158
8319,5167
8320,10719
8321,5026
8322,3787
8323,6711
8324,6032
8325,3280
8326,4887
8327,9303
8328,14846
8329,7320
8330,10132
8331,7145
8332,11318
8333,8878
8334,7649
8335,5287
8336,4492
8337,11242
8338,8011
8339,7646
8340,5498
8341,5761
8342,5193
8343,2494
8344,12735
8345,6921
8346,6318
8347,5288
8348,1563
8349,9238
8350,8427
8351,12099
8352,6125
8353,4425
8354,3938
8355,7042
8356,5209
8357,4322
8358,11125
8359,4383
8360,4434
8361,5525
8362,3545
8363,2702
8364,2389
8365,15634
8366,5177
8367,13426
8368,4333
8369,6486
8370,5374
8371,4276
8372,3296
8373,6439
8374,3489
8375,2854
8376,10661
8377,6494
8378,2669
8379,9084
8380,2608
8381,6167
8382,3665
8383,9792
8384,7885
8385,9254
8386,2503
8387,5166
8388,2798
8389,5058
8390,3687
8391,16345
8392,11830
8393,5156
8394,2803
8395,6063
8396,4446
8397,2592
8398,7442
8399,2475
8400,14573
8401,4247
8402,4895
8403,5575
8404,11846
8405,7267
8406,5422
8407,5214
8408,6253
8409,6711
8410,7308
8411,4151
8412,1206
8413,5094
8414,2951
8415,3073
8416,5974
8417,7493
8418,6103
8419,5276
8420,8563
8421,5926
8422,3291
8423,7806
8424,2217
8425,10096
8426,5399
8427,2824
8428,4947
8429,4366
8430,5283
8431,7694
8432,7142
8433,4006
8434,5849
8435,2550
8436,4912
8437,8450
8438,9080
8439,3803
8440,2280
8441,5242
8442,7519
8443,6380
8444,2593
8445,11873
8446,3840
8447,3491
8448,6090
8449,10246
8450,9542
8451,4419
8452,4546
8453,6284
8454,1471
8455,7117
8456,7404
8457,4864
8458,4723
8459,3128
8460,9420
8461,3173
8462,5145
8463,4006
8464,3697
8465,2848
8466,7738
8467,7219
8468,5932
8469,3959
8470,5264
8471,7972
8472,8065
8473,8053
8474,5014
8475,5492
8476,6037
8477,8327
8478,7353
8479,5932
8480,2078
8481,6429
8482,6157
8483,6679
8484,8232
8485,6172
8486,2720
8487,7908
8488,5483
8489,10582
8490,2774
8491,2743
8492,10006
8493,1581
8494,5434
8495,4577
8496,8993
8497,3996
8498,4804
8499,9499
8500,2857
8501,6527
8502,10667
8503,15109
8504,7138
8505,2491
8506,5694
8507,3716
8508,2319
8509,8102
8510,5203
8511,6599
8512,5515
8513,5332
8514,6009
8515,5082
8516,5254
8517,4752
8518,9505
8519,5657
8520,2538
8521,6366
8522,4346
8523,5828
8524,5765
8525,6339
8526,8158
8527,8354
8528,8566
8529,6455
8530,5360
8531,6206
8532,3026
8533,6091
8534,9392
8535,7125
8536,7391
8537,6509
8538,14713
8539,3294
8540,3617
8541,4827
8542,4353
8543,9396
8544,10289
8545,8086
8546,7478
8547,8052
8548,2144
8549,8199
8550,3326
8551,6878
8552,6748
8553,5882
8554,2095
8555,5040
8556,3511
8557,3232
8558,7569
8559,4704
8560,9163
8561,18375
8562,5725
8563,3131
8564,4976
8565,8686
8566,7031
8567,4442
8568,5943
8569,2173
8570,6285
8571,7110
8572,3450
8573,11378
8574,11980
8575,3163
8576,5688
8577,3810
8578,4042
8579,4196
8580,8922
8581,4115
8582,4507
8583,4751
8584,2807
8585,2753
8586,2528
8587,5888
8588,5984
8589,5231
8590,8274
8591,1138
8592,7916
8593,15900
8594,3194
8595,8716
8596,7221
8597,4882
8598,4362
8599,2522
8600,4514
8601,4791
8602,5337
8603,3031
8604,9855
8605,4370
8606,4170
8607,6517
8608,5405
8609,6161
8610,4730
8611,6019
8612,10745
8613,4557
8614,7481
8615,6013
8616,3847
8617,3245
8618,4671
8619,5946
8620,6321
8621,3761
8622,13381
8623,5339
8624,5115
8625,12417
8626,4958
8627,7344
8628,4697
8629,5537
8630,5361
8631,7348
8632,16362
8633,3081
8634,5556
8635,3539
8636,9943
8637,7115
8638,5046
8639,3915
8640,4327
8641,2522
8642,2030
8643,7034
8644,2156
8645,4016
8646,1251
8647,20299
8648,9379
8649,2121
8650,5699
8651,6707
8652,7231
8653,5549
8654,8721
8655,6188
8656,5911
8657,2946
8658,7605
8659,6457
8660,4147
8661,6403
8662,9536
8663,4587
8664,8524
8665,6753
8666,3087
8667,6054
8668,7056
8669,2908
8670,9345
8671,7129
8672,4889
8673,10827
8674,3882
8675,5211
8676,9004
8677,7067
8678,2333
8679,4950
8680,3627
8681,3282
8682,5342
8683,6306
8684,3425
8685,6274
8686,2355
8687,5825
8688,3062
8689,5583
8690,5951
8691,5009
8692,6104
8693,9679
8694,2829
8695,5907
8696,7286
8697,3320
8698,5727
8699,6302
8700,9455
8701,6866
8702,3931
8703,2139
8704,2215
8705,5896
8706,5145
8707,4372
8708,12006
8709,5778
8710,5855
8711,9147
8712,6944
8713,2205
8714,8513
8715,4740
8716,8469
8717,6667
8718,7570
8719,6555
8720,8786
8721,5401
8722,4398
8723,2787
8724,3377
8725,6461
8726,4368
8727,8873
8728,4990
8729,3019
8730,7452
8731,7787
8732,4777
8733,7740
8734,4677
8735,7122
8736,3238
8737,4916
8738,3885
8739,5326
8740,3628
8741,6469
8742,8136
8743,8410
8744,6762
8745,5812
8746,4143
8747,6473
8748,7445
8749,7753
8750,2842
8751,2921
8752,9077
8753,6317
8754,2936
8755,4087
8756,8351
8757,6388
8758,2409
8759,6423
8760,5144
8761,1787
8762,5191
8763,2928
8764,4289
8765,6476
8766,6287
8767,5487
8768,4408
8769,8845
8770,6359
8771,3802
8772,5673
8773,5530
8774,3231
8775,1205
8776,6804
8777,1552
8778,6171
8779,10126
8780,6286
8781,4560
8782,3171
8783,5312
8784,5518
8785,5278
8786,5853
8787,6280
8788,8404
8789,6684
8790,9168
8791,4177
8792,3892
8793,4803
8794,3748
8795,5508
8796,6968
8797,3618
8798,5538
8799,2864
8800,8045
8801,4807
8802,4637
8803,4039
8804,5601
8805,7588
8806,3428
8807,6870
8808,4572
8809,5458
8810,5494
8811,6092
8812,8095
8813,4774
8814,3894
8815,10758
8816,6847
8817,6755
8818,2062
8819,4850
8820,5166
8821,4267
8822,4693
8823,11002
8824,8827
8825,9561
8826,10160
8827,6646
8828,5633
8829,6457
8830,6357
8831,7944
8832,10404
8833,3514
8834,1920
8835,1364
8836,4318
8837,5591
8838,10591
8839,2484
8840,1880
8841,5568
8842,5796
8843,6047
8844,9365
8845,7422
8846,6548
8847,2742
8848,8200
8849,6365
8850,6491
8851,7269
8852,3402
8853,6807
8854,3118
8855,6795
8856,6103
8857,5467
8858,6416
8859,4155
8860,6749
8861,5249
8862,7128
8863,5123
8864,8600
8865,5901
8866,9047
8867,5557
8868,3801
8869,8694
8870,2784
8871,11119
8872,5761
8873,4920
8874,3389
8875,7409
8876,4719
8877,4567
8878,7384
8879,4417
8880,12928
8881,3203
8882,3191
8883,5726
8884,6509
8885,10623
8886,2884
8887,4660
8888,6416
8889,6080
8890,4786
8891,3574
8892,6579
8893,3483
8894,11362
8895,3180
8896,7323
8897,13617
8898,7239
8899,6299
8900,3335
8901,5322
8902,7946
8903,2678
8904,7337
8905,3032
8906,8847
8907,6814
8908,6032
8909,6253
8910,5090
8911,2987
8912,5370
8913,2300
8914,3819
8915,3229
8916,2823
8917,8338
8918,6054
8919,21917
8920,7994
8921,0
8922,0
8923,0
8924,0
8925,0
8926,0
8927,0
8928,0
8929,0
8930,0
8931,0
8932,0
8933,0
8934,0
8935,0
8936,0
8937,0
8938,0
8939,0
8940,0
8941,0
8942,0
8943,0
8944,0
8945,0
8946,0
8947,0
8948,0
8949,0
8950,0
8951,0
8952,0
8953,0
8954,0
8955,0
8956,0
8957,0
8958,0
8959,0
8960,0
8961,0
8962,0
8963,0
8964,0
8965,0
8966,0
8967,0
8968,0
8969,0
8970,0
8971,0
8972,0
8973,0
8974,0
8975,0
8976,0
8977,0
8978,0
8979,0
8980,0
8981,0
8982,0
8983,0
8984,0
8985,0
8986,0
8987,0
8988,0
8989,0
8990,0
8991,0
8992,0
8993,0
8994,0
8995,0
8996,0
8997,0
8998,0
8999,0
9000,0
9001,0
9002,0
9003,0
9004,0
9005,12737
9006,0
9007,0
9008,0
9009,0
9010,0
9011,0
9012,0
9013,0
9014,0
9015,0
9016,0
9017,0
9018,0
9019,0
9020,0
9021,0
9022,0
9023,0
9024,0
9025,0
9026,0
9027,0
9028,0
9029,0
9030,0
9031,0
9032,0
9033,0
9034,0
9035,0
9036,0
9037,0
9038,0
9039,0
9040,0
9041,0
9042,3216
9043,0
9044,0
9045,0
9046,0
9047,0
9048,0
9049,0
9050,0
9051,0
9052,0
9053,0
9054,0
9055,0
9056,0
9057,0
9058,0
9059,0
9060,0
9061,0
9062,0
9063,0
9064,0
9065,0
9066,0
9067,0
9068,0
9069,0
9070,0
9071,0
9072,0
9073,0
9074,0
9075,0
9076,0
9077,0
9078,0
9079,0
9080,0
9081,0
9082,0
9083,0
9084,0
9085,0
9086,0
9087,0
9088,0
9089,0
9090,0
9091,0
9092,0
9093,0
9094,0
9095,0
9096,0
9097,0
9098,0
9099,0
9100,0
9101,0
9102,0
9103,0
9104,0
9105,0
9106,0
9107,0
9108,0
9109,0
9110,0
9111,0
9112,0
9113,0
9114,0
9115,0
9116,0
9117,0
9118,0
9119,0
9120,0
9121,0
9122,0
9123,0
9124,0
9125,0
9126,0
9127,0
9128,0
9129,2361
9130,0
9131,0
9132,0
9133,0
9134,0
9135,0
9136,0
9137,0
9138,0
9139,0
9140,0
9141,0
9142,0
9143,0
9144,0
9145,0
9146,0
9147,0
9148,0
9149,0
9150,0
9151,0
9152,0
9153,0
9154,0
9155,0
9156,0
9157,0
9158,0
9159,0
9160,0
9161,0
9162,0
9163,0
9164,0
9165,0
9166,0
9167,0
9168,0
9169,0
9170,0
9171,0
9172,0
9173,0
9174,0
9175,0
9176,0
9177,0
9178,0
9179,17008
9180,0
9181,0
9182,29372
9183,0
9184,0
9185,0
9186,0
9187,0
9188,0
9189,0
9190,0
9191,0
9192,0
9193,0
9194,7782
9195,0
9196,0
9197,0
9198,0
9199,0
9200,0
9201,0
9202,0
9203,0
9204,0
9205,0
9206,0
9207,0
9208,0
9209,0
9210,0
9211,0
9212,0
9213,0
9214,0
9215,0
9216,0
9217,0
9218,0
9219,3867
9220,0
9221,0
9222,0
9223,0
9224,0
9225,0
9226,0
9227,0
9228,0
9229,0
9230,3083
9231,0
9232,0
9233,0
9234,0
9235,0
9236,0
9237,0
9238,0
9239,0
9240,0
9241,0
9242,0
9243,0
9244,0
9245,0
9246,0
9247,0
9248,0
9249,0
9250,0
9251,0
9252,0
9253,0
9254,0
9255,9341
9256,0
9257,0
9258,0
9259,0
9260,0
9261,0
9262,0
9263,0
9264,0
9265,0
9266,0
9267,0
9268,0
9269,0
9270,0
9271,0
9272,0
9273,9517
9274,0
9275,0
9276,0
9277,0
9278,0
9279,0
9280,0
9281,0
9282,0
9283,0
9284,0
9285,0
9286,0
9287,0
9288,0
9289,0
9290,0
9291,0
9292,0
9293,0
9294,0
9295,0
9296,0
9297,0
9298,0
9299,0
9300,0
9301,0
9302,0
9303,0
9304,0
9305,0
9306,0
9307,0
9308,0
9309,0
9310,0
9311,0
9312,0
9313,0
9314,0
9315,0
9316,0
9317,0
9318,0
9319,0
9320,0
9321,0
9322,0
9323,0
9324,0
9325,0
9326,0
9327,0
9328,0
9329,0
9330,0
9331,0
9332,0
9333,0
9334,0
9335,0
9336,0
9337,0
9338,0
9339,0
9340,0
9341,0
9342,0
9343,15232
9344,0
9345,0
9346,0
9347,0
9348,0
9349,0
9350,0
9351,0
9352,0
9353,1661
9354,0
9355,0
9356,0
9357,0
9358,0
9359,0
9360,0
9361,0
9362,0
9363,0
9364,0
9365,0
9366,0
9367,0
9368,0
9369,0
9370,0
9371,0
9372,0
9373,4108
9374,0
9375,0
9376,0
9377,0
9378,0
9379,0
9380,0
9381,0
9382,0
9383,0
9384,0
9385,0
9386,0
9387,0
9388,0
9389,0
9390,0
9391,0
9392,0
9393,0
9394,0
9395,0
9396,0
9397,0
9398,0
9399,0
9400,0
9401,0
9402,0
9403,0
9404,0
9405,0
9406,0
9407,0
9408,0
9409,0
9410,0
9411,0
9412,0
9413,0
9414,8634
9415,0
9416,0
9417,0
9418,0
9419,0
9420,0
9421,0
9422,0
9423,0
9424,0
9425,0
9426,0
9427,0
9428,0
9429,0
9430,0
9431,0
9432,7596
9433,0
9434,0
9435,0
9436,0
9437,0
9438,0
9439,0
9440,0
9441,0
9442,0
9443,0
9444,2132
9445,0
9446,0
9447,0
9448,0
9449,0
9450,4143
9451,0
9452,0
9453,0
9454,0
9455,0
9456,0
9457,0
9458,0
9459,0
9460,0
9461,0
9462,0
9463,0
9464,0
9465,0
9466,0
9467,0
9468,0
9469,0
9470,0
9471,0
9472,0
9473,0
9474,0
9475,0
9476,0
9477,0
9478,0
9479,0
9480,0
9481,0
9482,19731
9483,0
9484,0
9485,0
9486,0
9487,0
9488,0
9489,0
9490,0
9491,0
9492,0
9493,0
9494,0
9495,0
9496,0
9497,0
9498,6149
9499,0
9500,0
9501,0
9502,0
9503,0
9504,0
9505,0
9506,0
9507,0
9508,0
9509,0
9510,0
9511,0
9512,0
9513,0
9514,0
9515,0
9516,0
9517,0
9518,0
9519,0
9520,0
9521,0
9522,0
9523,0
9524,0
9525,0
9526,0
9527,0
9528,0
9529,0
9530,0
9531,0
9532,0
9533,0
9534,0
9535,0
9536,0
9537,0
9538,0
9539,0
9540,0
9541,0
9542,0
9543,0
9544,0
9545,0
9546,0
9547,0
9548,0
9549,0
9550,0
9551,0
9552,0
9553,0
9554,0
9555,0
9556,0
9557,0
9558,0
9559,0
9560,0
9561,0
9562,0
9563,0
9564,0
9565,0
9566,0
9567,0
9568,0
9569,0
9570,0
9571,0
9572,0
9573,0
9574,0
9575,0
9576,0
9577,0
9578,0
9579,0
9580,0
9581,0
9582,0
9583,0
9584,0
9585,0
9586,0
9587,0
9588,0
9589,0
9590,0
9591,0
9592,0
9593,0
9594,0
9595,0
9596,13515
9597,0
9598,0
9599,0
9600,0
9601,0
9602,7693
9603,0
9604,0
9605,0
9606,0
9607,0
9608,0
9609,0
9610,0
9611,0
9612,0
9613,0
9614,0
9615,0
9616,0
9617,0
9618,0
9619,0
9620,0
9621,0
9622,0
9623,0
9624,0
9625,0
9626,0
9627,0
9628,0
9629,0
9630,0
9631,0
9632,0
9633,0
9634,0
9635,0
9636,0
9637,0
9638,0
9639,0
9640,0
9641,0
9642,0
9643,0
9644,0
9645,0
9646,0
9647,0
9648,0
9649,0
9650,0
9651,0
9652,2794
9653,16732
9654,0
9655,0
9656,0
9657,0
9658,0
9659,0
9660,0
9661,0
9662,0
9663,0
9664,0
9665,0
9666,0
9667,0
9668,0
9669,0
9670,0
9671,0
9672,0
9673,0
9674,0
9675,0
9676,0
9677,0
9678,0
9679,0
9680,0
9681,0
9682,0
9683,0
9684,0
9685,0
9686,0
9687,0
9688,0
9689,12455
9690,0
9691,0
9692,0
9693,0
9694,0
9695,0
9696,0
9697,0
9698,0
9699,0
9700,0
9701,0
9702,0
9703,0
9704,0
9705,0
9706,0
9707,0
9708,0
9709,0
9710,0
9711,0
9712,0
9713,0
9714,0
9715,0
9716,0
9717,0
9718,0
9719,0
9720,0
9721,0
9722,0
9723,0
9724,0
9725,0
9726,0
9727,0
9728,0
9729,0
9730,0
9731,0
9732,0
9733,0
9734,0
9735,0
9736,0
9737,0
9738,0
9739,0
9740,0
9741,0
9742,0
9743,0
9744,0
9745,0
9746,0
9747,0
9748,0
9749,0
9750,0
9751,0
9752,0
9753,0
9754,0
9755,0
9756,0
9757,0
9758,0
9759,0
9760,0
9761,0
9762,0
9763,0
9764,0
9765,0
9766,0
9767,0
9768,0
9769,0
9770,0
9771,0
9772,0
9773,0
9774,0
9775,0
9776,0
9777,0
9778,0
9779,0
9780,0
9781,0
9782,0
9783,2652
9784,0
9785,0
9786,0
9787,1963
9788,0
9789,0
9790,0
9791,0
9792,0
9793,0
9794,0
9795,0
9796,0
9797,0
9798,0
9799,0
9800,0
9801,0
9802,0
9803,0
9804,0
9805,0
9806,0
9807,0
9808,0
9809,0
9810,0
9811,0
9812,0
9813,0
9814,0
9815,0
9816,0
9817,0
9818,0
9819,0
9820,0
9821,0
9822,0
9823,0
9824,0
9825,0
9826,0
9827,0
9828,0
9829,0
9830,0
9831,0
9832,0
9833,0
9834,0
9835,0
9836,0
9837,0
9838,0
9839,0
9840,0
9841,0
9842,0
9843,0
9844,0
9845,0
9846,0
9847,0
9848,0
9849,0
9850,0
9851,2240
9852,0
9853,0
9854,0
9855,0
9856,0
9857,0
9858,0
9859,0
9860,0
9861,0
9862,0
9863,0
9864,0
9865,0
9866,0
9867,0
9868,11858
9869,0
9870,0
9871,0
9872,0
9873,0
9874,0
9875,0
9876,0
9877,0
9878,0
9879,0
9880,0
9881,0
9882,0
9883,0
9884,0
9885,0
9886,0
9887,0
9888,0
9889,0
9890,0
9891,0
9892,0
9893,0
9894,0
9895,0
9896,0
9897,0
9898,0
9899,0
9900,0
9901,0
9902,0
9903,0
9904,0
9905,0
9906,0
9907,0
9908,0
9909,0
9910,0
9911,0
9912,0
9913,0
9914,0
9915,0
9916,0
9917,0
9918,0
9919,0
9920,0
9921,0
9922,0
9923,0
9924,0
9925,0
9926,0
9927,0
9928,0
9929,0
9930,0
9931,0
9932,0
9933,0
9934,0
9935,0
9936,0
9937,0
9938,0
9939,0
9940,0
9941,0
9942,0
9943,0
9944,0
9945,0
9946,0
9947,0
9948,0
9949,0
9950,0
9951,0
9952,0
9953,0
9954,0
9955,0
9956,0
9957,0
9958,0
9959,0
9960,0
9961,0
9962,0
9963,0
9964,0
9965,4793
9966,0
9967,0
9968,0
9969,0
9970,0
9971,0
9972,0
9973,0
9974,0
9975,0
9976,0
9977,0
9978,0
9979,0
9980,0
9981,0
9982,0
9983,0
9984,0
9985,0
9986,0
9987,0
9988,0
9989,0
9990,0
9991,0
9992,0
9993,0
9994,0
9995,0
9996,0
9997,0
9998,0
9999,0
10000,0
10001,5727
10002,0
10003,0
10004,0
10005,0
10006,0
10007,0
10008,0
10009,0
10010,0
10011,0
10012,0
10013,0
10014,0
10015,0
10016,0
10017,13144
10018,0
10019,5211
10020,0
10021,0
10022,0
10023,0
10024,0
10025,0
10026,0
10027,0
10028,0
10029,0
10030,0
10031,0
10032,0
10033,0
10034,0
10035,0
10036,5737
10037,8338
10038,11694
10039,12809
10040,7941
10041,7156
10042,13252
10043,10036
10044,12003
10045,7968
10046,10469
10047,12577
10048,8065
10049,9092
10050,11087
10051,11303
10052,11057
10053,11380
10054,10893
10055,10872
10056,9671
10057,6900
10058,9000
10059,16959
10060,15693
10061,11137
10062,17268
10063,7632
10064,14345
10065,6291
10066,7840
10067,6383
10068,12010
10069,11363
10070,20575
10071,11955
10072,9397
10073,11125
10074,9197
10075,5636
10076,8571
10077,16917
10078,11153
10079,8491
10080,7947
10081,9028
10082,11133
10083,4993
10084,10777
10085,7515
10086,10249
10087,9984
10088,7960
10089,11221
10090,7889
10091,10717
10092,14872
10093,11762
10094,9565
10095,14920
10096,7971
10097,9747
10098,11369
10099,18204
10100,9121
10101,8375
10102,12136
10103,9014
10104,12401
10105,10299
10106,14425
10107,8929
10108,7122
10109,9633
10110,8213
10111,13045
10112,12725
10113,6148
10114,8779
10115,11226
10116,9255
10117,15354
10118,5849
10119,18672
10120,8987
10121,7976
10122,8707
10123,10564
10124,8527
10125,12921
10126,7084
10127,11345
10128,10084
10129,12371
10130,11030
10131,10316
10132,11082
10133,8889
10134,8122
10135,10708
10136,11090
10137,11417
10138,6321
10139,12220
10140,7891
10141,11663
10142,9862
10143,16709
10144,9431
10145,6445
10146,10493
10147,7517
10148,7421
10149,7603
10150,10522
10151,10232
10152,5849
10153,14201
10154,8994
10155,11801
10156,6481
10157,10427
10158,13377
10159,6715
10160,16667
10161,9203
10162,9053
10163,13541
10164,12453
10165,7902
10166,7527
10167,10502
10168,8746
10169,6355
10170,9529
10171,8674
10172,11364
10173,12567
10174,9967
10175,10871
10176,8120
10177,6523
10178,10245
10179,9289
10180,10315
10181,13953
10182,12863
10183,12254
10184,8876
10185,12871
10186,11309
10187,9350
10188,11552
10189,14066
10190,10786
10191,11650
10192,15033
10193,9655
10194,12291
10195,8195
10196,10301
10197,12656
10198,9026
10199,11403
10200,5681
10201,8242
10202,14068
10203,11442
10204,9592
10205,6592
10206,14192
10207,8929
10208,11841
10209,8339
10210,8369
10211,9039
10212,6748
10213,16329
10214,12227
10215,10460
10216,10517
10217,8368
10218,10801
10219,10646
10220,10649
10221,5944
10222,9340
10223,8698
10224,11909
10225,10943
10226,8394
10227,16750
10228,7961
10229,6502
10230,16014
10231,8657
10232,9282
10233,6391
10234,12926
10235,10707
10236,7600
10237,8925
10238,9531
10239,7824
10240,9824
10241,13784
10242,17809
10243,4365
10244,9162
10245,4920
10246,19696
10247,6795
10248,14765
10249,14533
10250,9800
10251,10803
10252,6584
10253,7150
10254,4728
10255,7077
10256,8733
10257,7971
10258,12026
10259,11506
10260,8190
10261,9713
10262,9694
10263,12042
10264,13772
10265,11286
10266,7762
10267,5620
10268,13074
10269,19768
10270,9879
10271,11246
10272,6378
10273,11180
10274,8683
10275,7295
10276,10064
10277,7773
10278,10508
10279,11022
10280,11805
10281,9827
10282,13387
10283,11463
10284,7912
10285,14450
10286,25103
10287,17620
10288,10154
10289,5181
10290,9889
10291,13223
10292,7209
10293,8517
10294,13971
10295,7611
10296,23798
10297,21734
10298,6119
10299,10444
10300,8752
10301,6011
10302,11519
10303,7452
10304,16048
10305,13138
10306,15725
10307,11269
10308,13154
10309,5192
10310,9775
10311,5601
10312,8842
10313,10436
10314,18852
10315,8032
10316,8264
10317,6873
10318,10174
10319,8472
10320,7238
10321,7036
10322,10702
10323,8591
10324,9167
10325,12192
10326,12923
10327,10553
10328,9795
10329,8892
10330,7717
10331,10495
10332,11043
10333,11281
10334,9732
10335,10646
10336,7415
10337,5739
10338,9289
10339,9775
10340,9852
10341,6226
10342,4448
10343,14377
10344,12151
10345,13795
10346,9755
10347,9041
10348,11453
10349,8648
10350,6155
10351,16840
10352,7921
10353,10661
10354,10453
10355,19871
10356,8327
10357,9724
10358,10078
10359,10015
10360,9576
10361,7858
10362,12439
10363,6729
10364,11112
10365,6408
10366,7971
10367,5955
10368,13486
10369,7958
10370,25304
10371,19021
10372,6555
10373,10557
10374,7199
10375,10143
10376,8530
10377,15598
10378,13559
10379,15888
10380,6847
10381,10752
10382,6585
10383,11522
10384,10729
10385,11401
10386,10295
10387,8873
10388,7714
10389,12994
10390,12493
10391,8370
10392,11636
10393,17030
10394,8696
10395,10574
10396,9744
10397,12961
10398,9961
10399,6957
10400,8030
10401,10259
10402,8801
10403,18526
10404,9024
10405,12661
10406,10994
10407,15767
10408,6292
10409,10762
10410,17622
10411,12977
10412,11969
10413,9985
10414,6411
10415,20213
10416,13660
10417,12520
10418,20894
10419,15645
10420,11334
10421,11561
10422,15148
10423,16305
10424,14892
10425,16936
10426,9858
10427,12692
10428,9910
10429,12905
10430,5749
10431,16618
10432,10418
10433,8962
10434,8864
10435,15503
10436,13600
10437,8942
10438,11180
10439,7368
10440,9155
10441,10527
10442,5934
10443,7387
10444,9502
10445,11093
10446,14959
10447,11862
10448,9736
10449,9527
10450,8879
10451,15956
10452,11942
10453,9345
10454,8287
10455,7374
10456,12473
10457,5974
10458,13438
10459,11654
10460,5356
10461,8102
10462,13131
10463,8760
10464,8030
10465,11176
10466,13929
10467,15358
10468,8294
10469,13395
10470,4799
10471,8312
10472,10721
10473,10854
10474,11325
10475,7961
10476,9326
10477,7255
10478,8316
10479,14178
10480,10711
10481,8531
10482,7556
10483,13278
10484,16278
10485,11224
10486,8504
10487,7825
10488,11866
10489,9542
10490,9580
10491,9790
10492,8287
10493,10483
10494,15010
10495,6506
10496,6801
10497,7019
10498,9768
10499,12400
10500,12504
10501,12989
10502,18736
10503,7639
10504,17058
10505,17096
10506,10076
10507,7130
10508,5638
10509,11619
10510,9309
10511,9972
10512,9061
10513,10712
10514,15819
10515,7817
10516,9357
10517,11018
10518,8635
10519,9676
10520,7765
10521,8000
10522,10685
10523,5493
10524,13822
10525,10498
10526,10624
10527,11181
10528,15352
10529,11138
10530,9155
10531,12605
10532,11442
10533,8748
10534,8120
10535,7834
10536,6950
10537,14992
10538,12480
10539,9304
10540,7841
10541,12492
10542,14392
10543,12538
10544,10291
10545,12840
10546,7030
10547,6982
10548,22785
10549,10352
10550,12481
10551,10271
10552,9483
10553,10298
10554,8799
10555,5887
10556,7481
10557,12832
10558,18024
10559,11502
10560,12764
10561,16136
10562,15342
10563,18044
10564,11862
10565,6839
10566,6774
10567,14587
10568,15783
10569,13550
10570,12855
10571,13100
10572,9397
10573,6343
10574,13715
10575,11267
10576,12030
10577,9169
10578,5704
10579,22675
10580,18467
10581,18468
10582,7959
10583,8608
10584,6404
10585,8913
10586,9076
10587,15050
10588,9815
10589,6955
10590,7169
10591,11104
10592,7266
10593,4282
10594,10565
10595,19735
10596,10983
10597,22044
10598,7330
10599,9248
10600,11310
10601,8444
10602,8491
10603,7621
10604,6125
10605,6787
10606,11277
10607,11790
10608,5847
10609,13324
10610,11487
10611,10343
10612,6453
10613,12707
10614,12823
10615,13314
10616,8733
10617,10244
10618,6786
10619,7358
10620,7049
10621,20776
10622,15510
10623,8944
10624,9089
10625,7460
10626,7687
10627,6874
10628,12780
10629,6017
10630,21638
10631,6073
10632,7351
10633,7843
10634,13177
10635,11177
10636,7599
10637,9280
10638,11175
10639,10112
10640,11908
10641,8301
10642,7536
10643,17672
10644,6724
10645,7350
10646,7695
10647,10776
10648,9304
10649,8353
10650,13698
10651,12060
10652,10924
10653,10117
10654,7330
10655,11320
10656,8850
10657,6201
10658,10966
10659,11046
10660,11084
10661,15818
10662,9745
10663,9582
10664,8973
10665,9261
10666,8306
10667,10026
10668,9180
10669,12044
10670,10586
10671,12579
10672,11975
10673,8032
10674,7257
10675,18223
10676,9582
10677,4839
10678,11154
10679,12218
10680,14893
10681,6778
10682,8853
10683,9499
10684,6457
10685,8438
10686,10674
10687,11477
10688,9252
10689,11587
10690,15813
10691,4940
10692,10228
10693,9561
10694,8611
10695,8150
10696,9394
10697,14180
10698,7384
10699,8760
10700,12967
10701,10755
10702,13496
10703,13342
10704,6765
10705,9327
10706,9957
10707,10919
10708,11502
10709,13293
10710,6773
10711,9933
10712,10383
10713,12713
10714,14382
10715,6519
10716,5630
10717,16670
10718,12944
10719,13774
10720,11215
10721,10784
10722,12858
10723,6225
10724,10184
10725,8279
10726,13716
10727,11687
10728,14275
10729,10528
10730,11859
10731,12495
10732,18454
10733,21025
10734,10685
10735,8050
10736,10057
10737,6223
10738,5386
10739,15903
10740,13651
10741,7850
10742,13758
10743,7652
10744,14183
10745,7998
10746,9925
10747,9228
10748,14573
10749,7655
10750,10540
10751,8182
10752,10427
10753,10267
10754,6814
10755,10875
10756,9703
10757,12275
10758,12059
10759,10457
10760,7658
10761,17127
10762,7148
10763,7348
10764,17746
10765,10448
10766,15088
10767,9571
10768,17152
10769,9658
10770,9910
10771,7675
10772,10861
10773,12482
10774,17621
10775,10826
10776,11524
10777,12887
10778,7481
10779,10017
10780,14096
10781,10450
10782,11972
10783,10326
10784,7642
10785,7695
10786,6038
10787,9975
10788,12885
10789,10928
10790,15463
10791,24866
10792,10232
10793,6903
10794,12066
10795,9320
10796,13339
10797,6494
10798,8942
10799,5749
10800,12275
10801,9119
10802,9458
10803,19875
10804,14310
10805,8633
10806,9505
10807,5394
10808,6795
10809,7929
10810,12442
10811,8811
10812,6220
10813,8246
10814,11995
10815,10435
10816,7718
10817,8237
10818,10302
10819,11810
10820,12769
10821,6050
10822,15334
10823,23970
10824,4191
10825,10522
10826,13791
10827,12761
10828,9970
10829,4277
10830,8220
10831,12370
10832,7125
10833,12573
10834,14056
10835,7119
10836,8704
10837,10845
10838,9452
10839,7068
10840,8753
10841,10962
10842,12990
10843,10850
10844,16895
10845,8063
10846,5415
10847,10209
10848,7996
10849,13313
10850,8275
10851,7259
10852,27330
10853,11063
10854,8483
10855,15432
10856,10502
10857,11915
10858,9022
10859,10546
10860,6921
10861,13179
10862,16628
10863,8516
10864,7709
10865,10593
10866,19476
10867,9733
10868,8463
10869,9272
10870,9005
10871,10207
10872,6041
10873,12776
10874,6540
10875,9611
10876,4510
10877,24622
10878,12319
10879,7399
10880,7175
10881,16286
10882,10018
10883,10369
10884,11446
10885,11639
10886,7005
10887,7599
10888,12470
10889,9306
10890,9338
10891,10131
10892,10644
10893,7191
10894,10314
10895,8565
10896,5221
10897,12303
10898,11517
10899,6389
10900,11211
10901,10996
10902,6783
10903,14374
10904,10815
10905,8888
10906,9531
10907,11263
10908,5102
10909,7002
10910,8242
10911,16186
10912,8738
10913,13571
10914,6152
10915,10845
10916,7648
10917,8334
10918,7469
10919,9029
10920,7949
10921,10485
10922,11382
10923,12332
10924,6352
10925,10185
10926,10649
10927,12331
10928,8343
10929,13722
10930,12816
10931,8476
10932,4384
10933,11641
10934,9510
10935,8855
10936,11153
10937,5453
10938,14646
10939,8377
10940,10105
10941,14598
10942,9076
10943,7886
10944,13831
10945,10587
10946,14889
10947,7428
10948,12176
10949,13194
10950,8499
10951,7678
10952,10255
10953,7908
10954,8427
10955,7940
10956,13154
10957,10630
10958,6954
10959,8169
10960,8056
10961,13208
10962,11293
10963,15838
10964,8340
10965,10176
10966,5818
10967,10898
10968,11340
10969,11328
10970,8592
10971,9186
10972,12243
10973,13457
10974,9455
10975,11442
10976,8110
10977,10252
10978,10109
10979,9290
10980,6023
10981,6349
10982,9937
10983,8823
10984,9257
10985,9081
10986,13869
10987,7205
10988,8581
10989,11298
10990,8215
10991,5358
10992,13844
10993,5411
10994,10792
10995,10680
10996,9676
10997,11472
10998,19890
10999,12657
11000,11490
11001,7035
11002,12697
11003,10625
11004,5470
11005,5428
11006,11570
11007,6061
11008,12346
11009,16314
11010,12403
11011,11914
11012,9090
11013,11676
11014,11647
11015,11315
11016,11396
11017,13753
11018,14606
11019,11241
11020,12197
11021,8132
11022,10255
11023,6622
11024,8027
11025,9598
11026,8396
11027,8059
11028,12854
11029,9995
11030,13845
11031,13496
11032,8719
11033,6183
11034,16117
11035,9648
11036,10298
11037,9643
11038,13067
11039,8529
11040,8733
11041,9883
11042,10412
11043,8539
11044,6600
11045,14002
11046,10674
11047,8201
11048,6984
11049,19180
11050,8992
11051,10239
11052,9013
11053,15722
11054,15709
11055,11026
11056,11395
11057,12396
11058,9321
11059,8454
11060,9852
11061,14928
11062,22123
11063,9977
11064,7941
11065,5769
11066,8824
11067,15659
11068,20781
11069,10702
11070,8175
11071,7935
11072,9067
11073,8142
11074,12673
11075,15387
11076,7752
11077,6743
11078,10594
11079,9345
11080,11332
11081,14508
11082,8139
11083,12166
11084,5359
11085,10498
11086,12680
11087,11782
11088,13806
11089,10382
11090,11105
11091,7591
11092,8961
11093,11020
11094,11795
11095,11906
11096,11300
11097,10252
11098,7195
11099,13936
11100,5745
11101,14929
11102,8380
11103,6698
11104,10280
11105,10561
11106,8757
11107,11585
11108,13996
11109,8796
11110,13904
11111,6986
11112,7597
11113,11928
11114,13693
11115,13510
11116,9945
11117,9487
11118,7785
11119,8725
11120,10731
11121,10471
11122,9542
11123,9064
11124,15374
11125,11291
11126,13294
11127,14861
11128,11646
11129,6892
11130,7390
11131,9544
11132,11603
11133,8210
11134,11504
11135,9155
11136,16184
11137,8848
11138,8625
11139,8042
11140,9655
11141,7825
11142,11225
11143,10871
11144,7879
11145,8489
11146,8919
11147,15732
11148,8709
11149,25565
11150,10394
11151,5511
11152,8735
11153,11480
11154,12949
11155,7184
11156,6669
11157,13315
11158,9480
11159,9353
11160,7268
11161,11182
11162,12535
11163,7400
11164,7777
11165,11068
11166,10897
11167,11629
11168,11144
11169,9148
11170,11638
11171,9568
11172,6800
11173,7427
11174,15275
11175,15079
11176,9429
11177,16553
11178,7341
11179,11425
11180,5862
11181,7510
11182,6340
11183,10591
11184,10767
11185,18285
11186,12776
11187,8137
11188,8450
11189,7839
11190,5559
11191,7930
11192,16032
11193,9653
11194,7619
11195,7074
11196,8474
11197,12137
11198,4320
11199,9849
11200,6074
11201,9287
11202,9589
11203,7409
11204,10898
11205,7289
11206,9997
11207,13146
11208,10936
11209,9917
11210,13582
11211,8015
11212,8619
11213,11140
11214,16546
11215,9164
11216,8294
11217,11879
11218,8936
11219,13552
11220,8898
11221,12466
11222,8021
11223,6758
11224,8294
11225,7495
11226,11611
11227,11470
11228,6084
11229,8029
11230,9991
11231,9031
11232,13967
11233,4511
11234,16645
11235,8665
11236,7267
11237,7897
11238,9733
11239,8401
11240,11409
11241,7142
11242,9769
11243,9148
11244,10197
11245,10604
11246,9746
11247,9643
11248,7727
11249,7384
11250,9892
11251,11067
11252,10355
11253,5873
11254,11990
11255,7039
11256,11312
11257,9318
11258,15174
11259,8897
11260,5997
11261,9949
11262,7050
11263,7129
11264,6900
11265,10668
11266,9315
11267,4614
11268,12124
11269,8540
11270,11175
11271,5912
11272,9519
11273,12531
11274,6882
11275,16881
11276,8798
11277,8547
11278,13163
11279,12937
11280,7745
11281,6041
11282,10635
11283,8458
11284,5887
11285,9234
11286,8324
11287,12196
11288,11741
11289,10067
11290,11766
11291,7939
11292,5365
11293,9318
11294,8652
11295,11145
11296,12170
11297,10045
11298,11759
11299,8680
11300,11421
11301,10280
11302,8015
11303,10379
11304,12013
11305,9776
11306,10638
11307,13034
11308,10151
11309,10440
11310,7619
11311,9034
11312,12338
11313,8709
11314,11049
11315,5549
11316,7908
11317,14917
11318,10517
11319,8356
11320,5802
11321,11056
11322,9440
11323,11681
11324,8181
11325,7883
11326,6906
11327,6370
11328,14501
11329,10556
11330,9939
11331,10607
11332,7746
11333,9291
11334,8889
11335,9032
11336,5753
11337,9161
11338,8075
11339,11680
11340,11284
11341,8814
11342,16454
11343,7222
11344,6513
11345,14502
11346,8471
11347,9155
11348,6219
11349,11866
11350,10060
11351,6281
11352,7570
11353,9018
11354,7499
11355,9310
11356,12875
11357,15921
11358,3974
11359,8934
11360,4731
11361,18903
11362,6384
11363,13283
11364,12829
11365,9651
11366,10241
11367,6919
11368,7339
11369,3835
11370,6278
11371,8351
11372,7704
11373,11700
11374,10630
11375,7471
11376,9301
11377,8316
11378,11150
11379,14831
11380,11253
11381,7312
11382,4866
11383,12822
11384,16045
11385,9277
11386,11254
11387,5722
11388,10996
11389,6833
11390,6490
11391,8499
11392,6206
11393,10966
11394,9164
11395,11816
11396,9941
11397,12974
11398,11749
11399,7169
11400,14056
11401,23286
11402,15394
11403,8616
11404,4600
11405,8937
11406,11861
11407,7077
11408,8271
11409,14333
11410,7310
11411,20593
11412,21763
11413,5858
11414,9860
11415,8278
11416,5698
11417,10960
11418,7330
11419,13141
11420,12549
11421,15950
11422,10685
11423,10873
11424,5353
11425,9811
11426,5124
11427,9135
11428,9751
11429,15747
11430,7171
11431,7417
11432,6260
11433,9991
11434,8377
11435,6512
11436,6313
11437,10850
11438,7511
11439,8007
11440,10215
11441,11707
11442,10229
11443,9203
11444,9107
11445,7710
11446,10353
11447,9731
11448,9768
11449,8014
11450,11789
11451,6755
11452,5377
11453,8852
11454,10327
11455,8508
11456,6132
11457,4164
11458,13355
11459,10394
11460,12950
11461,9737
11462,7734
11463,10212
11464,7070
11465,5820
11466,13397
11467,7542
11468,9456
11469,10581
11470,19409
11471,7949
11472,9318
11473,10164
11474,10870
11475,8716
11476,6995
11477,11702
11478,5611
11479,9604
11480,5569
11481,8640
11482,5275
11483,13462
11484,6662
11485,24364
11486,18959
11487,6307
11488,10636
11489,7202
11490,8870
11491,7612
11492,15594
11493,11487
11494,15733
11495,6565
11496,9391
11497,6209
11498,12271
11499,10473
11500,10574
11501,8790
11502,8362
11503,7858
11504,10478
11505,12456
11506,8071
11507,11524
11508,13345
11509,7856
11510,9869
11511,9762
11512,12349
11513,9979
11514,6926
11515,8234
11516,9624
11517,7832
11518,17077
11519,7968
11520,10983
11521,10250
11522,13522
11523,6170
11524,10262
11525,17808
11526,12204
11527,13420
11528,8916
11529,5946
11530,18821
11531,13877
11532,11045
11533,20910
11534,16562
11535,9978
11536,10375
11537,13685
11538,13529
11539,14602
11540,16493
11541,8802
11542,9654
11543,7977
11544,11640
11545,5048
11546,15688
11547,9442
11548,8948
11549,8654
11550,16115
11551,13668
11552,8478
11553,9460
11554,7055
11555,7539
11556,10060
11557,5410
11558,7249
11559,9858
11560,9530
11561,12713
11562,11991
11563,9566
11564,9124
11565,8028
11566,14989
11567,11150
11568,8508
11569,8744
11570,6959
11571,12884
11572,5285
11573,12651
11574,11215
11575,4361
11576,6822
11577,12747
11578,7970
11579,7207
11580,10352
11581,12213
11582,14430
11583,7920
11584,13213
11585,3664
11586,7814
11587,9797
11588,10378
11589,10546
11590,8566
11591,8785
11592,6942
11593,7162
11594,13111
11595,9717
11596,7269
11597,6492
11598,10822
11599,15909
11600,10529
11601,8779
11602,7879
11603,11291
11604,9137
11605,8934
11606,8734
11607,7238
11608,9553
11609,15396
11610,5788
11611,6523
11612,6959
11613,8049
11614,11615
11615,11065
11616,11094
11617,17598
11618,6863
11619,16622
11620,15729
11621,9534
11622,7140
11623,4737
11624,11012
11625,8160
11626,8810
11627,8305
11628,10526
11629,17193
11630,7333
11631,8671
11632,10213
11633,9877
11634,8732
11635,7280
11636,6683
11637,10584
11638,4715
11639,14341
11640,10932
11641,9407
11642,12590
11643,13864
11644,11848
11645,8293
11646,11740
11647,11750
11648,8922
11649,8215
11650,7618
11651,6545
11652,16516
11653,11062
11654,9917
11655,8143
11656,10615
11657,12429
11658,11294
11659,10262
11660,10962
11661,6641
11662,7199
11663,22618
11664,10288
11665,11591
11666,8709
11667,8936
11668,9130
11669,8298
11670,5349
11671,6778
11672,12131
11673,17214
11674,11042
11675,11638
11676,16060
11677,13737
11678,16432
11679,10838
11680,6120
11681,6406
11682,12623
11683,14327
11684,12346
11685,10847
11686,13005
11687,9686
11688,5660
11689,14645
11690,10606
11691,10072
11692,9541
11693,5048
11694,23132
11695,16604
11696,17874
11697,7509
11698,7595
11699,6047
11700,7965
11701,10766
11702,14182
11703,9451
11704,6216
11705,6490
11706,11175
11707,5708
11708,4239
11709,10765
11710,19271
11711,8961
11712,21849
11713,6712
11714,7924
11715,9468
11716,8581
11717,8182
11718,7121
11719,5492
11720,5885
11721,11019
11722,9990
11723,5894
11724,11983
11725,10348
11726,9687
11727,5937
11728,11817
11729,10764
11730,12895
11731,8258
11732,9642
11733,5746
11734,6783
11735,7088
11736,18126
11737,14082
11738,8107
11739,8383
11740,6742
11741,7637
11742,5909
11743,12176
11744,5632
11745,20891
11746,5764
11747,7376
11748,8149
11749,11719
11750,11042
11751,7394
11752,9230
11753,12848
11754,9310
11755,11406
11756,7984
11757,6937
11758,18089
11759,6375
11760,5604
11761,7588
11762,9639
11763,9531
11764,7808
11765,12591
11766,11378
11767,10568
11768,8784
11769,6919
11770,11221
11771,8245
11772,5549
11773,10529
11774,8614
11775,9412
11776,13273
11777,8808
11778,10295
11779,8473
11780,9173
11781,8550
11782,9491
11783,9097
11784,10006
11785,10015
11786,11183
11787,12209
11788,7727
11789,6009
11790,15665
11791,8140
11792,4422
11793,12691
11794,12935
11795,16571
11796,6804
11797,8528
11798,8783
11799,5487
11800,8757
11801,9219
11802,10201
11803,8450
11804,10672
11805,13259
11806,5289
11807,10236
11808,8333
11809,7896
11810,7840
11811,8850
11812,13000
11813,7304
11814,7855
11815,13336
11816,9721
11817,11507
11818,12780
11819,6326
11820,9812
11821,10376
11822,10910
11823,11332
11824,12288
11825,5702
11826,10253
11827,10189
11828,12173
11829,12557
11830,6725
11831,5534
11832,16844
11833,12408
11834,12740
11835,9196
11836,9295
11837,11618
11838,6166
11839,9114
11840,7457
11841,11201
11842,9867
11843,12703
11844,11648
11845,9672
11846,11859
11847,16966
11848,21201
11849,11788
11850,7729
11851,9756
11852,6145
11853,4391
11854,14923
11855,12211
11856,7015
11857,12575
11858,6802
11859,14280
11860,6905
11861,9213
11862,9090
11863,13719
11864,7281
11865,9802
11866,8137
11867,9486
11868,10312
11869,6647
11870,11121
11871,9478
11872,12004
11873,11293
11874,8902
11875,7352
11876,16546
11877,6609
11878,7419
11879,15021
11880,9793
11881,13118
11882,8633
11883,16272
11884,8157
11885,8260
11886,7637
11887,10145
11888,10644
11889,16078
11890,9872
11891,11817
11892,10588
11893,6183
11894,10482
11895,13187
11896,9221
11897,11555
11898,8676
11899,7259
11900,7276
11901,4788
11902,8099
11903,11740
11904,10782
11905,14661
11906,23922
11907,9323
11908,6366
11909,10706
11910,8907
11911,13258
11912,5432
11913,7790
11914,5644
11915,13387
11916,8265
11917,8123
11918,18876
11919,14599
11920,6520
11921,8968
11922,5124
11923,6763
11924,7507
11925,11756
11926,7757
11927,5467
11928,8873
11929,11437
11930,10988
11931,7429
11932,8419
11933,9155
11934,10925
11935,10839
11936,5920
11937,14943
11938,23350
11939,4299
11940,9168
11941,12060
11942,11121
11943,7543
11944,4100
11945,6746
11946,10548
11947,7115
11948,11952
11949,12011
11950,6141
11951,7642
11952,10359
11953,8594
11954,7142
11955,7531
11956,10786
11957,12387
11958,11206
11959,13784
11960,7087
11961,5145
11962,9410
11963,7568
11964,11655
11965,8918
11966,6601
11967,26716
11968,9894
11969,7886
11970,16171
11971,10942
11972,10719
11973,8203
11974,10028
11975,7025
11976,11674
11977,15505
11978,8164
11979,7693
11980,10434
11981,18275
11982,9704
11983,7967
11984,8947
11985,7516
11986,9114
11987,5706
11988,12137
11989,5831
11990,9348
11991,3788
11992,22506
11993,12284
11994,6187
11995,6067
11996,15390
11997,9664
11998,10763
11999,10618
12000,9785
12001,6083
12002,7592
12003,12148
12004,8823
12005,9734
12006,9595
12007,9960
12008,6832
12009,9559
12010,8695
12011,5255
12012,13341
12013,11434
12014,6557
12015,9336
12016,10243
12017,6066
12018,13433
12019,10472
12020,8944
12021,8017
12022,9174
12023,4711
12024,6194
12025,7532
12026,17259
12027,8350
12028,12618
12029,5577
12030,10339
12031,6775
12032,7502
12033,5829
12034,8071
12035,7514
12036,9032
12037,10359
12038,11750
12039,5870
12040,8962
12041,10497
12042,11327
12043,9342
12044,11629
12045,11752
12046,8171
12047,4405
12048,11131
12049,9340
12050,8711
12051,9773
12052,5511
12053,13453
12054,7825
12055,8458
12056,14951
12057,8520
12058,7302
12059,13987
12060,9866
12061,12962
12062,7117
12063,12836
12064,13942
12065,8080
12066,6914
12067,8826
12068,7265
12069,9011
12070,8514
12071,12569
12072,8863
12073,6648
12074,6994
12075,9144
12076,11448
12077,9099
12078,12926
12079,8402
12080,9215
12081,6054
12082,11300
12083,11181
12084,10180
12085,7886
12086,7788
12087,11765
12088,12157
12089,7491
12090,11098
12091,8097
12092,9596
12093,8722
12094,9268
12095,5633
12096,6481
12097,10896
12098,8824
12099,8213
12100,8108
12101,13074
12102,6965
12103,8289
12104,9927
12105,6623
12106,4822
12107,12565
12108,5146
12109,10685
12110,10272
12111,8575
12112,10718
12113,18045
12114,12919
12115,10874
12116,5965
12117,11617
12118,10177
12119,5838
12120,5309
12121,11382
12122,5091
12123,12251
12124,17560
12125,11079
12126,9373
12127,7837
12128,11352
12129,10866
12130,8801
12131,10272
12132,11637
12133,12386
12134,10400
12135,12221
12136,7638
12137,10892
12138,6201
12139,8199
12140,8120
12141,6618
12142,7042
12143,13088
12144,7978
12145,12719
12146,13189
12147,7652
12148,6375
12149,15639
12150,10267
12151,11041
12152,9470
12153,11419
12154,7279
12155,7920
12156,10369
12157,9891
12158,7916
12159,6687
12160,14110
12161,9866
12162,7598
12163,5269
12164,18159
12165,8225
12166,8290
12167,9033
12168,15317
12169,13488
12170,10850
12171,11029
12172,10027
12173,8646
12174,8248
12175,9891
12176,13298
12177,19939
12178,8788
12179,8089
12180,5446
12181,7000
12182,16439
12183,19893
12184,10242
12185,7528
12186,6747
12187,7884
12188,7270
12189,12335
12190,12606
12191,8413
12192,6308
12193,10517
12194,9243
12195,10644
12196,12502
12197,7322
12198,12410
12199,5682
12200,9467
12201,13786
12202,9986
12203,13419
12204,9612
12205,10813
12206,6372
12207,8086
12208,10071
12209,11568
12210,10591
12211,10052
12212,9950
12213,6091
12214,12767
12215,5570
12216,13319
12217,7727
12218,6587
12219,10486
12220,9626
12221,8629
12222,10136
12223,13211
12224,7906
12225,13221
12226,6213
12227,5991
12228,12359
12229,13329
12230,13542
12231,9202
12232,9447
12233,7818
12234,9515
12235,9736
12236,9662
12237,9039
12238,7941
12239,13423
12240,10931
12241,11295
12242,15927
12243,11090
12244,6429
12245,7549
12246,8575
12247,11906
12248,7524
12249,10864
12250,8080
12251,13578
12252,9303
12253,8667
12254,7726
12255,8119
12256,7756
12257,10816
12258,9335
12259,7660
12260,7417
12261,7015
12262,12080
12263,8016
12264,24916
12265,9193
12266,5013
12267,6244
12268,7994
12269,11043
12270,6472
12271,6122
12272,10954
12273,7929
12274,8217
12275,6454
12276,8749
12277,8554
12278,5892
12279,5273
12280,7212
12281,9767
12282,7245
12283,7777
12284,7937
12285,8872
12286,5489
12287,4857
12288,6623
12289,10380
12290,12447
12291,8297
12292,10606
12293,5942
12294,9575
12295,4744
12296,6664
12297,5198
12298,9098
12299,9461
12300,12089
12301,9953
12302,7725
12303,7054
12304,6392
12305,4592
12306,5934
12307,11554
12308,6333
12309,6695
12310,6117
12311,5636
12312,9116
12313,4243
12314,8695
12315,5428
12316,6913
12317,6705
12318,6334
12319,9224
12320,6806
12321,8817
12322,11242
12323,7060
12324,6005
12325,12334
12326,5398
12327,7236
12328,8621
12329,11762
12330,5605
12331,5910
12332,9827
12333,8875
12334,9009
12335,7926
12336,10802
12337,4827
12338,5645
12339,7242
12340,6895
12341,10368
12342,8113
12343,4747
12344,6643
12345,8391
12346,7156
12347,9894
12348,4164
12349,16614
12350,7869
12351,5232
12352,7250
12353,8377
12354,6366
12355,10090
12356,4857
12357,7919
12358,6216
12359,8753
12360,9136
12361,6538
12362,8422
12363,5455
12364,6560
12365,8937
12366,9445
12367,8804
12368,5302
12369,11105
12370,5890
12371,10691
12372,8303
12373,13300
12374,7936
12375,5471
12376,6861
12377,6692
12378,6382
12379,6000
12380,7926
12381,8546
12382,4328
12383,10036
12384,7476
12385,7274
12386,5423
12387,8900
12388,11134
12389,5566
12390,15247
12391,6764
12392,5497
12393,8834
12394,8694
12395,5228
12396,5111
12397,7364
12398,7554
12399,5310
12400,6603
12401,6623
12402,8926
12403,9952
12404,6699
12405,8177
12406,6382
12407,4874
12408,7930
12409,8392
12410,8888
12411,8734
12412,9290
12413,10467
12414,5790
12415,10177
12416,8878
12417,6992
12418,8560
12419,10453
12420,6708
12421,9092
12422,11509
12423,8970
12424,9091
12425,6618
12426,8063
12427,7289
12428,7738
12429,7026
12430,3894
12431,6052
12432,13395
12433,9468
12434,7082
12435,4345
12436,9686
12437,7283
12438,10138
12439,5982
12440,6981
12441,6276
12442,4940
12443,12648
12444,8901
12445,8900
12446,6846
12447,6416
12448,7776
12449,7908
12450,8153
12451,4208
12452,7130
12453,6261
12454,10320
12455,8315
12456,6772
12457,12730
12458,6915
12459,5370
12460,12673
12461,5764
12462,8818
12463,3294
12464,9793
12465,8840
12466,5655
12467,7240
12468,9448
12469,5669
12470,8037
12471,8336
12472,14326
12473,3485
12474,6720
12475,3784
12476,16827
12477,6311
12478,9369
12479,9839
12480,7748
12481,7951
12482,6011
12483,6093
12484,3528
12485,5443
12486,7172
12487,6518
12488,7832
12489,7202
12490,6276
12491,7803
12492,7274
12493,9055
12494,9607
12495,9762
12496,5830
12497,4343
12498,11196
12499,14156
12500,5685
12501,9514
12502,5443
12503,8778
12504,6076
12505,5971
12506,7544
12507,4049
12508,8578
12509,5912
12510,10576
12511,8660
12512,10084
12513,8653
12514,6246
12515,10736
12516,21431
12517,12453
12518,6455
12519,3637
12520,7299
12521,10120
12522,6092
12523,5761
12524,13180
12525,6836
12526,13912
12527,21267
12528,4340
12529,8463
12530,6100
12531,5014
12532,9725
12533,6659
12534,11383
12535,11408
12536,9660
12537,6811
12538,9260
12539,4200
12540,7297
12541,4688
12542,7301
12543,8855
12544,10154
12545,6505
12546,6795
12547,5634
12548,7643
12549,5672
12550,5866
12551,5349
12552,8333
12553,6581
12554,6884
12555,8414
12556,9799
12557,8772
12558,7860
12559,7186
12560,6916
12561,8208
12562,8373
12563,9328
12564,7479
12565,7610
12566,6761
12567,4325
12568,7614
12569,8584
12570,7231
12571,4694
12572,3305
12573,9398
12574,8405
12575,11585
12576,8225
12577,6525
12578,8322
12579,5913
12580,5296
12581,11356
12582,5342
12583,8912
12584,9109
12585,17110
12586,6986
12587,5575
12588,8184
12589,6016
12590,6724
12591,5844
12592,9782
12593,5083
12594,8303
12595,5021
12596,6310
12597,4818
12598,12220
12599,5993
12600,18631
12601,16544
12602,5139
12603,6695
12604,6163
12605,8044
12606,6434
12607,11741
12608,8579
12609,10657
12610,4527
12611,8446
12612,5371
12613,8478
12614,9573
12615,6646
12616,7033
12617,7331
12618,6788
12619,9591
12620,10905
12621,6738
12622,9710
12623,12103
12624,7305
12625,8433
12626,7718
12627,10751
12628,9020
12629,5961
12630,6439
12631,7831
12632,6569
12633,12527
12634,7030
12635,7511
12636,8356
12637,9825
12638,4311
12639,9074
12640,10794
12641,10530
12642,10001
12643,7820
12644,5059
12645,17682
12646,10943
12647,9853
12648,18748
12649,9794
12650,8820
12651,7457
12652,11116
12653,12050
12654,13395
12655,14841
12656,6641
12657,8620
12658,6888
12659,9835
12660,4410
12661,13006
12662,7683
12663,6051
12664,6110
12665,10229
12666,8807
12667,5867
12668,8334
12669,6253
12670,5000
12671,8033
12672,4519
12673,5643
12674,6276
12675,8662
12676,11403
12677,8314
12678,8265
12679,6243
12680,6832
12681,13246
12682,7892
12683,6503
12684,7129
12685,4954
12686,10696
12687,5185
12688,11650
12689,7676
12690,3923
12691,5933
12692,7479
12693,7141
12694,5203
12695,9570
12696,11127
12697,13779
12698,6910
12699,10438
12700,3438
12701,6684
12702,7137
12703,6255
12704,9000
12705,6288
12706,7662
12707,5248
12708,6383
12709,12575
12710,8984
12711,5604
12712,5880
12713,9700
12714,10875
12715,9122
12716,5545
12717,5679
12718,10925
12719,8386
12720,9518
12721,7606
12722,5186
12723,8312
12724,11618
12725,4648
12726,5102
12727,5981
12728,7250
12729,10955
12730,9759
12731,9377
12732,16103
12733,6296
12734,13814
12735,14414
12736,7900
12737,6293
12738,3938
12739,9740
12740,7129
12741,7725
12742,6023
12743,9019
12744,13161
12745,6410
12746,6503
12747,9060
12748,5660
12749,8345
12750,5116
12751,4749
12752,7760
12753,4174
12754,8689
12755,8357
12756,7935
12757,8466
12758,9293
12759,9716
12760,5658
12761,9648
12762,10260
12763,7031
12764,6840
12765,5757
12766,6477
12767,10698
12768,7462
12769,8229
12770,6194
12771,8829
12772,8458
12773,7542
12774,6359
12775,10142
12776,6002
12777,6721
12778,20184
12779,6514
12780,9741
12781,7440
12782,7505
12783,5902
12784,5706
12785,4579
12786,5856
12787,8325
12788,15250
12789,9652
12790,10533
12791,12855
12792,12457
12793,11301
12794,9471
12795,6049
12796,5741
12797,11758
12798,12435
12799,7748
12800,9716
12801,9743
12802,6618
12803,4806
12804,11009
12805,7599
12806,8384
12807,6397
12808,3257
12809,15046
12810,13960
12811,15994
12812,6557
12813,6084
12814,5637
12815,7359
12816,8643
12817,8800
12818,6797
12819,5847
12820,5655
12821,8777
12822,5405
12823,3835
12824,8057
12825,17087
12826,8061
12827,19986
12828,4919
12829,5809
12830,8359
12831,6242
12832,6295
12833,5074
12834,5181
12835,5183
12836,8108
12837,6862
12838,4232
12839,10453
12840,5729
12841,8345
12842,5306
12843,10775
12844,9670
12845,11491
12846,6714
12847,8239
12848,5241
12849,5834
12850,6130
12851,18075
12852,10564
12853,7278
12854,6457
12855,5017
12856,6636
12857,5133
12858,10904
12859,5120
12860,17667
12861,5090
12862,5896
12863,5898
12864,10653
12865,8785
12866,4724
12867,7652
12868,8181
12869,8139
12870,7530
12871,7194
12872,4449
12873,11123
12874,5627
12875,4713
12876,5789
12877,6092
12878,6501
12879,7623
12880,10743
12881,9606
12882,7206
12883,7940
12884,5487
12885,8672
12886,7209
12887,5121
12888,7082
12889,7832
12890,7320
12891,11603
12892,7786
12893,8462
12894,7546
12895,7932
12896,7005
12897,8874
12898,6717
12899,9051
12900,7832
12901,6790
12902,10054
12903,7129
12904,5374
12905,14485
12906,6766
12907,4118
12908,9402
12909,8983
12910,12408
12911,5835
12912,7421
12913,7685
12914,4972
12915,6366
12916,8278
12917,8603
12918,6551
12919,8667
12920,10840
12921,3461
12922,7284
12923,6072
12924,6662
12925,5487
12926,7924
12927,10956
12928,6582
12929,6698
12930,8964
12931,8282
12932,10282
12933,11107
12934,5097
12935,7618
12936,7024
12937,9979
12938,8853
12939,10074
12940,3548
12941,9508
12942,8214
12943,8019
12944,11988
12945,5784
12946,4714
12947,15188
12948,10758
12949,8854
12950,6554
12951,7796
12952,10359
12953,4178
12954,7749
12955,6441
12956,7839
12957,8016
12958,7036
12959,8862
12960,6271
12961,11427
12962,12035
12963,19740
12964,7813
12965,5239
12966,6161
12967,4730
12968,3708
12969,13017
12970,9414
12971,6271
12972,10449
12973,5321
12974,12445
12975,4629
12976,5947
12977,6147
12978,11356
12979,5136
12980,9056
12981,5647
12982,5849
12983,8679
12984,5263
12985,8865
12986,8659
12987,11016
12988,8881
12989,7769
12990,6570
12991,14397
12992,5534
12993,5237
12994,12653
12995,8824
12996,10147
12997,7857
12998,16289
12999,7013
13000,7062
13001,5043
13002,7135
13003,9333
13004,11025
13005,8969
13006,9713
13007,9396
13008,4341
13009,7854
13010,8748
13011,8083
13012,9575
13013,5710
13014,5438
13015,5059
13016,4530
13017,6379
13018,9710
13019,8964
13020,12498
13021,18410
13022,8124
13023,5714
13024,9137
13025,8238
13026,11797
13027,4715
13028,7156
13029,4796
13030,8704
13031,7462
13032,7231
13033,16435
13034,13046
13035,6132
13036,7663
13037,4838
13038,5958
13039,6529
13040,8487
13041,5136
13042,4740
13043,6249
13044,9118
13045,8152
13046,6352
13047,5673
13048,8125
13049,7462
13050,8513
13051,4480
13052,13081
13053,21736
13054,3911
13055,8064
13056,10282
13057,9120
13058,6172
13059,3754
13060,5585
13061,8939
13062,5182
13063,9834
13064,10416
13065,5463
13066,6195
13067,8223
13068,7250
13069,5040
13070,6977
13071,8598
13072,11152
13073,9152
13074,12662
13075,6396
13076,4593
13077,8203
13078,6584
13079,10100
13080,6646
13081,5331
13082,25521
13083,8312
13084,7031
13085,12209
13086,9102
13087,9095
13088,7311
13089,8956
13090,5317
13091,10083
13092,14969
13093,6732
13094,6678
13095,6994
13096,16293
13097,7301
13098,6438
13099,7524
13100,6162
13101,7959
13102,4846
13103,10506
13104,5201
13105,8406
13106,3483
13107,21558
13108,10509
13109,5266
13110,4530
13111,9281
13112,7472
13113,7320
13114,9327
13115,6817
13116,5708
13117,4767
13118,11054
13119,5999
13120,7296
13121,8769
13122,8514
13123,5139
13124,8241
13125,7247
13126,4713
13127,8708
13128,9763
13129,5458
13130,8438
13131,7868
13132,5604
13133,9674
13134,6428
13135,8204
13136,7511
13137,8579
13138,4571
13139,5509
13140,6502
13141,12763
13142,8295
13143,10996
13144,4588
13145,8892
13146,5607
13147,6658
13148,4834
13149,7091
13150,6681
13151,8053
13152,7197
13153,10316
13154,5272
13155,6135
13156,8550
13157,9718
13158,7156
13159,11166
13160,10672
13161,7579
13162,3538
13163,8891
13164,5682
13165,6406
13166,8524
13167,4564
13168,12244
13169,5434
13170,7486
13171,12578
13172,7334
13173,4498
13174,9089
13175,6462
13176,11805
13177,6331
13178,10743
13179,11189
13180,6077
13181,5744
13182,7760
13183,6597
13184,6756
13185,6371
13186,10906
13187,7904
13188,6261
13189,4754
13190,6571
13191,7417
13192,7690
13193,10025
13194,7277
13195,8029
13196,4353
13197,7612
13198,9968
13199,7008
13200,7057
13201,7141
13202,8341
13203,10821
13204,6567
13205,9524
13206,5646
13207,6033
13208,8096
13209,7963
13210,5359
13211,4781
13212,8201
13213,8191
13214,6901
13215,6979
13216,8336
13217,6402
13218,6656
13219,7910
13220,6035
13221,3803
13222,10731
13223,4672
13224,9325
13225,8247
13226,7405
13227,8102
13228,13911
13229,10549
13230,10129
13231,5280
13232,8603
13233,8872
13234,4591
13235,3351
13236,8940
13237,4323
13238,8237
13239,13441
13240,7741
13241,8377
13242,4778
13243,9739
13244,7126
13245,7449
13246,8953
13247,10066
13248,9833
13249,7021
13250,8129
13251,6223
13252,8569
13253,5611
13254,5470
13255,7487
13256,6035
13257,6087
13258,8879
13259,5152
13260,11609
13261,7891
13262,4935
13263,5117
13264,9759
13265,7604
13266,6263
13267,8244
13268,7062
13269,6829
13270,6945
13271,7757
13272,8643
13273,7256
13274,4907
13275,11067
13276,8335
13277,5667
13278,4310
13279,12397
13280,7048
13281,6658
13282,8240
13283,13355
13284,8468
13285,9750
13286,9819
13287,8932
13288,6159
13289,7103
13290,8605
13291,10786
13292,14263
13293,5657
13294,7091
13295,4626
13296,5692
13297,10172
13298,17555
13299,8229
13300,5972
13301,5211
13302,7414
13303,6401
13304,11811
13305,9584
13306,6353
13307,5064
13308,9256
13309,6127
13310,9333
13311,11611
13312,5632
13313,8282
13314,3929
13315,8405
13316,9042
13317,8245
13318,11358
13319,7674
13320,9343
13321,4563
13322,7209
13323,8051
13324,10496
13325,8651
13326,9060
13327,7675
13328,5490
13329,11034
13330,5029
13331,11501
13332,6881
13333,4584
13334,8496
13335,8406
13336,7401
13337,8626
13338,10246
13339,5356
13340,12629
13341,4734
13342,5087
13343,7812
13344,8747
13345,10692
13346,8461
13347,7990
13348,5944
13349,6252
13350,8744
13351,7548
13352,7940
13353,5600
13354,11635
13355,7847
13356,9750
13357,12198
13358,10622
13359,4765
13360,5155
13361,7052
13362,11207
13363,6769
13364,8671
13365,5384
13366,12093
13367,6738
13368,6340
13369,5232
13370,6291
13371,5468
13372,6541
13373,7884
13374,5213
13375,5848
13376,4694
13377,10549
13378,7704
13379,23756
13380,8318
13381,4714
13382,5759
13383,8044
13384,10798
13385,5600
13386,5732
13387,10354
13388,8455
13389,8056
13390,6368
13391,8266
13392,8780
13393,5417
13394,5822
13395,7743
13396,9230
13397,7510
13398,7872
13399,7851
13400,9828
13401,6158
13402,5001
13403,6467
13404,10761
13405,12380
13406,8538
13407,11000
13408,6041
13409,9518
13410,5086
13411,6564
13412,4813
13413,8796
13414,9100
13415,13010
13416,9865
13417,8046
13418,6647
13419,6175
13420,4813
13421,6478
13422,11408
13423,6712
13424,6211
13425,6315
13426,6186
13427,8865
13428,3916
13429,8296
13430,5331
13431,7701
13432,7522
13433,6320
13434,9093
13435,6160
13436,9133
13437,11048
13438,7344
13439,6340
13440,10816
13441,5112
13442,7065
13443,8660
13444,12880
13445,6250
13446,6468
13447,9408
13448,8213
13449,9393
13450,7561
13451,10755
13452,5277
13453,5454
13454,6774
13455,6816
13456,10147
13457,8580
13458,4494
13459,6215
13460,8925
13461,7098
13462,11226
13463,4027
13464,15007
13465,7646
13466,5338
13467,7024
13468,7820
13469,6650
13470,9710
13471,4972
13472,7747
13473,6453
13474,8992
13475,8532
13476,6276
13477,8739
13478,5918
13479,6368
13480,8916
13481,9198
13482,8397
13483,5176
13484,10681
13485,5760
13486,9829
13487,8109
13488,13491
13489,7600
13490,5124
13491,7468
13492,6655
13493,6251
13494,5713
13495,8108
13496,8139
13497,4242
13498,9795
13499,6996
13500,7883
13501,5101
13502,7862
13503,9792
13504,5210
13505,14054
13506,6599
13507,5740
13508,8695
13509,9456
13510,5476
13511,5201
13512,8030
13513,7371
13514,5125
13515,6973
13516,6508
13517,9001
13518,9825
13519,7230
13520,8244
13521,6285
13522,4637
13523,7410
13524,8790
13525,8557
13526,9341
13527,8951
13528,10043
13529,6014
13530,9882
13531,8579
13532,6252
13533,8249
13534,10603
13535,7202
13536,9728
13537,11095
13538,8638
13539,8983
13540,6872
13541,7833
13542,8324
13543,7524
13544,7434
13545,4091
13546,6105
13547,12313
13548,8866
13549,6938
13550,4376
13551,9515
13552,7353
13553,9738
13554,6333
13555,6708
13556,5968
13557,4765
13558,12277
13559,8339
13560,8841
13561,7219
13562,6518
13563,7239
13564,7264
13565,8323
13566,4403
13567,7160
13568,6091
13569,9842
13570,8354
13571,6981
13572,13190
13573,5641
13574,5380
13575,12068
13576,5845
13577,7771
13578,3617
13579,9960
13580,8748
13581,6194
13582,7271
13583,7658
13584,5923
13585,7759
13586,9298
13587,13095
13588,3386
13589,7187
13590,3711
13591,16406
13592,5512
13593,9639
13594,9679
13595,7473
13596,7750
13597,5799
13598,6053
13599,3429
13600,5260
13601,7415
13602,6262
13603,7945
13604,7470
13605,6482
13606,7565
13607,6987
13608,9176
13609,10448
13610,9510
13611,5809
13612,4703
13613,10623
13614,12407
13615,6413
13616,8693
13617,5174
13618,8567
13619,6162
13620,5580
13621,7146
13622,4663
13623,8049
13624,5956
13625,10140
13626,8355
13627,9871
13628,8692
13629,6513
13630,10132
13631,20486
13632,11957
13633,6026
13634,3750
13635,7027
13636,9884
13637,5738
13638,6358
13639,13934
13640,6701
13641,14766
13642,20590
13643,4494
13644,8354
13645,6118
13646,5055
13647,11361
13648,5935
13649,10420
13650,11162
13651,9595
13652,7461
13653,9156
13654,4620
13655,7077
13656,4479
13657,7060
13658,8610
13659,10359
13660,6930
13661,6777
13662,5454
13663,8049
13664,5775
13665,5586
13666,5327
13667,8662
13668,6817
13669,7016
13670,7998
13671,9369
13672,8572
13673,7654
13674,7232
13675,6232
13676,7948
13677,8231
13678,9474
13679,7539
13680,8438
13681,6285
13682,4465
13683,6869
13684,8211
13685,7298
13686,4835
13687,3564
13688,9708
13689,8405
13690,10782
13691,7936
13692,6829
13693,8640
13694,5952
13695,5088
13696,11509
13697,5622
13698,8665
13699,8648
13700,17225
13701,7346
13702,6512
13703,8382
13704,6540
13705,8466
13706,6278
13707,9096
13708,4879
13709,8428
13710,4946
13711,6682
13712,4395
13713,11941
13714,6046
13715,17865
13716,16082
13717,5798
13718,7139
13719,5926
13720,7865
13721,6409
13722,12153
13723,9141
13724,11106
13725,4806
13726,8246
13727,5581
13728,8976
13729,9068
13730,7463
13731,7123
13732,7602
13733,7131
13734,9507
13735,11233
13736,6690
13737,9423
13738,11408
13739,7485
13740,8138
13741,7962
13742,10488
13743,8698
13744,6106
13745,6349
13746,7890
13747,6366
13748,12280
13749,7125
13750,8679
13751,7827
13752,10077
13753,4691
13754,8648
13755,11645
13756,10133
13757,10016
13758,7670
13759,5069
13760,16274
13761,10775
13762,10082
13763,19396
13764,11166
13765,8595
13766,7530
13767,11064
13768,11995
13769,12622
13770,13688
13771,6549
13772,8252
13773,6750
13774,10165
13775,4434
13776,13598
13777,7191
13778,6154
13779,6504
13780,10509
13781,8661
13782,6012
13783,7932
13784,5857
13785,5214
13786,8310
13787,4762
13788,5547
13789,6961
13790,7802
13791,11493
13792,8870
13793,8445
13794,6940
13795,6762
13796,13231
13797,8165
13798,6369
13799,6747
13800,5236
13801,10090
13802,5035
13803,11690
13804,7933
13805,3901
13806,5450
13807,7980
13808,7054
13809,5589
13810,9575
13811,11428
13812,12904
13813,6460
13814,10862
13815,3148
13816,6557
13817,7006
13818,6335
13819,8367
13820,6317
13821,7649
13822,5250
13823,6338
13824,11644
13825,8617
13826,5758
13827,5592
13828,9347
13829,11320
13830,10707
13831,5795
13832,5828
13833,9448
13834,7455
13835,8657
13836,7251
13837,5541
13838,8018
13839,11764
13840,4887
13841,4963
13842,5823
13843,6909
13844,10413
13845,9268
13846,8733
13847,15835
13848,6041
13849,12546
13850,13451
13851,7887
13852,6224
13853,4132
13854,9082
13855,6748
13856,7339
13857,6788
13858,8299
13859,12836
13860,5886
13861,6927
13862,8687
13863,6248
13864,8524
13865,5420
13866,5140
13867,7957
13868,3881
13869,9674
13870,8541
13871,7901
13872,8646
13873,9766
13874,9336
13875,6485
13876,9126
13877,9921
13878,6847
13879,6373
13880,5734
13881,5749
13882,11234
13883,8725
13884,8012
13885,6115
13886,8172
13887,9484
13888,8282
13889,6742
13890,9299
13891,6018
13892,6964
13893,19998
13894,7023
13895,9984
13896,7466
13897,7246
13898,6499
13899,5680
13900,4390
13901,6457
13902,9227
13903,14409
13904,9687
13905,10171
13906,13130
13907,12350
13908,12057
13909,9611
13910,6034
13911,5485
13912,11469
13913,12298
13914,8179
13915,9489
13916,9674
13917,6759
13918,4837
13919,11155
13920,7561
13921,7888
13922,6763
13923,3274
13924,15243
13925,13735
13926,16460
13927,6782
13928,5817
13929,5365
13930,7248
13931,8011
13932,8973
13933,7243
13934,5498
13935,5656
13936,8553
13937,4611
13938,3888
13939,7955
13940,15910
13941,8017
13942,19536
13943,5180
13944,6339
13945,7659
13946,6480
13947,6102
13948,5331
13949,4982
13950,4746
13951,8596
13952,7522
13953,4295
13954,10083
13955,6185
13956,7869
13957,5151
13958,10491
13959,9072
13960,11302
13961,6132
13962,8330
13963,5017
13964,5620
13965,5806
13966,16257
13967,11076
13968,7565
13969,6527
13970,5291
13971,6654
13972,5930
13973,12331
13974,4934
13975,16628
13976,4851
13977,5794
13978,6094
13979,10510
13980,8686
13981,4919
13982,7431
13983,8530
13984,8449
13985,7878
13986,6639
13987,4889
13988,11727
13989,5341
13990,4556
13991,5968
13992,6767
13993,6636
13994,7117
13995,10299
13996,9545
13997,7330
13998,7809
13999,5056
14000,8814
14001,6843
14002,5091
14003,7382
14004,7627
14005,7094
14006,11445
14007,7431
14008,7924
14009,7529
14010,7755
14011,6824
14012,8699
14013,7345
14014,8398
14015,7750
14016,6909
14017,10208
14018,7036
14019,5117
14020,13989
14021,7035
14022,3718
14023,9068
14024,9297
14025,12097
14026,5763
14027,7170
14028,7470
14029,4549
14030,6419
14031,7915
14032,8824
14033,6612
14034,8402
14035,10569
14036,3678
14037,7328
14038,6568
14039,6346
14040,5818
14041,7807
14042,10119
14043,6031
14044,6248
14045,9299
14046,8176
14047,10418
14048,10182
14049,5293
14050,7459
14051,7230
14052,9356
14053,8867
14054,9437
14055,5550
14056,9802
14057,8215
14058,8487
14059,11020
14060,5290
14061,4665
14062,14733
14063,10073
14064,9226
14065,6724
14066,7787
14067,10086
14068,4427
14069,7926
14070,6137
14071,8998
14072,8194
14073,7437
14074,8939
14075,6657
14076,10377
14077,12188
14078,18645
14079,8130
14080,5309
14081,6596
14082,4716
14083,3608
14084,12392
14085,9259
14086,6212
14087,9963
14088,5839
14089,12161
14090,5080
14091,6426
14092,6533
14093,10697
14094,5365
14095,7829
14096,5939
14097,6067
14098,8471
14099,5804
14100,8399
14101,8425
14102,10398
14103,8926
14104,7866
14105,6718
14106,13405
14107,5338
14108,5719
14109,12258
14110,8198
14111,10256
14112,7658
14113,16230
14114,6944
14115,6553
14116,5419
14117,7271
14118,9571
14119,11731
14120,8320
14121,9858
14122,8983
14123,4425
14124,7885
14125,8889
14126,8189
14127,9943
14128,6372
14129,5363
14130,5270
14131,4223
14132,6182
14133,9755
14134,9417
14135,12499
14136,18654
14137,7746
14138,5509
14139,8282
14140,8034
14141,10959
14142,4801
14143,7091
14144,4859
14145,9648
14146,7363
14147,7096
14148,15883
14149,12871
14150,5922
14151,7692
14152,4650
14153,5943
14154,6205
14155,9329
14156,5398
14157,4967
14158,6201
14159,9066
14160,8762
14161,5789
14162,6294
14163,8475
14164,7700
14165,8350
14166,4263
14167,12071
14168,20395
14169,3868
14170,8201
14171,10032
14172,8835
14173,5776
14174,3882
14175,5145
14176,9213
14177,5301
14178,9158
14179,10022
14180,5471
14181,6311
14182,8299
14183,7185
14184,5170
14185,6790
14186,8237
14187,10545
14188,9100
14189,11524
14190,6559
14191,4443
14192,7878
14193,6472
14194,10618
14195,6929
14196,5244
14197,23772
14198,8068
14199,6920
14200,12356
14201,8357
14202,8489
14203,7170
14204,8589
14205,5198
14206,10121
14207,15059
14208,6627
14209,6517
14210,6897
14211,15209
14212,7346
14213,6431
14214,7260
14215,6051
14216,7431
14217,5004
14218,10262
14219,4927
14220,8071
14221,3183
14222,21346
14223,10344
14224,4783
14225,4884
14226,10940
14227,7135
14228,7533
14229,9178
14230,7117
14231,5616
14232,5096
14233,10586
14234,6195
14235,7304
14236,8379
14237,8148
14238,5255
14239,8169
14240,7437
14241,4478
14242,9127
14243,9611
14244,5146
14245,8383
14246,8110
14247,5347
14248,10222
14249,6615
14250,7870
14251,7647
14252,8913
14253,4309
14254,5646
14255,6310
14256,14191
14257,6985
14258,10427
14259,4636
14260,9047
14261,4959
14262,6459
14263,4767
14264,6925
14265,6404
14266,8055
14267,7804
14268,10216
14269,5420
14270,6818
14271,7948
14272,9506
14273,7220
14274,9572
14275,10367
14276,7541
14277,3591
14278,8797
14279,5848
14280,6514
14281,8274
14282,4540
14283,12000
14284,5825
14285,7337
14286,12279
14287,7548
14288,4924
14289,0
14290,6951
14291,11128
14292,6015
14293,10055
14294,11480
14295,6650
14296,5528
14297,7619
14298,6445
14299,6648
14300,6485
14301,10654
14302,7882
14303,5831
14304,5080
14305,6733
14306,7954
14307,7515
14308,9790
14309,7020
14310,7797
14311,4936
14312,8276
14313,8676
14314,7407
14315,7134
14316,6866
14317,8718
14318,10694
14319,6359
14320,9101
14321,5691
14322,7027
14323,8186
14324,7555
14325,4997
14326,4834
14327,7428
14328,8592
14329,6650
14330,6609
14331,9006
14332,6370
14333,6652
14334,7304
14335,5938
14336,3886
14337,9379
14338,4448
14339,8493
14340,8083
14341,7050
14342,7906
14343,14144
14344,10123
14345,8884
14346,5001
14347,9591
14348,8555
14349,4407
14350,3620
14351,9642
14352,4148
14353,8485
14354,13182
14355,8778
14356,7885
14357,5200
14358,9016
14359,7821
14360,7311
14361,8915
14362,9509
14363,9999
14364,7071
14365,8778
14366,5849
14367,8024
14368,5549
14369,5700
14370,7621
14371,6050
14372,5807
14373,9017
14374,5202
14375,11254
14376,8168
14377,5590
14378,4958
14379,10759
14380,7835
14381,6941
14382,7756
14383,7359
14384,6803
14385,6729
14386,7659
14387,8393
14388,6807
14389,5045
14390,10756
14391,7863
14392,6350
14393,4127
14394,12582
14395,7532
14396,6350
14397,7969
14398,12273
14399,8999
14400,9015
14401,9707
14402,8501
14403,6315
14404,6992
14405,8441
14406,10624
14407,13897
14408,5636
14409,6871
14410,4667
14411,5512
14412,10537
14413,17373
14414,7802
14415,6240
14416,5826
14417,7389
14418,6627
14419,10840
14420,10096
14421,6475
14422,4921
14423,8729
14424,6312
14425,9389
14426,11206
14427,5635
14428,8612
14429,4271
14430,8420
14431,9101
14432,8003
14433,10504
14434,7379
14435,8843
14436,4709
14437,7649
14438,7714
14439,10065
14440,8545
14441,9335
14442,7604
14443,5215
14444,10879
14445,4953
14446,11218
14447,6836
14448,4640
14449,6621
14450,8010
14451,7146
14452,8125
14453,10219
14454,5828
14455,11829
14456,4959
14457,5118
14458,8284
14459,9343
14460,10858
14461,7891
14462,8046
14463,5876
14464,6833
14465,8620
14466,7580
14467,7709
14468,5891
14469,11419
14470,7412
14471,9843
14472,12219
14473,9859
14474,4917
14475,5237
14476,6743
14477,11263
14478,6269
14479,8503
14480,5490
14481,12037
14482,6920
14483,6494
14484,5853
14485,6534
14486,5714
14487,6822
14488,7399
14489,5332
14490,5873
14491,4987
14492,10161
14493,7960
14494,22601
14495,8000
14496,4390
14497,5099
14498,7710
14499,9562
14500,5221
14501,5262
14502,9848
14503,6558
14504,7731
14505,6309
14506,7458
14507,8090
14508,5256
14509,5671
14510,7418
14511,8333
14512,6513
14513,7963
14514,7164
14515,8206
14516,6512
14517,5165
14518,6166
14519,10515
14520,10291
14521,7578
14522,10265
14523,5256
14524,8382
14525,4023
14526,6093
14527,4595
14528,8263
14529,8277
14530,12070
14531,9944
14532,7244
14533,6127
14534,4983
14535,4326
14536,6176
14537,10647
14538,6668
14539,5869
14540,5976
14541,6002
14542,8009
14543,3843
14544,8077
14545,4859
14546,8343
14547,7560
14548,5728
14549,8447
14550,5625
14551,8790
14552,9248
14553,7518
14554,5918
14555,9205
14556,5063
14557,6504
14558,7694
14559,12374
14560,5728
14561,6456
14562,8273
14563,7549
14564,9160
14565,7055
14566,10147
14567,4990
14568,4759
14569,5923
14570,6487
14571,10008
14572,8421
14573,4175
14574,5956
14575,8504
14576,7770
14577,10146
14578,4110
14579,12880
14580,7514
14581,5007
14582,6073
14583,6992
14584,6618
14585,8431
14586,4687
14587,6566
14588,7176
14589,8196
14590,7421
14591,5526
14592,7573
14593,5784
14594,6064
14595,8445
14596,8339
14597,7189
14598,5082
14599,10310
14600,5436
14601,9308
14602,7820
14603,12947
14604,7122
14605,4441
14606,7414
14607,6248
14608,6228
14609,5356
14610,8766
14611,7580
14612,3923
14613,8849
14614,6291
14615,7549
14616,4838
14617,7522
14618,8744
14619,5639
14620,12317
14621,5942
14622,5855
14623,8441
14624,9511
14625,5197
14626,4784
14627,7643
14628,6584
14629,4945
14630,6747
14631,6212
14632,9534
14633,8343
14634,7452
14635,7658
14636,5665
14637,4647
14638,6749
14639,8319
14640,7684
14641,9142
14642,8495
14643,9359
14644,6252
14645,8821
14646,7949
14647,5700
14648,7350
14649,9080
14650,7521
14651,7446
14652,10434
14653,8528
14654,8589
14655,6258
14656,7640
14657,8235
14658,6946
14659,7200
14660,4366
14661,5604
14662,10226
14663,8221
14664,6563
14665,4351
14666,8537
14667,6965
14668,8499
14669,6693
14670,6415
14671,5259
14672,4144
14673,10933
14674,7270
14675,7618
14676,7103
14677,5797
14678,6309
14679,6733
14680,8237
14681,4507
14682,6989
14683,5659
14684,9144
14685,8481
14686,6819
14687,13879
14688,4856
14689,5261
14690,10997
14691,5242
14692,7634
14693,3596
14694,8991
14695,8247
14696,6071
14697,6703
14698,6691
14699,6028
14700,7072
14701,7895
14702,10989
14703,3421
14704,6722
14705,3511
14706,14629
14707,4933
14708,8977
14709,10120
14710,7333
14711,7022
14712,5402
14713,5241
14714,3224
14715,4827
14716,6601
14717,5614
14718,7989
14719,7505
14720,5660
14721,6950
14722,6710
14723,8641
14724,10185
14725,8290
14726,5590
14727,4625
14728,9729
14729,11568
14730,5988
14731,8163
14732,5028
14733,7649
14734,5691
14735,5323
14736,6801
14737,4510
14738,7100
14739,5720
14740,9216
14741,7679
14742,8677
14743,7821
14744,5894
14745,9347
14746,18097
14747,10563
14748,5211
14749,3690
14750,6408
14751,8448
14752,5430
14753,6572
14754,13956
14755,6279
14756,13069
14757,21012
14758,4705
14759,7349
14760,5625
14761,4242
14762,8308
14763,5648
14764,8809
14765,10117
14766,8841
14767,6965
14768,8039
14769,5137
14770,7382
14771,4159
14772,7051
14773,7313
14774,10870
14775,6618
14776,6480
14777,4933
14778,7794
14779,5983
14780,5548
14781,4774
14782,8452
14783,6182
14784,6538
14785,7584
14786,8212
14787,7521
14788,6394
14789,6377
14790,5748
14791,7189
14792,7568
14793,9861
14794,7087
14795,8160
14796,6066
14797,4432
14798,6268
14799,7200
14800,6626
14801,4849
14802,3088
14803,9182
14804,7137
14805,10371
14806,6914
14807,6192
14808,7664
14809,5169
14810,4812
14811,10437
14812,6304
14813,8089
14814,8470
14815,14491
14816,6558
14817,5331
14818,7821
14819,5226
14820,5888
14821,6251
14822,7883
14823,4618
14824,8159
14825,4688
14826,5558
14827,3879
14828,10466
14829,5640
14830,14901
14831,13943
14832,5445
14833,7134
14834,5543
14835,7367
14836,5661
14837,12383
14838,8580
14839,9796
14840,4720
14841,8078
14842,5538
14843,9556
14844,8392
14845,7609
14846,6559
14847,7123
14848,7473
14849,9375
14850,9228
14851,6482
14852,8129
14853,10052
14854,6908
14855,7745
14856,7208
14857,8942
14858,7662
14859,5743
14860,5861
14861,6778
14862,5823
14863,10915
14864,6839
14865,8221
14866,7210
14867,9752
14868,4827
14869,7763
14870,10441
14871,8763
14872,8898
14873,6720
14874,4428
14875,15132
14876,9167
14877,8837
14878,17564
14879,9161
14880,8417
14881,7410
14882,9458
14883,10665
14884,11176
14885,12643
14886,5983
14887,7384
14888,6162
14889,9974
14890,4224
14891,10291
14892,6458
14893,6075
14894,6609
14895,9015
14896,8077
14897,5726
14898,7825
14899,5312
14900,4829
14901,7726
14902,4638
14903,5223
14904,6177
14905,7168
14906,10724
14907,9702
14908,7512
14909,6886
14910,6443
14911,11440
14912,7398
14913,6105
14914,5659
14915,5263
14916,9763
14917,4642
14918,12989
14919,7549
14920,3522
14921,4883
14922,7721
14923,6835
14924,6091
14925,9420
14926,10377
14927,11667
14928,6115
14929,11694
14930,3024
14931,5978
14932,7004
14933,6099
14934,7766
14935,6440
14936,7316
14937,5134
14938,5803
14939,11633
14940,8879
14941,4982
14942,5324
14943,9241
14944,10003
14945,8003
14946,5951
14947,5326
14948,8744
14949,6452
14950,8503
14951,5941
14952,5906
14953,7774
14954,9579
14955,4118
14956,4915
14957,5097
14958,5923
14959,9845
14960,8666
14961,8915
14962,12716
14963,5598
14964,11427
14965,12316
14966,7488
14967,5597
14968,3607
14969,8344
14970,6205
14971,6493
14972,6796
14973,7200
14974,11638
14975,5201
14976,6214
14977,8055
14978,4894
14979,8759
14980,5818
14981,4462
14982,7587
14983,3761
14984,7907
14985,8503
14986,7486
14987,8205
14988,9373
14989,8399
14990,6297
14991,8443
14992,9756
14993,6904
14994,6191
14995,6451
14996,5353
14997,10534
14998,7947
14999,6651
15000,5540
15001,7442
15002,9142
15003,7817
15004,6561
15005,9037
15006,5594
15007,7340
15008,17737
15009,6891
15010,9912
15011,6053
15012,6594
15013,6702
15014,5668
15015,4302
15016,5965
15017,9544
15018,13422
15019,8655
15020,10222
15021,10595
15022,11481
15023,11587
15024,8871
15025,5495
15026,5097
15027,10421
15028,11656
15029,8899
15030,8286
15031,9058
15032,6579
15033,4211
15034,11384
15035,7367
15036,6698
15037,6687
15038,2975
15039,13167
15040,11785
15041,14294
15042,6525
15043,5494
15044,5472
15045,6843
15046,6953
15047,8220
15048,7350
15049,5224
15050,5484
15051,7424
15052,3980
15053,3587
15054,6398
15055,14306
15056,7653
15057,19020
15058,4618
15059,6170
15060,7100
15061,6400
15062,5178
15063,5687
15064,4680
15065,4141
15066,9236
15067,7384
15068,4448
15069,9832
15070,6211
15071,7262
15072,4832
15073,10151
15074,8067
15075,9626
15076,5564
15077,7284
15078,4815
15079,5347
15080,5265
15081,14704
15082,11332
15083,7062
15084,5622
15085,5561
15086,6686
15087,4458
15088,8992
15089,4558
15090,15099
15091,4600
15092,5390
15093,5888
15094,10535
15095,7952
15096,5239
15097,6872
15098,7459
15099,7712
15100,8150
15101,6178
15102,4654
15103,9925
15104,5177
15105,4215
15106,6081
15107,7293
15108,6048
15109,6531
15110,9053
15111,9009
15112,7314
15113,7724
15114,4707
15115,9120
15116,6165
15117,4924
15118,7459
15119,7216
15120,6566
15121,9885
15122,6994
15123,6916
15124,7375
15125,6642
15126,5915
15127,7801
15128,8307
15129,7319
15130,6786
15131,7079
15132,9662
15133,7099
15134,4888
15135,12696
15136,5818
15137,3387
15138,8376
15139,10341
15140,10478
15141,5423
15142,6735
15143,7226
15144,4451
15145,6694
15146,7550
15147,7577
15148,6314
15149,7047
15150,9412
15151,3665
15152,6381
15153,6155
15154,5554
15155,5620
15156,7265
15157,9050
15158,5918
15159,5792
15160,8447
15161,7572
15162,9289
15163,9423
15164,5535
15165,7131
15166,7447
15167,8374
15168,8198
15169,8889
15170,3688
15171,10039
15172,7554
15173,7656
15174,10717
15175,4946
15176,4247
15177,12729
15178,8843
15179,9201
15180,6190
15181,6735
15182,9398
15183,4158
15184,7477
15185,5540
15186,8660
15187,6515
15188,6959
15189,9036
15190,6004
15191,9460
15192,11696
15193,17465
15194,7669
15195,5057
15196,6537
15197,4729
15198,3438
15199,11483
15200,8209
15201,6402
15202,9337
15203,6277
15204,10630
15205,5314
15206,6536
15207,6855
15208,9419
15209,5636
15210,7166
15211,6208
15212,5737
15213,7762
15214,5434
15215,7713
15216,8183
15217,9370
15218,8241
15219,7138
15220,6275
15221,11522
15222,5108
15223,5728
15224,11660
15225,7476
15226,9566
15227,7233
15228,16267
15229,6221
15230,5831
15231,5477
15232,6263
15233,9171
15234,11911
15235,7885
15236,8270
15237,8288
15238,4393
15239,7828
15240,7676
15241,7516
15242,8737
15243,5971
15244,5357
15245,5605
15246,3930
15247,5293
15248,8872
15249,7489
15250,11575
15251,17916
15252,7260
15253,5095
15254,7546
15255,7782
15256,9868
15257,4628
15258,6704
15259,4638
15260,8753
15261,7255
15262,6947
15263,13656
15264,13253
15265,5280
15266,7366
15267,4478
15268,5718
15269,5461
15270,9513
15271,5025
15272,4918
15273,5988
15274,8112
15275,6870
15276,5060
15277,5965
15278,7959
15279,7594
15280,7427
15281,3590
15282,11213
15283,18714
15284,3793
15285,7852
15286,8737
15287,7797
15288,5201
15289,3428
15290,4720
15291,8039
15292,5349
15293,7917
15294,9341
15295,4945
15296,5871
15297,7508
15298,6628
15299,5406
15300,6426
15301,7382
15302,10347
15303,8186
15304,10547
15305,6276
15306,4135
15307,6668
15308,5993
15309,9716
15310,6787
15311,4698
15312,21918
15313,7356
15314,6290
15315,12321
15316,7529
15317,7674
15318,6646
15319,7614
15320,5243
15321,9520
15322,14122
15323,5842
15324,5718
15325,6677
15326,12891
15327,7178
15328,5924
15329,6635
15330,5993
15331,6371
15332,4981
15333,9223
15334,4312
15335,6978
15336,3246
15337,22004
15338,9424
15339,4340
15340,5518
15341,10676
15342,6348
15343,7297
15344,8546
15345,6605
15346,5774
15347,4611
15348,9572
15349,6045
15350,6711
15351,7483
15352,7929
15353,5223
15354,7855
15355,7202
15356,4141
15357,8354
15358,9896
15359,4803
15360,7995
15361,7924
15362,5400
15363,10211
15364,5690
15365,7236
15366,7342
15367,8629
15368,3994
15369,5294
15370,5812
15371,10813
15372,6321
15373,9612
15374,4450
15375,8416
15376,4265
15377,6313
15378,4642
15379,6672
15380,5776
15381,7392
15382,7306
15383,9694
15384,5121
15385,7049
15386,7135
15387,8952
15388,6627
15389,9587
15390,9883
15391,6808
15392,3762
15393,7503
15394,5565
15395,6717
15396,7233
15397,4446
15398,12030
15399,5837
15400,6431
15401,11247
15402,6923
15403,4823
15404,0
15405,6680
15406,10154
15407,5333
15408,8912
15409,9312
15410,7530
15411,5320
15412,7355
15413,6055
15414,5937
15415,6683
15416,9054
15417,8006
15418,5391
15419,4867
15420,7236
15421,8019
15422,6397
15423,8523
15424,6252
15425,6898
15426,4456
15427,8532
15428,7749
15429,7456
15430,6318
15431,6434
15432,8379
15433,9734
15434,6215
15435,8351
15436,5417
15437,6758
15438,7835
15439,6565
15440,4629
15441,4611
15442,7444
15443,8957
15444,6012
15445,6318
15446,8705
15447,6469
15448,5853
15449,6514
15450,5592
15451,3352
15452,8607
15453,4163
15454,7807
15455,7457
15456,7165
15457,7338
15458,10808
15459,9477
15460,7671
15461,4939
15462,8216
15463,7606
15464,4018
15465,3185
15466,8435
15467,4004
15468,7686
15469,12894
15470,8095
15471,7429
15472,5060
15473,7925
15474,7807
15475,6635
15476,7984
15477,8717
15478,8889
15479,6590
15480,8472
15481,5367
15482,7350
15483,4887
15484,5834
15485,7539
15486,6043
15487,5587
15488,8279
15489,5337
15490,10552
15491,7343
15492,5442
15493,4675
15494,10446
15495,7871
15496,6038
15497,6941
15498,7528
15499,6573
15500,6298
15501,6708
15502,7796
15503,6147
15504,5003
15505,9795
15506,7109
15507,6402
15508,3756
15509,12436
15510,6671
15511,5918
15512,6604
15513,11133
15514,9419
15515,8698
15516,9384
15517,7248
15518,6117
15519,6557
15520,7724
15521,10389
15522,13748
15523,5318
15524,5767
15525,3978
15526,4944
15527,10075
15528,15986
15529,6638
15530,5271
15531,5525
15532,6157
15533,6363
15534,10352
15535,9178
15536,6524
15537,4265
15538,8311
15539,6122
15540,8531
15541,10224
15542,5468
15543,7809
15544,4246
15545,8120
15546,8640
15547,7648
15548,8961
15549,6667
15550,7851
15551,5151
15552,6898
15553,7734
15554,9041
15555,7753
15556,8385
15557,6782
15558,4892
15559,9805
15560,4799
15561,10636
15562,6820
15563,4840
15564,5840
15565,7017
15566,6227
15567,7666
15568,9775
15569,5582
15570,11488
15571,4463
15572,4811
15573,7716
15574,9025
15575,11157
15576,7087
15577,6311
15578,5685
15579,6293
15580,7762
15581,6345
15582,7135
15583,5539
15584,10983
15585,6650
15586,9062
15587,12403
15588,8951
15589,5152
15590,4901
15591,6392
15592,11332
15593,5829
15594,8264
15595,5378
15596,10694
15597,6660
15598,6078
15599,5915
15600,5433
15601,5299
15602,6658
15603,6283
15604,5306
15605,5222
15606,4911
15607,9063
15608,6662
15609,22076
15610,7818
15611,4378
15612,3069
15613,4475
15614,9366
15615,2139
15616,3082
15617,6621
15618,3441
15619,6395
15620,5051
15621,5633
15622,6136
15623,4459
15624,3461
15625,6001
15626,5451
15627,2830
15628,5120
15629,4493
15630,6351
15631,5437
15632,3620
15633,4624
15634,7807
15635,7927
15636,5892
15637,7252
15638,2287
15639,7762
15640,3431
15641,5273
15642,2499
15643,8114
15644,7360
15645,9352
15646,9773
15647,7099
15648,6249
15649,3208
15650,4526
15651,6256
15652,8063
15653,4450
15654,3596
15655,6045
15656,5099
15657,5924
15658,2476
15659,7622
15660,4383
15661,8345
15662,6591
15663,3439
15664,8612
15665,3097
15666,9391
15667,6605
15668,6798
15669,2595
15670,5876
15671,4727
15672,3712
15673,7409
15674,10870
15675,3147
15676,6293
15677,5773
15678,8806
15679,7453
15680,5837
15681,6524
15682,2508
15683,2420
15684,4399
15685,6026
15686,8748
15687,7816
15688,2428
15689,4328
15690,8724
15691,8855
15692,5710
15693,3064
15694,10732
15695,5286
15696,3539
15697,4227
15698,2423
15699,5016
15700,7001
15701,3694
15702,5647
15703,3098
15704,6059
15705,4115
15706,1951
15707,4496
15708,5298
15709,5969
15710,8785
15711,7100
15712,5353
15713,4193
15714,10980
15715,3328
15716,6184
15717,7679
15718,12977
15719,5388
15720,3120
15721,6959
15722,5756
15723,6619
15724,4986
15725,10244
15726,5882
15727,2111
15728,7997
15729,4665
15730,6189
15731,2303
15732,7714
15733,3877
15734,2724
15735,8516
15736,4528
15737,5301
15738,8141
15739,7845
15740,4425
15741,4403
15742,7768
15743,3637
15744,3094
15745,7137
15746,5044
15747,7312
15748,3430
15749,4893
15750,6611
15751,4437
15752,3038
15753,5460
15754,6283
15755,6260
15756,7424
15757,7868
15758,7517
15759,4337
15760,7408
15761,5827
15762,3221
15763,3897
15764,7937
15765,7297
15766,3193
15767,6968
15768,9886
15769,6960
15770,4972
15771,6834
15772,7583
15773,5739
15774,4816
15775,3033
15776,5557
15777,5547
15778,4733
15779,5300
15780,3281
15781,5774
15782,7147
15783,6043
15784,6837
15785,6061
15786,2968
15787,1615
15788,7206
15789,5936
15790,6994
15791,3746
15792,5774
15793,4938
15794,5485
15795,5837
15796,3882
15797,4153
15798,5039
15799,6957
15800,7157
15801,7522
15802,14494
15803,4015
15804,5026
15805,10115
15806,3757
15807,5451
15808,895
15809,8172
15810,6608
15811,5440
15812,6717
15813,5790
15814,4817
15815,5449
15816,5133
15817,7869
15818,3231
15819,5581
15820,2774
15821,9129
15822,3291
15823,7693
15824,9925
15825,6522
15826,5828
15827,4489
15828,2333
15829,1727
15830,3374
15831,5571
15832,3276
15833,5849
15834,7282
15835,4102
15836,5366
15837,4590
15838,8231
15839,8057
15840,7598
15841,5201
15842,3306
15843,8517
15844,9530
15845,3804
15846,4494
15847,3812
15848,5220
15849,5339
15850,4211
15851,6340
15852,3122
15853,5269
15854,4735
15855,8771
15856,5759
15857,7484
15858,6822
15859,4781
15860,8670
15861,16707
15862,8787
15863,3696
15864,3758
15865,6499
15866,7353
15867,3041
15868,5117
15869,9429
15870,6107
15871,7280
15872,17492
15873,5299
15874,5612
15875,2952
15876,2339
15877,10214
15878,3387
15879,6239
15880,9061
15881,3018
15882,3766
15883,6166
15884,3819
15885,7033
15886,2030
15887,5250
15888,5126
15889,10639
15890,5886
15891,5935
15892,3136
15893,8073
15894,5801
15895,6574
15896,1755
15897,9260
15898,5404
15899,6194
15900,4217
15901,4533
15902,3962
15903,4705
15904,3573
15905,5734
15906,4785
15907,4902
15908,8345
15909,8111
15910,7806
15911,4157
15912,4313
15913,4187
15914,5080
15915,6831
15916,3064
15917,1232
15918,7050
15919,5565
15920,7952
15921,5505
15922,4556
15923,4661
15924,3339
15925,2548
15926,8609
15927,6257
15928,4995
15929,5498
15930,11522
15931,6219
15932,1993
15933,7455
15934,2139
15935,3922
15936,6117
15937,5994
15938,2376
15939,4161
15940,4441
15941,3693
15942,1653
15943,8143
15944,4603
15945,9368
15946,10614
15947,5962
15948,5841
15949,4201
15950,5166
15951,4655
15952,11940
15953,6349
15954,7233
15955,3346
15956,5719
15957,5547
15958,8749
15959,8550
15960,7230
15961,5400
15962,6680
15963,5114
15964,8583
15965,6268
15966,6941
15967,6444
15968,8918
15969,7107
15970,5027
15971,5863
15972,8138
15973,6182
15974,3395
15975,5644
15976,3334
15977,4968
15978,8834
15979,7212
15980,7348
15981,6453
15982,8149
15983,4851
15984,4380
15985,4785
15986,6108
15987,6402
15988,6438
15989,3251
15990,12548
15991,5181
15992,5725
15993,16331
15994,5733
15995,7759
15996,6342
15997,6884
15998,8158
15999,7506
16000,10293
16001,2825
16002,4318
16003,5575
16004,8806
16005,2686
16006,5686
16007,4323
16008,5367
16009,5696
16010,6019
16011,3767
16012,5639
16013,4862
16014,3106
16015,3207
16016,7735
16017,4207
16018,4969
16019,5833
16020,5415
16021,9673
16022,11806
16023,5449
16024,7523
16025,6126
16026,9870
16027,4866
16028,2856
16029,4028
16030,5421
16031,12052
16032,3976
16033,8934
16034,7308
16035,2050
16036,3648
16037,6064
16038,6424
16039,5372
16040,8936
16041,8999
16042,7344
16043,4148
16044,12072
16045,1955
16046,3912
16047,8480
16048,4324
16049,5510
16050,3903
16051,7082
16052,4985
16053,3977
16054,13694
16055,10096
16056,2394
16057,4935
16058,5578
16059,7736
16060,9188
16061,5254
16062,2874
16063,8445
16064,2131
16065,10306
16066,4502
16067,5757
16068,9441
16069,5853
16070,1605
16071,4998
16072,2368
16073,3771
16074,10889
16075,7872
16076,4228
16077,12197
16078,7047
16079,10424
16080,11482
16081,7181
16082,4304
16083,2070
16084,5019
16085,6336
16086,2773
16087,6120
16088,4631
16089,7429
16090,2479
16091,5666
16092,8200
16093,1821
16094,9243
16095,6030
16096,2743
16097,7156
16098,3256
16099,3279
16100,9586
16101,7140
16102,7557
16103,8180
16104,5694
16105,5119
16106,6715
16107,6934
16108,8044
16109,5979
16110,6996
16111,3918
16112,9006
16113,6527
16114,6102
16115,4097
16116,4827
16117,8389
16118,6088
16119,4201
16120,5007
16121,5280
16122,5247
16123,15658
16124,5464
16125,9860
16126,4580
16127,3855
16128,6512
16129,5695
16130,3188
16131,4994
16132,9053
16133,13994
16134,7104
16135,9599
16136,7108
16137,10603
16138,8449
16139,7304
16140,5937
16141,4215
16142,10003
16143,7890
16144,7644
16145,5232
16146,5463
16147,5272
16148,2532
16149,12139
16150,7043
16151,5791
16152,5260
16153,1478
16154,8958
16155,8056
16156,12039
16157,5966
16158,4246
16159,3718
16160,6910
16161,5290
16162,4434
16163,10749
16164,4198
16165,4411
16166,5398
16167,3366
16168,2557
16169,2517
16170,14627
16171,4947
16172,13229
16173,4212
16174,6009
16175,4985
16176,4191
16177,3220
16178,6187
16179,3401
16180,2753
16181,10333
16182,6155
16183,2693
16184,8672
16185,2750
16186,5863
16187,3567
16188,9799
16189,7355
16190,8417
16191,2460
16192,5144
16193,2864
16194,4845
16195,3709
16196,15423
16197,12094
16198,5090
16199,3008
16200,6033
16201,4567
16202,2471
16203,7230
16204,2466
16205,13467
16206,4189
16207,5011
16208,5655
16209,11120
16210,6943
16211,5117
16212,5108
16213,6207
16214,6807
16215,7164
16216,4106
16217,1458
16218,4946
16219,2956
16220,2873
16221,5931
16222,7110
16223,5987
16224,5378
16225,8247
16226,5536
16227,3416
16228,7745
16229,2340
16230,9875
16231,4860
16232,2732
16233,4600
16234,4148
16235,4612
16236,7205
16237,7054
16238,3930
16239,5862
16240,2638
16241,4809
16242,8120
16243,9247
16244,3729
16245,2180
16246,5171
16247,7515
16248,6285
16249,2491
16250,11110
16251,3800
16252,3193
16253,5621
16254,10424
16255,9394
16256,4477
16257,4537
16258,6079
16259,1595
16260,6955
16261,6660
16262,4998
16263,4405
16264,3132
16265,8621
16266,3250
16267,4837
16268,3919
16269,3588
16270,2982
16271,7409
16272,6731
16273,5511
16274,3859
16275,5282
16276,7731
16277,7634
16278,7458
16279,4959
16280,5446
16281,6105
16282,8123
16283,7158
16284,5354
16285,2007
16286,6404
16287,6248
16288,6145
16289,7724
16290,5735
16291,2912
16292,7713
16293,5383
16294,10326
16295,2821
16296,2745
16297,9084
16298,1684
16299,5406
16300,4225
16301,8078
16302,3764
16303,4667
16304,9487
16305,2748
16306,6450
16307,9879
16308,15393
16309,6782
16310,2442
16311,5588
16312,3522
16313,2162
16314,7820
16315,4981
16316,6428
16317,5207
16318,5350
16319,6043
16320,4966
16321,5253
16322,4840
16323,9077
16324,5458
16325,2517
16326,6224
16327,4063
16328,5617
16329,5717
16330,5992
16331,7574
16332,8035
16333,8251
16334,5767
16335,5169
16336,6282
16337,2980
16338,5869
16339,8831
16340,6656
16341,6769
16342,6810
16343,14004
16344,3257
16345,3451
16346,4950
16347,4162
16348,8331
16349,10742
16350,8027
16351,7294
16352,7399
16353,2039
16354,7996
16355,3451
16356,6846
16357,6280
16358,5221
16359,2157
16360,5158
16361,3206
16362,3202
16363,6991
16364,4796
16365,8889
16366,17518
16367,5648
16368,3111
16369,4565
16370,8354
16371,6735
16372,4495
16373,5592
16374,2103
16375,6518
16376,7010
16377,3402
16378,10742
16379,11412
16380,3131
16381,5631
16382,3755
16383,3941
16384,3965
16385,9205
16386,3848
16387,4480
16388,4712
16389,2834
16390,2823
16391,2432
16392,5713
16393,6044
16394,4825
16395,7533
16396,1186
16397,7676
16398,15582
16399,3204
16400,8202
16401,6947
16402,4680
16403,4113
16404,2514
16405,4114
16406,4568
16407,5041
16408,3094
16409,8779
16410,4396
16411,4039
16412,6217
16413,5207
16414,6085
16415,4906
16416,6098
16417,10463
16418,4761
16419,6835
16420,6054
16421,3730
16422,3264
16423,4571
16424,6045
16425,6365
16426,3308
16427,13104
16428,5455
16429,4863
16430,12169
16431,4906
16432,6979
16433,4439
16434,5411
16435,5116
16436,6594
16437,16367
16438,3035
16439,5199
16440,3724
16441,9188
16442,6987
16443,5022
16444,3778
16445,4023
16446,2656
16447,2160
16448,6895
16449,2239
16450,3921
16451,1339
16452,21199
16453,8670
16454,2170
16455,5119
16456,6192
16457,6415
16458,5506
16459,7904
16460,5811
16461,5910
16462,2902
16463,7756
16464,6051
16465,4162
16466,6011
16467,9253
16468,4584
16469,8094
16470,6571
16471,3332
16472,5877
16473,6833
16474,2810
16475,8565
16476,7037
16477,4761
16478,10058
16479,3837
16480,5037
16481,9002
16482,6464
16483,2404
16484,4774
16485,3730
16486,3673
16487,5179
16488,6087
16489,3489
16490,6056
16491,2356
16492,5465
16493,2863
16494,5647
16495,5293
16496,4757
16497,5917
16498,8916
16499,2760
16500,5993
16501,6804
16502,3459
16503,5904
16504,5639
16505,8975
16506,6539
16507,3660
16508,2269
16509,2220
16510,5806
16511,4985
16512,4440
16513,12062
16514,5619
16515,5360
16516,8960
16517,6211
16518,2228
16519,0
16520,4561
16521,7946
16522,5937
16523,7359
16524,6198
16525,8462
16526,5065
16527,4042
16528,2881
16529,3520
16530,6103
16531,4475
16532,7961
16533,4808
16534,2800
16535,7629
16536,7040
16537,4475
16538,7181
16539,4653
16540,6817
16541,3532
16542,5053
16543,3993
16544,4947
16545,3554
16546,5789
16547,7945
16548,7954
16549,6292
16550,5867
16551,4213
16552,6429
16553,6999
16554,6915
16555,2783
16556,2926
16557,8622
16558,6350
16559,3072
16560,4004
16561,7626
16562,6567
16563,2593
16564,5909
16565,4835
16566,1806
16567,5203
16568,2891
16569,4269
16570,6344
16571,5937
16572,5070
16573,4186
16574,8632
16575,6267
16576,3502
16577,5383
16578,5513
16579,3086
16580,1224
16581,6651
16582,1501
16583,5990
16584,10324
16585,5779
16586,4464
16587,3303
16588,5453
16589,5481
16590,4792
16591,5864
16592,6064
16593,7957
16594,6059
16595,8569
16596,3873
16597,3940
16598,4386
16599,3670
16600,5449
16601,6294
16602,3391
16603,5555
16604,2731
16605,7723
16606,4624
16607,4438
16608,3863
16609,5855
16610,7490
16611,3380
16612,6767
16613,4360
16614,5530
16615,5174
16616,5981
16617,7576
16618,4592
16619,3938
16620,9707
16621,6307
16622,6873
16623,1966
16624,4622
16625,5200
16626,3983
16627,4701
16628,10327
16629,8546
16630,9122
16631,9764
16632,6223
16633,5515
16634,5968
16635,6052
16636,7324
16637,10874
16638,3463
16639,1948
16640,1493
16641,3992
16642,5540
16643,10306
16644,2466
16645,1987
16646,5266
16647,5393
16648,5909
16649,10787
16650,6818
16651,6226
16652,2675
16653,7607
16654,6176
16655,6935
16656,7095
16657,3305
16658,6554
16659,3240
16660,6903
16661,5928
16662,5037
16663,6222
16664,4076
16665,6386
16666,5064
16667,6865
16668,4572
16669,8160
16670,5253
16671,8706
16672,5353
16673,3603
16674,7932
16675,2956
16676,9921
16677,5796
16678,4811
16679,3362
16680,6764
16681,4543
16682,4376
16683,7093
16684,4398
16685,12233
16686,3318
16687,2949
16688,6112
16689,6339
16690,10742
16691,2732
16692,4655
16693,6357
16694,5883
16695,4845
16696,3643
16697,6123
16698,3312
16699,10362
16700,2948
16701,6866
16702,13296
16703,7200
16704,6298
16705,3355
16706,5021
16707,7846
16708,2673
16709,7411
16710,2982
16711,8446
16712,6656
16713,5823
16714,6095
16715,4777
16716,2957
16717,5384
16718,2258
16719,3821
16720,3173
16721,2761
16722,7225
16723,5685
16724,21128
16725,7924
16726,0
16727,0
16728,0
16729,0
16730,0
16731,0
16732,0
16733,0
16734,0
16735,0
16736,0
16737,0
16738,0
16739,0
16740,0
16741,0
16742,0
16743,0
16744,0
16745,0
16746,0
16747,0
16748,0
16749,0
16750,0
16751,0
16752,0
16753,0
16754,0
16755,0
16756,0
16757,0
16758,0
16759,0
16760,0
16761,0
16762,0
16763,0
16764,0
16765,0
16766,0
16767,0
16768,0
16769,0
16770,0
16771,0
16772,0
16773,0
16774,0
16775,0
16776,0
16777,0
16778,0
16779,0
16780,0
16781,0
16782,0
16783,0
16784,0
16785,0
16786,0
16787,0
16788,0
16789,0
16790,0
16791,0
16792,0
16793,0
16794,0
16795,0
16796,0
16797,0
16798,0
16799,0
16800,0
16801,0
16802,0
16803,0
16804,0
16805,0
16806,0
16807,0
16808,0
16809,0
16810,11776
16811,0
16812,0
16813,0
16814,0
16815,0
16816,0
16817,0
16818,0
16819,0
16820,0
16821,0
16822,0
16823,0
16824,0
16825,0
16826,0
16827,0
16828,0
16829,0
16830,0
16831,0
16832,0
16833,0
16834,0
16835,0
16836,0
16837,0
16838,0
16839,0
16840,0
16841,0
16842,0
16843,0
16844,0
16845,0
16846,0
16847,3332
16848,0
16849,0
16850,0
16851,0
16852,0
16853,0
16854,0
16855,0
16856,0
16857,0
16858,0
16859,0
16860,0
16861,0
16862,0
16863,0
16864,0
16865,0
16866,0
16867,0
16868,0
16869,0
16870,0
16871,0
16872,0
16873,0
16874,0
16875,0
16876,0
16877,0
16878,0
16879,0
16880,0
16881,0
16882,0
16883,0
16884,0
16885,0
16886,0
16887,0
16888,0
16889,0
16890,0
16891,0
16892,0
16893,0
16894,0
16895,0
16896,0
16897,0
16898,0
16899,0
16900,0
16901,0
16902,0
16903,0
16904,0
16905,0
16906,0
16907,0
16908,0
16909,0
16910,0
16911,0
16912,0
16913,0
16914,0
16915,0
16916,0
16917,0
16918,0
16919,0
16920,0
16921,0
16922,0
16923,0
16924,0
16925,0
16926,0
16927,0
16928,0
16929,0
16930,0
16931,0
16932,0
16933,0
16934,2416
16935,0
16936,0
16937,0
16938,0
16939,0
16940,0
16941,0
16942,0
16943,0
16944,0
16945,0
16946,0
16947,0
16948,0
16949,0
16950,0
16951,0
16952,0
16953,0
16954,0
16955,0
16956,0
16957,0
16958,0
16959,0
16960,0
16961,0
16962,0
16963,0
16964,0
16965,0
16966,0
16967,0
16968,0
16969,0
16970,0
16971,0
16972,0
16973,0
16974,0
16975,0
16976,0
16977,0
16978,0
16979,0
16980,0
16981,0
16982,0
16983,0
16984,17204
16985,0
16986,0
16987,27857
16988,0
16989,0
16990,0
16991,0
16992,0
16993,0
16994,0
16995,0
16996,0
16997,0
16998,0
16999,7462
17000,0
17001,0
17002,0
17003,0
17004,0
17005,0
17006,0
17007,0
17008,0
17009,0
17010,0
17011,0
17012,0
17013,0
17014,0
17015,0
17016,0
17017,0
17018,0
17019,0
17020,0
17021,0
17022,0
17023,0
17024,4069
17025,0
17026,0
17027,0
17028,0
17029,0
17030,0
17031,0
17032,0
17033,0
17034,0
17035,2744
17036,0
17037,0
17038,0
17039,0
17040,0
17041,0
17042,0
17043,0
17044,0
17045,0
17046,0
17047,0
17048,0
17049,0
17050,0
17051,0
17052,0
17053,0
17054,0
17055,0
17056,0
17057,0
17058,0
17059,0
17060,8612
17061,0
17062,0
17063,0
17064,0
17065,0
17066,0
17067,0
17068,0
17069,0
17070,0
17071,0
17072,0
17073,0
17074,0
17075,0
17076,0
17077,0
17078,8983
17079,0
17080,0
17081,0
17082,0
17083,0
17084,0
17085,0
17086,0
17087,0
17088,0
17089,0
17090,0
17091,0
17092,0
17093,0
17094,0
17095,0
17096,0
17097,0
17098,0
17099,0
17100,0
17101,0
17102,0
17103,0
17104,0
17105,0
17106,0
17107,0
17108,0
17109,0
17110,0
17111,0
17112,0
17113,0
17114,0
17115,0
17116,0
17117,0
17118,0
17119,0
17120,0
17121,0
17122,0
17123,0
17124,0
17125,0
17126,0
17127,0
17128,0
17129,0
17130,0
17131,0
17132,0
17133,0
17134,0
17135,0
17136,0
17137,0
17138,0
17139,0
17140,0
17141,0
17142,0
17143,0
17144,0
17145,0
17146,0
17147,0
17148,14801
17149,0
17150,0
17151,0
17152,0
17153,0
17154,0
17155,0
17156,0
17157,0
17158,1701
17159,0
17160,0
17161,0
17162,0
17163,0
17164,0
17165,0
17166,0
17167,0
17168,0
17169,0
17170,0
17171,0
17172,0
17173,0
17174,0
17175,0
17176,0
17177,0
17178,4648
17179,0
17180,0
17181,0
17182,0
17183,0
17184,0
17185,0
17186,0
17187,0
17188,0
17189,0
17190,0
17191,0
17192,0
17193,0
17194,0
17195,0
17196,0
17197,0
17198,0
17199,0
17200,0
17201,0
17202,0
17203,0
17204,0
17205,0
17206,0
17207,0
17208,0
17209,0
17210,0
17211,0
17212,0
17213,0
17214,0
17215,0
17216,0
17217,0
17218,0
17219,7600
17220,0
17221,0
17222,0
17223,0
17224,0
17225,0
17226,0
17227,0
17228,0
17229,0
17230,0
17231,0
17232,0
17233,0
17234,0
17235,0
17236,0
17237,7823
17238,0
17239,0
17240,0
17241,0
17242,0
17243,0
17244,0
17245,0
17246,0
17247,0
17248,0
17249,2094
17250,0
17251,0
17252,0
17253,0
17254,0
17255,4520
17256,0
17257,0
17258,0
17259,0
17260,0
17261,0
17262,0
17263,0
17264,0
17265,0
17266,0
17267,0
17268,0
17269,0
17270,0
17271,0
17272,0
17273,0
17274,0
17275,0
17276,0
17277,0
17278,0
17279,0
17280,0
17281,0
17282,0
17283,0
17284,0
17285,0
17286,0
17287,18424
17288,0
17289,0
17290,0
17291,0
17292,0
17293,0
17294,0
17295,0
17296,0
17297,0
17298,0
17299,0
17300,0
17301,0
17302,0
17303,5679
17304,0
17305,0
17306,0
17307,0
17308,0
17309,0
17310,0
17311,0
17312,0
17313,0
17314,0
17315,0
17316,0
17317,0
17318,0
17319,0
17320,0
17321,0
17322,0
17323,0
17324,0
17325,0
17326,0
17327,0
17328,0
17329,0
17330,0
17331,0
17332,0
17333,0
17334,0
17335,0
17336,0
17337,0
17338,0
17339,0
17340,0
17341,0
17342,0
17343,0
17344,0
17345,0
17346,0
17347,0
17348,0
17349,0
17350,0
17351,0
17352,0
17353,0
17354,0
17355,0
17356,0
17357,0
17358,0
17359,0
17360,0
17361,0
17362,0
17363,0
17364,0
17365,0
17366,0
17367,0
17368,0
17369,0
17370,0
17371,0
17372,0
17373,0
17374,0
17375,0
17376,0
17377,0
17378,0
17379,0
17380,0
17381,0
17382,0
17383,0
17384,0
17385,0
17386,0
17387,0
17388,0
17389,0
17390,0
17391,0
17392,0
17393,0
17394,0
17395,0
17396,0
17397,0
17398,0
17399,0
17400,0
17401,13388
17402,0
17403,0
17404,0
17405,0
17406,0
17407,7221
17408,0
17409,0
17410,0
17411,0
17412,0
17413,0
17414,0
17415,0
17416,0
17417,0
17418,0
17419,0
17420,0
17421,0
17422,0
17423,0
17424,0
17425,0
17426,0
17427,0
17428,0
17429,0
17430,0
17431,0
17432,0
17433,0
17434,0
17435,0
17436,0
17437,0
17438,0
17439,0
17440,0
17441,0
17442,0
17443,0
17444,0
17445,0
17446,0
17447,0
17448,0
17449,0
17450,0
17451,0
17452,0
17453,0
17454,0
17455,0
17456,0
17457,3050
17458,16636
17459,0
17460,0
17461,0
17462,0
17463,0
17464,0
17465,0
17466,0
17467,0
17468,0
17469,0
17470,0
17471,0
17472,0
17473,0
17474,0
17475,0
17476,0
17477,0
17478,0
17479,0
17480,0
17481,0
17482,0
17483,0
17484,0
17485,0
17486,0
17487,0
17488,0
17489,0
17490,0
17491,0
17492,0
17493,0
17494,12452
17495,0
17496,0
17497,0
17498,0
17499,0
17500,0
17501,0
17502,0
17503,0
17504,0
17505,0
17506,0
17507,0
17508,0
17509,0
17510,0
17511,0
17512,0
17513,0
17514,0
17515,0
17516,0
17517,0
17518,0
17519,0
17520,0
17521,0
17522,0
17523,0
17524,0
17525,0
17526,0
17527,0
17528,0
17529,0
17530,0
17531,0
17532,0
17533,0
17534,0
17535,0
17536,0
17537,0
17538,0
17539,0
17540,0
17541,0
17542,0
17543,0
17544,0
17545,0
17546,0
17547,0
17548,0
17549,0
17550,0
17551,0
17552,0
17553,0
17554,0
17555,0
17556,0
17557,0
17558,0
17559,0
17560,0
17561,0
17562,0
17563,0
17564,0
17565,0
17566,0
17567,0
17568,0
17569,0
17570,0
17571,0
17572,0
17573,0
17574,0
17575,0
17576,0
17577,0
17578,0
17579,0
17580,0
17581,0
17582,0
17583,0
17584,0
17585,0
17586,0
17587,0
17588,2719
17589,0
17590,0
17591,0
17592,2017
17593,0
17594,0
17595,0
17596,0
17597,0
17598,0
17599,0
17600,0
17601,0
17602,2997
17603,0
17604,0
17605,0
17606,0
17607,0
17608,0
17609,0
17610,0
17611,0
17612,0
17613,0
17614,0
17615,0
17616,0
17617,0
17618,0
17619,0
17620,0
17621,0
17622,0
17623,0
17624,0
17625,0
17626,0
17627,0
17628,0
17629,0
17630,0
17631,0
17632,0
17633,0
17634,0
17635,0
17636,0
17637,0
17638,0
17639,0
17640,0
17641,0
17642,0
17643,0
17644,0
17645,0
17646,0
17647,0
17648,0
17649,0
17650,0
17651,0
17652,0
17653,0
17654,0
17655,0
17656,2397
17657,0
17658,0
17659,0
17660,0
17661,0
17662,0
17663,0
17664,0
17665,0
17666,0
17667,0
17668,0
17669,0
17670,0
17671,0
17672,0
17673,11694
17674,0
17675,0
17676,0
17677,0
17678,0
17679,0
17680,0
17681,0
17682,0
17683,0
17684,0
17685,0
17686,0
17687,0
17688,0
17689,0
17690,0
17691,0
17692,0
17693,0
17694,0
17695,0
17696,0
17697,0
17698,0
17699,0
17700,0
17701,0
17702,0
17703,0
17704,0
17705,0
17706,0
17707,0
17708,0
17709,0
17710,0
17711,0
17712,0
17713,0
17714,0
17715,0
17716,0
17717,0
17718,0
17719,0
17720,0
17721,0
17722,0
17723,0
17724,0
17725,0
17726,0
17727,0
17728,0
17729,0
17730,0
17731,0
17732,0
17733,0
17734,0
17735,0
17736,0
17737,0
17738,0
17739,0
17740,0
17741,0
17742,0
17743,0
17744,0
17745,0
17746,0
17747,0
17748,0
17749,0
17750,0
17751,0
17752,0
17753,0
17754,0
17755,0
17756,0
17757,0
17758,0
17759,0
17760,0
17761,0
17762,0
17763,0
17764,0
17765,0
17766,0
17767,0
17768,0
17769,0
17770,3926
17771,0
17772,0
17773,0
17774,0
17775,0
17776,0
17777,0
17778,0
17779,0
17780,0
17781,0
17782,0
17783,0
17784,0
17785,0
17786,0
17787,0
17788,0
17789,0
17790,0
17791,0
17792,0
17793,0
17794,0
17795,0
17796,0
17797,0
17798,0
17799,0
17800,0
17801,0
17802,0
17803,0
17804,0
17805,0
17806,5157
17807,0
17808,0
17809,0
17810,0
17811,0
17812,0
17813,0
17814,0
17815,0
17816,0
17817,0
17818,0
17819,0
17820,0
17821,0
17822,13531
17823,0
17824,4833
17825,0
17826,0
17827,0
17828,0
17829,0
17830,0
17831,0
17832,0
17833,0
17834,0
17835,0
17836,0
17837,0
17838,0
17839,0
17840,0
17841,3929
17842,4626
17843,6315
17844,9040
17845,4585
17846,4646
17847,8660
17848,5815
17849,6903
17850,5741
17851,7196
17852,6671
17853,3713
17854,5276
17855,6054
17856,7820
17857,5890
17858,6832
17859,6129
17860,8885
17861,4473
17862,4180
17863,4644
17864,8666
17865,10396
17866,5822
17867,8299
17868,4350
17869,7037
17870,3523
17871,4905
17872,3818
17873,7594
17874,7941
17875,9755
17876,9499
17877,5515
17878,4825
17879,4407
17880,4056
17881,5377
17882,9123
17883,5791
17884,4901
17885,4647
17886,4286
17887,7108
17888,3353
17889,6581
17890,3647
17891,6245
17892,5394
17893,4823
17894,6710
17895,4965
17896,7143
17897,8785
17898,6031
17899,5627
17900,8281
17901,4578
17902,6570
17903,5720
17904,9277
17905,4691
17906,5731
17907,7191
17908,6956
17909,8034
17910,5674
17911,7857
17912,3927
17913,4701
17914,5474
17915,5720
17916,8601
17917,6745
17918,3324
17919,5073
17920,6746
17921,6761
17922,8045
17923,3676
17924,12400
17925,6790
17926,4025
17927,6415
17928,5921
17929,6272
17930,7744
17931,3879
17932,5320
17933,5409
17934,6668
17935,6898
17936,5177
17937,6525
17938,4878
17939,4958
17940,7867
17941,7011
17942,5956
17943,4919
17944,10380
17945,4948
17946,8991
17947,7168
17948,11822
17949,6325
17950,4593
17951,5609
17952,6213
17953,5454
17954,4565
17955,7161
17956,7400
17957,3466
17958,7277
17959,5811
17960,6620
17961,4559
17962,8049
17963,8083
17964,4480
17965,11988
17966,4758
17967,4254
17968,7149
17969,8066
17970,5271
17971,4371
17972,6715
17973,5777
17974,5099
17975,5583
17976,4642
17977,7833
17978,7499
17979,6243
17980,7293
17981,4812
17982,4351
17983,5462
17984,6221
17985,6918
17986,7108
17987,7172
17988,9058
17989,5136
17990,7498
17991,6868
17992,4951
17993,5439
17994,8087
17995,5878
17996,6057
17997,9085
17998,7021
17999,6695
18000,4868
18001,6969
18002,6298
18003,7288
18004,6068
18005,3731
18006,5304
18007,8751
18008,7257
18009,5055
18010,3597
18011,7363
18012,6765
18013,7814
18014,5929
18015,5544
18016,4729
18017,3960
18018,9598
18019,6517
18020,6661
18021,5444
18022,4753
18023,6145
18024,5913
18025,5923
18026,3572
18027,5827
18028,4319
18029,7626
18030,7506
18031,6453
18032,10694
18033,4169
18034,4377
18035,9549
18036,5280
18037,5811
18038,2137
18039,7309
18040,7620
18041,4577
18042,6012
18043,6518
18044,5411
18045,5998
18046,7350
18047,10148
18048,2634
18049,6133
18050,2646
18051,13914
18052,4124
18053,7256
18054,7857
18055,5059
18056,6123
18057,4637
18058,4984
18059,3092
18060,4175
18061,5312
18062,5055
18063,6815
18064,6455
18065,4799
18066,6312
18067,5937
18068,7384
18069,7794
18070,7661
18071,4003
18072,3234
18073,9235
18074,9170
18075,4725
18076,7545
18077,5232
18078,7190
18079,4673
18080,5050
18081,5797
18082,3179
18083,5712
18084,4377
18085,9221
18086,6860
18087,7244
18088,7386
18089,5005
18090,7399
18091,17795
18092,8872
18093,4639
18094,2504
18095,5318
18096,7281
18097,5306
18098,5792
18099,13283
18100,6441
18101,10247
18102,18584
18103,3978
18104,6114
18105,4708
18106,4354
18107,6898
18108,4454
18109,7387
18110,9895
18111,7471
18112,5519
18113,6891
18114,4986
18115,5912
18116,3671
18117,5584
18118,6913
18119,8286
18120,5499
18121,5210
18122,4647
18123,7067
18124,4631
18125,4921
18126,3641
18127,7637
18128,4742
18129,5470
18130,6398
18131,7504
18132,6176
18133,5650
18134,5913
18135,5135
18136,6454
18137,6408
18138,7611
18139,8588
18140,6909
18141,5143
18142,3188
18143,5452
18144,6515
18145,5596
18146,4479
18147,2166
18148,7965
18149,5737
18150,7973
18151,6434
18152,4860
18153,6345
18154,4616
18155,4291
18156,8706
18157,4824
18158,6849
18159,7170
18160,14270
18161,5109
18162,4932
18163,6639
18164,5437
18165,5275
18166,4715
18167,7484
18168,4181
18169,6325
18170,3737
18171,5438
18172,4242
18173,9564
18174,4939
18175,12910
18176,12543
18177,4499
18178,6173
18179,5057
18180,5998
18181,5160
18182,10817
18183,6722
18184,8692
18185,4323
18186,7146
18187,4596
18188,8364
18189,8913
18190,5811
18191,5292
18192,5760
18193,6855
18194,7217
18195,8842
18196,5604
18197,7548
18198,8799
18199,5903
18200,6556
18201,4855
18202,8698
18203,7268
18204,4766
18205,4601
18206,6115
18207,4510
18208,7814
18209,5541
18210,6678
18211,5628
18212,7931
18213,4226
18214,7530
18215,8626
18216,7424
18217,7563
18218,6412
18219,3832
18220,12083
18221,10049
18222,6819
18223,15789
18224,9413
18225,6295
18226,5971
18227,8015
18228,9236
18229,11036
18230,10792
18231,5050
18232,6716
18233,5118
18234,7288
18235,3881
18236,10354
18237,5302
18238,4468
18239,5676
18240,8668
18241,7715
18242,5204
18243,7154
18244,4830
18245,3710
18246,6254
18247,3600
18248,4263
18249,5347
18250,5592
18251,8121
18252,8265
18253,7048
18254,6165
18255,5767
18256,10743
18257,6477
18258,4535
18259,5131
18260,4653
18261,7866
18262,4277
18263,11174
18264,6892
18265,3220
18266,4415
18267,6202
18268,5664
18269,4566
18270,7713
18271,9303
18272,11696
18273,5196
18274,9156
18275,2881
18276,5458
18277,6425
18278,5165
18279,6668
18280,5102
18281,5810
18282,3325
18283,4815
18284,10048
18285,7940
18286,4063
18287,5388
18288,7842
18289,10006
18290,6857
18291,5160
18292,4078
18293,9941
18294,5806
18295,7052
18296,5552
18297,4774
18298,6289
18299,7953
18300,3447
18301,3897
18302,4820
18303,6071
18304,9256
18305,6664
18306,6937
18307,12678
18308,4523
18309,9510
18310,10719
18311,6369
18312,4952
18313,2994
18314,7220
18315,5611
18316,5993
18317,5417
18318,6324
18319,10512
18320,5125
18321,4924
18322,6711
18323,4998
18324,6179
18325,4640
18326,3829
18327,5753
18328,3325
18329,6815
18330,7967
18331,6120
18332,7052
18333,7661
18334,7106
18335,4686
18336,7219
18337,8312
18338,7149
18339,5323
18340,5834
18341,4538
18342,9936
18343,5536
18344,6371
18345,4803
18346,6456
18347,7417
18348,6436
18349,5617
18350,7806
18351,5457
18352,6298
18353,17188
18354,5688
18355,7706
18356,5365
18357,5566
18358,5075
18359,4397
18360,3937
18361,4269
18362,8083
18363,13361
18364,7653
18365,9336
18366,9711
18367,10108
18368,9444
18369,7001
18370,6785
18371,5192
18372,10898
18373,9983
18374,6306
18375,7734
18376,7409
18377,5754
18378,4403
18379,10656
18380,6279
18381,6091
18382,5875
18383,1994
18384,12994
18385,9651
18386,14413
18387,5442
18388,4377
18389,4796
18390,5733
18391,6548
18392,6469
18393,6052
18394,5453
18395,4325
18396,6836
18397,3511
18398,2800
18399,6090
18400,12746
18401,6277
18402,17484
18403,4609
18404,5421
18405,6045
18406,5128
18407,4597
18408,4658
18409,4871
18410,3594
18411,7312
18412,6165
18413,3328
18414,8076
18415,4338
18416,5806
18417,4415
18418,9222
18419,6898
18420,10070
18421,4650
18422,6395
18423,4244
18424,4361
18425,4288
18426,14000
18427,9590
18428,5877
18429,4454
18430,4602
18431,5546
18432,4138
18433,8685
18434,4580
18435,13871
18436,4267
18437,5092
18438,5525
18439,8837
18440,6111
18441,4096
18442,6112
18443,6401
18444,6368
18445,6077
18446,5660
18447,3379
18448,9513
18449,5189
18450,3717
18451,5613
18452,5428
18453,6074
18454,6700
18455,8491
18456,7736
18457,6419
18458,6510
18459,3836
18460,8185
18461,5273
18462,4143
18463,6355
18464,6487
18465,5837
18466,8338
18467,5661
18468,5927
18469,5517
18470,6045
18471,5493
18472,7172
18473,6469
18474,6462
18475,5212
18476,4906
18477,8013
18478,5404
18479,3763
18480,10647
18481,4845
18482,2878
18483,6722
18484,8351
18485,8686
18486,4998
18487,5399
18488,5906
18489,3492
18490,5940
18491,7010
18492,6161
18493,5382
18494,7138
18495,7340
18496,3068
18497,5256
18498,5234
18499,5126
18500,4600
18501,6565
18502,6662
18503,5527
18504,4988
18505,7757
18506,5244
18507,7653
18508,8210
18509,4283
18510,6182
18511,6409
18512,7729
18513,6986
18514,7487
18515,3082
18516,9198
18517,6072
18518,6834
18519,10194
18520,4456
18521,3627
18522,11251
18523,7564
18524,7425
18525,5141
18526,5939
18527,8172
18528,3226
18529,6043
18530,5121
18531,6737
18532,5658
18533,4736
18534,7428
18535,4775
18536,8691
18537,9628
18538,16943
18539,6828
18540,4097
18541,4889
18542,3411
18543,2798
18544,11483
18545,7389
18546,4920
18547,8191
18548,4987
18549,10801
18550,3912
18551,5431
18552,5647
18553,8340
18554,4546
18555,5937
18556,5011
18557,4511
18558,7004
18559,4620
18560,6032
18561,6937
18562,8685
18563,6904
18564,6953
18565,5288
18566,10366
18567,4358
18568,4845
18569,9898
18570,6563
18571,7573
18572,8242
18573,15006
18574,4840
18575,4624
18576,4471
18577,5616
18578,7758
18579,9017
18580,6178
18581,7237
18582,6911
18583,3460
18584,7112
18585,7142
18586,5630
18587,7118
18588,4673
18589,4586
18590,4379
18591,3757
18592,4200
18593,7346
18594,7018
18595,10536
18596,16004
18597,6373
18598,4689
18599,5984
18600,7898
18601,9029
18602,3809
18603,5472
18604,3613
18605,8501
18606,5798
18607,5596
18608,11715
18609,11985
18610,4451
18611,6618
18612,3736
18613,5343
18614,5782
18615,7927
18616,4299
18617,3983
18618,5018
18619,6913
18620,6290
18621,4608
18622,5341
18623,6768
18624,5782
18625,6085
18626,3491
18627,10298
18628,18766
18629,3806
18630,6553
18631,7771
18632,5902
18633,3940
18634,3669
18635,3544
18636,6913
18637,4555
18638,7412
18639,8716
18640,4009
18641,4761
18642,5383
18643,5047
18644,4467
18645,4950
18646,5916
18647,9597
18648,7375
18649,8314
18650,5170
18651,4035
18652,6761
18653,5975
18654,7641
18655,5627
18656,4505
18657,22037
18658,6077
18659,5475
18660,11186
18661,6870
18662,6002
18663,5559
18664,6961
18665,4356
18666,8620
18667,13958
18668,5182
18669,4781
18670,6213
18671,11515
18672,5544
18673,4669
18674,5885
18675,4838
18676,6489
18677,3831
18678,8258
18679,3851
18680,7165
18681,2542
18682,18481
18683,7739
18684,3634
18685,4220
18686,8309
18687,5818
18688,6198
18689,6990
18690,5234
18691,4889
18692,4223
18693,8688
18694,5222
18695,5452
18696,6633
18697,6981
18698,5187
18699,7163
18700,5402
18701,3748
18702,8291
18703,7685
18704,4309
18705,6622
18706,6048
18707,4479
18708,8746
18709,5496
18710,7246
18711,5929
18712,7135
18713,4035
18714,4402
18715,4284
18716,9889
18717,6105
18718,8331
18719,3402
18720,7538
18721,3464
18722,5774
18723,4608
18724,5589
18725,5873
18726,6587
18727,5902
18728,7898
18729,3613
18730,5558
18731,6858
18732,7184
18733,6183
18734,6841
18735,9259
18736,6565
18737,2743
18738,6465
18739,5320
18740,5985
18741,6595
18742,4184
18743,10646
18744,4768
18745,6136
18746,9924
18747,6109
18748,3495
18749,0
18750,5396
18751,9334
18752,4944
18753,6821
18754,8757
18755,5413
18756,5118
18757,5891
18758,4958
18759,5355
18760,5541
18761,10428
18762,6461
18763,5361
18764,4219
18765,5684
18766,6227
18767,5967
18768,6178
18769,5705
18770,6453
18771,4269
18772,6949
18773,7762
18774,6020
18775,5392
18776,5943
18777,6757
18778,9259
18779,4946
18780,7426
18781,4998
18782,5225
18783,6608
18784,5832
18785,4364
18786,3943
18787,6657
18788,8344
18789,4910
18790,5398
18791,7096
18792,5495
18793,5178
18794,5583
18795,4343
18796,3160
18797,7826
18798,4115
18799,7200
18800,5695
18801,5717
18802,5653
18803,10656
18804,7926
18805,6605
18806,4737
18807,7464
18808,8079
18809,3569
18810,3334
18811,7789
18812,3070
18813,6800
18814,12356
18815,6917
18816,6194
18817,4013
18818,7467
18819,6009
18820,5688
18821,7041
18822,7636
18823,7515
18824,5271
18825,7421
18826,4414
18827,6705
18828,4820
18829,5180
18830,5433
18831,4968
18832,5220
18833,7535
18834,4156
18835,9372
18836,6672
18837,3970
18838,4277
18839,8140
18840,6528
18841,5113
18842,6201
18843,5710
18844,4610
18845,5879
18846,6136
18847,5724
18848,5031
18849,4765
18850,7244
18851,6123
18852,5302
18853,3385
18854,9812
18855,5719
18856,4634
18857,6828
18858,10367
18859,7127
18860,7648
18861,9361
18862,6104
18863,5264
18864,5147
18865,7211
18866,7815
18867,11324
18868,4048
18869,6380
18870,3317
18871,4067
18872,9197
18873,13873
18874,6136
18875,4678
18876,4566
18877,5765
18878,5078
18879,9204
18880,7576
18881,5295
18882,3665
18883,6949
18884,5223
18885,8893
18886,8373
18887,4322
18888,6341
18889,3670
18890,6418
18891,7524
18892,6642
18893,7648
18894,5654
18895,6700
18896,4069
18897,5528
18898,6438
18899,7757
18900,6530
18901,7113
18902,5101
18903,4368
18904,8751
18905,4193
18906,10429
18907,5460
18908,3946
18909,6251
18910,5689
18911,5896
18912,6839
18913,9030
18914,4510
18915,12310
18916,4059
18917,4107
18918,6356
18919,7218
18920,10438
18921,6965
18922,6042
18923,5075
18924,6198
18925,6669
18926,4756
18927,5692
18928,4634
18929,9204
18930,6289
18931,7705
18932,11570
18933,8104
18934,4552
18935,4798
18936,5268
18937,10630
18938,5892
18939,8142
18940,3876
18941,9375
18942,6378
18943,4875
18944,4559
18945,4493
18946,4987
18947,4810
18948,5424
18949,4544
18950,4219
18951,4445
18952,7451
18953,5966
18954,20881
18955,5736
18956,3729
18957,4412
18958,5940
18959,8285
18960,4319
18961,4240
18962,8503
18963,5592
18964,6130
18965,5354
18966,6622
18967,6241
18968,3507
18969,4803
18970,5706
18971,7080
18972,5816
18973,6335
18974,5631
18975,8490
18976,4159
18977,3953
18978,4304
18979,8214
18980,9062
18981,5549
18982,7775
18983,4234
18984,6679
18985,3424
18986,4697
18987,3588
18988,6615
18989,7214
18990,9269
18991,8587
18992,5099
18993,4496
18994,3822
18995,3901
18996,5145
18997,8464
18998,5332
18999,4503
19000,4010
19001,4089
19002,6618
19003,3124
19004,6385
19005,3308
19006,5602
19007,5190
19008,4589
19009,6198
19010,4608
19011,6671
19012,7829
19013,5793
19014,5085
19015,8009
19016,4123
19017,5739
19018,5409
19019,8660
19020,4579
19021,5341
19022,6622
19023,6486
19024,7785
19025,5310
19026,7407
19027,3726
19028,4490
19029,4928
19030,5376
19031,8019
19032,6219
19033,3110
19034,4609
19035,6208
19036,6368
19037,7510
19038,3248
19039,11365
19040,5753
19041,3672
19042,5797
19043,5912
19044,5748
19045,6709
19046,3769
19047,4813
19048,5240
19049,6029
19050,6462
19051,4995
19052,6093
19053,4463
19054,4604
19055,7052
19056,6598
19057,5369
19058,4433
19059,9507
19060,4430
19061,8190
19062,6480
19063,10781
19064,5779
19065,4360
19066,5124
19067,5589
19068,5014
19069,4423
19070,6769
19071,6602
19072,3204
19073,6420
19074,5580
19075,5829
19076,4065
19077,7042
19078,7520
19079,4259
19080,10897
19081,4305
19082,3832
19083,6728
19084,7921
19085,4706
19086,3875
19087,6136
19088,5529
19089,4546
19090,5035
19091,4408
19092,7505
19093,7194
19094,5851
19095,6429
19096,4604
19097,3769
19098,5079
19099,6384
19100,6507
19101,6621
19102,6353
19103,8443
19104,4853
19105,7051
19106,6351
19107,4341
19108,5366
19109,7508
19110,5448
19111,5996
19112,8552
19113,6498
19114,6214
19115,4613
19116,6202
19117,5883
19118,6533
19119,5765
19120,3616
19121,4819
19122,8747
19123,6507
19124,4761
19125,3366
19126,6697
19127,6391
19128,6834
19129,5621
19130,5204
19131,4254
19132,3565
19133,8674
19134,5749
19135,5939
19136,5307
19137,4451
19138,5637
19139,5285
19140,5240
19141,3272
19142,5755
19143,3739
19144,7027
19145,7037
19146,6016
19147,10385
19148,3904
19149,4098
19150,8530
19151,4636
19152,5439
19153,2423
19154,6627
19155,6752
19156,4098
19157,5585
19158,6083
19159,5269
19160,5363
19161,6780
19162,9483
19163,2367
19164,6088
19165,2457
19166,12893
19167,3953
19168,6931
19169,7217
19170,4775
19171,5438
19172,4414
19173,4786
19174,2798
19175,3946
19176,5107
19177,4498
19178,5951
19179,6061
19180,4627
19181,5851
19182,5235
19183,7028
19184,7054
19185,6782
19186,3896
19187,2979
19188,8381
19189,8097
19190,4291
19191,6941
19192,4604
19193,6384
19194,4107
19195,4620
19196,5419
19197,2811
19198,5502
19199,3993
19200,8220
19201,6239
19202,6503
19203,6820
19204,4622
19205,6770
19206,17086
19207,8473
19208,4094
19209,2380
19210,5017
19211,6693
19212,4718
19213,5424
19214,11735
19215,5838
19216,9653
19217,16958
19218,3674
19219,5493
19220,4385
19221,4082
19222,6857
19223,4050
19224,6549
19225,8858
19226,7437
19227,5176
19228,6239
19229,3936
19230,5371
19231,3549
19232,5202
19233,6218
19234,7602
19235,5041
19236,4846
19237,4228
19238,6511
19239,4353
19240,4393
19241,3328
19242,7217
19243,4408
19244,5128
19245,5870
19246,7045
19247,5406
19248,5360
19249,5640
19250,4921
19251,5934
19252,5717
19253,6796
19254,7665
19255,6674
19256,4850
19257,2935
19258,5084
19259,5856
19260,5026
19261,4202
19262,2219
19263,7521
19264,5463
19265,7995
19266,5751
19267,4479
19268,5780
19269,4109
19270,4001
19271,8004
19272,4469
19273,6133
19274,6436
19275,13273
19276,4898
19277,4872
19278,6194
19279,5367
19280,4858
19281,4239
19282,6797
19283,3729
19284,5651
19285,3418
19286,4819
19287,3751
19288,8853
19289,4365
19290,13239
19291,11765
19292,4196
19293,5576
19294,4711
19295,5630
19296,4554
19297,10176
19298,6292
19299,8052
19300,3965
19301,6644
19302,4130
19303,8063
19304,8297
19305,5355
19306,4875
19307,5588
19308,6150
19309,6499
19310,8188
19311,5270
19312,6751
19313,7798
19314,5332
19315,5895
19316,4625
19317,7742
19318,6453
19319,4722
19320,4331
19321,5830
19322,4224
19323,7313
19324,5071
19325,6225
19326,5251
19327,7361
19328,3942
19329,6899
19330,8430
19331,6710
19332,7388
19333,5920
19334,3590
19335,11663
19336,9074
19337,6254
19338,14425
19339,9286
19340,5483
19341,5537
19342,7489
19343,8549
19344,10530
19345,9721
19346,4567
19347,6136
19348,4676
19349,6702
19350,3415
19351,9867
19352,4960
19353,4272
19354,5367
19355,7891
19356,7404
19357,4923
19358,6371
19359,4531
19360,3517
19361,5787
19362,3469
19363,3880
19364,5287
19365,5082
19366,7605
19367,7534
19368,6288
19369,5415
19370,5372
19371,10062
19372,5861
19373,4184
19374,4752
19375,4374
19376,7488
19377,4008
19378,9846
19379,6147
19380,2848
19381,4017
19382,5691
19383,5305
19384,4284
19385,7294
19386,8199
19387,11197
19388,5375
19389,8779
19390,2583
19391,5077
19392,5781
19393,4831
19394,5918
19395,4786
19396,5292
19397,3119
19398,4476
19399,9352
19400,6864
19401,3732
19402,4991
19403,7139
19404,9340
19405,6248
19406,4866
19407,3800
19408,9080
19409,5569
19410,6593
19411,5025
19412,4498
19413,5730
19414,7575
19415,3304
19416,3748
19417,4709
19418,5271
19419,8410
19420,6311
19421,6293
19422,12347
19423,4158
19424,9042
19425,9390
19426,5655
19427,4445
19428,2698
19429,6946
19430,5060
19431,5585
19432,4990
19433,5938
19434,10434
19435,4558
19436,4560
19437,6288
19438,5497
19439,5792
19440,4409
19441,3562
19442,5641
19443,3166
19444,6802
19445,7448
19446,5472
19447,6929
19448,7296
19449,6922
19450,4198
19451,6516
19452,8030
19453,6472
19454,4918
19455,5264
19456,4095
19457,8728
19458,5096
19459,5529
19460,4567
19461,5775
19462,6682
19463,5831
19464,5318
19465,7184
19466,4973
19467,5755
19468,15715
19469,5391
19470,7118
19471,4957
19472,5260
19473,4716
19474,4177
19475,3671
19476,4021
19477,7384
19478,12561
19479,7409
19480,8294
19481,9472
19482,9394
19483,8604
19484,6594
19485,5774
19486,4779
19487,9658
19488,9381
19489,5828
19490,7043
19491,6922
19492,5134
19493,3916
19494,9863
19495,5859
19496,5501
19497,5540
19498,2039
19499,12340
19500,8782
19501,13249
19502,5180
19503,4031
19504,4410
19505,5188
19506,6054
19507,5843
19508,5540
19509,5122
19510,3791
19511,6491
19512,3136
19513,2648
19514,5540
19515,12071
19516,5810
19517,16122
19518,4082
19519,5038
19520,5455
19521,4903
19522,4084
19523,4176
19524,4563
19525,3320
19526,6680
19527,5623
19528,3178
19529,7283
19530,4240
19531,5300
19532,4000
19533,8458
19534,6249
19535,9119
19536,4306
19537,5789
19538,3784
19539,4242
19540,4021
19541,12869
19542,8900
19543,5534
19544,4204
19545,4065
19546,4990
19547,3758
19548,8309
19549,4148
19550,13201
19551,4026
19552,4721
19553,5041
19554,7823
19555,5661
19556,3866
19557,5734
19558,6147
19559,5810
19560,5853
19561,4983
19562,3236
19563,9244
19564,4510
19565,3376
19566,5314
19567,5049
19568,5534
19569,5977
19570,7757
19571,7246
19572,6081
19573,6012
19574,3705
19575,7508
19576,4781
19577,3829
19578,5922
19579,5652
19580,5308
19581,7639
19582,5145
19583,5435
19584,5226
19585,5806
19586,5225
19587,6403
19588,6043
19589,5953
19590,5353
19591,4653
19592,7667
19593,5206
19594,3548
19595,9733
19596,4490
19597,2925
19598,6388
19599,7665
19600,8176
19601,4721
19602,4930
19603,5413
19604,3199
19605,5463
19606,6105
19607,5693
19608,4855
19609,6537
19610,6633
19611,3007
19612,4588
19613,4908
19614,4761
19615,4312
19616,5992
19617,6168
19618,5281
19619,4305
19620,7187
19621,4673
19622,6912
19623,7573
19624,4025
19625,5785
19626,6004
19627,7237
19628,6506
19629,6619
19630,2971
19631,8220
19632,5644
19633,6251
19634,8637
19635,4241
19636,3442
19637,11433
19638,6957
19639,6853
19640,4857
19641,5749
19642,7504
19643,3152
19644,5679
19645,4554
19646,6168
19647,5263
19648,4492
19649,6981
19650,4387
19651,7678
19652,8900
19653,15239
19654,6567
19655,4006
19656,4527
19657,3217
19658,2581
19659,10398
19660,6591
19661,4504
19662,7633
19663,4778
19664,10300
19665,3658
19666,4968
19667,5285
19668,7468
19669,4358
19670,5642
19671,4782
19672,4137
19673,6476
19674,4216
19675,5666
19676,6552
19677,7921
19678,6398
19679,6283
19680,5081
19681,9972
19682,4018
19683,4427
19684,9277
19685,6053
19686,7401
19687,7509
19688,14219
19689,4468
19690,4169
19691,4089
19692,5060
19693,7171
19694,8497
19695,5545
19696,6851
19697,6148
19698,3257
19699,6497
19700,6681
19701,5472
19702,6823
19703,4378
19704,4073
19705,4128
19706,3325
19707,3862
19708,6749
19709,6379
19710,10110
19711,14782
19712,5751
19713,4185
19714,5410
19715,7219
19716,8087
19717,3308
19718,5111
19719,3588
19720,7979
19721,5468
19722,5465
19723,10757
19724,11206
19725,3954
19726,5979
19727,3365
19728,4769
19729,5189
19730,7377
19731,3999
19732,3605
19733,4835
19734,6972
19735,6444
19736,4280
19737,4942
19738,6209
19739,5622
19740,5351
19741,3289
19742,9397
19743,16741
19744,3770
19745,5977
19746,7042
19747,5582
19748,3539
19749,3386
19750,3244
19751,6417
19752,4255
19753,7027
19754,7691
19755,3515
19756,4204
19757,5166
19758,4834
19759,4152
19760,4527
19761,5207
19762,8315
19763,7068
19764,7465
19765,4819
19766,3819
19767,6090
19768,5262
19769,7231
19770,5315
19771,3999
19772,20756
19773,5571
19774,5169
19775,10447
19776,6085
19777,5494
19778,5376
19779,6513
19780,4207
19781,7596
19782,12747
19783,4777
19784,4465
19785,5919
19786,10983
19787,4957
19788,4393
19789,5382
19790,4339
19791,5811
19792,3741
19793,7658
19794,3438
19795,6469
19796,2322
19797,17580
19798,7350
19799,3324
19800,3832
19801,8194
19802,5261
19803,5506
19804,6568
19805,5023
19806,4235
19807,4022
19808,8266
19809,4997
19810,5061
19811,6032
19812,6235
19813,4883
19814,6620
19815,5148
19816,3505
19817,7743
19818,8240
19819,3949
19820,5873
19821,5455
19822,4220
19823,7867
19824,5206
19825,6885
19826,5500
19827,6378
19828,3814
19829,3903
19830,4039
19831,10478
19832,5901
19833,7530
19834,3217
19835,6855
19836,3137
19837,4924
19838,4020
19839,5201
19840,5285
19841,6054
19842,5570
19843,7333
19844,3483
19845,5070
19846,5832
19847,6587
19848,5968
19849,6213
19850,8444
19851,6022
19852,2504
19853,6262
19854,4884
19855,5654
19856,6064
19857,3884
19858,9756
19859,4282
19860,5451
19861,8830
19862,5736
19863,3154
19864,0
19865,5156
19866,8478
19867,4780
19868,6418
19869,8630
19870,5050
19871,4653
19872,5517
19873,4776
19874,4948
19875,5300
19876,9233
19877,6046
19878,5123
19879,3926
19880,5799
19881,5632
19882,5132
19883,5527
19884,5448
19885,5576
19886,4052
19887,6780
19888,7161
19889,5691
19890,4990
19891,5289
19892,6354
19893,8481
19894,4390
19895,7085
19896,4637
19897,5007
19898,6105
19899,5895
19900,4042
19901,3713
19902,6066
19903,7297
19904,4392
19905,4897
19906,6535
19907,5143
19908,5147
19909,4888
19910,3990
19911,2862
19912,7091
19913,3788
19914,6571
19915,5435
19916,5384
19917,5458
19918,10686
19919,7091
19920,6056
19921,4213
19922,6685
19923,7316
19924,3458
19925,3066
19926,7552
19927,2875
19928,6318
19929,11686
19930,6344
19931,5581
19932,3686
19933,6693
19934,5445
19935,5241
19936,6303
19937,7220
19938,6742
19939,4862
19940,6561
19941,4073
19942,6052
19943,4466
19944,4873
19945,5017
19946,4407
19947,4475
19948,6931
19949,3739
19950,8546
19951,6221
19952,3409
19953,3874
19954,7725
19955,6281
19956,5149
19957,5687
19958,5370
19959,4211
19960,5387
19961,5682
19962,5370
19963,4611
19964,4455
19965,6666
19966,5370
19967,4959
19968,3006
19969,9170
19970,5258
19971,4214
19972,6390
19973,9547
19974,6529
19975,6876
19976,8576
19977,5691
19978,4735
19979,4902
19980,6551
19981,7545
19982,10463
19983,3908
19984,5921
19985,3193
19986,3707
19987,9018
19988,12710
19989,6126
19990,4485
19991,4267
19992,5086
19993,4701
19994,8205
19995,6922
19996,5231
19997,3431
19998,6525
19999,5021
20000,8254
20001,7647
20002,3942
20003,6081
20004,3501
20005,5644
20006,7021
20007,5972
20008,7129
20009,5427
20010,6356
20011,3786
20012,5208
20013,6035
20014,7490
20015,5781
20016,6485
20017,4879
20018,3967
20019,7830
20020,3937
20021,9719
20022,5228
20023,3753
20024,6002
20025,5402
20026,5625
20027,6201
20028,8270
20029,4139
20030,11029
20031,3524
20032,3829
20033,6029
20034,6678
20035,9225
20036,6745
20037,5981
20038,4720
20039,5605
20040,6125
20041,4532
20042,5526
20043,4327
20044,8424
20045,6188
20046,7000
20047,11029
20048,7516
20049,4138
20050,4537
20051,4857
20052,9693
20053,5044
20054,7455
20055,3834
20056,8530
20057,5763
20058,4721
20059,4248
20060,3957
20061,4692
20062,4695
20063,5163
20064,4292
20065,4005
20066,3935
20067,6826
20068,5590
20069,19813
20070,5230
20071,3542
20072,4975
20073,5675
20074,7941
20075,4365
20076,4183
20077,7714
20078,5234
20079,5528
20080,4772
20081,6930
20082,6168
20083,3507
20084,4440
20085,5672
20086,6882
20087,5424
20088,6366
20089,5176
20090,8143
20091,3813
20092,3923
20093,4209
20094,7853
20095,8323
20096,5242
20097,7200
20098,3855
20099,6225
20100,2893
20101,4721
20102,3498
20103,6041
20104,6932
20105,8867
20106,8270
20107,5093
20108,4199
20109,3637
20110,3464
20111,5112
20112,8222
20113,5112
20114,4387
20115,4020
20116,3959
20117,6610
20118,2989
20119,6192
20120,3193
20121,5975
20122,5141
20123,4452
20124,6169
20125,4464
20126,6530
20127,7572
20128,5659
20129,4760
20130,8146
20131,4102
20132,4993
20133,5386
20134,8428
20135,4373
20136,5070
20137,6428
20138,6570
20139,7420
20140,5057
20141,7020
20142,3480
20143,4015
20144,4562
20145,5185
20146,7715
20147,5720
20148,3122
20149,4328
20150,5849
20151,6173
20152,7407
20153,3101
20154,11105
20155,5708
20156,3396
20157,5547
20158,5410
20159,5568
20160,6277
20161,3566
20162,4580
20163,4923
20164,5853
20165,6120
20166,4677
20167,5973
20168,4341
20169,4689
20170,7082
20171,6416
20172,4835
20173,4159
20174,9187
20175,4323
20176,8233
20177,6071
20178,10687
20179,5442
20180,4139
20181,5056
20182,5281
20183,4964
20184,4404
20185,6673
20186,6170
20187,2968
20188,6169
20189,5241
20190,5677
20191,3906
20192,6894
20193,7505
20194,3825
20195,10257
20196,4050
20197,3895
20198,6434
20199,7423
20200,4442
20201,3619
20202,6162
20203,4951
20204,4270
20205,4937
20206,4318
20207,7250
20208,6826
20209,5610
20210,6164
20211,4326
20212,3452
20213,4837
20214,6494
20215,6181
20216,6388
20217,6268
20218,7923
20219,4857
20220,6886
20221,6066
20222,4251
20223,5135
20224,7103
20225,5606
20226,5587
20227,7813
20228,6644
20229,5898
20230,4413
20231,5680
20232,5747
20233,6222
20234,5567
20235,3514
20236,4332
20237,8359
20238,6286
20239,4529
20240,3161
20241,6230
20242,6150
20243,6591
20244,5420
20245,5090
20246,3936
20247,3427
20248,8416
20249,5130
20250,5932
20251,5172
20252,4209
20253,5234
20254,5040
20255,5372
20256,3220
20257,4986
20258,3774
20259,6729
20260,6779
20261,5778
20262,10067
20263,4109
20264,3987
20265,7931
20266,4471
20267,5350
20268,2088
20269,6431
20270,6201
20271,3913
20272,5366
20273,6849
20274,4982
20275,5010
20276,6032
20277,9175
20278,2255
20279,5647
20280,2423
20281,11911
20282,4174
20283,6678
20284,7022
20285,4721
20286,5133
20287,4247
20288,4488
20289,2542
20290,3460
20291,4981
20292,4316
20293,6176
20294,5859
20295,4411
20296,5373
20297,4880
20298,6851
20299,7093
20300,6780
20301,3861
20302,3107
20303,7805
20304,7908
20305,4070
20306,6663
20307,4503
20308,5705
20309,3887
20310,4490
20311,5145
20312,2784
20313,5384
20314,3827
20315,7803
20316,6077
20317,6246
20318,6651
20319,4407
20320,6566
20321,15662
20322,8034
20323,3660
20324,2314
20325,4953
20326,6082
20327,4315
20328,5285
20329,11510
20330,5677
20331,9299
20332,16569
20333,3597
20334,5154
20335,4166
20336,3816
20337,6624
20338,4383
20339,6063
20340,8576
20341,6929
20342,4817
20343,5857
20344,3700
20345,5207
20346,3287
20347,4980
20348,6126
20349,7658
20350,4911
20351,4887
20352,3908
20353,6321
20354,4117
20355,4187
20356,3099
20357,6957
20358,4444
20359,4831
20360,5473
20361,6641
20362,4841
20363,5085
20364,4781
20365,5006
20366,5445
20367,5513
20368,6909
20369,6927
20370,5959
20371,4722
20372,2813
20373,4854
20374,5392
20375,4855
20376,4009
20377,1959
20378,7043
20379,5267
20380,7835
20381,5321
20382,4249
20383,5280
20384,3816
20385,3871
20386,7303
20387,4527
20388,6358
20389,6537
20390,12210
20391,5012
20392,4269
20393,5928
20394,4673
20395,4358
20396,4212
20397,6571
20398,3467
20399,5380
20400,3176
20401,4534
20402,3436
20403,8364
20404,4227
20405,12670
20406,10881
20407,4013
20408,5152
20409,4321
20410,5490
20411,4089
20412,9757
20413,6142
20414,7303
20415,3785
20416,6369
20417,4190
20418,7705
20419,7879
20420,5225
20421,4497
20422,5452
20423,5910
20424,6218
20425,7796
20426,5172
20427,6488
20428,7669
20429,5230
20430,5765
20431,4761
20432,7252
20433,6231
20434,4310
20435,4209
20436,5319
20437,4128
20438,7107
20439,4826
20440,6067
20441,5061
20442,7092
20443,3853
20444,6574
20445,7856
20446,6266
20447,6362
20448,5333
20449,3373
20450,11516
20451,8489
20452,6303
20453,13705
20454,8019
20455,5607
20456,5275
20457,6860
20458,7762
20459,9711
20460,9530
20461,3936
20462,5601
20463,4364
20464,6564
20465,3108
20466,8788
20467,4500
20468,4222
20469,5202
20470,7536
20471,7058
20472,4804
20473,5960
20474,4445
20475,3206
20476,5528
20477,3359
20478,3895
20479,4593
20480,5120
20481,7613
20482,7304
20483,6147
20484,5155
20485,5110
20486,9501
20487,5425
20488,3857
20489,4625
20490,4327
20491,7163
20492,3831
20493,9564
20494,6112
20495,2635
20496,3724
20497,5585
20498,5339
20499,4319
20500,7286
20501,7436
20502,10694
20503,5048
20504,9001
20505,2444
20506,4659
20507,5713
20508,4673
20509,5737
20510,4524
20511,5210
20512,3095
20513,4391
20514,9828
20515,6455
20516,3317
20517,4702
20518,6836
20519,8716
20520,6311
20521,4554
20522,3532
20523,9343
20524,5579
20525,7056
20526,4504
20527,4435
20528,5554
20529,7170
20530,3013
20531,3827
20532,4180
20533,4976
20534,8447
20535,6063
20536,5788
20537,10979
20538,3961
20539,8877
20540,8913
20541,5501
20542,4226
20543,2427
20544,6973
20545,4634
20546,5390
20547,4942
20548,5655
20549,9341
20550,4288
20551,4286
20552,6010
20553,4163
20554,5772
20555,4450
20556,3222
20557,5464
20558,3017
20559,6292
20560,7193
20561,5337
20562,6427
20563,6684
20564,6912
20565,4182
20566,6209
20567,7218
20568,6181
20569,4820
20570,5421
20571,4550
20572,8318
20573,5317
20574,5285
20575,4275
20576,5603
20577,6596
20578,5369
20579,4971
20580,6842
20581,4682
20582,5633
20583,14626
20584,5192
20585,6981
20586,4397
20587,4963
20588,4778
20589,4068
20590,3545
20591,3932
20592,7254
20593,11987
20594,7116
20595,8137
20596,8454
20597,8780
20598,8238
20599,6266
20600,5681
20601,4552
20602,8794
20603,8597
20604,6007
20605,6366
20606,6080
20607,5167
20608,3566
20609,9479
20610,5820
20611,5050
20612,5256
20613,2031
20614,11341
20615,8377
20616,12638
20617,5062
20618,3897
20619,4185
20620,5035
20621,5554
20622,5700
20623,5581
20624,4789
20625,3822
20626,5960
20627,3104
20628,2455
20629,5138
20630,11840
20631,5601
20632,15578
20633,3678
20634,4818
20635,5145
20636,4445
20637,3887
20638,4062
20639,4249
20640,3041
20641,6382
20642,5491
20643,3190
20644,7152
20645,4072
20646,5255
20647,3731
20648,8158
20649,6099
20650,8760
20651,3967
20652,5280
20653,3731
20654,3918
20655,3797
20656,12879
20657,8927
20658,5334
20659,3912
20660,3998
20661,4827
20662,3411
20663,7888
20664,3792
20665,12804
20666,3831
20667,4268
20668,4794
20669,7783
20670,5734
20671,3759
20672,5298
20673,5905
20674,5747
20675,5578
20676,4869
20677,3024
20678,8400
20679,4362
20680,3063
20681,5107
20682,4951
20683,5375
20684,5655
20685,7244
20686,6472
20687,5890
20688,5720
20689,3582
20690,7436
20691,4331
20692,3695
20693,5338
20694,5433
20695,4821
20696,7570
20697,5008
20698,5186
20699,5225
20700,5240
20701,4985
20702,6141
20703,6008
20704,5889
20705,4786
20706,4659
20707,7447
20708,5277
20709,3356
20710,9149
20711,4129
20712,2858
20713,5997
20714,7590
20715,7542
20716,4392
20717,4544
20718,5246
20719,3245
20720,5295
20721,5536
20722,5414
20723,4410
20724,6045
20725,6219
20726,2777
20727,4221
20728,4702
20729,4412
20730,4119
20731,5652
20732,6039
20733,5082
20734,4358
20735,6598
20736,4727
20737,6773
20738,7640
20739,4141
20740,5470
20741,5875
20742,7049
20743,6264
20744,6549
20745,2738
20746,7888
20747,5557
20748,5917
20749,8738
20750,4111
20751,3253
20752,11053
20753,6856
20754,6752
20755,4502
20756,5310
20757,7129
20758,2990
20759,5380
20760,4122
20761,5958
20762,4654
20763,4229
20764,6904
20765,4084
20766,7656
20767,8628
20768,14795
20769,5812
20770,3696
20771,4367
20772,3171
20773,2377
20774,9772
20775,6078
20776,4514
20777,6743
20778,4856
20779,9638
20780,3698
20781,5027
20782,4973
20783,7545
20784,4436
20785,5750
20786,4653
20787,3891
20788,5978
20789,4042
20790,5852
20791,6358
20792,7664
20793,5918
20794,5785
20795,4863
20796,9619
20797,3686
20798,4289
20799,8385
20800,6005
20801,7155
20802,7102
20803,13704
20804,4026
20805,4372
20806,4099
20807,4491
20808,6876
20809,8637
20810,5514
20811,6312
20812,5897
20813,3240
20814,6373
20815,6833
20816,5289
20817,6528
20818,4209
20819,3736
20820,4101
20821,3063
20822,3655
20823,6368
20824,6079
20825,9285
20826,13804
20827,5694
20828,4167
20829,5198
20830,7075
20831,7886
20832,3186
20833,5104
20834,3367
20835,7315
20836,5464
20837,4968
20838,10536
20839,11011
20840,3770
20841,5749
20842,3375
20843,4669
20844,4920
20845,7386
20846,3788
20847,3543
20848,4560
20849,6234
20850,5559
20851,4011
20852,4768
20853,5973
20854,5071
20855,5064
20856,3012
20857,9322
20858,16328
20859,3518
20860,5659
20861,6404
20862,5490
20863,3359
20864,3240
20865,3127
20866,5858
20867,4145
20868,6522
20869,7329
20870,3482
20871,4149
20872,5001
20873,4524
20874,4157
20875,4590
20876,5313
20877,8069
20878,6654
20879,7351
20880,4684
20881,3512
20882,5755
20883,4949
20884,6564
20885,5227
20886,3619
20887,19404
20888,5136
20889,4932
20890,10360
20891,5860
20892,5285
20893,5066
20894,6324
20895,4057
20896,7194
20897,12347
20898,4459
20899,4191
20900,5949
20901,9997
20902,4716
20903,4119
20904,5147
20905,3986
20906,5623
20907,3517
20908,7478
20909,3363
20910,6009
20911,2371
20912,17109
20913,7230
20914,3285
20915,3929
20916,7179
20917,4926
20918,5533
20919,6404
20920,4866
20921,4330
20922,3705
20923,7788
20924,5006
20925,4772
20926,5688
20927,6134
20928,4508
20929,6431
20930,4868
20931,3341
20932,7228
20933,7400
20934,3795
20935,5760
20936,5224
20937,4224
20938,7551
20939,4781
20940,6480
20941,5246
20942,6030
20943,3688
20944,3814
20945,3887
20946,9146
20947,6090
20948,7432
20949,3230
20950,6621
20951,3005
20952,4588
20953,3631
20954,5093
20955,4910
20956,5578
20957,5409
20958,7174
20959,3451
20960,5122
20961,5391
20962,6286
20963,5870
20964,6033
20965,7995
20966,5814
20967,2531
20968,5585
20969,4452
20970,5322
20971,5793
20972,3811
20973,9623
20974,4309
20975,5047
20976,8143
20977,5010
20978,3067
20979,0
20980,5036
20981,8495
20982,4697
20983,6010
20984,7529
20985,5030
20986,3967
20987,5051
20988,4513
20989,4637
20990,5142
20991,8700
20992,5709
20993,4830
20994,3650
20995,5572
20996,5409
20997,4606
20998,5499
20999,5138
21000,5123
21001,3922
21002,6503
21003,7173
21004,5360
21005,4822
21006,4889
21007,5885
21008,7742
21009,4309
21010,6758
21011,4308
21012,4802
21013,6130
21014,5477
21015,3929
21016,3509
21017,6815
21018,7194
21019,4191
21020,4524
21021,6123
21022,5147
21023,4628
21024,4874
21025,3851
21026,2592
21027,6864
21028,3564
21029,6470
21030,5269
21031,4985
21032,4744
21033,9221
21034,6977
21035,6241
21036,3720
21037,6229
21038,6757
21039,3407
21040,2698
21041,6654
21042,2835
21043,5889
21044,11220
21045,6058
21046,5322
21047,3449
21048,6496
21049,5303
21050,4980
21051,6145
21052,6887
21053,6313
21054,4652
21055,6429
21056,3765
21057,5769
21058,4354
21059,4655
21060,4987
21061,4039
21062,4190
21063,6717
21064,3527
21065,8450
21066,6007
21067,3391
21068,3726
21069,7759
21070,6206
21071,4864
21072,5545
21073,4787
21074,4251
21075,4889
21076,5463
21077,5382
21078,4468
21079,4298
21080,6924
21081,5218
21082,4921
21083,2737
21084,7833
21085,5045
21086,3866
21087,6048
21088,9476
21089,6395
21090,6536
21091,8116
21092,5217
21093,4936
21094,4775
21095,6200
21096,6762
21097,10554
21098,3521
21099,5268
21100,2938
21101,3439
21102,8294
21103,11886
21104,5501
21105,3966
21106,4049
21107,4668
21108,4787
21109,8292
21110,6388
21111,5071
21112,3150
21113,6229
21114,4708
21115,7721
21116,7891
21117,3659
21118,5930
21119,3340
21120,5741
21121,6817
21122,5446
21123,6800
21124,5141
21125,6169
21126,3790
21127,5100
21128,5346
21129,7118
21130,5446
21131,6413
21132,4589
21133,3737
21134,7282
21135,3857
21136,8702
21137,5174
21138,3700
21139,6979
21140,5225
21141,5141
21142,6137
21143,7745
21144,4107
21145,10543
21146,3188
21147,3422
21148,5735
21149,6359
21150,9067
21151,6355
21152,5583
21153,4625
21154,5083
21155,6084
21156,4195
21157,5160
21158,3950
21159,7872
21160,6171
21161,6735
21162,10603
21163,7707
21164,4031
21165,4302
21166,4404
21167,9517
21168,4824
21169,7115
21170,3456
21171,8134
21172,5661
21173,4361
21174,4120
21175,3702
21176,4375
21177,4635
21178,4822
21179,3998
21180,3808
21181,3495
21182,6534
21183,5581
21184,18753
21185,5241
21186,3401
21187,4145
21188,5820
21189,7879
21190,4001
21191,3946
21192,7460
21193,5779
21194,5694
21195,4710
21196,6301
21197,5942
21198,3492
21199,4623
21200,5709
21201,6646
21202,5363
21203,6074
21204,5318
21205,8458
21206,3864
21207,3810
21208,4077
21209,7650
21210,8763
21211,5451
21212,7313
21213,4141
21214,6232
21215,3378
21216,4589
21217,3222
21218,6194
21219,6895
21220,8745
21221,7885
21222,5329
21223,4063
21224,3534
21225,3857
21226,4983
21227,8021
21228,5022
21229,4356
21230,4118
21231,3936
21232,6419
21233,3027
21234,5749
21235,3207
21236,5902
21237,5338
21238,4373
21239,6287
21240,4391
21241,6574
21242,7645
21243,5621
21244,4734
21245,7673
21246,3807
21247,5204
21248,5509
21249,8932
21250,4729
21251,5182
21252,6355
21253,6139
21254,7177
21255,4957
21256,7155
21257,3634
21258,4033
21259,4748
21260,5252
21261,7619
21262,5804
21263,3097
21264,4184
21265,6106
21266,5690
21267,7760
21268,3109
21269,10544
21270,5941
21271,3542
21272,5392
21273,5522
21274,5381
21275,6416
21276,3499
21277,4742
21278,5074
21279,5876
21280,5975
21281,4615
21282,5966
21283,4542
21284,4497
21285,6853
21286,6355
21287,4810
21288,4107
21289,9032
21290,4046
21291,7697
21292,5942
21293,10411
21294,5284
21295,4064
21296,5083
21297,5158
21298,4743
21299,4195
21300,6520
21301,6253
21302,3038
21303,6221
21304,4922
21305,5446
21306,3924
21307,6580
21308,7149
21309,3709
21310,10255
21311,4217
21312,3718
21313,5999
21314,7594
21315,4301
21316,3653
21317,5978
21318,4996
21319,4216
21320,4876
21321,4300
21322,7070
21323,7268
21324,5458
21325,5995
21326,4258
21327,3610
21328,4596
21329,6661
21330,6045
21331,6608
21332,6065
21333,7893
21334,4553
21335,6948
21336,5971
21337,4124
21338,5257
21339,7243
21340,5245
21341,6219
21342,7661
21343,6257
21344,5870
21345,4480
21346,5644
21347,5657
21348,6151
21349,5427
21350,3351
21351,4623
21352,8107
21353,6067
21354,4685
21355,3408
21356,6316
21357,5912
21358,6659
21359,5339
21360,4833
21361,4072
21362,3344
21363,8670
21364,5411
21365,5879
21366,5155
21367,4207
21368,4901
21369,5045
21370,5610
21371,3175
21372,5048
21373,3533
21374,6606
21375,6514
21376,5515
21377,9798
21378,3639
21379,3928
21380,7959
21381,4301
21382,5038
21383,2213
21384,6442
21385,6288
21386,4469
21387,5271
21388,5663
21389,5036
21390,4866
21391,6871
21392,8868
21393,2177
21394,5789
21395,2385
21396,12274
21397,3698
21398,6620
21399,7035
21400,4732
21401,5141
21402,4057
21403,4508
21404,2580
21405,3600
21406,5058
21407,4265
21408,5778
21409,5798
21410,4813
21411,5147
21412,4871
21413,6651
21414,7141
21415,6509
21416,3702
21417,3337
21418,7556
21419,7699
21420,4123
21421,6350
21422,4324
21423,5904
21424,3994
21425,4120
21426,5003
21427,3023
21428,5236
21429,3706
21430,7619
21431,6008
21432,6202
21433,6595
21434,4756
21435,6268
21436,16142
21437,8092
21438,3750
21439,2314
21440,4893
21441,6658
21442,4437
21443,5251
21444,11804
21445,5619
21446,9666
21447,18308
21448,3532
21449,5212
21450,4161
21451,3989
21452,8034
21453,3708
21454,6261
21455,8322
21456,6707
21457,4929
21458,5888
21459,4173
21460,4922
21461,3310
21462,4827
21463,5985
21464,7280
21465,5135
21466,4948
21467,4107
21468,6260
21469,3997
21470,3998
21471,3381
21472,6581
21473,4674
21474,4780
21475,5366
21476,6709
21477,4728
21478,5136
21479,4899
21480,4666
21481,5409
21482,5317
21483,6975
21484,6955
21485,5992
21486,4694
21487,2759
21488,4946
21489,5283
21490,4836
21491,3986
21492,2324
21493,7122
21494,5502
21495,6862
21496,5223
21497,4363
21498,5598
21499,4025
21500,3912
21501,7614
21502,4280
21503,6542
21504,6267
21505,12503
21506,5109
21507,4735
21508,6002
21509,4813
21510,5883
21511,4343
21512,6492
21513,3545
21514,5631
21515,3299
21516,4711
21517,3368
21518,8434
21519,4308
21520,12177
21521,10568
21522,4150
21523,5028
21524,4347
21525,5406
21526,4268
21527,9591
21528,6301
21529,7665
21530,3655
21531,6341
21532,4158
21533,7434
21534,7561
21535,5234
21536,4600
21537,5509
21538,5932
21539,6143
21540,7966
21541,4875
21542,6718
21543,7584
21544,5152
21545,5671
21546,5004
21547,7028
21548,6258
21549,4531
21550,3981
21551,5454
21552,3993
21553,6844
21554,4814
21555,6442
21556,4832
21557,7074
21558,3835
21559,6465
21560,7978
21561,6411
21562,6964
21563,5712
21564,3372
21565,10908
21566,8517
21567,6641
21568,14501
21569,8628
21570,5217
21571,5254
21572,7141
21573,8151
21574,9598
21575,9191
21576,4249
21577,5686
21578,4412
21579,6572
21580,3290
21581,9809
21582,4787
21583,4017
21584,5085
21585,7453
21586,6761
21587,4712
21588,5974
21589,4250
21590,3443
21591,5615
21592,3456
21593,3655
21594,4830
21595,4865
21596,7264
21597,7042
21598,6062
21599,5297
21600,5040
21601,9850
21602,5682
21603,4153
21604,4478
21605,4187
21606,7018
21607,3769
21608,9932
21609,5813
21610,2917
21611,3687
21612,5672
21613,5325
21614,4242
21615,7163
21616,8207
21617,10406
21618,4407
21619,8955
21620,2403
21621,4646
21622,5695
21623,4603
21624,5582
21625,4320
21626,5060
21627,3103
21628,4487
21629,9328
21630,6550
21631,3429
21632,4397
21633,6786
21634,8600
21635,7256
21636,4520
21637,3671
21638,7824
21639,5157
21640,6271
21641,4711
21642,4499
21643,5269
21644,7574
21645,3282
21646,3495
21647,4427
21648,4807
21649,8083
21650,5957
21651,5957
21652,11309
21653,4100
21654,8551
21655,9231
21656,5414
21657,4309
21658,2695
21659,6462
21660,4756
21661,5105
21662,5062
21663,5750
21664,9773
21665,4329
21666,4448
21667,5955
21668,4901
21669,5817
21670,4188
21671,3484
21672,5757
21673,2830
21674,6662
21675,7003
21676,5092
21677,6273
21678,6888
21679,6932
21680,4162
21681,6250
21682,7067
21683,5843
21684,4419
21685,4934
21686,3922
21687,8234
21688,6016
21689,5157
21690,4072
21691,5439
21692,6776
21693,5552
21694,4762
21695,6715
21696,4469
21697,5780
21698,14762
21699,5092
21700,7108
21701,4929
21702,4931
21703,4609
21704,3987
21705,3408
21706,4059
21707,7286
21708,11469
21709,6849
21710,8108
21711,8784
21712,8891
21713,8348
21714,6626
21715,6072
21716,4609
21717,8865
21718,8578
21719,5865
21720,6861
21721,6367
21722,4936
21723,3375
21724,9280
21725,5607
21726,5125
21727,5288
21728,1990
21729,11275
21730,8681
21731,12869
21732,5123
21733,3707
21734,4014
21735,4764
21736,5416
21737,5566
21738,5565
21739,4570
21740,3727
21741,6208
21742,2903
21743,2568
21744,5329
21745,11582
21746,5581
21747,15518
21748,3916
21749,5011
21750,5182
21751,4623
21752,4021
21753,3955
21754,4226
21755,3255
21756,6401
21757,5580
21758,3059
21759,6832
21760,4001
21761,5359
21762,3802
21763,7962
21764,6037
21765,8743
21766,3929
21767,5322
21768,3766
21769,3980
21770,3825
21771,12057
21772,8832
21773,5552
21774,3852
21775,3961
21776,4775
21777,4162
21778,9449
21779,3898
21780,12125
21781,3856
21782,4273
21783,4636
21784,7505
21785,5638
21786,3596
21787,5234
21788,5795
21789,5860
21790,5597
21791,4811
21792,3035
21793,8530
21794,4246
21795,3210
21796,4967
21797,5165
21798,5150
21799,5569
21800,7149
21801,6865
21802,5771
21803,5739
21804,3330
21805,7177
21806,4413
21807,3726
21808,5648
21809,5786
21810,5099
21811,7778
21812,4749
21813,4948
21814,5417
21815,5451
21816,4930
21817,6176
21818,5954
21819,5828
21820,5027
21821,4554
21822,7531
21823,5226
21824,3490
21825,9324
21826,4521
21827,2770
21828,5999
21829,7421
21830,7521
21831,4367
21832,4672
21833,5177
21834,3253
21835,5097
21836,5671
21837,5733
21838,4662
21839,5975
21840,6406
21841,2696
21842,4332
21843,4894
21844,4363
21845,4071
21846,5447
21847,5680
21848,4857
21849,4209
21850,6552
21851,4705
21852,6775
21853,7213
21854,4097
21855,5295
21856,5707
21857,6942
21858,6349
21859,6303
21860,4063
21861,8142
21862,5618
21863,5959
21864,8204
21865,3888
21866,3184
21867,10578
21868,6977
21869,6539
21870,4727
21871,5612
21872,6896
21873,3259
21874,5351
21875,4246
21876,6284
21877,5075
21878,4394
21879,6557
21880,4349
21881,7258
21882,8751
21883,14405
21884,5859
21885,3814
21886,4330
21887,3176
21888,2548
21889,9722
21890,6249
21891,4454
21892,6801
21893,5038
21894,9375
21895,3732
21896,5067
21897,5008
21898,7362
21899,4140
21900,5377
21901,4579
21902,3794
21903,5765
21904,4166
21905,5562
21906,6242
21907,7536
21908,6115
21909,6010
21910,5029
21911,9423
21912,3630
21913,4331
21914,8538
21915,5890
21916,7320
21917,6822
21918,13843
21919,4260
21920,4216
21921,4164
21922,4820
21923,6888
21924,8405
21925,5213
21926,6395
21927,5965
21928,3268
21929,6072
21930,6520
21931,5327
21932,6894
21933,4449
21934,3785
21935,4043
21936,3079
21937,3679
21938,6510
21939,6400
21940,9636
21941,13697
21942,5282
21943,4053
21944,5242
21945,7115
21946,7785
21947,3297
21948,5092
21949,3570
21950,7401
21951,5303
21952,4924
21953,10300
21954,10989
21955,3859
21956,5770
21957,3311
21958,4368
21959,4824
21960,7393
21961,3869
21962,3495
21963,4502
21964,6310
21965,6126
21966,3876
21967,4743
21968,6322
21969,5087
21970,5250
21971,3117
21972,8940
21973,15524
21974,3428
21975,5645
21976,6644
21977,5585
21978,3383
21979,3331
21980,3107
21981,6057
21982,4115
21983,6532
21984,7294
21985,3623
21986,4206
21987,4916
21988,4465
21989,4067
21990,4639
21991,5084
21992,7524
21993,6761
21994,7148
21995,4733
21996,3473
21997,5510
21998,4832
21999,7520
22000,5243
22001,3724
22002,19368
22003,5030
22004,5017
22005,9775
22006,5926
22007,5178
22008,5062
22009,6190
22010,3972
22011,7399
22012,12490
22013,4530
22014,4100
22015,5486
22016,10071
22017,4722
22018,4083
22019,5195
22020,3952
22021,5286
22022,3481
22023,7144
22024,3367
22025,5928
22026,2260
22027,16894
22028,6904
22029,3217
22030,4023
22031,7464
22032,4933
22033,5269
22034,6222
22035,4781
22036,4286
22037,3770
22038,7514
22039,4940
22040,4638
22041,5637
22042,5844
22043,4396
22044,6251
22045,4786
22046,3306
22047,7303
22048,6938
22049,3691
22050,5952
22051,5294
22052,3941
22053,7376
22054,4884
22055,6606
22056,5215
22057,6439
22058,3524
22059,3640
22060,3863
22061,9983
22062,5286
22063,7155
22064,3244
22065,6491
22066,3061
22067,4765
22068,3613
22069,4956
22070,5115
22071,5794
22072,5403
22073,7150
22074,3668
22075,4922
22076,5604
22077,6494
22078,5532
22079,5866
22080,7708
22081,5834
22082,2513
22083,5856
22084,4353
22085,5195
22086,5631
22087,3658
22088,9460
22089,4186
22090,5189
22091,7973
22092,5749
22093,3009
22094,0
22095,5094
22096,8061
22097,4500
22098,5988
22099,8057
22100,5123
22101,4033
22102,5114
22103,4633
22104,4494
22105,4999
22106,8486
22107,5667
22108,4857
22109,3872
22110,5082
22111,5620
22112,4877
22113,5477
22114,4986
22115,5259
22116,4312
22117,6450
22118,6794
22119,5366
22120,4982
22121,4976
22122,5775
22123,7625
22124,4286
22125,6722
22126,4305
22127,4908
22128,6168
22129,5374
22130,3912
22131,3531
22132,5966
22133,7187
22134,4149
22135,4401
22136,6276
22137,4944
22138,4775
22139,4699
22140,3996
22141,2911
22142,6504
22143,3563
22144,6210
22145,5142
22146,4939
22147,4924
22148,9636
22149,6933
22150,5854
22151,3768
22152,7186
22153,6531
22154,3286
22155,2765
22156,6839
22157,2908
22158,5867
22159,10557
22160,6650
22161,5339
22162,3560
22163,6165
22164,5712
22165,4837
22166,6246
22167,6771
22168,6844
22169,4763
22170,6415
22171,3864
22172,5744
22173,4220
22174,4475
22175,5275
22176,4245
22177,4186
22178,6762
22179,3533
22180,8390
22181,6010
22182,3372
22183,3603
22184,7951
22185,5958
22186,5148
22187,5394
22188,5099
22189,4213
22190,5147
22191,5296
22192,5171
22193,4370
22194,4202
22195,6840
22196,5457
22197,4998
22198,2895
22199,8582
22200,5117
22201,3958
22202,6120
22203,9287
22204,6497
22205,6035
22206,7736
22207,5199
22208,4777
22209,4679
22210,5912
22211,6882
22212,9864
22213,3649
22214,5387
22215,3266
22216,3561
22217,8385
22218,12357
22219,5671
22220,4183
22221,4424
22222,5106
22223,4669
22224,8254
22225,6937
22226,5071
22227,3289
22228,6195
22229,4682
22230,8187
22231,7849
22232,3852
22233,6033
22234,3328
22235,5634
22236,6752
22237,5619
22238,6446
22239,5079
22240,6212
22241,3593
22242,5365
22243,5415
22244,7310
22245,5596
22246,6434
22247,4748
22248,3722
22249,7457
22250,3712
22251,8938
22252,5204
22253,3478
22254,5232
22255,5190
22256,5236
22257,6087
22258,7874
22259,4137
22260,10148
22261,3393
22262,3629
22263,5423
22264,6327
22265,8760
22266,6355
22267,5807
22268,4274
22269,5089
22270,5908
22271,4314
22272,5087
22273,4187
22274,8073
22275,5723
22276,6665
22277,10114
22278,7594
22279,3872
22280,4094
22281,4422
22282,9543
22283,4668
22284,7424
22285,3655
22286,8437
22287,5423
22288,4327
22289,4195
22290,3782
22291,4434
22292,4509
22293,4852
22294,3941
22295,4054
22296,3688
22297,6606
22298,5766
22299,18826
22300,5102
22301,3733
22302,4088
22303,6251
22304,8341
22305,4523
22306,4327
22307,8651
22308,5259
22309,6496
22310,5430
22311,6613
22312,6387
22313,4001
22314,5148
22315,6405
22316,7335
22317,5689
22318,7157
22319,6039
22320,7464
22321,4740
22322,4454
22323,4853
22324,8742
22325,8992
22326,6099
22327,8078
22328,4323
22329,6996
22330,3285
22331,5436
22332,3574
22333,7188
22334,7407
22335,9546
22336,8837
22337,6509
22338,4879
22339,3967
22340,4063
22341,5628
22342,8904
22343,5672
22344,4755
22345,4752
22346,4624
22347,6846
22348,3243
22349,7164
22350,3591
22351,6900
22352,5920
22353,4748
22354,7814
22355,4717
22356,7475
22357,8087
22358,6081
22359,5175
22360,7885
22361,4148
22362,5990
22363,6296
22364,9959
22365,5036
22366,5878
22367,6827
22368,6850
22369,8054
22370,5643
22371,8031
22372,3708
22373,4163
22374,5293
22375,6015
22376,8706
22377,6781
22378,3561
22379,4823
22380,7243
22381,7065
22382,8356
22383,3715
22384,11371
22385,6144
22386,4054
22387,5377
22388,5968
22389,5881
22390,7425
22391,3761
22392,5420
22393,6168
22394,6646
22395,6156
22396,4492
22397,6294
22398,5082
22399,5101
22400,7942
22401,6972
22402,5531
22403,4771
22404,9300
22405,4611
22406,8335
22407,6849
22408,11863
22409,5876
22410,4078
22411,6021
22412,5811
22413,5678
22414,4907
22415,7904
22416,6544
22417,3464
22418,7134
22419,5289
22420,6062
22421,4222
22422,7277
22423,7475
22424,5154
22425,10829
22426,4922
22427,4330
22428,6808
22429,8140
22430,4463
22431,4090
22432,6623
22433,5547
22434,4585
22435,5380
22436,4684
22437,8261
22438,7335
22439,6152
22440,6315
22441,4510
22442,4390
22443,5277
22444,7258
22445,6476
22446,7557
22447,7217
22448,8241
22449,5048
22450,7717
22451,6941
22452,4784
22453,5637
22454,7995
22455,6169
22456,5853
22457,8591
22458,7487
22459,6791
22460,4981
22461,6794
22462,6490
22463,6286
22464,5954
22465,3655
22466,5111
22467,8453
22468,6819
22469,5246
22470,3996
22471,7046
22472,6239
22473,7047
22474,5994
22475,5442
22476,4639
22477,3510
22478,9287
22479,6002
22480,6327
22481,5419
22482,4969
22483,5147
22484,5799
22485,6635
22486,3391
22487,5921
22488,4221
22489,7705
22490,7438
22491,6136
22492,11527
22493,3927
22494,4651
22495,9250
22496,4795
22497,6304
22498,2453
22499,7340
22500,7568
22501,5279
22502,5933
22503,6090
22504,5575
22505,5356
22506,6904
22507,9160
22508,2740
22509,6431
22510,2698
22511,11886
22512,4063
22513,7367
22514,8649
22515,5434
22516,5992
22517,4732
22518,4403
22519,2966
22520,4063
22521,5720
22522,4605
22523,6940
22524,6617
22525,5159
22526,5655
22527,5895
22528,7725
22529,8110
22530,7334
22531,4427
22532,4100
22533,8428
22534,9015
22535,4744
22536,7166
22537,4671
22538,6489
22539,4731
22540,4600
22541,6004
22542,3585
22543,5553
22544,4487
22545,8058
22546,6719
22547,7092
22548,6891
22549,5135
22550,7243
22551,17194
22552,8616
22553,4282
22554,2756
22555,5647
22556,7271
22557,4574
22558,5963
22559,12226
22560,5885
22561,9808
22562,18461
22563,3888
22564,5475
22565,4547
22566,3703
22567,7308
22568,4339
22569,7131
22570,8699
22571,7018
22572,5307
22573,6432
22574,4546
22575,5840
22576,3591
22577,5812
22578,6628
22579,8708
22580,5732
22581,5753
22582,3982
22583,6876
22584,4653
22585,4822
22586,3527
22587,7633
22588,5262
22589,5374
22590,6298
22591,7247
22592,3668
22593,5333
22594,5169
22595,4918
22596,5706
22597,6026
22598,8317
22599,7967
22600,6831
22601,5300
22602,3403
22603,5519
22604,5856
22605,5387
22606,4309
22607,2517
22608,7734
22609,5802
22610,8879
22611,5566
22612,4937
22613,6704
22614,4581
22615,4191
22616,8467
22617,5353
22618,7418
22619,7722
22620,12377
22621,5833
22622,4465
22623,6798
22624,4416
22625,5250
22626,5191
22627,7151
22628,4244
22629,6565
22630,3713
22631,4728
22632,3505
22633,8866
22634,4961
22635,12844
22636,10824
22637,4815
22638,5590
22639,4716
22640,5877
22641,5115
22642,10769
22643,7137
22644,7991
22645,4130
22646,7335
22647,4946
22648,8388
22649,8044
22650,6072
22651,5648
22652,6186
22653,6204
22654,7307
22655,8099
22656,5780
22657,6931
22658,8440
22659,6155
22660,6439
22661,5758
22662,7291
22663,6380
22664,4965
22665,4575
22666,6017
22667,4699
22668,7712
22669,5806
22670,7006
22671,5439
22672,8200
22673,4446
22674,6624
22675,8609
22676,6709
22677,7471
22678,6182
22679,3765
22680,12311
22681,8340
22682,7788
22683,14563
22684,8249
22685,6245
22686,6125
22687,7335
22688,9090
22689,9571
22690,10190
22691,5327
22692,6322
22693,5270
22694,7925
22695,3992
22696,9285
22697,5411
22698,4717
22699,5611
22700,7584
22701,6885
22702,5206
22703,6947
22704,4594
22705,3824
22706,6357
22707,4002
22708,4073
22709,4948
22710,5508
22711,8600
22712,8514
22713,6203
22714,5916
22715,5763
22716,9760
22717,6013
22718,5392
22719,5041
22720,4721
22721,8699
22722,3974
22723,11363
22724,6517
22725,3161
22726,4166
22727,5951
22728,5665
22729,4993
22730,8075
22731,8844
22732,10466
22733,5408
22734,10572
22735,2736
22736,5170
22737,6533
22738,5169
22739,6470
22740,5136
22741,6267
22742,3791
22743,5145
22744,11319
22745,8754
22746,4204
22747,4779
22748,8139
22749,8516
22750,6807
22751,5086
22752,4098
22753,8621
22754,5711
22755,7194
22756,5143
22757,5289
22758,6448
22759,7551
22760,3631
22761,4097
22762,4520
22763,5070
22764,8973
22765,7040
22766,7235
22767,11923
22768,5080
22769,9882
22770,10438
22771,6395
22772,4781
22773,3052
22774,7276
22775,5695
22776,5703
22777,5713
22778,6250
22779,10375
22780,4363
22781,4932
22782,7309
22783,4226
22784,7569
22785,5087
22786,3981
22787,6516
22788,3142
22789,6425
22790,7721
22791,6176
22792,7017
22793,7561
22794,7107
22795,4834
22796,6860
22797,8208
22798,6555
22799,5135
22800,5911
22801,4366
22802,8650
22803,6733
22804,5743
22805,4401
22806,6147
22807,7666
22808,6685
22809,5266
22810,7980
22811,5084
22812,6510
22813,15005
22814,5548
22815,8396
22816,5084
22817,5258
22818,5688
22819,4772
22820,3812
22821,4567
22822,8269
22823,12254
22824,7866
22825,8934
22826,8586
22827,10309
22828,9332
22829,7565
22830,6383
22831,4816
22832,9354
22833,9717
22834,7207
22835,7400
22836,7623
22837,5512
22838,3536
22839,10336
22840,5952
22841,5758
22842,5834
22843,1974
22844,11303
22845,9170
22846,12720
22847,5747
22848,4171
22849,4828
22850,5529
22851,5712
22852,5831
22853,6702
22854,4776
22855,4249
22856,6237
22857,3232
22858,2788
22859,5409
22860,12388
22861,6480
22862,16273
22863,4234
22864,5901
22865,6039
22866,5404
22867,4461
22868,5006
22869,4302
22870,3651
22871,8106
22872,6220
22873,3429
22874,8016
22875,4458
22876,5835
22877,4150
22878,9140
22879,6522
22880,8599
22881,4159
22882,5890
22883,4366
22884,4397
22885,4355
22886,13140
22887,10076
22888,6081
22889,4237
22890,4879
22891,5833
22892,3932
22893,7994
22894,4093
22895,13050
22896,4209
22897,4703
22898,5097
22899,9168
22900,6895
22901,4323
22902,5501
22903,6030
22904,6513
22905,6567
22906,5184
22907,3449
22908,8347
22909,4756
22910,3778
22911,5509
22912,6014
22913,5486
22914,5990
22915,7703
22916,7768
22917,6546
22918,6658
22919,3597
22920,8253
22921,5112
22922,4293
22923,6927
22924,6575
22925,5708
22926,8486
22927,5350
22928,5435
22929,6056
22930,5518
22931,5218
22932,6950
22933,7313
22934,6367
22935,5636
22936,4998
22937,8504
22938,6075
22939,4216
22940,10198
22941,4757
22942,2873
22943,6838
22944,8698
22945,7999
22946,4707
22947,5372
22948,5952
22949,3684
22950,5811
22951,6728
22952,6352
22953,5452
22954,6030
22955,7362
22956,2876
22957,4959
22958,5319
22959,4468
22960,4679
22961,6085
22962,6442
22963,5538
22964,5018
22965,6850
22966,5732
22967,7503
22968,8108
22969,4757
22970,5856
22971,6097
22972,7451
22973,7116
22974,8767
22975,3095
22976,8430
22977,6128
22978,6307
22979,9542
22980,4452
22981,3496
22982,10877
22983,7411
22984,7701
22985,5273
22986,5623
22987,7764
22988,3586
22989,5835
22990,4826
22991,7315
22992,5376
22993,4736
22994,7557
22995,4876
22996,8139
22997,9463
22998,15119
22999,6333
23000,4017
23001,4933
23002,3782
23003,2921
23004,10348
23005,7048
23006,5603
23007,8308
23008,5688
23009,8727
23010,4337
23011,5440
23012,5615
23013,7968
23014,4905
23015,6025
23016,5369
23017,4201
23018,6321
23019,4849
23020,6111
23021,7300
23022,7920
23023,6729
23024,6731
23025,5641
23026,9928
23027,4107
23028,5203
23029,9843
23030,6608
23031,7803
23032,7522
23033,15174
23034,4981
23035,4651
23036,4300
23037,5532
23038,7880
23039,9688
23040,6061
23041,7004
23042,6975
23043,3736
23044,6818
23045,6694
23046,5953
23047,7924
23048,5265
23049,4467
23050,4667
23051,3331
23052,4285
23053,7136
23054,6524
23055,10729
23056,15735
23057,5959
23058,4327
23059,6421
23060,7620
23061,8186
23062,3839
23063,5683
23064,3950
23065,7677
23066,6279
23067,5811
23068,11062
23069,12244
23070,4279
23071,6343
23072,3664
23073,4876
23074,4902
23075,8242
23076,4336
23077,4280
23078,4747
23079,6953
23080,5805
23081,4106
23082,5293
23083,7301
23084,6265
23085,5988
23086,2927
23087,10043
23088,16243
23089,3847
23090,6842
23091,7570
23092,6118
23093,4084
23094,3469
23095,3551
23096,6757
23097,4716
23098,6903
23099,8529
23100,4217
23101,4822
23102,6047
23103,4834
23104,4740
23105,4975
23106,5589
23107,8934
23108,7225
23109,8235
23110,5262
23111,3712
23112,5797
23113,5210
23114,8268
23115,5811
23116,4346
23117,18726
23118,5482
23119,5439
23120,10868
23121,6396
23122,5883
23123,5610
23124,6404
23125,4369
23126,8290
23127,13270
23128,5007
23129,4473
23130,6044
23131,10693
23132,5813
23133,4550
23134,5484
23135,4948
23136,5455
23137,4182
23138,7890
23139,3485
23140,6071
23141,2715
23142,19818
23143,7777
23144,3644
23145,5311
23146,8676
23147,5655
23148,5770
23149,6895
23150,5482
23151,5042
23152,3744
23153,8131
23154,5334
23155,5267
23156,5988
23157,6814
23158,4620
23159,7200
23160,5904
23161,3579
23162,7527
23163,9413
23164,4003
23165,6977
23166,6291
23167,4854
23168,8621
23169,4836
23170,6356
23171,6132
23172,7254
23173,3683
23174,4469
23175,4407
23176,8719
23177,5787
23178,8060
23179,3599
23180,7201
23181,3477
23182,5667
23183,4373
23184,5614
23185,5458
23186,6378
23187,6213
23188,8538
23189,4366
23190,5728
23191,6572
23192,7513
23193,5752
23194,7690
23195,8472
23196,6206
23197,3051
23198,6227
23199,4606
23200,5824
23201,5922
23202,3932
23203,10886
23204,4760
23205,5682
23206,8963
23207,6559
23208,3440
23209,0
23210,5797
23211,8803
23212,4971
23213,6639
23214,7964
23215,6380
23216,4934
23217,6397
23218,5178
23219,4962
23220,5613
23221,8344
23222,6855
23223,5030
23224,4159
23225,6103
23226,6542
23227,5467
23228,6582
23229,5341
23230,6066
23231,4342
23232,7236
23233,7197
23234,6509
23235,5490
23236,5706
23237,6492
23238,8206
23239,5286
23240,7572
23241,4462
23242,5495
23243,6968
23244,5817
23245,4184
23246,3899
23247,6421
23248,7658
23249,4675
23250,5068
23251,7049
23252,5798
23253,5060
23254,5503
23255,4774
23256,2866
23257,7377
23258,3843
23259,6777
23260,5939
23261,5998
23262,5868
23263,9204
23264,7419
23265,6283
23266,4624
23267,7658
23268,6793
23269,3434
23270,2623
23271,7230
23272,3365
23273,6411
23274,11049
23275,7245
23276,6259
23277,3795
23278,6993
23279,6226
23280,5598
23281,7242
23282,7852
23283,7174
23284,5168
23285,7429
23286,4317
23287,6434
23288,4290
23289,5074
23290,6616
23291,5512
23292,4960
23293,7211
23294,4382
23295,9191
23296,6010
23297,4019
23298,4069
23299,8865
23300,6614
23301,5023
23302,5830
23303,6156
23304,4923
23305,5727
23306,5901
23307,6342
23308,4748
23309,4551
23310,8041
23311,5987
23312,5826
23313,3158
23314,9962
23315,5795
23316,4638
23317,6077
23318,10129
23319,7299
23320,7138
23321,8420
23322,6148
23323,5342
23324,5459
23325,6542
23326,8409
23327,10920
23328,4547
23329,5139
23330,3416
23331,4100
23332,9079
23333,12964
23334,5792
23335,4319
23336,5210
23337,5726
23338,5555
23339,9178
23340,7679
23341,5415
23342,3609
23343,7766
23344,5179
23345,8372
23346,8825
23347,4694
23348,6616
23349,3539
23350,6393
23351,6889
23352,6527
23353,6968
23354,5545
23355,6712
23356,4454
23357,5871
23358,6702
23359,7701
23360,6570
23361,7536
23362,5112
23363,4202
23364,8792
23365,4077
23366,10093
23367,5995
23368,4081
23369,5452
23370,5559
23371,5412
23372,6954
23373,8709
23374,5007
23375,10703
23376,3841
23377,4224
23378,6101
23379,7069
23380,9772
23381,6266
23382,5642
23383,5294
23384,5434
23385,6597
23386,4342
23387,5964
23388,4797
23389,9356
23390,5771
23391,7470
23392,11162
23393,8475
23394,4523
23395,4307
23396,5337
23397,9804
23398,4989
23399,7693
23400,4316
23401,9018
23402,5800
23403,4717
23404,4759
23405,4387
23406,4673
23407,5107
23408,5024
23409,4353
23410,4201
23411,4283
23412,7155
23413,5969
23414,20347
23415,5967
23416,4366
23417,2995
23418,4291
23419,9980
23420,2243
23421,3107
23422,6859
23423,3593
23424,6751
23425,5107
23426,5885
23427,6499
23428,4510
23429,3563
23430,6164
23431,5629
23432,2890
23433,5328
23434,4485
23435,6558
23436,5308
23437,3682
23438,4638
23439,7923
23440,8363
23441,6186
23442,7445
23443,2290
23444,7878
23445,3600
23446,5744
23447,2525
23448,8295
23449,7880
23450,9642
23451,9748
23452,7736
23453,6470
23454,3154
23455,4824
23456,6136
23457,8285
23458,4455
23459,3717
23460,5919
23461,5198
23462,6253
23463,2573
23464,7847
23465,4383
23466,8220
23467,6590
23468,3695
23469,9518
23470,3355
23471,9367
23472,6828
23473,6958
23474,2604
23475,6238
23476,4711
23477,3972
23478,7867
23479,11062
23480,3244
23481,6210
23482,6004
23483,9015
23484,7577
23485,5950
23486,6882
23487,2516
23488,2538
23489,4800
23490,6559
23491,8779
23492,8064
23493,2535
23494,4366
23495,8873
23496,8896
23497,5658
23498,3255
23499,11266
23500,5575
23501,3754
23502,4391
23503,2477
23504,5058
23505,7330
23506,3748
23507,5820
23508,3148
23509,6154
23510,4351
23511,1943
23512,4738
23513,5375
23514,5975
23515,9088
23516,7450
23517,5663
23518,4308
23519,11434
23520,3551
23521,6584
23522,7789
23523,13275
23524,5598
23525,3417
23526,6813
23527,5952
23528,6790
23529,5398
23530,10446
23531,6315
23532,2264
23533,8346
23534,4975
23535,6101
23536,2444
23537,8155
23538,3991
23539,2764
23540,8784
23541,4505
23542,5317
23543,7839
23544,7947
23545,4412
23546,4489
23547,7794
23548,3717
23549,3265
23550,6986
23551,5042
23552,7207
23553,3594
23554,4860
23555,6551
23556,4460
23557,3224
23558,5352
23559,6525
23560,6445
23561,7567
23562,8120
23563,7890
23564,4224
23565,7960
23566,6118
23567,3351
23568,3964
23569,8418
23570,7391
23571,3049
23572,7233
23573,9483
23574,7126
23575,5089
23576,7126
23577,7751
23578,5983
23579,4724
23580,3027
23581,5656
23582,5644
23583,4884
23584,5417
23585,3453
23586,6192
23587,7272
23588,6460
23589,6830
23590,6567
23591,2993
23592,1660
23593,7576
23594,6333
23595,7319
23596,3653
23597,5783
23598,4289
23599,5620
23600,6111
23601,3828
23602,4336
23603,4836
23604,7163
23605,7278
23606,7596
23607,14765
23608,4134
23609,4940
23610,10640
23611,3934
23612,5858
23613,883
23614,8101
23615,7022
23616,5601
23617,6929
23618,6210
23619,4848
23620,5626
23621,5012
23622,8436
23623,3231
23624,6191
23625,2802
23626,9456
23627,3630
23628,7983
23629,10339
23630,6656
23631,6282
23632,4760
23633,2366
23634,1835
23635,3687
23636,5960
23637,3435
23638,5966
23639,7517
23640,4345
23641,5469
23642,4741
23643,8257
23644,7912
23645,7901
23646,5189
23647,3513
23648,8831
23649,10009
23650,3751
23651,4710
23652,3997
23653,5485
23654,5604
23655,4511
23656,6561
23657,3229
23658,5373
23659,4854
23660,8961
23661,6141
23662,7477
23663,7034
23664,5050
23665,8636
23666,17320
23667,8841
23668,3716
23669,3614
23670,6557
23671,7509
23672,3044
23673,5097
23674,9510
23675,6503
23676,7536
23677,17831
23678,5318
23679,5682
23680,2991
23681,2362
23682,10570
23683,3458
23684,6502
23685,9582
23686,3043
23687,3683
23688,6442
23689,3989
23690,7042
23691,2083
23692,5266
23693,5559
23694,10723
23695,5954
23696,6246
23697,3235
23698,8240
23699,5842
23700,6811
23701,1735
23702,9396
23703,5439
23704,6090
23705,4264
23706,4918
23707,0
23708,5008
23709,3618
23710,5611
23711,4720
23712,5162
23713,8543
23714,9049
23715,7958
23716,4337
23717,4469
23718,4513
23719,5053
23720,6931
23721,3164
23722,1394
23723,7137
23724,5712
23725,8603
23726,5626
23727,4591
23728,4932
23729,3404
23730,2616
23731,8940
23732,6350
23733,5522
23734,5899
23735,12016
23736,6680
23737,2005
23738,7505
23739,2078
23740,4076
23741,6076
23742,6560
23743,2462
23744,4275
23745,4423
23746,3627
23747,1657
23748,8787
23749,4656
23750,9683
23751,10591
23752,5939
23753,5807
23754,4225
23755,5410
23756,5013
23757,12074
23758,6733
23759,7525
23760,3326
23761,6007
23762,5572
23763,8644
23764,8933
23765,7087
23766,5553
23767,7033
23768,5090
23769,8737
23770,6635
23771,6902
23772,6656
23773,9444
23774,7120
23775,5151
23776,6218
23777,8204
23778,6499
23779,3450
23780,5631
23781,3479
23782,5181
23783,9124
23784,7285
23785,7574
23786,6268
23787,8268
23788,4751
23789,4541
23790,4716
23791,6474
23792,6688
23793,6720
23794,3419
23795,13044
23796,5502
23797,6180
23798,16411
23799,5953
23800,7775
23801,6511
23802,7123
23803,8586
23804,8105
23805,10481
23806,2851
23807,4622
23808,5728
23809,8947
23810,2736
23811,5847
23812,4570
23813,5613
23814,5696
23815,6198
23816,3500
23817,6085
23818,5061
23819,3113
23820,3267
23821,7552
23822,4329
23823,4992
23824,5860
23825,5524
23826,9833
23827,12072
23828,5559
23829,7565
23830,6480
23831,10643
23832,5067
23833,2904
23834,4171
23835,5342
23836,12367
23837,4300
23838,9271
23839,7470
23840,2084
23841,3866
23842,6341
23843,6457
23844,5387
23845,9164
23846,9184
23847,8003
23848,4332
23849,12176
23850,2074
23851,4179
23852,9050
23853,4597
23854,5918
23855,3791
23856,7270
23857,4920
23858,4188
23859,14863
23860,10944
23861,2465
23862,5120
23863,5742
23864,7510
23865,9758
23866,5216
23867,2890
23868,8956
23869,2109
23870,9802
23871,4715
23872,5767
23873,9697
23874,5896
23875,1599
23876,4912
23877,2631
23878,3851
23879,11866
23880,8106
23881,4366
23882,12537
23883,7516
23884,11052
23885,11987
23886,7218
23887,4531
23888,2164
23889,5242
23890,6694
23891,2867
23892,6142
23893,4737
23894,7709
23895,2566
23896,5679
23897,9282
23898,1910
23899,9647
23900,5985
23901,2736
23902,7446
23903,3582
23904,3349
23905,9905
23906,7393
23907,7479
23908,8360
23909,6060
23910,5105
23911,7092
23912,7108
23913,8213
23914,5766
23915,6943
23916,3978
23917,9059
23918,6942
23919,6116
23920,4108
23921,4989
23922,8400
23923,6221
23924,4182
23925,5391
23926,5534
23927,5273
23928,15823
23929,5292
23930,10024
23931,4821
23932,3851
23933,6551
23934,5766
23935,3362
23936,4865
23937,8978
23938,14583
23939,7563
23940,10213
23941,7439
23942,10867
23943,8543
23944,7675
23945,6925
23946,4584
23947,10590
23948,7996
23949,7495
23950,5442
23951,5470
23952,5235
23953,2531
23954,12430
23955,6914
23956,6034
23957,5325
23958,1526
23959,9291
23960,8253
23961,12299
23962,6114
23963,4320
23964,3940
23965,6933
23966,5377
23967,4182
23968,10832
23969,4482
23970,4376
23971,5697
23972,3552
23973,2725
23974,2483
23975,15236
23976,5004
23977,13321
23978,4326
23979,6117
23980,5268
23981,4340
23982,3271
23983,6185
23984,3470
23985,2824
23986,10422
23987,6222
23988,2748
23989,8789
23990,2785
23991,6421
23992,3819
23993,10701
23994,7584
23995,8767
23996,2499
23997,5267
23998,2943
23999,4990
24000,3914
24001,16290
24002,12148
24003,5356
24004,2997
24005,5927
24006,4540
24007,2519
24008,7747
24009,2537
24010,13771
24011,4470
24012,5022
24013,5691
24014,11788
24015,7150
24016,5093
24017,5197
24018,6163
24019,6841
24020,7011
24021,4291
24022,1303
24023,4967
24024,3027
24025,2944
24026,6045
24027,7114
24028,6192
24029,5678
24030,8390
24031,5866
24032,3419
24033,7818
24034,2288
24035,9890
24036,5069
24037,2954
24038,4655
24039,4317
24040,4931
24041,8006
24042,7178
24043,4028
24044,6106
24045,2677
24046,4968
24047,8487
24048,9005
24049,3869
24050,2319
24051,5163
24052,7621
24053,6464
24054,2624
24055,11380
24056,4034
24057,3278
24058,5961
24059,10657
24060,9464
24061,4559
24062,4785
24063,6487
24064,1560
24065,7081
24066,7171
24067,5211
24068,4479
24069,3145
24070,8618
24071,3096
24072,4799
24073,4074
24074,3612
24075,2971
24076,7520
24077,6893
24078,5562
24079,4113
24080,5026
24081,7765
24082,8207
24083,7972
24084,4982
24085,5653
24086,6025
24087,8564
24088,7449
24089,5504
24090,2012
24091,6330
24092,6351
24093,6269
24094,8081
24095,5827
24096,2903
24097,7922
24098,5540
24099,10264
24100,2868
24101,2826
24102,9338
24103,1615
24104,5545
24105,4533
24106,8076
24107,3903
24108,4533
24109,9490
24110,2769
24111,6876
24112,9989
24113,15317
24114,6777
24115,2471
24116,5623
24117,3702
24118,2248
24119,8079
24120,4922
24121,6516
24122,5275
24123,5688
24124,6049
24125,4932
24126,5277
24127,4841
24128,9235
24129,5488
24130,2541
24131,6171
24132,3929
24133,5726
24134,5660
24135,6258
24136,7992
24137,8133
24138,8264
24139,5862
24140,5382
24141,6555
24142,3020
24143,5780
24144,9060
24145,7296
24146,7220
24147,7400
24148,14292
24149,3322
24150,3648
24151,4870
24152,4177
24153,8730
24154,10630
24155,8038
24156,7586
24157,7591
24158,2157
24159,8130
24160,3518
24161,7062
24162,6879
24163,5486
24164,2147
24165,5096
24166,3540
24167,3194
24168,7294
24169,5028
24170,9450
24171,17531
24172,5742
24173,3333
24174,4895
24175,8874
24176,7042
24177,4450
24178,6004
24179,2144
24180,6468
24181,7222
24182,3545
24183,11327
24184,11861
24185,3135
24186,5821
24187,3970
24188,3986
24189,4126
24190,9109
24191,3917
24192,4483
24193,4775
24194,2940
24195,2846
24196,2543
24197,5811
24198,6382
24199,5048
24200,7752
24201,1220
24202,8188
24203,15885
24204,3292
24205,8319
24206,7294
24207,4802
24208,4180
24209,2594
24210,4085
24211,4720
24212,5206
24213,3209
24214,9339
24215,4441
24216,4234
24217,6546
24218,5144
24219,5978
24220,4913
24221,6109
24222,10550
24223,5019
24224,7292
24225,6014
24226,3770
24227,3283
24228,4690
24229,6480
24230,6500
24231,3535
24232,13276
24233,5378
24234,5102
24235,12577
24236,5106
24237,7298
24238,4683
24239,5693
24240,5244
24241,6916
24242,16477
24243,3163
24244,5637
24245,3769
24246,9762
24247,7057
24248,5003
24249,3892
24250,4202
24251,2612
24252,2125
24253,7254
24254,2185
24255,4003
24256,1333
24257,21162
24258,9192
24259,2068
24260,5323
24261,6416
24262,6684
24263,5504
24264,8188
24265,5755
24266,5834
24267,2808
24268,7874
24269,6593
24270,4074
24271,6461
24272,9510
24273,4651
24274,8251
24275,6782
24276,3080
24277,6013
24278,7582
24279,2831
24280,8982
24281,6920
24282,5137
24283,10346
24284,3823
24285,5295
24286,8867
24287,6663
24288,2434
24289,4923
24290,3840
24291,3410
24292,5486
24293,6663
24294,3523
24295,6234
24296,2313
24297,5758
24298,2939
24299,5760
24300,5675
24301,4900
24302,5945
24303,9233
24304,2900
24305,6031
24306,7157
24307,3470
24308,5831
24309,6097
24310,9183
24311,7158
24312,3834
24313,2183
24314,2264
24315,5890
24316,5207
24317,4425
24318,12316
24319,5541
24320,5764
24321,9136
24322,6725
24323,2301
24324,0
24325,4791
24326,8307
24327,6535
24328,7615
24329,6565
24330,8544
24331,5240
24332,4162
24333,2980
24334,3591
24335,6211
24336,4670
24337,8164
24338,5235
24339,2771
24340,7268
24341,7021
24342,4710
24343,7139
24344,4776
24345,7150
24346,3819
24347,5060
24348,4212
24349,5085
24350,3769
24351,6191
24352,7902
24353,8183
24354,6379
24355,6121
24356,4276
24357,6391
24358,7158
24359,7288
24360,3053
24361,3017
24362,8604
24363,6393
24364,3204
24365,4124
24366,7722
24367,6658
24368,2532
24369,6197
24370,5093
24371,1790
24372,5389
24373,2927
24374,4339
24375,6619
24376,5976
24377,5270
24378,4419
24379,8843
24380,6497
24381,3780
24382,5668
24383,5902
24384,3041
24385,1149
24386,7140
24387,1566
24388,6074
24389,10320
24390,5947
24391,4554
24392,3281
24393,5843
24394,5619
24395,5011
24396,6307
24397,6478
24398,8144
24399,6342
24400,8698
24401,4011
24402,4055
24403,4423
24404,3774
24405,5844
24406,6491
24407,3443
24408,5848
24409,2682
24410,8368
24411,4732
24412,4356
24413,3955
24414,5901
24415,7604
24416,3573
24417,7150
24418,4463
24419,5563
24420,5390
24421,6499
24422,7985
24423,4839
24424,3983
24425,10052
24426,6678
24427,6822
24428,1936
24429,4704
24430,5253
24431,4012
24432,5065
24433,11158
24434,8528
24435,9629
24436,10130
24437,6430
24438,6008
24439,6407
24440,6232
24441,7615
24442,11157
24443,3599
24444,1909
24445,1629
24446,4139
24447,5543
24448,10833
24449,2572
24450,2010
24451,5380
24452,5716
24453,6054
24454,11374
24455,7015
24456,6395
24457,2687
24458,8311
24459,6233
24460,7619
24461,7584
24462,3431
24463,6768
24464,3140
24465,7058
24466,5831
24467,5274
24468,6360
24469,4231
24470,6812
24471,5097
24472,7308
24473,4765
24474,8599
24475,5450
24476,8922
24477,5171
24478,3905
24479,8323
24480,2994
24481,10444
24482,6044
24483,4810
24484,3400
24485,7114
24486,4916
24487,4548
24488,7160
24489,4596
24490,12724
24491,3234
24492,3020
24493,5873
24494,6379
24495,11080
24496,2789
24497,4981
24498,6398
24499,5777
24500,5100
24501,3542
24502,6401
24503,3419
24504,10748
24505,2931
24506,7497
24507,13557
24508,7681
24509,6287
24510,3431
24511,5213
24512,8112
24513,2799
24514,7889
24515,2984
24516,8775
24517,6839
24518,5835
24519,5953
24520,4813
24521,3078
24522,5444
24523,2368
24524,3867
24525,3292
24526,2757
24527,7483
24528,6193
24529,21760
24530,7856
24531,0
24532,0
24533,0
24534,0
24535,0
24536,0
24537,0
24538,0
24539,0
24540,0
24541,0
24542,0
24543,0
24544,0
24545,0
24546,0
24547,0
24548,0
24549,0
24550,0
24551,0
24552,0
24553,0
24554,0
24555,0
24556,0
24557,0
24558,0
24559,0
24560,0
24561,0
24562,0
24563,0
24564,0
24565,0
24566,0
24567,0
24568,0
24569,0
24570,0
24571,0
24572,0
24573,0
24574,0
24575,0
24576,0
24577,0
24578,0
24579,0
24580,0
24581,0
24582,0
24583,0
24584,0
24585,0
24586,0
24587,0
24588,0
24589,0
24590,0
24591,0
24592,0
24593,0
24594,0
24595,0
24596,0
24597,0
24598,0
24599,0
24600,0
24601,0
24602,0
24603,0
24604,0
24605,0
24606,0
24607,0
24608,0
24609,0
24610,0
24611,0
24612,0
24613,0
24614,0
24615,12821
24616,0
24617,0
24618,0
24619,0
24620,0
24621,0
24622,0
24623,0
24624,0
24625,0
24626,0
24627,0
24628,0
24629,0
24630,0
24631,0
24632,0
24633,0
24634,0
24635,0
24636,0
24637,0
24638,0
24639,0
24640,0
24641,0
24642,0
24643,0
24644,0
24645,0
24646,0
24647,0
24648,0
24649,0
24650,0
24651,0
24652,4102
24653,0
24654,0
24655,0
24656,0
24657,0
24658,0
24659,0
24660,0
24661,0
24662,0
24663,0
24664,0
24665,0
24666,0
24667,0
24668,0
24669,0
24670,0
24671,0
24672,0
24673,0
24674,0
24675,0
24676,0
24677,0
24678,0
24679,0
24680,0
24681,0
24682,0
24683,0
24684,0
24685,0
24686,0
24687,0
24688,0
24689,0
24690,0
24691,0
24692,0
24693,0
24694,0
24695,0
24696,0
24697,0
24698,0
24699,0
24700,0
24701,0
24702,0
24703,0
24704,0
24705,0
24706,0
24707,0
24708,0
24709,0
24710,0
24711,0
24712,0
24713,0
24714,0
24715,0
24716,0
24717,0
24718,0
24719,0
24720,0
24721,0
24722,0
24723,0
24724,0
24725,0
24726,0
24727,0
24728,0
24729,0
24730,0
24731,0
24732,0
24733,0
24734,0
24735,0
24736,0
24737,0
24738,0
24739,2883
24740,0
24741,0
24742,0
24743,0
24744,0
24745,0
24746,0
24747,0
24748,0
24749,0
24750,0
24751,0
24752,0
24753,0
24754,0
24755,0
24756,0
24757,0
24758,0
24759,0
24760,0
24761,0
24762,0
24763,0
24764,0
24765,0
24766,0
24767,0
24768,0
24769,0
24770,0
24771,0
24772,0
24773,0
24774,0
24775,0
24776,0
24777,0
24778,0
24779,0
24780,0
24781,0
24782,0
24783,0
24784,0
24785,0
24786,0
24787,0
24788,0
24789,17556
24790,0
24791,0
24792,29824
24793,0
24794,0
24795,0
24796,0
24797,0
24798,0
24799,0
24800,0
24801,0
24802,0
24803,0
24804,7697
24805,0
24806,0
24807,0
24808,0
24809,0
24810,0
24811,0
24812,0
24813,0
24814,0
24815,0
24816,0
24817,0
24818,0
24819,0
24820,0
24821,0
24822,0
24823,0
24824,0
24825,0
24826,0
24827,0
24828,0
24829,5191
24830,0
24831,0
24832,0
24833,0
24834,0
24835,0
24836,0
24837,0
24838,0
24839,0
24840,3169
24841,0
24842,0
24843,0
24844,0
24845,0
24846,0
24847,0
24848,0
24849,0
24850,0
24851,0
24852,0
24853,0
24854,0
24855,0
24856,0
24857,0
24858,0
24859,0
24860,0
24861,0
24862,0
24863,0
24864,0
24865,8808
24866,0
24867,0
24868,0
24869,0
24870,0
24871,0
24872,0
24873,0
24874,0
24875,0
24876,0
24877,0
24878,0
24879,0
24880,0
24881,0
24882,0
24883,9072
24884,0
24885,0
24886,0
24887,0
24888,0
24889,0
24890,0
24891,0
24892,0
24893,0
24894,0
24895,0
24896,0
24897,0
24898,0
24899,0
24900,0
24901,0
24902,0
24903,0
24904,0
24905,0
24906,0
24907,0
24908,0
24909,0
24910,0
24911,0
24912,0
24913,0
24914,0
24915,0
24916,0
24917,0
24918,0
24919,0
24920,0
24921,0
24922,0
24923,0
24924,0
24925,0
24926,0
24927,0
24928,0
24929,0
24930,0
24931,0
24932,0
24933,0
24934,0
24935,0
24936,0
24937,0
24938,0
24939,0
24940,0
24941,0
24942,0
24943,0
24944,0
24945,0
24946,0
24947,0
24948,0
24949,0
24950,0
24951,0
24952,0
24953,15399
24954,0
24955,0
24956,0
24957,0
24958,0
24959,0
24960,0
24961,0
24962,0
24963,1751
24964,0
24965,0
24966,0
24967,0
24968,0
24969,0
24970,0
24971,0
24972,0
24973,0
24974,0
24975,0
24976,0
24977,0
24978,0
24979,0
24980,0
24981,0
24982,0
24983,5242
24984,0
24985,0
24986,0
24987,0
24988,0
24989,0
24990,0
24991,0
24992,0
24993,0
24994,0
24995,0
24996,0
24997,0
24998,0
24999,0
25000,0
25001,0
25002,0
25003,0
25004,0
25005,0
25006,0
25007,0
25008,0
25009,0
25010,0
25011,0
25012,0
25013,0
25014,0
25015,0
25016,0
25017,0
25018,0
25019,0
25020,0
25021,0
25022,0
25023,0
25024,8459
25025,0
25026,0
25027,0
25028,0
25029,0
25030,0
25031,0
25032,0
25033,0
25034,0
25035,0
25036,0
25037,0
25038,0
25039,0
25040,0
25041,0
25042,7843
25043,0
25044,0
25045,0
25046,0
25047,0
25048,0
25049,0
25050,0
25051,0
25052,0
25053,0
25054,2300
25055,0
25056,0
25057,0
25058,0
25059,0
25060,5358
25061,0
25062,0
25063,0
25064,0
25065,0
25066,0
25067,0
25068,0
25069,0
25070,0
25071,0
25072,0
25073,0
25074,0
25075,0
25076,0
25077,0
25078,0
25079,0
25080,0
25081,0
25082,0
25083,0
25084,0
25085,0
25086,0
25087,0
25088,0
25089,0
25090,0
25091,0
25092,19245
25093,0
25094,0
25095,0
25096,0
25097,0
25098,0
25099,0
25100,0
25101,0
25102,0
25103,0
25104,0
25105,0
25106,0
25107,0
25108,6344
25109,0
25110,0
25111,0
25112,0
25113,0
25114,0
25115,0
25116,0
25117,0
25118,0
25119,0
25120,0
25121,0
25122,0
25123,0
25124,0
25125,0
25126,0
25127,0
25128,0
25129,0
25130,0
25131,0
25132,0
25133,0
25134,0
25135,0
25136,0
25137,0
25138,0
25139,0
25140,0
25141,0
25142,0
25143,0
25144,0
25145,0
25146,0
25147,0
25148,0
25149,0
25150,0
25151,0
25152,0
25153,0
25154,0
25155,0
25156,0
25157,0
25158,0
25159,0
25160,0
25161,0
25162,0
25163,0
25164,0
25165,0
25166,0
25167,0
25168,0
25169,0
25170,0
25171,0
25172,0
25173,0
25174,0
25175,0
25176,0
25177,0
25178,0
25179,0
25180,0
25181,0
25182,0
25183,0
25184,0
25185,0
25186,0
25187,0
25188,0
25189,0
25190,0
25191,0
25192,0
25193,0
25194,0
25195,0
25196,0
25197,0
25198,0
25199,0
25200,0
25201,0
25202,0
25203,0
25204,0
25205,0
25206,13763
25207,0
25208,0
25209,0
25210,0
25211,0
25212,7692
25213,0
25214,0
25215,0
25216,0
25217,0
25218,0
25219,0
25220,0
25221,0
25222,0
25223,0
25224,0
25225,0
25226,0
25227,0
25228,0
25229,0
25230,0
25231,0
25232,0
25233,0
25234,0
25235,0
25236,0
25237,0
25238,0
25239,0
25240,0
25241,0
25242,0
25243,0
25244,0
25245,0
25246,0
25247,0
25248,0
25249,0
25250,0
25251,0
25252,0
25253,0
25254,0
25255,0
25256,0
25257,0
25258,0
25259,0
25260,0
25261,0
25262,3881
25263,17101
25264,0
25265,0
25266,0
25267,0
25268,0
25269,0
25270,0
25271,0
25272,0
25273,0
25274,0
25275,0
25276,0
25277,0
25278,0
25279,0
25280,0
25281,0
25282,0
25283,0
25284,0
25285,0
25286,0
25287,0
25288,0
25289,0
25290,0
25291,0
25292,0
25293,0
25294,0
25295,0
25296,0
25297,0
25298,0
25299,12904
25300,0
25301,0
25302,0
25303,0
25304,0
25305,0
25306,0
25307,0
25308,0
25309,0
25310,0
25311,0
25312,0
25313,0
25314,0
25315,0
25316,0
25317,0
25318,0
25319,0
25320,0
25321,0
25322,0
25323,0
25324,0
25325,0
25326,0
25327,0
25328,0
25329,0
25330,0
25331,0
25332,0
25333,0
25334,0
25335,0
25336,0
25337,0
25338,0
25339,0
25340,0
25341,0
25342,0
25343,0
25344,0
25345,0
25346,0
25347,0
25348,0
25349,0
25350,0
25351,0
25352,0
25353,0
25354,0
25355,0
25356,0
25357,0
25358,0
25359,0
25360,0
25361,0
25362,0
25363,0
25364,0
25365,0
25366,0
25367,0
25368,0
25369,0
25370,0
25371,0
25372,0
25373,0
25374,0
25375,0
25376,0
25377,0
25378,0
25379,0
25380,0
25381,0
25382,0
25383,0
25384,0
25385,0
25386,0
25387,0
25388,0
25389,0
25390,0
25391,0
25392,0
25393,2815
25394,0
25395,0
25396,0
25397,2292
25398,0
25399,0
25400,0
25401,0
25402,0
25403,0
25404,0
25405,0
25406,0
25407,0
25408,0
25409,0
25410,0
25411,0
25412,0
25413,0
25414,0
25415,0
25416,0
25417,0
25418,0
25419,0
25420,0
25421,0
25422,0
25423,0
25424,0
25425,0
25426,0
25427,0
25428,0
25429,0
25430,0
25431,0
25432,0
25433,0
25434,0
25435,0
25436,0
25437,0
25438,0
25439,0
25440,0
25441,0
25442,0
25443,0
25444,0
25445,0
25446,0
25447,0
25448,0
25449,0
25450,0
25451,0
25452,0
25453,0
25454,0
25455,0
25456,0
25457,0
25458,0
25459,0
25460,0
25461,2523
25462,0
25463,0
25464,0
25465,0
25466,0
25467,0
25468,0
25469,0
25470,0
25471,0
25472,0
25473,0
25474,0
25475,0
25476,0
25477,0
25478,12133
25479,0
25480,0
25481,0
25482,0
25483,0
25484,0
25485,0
25486,0
25487,0
25488,0
25489,0
25490,0
25491,0
25492,0
25493,0
25494,0
25495,0
25496,0
25497,0
25498,0
25499,0
25500,0
25501,0
25502,0
25503,0
25504,0
25505,0
25506,0
25507,0
25508,0
25509,0
25510,0
25511,0
25512,0
25513,0
25514,0
25515,0
25516,0
25517,0
25518,0
25519,0
25520,0
25521,0
25522,0
25523,0
25524,0
25525,0
25526,0
25527,0
25528,0
25529,0
25530,0
25531,0
25532,0
25533,0
25534,0
25535,0
25536,0
25537,0
25538,0
25539,0
25540,0
25541,0
25542,0
25543,0
25544,0
25545,0
25546,0
25547,0
25548,0
25549,0
25550,0
25551,0
25552,0
25553,0
25554,0
25555,0
25556,0
25557,0
25558,0
25559,0
25560,0
25561,0
25562,0
25563,0
25564,0
25565,0
25566,0
25567,0
25568,0
25569,0
25570,0
25571,0
25572,0
25573,0
25574,0
25575,4918
25576,0
25577,0
25578,0
25579,0
25580,0
25581,0
25582,0
25583,0
25584,0
25585,0
25586,0
25587,0
25588,0
25589,0
25590,0
25591,0
25592,0
25593,0
25594,0
25595,0
25596,0
25597,0
25598,0
25599,0
25600,0
25601,0
25602,0
25603,0
25604,0
25605,0
25606,0
25607,0
25608,0
25609,0
25610,0
25611,5831
25612,0
25613,0
25614,0
25615,0
25616,0
25617,0
25618,0
25619,0
25620,0
25621,0
25622,0
25623,0
25624,0
25625,0
25626,0
25627,13778
25628,0
25629,5265
25630,0
25631,0
25632,0
25633,0
25634,0
25635,0
25636,0
25637,0
25638,0
25639,0
25640,0
25641,0
25642,0
25643,0
25644,0
25645,0
25646,5263
25647,7423
25648,10165
25649,12740
25650,7795
25651,6919
25652,13366
25653,9933
25654,11416
25655,7813
25656,9945
25657,12044
25658,7402
25659,7573
25660,9916
25661,11224
25662,10537
25663,10533
25664,9757
25665,11036
25666,8395
25667,6658
25668,8632
25669,14359
25670,14078
25671,11254
25672,14792
25673,7685
25674,13336
25675,5749
25676,7639
25677,6163
25678,11052
25679,11153
25680,18178
25681,11552
25682,9633
25683,10080
25684,8187
25685,5375
25686,8037
25687,14126
25688,9322
25689,8192
25690,7291
25691,8192
25692,10569
25693,4935
25694,10450
25695,6712
25696,9403
25697,9665
25698,7685
25699,10941
25700,7807
25701,9921
25702,14383
25703,10945
25704,8697
25705,14735
25706,6673
25707,9066
25708,10496
25709,15863
25710,7895
25711,7660
25712,11858
25713,8913
25714,11326
25715,9974
25716,13521
25717,7963
25718,6960
25719,8890
25720,8186
25721,13102
25722,11491
25723,5692
25724,8281
25725,10719
25726,8871
25727,13422
25728,5069
25729,18099
25730,8675
25731,6718
25732,8549
25733,10616
25734,8298
25735,11920
25736,6473
25737,10045
25738,8513
25739,11409
25740,10936
25741,9504
25742,10956
25743,7669
25744,7904
25745,10687
25746,10779
25747,11046
25748,6203
25749,12326
25750,7423
25751,11685
25752,9699
25753,16622
25754,9084
25755,6409
25756,9305
25757,7421
25758,7588
25759,7660
25760,9737
25761,9941
25762,5198
25763,13569
25764,8709
25765,10261
25766,6425
25767,10505
25768,13390
25769,5728
25770,16273
25771,8252
25772,8052
25773,11819
25774,12077
25775,6800
25776,6251
25777,9811
25778,9316
25779,6323
25780,8151
25781,8362
25782,10904
25783,12529
25784,9679
25785,9777
25786,7695
25787,5810
25788,9733
25789,9458
25790,10298
25791,12043
25792,11744
25793,12221
25794,8076
25795,12721
25796,10978
25797,8255
25798,10337
25799,13941
25800,9978
25801,11706
25802,14472
25803,9227
25804,12418
25805,7813
25806,9228
25807,11581
25808,8762
25809,10370
25810,5359
25811,7086
25812,14284
25813,11488
25814,8456
25815,5717
25816,13148
25817,8668
25818,11760
25819,7822
25820,8300
25821,8053
25822,6177
25823,16194
25824,11122
25825,10150
25826,10106
25827,7836
25828,7842
25829,9428
25830,10790
25831,5476
25832,9169
25833,7771
25834,11371
25835,10720
25836,8311
25837,15936
25838,7873
25839,5964
25840,14681
25841,7930
25842,9398
25843,5872
25844,12441
25845,10127
25846,6973
25847,8573
25848,9883
25849,7518
25850,9587
25851,11676
25852,17689
25853,4015
25854,9140
25855,4240
25856,19696
25857,6654
25858,12679
25859,12885
25860,9317
25861,10207
25862,6370
25863,7128
25864,4388
25865,6450
25866,8571
25867,7730
25868,11188
25869,10294
25870,8138
25871,9208
25872,8403
25873,10717
25874,12124
25875,10772
25876,7119
25877,5486
25878,12571
25879,18107
25880,8578
25881,10930
25882,6291
25883,10655
25884,7709
25885,6994
25886,8972
25887,7064
25888,10613
25889,9207
25890,11660
25891,9687
25892,12198
25893,10594
25894,7538
25895,13348
25896,23345
25897,15654
25898,9060
25899,4364
25900,8465
25901,12120
25902,6984
25903,7937
25904,13885
25905,7640
25906,21577
25907,20848
25908,5763
25909,9783
25910,7971
25911,5697
25912,11236
25913,7200
25914,14140
25915,12978
25916,13844
25917,10277
25918,12387
25919,4818
25920,9856
25921,5332
25922,8812
25923,10216
25924,16478
25925,7789
25926,7965
25927,6611
25928,10058
25929,7916
25930,6782
25931,6985
25932,10398
25933,8506
25934,8510
25935,10915
25936,12798
25937,0
25938,9517
25939,8458
25940,7437
25941,9567
25942,10661
25943,11393
25944,10721
25945,9281
25946,7300
25947,5085
25948,9161
25949,8969
25950,9330
25951,6129
25952,4271
25953,12645
25954,11042
25955,13448
25956,8885
25957,8760
25958,11345
25959,7527
25960,5833
25961,15490
25962,7044
25963,11401
25964,10035
25965,19387
25966,8228
25967,8880
25968,9568
25969,8830
25970,8556
25971,7118
25972,12299
25973,6077
25974,10109
25975,5682
25976,7138
25977,5678
25978,13633
25979,6997
25980,21065
25981,18124
25982,6176
25983,9214
25984,6795
25985,10067
25986,7599
25987,15407
25988,12068
25989,14684
25990,6460
25991,9907
25992,6051
25993,11382
25994,10815
25995,9863
25996,8819
25997,8627
25998,7133
25999,11848
26000,12121
26001,7558
26002,11333
26003,15108
26004,8168
26005,10320
26006,9131
26007,12984
26008,9947
26009,6627
26010,7475
26011,9934
26012,8589
26013,16896
26014,8202
26015,10715
26016,9815
26017,13440
26018,5590
26019,10438
26020,15192
26021,12732
26022,11340
26023,9259
26024,6111
26025,18895
26026,13214
26027,12755
26028,20216
26029,14118
26030,11404
26031,9778
26032,14366
26033,15280
26034,15165
26035,16925
26036,8475
26037,11555
26038,8474
26039,12119
26040,5048
26041,16071
26042,9451
26043,8169
26044,8104
26045,13996
26046,12004
26047,8425
26048,9992
26049,7097
26050,7971
26051,9646
26052,5492
26053,6667
26054,7952
26055,10035
26056,13913
26057,11438
26058,9863
26059,8590
26060,8601
26061,16111
26062,10458
26063,8000
26064,7803
26065,6832
26066,12081
26067,5677
26068,12997
26069,9920
26070,4684
26071,7250
26072,12010
26073,8596
26074,7337
26075,11322
26076,12836
26077,15589
26078,8055
26079,12775
26080,4310
26081,8309
26082,10148
26083,9547
26084,11169
26085,7152
26086,8573
26087,6446
26088,8280
26089,14890
26090,10495
26091,7305
26092,7150
26093,12180
26094,14783
26095,10743
26096,7450
26097,7438
26098,12554
26099,9333
26100,9230
26101,8635
26102,7753
26103,9935
26104,13725
26105,6604
26106,5919
26107,7110
26108,8942
26109,12574
26110,11898
26111,11726
26112,17724
26113,7434
26114,16173
26115,16359
26116,9431
26117,6859
26118,4969
26119,11872
26120,8562
26121,9855
26122,9019
26123,10472
26124,15681
26125,7360
26126,8783
26127,11293
26128,7654
26129,9473
26130,7021
26131,6601
26132,9864
26133,5352
26134,12652
26135,10201
26136,10088
26137,10854
26138,12757
26139,10267
26140,8122
26141,12300
26142,11334
26143,8475
26144,7471
26145,7338
26146,6790
26147,13518
26148,11080
26149,8802
26150,7197
26151,11060
26152,12311
26153,10679
26154,8954
26155,11921
26156,6690
26157,6746
26158,22349
26159,9568
26160,10975
26161,9273
26162,8951
26163,9308
26164,8014
26165,5723
26166,6786
26167,11580
26168,17497
26169,11467
26170,12709
26171,16568
26172,14058
26173,15798
26174,11752
26175,7862
26176,6591
26177,13417
26178,15714
26179,11963
26180,12045
26181,11462
26182,8244
26183,6286
26184,13399
26185,10684
26186,10543
26187,8618
26188,4801
26189,20699
26190,16671
26191,18503
26192,7928
26193,8110
26194,6419
26195,8411
26196,8655
26197,13766
26198,8337
26199,6844
26200,6995
26201,10837
26202,6151
26203,4081
26204,9702
26205,19258
26206,9998
26207,20493
26208,6368
26209,7875
26210,10036
26211,8082
26212,7293
26213,6601
26214,5892
26215,5928
26216,10955
26217,9879
26218,5637
26219,12687
26220,10452
26221,10121
26222,6433
26223,13055
26224,11891
26225,12601
26226,8381
26227,9838
26228,6568
26229,6740
26230,6834
26231,20204
26232,14761
26233,8602
26234,8625
26235,6641
26236,7370
26237,6135
26238,12606
26239,6081
26240,20711
26241,6056
26242,6688
26243,7451
26244,12839
26245,10202
26246,6382
26247,8736
26248,10205
26249,10176
26250,10318
26251,7987
26252,7018
26253,15113
26254,6454
26255,6572
26256,7560
26257,9411
26258,8730
26259,8464
26260,13274
26261,11029
26262,10039
26263,9694
26264,6755
26265,10672
26266,7731
26267,6196
26268,9528
26269,10060
26270,9572
26271,15316
26272,9391
26273,8824
26274,9062
26275,9518
26276,8016
26277,9822
26278,8604
26279,12126
26280,10599
26281,11393
26282,12008
26283,7893
26284,6475
26285,17315
26286,8664
26287,4235
26288,10240
26289,11293
26290,14058
26291,6797
26292,8666
26293,9421
26294,6397
26295,8119
26296,9886
26297,11919
26298,8093
26299,11493
26300,13897
26301,4112
26302,9046
26303,8483
26304,7944
26305,7850
26306,9144
26307,13402
26308,6977
26309,8500
26310,11774
26311,10549
26312,13589
26313,13082
26314,6247
26315,9298
26316,9177
26317,11352
26318,11173
26319,11745
26320,5593
26321,9930
26322,10224
26323,11040
26324,14435
26325,5947
26326,5196
26327,15611
26328,12900
26329,13212
26330,10000
26331,10862
26332,11715
26333,5602
26334,9712
26335,7479
26336,11442
26337,10514
26338,12508
26339,10573
26340,9921
26341,12931
26342,15285
26343,21097
26344,9509
26345,7034
26346,9224
26347,5810
26348,4798
26349,15964
26350,12189
26351,7530
26352,12539
26353,8049
26354,14252
26355,7093
26356,9028
26357,8633
26358,13641
26359,6689
26360,10385
26361,7375
26362,8411
26363,9928
26364,6475
26365,9944
26366,9070
26367,11993
26368,10970
26369,9302
26370,7580
26371,17057
26372,6423
26373,6541
26374,16269
26375,10171
26376,13801
26377,10208
26378,16412
26379,8703
26380,9952
26381,6812
26382,9234
26383,11615
26384,16303
26385,9979
26386,11527
26387,11977
26388,6534
26389,9770
26390,12851
26391,10191
26392,11969
26393,8338
26394,6981
26395,7079
26396,5521
26397,8551
26398,12021
26399,11299
26400,15827
26401,21609
26402,9801
26403,6705
26404,10886
26405,9367
26406,12917
26407,6067
26408,8846
26409,5281
26410,11440
26411,9082
26412,9386
26413,19530
26414,13140
26415,7860
26416,9532
26417,5248
26418,6457
26419,7483
26420,11549
26421,7445
26422,5736
26423,8082
26424,12157
26425,10498
26426,7622
26427,7350
26428,10254
26429,10109
26430,11273
26431,5599
26432,15022
26433,23499
26434,4148
26435,9726
26436,12920
26437,11394
26438,8760
26439,4030
26440,6844
26441,11658
26442,6787
26443,12563
26444,12711
26445,6773
26446,8421
26447,9926
26448,8637
26449,6142
26450,8466
26451,10934
26452,12432
26453,11008
26454,15500
26455,7419
26456,5202
26457,10024
26458,7489
26459,14053
26460,8154
26461,6158
26462,26296
26463,10407
26464,8279
26465,15474
26466,10097
26467,11661
26468,8711
26469,10496
26470,6685
26471,12160
26472,17004
26473,8408
26474,7596
26475,9672
26476,17775
26477,8997
26478,7507
26479,8925
26480,7821
26481,10111
26482,5834
26483,12742
26484,6373
26485,9425
26486,4236
26487,24160
26488,12002
26489,6408
26490,6190
26491,14037
26492,8689
26493,9339
26494,10968
26495,9535
26496,6718
26497,6488
26498,12775
26499,8641
26500,8429
26501,9830
26502,10227
26503,7094
26504,9912
26505,8546
26506,4839
26507,11223
26508,11484
26509,5811
26510,9949
26511,9878
26512,6895
26513,13068
26514,9611
26515,8675
26516,8706
26517,10360
26518,4983
26519,6609
26520,7632
26521,14257
26522,8449
26523,12944
26524,5747
26525,10500
26526,6551
26527,8170
26528,6407
26529,9125
26530,7578
26531,9896
26532,10723
26533,11886
26534,6183
26535,9359
26536,9445
26537,12269
26538,8136
26539,13023
26540,12820
26541,8639
26542,3853
26543,11902
26544,8758
26545,8526
26546,10831
26547,5386
26548,14316
26549,7471
26550,9551
26551,14169
26552,8339
26553,6778
26554,0
26555,9450
26556,14280
26557,6879
26558,12005
26559,12877
26560,8183
26561,7028
26562,8901
26563,8002
26564,8231
26565,7256
26566,13394
26567,9521
26568,6745
26569,6646
26570,7411
26571,11086
26572,9971
26573,13215
26574,7900
26575,9641
26576,5681
26577,10241
26578,11340
26579,9522
26580,8343
26581,8638
26582,11347
26583,13298
26584,8397
26585,11629
26586,7854
26587,9049
26588,9850
26589,8674
26590,5896
26591,5805
26592,9027
26593,8518
26594,9481
26595,8601
26596,11768
26597,7118
26598,8572
26599,10152
26600,7388
26601,4665
26602,13590
26603,5202
26604,10584
26605,10330
26606,8536
26607,10548
26608,19117
26609,12116
26610,11319
26611,6262
26612,11349
26613,10306
26614,4990
26615,4641
26616,11972
26617,5820
26618,10956
26619,15874
26620,10394
26621,10857
26622,8208
26623,11436
26624,10703
26625,9954
26626,11451
26627,13688
26628,13407
26629,9622
26630,10757
26631,7209
26632,9924
26633,6303
26634,7437
26635,9513
26636,7315
26637,7340
26638,12065
26639,8234
26640,13948
26641,11654
26642,7680
26643,5686
26644,14600
26645,9636
26646,9078
26647,9556
26648,11340
26649,8294
26650,8300
26651,9657
26652,10315
26653,8437
26654,6378
26655,12895
26656,9641
26657,7354
26658,5797
26659,16774
26660,8449
26661,9194
26662,9143
26663,15586
26664,13902
26665,10974
26666,11875
26667,11456
26668,8857
26669,8094
26670,9366
26671,14046
26672,20375
26673,8412
26674,7913
26675,5609
26676,7735
26677,13854
26678,20723
26679,10992
26680,8196
26681,6826
26682,8598
26683,8074
26684,13135
26685,13024
26686,7470
26687,5645
26688,11003
26689,8526
26690,11488
26691,14545
26692,7209
26693,11266
26694,4981
26695,9817
26696,10954
26697,10581
26698,13250
26699,10107
26700,10783
26701,6765
26702,8858
26703,10095
26704,11715
26705,10238
26706,11011
26707,9097
26708,7027
26709,12773
26710,5724
26711,13619
26712,8178
26713,6166
26714,9627
26715,9942
26716,8668
26717,10580
26718,13269
26719,8123
26720,14027
26721,6042
26722,6640
26723,11054
26724,12306
26725,13769
26726,9335
26727,9389
26728,7049
26729,7591
26730,10843
26731,9871
26732,8862
26733,7658
26734,14158
26735,10062
26736,13271
26737,14844
26738,11322
26739,6528
26740,6810
26741,8432
26742,11368
26743,8006
26744,11403
26745,7745
26746,16028
26747,8835
26748,7755
26749,7287
26750,8675
26751,7376
26752,10232
26753,10598
26754,7592
26755,8120
26756,7613
26757,14736
26758,8408
26759,24907
26760,9490
26761,4840
26762,6461
26763,8918
26764,10898
26765,6140
26766,5565
26767,11812
26768,8219
26769,8620
26770,6852
26771,8749
26772,9879
26773,5783
26774,6335
26775,8287
26776,9658
26777,8803
26778,8282
26779,7825
26780,9844
26781,7326
26782,5579
26783,6679
26784,11412
26785,12040
26786,8089
26787,12665
26788,6358
26789,10000
26790,5276
26791,6665
26792,5051
26793,8824
26794,9499
26795,14466
26796,10370
26797,7201
26798,7472
26799,6382
26800,4987
26801,6541
26802,12171
26803,7649
26804,6744
26805,5743
26806,6610
26807,9217
26808,4107
26809,8661
26810,5214
26811,7509
26812,7806
26813,6397
26814,8648
26815,6325
26816,8573
26817,10684
26818,8580
26819,6908
26820,11544
26821,5825
26822,7949
26823,8371
26824,12789
26825,6436
26826,6742
26827,10099
26828,7977
26829,10382
26830,7932
26831,10959
26832,6283
26833,6127
26834,7235
26835,6865
26836,10345
26837,9274
26838,4502
26839,6949
26840,8754
26841,7570
26842,11445
26843,4301
26844,15034
26845,7512
26846,5774
26847,7330
26848,8075
26849,7103
26850,9658
26851,5542
26852,7782
26853,7444
26854,8949
26855,8792
26856,7640
26857,8151
26858,6248
26859,6552
26860,8791
26861,9222
26862,8622
26863,5408
26864,11110
26865,6072
26866,10326
26867,8270
26868,13519
26869,7627
26870,5253
26871,7818
26872,6493
26873,6353
26874,6081
26875,8656
26876,8477
26877,4263
26878,10199
26879,7387
26880,8417
26881,5095
26882,8776
26883,10765
26884,5338
26885,13958
26886,6611
26887,6459
26888,9761
26889,10502
26890,5864
26891,5019
26892,8432
26893,7539
26894,5442
26895,6932
26896,6627
26897,9449
26898,9928
26899,7952
26900,8783
26901,6763
26902,4817
26903,7832
26904,8133
26905,8857
26906,9678
26907,8752
26908,10809
26909,6966
26910,10226
26911,8138
26912,6893
26913,8452
26914,10972
26915,7783
26916,9126
26917,11991
26918,8468
26919,9403
26920,6665
26921,7891
26922,9513
26923,7741
26924,8362
26925,4564
26926,6233
26927,12921
26928,9308
26929,7094
26930,4877
26931,10008
26932,7737
26933,10065
26934,6776
26935,7045
26936,6066
26937,4907
26938,12342
26939,9020
26940,8283
26941,8399
26942,6494
26943,6641
26944,7479
26945,8282
26946,4812
26947,8096
26948,6165
26949,9952
26950,9282
26951,7381
26952,13878
26953,6589
26954,5125
26955,12334
26956,6110
26957,8029
26958,4756
26959,9886
26960,8720
26961,5667
26962,7171
26963,8025
26964,6378
26965,7987
26966,9517
26967,14100
26968,3329
26969,7844
26970,3606
26971,17076
26972,5562
26973,10573
26974,10279
26975,7530
26976,8121
26977,5566
26978,6460
26979,3698
26980,5783
26981,7273
26982,6698
26983,8244
26984,8336
26985,6352
26986,8212
26987,7009
26988,8999
26989,10888
26990,8909
26991,5755
26992,4160
26993,11155
26994,13358
26995,7054
26996,9457
26997,5308
26998,8840
26999,5986
27000,5861
27001,7392
27002,4961
27003,8827
27004,6932
27005,10400
27006,8284
27007,9961
27008,9054
27009,6187
27010,10875
27011,20856
27012,12577
27013,6859
27014,3576
27015,6869
27016,10154
27017,6170
27018,6850
27019,13381
27020,6874
27021,16023
27022,19758
27023,4926
27024,8333
27025,6802
27026,5017
27027,9788
27028,6163
27029,10857
27030,11051
27031,11936
27032,8178
27033,9506
27034,4537
27035,8094
27036,4405
27037,7414
27038,8480
27039,11959
27040,6570
27041,6693
27042,5639
27043,8371
27044,6740
27045,5884
27046,5386
27047,9069
27048,6679
27049,7076
27050,8972
27051,9923
27052,0
27053,8110
27054,7852
27055,6741
27056,8431
27057,8566
27058,9179
27059,8608
27060,8844
27061,6205
27062,4368
27063,7577
27064,7857
27065,7287
27066,5353
27067,3579
27068,10875
27069,8566
27070,11204
27071,8173
27072,6820
27073,8271
27074,5866
27075,5096
27076,11874
27077,5943
27078,8613
27079,8619
27080,16387
27081,6969
27082,7207
27083,8177
27084,7667
27085,7080
27086,5699
27087,9689
27088,5124
27089,8018
27090,4720
27091,6668
27092,4335
27093,12055
27094,5828
27095,19667
27096,16320
27097,5359
27098,8263
27099,6284
27100,8164
27101,6470
27102,13108
27103,9387
27104,12621
27105,5287
27106,8584
27107,5183
27108,10015
27109,9728
27110,8270
27111,7029
27112,7296
27113,6651
27114,9158
27115,10589
27116,6392
27117,8915
27118,11425
27119,6763
27120,8506
27121,7446
27122,11083
27123,8686
27124,6174
27125,6358
27126,7840
27127,6578
27128,12885
27129,6940
27130,8514
27131,8122
27132,10739
27133,4898
27134,8952
27135,12634
27136,10510
27137,10359
27138,7817
27139,4906
27140,16567
27141,10726
27142,9203
27143,18125
27144,12149
27145,8816
27146,7876
27147,11813
27148,11967
27149,13448
27150,13983
27151,6691
27152,8675
27153,6508
27154,10048
27155,4524
27156,12851
27157,7924
27158,6765
27159,6962
27160,11904
27161,9664
27162,6656
27163,8279
27164,6408
27165,6233
27166,7810
27167,4501
27168,5543
27169,7313
27170,7886
27171,10992
27172,9837
27173,8270
27174,7041
27175,7009
27176,13338
27177,8907
27178,6536
27179,6776
27180,5607
27181,10418
27182,4872
27183,11435
27184,8100
27185,3867
27186,6157
27187,9819
27188,7024
27189,5912
27190,9410
27191,10426
27192,13663
27193,7053
27194,10987
27195,3502
27196,6523
27197,8416
27198,7176
27199,8877
27200,6310
27201,7252
27202,5237
27203,6276
27204,12509
27205,9262
27206,5840
27207,5943
27208,9640
27209,12857
27210,9193
27211,6658
27212,6322
27213,10894
27214,7528
27215,7761
27216,7433
27217,5998
27218,8359
27219,11976
27220,4914
27221,5053
27222,6098
27223,7023
27224,10705
27225,9538
27226,9607
27227,15504
27228,6206
27229,13554
27230,14381
27231,7687
27232,5927
27233,4175
27234,9283
27235,7375
27236,7479
27237,6989
27238,8631
27239,14212
27240,6271
27241,6911
27242,8708
27243,7087
27244,7820
27245,5832
27246,5194
27247,8313
27248,4339
27249,10736
27250,9234
27251,8054
27252,9583
27253,10457
27254,9589
27255,6605
27256,9463
27257,10604
27258,7533
27259,6442
27260,6331
27261,5632
27262,12001
27263,7959
27264,7468
27265,6523
27266,8233
27267,9656
27268,8538
27269,7737
27270,9722
27271,6004
27272,6410
27273,19777
27274,8067
27275,9255
27276,7521
27277,7570
27278,7206
27279,6195
27280,4813
27281,5600
27282,9608
27283,15311
27284,9639
27285,10684
27286,14342
27287,11861
27288,13033
27289,9533
27290,6803
27291,5777
27292,11405
27293,12564
27294,9300
27295,9768
27296,10072
27297,7236
27298,5229
27299,12103
27300,8655
27301,8138
27302,7563
27303,4036
27304,17225
27305,13763
27306,16488
27307,6667
27308,6569
27309,5582
27310,7106
27311,7897
27312,11209
27313,7110
27314,5746
27315,5574
27316,9492
27317,4810
27318,3682
27319,7659
27320,17004
27321,7938
27322,18630
27323,5307
27324,6385
27325,8047
27326,7050
27327,6040
27328,5558
27329,5195
27330,4837
27331,9091
27332,7675
27333,5017
27334,10476
27335,8024
27336,8436
27337,5241
27338,11094
27339,9100
27340,10949
27341,7119
27342,8768
27343,4863
27344,5786
27345,5467
27346,16956
27347,11705
27348,7185
27349,6809
27350,5409
27351,6649
27352,5183
27353,11007
27354,5290
27355,17173
27356,5234
27357,5997
27358,6798
27359,10799
27360,8204
27361,5563
27362,7931
27363,9518
27364,8249
27365,8728
27366,7094
27367,5433
27368,13252
27369,5722
27370,5100
27371,6543
27372,7458
27373,7205
27374,7184
27375,11199
27376,9704
27377,7940
27378,7906
27379,5440
27380,9342
27381,6980
27382,5014
27383,8123
27384,7584
27385,7818
27386,11254
27387,7668
27388,7621
27389,7626
27390,8189
27391,6998
27392,8406
27393,7422
27394,8742
27395,8516
27396,8621
27397,10266
27398,6972
27399,5436
27400,13562
27401,7017
27402,3980
27403,9311
27404,9876
27405,12733
27406,6017
27407,7142
27408,7887
27409,4660
27410,7169
27411,8207
27412,8488
27413,6860
27414,8903
27415,10123
27416,3957
27417,7484
27418,7020
27419,6918
27420,6316
27421,7765
27422,11056
27423,6489
27424,6147
27425,10245
27426,8375
27427,10333
27428,11075
27429,5334
27430,7823
27431,8279
27432,9759
27433,9198
27434,9251
27435,4379
27436,9213
27437,8089
27438,8758
27439,11501
27440,5438
27441,4861
27442,14499
27443,10570
27444,10184
27445,7776
27446,8209
27447,10070
27448,4583
27449,8038
27450,6690
27451,8900
27452,8486
27453,9637
27454,9618
27455,7356
27456,10678
27457,12472
27458,18054
27459,8911
27460,5986
27461,7508
27462,4931
27463,4057
27464,13402
27465,9355
27466,6212
27467,10560
27468,6188
27469,12645
27470,5417
27471,7432
27472,7087
27473,11067
27474,5815
27475,8284
27476,6519
27477,6733
27478,9069
27479,5438
27480,8389
27481,8103
27482,10546
27483,9019
27484,7584
27485,6618
27486,14195
27487,5748
27488,5692
27489,12946
27490,8587
27491,11212
27492,8567
27493,14965
27494,7135
27495,6655
27496,5969
27497,7480
27498,9426
27499,12990
27500,8456
27501,9872
27502,9057
27503,4659
27504,8478
27505,9777
27506,8134
27507,9572
27508,6732
27509,5972
27510,5865
27511,4704
27512,6421
27513,9900
27514,9161
27515,12530
27516,18548
27517,8202
27518,5778
27519,8596
27520,8317
27521,11034
27522,4683
27523,7020
27524,4813
27525,10243
27526,7556
27527,7458
27528,15813
27529,11938
27530,5776
27531,7848
27532,4456
27533,5946
27534,6334
27535,9543
27536,5929
27537,4773
27538,7222
27539,10020
27540,9282
27541,6245
27542,6522
27543,7781
27544,8364
27545,8413
27546,4562
27547,11972
27548,20439
27549,4020
27550,7973
27551,10532
27552,8916
27553,6372
27554,3476
27555,5508
27556,9599
27557,5902
27558,9936
27559,10444
27560,5292
27561,6371
27562,8028
27563,7230
27564,5563
27565,6546
27566,8556
27567,10888
27568,9058
27569,12628
27570,6350
27571,4461
27572,7775
27573,6602
27574,10437
27575,7139
27576,5255
27577,24233
27578,8386
27579,7049
27580,13580
27581,8620
27582,9307
27583,7322
27584,8885
27585,5793
27586,10156
27587,14725
27588,6422
27589,6986
27590,7926
27591,15944
27592,7575
27593,6412
27594,7547
27595,6252
27596,7739
27597,4999
27598,10153
27599,4924
27600,8342
27601,3318
27602,21679
27603,10304
27604,4944
27605,4961
27606,12302
27607,7215
27608,8020
27609,9170
27610,7514
27611,5400
27612,5749
27613,11238
27614,6991
27615,7409
27616,8479
27617,8686
27618,5913
27619,8408
27620,7689
27621,4440
27622,10024
27623,10472
27624,5216
27625,8140
27626,7976
27627,5494
27628,10765
27629,7496
27630,8073
27631,6989
27632,8362
27633,4085
27634,5360
27635,6135
27636,11905
27637,7151
27638,10195
27639,4599
27640,9144
27641,5179
27642,6972
27643,5211
27644,7376
27645,6873
27646,8303
27647,8338
27648,9768
27649,4780
27650,7176
27651,7728
27652,9466
27653,7485
27654,10489
27655,10890
27656,7377
27657,3482
27658,9565
27659,6896
27660,7263
27661,8790
27662,4735
27663,11979
27664,6039
27665,7581
27666,12541
27667,7701
27668,5441
27669,0
27670,7166
27671,11473
27672,6101
27673,11430
27674,11502
27675,6694
27676,6270
27677,7910
27678,6318
27679,6921
27680,6846
27681,11144
27682,7800
27683,6229
27684,5478
27685,7413
27686,8689
27687,7793
27688,9704
27689,7006
27690,7940
27691,5087
27692,8864
27693,9155
27694,8004
27695,6787
27696,7355
27697,9472
27698,10998
27699,6467
27700,9362
27701,6739
27702,7626
27703,8101
27704,7889
27705,5074
27706,5291
27707,8435
27708,7949
27709,7457
27710,7074
27711,9587
27712,6340
27713,6958
27714,7963
27715,5654
27716,3690
27717,10913
27718,4572
27719,8966
27720,8522
27721,7130
27722,8911
27723,15857
27724,10249
27725,9518
27726,5343
27727,9185
27728,8382
27729,4776
27730,3950
27731,9708
27732,4306
27733,9134
27734,14308
27735,8677
27736,8132
27737,6297
27738,8861
27739,8026
27740,7548
27741,8312
27742,10242
27743,10255
27744,7985
27745,9057
27746,6021
27747,8362
27748,5457
27749,6534
27750,7025
27751,5946
27752,6251
27753,9515
27754,6246
27755,11105
27756,9321
27757,5780
27758,5136
27759,11821
27760,8504
27761,7570
27762,7800
27763,9072
27764,6351
27765,7097
27766,7916
27767,8336
27768,6924
27769,5603
27770,10268
27771,7699
27772,6133
27773,4320
27774,13997
27775,6968
27776,7020
27777,7806
27778,12912
27779,10206
27780,9435
27781,10342
27782,8482
27783,6637
27784,6924
27785,8527
27786,11806
27787,15593
27788,6769
27789,6683
27790,4539
27791,6096
27792,11867
27793,18081
27794,8806
27795,6514
27796,5472
27797,7080
27798,6411
27799,11177
27800,10127
27801,6935
27802,4763
27803,9284
27804,7371
27805,9907
27806,10754
27807,5916
27808,9356
27809,4551
27810,7922
27811,10125
27812,8182
27813,11070
27814,8078
27815,9088
27816,5110
27817,7301
27818,8740
27819,10222
27820,7948
27821,9035
27822,7600
27823,5571
27824,10998
27825,4967
27826,11874
27827,7110
27828,5161
27829,8086
27830,8096
27831,7568
27832,8532
27833,11302
27834,6029
27835,12543
27836,4765
27837,5351
27838,9591
27839,10617
27840,11456
27841,8144
27842,8353
27843,6313
27844,7135
27845,8907
27846,7742
27847,7496
27848,6467
27849,11366
27850,8388
27851,10306
27852,13063
27853,9026
27854,5369
27855,5749
27856,6646
27857,10881
27858,6312
27859,9017
27860,6559
27861,12361
27862,7539
27863,6694
27864,6077
27865,6399
27866,6386
27867,8348
27868,8191
27869,6395
27870,6357
27871,5963
27872,10634
27873,7406
27874,22979
27875,7842
27876,4771
27877,6519
27878,8396
27879,10492
27880,5851
27881,5377
27882,10338
27883,7677
27884,7911
27885,6631
27886,9373
27887,9709
27888,5919
27889,5746
27890,8018
27891,9345
27892,7604
27893,8040
27894,7593
27895,9417
27896,6335
27897,5276
27898,6559
27899,10936
27900,11126
27901,7554
27902,11179
27903,5395
27904,9120
27905,4373
27906,6631
27907,4946
27908,8372
27909,9193
27910,12989
27911,10161
27912,7110
27913,6948
27914,6095
27915,4616
27916,6352
27917,12084
27918,6890
27919,6504
27920,5758
27921,6219
27922,9436
27923,4060
27924,8545
27925,5124
27926,7771
27927,7584
27928,6224
27929,8687
27930,5925
27931,8363
27932,9639
27933,7975
27934,6196
27935,11118
27936,5820
27937,7169
27938,8435
27939,12181
27940,5707
27941,6713
27942,9466
27943,8566
27944,9754
27945,7628
27946,10276
27947,5183
27948,5443
27949,6738
27950,6681
27951,10022
27952,8833
27953,4277
27954,6442
27955,8484
27956,7609
27957,10555
27958,4103
27959,15011
27960,7562
27961,5492
27962,7040
27963,7235
27964,6757
27965,9305
27966,5173
27967,7219
27968,6756
27969,8182
27970,7891
27971,6654
27972,7426
27973,5906
27974,6451
27975,8877
27976,9035
27977,8014
27978,5210
27979,10814
27980,5709
27981,10371
27982,7955
27983,13228
27984,7398
27985,5173
27986,7646
27987,6538
27988,6228
27989,5810
27990,8474
27991,8160
27992,4090
27993,9389
27994,7144
27995,8135
27996,4945
27997,8955
27998,10200
27999,4909
28000,13780
28001,6218
28002,5994
28003,9406
28004,9737
28005,5730
28006,4730
28007,8217
28008,7087
28009,5242
28010,7022
28011,6373
28012,9171
28013,9056
28014,7627
28015,8713
28016,6271
28017,4641
28018,7378
28019,8461
28020,8611
28021,9227
28022,8452
28023,10132
28024,6547
28025,9938
28026,7578
28027,6669
28028,8017
28029,10423
28030,7614
28031,8260
28032,11000
28033,8772
28034,8783
28035,6255
28036,7513
28037,8528
28038,7506
28039,7653
28040,4335
28041,6043
28042,12018
28043,9271
28044,6558
28045,4715
28046,9195
28047,7564
28048,9546
28049,6549
28050,6820
28051,5762
28052,4485
28053,11493
28054,7990
28055,8249
28056,7544
28057,6199
28058,6032
28059,7164
28060,7982
28061,4409
28062,6731
28063,5905
28064,9635
28065,8776
28066,7205
28067,13373
28068,6731
28069,5386
28070,11793
28071,5714
28072,8335
28073,3577
28074,9631
28075,8461
28076,5591
28077,7228
28078,8805
28079,6187
28080,7571
28081,8505
28082,13654
28083,3222
28084,7371
28085,3671
28086,15870
28087,6112
28088,9616
28089,10071
28090,7449
28091,7691
28092,5520
28093,5832
28094,3461
28095,5281
28096,6934
28097,6180
28098,7961
28099,8368
28100,5767
28101,7517
28102,6828
28103,8658
28104,10435
28105,8865
28106,5718
28107,4071
28108,10682
28109,12593
28110,6511
28111,9030
28112,5318
28113,8256
28114,5753
28115,5863
28116,7051
28117,4637
28118,8291
28119,6352
28120,10261
28121,8122
28122,9558
28123,8990
28124,6020
28125,10411
28126,20157
28127,11583
28128,6177
28129,3477
28130,6798
28131,9229
28132,5780
28133,6282
28134,13145
28135,6752
28136,14688
28137,20143
28138,4719
28139,7815
28140,6378
28141,4647
28142,9492
28143,6398
28144,10315
28145,10845
28146,9982
28147,7524
28148,8662
28149,4374
28150,7812
28151,4175
28152,7077
28153,8234
28154,11228
28155,6644
28156,6712
28157,5360
28158,8103
28159,6005
28160,5822
28161,4815
28162,8885
28163,6520
28164,6841
28165,7754
28166,9107
28167,0
28168,7575
28169,6932
28170,6891
28171,7959
28172,8062
28173,9406
28174,8222
28175,8290
28176,6628
28177,4286
28178,7534
28179,7496
28180,7203
28181,4944
28182,3139
28183,10015
28184,7945
28185,11282
28186,7753
28187,6432
28188,7467
28189,5718
28190,4927
28191,10653
28192,5966
28193,8308
28194,8726
28195,15569
28196,6578
28197,5923
28198,8031
28199,6012
28200,6423
28201,5615
28202,8821
28203,4949
28204,7742
28205,4548
28206,6280
28207,4079
28208,11756
28209,5680
28210,18167
28211,15349
28212,5268
28213,7852
28214,5972
28215,7868
28216,6107
28217,12526
28218,8751
28219,11359
28220,4864
28221,8301
28222,5328
28223,9553
28224,9523
28225,7747
28226,6512
28227,7351
28228,6730
28229,8841
28230,10053
28231,6654
28232,8121
28233,10807
28234,6823
28235,8041
28236,7210
28237,10381
28238,8391
28239,5757
28240,6109
28241,6862
28242,6256
28243,12478
28244,6825
28245,8030
28246,7976
28247,10046
28248,4819
28249,8536
28250,10964
28251,9899
28252,9428
28253,7272
28254,4697
28255,16453
28256,10030
28257,8804
28258,18060
28259,10049
28260,8435
28261,7541
28262,10632
28263,11255
28264,12895
28265,13955
28266,6022
28267,8105
28268,6207
28269,9731
28270,4189
28271,11510
28272,7218
28273,6701
28274,6713
28275,10484
28276,8817
28277,6304
28278,7937
28279,6274
28280,5424
28281,7746
28282,4513
28283,5579
28284,6708
28285,8075
28286,11103
28287,9561
28288,7903
28289,6990
28290,6237
28291,12844
28292,7991
28293,6106
28294,6445
28295,5434
28296,10077
28297,5093
28298,11614
28299,7841
28300,3627
28301,5846
28302,8679
28303,6949
28304,5679
28305,9676
28306,10171
28307,13784
28308,6742
28309,11139
28310,3394
28311,6020
28312,8306
28313,6389
28314,8329
28315,6133
28316,7033
28317,4984
28318,5819
28319,12442
28320,9209
28321,5327
28322,5680
28323,9256
28324,12114
28325,9089
28326,6142
28327,5511
28328,11558
28329,7368
28330,8427
28331,6852
28332,5759
28333,8117
28334,11297
28335,4125
28336,5136
28337,5289
28338,6681
28339,10880
28340,9399
28341,9040
28342,14342
28343,6187
28344,12686
28345,13664
28346,7775
28347,5696
28348,3707
28349,8948
28350,6961
28351,6894
28352,6798
28353,8253
28354,12620
28355,6010
28356,6476
28357,8246
28358,5707
28359,8070
28360,5650
28361,4795
28362,8359
28363,4155
28364,8683
28365,8828
28366,7839
28367,8774
28368,9673
28369,9188
28370,6245
28371,8984
28372,9929
28373,7293
28374,6296
28375,6362
28376,6168
28377,11403
28378,7642
28379,7142
28380,6043
28381,8292
28382,8982
28383,7862
28384,7252
28385,9426
28386,5796
28387,6434
28388,19227
28389,7204
28390,9133
28391,6842
28392,7058
28393,6814
28394,6055
28395,4728
28396,5717
28397,9516
28398,14371
28399,9432
28400,10363
28401,12060
28402,11507
28403,12364
28404,9144
28405,6924
28406,5658
28407,11239
28408,11941
28409,9000
28410,9256
28411,8599
28412,7026
28413,4735
28414,11593
28415,8256
28416,7344
28417,6949
28418,3547
28419,15101
28420,13352
28421,15745
28422,6393
28423,6079
28424,5450
28425,7138
28426,7325
28427,10237
28428,7309
28429,5827
28430,5530
28431,8256
28432,5043
28433,3558
28434,6951
28435,16165
28436,7608
28437,18676
28438,4829
28439,6118
28440,7689
28441,6559
28442,5679
28443,5469
28444,5101
28445,4656
28446,8617
28447,7389
28448,4622
28449,10125
28450,6617
28451,8205
28452,5245
28453,11110
28454,8722
28455,10820
28456,6295
28457,7987
28458,4577
28459,5656
28460,5433
28461,17710
28462,11660
28463,6971
28464,6281
28465,5430
28466,6421
28467,4852
28468,10472
28469,5031
28470,16238
28471,5037
28472,5738
28473,6328
28474,10567
28475,8346
28476,5258
28477,7471
28478,8867
28479,8022
28480,8497
28481,6785
28482,4589
28483,11509
28484,5394
28485,4530
28486,6261
28487,7164
28488,6767
28489,7018
28490,10488
28491,9063
28492,7418
28493,7727
28494,5379
28495,9209
28496,6542
28497,5099
28498,7580
28499,7377
28500,7108
28501,10648
28502,7569
28503,7320
28504,7498
28505,7169
28506,6709
28507,8486
28508,7506
28509,8216
28510,6892
28511,7604
28512,10020
28513,7120
28514,5094
28515,13403
28516,6310
28517,3895
28518,8705
28519,9833
28520,11770
28521,5638
28522,6800
28523,7683
28524,4415
28525,6714
28526,8048
28527,7696
28528,6229
28529,7683
28530,9681
28531,3652
28532,6963
28533,6596
28534,6527
28535,5793
28536,7706
28537,10358
28538,6411
28539,5568
28540,9500
28541,8135
28542,9944
28543,10665
28544,5533
28545,7434
28546,7687
28547,9341
28548,8951
28549,9301
28550,4033
28551,9187
28552,8078
28553,8110
28554,11640
28555,5373
28556,4542
28557,14271
28558,9965
28559,9769
28560,7040
28561,7145
28562,9615
28563,4101
28564,7752
28565,6348
28566,8357
28567,7365
28568,8044
28569,9271
28570,6677
28571,11004
28572,11885
28573,18003
28574,8201
28575,5481
28576,6793
28577,4746
28578,3596
28579,12635
28580,8721
28581,6212
28582,9464
28583,5789
28584,11970
28585,5143
28586,7059
28587,6572
28588,11200
28589,5732
28590,8077
28591,6238
28592,6196
28593,8320
28594,5151
28595,8386
28596,8365
28597,10423
28598,8785
28599,7296
28600,6447
28601,12929
28602,5280
28603,5632
28604,11502
28605,8491
28606,10442
28607,8367
28608,15312
28609,6427
28610,6312
28611,5583
28612,6825
28613,8843
28614,12212
28615,8351
28616,9016
28617,8712
28618,4482
28619,8254
28620,9245
28621,7810
28622,8676
28623,6213
28624,5498
28625,5741
28626,4465
28627,6016
28628,9217
28629,8338
28630,11460
28631,18534
28632,7758
28633,5601
28634,8647
28635,8267
28636,10904
28637,4596
28638,7046
28639,4599
28640,9638
28641,7398
28642,6992
28643,15003
28644,12640
28645,5671
28646,7475
28647,4515
28648,5773
28649,6064
28650,9538
28651,5427
28652,4773
28653,6566
28654,8456
28655,7283
28656,5686
28657,6243
28658,7358
28659,7204
28660,7988
28661,4051
28662,11437
28663,20309
28664,3872
28665,7835
28666,9242
28667,8488
28668,5832
28669,3331
28670,5238
28671,8589
28672,5583
28673,8766
28674,9726
28675,5058
28676,5962
28677,7902
28678,6918
28679,5494
28680,6713
28681,8261
28682,10746
28683,8523
28684,11967
28685,6179
28686,4319
28687,7324
28688,6354
28689,9409
28690,6966
28691,4846
28692,24062
28693,7805
28694,6824
28695,12994
28696,8137
28697,8919
28698,7169
28699,8807
28700,5565
28701,9315
28702,14844
28703,5744
28704,6532
28705,7466
28706,14853
28707,7346
28708,6146
28709,7161
28710,5886
28711,7167
28712,4599
28713,9665
28714,4819
28715,8054
28716,3241
28717,21305
28718,9902
28719,5064
28720,5027
28721,10242
28722,6759
28723,7985
28724,9073
28725,6703
28726,5629
28727,5178
28728,10751
28729,6554
28730,6888
28731,8326
28732,8563
28733,5550
28734,8126
28735,6963
28736,4459
28737,9595
28738,9810
28739,5239
28740,7993
28741,7751
28742,5676
28743,10575
28744,6457
28745,7928
28746,7264
28747,8127
28748,4043
28749,5260
28750,6048
28751,7505
28752,7874
28753,9563
28754,4502
28755,8646
28756,5133
28757,6584
28758,4804
28759,6965
28760,6653
28761,7587
28762,7879
28763,9895
28764,4626
28765,6907
28766,7540
28767,8651
28768,7439
28769,10538
28770,10487
28771,7390
28772,3485
28773,8061
28774,5903
28775,6731
28776,8255
28777,4751
28778,11955
28779,5913
28780,7183
28781,11789
28782,7098
28783,4997
28784,0
28785,6391
28786,11444
28787,6156
28788,10326
28789,10661
28790,6621
28791,5720
28792,7367
28793,6011
28794,6427
28795,6683
28796,10118
28797,7586
28798,6249
28799,4995
28800,7157
28801,8059
28802,7126
28803,9200
28804,6613
28805,7451
28806,5084
28807,8476
28808,8968
28809,7389
28810,6624
28811,7071
28812,8828
28813,10557
28814,6168
28815,8613
28816,6073
28817,7001
28818,8047
28819,7446
28820,5266
28821,4845
28822,9120
28823,7983
28824,6749
28825,6649
28826,8794
28827,6384
28828,6161
28829,7795
28830,5654
28831,3461
28832,10199
28833,4463
28834,8693
28835,8160
28836,6667
28837,7358
28838,12781
28839,10183
28840,9859
28841,5164
28842,8549
28843,7881
28844,4642
28845,3560
28846,8522
28847,3903
28848,8260
28849,13766
28850,8328
28851,7776
28852,5275
28853,8308
28854,7293
28855,6953
28856,7819
28857,9322
28858,9756
28859,7298
28860,8799
28861,5755
28862,7766
28863,5314
28864,6047
28865,6650
28866,5860
28867,5935
28868,8521
28869,5674
28870,10666
28871,7814
28872,5475
28873,4801
28874,10661
28875,8102
28876,6480
28877,7620
28878,7729
28879,6528
28880,6530
28881,7305
28882,8347
28883,6841
28884,5336
28885,10484
28886,7573
28887,6198
28888,4036
28889,12136
28890,6982
28891,6333
28892,7336
28893,12552
28894,9711
28895,9415
28896,10109
28897,8149
28898,6481
28899,6720
28900,8276
28901,10289
28902,15413
28903,5850
28904,5991
28905,4149
28906,5365
28907,10084
28908,16210
28909,7235
28910,5430
28911,5426
28912,6823
28913,6318
28914,11561
28915,9384
28916,6749
28917,4431
28918,8587
28919,6823
28920,9857
28921,10794
28922,5469
28923,8745
28924,4202
28925,8076
28926,9521
28927,7658
28928,10610
28929,7543
28930,8837
28931,4942
28932,7094
28933,7923
28934,10010
28935,7731
28936,8728
28937,7249
28938,5298
28939,10396
28940,4831
28941,11146
28942,6906
28943,5028
28944,9137
28945,7904
28946,7093
28947,8277
28948,10648
28949,5750
28950,12390
28951,4394
28952,4885
28953,8666
28954,9768
28955,11433
28956,8006
28957,7490
28958,6054
28959,6539
28960,8670
28961,7134
28962,7372
28963,6003
28964,10687
28965,8133
28966,9627
28967,12815
28968,9366
28969,5146
28970,5324
28971,6337
28972,10919
28973,5980
28974,9238
28975,5729
28976,11830
28977,7151
28978,6287
28979,5711
28980,5869
28981,5971
28982,7232
28983,7010
28984,5665
28985,5583
28986,5292
28987,9893
28988,7443
28989,22738
28990,7862
28991,4576
28992,5529
28993,7827
28994,10372
28995,5242
28996,5204
28997,9983
28998,8323
28999,7788
29000,6467
29001,8424
29002,9204
29003,5442
29004,6005
29005,8018
29006,8877
29007,7498
29008,7757
29009,7551
29010,10053
29011,6448
29012,5257
29013,6357
29014,10559
29015,11368
29016,7882
29017,10895
29018,5714
29019,9044
29020,4649
29021,6530
29022,4687
29023,8258
29024,8890
29025,12990
29026,9913
29027,7592
29028,6434
29029,5934
29030,4823
29031,6688
29032,11421
29033,6884
29034,6093
29035,5992
29036,6400
29037,8784
29038,3829
29039,8073
29040,5031
29041,7979
29042,7838
29043,6178
29044,8522
29045,5747
29046,8787
29047,9735
29048,7834
29049,6209
29050,10129
29051,5183
29052,7033
29053,8415
29054,12735
29055,6046
29056,6739
29057,9095
29058,8124
29059,9558
29060,7664
29061,10005
29062,5376
29063,5477
29064,6501
29065,6836
29066,9782
29067,8761
29068,4184
29069,6039
29070,8605
29071,7236
29072,11113
29073,4037
29074,13842
29075,7282
29076,5348
29077,6811
29078,6990
29079,6838
29080,9032
29081,5036
29082,7183
29083,6631
29084,8310
29085,7687
29086,6292
29087,7981
29088,6100
29089,6296
29090,8786
29091,8732
29092,7854
29093,4946
29094,10493
29095,5774
29096,9451
29097,7952
29098,13198
29099,7252
29100,5031
29101,7722
29102,6588
29103,6140
29104,5668
29105,8259
29106,7946
29107,4116
29108,9352
29109,6721
29110,7914
29111,4818
29112,8163
29113,9243
29114,4756
29115,13106
29116,6148
29117,5731
29118,8682
29119,9794
29120,5671
29121,4808
29122,8410
29123,7084
29124,5090
29125,7007
29126,6435
29127,8934
29128,9109
29129,7562
29130,8341
29131,6183
29132,4560
29133,7018
29134,8783
29135,8278
29136,9327
29137,8353
29138,9695
29139,6205
29140,9738
29141,7563
29142,5938
29143,7655
29144,10818
29145,7542
29146,9130
29147,10476
29148,8448
29149,8663
29150,6591
29151,7412
29152,8858
29153,7316
29154,7648
29155,4277
29156,6013
29157,11358
29158,8613
29159,6607
29160,4630
29161,8970
29162,7409
29163,9130
29164,6538
29165,6524
29166,5655
29167,4346
29168,11389
29169,7850
29170,8059
29171,7460
29172,6327
29173,5517
29174,6879
29175,8065
29176,4406
29177,6861
29178,5752
29179,9374
29180,8546
29181,7262
29182,13397
29183,5540
29184,5383
29185,11489
29186,5623
29187,7559
29188,3642
29189,9492
29190,8236
29191,6202
29192,7261
29193,7287
29194,6246
29195,7394
29196,9096
29197,12545
29198,3126
29199,7710
29200,3589
29201,15550
29202,5338
29203,9492
29204,9483
29205,7293
29206,7598
29207,5541
29208,5881
29209,3394
29210,5219
29211,7104
29212,6053
29213,7410
29214,7993
29215,6177
29216,7351
29217,6548
29218,8757
29219,10447
29220,8835
29221,5637
29222,4395
29223,10415
29224,11469
29225,6667
29226,8251
29227,5039
29228,8052
29229,5956
29230,5519
29231,6815
29232,4772
29233,7836
29234,6061
29235,9989
29236,7839
29237,9456
29238,8665
29239,6348
29240,9751
29241,19413
29242,11256
29243,5892
29244,3506
29245,6789
29246,9222
29247,5732
29248,6507
29249,14397
29250,6778
29251,14798
29252,20037
29253,4721
29254,7687
29255,6143
29256,4713
29257,10978
29258,5725
29259,9421
29260,10562
29261,9105
29262,7582
29263,8427
29264,4918
29265,7294
29266,4107
29267,6884
29268,8210
29269,10679
29270,6848
29271,6825
29272,5302
29273,8277
29274,6041
29275,5625
29276,4898
29277,8804
29278,6662
29279,6849
29280,7425
29281,8917
29282,0
29283,7457
29284,7132
29285,6088
29286,7828
29287,7927
29288,9510
29289,8390
29290,8515
29291,6431
29292,4381
29293,7202
29294,7442
29295,7094
29296,5005
29297,3412
29298,9485
29299,8094
29300,10921
29301,7684
29302,6602
29303,7852
29304,5777
29305,4958
29306,10668
29307,5902
29308,8239
29309,8392
29310,16235
29311,7023
29312,6602
29313,8237
29314,6148
29315,8069
29316,6149
29317,8437
29318,4841
29319,7908
29320,4556
29321,6403
29322,3855
29323,11635
29324,5823
29325,16833
29326,14912
29327,5947
29328,7733
29329,5796
29330,7787
29331,6142
29332,12403
29333,8871
29334,11273
29335,4812
29336,7901
29337,5489
29338,9269
29339,8992
29340,7795
29341,6645
29342,7517
29343,7267
29344,8647
29345,10457
29346,6489
29347,8273
29348,10664
29349,7090
29350,7859
29351,7466
29352,10027
29353,8209
29354,5897
29355,6030
29356,7127
29357,6296
29358,11786
29359,6908
29360,8642
29361,7665
29362,9804
29363,4839
29364,8192
29365,11083
29366,9446
29367,9697
29368,7270
29369,4750
29370,15137
29371,9899
29372,9353
29373,18698
29374,10842
29375,8314
29376,7531
29377,10552
29378,11313
29379,12092
29380,13037
29381,6141
29382,8000
29383,6292
29384,9761
29385,4229
29386,12501
29387,6968
29388,6413
29389,6722
29390,10187
29391,8418
29392,6131
29393,7579
29394,5759
29395,5439
29396,7993
29397,4681
29398,5425
29399,7068
29400,7219
29401,10765
29402,9380
29403,8052
29404,7180
29405,6248
29406,12783
29407,8033
29408,6029
29409,6184
29410,5470
29411,9924
29412,4950
29413,11630
29414,7776
29415,3763
29416,5328
29417,8587
29418,6908
29419,5880
29420,9450
29421,10524
29422,12918
29423,6627
29424,11085
29425,3187
29426,6004
29427,7576
29428,6104
29429,7966
29430,6012
29431,7125
29432,5063
29433,5805
29434,11816
29435,8762
29436,5494
29437,5560
29438,8966
29439,11794
29440,10739
29441,6125
29442,5849
29443,9850
29444,6648
29445,7637
29446,6672
29447,5833
29448,7824
29449,11245
29450,4461
29451,4846
29452,5368
29453,6430
29454,10460
29455,8825
29456,8305
29457,14370
29458,6189
29459,11988
29460,13022
29461,7705
29462,5737
29463,3954
29464,8450
29465,6698
29466,6672
29467,7016
29468,7791
29469,12383
29470,5781
29471,6678
29472,8203
29473,6048
29474,8438
29475,5667
29476,5090
29477,8302
29478,3887
29479,9274
29480,8683
29481,7744
29482,8552
29483,9581
29484,8923
29485,6493
29486,8614
29487,9569
29488,7063
29489,5998
29490,6206
29491,5444
29492,11288
29493,8546
29494,7301
29495,5880
29496,7603
29497,9422
29498,8017
29499,6931
29500,8824
29501,5947
29502,6929
29503,18853
29504,7228
29505,9396
29506,6972
29507,6679
29508,6846
29509,5936
29510,4501
29511,6351
29512,9678
29513,14029
29514,9452
29515,10118
29516,12310
29517,11492
29518,12036
29519,9280
29520,7065
29521,5436
29522,10942
29523,11761
29524,8738
29525,8966
29526,8692
29527,6844
29528,4599
29529,11417
29530,7838
29531,7239
29532,6964
29533,3461
29534,14598
29535,13147
29536,15858
29537,6757
29538,5867
29539,5201
29540,6911
29541,7232
29542,9344
29543,7307
29544,5569
29545,5515
29546,8091
29547,4295
29548,3621
29549,7109
29550,15034
29551,7619
29552,18580
29553,5046
29554,6439
29555,7223
29556,6489
29557,5635
29558,5515
29559,4883
29560,4425
29561,8891
29562,7473
29563,4454
29564,9576
29565,6561
29566,7933
29567,5292
29568,10493
29569,8469
29570,10688
29571,5961
29572,8050
29573,4486
29574,5530
29575,5419
29576,15496
29577,11487
29578,7411
29579,6388
29580,5515
29581,6380
29582,5633
29583,12165
29584,4873
29585,15568
29586,4948
29587,5558
29588,6293
29589,10300
29590,8223
29591,5197
29592,7335
29593,8660
29594,8234
29595,8218
29596,6467
29597,4592
29598,11346
29599,5265
29600,4427
29601,6135
29602,7326
29603,6633
29604,6763
29605,9863
29606,9108
29607,7211
29608,7771
29609,4977
29610,9087
29611,6345
29612,5075
29613,7460
29614,7447
29615,6858
29616,10787
29617,7173
29618,7202
29619,7458
29620,7227
29621,6416
29622,8187
29623,7635
29624,7925
29625,7247
29626,7051
29627,10197
29628,7056
29629,4862
29630,13181
29631,6524
29632,3564
29633,8435
29634,9546
29635,11465
29636,5622
29637,6955
29638,7347
29639,4209
29640,6607
29641,7608
29642,8165
29643,6326
29644,7441
29645,9564
29646,3694
29647,7009
29648,6765
29649,6244
29650,6004
29651,7613
29652,9877
29653,6011
29654,5567
29655,9094
29656,8060
29657,9879
29658,9788
29659,5382
29660,7372
29661,7513
29662,9115
29663,8869
29664,8724
29665,5727
29666,10099
29667,8024
29668,8070
29669,10735
29670,5107
29671,4499
29672,14051
29673,9771
29674,9421
29675,6786
29676,7391
29677,9202
29678,4176
29679,7801
29680,6240
29681,8857
29682,7506
29683,8007
29684,9033
29685,6824
29686,9922
29687,11672
29688,17061
29689,8101
29690,5497
29691,6754
29692,4753
29693,3542
29694,12284
29695,8525
29696,6108
29697,9209
29698,6116
29699,11707
29700,5458
29701,7063
29702,6682
29703,10235
29704,5709
29705,7170
29706,6193
29707,6053
29708,7988
29709,5689
29710,8062
29711,8440
29712,10149
29713,8894
29714,7493
29715,6750
29716,12680
29717,5307
29718,5878
29719,11423
29720,7922
29721,10133
29722,8282
29723,15760
29724,6517
29725,6001
29726,5851
29727,6833
29728,9063
29729,12012
29730,7976
29731,9427
29732,8269
29733,4433
29734,8047
29735,8600
29736,7879
29737,9146
29738,6573
29739,5341
29740,5638
29741,4209
29742,5953
29743,9339
29744,8747
29745,11627
29746,18024
29747,7435
29748,5549
29749,7890
29750,8100
29751,10273
29752,4687
29753,7034
29754,4650
29755,9828
29756,7336
29757,6849
29758,14733
29759,12590
29760,5473
29761,7563
29762,4402
29763,5742
29764,5855
29765,9537
29766,5399
29767,4902
29768,6389
29769,8407
29770,8105
29771,5224
29772,6481
29773,7883
29774,7202
29775,7773
29776,4007
29777,11104
29778,19130
29779,3861
29780,7926
29781,9335
29782,8252
29783,5556
29784,3553
29785,4870
29786,8605
29787,5606
29788,8370
29789,9542
29790,5051
29791,6255
29792,7887
29793,6875
29794,5461
29795,6558
29796,7926
29797,10083
29798,8529
29799,10719
29800,6314
29801,4318
29802,7114
29803,6302
29804,10035
29805,7006
29806,4990
29807,22814
29808,7613
29809,6715
29810,12779
29811,7793
29812,8344
29813,7212
29814,8439
29815,5470
29816,9545
29817,14985
29818,5847
29819,6455
29820,6912
29821,14332
29822,7278
29823,6085
29824,7047
29825,5788
29826,6839
29827,4708
29828,9520
29829,4570
29830,7873
29831,3042
29832,20707
29833,9794
29834,4554
29835,5186
29836,10820
29837,6689
29838,7643
29839,9139
29840,6857
29841,5584
29842,5202
29843,10407
29844,6309
29845,6770
29846,7928
29847,8121
29848,5590
29849,7983
29850,7036
29851,4237
29852,9267
29853,9675
29854,4967
29855,8022
29856,7946
29857,5567
29858,10475
29859,6452
29860,7642
29861,7348
29862,8399
29863,3863
29864,5578
29865,5941
29866,0
29867,6781
29868,9348
29869,4496
29870,8653
29871,4611
29872,6397
29873,4644
29874,6757
29875,6391
29876,7646
29877,8074
29878,9833
29879,4888
29880,6958
29881,7358
29882,8876
29883,7185
29884,8763
29885,10182
29886,7565
29887,3550
29888,8239
29889,5853
29890,6724
29891,7994
29892,4659
29893,11852
29894,6024
29895,7076
29896,11727
29897,7377
29898,4982
29899,0
29900,6684
29901,10827
29902,6020
29903,10000
29904,11072
29905,6963
29906,5640
29907,7097
29908,5986
29909,6390
29910,6697
29911,9974
29912,7586
29913,5909
29914,5023
29915,6848
29916,8119
29917,7187
29918,8944
29919,6587
29920,7302
29921,5471
29922,8522
29923,7933
29924,7345
29925,6819
29926,6928
29927,8896
29928,10431
29929,6031
29930,8461
29931,5941
29932,7369
29933,8028
29934,7447
29935,4917
29936,4775
29937,7639
29938,8830
29939,6555
29940,6366
29941,8897
29942,6244
29943,6260
29944,7113
29945,5778
29946,3615
29947,9150
29948,4358
29949,8155
29950,8047
29951,6675
29952,7300
29953,13080
29954,9884
29955,8505
29956,4994
29957,9419
29958,7755
29959,4364
29960,3517
29961,8984
29962,3904
29963,8091
29964,13365
29965,8906
29966,7353
29967,5311
29968,7960
29969,7598
29970,6842
29971,7934
29972,8885
29973,9560
29974,6956
29975,8762
29976,5562
29977,7565
29978,5302
29979,5978
29980,6978
29981,5851
29982,5745
29983,8514
29984,5451
29985,10510
29986,7696
29987,5702
29988,4832
29989,10901
29990,8066
29991,6790
29992,7405
29993,7560
29994,6383
29995,6542
29996,7287
29997,8161
29998,6495
29999,5235
30000,10183
30001,7309
30002,6553
30003,3907
30004,11788
30005,7343
30006,6148
30007,7353
30008,11862
30009,9239
30010,8639
30011,9709
30012,7759
30013,6401
30014,6844
30015,8109
30016,10110
30017,14559
30018,5577
30019,5936
30020,4253
30021,5284
30022,10042
30023,16451
30024,7162
30025,5718
30026,5849
30027,7223
30028,6536
30029,10534
30030,9817
30031,6760
30032,4557
30033,8357
30034,6729
30035,10056
30036,10525
30037,5544
30038,8677
30039,4348
30040,8058
30041,9089
30042,7648
30043,9837
30044,7238
30045,8560
30046,4876
30047,7732
30048,7584
30049,9549
30050,7899
30051,8955
30052,7231
30053,5113
30054,10386
30055,4820
30056,10974
30057,6932
30058,4916
30059,6593
30060,7830
30061,7132
30062,7921
30063,10088
30064,5966
30065,11759
30066,4506
30067,5012
30068,8265
30069,9388
30070,11141
30071,7676
30072,7674
30073,5926
30074,6895
30075,8538
30076,6921
30077,7602
30078,6012
30079,10500
30080,7447
30081,9502
30082,12496
30083,9133
30084,5063
30085,5173
30086,6338
30087,11388
30088,5796
30089,9054
30090,5599
30091,11864
30092,7166
30093,6262
30094,6017
30095,5893
30096,5986
30097,7017
30098,6934
30099,5551
30100,5743
30101,5149
30102,9698
30103,7667
30104,22231
30105,7666
30106,4445
30107,4840
30108,7488
30109,9945
30110,5004
30111,5018
30112,10248
30113,6639
30114,7781
30115,6582
30116,7714
30117,8676
30118,5560
30119,5879
30120,7972
30121,8754
30122,6470
30123,7977
30124,7218
30125,8536
30126,7111
30127,5366
30128,6541
30129,10488
30130,10026
30131,7497
30132,10294
30133,5043
30134,8452
30135,3807
30136,6439
30137,4770
30138,8204
30139,8488
30140,12183
30141,10170
30142,7216
30143,6274
30144,5009
30145,4411
30146,6601
30147,10743
30148,6797
30149,5929
30150,6224
30151,6313
30152,8188
30153,3823
30154,8723
30155,5126
30156,8762
30157,7925
30158,5937
30159,8502
30160,5455
30161,9075
30162,8532
30163,8062
30164,5867
30165,9093
30166,5371
30167,6763
30168,8154
30169,12319
30170,5581
30171,7102
30172,8617
30173,7946
30174,9826
30175,7683
30176,9957
30177,5226
30178,4983
30179,5993
30180,6952
30181,10266
30182,9213
30183,4047
30184,6189
30185,9209
30186,8201
30187,10209
30188,4184
30189,12831
30190,7504
30191,4941
30192,6207
30193,6612
30194,6884
30195,8402
30196,4975
30197,6532
30198,7218
30199,8150
30200,7060
30201,5317
30202,7400
30203,5992
30204,6482
30205,8803
30206,8542
30207,7304
30208,5079
30209,10491
30210,5785
30211,9473
30212,7953
30213,13345
30214,7202
30215,4592
30216,7988
30217,6567
30218,6570
30219,5488
30220,9216
30221,7750
30222,3970
30223,9065
30224,6304
30225,8194
30226,4708
30227,8254
30228,8308
30229,5589
30230,12189
30231,5985
30232,6079
30233,8893
30234,9987
30235,5596
30236,4627
30237,8096
30238,6486
30239,5064
30240,7202
30241,6457
30242,9619
30243,8058
30244,7945
30245,7955
30246,5898
30247,4626
30248,7009
30249,8699
30250,7823
30251,9201
30252,8327
30253,9610
30254,6626
30255,9612
30256,7527
30257,5859
30258,7205
30259,10066
30260,8127
30261,7139
30262,10277
30263,9087
30264,9069
30265,6528
30266,7453
30267,9000
30268,7066
30269,7584
30270,4458
30271,5552
30272,9785
30273,8502
30274,6413
30275,4514
30276,8734
30277,7265
30278,8508
30279,7044
30280,6472
30281,5203
30282,4001
30283,10772
30284,7272
30285,7478
30286,7457
30287,6232
30288,5513
30289,6630
30290,8456
30291,4597
30292,7260
30293,5783
30294,9516
30295,8832
30296,7275
30297,14407
30298,5117
30299,5504
30300,11080
30301,5220
30302,7804
30303,3589
30304,9555
30305,8193
30306,6224
30307,7233
30308,6797
30309,6469
30310,7090
30311,7849
30312,11386
30313,3313
30314,7276
30315,3676
30316,14381
30317,5086
30318,9118
30319,10331
30320,7661
30321,7111
30322,5236
30323,5212
30324,3297
30325,4916
30326,6849
30327,5532
30328,7736
30329,8209
30330,5572
30331,7318
30332,6676
30333,8717
30334,10882
30335,8412
30336,5812
30337,4608
30338,10236
30339,11207
30340,6397
30341,8233
30342,5047
30343,7601
30344,5794
30345,5425
30346,6846
30347,4822
30348,7361
30349,5870
30350,9719
30351,7596
30352,9301
30353,8066
30354,6117
30355,9993
30356,18480
30357,10555
30358,5252
30359,3651
30360,6528
30361,8134
30362,5536
30363,6909
30364,14223
30365,6551
30366,13128
30367,21008
30368,4882
30369,7028
30370,5914
30371,4218
30372,8572
30373,5693
30374,8788
30375,10166
30376,8521
30377,7392
30378,7942
30379,5217
30380,7754
30381,3986
30382,7445
30383,7583
30384,11424
30385,7174
30386,6829
30387,4949
30388,8232
30389,6312
30390,6028
30391,4563
30392,9035
30393,6629
30394,6969
30395,7363
30396,8252
30397,0
30398,6716
30399,6650
30400,6089
30401,7504
30402,8051
30403,10514
30404,8568
30405,8632
30406,6463
30407,4577
30408,6612
30409,6987
30410,7119
30411,5017
30412,3164
30413,9128
30414,7138
30415,10709
30416,7091
30417,6448
30418,7430
30419,5197
30420,4883
30421,10519
30422,6816
30423,7965
30424,8991
30425,14253
30426,6622
30427,5289
30428,8486
30429,4823
30430,6014
30431,6722
30432,7760
30433,4691
30434,8143
30435,4558
30436,5658
30437,3579
30438,10702
30439,5787
30440,15028
30441,14106
30442,6009
30443,7825
30444,5828
30445,7640
30446,5836
30447,12840
30448,8644
30449,10068
30450,4816
30451,7953
30452,5870
30453,10056
30454,8852
30455,8260
30456,6535
30457,7541
30458,7469
30459,9186
30460,9436
30461,6862
30462,7603
30463,9966
30464,7060
30465,7876
30466,7300
30467,9487
30468,7552
30469,5842
30470,6038
30471,6456
30472,6024
30473,11280
30474,7366
30475,8168
30476,7569
30477,9614
30478,5088
30479,7725
30480,10053
30481,8779
30482,9123
30483,6669
30484,4572
30485,14549
30486,8732
30487,8810
30488,17842
30489,8769
30490,8768
30491,7460
30492,9643
30493,10632
30494,11177
30495,12613
30496,6021
30497,7392
30498,6071
30499,10582
30500,4261
30501,9765
30502,6505
30503,6429
30504,6855
30505,8811
30506,7901
30507,5771
30508,7822
30509,5627
30510,4939
30511,8033
30512,4817
30513,5615
30514,6670
30515,7143
30516,11120
30517,10444
30518,7668
30519,7529
30520,6322
30521,11561
30522,7246
30523,6211
30524,5569
30525,5402
30526,10306
30527,4836
30528,12955
30529,7447
30530,3528
30531,4987
30532,8252
30533,7058
30534,6613
30535,10082
30536,10249
30537,12132
30538,6458
30539,12027
30540,3102
30541,5783
30542,7400
30543,6028
30544,7873
30545,6599
30546,7276
30547,5391
30548,5671
30549,12244
30550,9272
30551,4976
30552,5392
30553,9237
30554,10628
30555,8851
30556,6459
30557,5487
30558,9844
30559,6107
30560,8196
30561,5884
30562,6349
30563,8335
30564,9702
30565,4039
30566,4968
30567,4755
30568,5827
30569,10420
30570,9322
30571,8955
30572,12417
30573,6097
30574,11856
30575,12462
30576,7996
30577,5480
30578,3663
30579,8230
30580,6390
30581,6317
30582,7292
30583,7424
30584,11401
30585,5187
30586,6605
30587,7906
30588,4721
30589,9245
30590,6071
30591,4479
30592,8078
30593,3895
30594,7582
30595,8731
30596,8096
30597,8523
30598,9088
30599,8390
30600,6636
30601,8566
30602,10130
30603,7221
30604,6477
30605,6769
30606,5412
30607,10879
30608,7927
30609,6526
30610,5761
30611,7252
30612,9223
30613,7674
30614,7114
30615,9167
30616,5840
30617,7249
30618,17441
30619,7432
30620,9906
30621,6098
30622,6873
30623,7229
30624,5927
30625,4611
30626,6243
30627,10332
30628,13897
30629,8909
30630,10462
30631,10352
30632,11525
30633,11741
30634,9150
30635,7053
30636,5301
30637,10272
30638,11937
30639,9541
30640,8155
30641,8706
30642,6889
30643,4309
30644,11838
30645,7681
30646,6632
30647,7134
30648,3323
30649,12648
30650,11795
30651,14205
30652,6658
30653,5709
30654,5690
30655,7132
30656,6629
30657,8954
30658,7948
30659,5476
30660,5525
30661,7394
30662,3901
30663,3409
30664,6143
30665,14470
30666,7696
30667,18744
30668,4452
30669,6368
30670,7071
30671,6584
30672,5085
30673,6129
30674,4755
30675,4123
30676,9983
30677,7369
30678,4667
30679,10408
30680,6694
30681,7469
30682,5109
30683,11010
30684,7974
30685,9913
30686,5681
30687,7600
30688,4654
30689,5609
30690,5146
30691,15003
30692,12175
30693,7339
30694,5881
30695,5857
30696,7026
30697,4410
30698,9457
30699,4631
30700,14988
30701,4753
30702,5499
30703,6233
30704,10963
30705,8414
30706,5644
30707,7160
30708,7924
30709,8198
30710,8796
30711,6229
30712,4364
30713,9334
30714,5224
30715,4290
30716,6310
30717,8041
30718,6220
30719,6499
30720,9596
30721,9070
30722,7264
30723,8336
30724,4821
30725,9617
30726,6091
30727,5154
30728,7761
30729,7287
30730,6706
30731,9816
30732,7322
30733,6634
30734,7748
30735,6497
30736,5936
30737,7808
30738,8655
30739,7256
30740,6715
30741,7410
30742,10249
30743,7514
30744,4828
30745,12625
30746,5876
30747,3381
30748,8430
30749,10658
30750,10743
30751,5547
30752,6891
30753,7388
30754,4261
30755,7112
30756,7567
30757,7407
30758,6461
30759,6798
30760,9244
30761,3674
30762,6267
30763,6285
30764,5721
30765,5821
30766,7668
30767,9456
30768,6317
30769,5440
30770,8599
30771,8429
30772,9516
30773,9635
30774,5926
30775,7443
30776,7779
30777,8704
30778,8879
30779,9008
30780,3816
30781,9992
30782,7983
30783,7454
30784,11041
30785,4956
30786,4395
30787,12667
30788,8987
30789,9939
30790,6361
30791,6511
30792,9361
30793,4090
30794,7952
30795,5757
30796,8874
30797,6448
30798,7771
30799,9398
30800,6354
30801,9841
30802,11555
30803,16363
30804,7893
30805,5217
30806,6801
30807,5007
30808,3510
30809,11834
30810,8082
30811,6868
30812,9208
30813,6404
30814,10530
30815,5578
30816,7051
30817,7141
30818,9373
30819,6025
30820,6890
30821,6579
30822,5716
30823,8013
30824,5702
30825,7961
30826,8746
30827,9612
30828,8878
30829,7224
30830,6621
30831,11280
30832,5240
30833,6131
30834,11462
30835,7634
30836,9679
30837,8089
30838,15796
30839,6153
30840,5601
30841,5646
30842,6151
30843,9163
30844,12167
30845,8453
30846,8507
30847,8168
30848,4474
30849,8181
30850,7590
30851,7703
30852,8669
30853,6198
30854,5403
30855,5759
30856,3984
30857,5195
30858,8900
30859,7326
30860,11323
30861,17781
30862,7561
30863,5261
30864,7704
30865,8203
30866,9778
30867,4749
30868,6951
30869,4646
30870,9459
30871,7676
30872,7275
30873,13653
30874,12975
30875,5199
30876,7703
30877,4352
30878,5808
30879,5477
30880,9998
30881,4995
30882,5224
30883,6188
30884,7871
30885,6481
30886,4656
30887,6404
30888,7909
30889,7383
30890,7616
30891,3488
30892,11136
30893,18304
30894,3968
30895,8439
30896,8721
30897,7776
30898,5302
30899,3327
30900,4699
30901,8037
30902,5602
30903,7668
30904,9440
30905,5028
30906,6005
30907,7867
30908,6865
30909,5714
30910,6757
30911,7776
30912,10648
30913,7960
30914,10464
30915,6722
30916,4153
30917,6463
30918,6270
30919,9574
30920,7021
30921,4666
30922,21498
30923,7677
30924,6506
30925,12725
30926,7520
30927,8095
30928,7086
30929,7777
30930,5444
30931,9469
30932,14659
30933,5497
30934,6102
30935,6692
30936,12754
30937,7782
30938,6075
30939,6774
30940,6048
30941,6209
30942,4965
30943,9035
30944,4314
30945,7273
30946,3164
30947,21921
30948,9565
30949,4323
30950,5706
30951,10743
30952,6277
30953,7550
30954,8969
30955,6534
30956,6210
30957,4764
30958,10312
30959,6189
30960,6804
30961,7573
30962,8444
30963,5449
30964,8402
30965,7264
30966,4123
30967,8862
30968,10496
30969,4956
30970,8057
30971,8447
30972,5824
30973,11135
30974,5602
30975,7448
30976,7826
30977,8514
30978,3716
30979,5377
30980,5898
30981,0
30982,6448
30983,9117
30984,4600
30985,8683
30986,4084
30987,6500
30988,4649
30989,6994
30990,5905
30991,7317
30992,8090
30993,9995
30994,4943
30995,7234
30996,7069
30997,8814
30998,6732
30999,9756
31000,10448
31001,7165
31002,3931
31003,7278
31004,5579
31005,6947
31006,7624
31007,4511
31008,12565
31009,6078
31010,6408
31011,11579
31012,7175
31013,4935
31014,0
31015,6508
31016,10778
31017,5727
31018,9443
31019,9784
31020,8079
31021,5544
31022,7427
31023,5820
31024,6081
31025,6927
31026,8844
31027,7955
31028,5611
31029,4853
31030,7631
31031,8250
31032,6425
31033,8501
31034,6277
31035,6724
31036,5090
31037,8901
31038,7507
31039,7440
31040,6468
31041,6614
31042,9097
31043,10077
31044,6375
31045,8301
31046,5754
31047,7408
31048,8135
31049,6830
31050,4734
31051,4752
31052,7915
31053,8857
31054,6166
31055,6533
31056,8747
31057,6829
31058,5759
31059,6455
31060,5640
31061,3185
31062,8715
31063,4249
31064,7962
31065,8076
31066,7047
31067,7366
31068,10343
31069,9915
31070,8023
31071,5079
31072,8261
31073,7290
31074,4126
31075,3180
31076,8192
31077,3874
31078,7635
31079,12954
31080,8214
31081,7281
31082,5188
31083,7703
31084,7499
31085,6577
31086,7625
31087,8893
31088,8700
31089,6724
31090,9281
31091,5298
31092,7449
31093,4936
31094,6137
31095,7638
31096,6146
31097,5665
31098,7990
31099,5502
31100,10475
31101,7147
31102,5750
31103,4813
31104,10544
31105,8328
31106,5886
31107,7064
31108,7820
31109,6732
31110,6334
31111,6583
31112,8161
31113,6223
31114,5260
31115,10136
31116,7047
31117,6890
31118,3688
31119,11991
31120,7340
31121,6085
31122,6501
31123,11672
31124,9929
31125,9248
31126,9993
31127,7140
31128,6113
31129,6748
31130,8084
31131,10626
31132,13696
31133,5442
31134,5228
31135,3831
31136,5025
31137,9702
31138,15443
31139,6332
31140,5000
31141,5728
31142,6281
31143,6790
31144,10348
31145,9180
31146,6966
31147,4128
31148,8404
31149,6626
31150,9632
31151,10101
31152,5527
31153,8375
31154,4258
31155,8570
31156,8809
31157,7656
31158,8896
31159,6871
31160,8095
31161,5277
31162,7421
31163,7990
31164,9136
31165,7637
31166,9140
31167,7027
31168,4991
31169,10018
31170,4955
31171,10638
31172,7409
31173,5088
31174,5912
31175,7335
31176,6599
31177,7817
31178,9840
31179,5685
31180,11869
31181,4290
31182,4790
31183,8232
31184,9513
31185,11586
31186,7084
31187,6441
31188,5914
31189,6530
31190,8233
31191,6334
31192,7417
31193,5779
31194,10813
31195,6639
31196,9470
31197,12597
31198,8946
31199,5368
31200,4796
31201,6381
31202,11161
31203,5485
31204,8720
31205,5451
31206,11222
31207,6992
31208,6324
31209,6110
31210,5335
31211,5600
31212,6963
31213,6094
31214,5548
31215,5277
31216,4981
31217,9225
31218,6917
31219,22352
31220,8297
31221,4167
31222,2679
31223,3767
31224,9050
31225,1930
31226,2781
31227,6546
31228,3387
31229,6287
31230,5092
31231,5263
31232,6040
31233,4481
31234,3292
31235,5768
31236,5398
31237,2518
31238,4576
31239,4282
31240,6321
31241,5049
31242,3507
31243,4512
31244,7308
31245,7474
31246,5244
31247,6700
31248,2149
31249,7210
31250,3201
31251,5469
31252,2541
31253,7579
31254,6938
31255,8834
31256,9479
31257,6406
31258,5973
31259,2884
31260,4359
31261,6035
31262,7450
31263,4036
31264,3380
31265,5701
31266,4909
31267,5600
31268,2247
31269,7683
31270,4222
31271,8059
31272,6239
31273,3494
31274,8029
31275,2868
31276,9131
31277,5566
31278,6691
31279,2368
31280,5143
31281,4397
31282,3687
31283,7193
31284,9979
31285,2895
31286,6042
31287,5651
31288,8225
31289,7115
31290,5871
31291,6250
31292,2468
31293,2418
31294,4275
31295,6250
31296,8483
31297,7755
31298,2188
31299,4252
31300,8620
31301,8788
31302,5119
31303,3065
31304,10180
31305,5113
31306,3405
31307,4059
31308,2215
31309,4895
31310,6521
31311,3514
31312,5236
31313,2905
31314,5622
31315,3678
31316,1796
31317,4098
31318,4963
31319,5769
31320,8963
31321,7026
31322,5120
31323,3990
31324,10266
31325,3390
31326,5892
31327,7688
31328,12681
31329,5087
31330,3185
31331,6572
31332,5787
31333,6513
31334,4685
31335,10120
31336,5627
31337,2063
31338,8135
31339,4593
31340,5866
31341,2246
31342,7717
31343,3474
31344,2587
31345,7863
31346,4036
31347,5133
31348,7612
31349,7643
31350,4316
31351,4083
31352,7557
31353,3294
31354,2971
31355,6748
31356,4913
31357,6894
31358,3217
31359,4727
31360,6191
31361,4236
31362,3006
31363,5260
31364,6132
31365,6109
31366,6981
31367,7236
31368,6986
31369,4093
31370,7592
31371,5201
31372,3117
31373,3575
31374,8263
31375,7084
31376,2829
31377,6606
31378,9362
31379,6872
31380,4799
31381,6456
31382,7403
31383,5402
31384,4633
31385,2985
31386,4921
31387,4823
31388,4777
31389,5145
31390,3019
31391,5443
31392,7076
31393,5760
31394,6733
31395,5773
31396,2716
31397,1558
31398,6513
31399,5544
31400,6457
31401,3423
31402,5336
31403,4167
31404,5082
31405,5363
31406,3762
31407,4022
31408,4600
31409,6899
31410,6899
31411,7417
31412,14191
31413,4033
31414,4797
31415,9532
31416,3361
31417,5066
31418,824
31419,7844
31420,6448
31421,5286
31422,6755
31423,5420
31424,4839
31425,5045
31426,4476
31427,7886
31428,2848
31429,5872
31430,2726
31431,8648
31432,3397
31433,7286
31434,9380
31435,6408
31436,5559
31437,4209
31438,2305
31439,1690
31440,3384
31441,5577
31442,3053
31443,5079
31444,7199
31445,3853
31446,5281
31447,4427
31448,7826
31449,7689
31450,7324
31451,5134
31452,3173
31453,8602
31454,8756
31455,3613
31456,4351
31457,3624
31458,4989
31459,5052
31460,3856
31461,5878
31462,3189
31463,5026
31464,4213
31465,9025
31466,5266
31467,7270
31468,6555
31469,4831
31470,8458
31471,15519
31472,8142
31473,3344
31474,3475
31475,5943
31476,6651
31477,2759
31478,4975
31479,9809
31480,5797
31481,6539
31482,17011
31483,5170
31484,4983
31485,2938
31486,2062
31487,9947
31488,3295
31489,5691
31490,8766
31491,2527
31492,3541
31493,5853
31494,3881
31495,6755
31496,1879
31497,5183
31498,5006
31499,10172
31500,5761
31501,5875
31502,2888
31503,8088
31504,5671
31505,6574
31506,1632
31507,9134
31508,5296
31509,6012
31510,3994
31511,4288
31512,0
31513,4385
31514,3588
31515,5616
31516,4558
31517,4897
31518,8489
31519,8700
31520,7595
31521,4045
31522,4278
31523,4490
31524,4595
31525,6697
31526,3146
31527,1300
31528,6298
31529,5204
31530,7850
31531,5388
31532,4390
31533,4278
31534,3194
31535,2538
31536,8112
31537,6113
31538,4551
31539,5367
31540,11072
31541,5783
31542,1923
31543,7470
31544,1856
31545,3620
31546,5932
31547,5565
31548,2358
31549,4031
31550,4003
31551,3508
31552,1546
31553,7923
31554,4301
31555,8862
31556,10015
31557,5842
31558,5572
31559,4166
31560,5065
31561,4635
31562,11753
31563,5937
31564,6721
31565,3178
31566,5501
31567,5515
31568,8666
31569,8329
31570,6864
31571,5086
31572,6535
31573,5139
31574,7960
31575,6334
31576,6702
31577,5524
31578,8591
31579,6723
31580,4663
31581,5367
31582,7876
31583,5731
31584,3373
31585,5402
31586,3143
31587,4819
31588,8604
31589,7089
31590,6915
31591,6113
31592,7527
31593,4630
31594,4152
31595,3980
31596,5596
31597,6264
31598,6008
31599,3261
31600,11986
31601,4750
31602,5333
31603,16051
31604,5200
31605,7680
31606,5809
31607,6577
31608,7742
31609,7295
31610,9328
31611,2624
31612,4134
31613,5170
31614,8782
31615,2537
31616,5045
31617,4047
31618,5198
31619,5477
31620,5262
31621,3302
31622,5362
31623,4616
31624,3031
31625,2932
31626,7506
31627,4237
31628,4974
31629,5540
31630,5089
31631,9834
31632,11681
31633,5272
31634,7435
31635,5791
31636,9386
31637,4445
31638,2652
31639,3685
31640,5203
31641,11407
31642,4021
31643,9232
31644,6878
31645,2004
31646,3488
31647,6103
31648,6290
31649,5296
31650,8935
31651,8441
31652,7240
31653,4174
31654,11803
31655,1993
31656,3598
31657,7476
31658,3828
31659,5239
31660,3757
31661,6599
31662,4667
31663,3571
31664,12252
31665,10060
31666,2256
31667,4918
31668,5328
31669,7208
31670,9383
31671,5042
31672,2861
31673,9108
31674,1914
31675,8798
31676,4104
31677,5632
31678,9569
31679,5613
31680,1612
31681,4579
31682,2265
31683,3489
31684,10349
31685,7830
31686,4098
31687,11305
31688,7198
31689,9668
31690,10900
31691,7014
31692,4045
31693,1945
31694,4568
31695,6078
31696,2586
31697,5910
31698,4265
31699,6829
31700,2236
31701,5457
31702,7565
31703,1726
31704,9151
31705,5829
31706,2565
31707,6900
31708,3353
31709,2830
31710,9379
31711,6926
31712,7103
31713,7437
31714,5472
31715,4813
31716,6315
31717,6691
31718,7996
31719,5470
31720,6801
31721,3851
31722,8251
31723,5530
31724,5882
31725,4074
31726,4553
31727,7674
31728,5569
31729,4201
31730,4982
31731,5335
31732,5044
31733,14438
31734,5153
31735,9407
31736,4292
31737,3763
31738,6206
31739,5578
31740,3343
31741,4876
31742,8738
31743,13155
31744,6912
31745,9115
31746,6426
31747,10094
31748,7909
31749,7299
31750,7030
31751,4127
31752,9570
31753,7691
31754,7244
31755,5037
31756,4972
31757,4975
31758,2381
31759,12015
31760,6540
31761,5264
31762,5108
31763,1482
31764,7818
31765,7521
31766,11246
31767,5842
31768,4208
31769,3480
31770,6655
31771,4875
31772,4110
31773,10186
31774,4361
31775,4363
31776,4948
31777,3158
31778,2406
31779,2210
31780,13157
31781,4583
31782,12889
31783,3780
31784,5590
31785,4713
31786,3828
31787,2935
31788,6075
31789,3147
31790,2556
31791,10160
31792,5629
31793,2713
31794,8389
31795,2715
31796,5555
31797,3533
31798,10151
31799,6825
31800,8312
31801,2436
31802,4993
31803,2559
31804,4784
31805,3470
31806,14839
31807,11679
31808,5102
31809,2868
31810,5703
31811,4377
31812,2302
31813,7349
31814,2297
31815,12637
31816,4072
31817,4895
31818,5537
31819,10552
31820,6702
31821,5027
31822,5051
31823,5859
31824,6565
31825,6810
31826,3767
31827,1202
31828,4278
31829,2812
31830,2758
31831,5811
31832,6789
31833,5220
31834,4916
31835,7998
31836,5259
31837,3098
31838,7849
31839,2352
31840,9618
31841,4540
31842,2894
31843,4233
31844,4044
31845,4493
31846,6721
31847,6910
31848,3742
31849,5878
31850,2460
31851,4646
31852,7639
31853,8786
31854,3495
31855,2086
31856,4977
31857,7437
31858,6240
31859,2371
31860,10585
31861,3462
31862,2963
31863,5515
31864,10143
31865,8914
31866,4428
31867,4270
31868,5590
31869,1525
31870,6760
31871,6485
31872,4554
31873,4132
31874,2731
31875,7981
31876,2971
31877,4065
31878,3629
31879,3453
31880,2934
31881,7154
31882,6581
31883,5457
31884,3537
31885,4776
31886,7563
31887,7762
31888,7042
31889,4881
31890,5442
31891,5755
31892,7439
31893,6936
31894,4947
31895,1874
31896,6263
31897,6158
31898,5472
31899,7384
31900,5421
31901,2894
31902,7647
31903,4891
31904,9903
31905,2609
31906,2596
31907,8515
31908,1594
31909,5266
31910,4164
31911,7267
31912,3397
31913,4443
31914,9150
31915,2552
31916,5963
31917,8850
31918,13803
31919,6384
31920,2360
31921,5356
31922,3727
31923,2060
31924,7496
31925,4579
31926,6317
31927,4711
31928,4882
31929,5430
31930,4841
31931,5087
31932,4644
31933,7930
31934,5166
31935,2321
31936,5908
31937,3554
31938,5472
31939,5606
31940,5879
31941,7680
31942,7751
31943,8022
31944,5410
31945,5154
31946,5636
31947,2998
31948,5637
31949,8076
31950,6254
31951,6496
31952,7301
31953,13408
31954,3074
31955,3244
31956,4793
31957,3740
31958,8034
31959,10249
31960,7882
31961,7177
31962,6771
31963,1988
31964,7876
31965,3098
31966,6609
31967,5791
31968,4916
31969,2104
31970,4900
31971,3092
31972,2992
31973,6420
31974,4226
31975,8357
31976,15954
31977,5414
31978,3171
31979,4304
31980,8023
31981,6172
31982,4175
31983,5629
31984,2165
31985,6316
31986,6944
31987,3398
31988,10388
31989,11074
31990,2828
31991,5613
31992,3390
31993,3746
31994,3772
31995,8993
31996,3484
31997,4277
31998,4582
31999,2541
32000,2510
32001,2163
32002,5430
32003,5693
32004,4407
32005,6784
32006,1148
32007,7142
32008,14662
32009,3248
32010,8144
32011,6721
32012,4411
32013,3905
32014,2211
32015,3715
32016,4410
32017,5003
32018,2948
32019,8301
32020,3887
32021,4105
32022,6018
32023,4938
32024,5829
32025,4744
32026,5926
32027,10121
32028,4245
32029,6606
32030,5914
32031,3573
32032,3024
32033,4534
32034,5661
32035,6103
32036,3133
32037,12420
32038,5128
32039,4615
32040,11908
32041,4437
32042,6637
32043,4443
32044,5301
32045,5119
32046,6293
32047,15296
32048,2811
32049,5170
32050,3348
32051,8809
32052,6864
32053,4794
32054,3558
32055,3839
32056,2434
32057,2076
32058,6230
32059,2035
32060,3843
32061,1233
32062,20580
32063,7952
32064,2005
32065,4883
32066,5774
32067,5597
32068,5066
32069,7946
32070,4986
32071,5805
32072,2709
32073,7778
32074,5328
32075,3985
32076,5737
32077,9015
32078,4565
32079,8088
32080,5983
32081,3131
32082,5458
32083,7133
32084,2748
32085,8086
32086,6517
32087,4922
32088,10009
32089,3212
32090,4923
32091,8546
32092,5998
32093,2200
32094,4801
32095,3592
32096,0
32097,5075
32098,5427
32099,3456
32100,5948
32101,2130
32102,5351
32103,2751
32104,5632
32105,5106
32106,4386
32107,5862
32108,8829
32109,2557
32110,5694
32111,6084
32112,3248
32113,5590
32114,5447
32115,8811
32116,6526
32117,3515
32118,1970
32119,2008
32120,5737
32121,4788
32122,4061
32123,11998
32124,5234
32125,5187
32126,8725
32127,6139
32128,2231
32129,17863
32130,4081
32131,8044
32132,6044
32133,7170
32134,5999
32135,8278
32136,4799
32137,3857
32138,2750
32139,3575
32140,6026
32141,3971
32142,7426
32143,4632
32144,2619
32145,7240
32146,6502
32147,4190
32148,6373
32149,4425
32150,6144
32151,3960
32152,4995
32153,3512
32154,4452
32155,3448
32156,5544
32157,7587
32158,8051
32159,5775
32160,5251
32161,4187
32162,6107
32163,6736
32164,6838
32165,2826
32166,2909
32167,8390
32168,6256
32169,2901
32170,3937
32171,6975
32172,6448
32173,2389
32174,5363
32175,4566
32176,1679
32177,4736
32178,2750
32179,3985
32180,6395
32181,5382
32182,4694
32183,3858
32184,8206
32185,6243
32186,3411
32187,5055
32188,5118
32189,2948
32190,1178
32191,6482
32192,1468
32193,5481
32194,9974
32195,5462
32196,4139
32197,3148
32198,4950
32199,4821
32200,4568
32201,5268
32202,5522
32203,7133
32204,5515
32205,8085
32206,3562
32207,3644
32208,4290
32209,3650
32210,5101
32211,5984
32212,3303
32213,4920
32214,2540
32215,7076
32216,3913
32217,4194
32218,3837
32219,5044
32220,7358
32221,3145
32222,6338
32223,4031
32224,5352
32225,4831
32226,5338
32227,7521
32228,4346
32229,3886
32230,9514
32231,5788
32232,6511
32233,1825
32234,4138
32235,5147
32236,3706
32237,4273
32238,9771
32239,8166
32240,9190
32241,9551
32242,5783
32243,4926
32244,6061
32245,6085
32246,6921
32247,10332
32248,3160
32249,1740
32250,1514
32251,3753
32252,4660
32253,9623
32254,2285
32255,1829
32256,4919
32257,4947
32258,5889
32259,10147
32260,6246
32261,6219
32262,2508
32263,6847
32264,5773
32265,7484
32266,6759
32267,3180
32268,6391
32269,3036
32270,6742
32271,5350
32272,4853
32273,5932
32274,3947
32275,6155
32276,4928
32277,6841
32278,4456
32279,7729
32280,4904
32281,8627
32282,5002
32283,3444
32284,7531
32285,3012
32286,9559
32287,5891
32288,4693
32289,3079
32290,6760
32291,4565
32292,4256
32293,6552
32294,3976
32295,11513
32296,2934
32297,2842
32298,5542
32299,6105
32300,10738
32301,2506
32302,4182
32303,6107
32304,5687
32305,4570
32306,3169
32307,6246
32308,3200
32309,9580
32310,2601
32311,7114
32312,12725
32313,6379
32314,6093
32315,2884
32316,4727
32317,7888
32318,2494
32319,7547
32320,2656
32321,8384
32322,6441
32323,5529
32324,5672
32325,4321
32326,3057
32327,5228
32328,2066
32329,3755
32330,3024
32331,2588
32332,6910
32333,5682
32334,19988
32335,7434
32336,0
32337,0
32338,0
32339,0
32340,0
32341,0
32342,0
32343,0
32344,0
32345,0
32346,0
32347,0
32348,0
32349,0
32350,0
32351,0
32352,0
32353,0
32354,0
32355,0
32356,0
32357,0
32358,0
32359,0
32360,0
32361,0
32362,0
32363,0
32364,0
32365,0
32366,0
32367,0
32368,0
32369,0
32370,0
32371,0
32372,0
32373,0
32374,0
32375,0
32376,0
32377,0
32378,0
32379,0
32380,0
32381,0
32382,0
32383,0
32384,0
32385,0
32386,0
32387,0
32388,0
32389,0
32390,0
32391,0
32392,0
32393,0
32394,0
32395,0
32396,0
32397,0
32398,0
32399,0
32400,0
32401,0
32402,0
32403,0
32404,0
32405,0
32406,0
32407,0
32408,0
32409,0
32410,0
32411,0
32412,0
32413,0
32414,0
32415,0
32416,0
32417,0
32418,0
32419,0
32420,11241
32421,0
32422,0
32423,0
32424,0
32425,0
32426,0
32427,0
32428,0
32429,0
32430,0
32431,0
32432,0
32433,0
32434,0
32435,0
32436,0
32437,0
32438,0
32439,0
32440,0
32441,0
32442,0
32443,0
32444,0
32445,0
32446,0
32447,0
32448,0
32449,0
32450,0
32451,0
32452,0
32453,0
32454,0
32455,0
32456,0
32457,3975
32458,0
32459,0
32460,0
32461,0
32462,0
32463,0
32464,0
32465,0
32466,0
32467,0
32468,0
32469,0
32470,0
32471,0
32472,0
32473,0
32474,0
32475,0
32476,0
32477,0
32478,0
32479,0
32480,0
32481,0
32482,0
32483,0
32484,0
32485,0
32486,0
32487,0
32488,0
32489,0
32490,0
32491,0
32492,0
32493,0
32494,0
32495,0
32496,0
32497,0
32498,0
32499,0
32500,0
32501,0
32502,0
32503,0
32504,0
32505,0
32506,0
32507,0
32508,0
32509,0
32510,0
32511,0
32512,0
32513,0
32514,0
32515,0
32516,0
32517,0
32518,0
32519,0
32520,0
32521,0
32522,0
32523,0
32524,0
32525,0
32526,0
32527,0
32528,0
32529,0
32530,0
32531,0
32532,0
32533,0
32534,0
32535,0
32536,0
32537,0
32538,0
32539,0
32540,0
32541,0
32542,0
32543,0
32544,2657
32545,0
32546,0
32547,0
32548,0
32549,0
32550,0
32551,0
32552,0
32553,0
32554,0
32555,0
32556,0
32557,0
32558,0
32559,0
32560,0
32561,0
32562,0
32563,0
32564,0
32565,0
32566,0
32567,0
32568,0
32569,0
32570,0
32571,0
32572,0
32573,0
32574,0
32575,0
32576,0
32577,0
32578,0
32579,0
32580,0
32581,0
32582,0
32583,0
32584,0
32585,0
32586,0
32587,0
32588,0
32589,0
32590,0
32591,0
32592,0
32593,0
32594,16896
32595,0
32596,0
32597,27979
32598,0
32599,0
32600,0
32601,0
32602,0
32603,0
32604,0
32605,0
32606,0
32607,0
32608,0
32609,7430
32610,0
32611,0
32612,0
32613,0
32614,0
32615,0
32616,0
32617,0
32618,0
32619,0
32620,0
32621,0
32622,0
32623,0
32624,0
32625,0
32626,0
32627,0
32628,0
32629,0
32630,0
32631,0
32632,0
32633,0
32634,5142
32635,0
32636,0
32637,0
32638,0
32639,0
32640,0
32641,0
32642,0
32643,0
32644,0
32645,2749
32646,0
32647,0
32648,0
32649,0
32650,0
32651,0
32652,0
32653,0
32654,0
32655,0
32656,0
32657,0
32658,0
32659,0
32660,0
32661,0
32662,0
32663,0
32664,0
32665,0
32666,0
32667,0
32668,0
32669,0
32670,8003
32671,0
32672,0
32673,0
32674,0
32675,0
32676,0
32677,0
32678,0
32679,0
32680,0
32681,0
32682,0
32683,0
32684,0
32685,0
32686,0
32687,0
32688,8960
32689,0
32690,0
32691,0
32692,0
32693,0
32694,0
32695,0
32696,0
32697,0
32698,0
32699,0
32700,0
32701,0
32702,0
32703,0
32704,0
32705,0
32706,0
32707,0
32708,0
32709,0
32710,0
32711,0
32712,0
32713,0
32714,0
32715,0
32716,0
32717,0
32718,0
32719,0
32720,0
32721,0
32722,0
32723,0
32724,0
32725,0
32726,0
32727,0
32728,0
32729,0
32730,0
32731,0
32732,0
32733,0
32734,0
32735,0
32736,0
32737,0
32738,0
32739,0
32740,0
32741,0
32742,0
32743,0
32744,0
32745,0
32746,0
32747,0
32748,0
32749,0
32750,0
32751,0
32752,0
32753,0
32754,0
32755,0
32756,0
32757,0
32758,14375
32759,0
32760,0
32761,0
32762,0
32763,0
32764,0
32765,0
32766,0
32767,0
32768,1691
32769,0
32770,0
32771,0
32772,0
32773,0
32774,0
32775,0
32776,0
32777,0
32778,0
32779,0
32780,0
32781,0
32782,0
32783,0
32784,0
32785,0
32786,0
32787,0
32788,5467
32789,0
32790,0
32791,0
32792,0
32793,0
32794,0
32795,0
32796,0
32797,0
32798,0
32799,0
32800,0
32801,0
32802,0
32803,0
32804,0
32805,0
32806,0
32807,0
32808,0
32809,0
32810,0
32811,0
32812,0
32813,0
32814,0
32815,0
32816,0
32817,0
32818,0
32819,0
32820,0
32821,0
32822,0
32823,0
32824,0
32825,0
32826,0
32827,0
32828,0
32829,7460
32830,0
32831,0
32832,0
32833,0
32834,0
32835,0
32836,0
32837,0
32838,0
32839,0
32840,0
32841,0
32842,0
32843,0
32844,0
32845,0
32846,0
32847,7536
32848,0
32849,0
32850,0
32851,0
32852,0
32853,0
32854,0
32855,0
32856,0
32857,0
32858,0
32859,2187
32860,0
32861,0
32862,0
32863,0
32864,0
32865,5807
32866,0
32867,0
32868,0
32869,0
32870,0
32871,0
32872,0
32873,0
32874,0
32875,0
32876,0
32877,0
32878,0
32879,0
32880,0
32881,0
32882,0
32883,0
32884,0
32885,0
32886,0
32887,0
32888,0
32889,0
32890,0
32891,0
32892,0
32893,0
32894,0
32895,0
32896,0
32897,18097
32898,0
32899,0
32900,0
32901,0
32902,0
32903,0
32904,0
32905,0
32906,0
32907,0
32908,0
32909,0
32910,0
32911,0
32912,0
32913,5838
32914,0
32915,0
32916,0
32917,0
32918,0
32919,0
32920,0
32921,0
32922,0
32923,0
32924,0
32925,0
32926,0
32927,0
32928,0
32929,0
32930,0
32931,0
32932,0
32933,0
32934,0
32935,0
32936,0
32937,0
32938,0
32939,0
32940,0
32941,0
32942,0
32943,0
32944,0
32945,0
32946,0
32947,0
32948,0
32949,0
32950,0
32951,0
32952,0
32953,0
32954,0
32955,0
32956,0
32957,0
32958,0
32959,0
32960,0
32961,0
32962,0
32963,0
32964,0
32965,0
32966,0
32967,0
32968,0
32969,0
32970,0
32971,0
32972,0
32973,0
32974,0
32975,0
32976,0
32977,0
32978,0
32979,0
32980,0
32981,0
32982,0
32983,0
32984,0
32985,0
32986,0
32987,0
32988,0
32989,0
32990,0
32991,0
32992,0
32993,0
32994,0
32995,0
32996,0
32997,0
32998,0
32999,0
33000,0
33001,0
33002,0
33003,0
33004,0
33005,0
33006,0
33007,0
33008,0
33009,0
33010,0
33011,12729
33012,0
33013,0
33014,0
33015,0
33016,0
33017,6802
33018,0
33019,0
33020,0
33021,0
33022,0
33023,0
33024,0
33025,0
33026,0
33027,0
33028,0
33029,0
33030,0
33031,0
33032,0
33033,0
33034,0
33035,0
33036,0
33037,0
33038,0
33039,0
33040,0
33041,0
33042,0
33043,0
33044,0
33045,0
33046,0
33047,0
33048,0
33049,0
33050,0
33051,0
33052,0
33053,0
33054,0
33055,0
33056,0
33057,0
33058,0
33059,0
33060,0
33061,0
33062,0
33063,0
33064,0
33065,0
33066,0
33067,4034
33068,16001
33069,0
33070,0
33071,0
33072,0
33073,0
33074,0
33075,0
33076,0
33077,0
33078,0
33079,0
33080,0
33081,0
33082,0
33083,0
33084,0
33085,0
33086,0
33087,0
33088,0
33089,0
33090,0
33091,0
33092,0
33093,0
33094,0
33095,0
33096,0
33097,0
33098,0
33099,0
33100,0
33101,0
33102,0
33103,0
33104,11827
33105,0
33106,0
33107,0
33108,0
33109,0
33110,0
33111,0
33112,0
33113,0
33114,0
33115,0
33116,0
33117,0
33118,0
33119,0
33120,0
33121,0
33122,0
33123,0
33124,0
33125,0
33126,0
33127,0
33128,0
33129,0
33130,0
33131,0
33132,0
33133,0
33134,0
33135,0
33136,0
33137,0
33138,0
33139,0
33140,0
33141,0
33142,0
33143,0
33144,0
33145,0
33146,0
33147,0
33148,0
33149,0
33150,0
33151,0
33152,0
33153,0
33154,0
33155,0
33156,0
33157,0
33158,0
33159,0
33160,0
33161,0
33162,0
33163,0
33164,0
33165,0
33166,0
33167,0
33168,0
33169,0
33170,0
33171,0
33172,0
33173,0
33174,0
33175,0
33176,0
33177,0
33178,0
33179,0
33180,0
33181,0
33182,0
33183,0
33184,0
33185,0
33186,0
33187,0
33188,0
33189,0
33190,0
33191,0
33192,0
33193,0
33194,0
33195,0
33196,0
33197,0
33198,2813
33199,0
33200,0
33201,0
33202,2338
33203,0
33204,0
33205,0
33206,0
33207,0
33208,0
33209,0
33210,0
33211,0
33212,0
33213,0
33214,0
33215,0
33216,0
33217,0
33218,0
33219,0
33220,0
33221,0
33222,0
33223,0
33224,0
33225,0
33226,0
33227,0
33228,0
33229,0
33230,0
33231,0
33232,0
33233,0
33234,0
33235,0
33236,0
33237,0
33238,0
33239,0
33240,0
33241,0
33242,0
33243,0
33244,0
33245,0
33246,0
33247,0
33248,0
33249,0
33250,0
33251,0
33252,0
33253,0
33254,0
33255,0
33256,0
33257,0
33258,0
33259,0
33260,0
33261,0
33262,0
33263,0
33264,0
33265,0
33266,3085
33267,0
33268,0
33269,0
33270,0
33271,0
33272,0
33273,0
33274,0
33275,0
33276,0
33277,0
33278,0
33279,0
33280,0
33281,0
33282,0
33283,11378
33284,0
33285,0
33286,0
33287,0
33288,0
33289,0
33290,0
33291,0
33292,0
33293,0
33294,0
33295,0
33296,0
33297,0
33298,0
33299,0
33300,0
33301,0
33302,0
33303,0
33304,0
33305,0
33306,0
33307,0
33308,0
33309,0
33310,0
33311,0
33312,0
33313,0
33314,0
33315,0
33316,0
33317,0
33318,0
33319,0
33320,0
33321,0
33322,0
33323,0
33324,0
33325,0
33326,0
33327,0
33328,0
33329,0
33330,0
33331,0
33332,0
33333,0
33334,0
33335,0
33336,0
33337,0
33338,0
33339,0
33340,0
33341,0
33342,0
33343,0
33344,0
33345,0
33346,0
33347,0
33348,0
33349,0
33350,0
33351,0
33352,0
33353,0
33354,0
33355,0
33356,0
33357,0
33358,0
33359,0
33360,0
33361,0
33362,0
33363,0
33364,0
33365,0
33366,0
33367,0
33368,0
33369,0
33370,0
33371,0
33372,0
33373,0
33374,0
33375,0
33376,0
33377,0
33378,0
33379,0
33380,4751
33381,0
33382,0
33383,0
33384,0
33385,0
33386,0
33387,0
33388,0
33389,0
33390,0
33391,0
33392,0
33393,0
33394,0
33395,0
33396,0
33397,0
33398,0
33399,0
33400,0
33401,0
33402,0
33403,0
33404,0
33405,0
33406,0
33407,0
33408,0
33409,0
33410,0
33411,0
33412,0
33413,0
33414,0
33415,0
33416,5069
33417,0
33418,0
33419,0
33420,0
33421,0
33422,0
33423,0
33424,0
33425,0
33426,0
33427,0
33428,0
33429,0
33430,0
33431,0
33432,12968
33433,0
33434,5051
33435,0
33436,0
33437,0
33438,0
33439,0
33440,0
33441,0
33442,0
33443,0
33444,0
33445,0
33446,0
33447,0
33448,0
33449,0
33450,0
33451,4002
33452,4108
33453,5873
33454,8969
33455,4181
33456,4186
33457,9010
33458,5631
33459,6844
33460,5846
33461,7106
33462,6616
33463,3925
33464,5110
33465,5909
33466,7666
33467,5314
33468,6278
33469,5834
33470,8616
33471,4436
33472,4171
33473,4713
33474,8380
33475,9918
33476,5532
33477,7862
33478,3942
33479,6851
33480,3263
33481,4941
33482,3805
33483,7282
33484,7389
33485,9356
33486,8974
33487,5360
33488,4746
33489,4199
33490,3938
33491,5239
33492,8663
33493,5655
33494,4514
33495,4668
33496,4252
33497,6545
33498,3042
33499,6514
33500,3647
33501,5987
33502,5281
33503,4871
33504,6499
33505,4435
33506,7222
33507,7491
33508,6009
33509,4990
33510,7513
33511,4461
33512,6480
33513,5933
33514,8886
33515,4000
33516,5613
33517,7086
33518,7237
33519,7995
33520,5934
33521,7420
33522,3758
33523,4466
33524,5107
33525,6062
33526,8218
33527,6781
33528,3079
33529,4962
33530,6930
33531,6669
33532,7715
33533,3612
33534,11731
33535,6494
33536,3784
33537,5897
33538,5230
33539,6227
33540,7453
33541,3868
33542,5068
33543,5194
33544,6362
33545,6024
33546,4729
33547,5841
33548,4740
33549,4893
33550,7752
33551,6805
33552,5560
33553,4544
33554,9630
33555,4873
33556,8110
33557,7157
33558,11643
33559,6070
33560,4867
33561,5612
33562,6346
33563,5373
33564,4466
33565,6973
33566,6725
33567,3433
33568,7391
33569,5451
33570,6539
33571,4176
33572,9345
33573,7285
33574,4244
33575,10912
33576,4639
33577,4157
33578,7280
33579,7741
33580,5266
33581,4093
33582,6587
33583,5389
33584,4783
33585,5641
33586,4562
33587,7591
33588,6695
33589,6080
33590,7080
33591,4782
33592,4235
33593,5490
33594,6282
33595,6683
33596,6824
33597,6877
33598,8320
33599,5050
33600,7868
33601,5999
33602,4671
33603,5213
33604,8278
33605,5752
33606,5532
33607,8907
33608,7078
33609,6559
33610,4938
33611,6734
33612,6272
33613,6622
33614,5808
33615,3728
33616,4787
33617,7811
33618,6996
33619,5180
33620,3401
33621,7104
33622,6665
33623,7155
33624,5952
33625,5101
33626,4454
33627,3507
33628,8799
33629,6138
33630,5970
33631,5291
33632,4687
33633,5563
33634,5681
33635,5592
33636,3554
33637,5758
33638,4275
33639,7666
33640,7386
33641,6308
33642,10712
33643,4183
33644,4445
33645,9155
33646,4889
33647,5361
33648,2014
33649,7168
33650,7421
33651,4556
33652,6124
33653,6294
33654,5444
33655,5410
33656,6819
33657,10044
33658,2581
33659,7168
33660,2724
33661,12860
33662,4075
33663,7154
33664,7789
33665,5070
33666,5889
33667,4180
33668,4883
33669,3071
33670,4165
33671,5306
33672,4575
33673,6109
33674,6564
33675,4662
33676,6344
33677,5682
33678,7168
33679,7736
33680,7370
33681,4110
33682,3231
33683,9161
33684,8804
33685,4736
33686,6791
33687,4771
33688,6724
33689,4407
33690,4549
33691,5513
33692,3336
33693,5390
33694,4218
33695,9172
33696,6161
33697,7289
33698,7323
33699,4914
33700,7675
33701,16996
33702,8428
33703,4458
33704,2511
33705,5164
33706,6900
33707,4674
33708,5767
33709,13152
33710,6050
33711,9635
33712,18073
33713,4069
33714,5380
33715,4652
33716,3992
33717,7508
33718,4457
33719,7106
33720,9104
33721,6546
33722,5437
33723,6500
33724,5072
33725,5911
33726,3344
33727,5553
33728,6778
33729,8185
33730,5598
33731,5148
33732,4116
33733,7001
33734,4572
33735,4925
33736,3328
33737,7651
33738,4750
33739,5679
33740,6138
33741,7070
33742,0
33743,5231
33744,5665
33745,5090
33746,6253
33747,6377
33748,7603
33749,10288
33750,6627
33751,5021
33752,3152
33753,5360
33754,6133
33755,5471
33756,4451
33757,2138
33758,7496
33759,5548
33760,8400
33761,6131
33762,4872
33763,5716
33764,4495
33765,4408
33766,8307
33767,4917
33768,6376
33769,7200
33770,13674
33771,4947
33772,4531
33773,6795
33774,4688
33775,5135
33776,4803
33777,6881
33778,4158
33779,6136
33780,3507
33781,5239
33782,3591
33783,8815
33784,4736
33785,12258
33786,12121
33787,4555
33788,6204
33789,4965
33790,5752
33791,4975
33792,10923
33793,6438
33794,8024
33795,4188
33796,6905
33797,4586
33798,8273
33799,8416
33800,6005
33801,5190
33802,5937
33803,6918
33804,6990
33805,8694
33806,5692
33807,6713
33808,8562
33809,5763
33810,6021
33811,4887
33812,8838
33813,6600
33814,4661
33815,4547
33816,5456
33817,4517
33818,7749
33819,5734
33820,6400
33821,5453
33822,7623
33823,4225
33824,6696
33825,7398
33826,6696
33827,7474
33828,6085
33829,3831
33830,11863
33831,8955
33832,6346
33833,15517
33834,8471
33835,6055
33836,5540
33837,7661
33838,8939
33839,9956
33840,9762
33841,4760
33842,6574
33843,4803
33844,7449
33845,3752
33846,9526
33847,5135
33848,4497
33849,5576
33850,7952
33851,6794
33852,5218
33853,6959
33854,4752
33855,3588
33856,6211
33857,3708
33858,4395
33859,5352
33860,5322
33861,8257
33862,8340
33863,6819
33864,6149
33865,5275
33866,9838
33867,5996
33868,4394
33869,4737
33870,4656
33871,8678
33872,4136
33873,11020
33874,6633
33875,3105
33876,4215
33877,6116
33878,5571
33879,4596
33880,7676
33881,8805
33882,11136
33883,5563
33884,9031
33885,2836
33886,4942
33887,6617
33888,4605
33889,6094
33890,5118
33891,5639
33892,3476
33893,4496
33894,11024
33895,7909
33896,4020
33897,5183
33898,7532
33899,9762
33900,7128
33901,5119
33902,4203
33903,12101
33904,5191
33905,6528
33906,5141
33907,4744
33908,6351
33909,7692
33910,3228
33911,3865
33912,4457
33913,5666
33914,9875
33915,6766
33916,6724
33917,11972
33918,4902
33919,9555
33920,10315
33921,6286
33922,4439
33923,2777
33924,6825
33925,5521
33926,5361
33927,5407
33928,5912
33929,9883
33930,4488
33931,4972
33932,6532
33933,4364
33934,6359
33935,4596
33936,3608
33937,5941
33938,3173
33939,5964
33940,7745
33941,6032
33942,6642
33943,7235
33944,6638
33945,4619
33946,6672
33947,8075
33948,6943
33949,5209
33950,5917
33951,4432
33952,9543
33953,5146
33954,6138
33955,4871
33956,6155
33957,7053
33958,5959
33959,5555
33960,7473
33961,5488
33962,6172
33963,16210
33964,5638
33965,7584
33966,4967
33967,5519
33968,5088
33969,4526
33970,4243
33971,4343
33972,7900
33973,13056
33974,8285
33975,8890
33976,8984
33977,9792
33978,9205
33979,7092
33980,8768
33981,4611
33982,10478
33983,9979
33984,6116
33985,7536
33986,7057
33987,5484
33988,4070
33989,10425
33990,6105
33991,5607
33992,5714
33993,2126
33994,11595
33995,9215
33996,13602
33997,5373
33998,4414
33999,4205
34000,5630
34001,5891
34002,6462
34003,6249
34004,5316
34005,4218
34006,6171
34007,3308
34008,2548
34009,5478
34010,12658
34011,6066
34012,16988
34013,4290
34014,5174
34015,5680
34016,4618
34017,4285
34018,4760
34019,4445
34020,3395
34021,7570
34022,5767
34023,3371
34024,8231
34025,4296
34026,5601
34027,4252
34028,10583
34029,6548
34030,9953
34031,4621
34032,6320
34033,3817
34034,4482
34035,4098
34036,13593
34037,9465
34038,5843
34039,4400
34040,4552
34041,5447
34042,3984
34043,9004
34044,4244
34045,13607
34046,4221
34047,4949
34048,5490
34049,8419
34050,6130
34051,4285
34052,5954
34053,6223
34054,6152
34055,6031
34056,5171
34057,3060
34058,8329
34059,4650
34060,3605
34061,5645
34062,5412
34063,5755
34064,6018
34065,8596
34066,7330
34067,5868
34068,6524
34069,3970
34070,8074
34071,4892
34072,4164
34073,6088
34074,6349
34075,5700
34076,7755
34077,5640
34078,5626
34079,5590
34080,5395
34081,5290
34082,6504
34083,6158
34084,6292
34085,4773
34086,4873
34087,7950
34088,5417
34089,3712
34090,10328
34091,4530
34092,2761
34093,6525
34094,8019
34095,8445
34096,4943
34097,5070
34098,5490
34099,3172
34100,5831
34101,6784
34102,5648
34103,5256
34104,6290
34105,7000
34106,2987
34107,4971
34108,5020
34109,5159
34110,4475
34111,6460
34112,6835
34113,5506
34114,4351
34115,7537
34116,5473
34117,7618
34118,7699
34119,4236
34120,5950
34121,6262
34122,7668
34123,6952
34124,7145
34125,2999
34126,9045
34127,5929
34128,6324
34129,9401
34130,4539
34131,3606
34132,10106
34133,7224
34134,7450
34135,5004
34136,5443
34137,7950
34138,2919
34139,6140
34140,5030
34141,6450
34142,5411
34143,4811
34144,7179
34145,4406
34146,8095
34147,9122
34148,15556
34149,6641
34150,4082
34151,4734
34152,3504
34153,2734
34154,10477
34155,7018
34156,4862
34157,7812
34158,4729
34159,9766
34160,3931
34161,5231
34162,5434
34163,7771
34164,4530
34165,5251
34166,4895
34167,4167
34168,6908
34169,4705
34170,5986
34171,6925
34172,8628
34173,6958
34174,6598
34175,5285
34176,9466
34177,4357
34178,4853
34179,9318
34180,6166
34181,7656
34182,9729
34183,14462
34184,4582
34185,4198
34186,4416
34187,5250
34188,7543
34189,8866
34190,6137
34191,7325
34192,6631
34193,3296
34194,6813
34195,6333
34196,5548
34197,6774
34198,4562
34199,4473
34200,4257
34201,3535
34202,4069
34203,7107
34204,6462
34205,9994
34206,15173
34207,6284
34208,4744
34209,5821
34210,7467
34211,8340
34212,3764
34213,5558
34214,3663
34215,8671
34216,5726
34217,5567
34218,11457
34219,11546
34220,4115
34221,6488
34222,3448
34223,5219
34224,5520
34225,7790
34226,4124
34227,4083
34228,5016
34229,6292
34230,5584
34231,3931
34232,5225
34233,6285
34234,5417
34235,5860
34236,3194
34237,9475
34238,17313
34239,3847
34240,6513
34241,7646
34242,5662
34243,3767
34244,3351
34245,3346
34246,6689
34247,4428
34248,6499
34249,8231
34250,3699
34251,4994
34252,5453
34253,5282
34254,4536
34255,4902
34256,5780
34257,9458
34258,6778
34259,7731
34260,5088
34261,3837
34262,5913
34263,5845
34264,7236
34265,5420
34266,4090
34267,20756
34268,5964
34269,5315
34270,10923
34271,6101
34272,6114
34273,5610
34274,6804
34275,4282
34276,8324
34277,13985
34278,4677
34279,4912
34280,5526
34281,11096
34282,5730
34283,4570
34284,5476
34285,4720
34286,5825
34287,3781
34288,7805
34289,3603
34290,7031
34291,2397
34292,17960
34293,7576
34294,3546
34295,4238
34296,7933
34297,5395
34298,5928
34299,7186
34300,4871
34301,4990
34302,4201
34303,8607
34304,5057
34305,5356
34306,6066
34307,7187
34308,5216
34309,7226
34310,5181
34311,3601
34312,7903
34313,8334
34314,4251
34315,6383
34316,6219
34317,4971
34318,8959
34319,5076
34320,6608
34321,5925
34322,6836
34323,3627
34324,4407
34325,4310
34326,0
34327,6139
34328,7286
34329,3470
34330,7412
34331,3295
34332,5556
34333,4421
34334,5572
34335,5639
34336,6376
34337,6011
34338,7700
34339,3318
34340,5440
34341,6391
34342,6556
34343,5871
34344,6528
34345,9221
34346,6559
34347,2786
34348,5809
34349,4839
34350,5990
34351,6388
34352,3994
34353,10559
34354,4638
34355,5992
34356,9770
34357,5872
34358,3654
34359,16192
34360,4763
34361,9239
34362,5044
34363,6968
34364,8655
34365,5428
34366,4903
34367,5629
34368,4570
34369,5231
34370,5516
34371,9203
34372,6261
34373,5028
34374,4057
34375,5834
34376,6118
34377,5615
34378,5851
34379,5394
34380,5915
34381,5116
34382,6746
34383,6892
34384,5755
34385,5256
34386,5878
34387,6941
34388,9122
34389,4868
34390,6968
34391,4883
34392,5366
34393,6530
34394,5819
34395,4230
34396,3848
34397,6036
34398,8335
34399,4412
34400,5284
34401,6945
34402,5427
34403,4677
34404,5231
34405,4141
34406,2992
34407,7331
34408,3814
34409,6555
34410,5866
34411,5348
34412,5321
34413,9687
34414,7628
34415,6702
34416,4598
34417,7186
34418,7223
34419,3476
34420,3238
34421,7753
34422,2893
34423,6481
34424,11979
34425,6731
34426,5860
34427,3914
34428,6629
34429,5321
34430,5386
34431,6233
34432,7259
34433,7059
34434,5007
34435,7320
34436,4060
34437,6048
34438,4737
34439,5053
34440,5095
34441,4884
34442,5052
34443,6702
34444,3948
34445,8616
34446,5988
34447,4154
34448,4093
34449,7468
34450,6416
34451,4902
34452,5750
34453,5646
34454,4553
34455,5568
34456,5759
34457,5773
34458,4533
34459,4673
34460,7458
34461,5893
34462,5233
34463,3252
34464,9328
34465,5620
34466,4419
34467,6109
34468,10361
34469,6967
34470,7737
34471,8637
34472,5647
34473,5028
34474,5104
34475,7084
34476,7499
34477,10596
34478,3693
34479,5441
34480,3031
34481,3943
34482,7931
34483,13101
34484,5519
34485,4397
34486,4271
34487,5432
34488,5052
34489,8515
34490,7207
34491,5295
34492,3465
34493,6883
34494,5218
34495,10501
34496,7852
34497,4275
34498,6296
34499,3503
34500,6353
34501,7151
34502,6362
34503,7376
34504,5611
34505,6453
34506,3974
34507,5586
34508,6227
34509,7280
34510,6213
34511,7208
34512,5043
34513,3998
34514,8496
34515,4149
34516,10300
34517,5288
34518,3973
34519,5708
34520,5920
34521,5756
34522,6650
34523,8758
34524,4229
34525,11392
34526,3825
34527,3964
34528,6326
34529,7177
34530,10250
34531,5875
34532,5903
34533,5137
34534,6041
34535,6306
34536,4391
34537,5724
34538,4503
34539,8826
34540,5734
34541,7754
34542,11224
34543,7595
34544,4630
34545,4265
34546,4868
34547,10434
34548,5099
34549,8807
34550,3597
34551,9242
34552,6166
34553,4906
34554,4407
34555,4303
34556,4867
34557,4676
34558,4857
34559,4497
34560,3996
34561,4173
34562,7328
34563,5890
34564,20641
34565,5774
34566,3766
34567,4105
34568,5894
34569,7926
34570,3993
34571,3936
34572,9118
34573,5221
34574,6378
34575,5504
34576,6300
34577,5925
34578,3629
34579,4826
34580,5112
34581,7196
34582,5510
34583,5864
34584,5619
34585,8278
34586,4140
34587,3968
34588,4342
34589,8019
34590,8908
34591,5042
34592,7714
34593,3978
34594,6573
34595,3611
34596,4463
34597,3582
34598,6615
34599,6766
34600,8820
34601,8340
34602,4806
34603,4361
34604,4044
34605,3995
34606,4968
34607,8412
34608,5208
34609,4354
34610,3954
34611,3950
34612,6114
34613,2907
34614,6234
34615,3277
34616,5531
34617,4982
34618,4344
34619,5786
34620,4254
34621,6967
34622,6681
34623,5789
34624,4635
34625,7330
34626,4059
34627,6028
34628,5109
34629,8232
34630,4073
34631,5221
34632,6864
34633,6612
34634,7901
34635,5514
34636,7183
34637,3686
34638,4036
34639,4965
34640,5332
34641,7714
34642,6368
34643,2992
34644,4722
34645,6489
34646,6407
34647,7396
34648,3354
34649,11102
34650,5492
34651,3667
34652,5439
34653,5400
34654,5764
34655,6895
34656,3702
34657,4855
34658,5110
34659,5848
34660,5917
34661,4596
34662,5541
34663,4282
34664,4584
34665,7055
34666,5916
34667,5319
34668,4054
34669,8869
34670,4586
34671,7351
34672,6608
34673,10559
34674,5319
34675,4577
34676,5219
34677,5787
34678,4962
34679,4258
34680,6621
34681,6147
34682,3297
34683,6076
34684,5078
34685,5703
34686,3908
34687,8383
34688,7088
34689,4276
34690,10033
34691,4203
34692,3738
34693,6763
34694,7748
34695,4660
34696,3738
34697,5984
34698,5287
34699,4291
34700,5059
34701,4383
34702,7198
34703,6531
34704,5726
34705,6597
34706,4589
34707,3919
34708,5129
34709,6471
34710,6458
34711,6346
34712,6285
34713,7763
34714,4776
34715,6787
34716,5651
34717,4408
34718,5093
34719,7785
34720,5407
34721,5630
34722,8579
34723,6782
34724,6217
34725,4618
34726,6294
34727,5904
34728,6157
34729,5674
34730,3633
34731,4674
34732,8177
34733,6658
34734,4894
34735,3424
34736,6739
34737,6300
34738,6429
34739,5551
34740,4756
34741,4245
34742,3325
34743,7893
34744,5878
34745,5222
34746,5206
34747,4390
34748,5159
34749,5196
34750,4748
34751,3269
34752,5509
34753,3704
34754,7165
34755,7023
34756,5953
34757,10126
34758,4109
34759,4134
34760,8804
34761,4220
34762,4924
34763,2320
34764,6727
34765,7012
34766,4064
34767,5658
34768,5864
34769,5261
34770,5076
34771,6712
34772,8990
34773,2284
34774,6603
34775,2515
34776,11842
34777,3796
34778,6813
34779,7129
34780,4742
34781,5484
34782,4014
34783,4795
34784,2941
34785,4176
34786,4870
34787,4183
34788,5479
34789,6095
34790,4388
34791,6113
34792,5323
34793,6914
34794,7113
34795,6195
34796,3896
34797,2824
34798,8626
34799,7783
34800,4390
34801,6391
34802,4220
34803,6323
34804,4002
34805,4198
34806,5210
34807,2871
34808,5449
34809,3776
34810,8461
34811,5642
34812,6709
34813,6624
34814,4273
34815,7010
34816,16718
34817,8055
34818,4167
34819,2335
34820,4834
34821,6743
34822,4315
34823,5276
34824,11625
34825,5469
34826,8779
34827,16136
34828,3659
34829,4954
34830,4593
34831,3865
34832,6971
34833,4070
34834,6699
34835,8266
34836,6721
34837,5190
34838,6174
34839,3926
34840,5238
34841,3353
34842,5147
34843,5836
34844,7430
34845,5148
34846,4528
34847,3771
34848,6442
34849,4287
34850,4600
34851,3196
34852,7170
34853,4361
34854,5111
34855,6003
34856,6597
34857,0
34858,4962
34859,5824
34860,5070
34861,6090
34862,5874
34863,6818
34864,9255
34865,6699
34866,4461
34867,2968
34868,5162
34869,5627
34870,4947
34871,4164
34872,2268
34873,7213
34874,5109
34875,7727
34876,5944
34877,4449
34878,5235
34879,4175
34880,3941
34881,7713
34882,4368
34883,5852
34884,6287
34885,12326
34886,4631
34887,4539
34888,6369
34889,4762
34890,4973
34891,4223
34892,6406
34893,3965
34894,5712
34895,3331
34896,5011
34897,3346
34898,8115
34899,4261
34900,12803
34901,11611
34902,4281
34903,5771
34904,4909
34905,5185
34906,4698
34907,10023
34908,6040
34909,7569
34910,3877
34911,6726
34912,4098
34913,8067
34914,7610
34915,5420
34916,4940
34917,5213
34918,6026
34919,6387
34920,7749
34921,5292
34922,6141
34923,7821
34924,5255
34925,5543
34926,4366
34927,7975
34928,6012
34929,4741
34930,4232
34931,5316
34932,3908
34933,7230
34934,5162
34935,5887
34936,5126
34937,7208
34938,3901
34939,6305
34940,7526
34941,6179
34942,7262
34943,6052
34944,3467
34945,11521
34946,8352
34947,5790
34948,14753
34949,8731
34950,5280
34951,5155
34952,7319
34953,8611
34954,9627
34955,9039
34956,4611
34957,6220
34958,4446
34959,6890
34960,3475
34961,9222
34962,5059
34963,4033
34964,5212
34965,7521
34966,6652
34967,4719
34968,6520
34969,4666
34970,3495
34971,5839
34972,3493
34973,3969
34974,5239
34975,4898
34976,7627
34977,7616
34978,6180
34979,5519
34980,5392
34981,9193
34982,5804
34983,4253
34984,4372
34985,4236
34986,7826
34987,3620
34988,9508
34989,5999
34990,2812
34991,4112
34992,5655
34993,5218
34994,4278
34995,7224
34996,7935
34997,10580
34998,5351
34999,8697
35000,2732
35001,4629
35002,5907
35003,4256
35004,5691
35005,4801
35006,5158
35007,3140
35008,4175
35009,10071
35010,7446
35011,3905
35012,4581
35013,7273
35014,9426
35015,6802
35016,4938
35017,3876
35018,11687
35019,5104
35020,6203
35021,5027
35022,4418
35023,5961
35024,7202
35025,3112
35026,3576
35027,4365
35028,5282
35029,8626
35030,6406
35031,6403
35032,11928
35033,4140
35034,8664
35035,9604
35036,5600
35037,3933
35038,2841
35039,6515
35040,5395
35041,5009
35042,4962
35043,5466
35044,10029
35045,4114
35046,4576
35047,5915
35048,4908
35049,5593
35050,4294
35051,3515
35052,5279
35053,2856
35054,6054
35055,7345
35056,5496
35057,6688
35058,6890
35059,6521
35060,4089
35061,6002
35062,8274
35063,6366
35064,4778
35065,5268
35066,4074
35067,8694
35068,4498
35069,5497
35070,4752
35071,5768
35072,6589
35073,5657
35074,5436
35075,7265
35076,5052
35077,5585
35078,15263
35079,5291
35080,6942
35081,5006
35082,5487
35083,4558
35084,4101
35085,3943
35086,4090
35087,7193
35088,11838
35089,7228
35090,7736
35091,9033
35092,9236
35093,8421
35094,6186
35095,7766
35096,4219
35097,9608
35098,9422
35099,5745
35100,7284
35101,6880
35102,5120
35103,3480
35104,9809
35105,5656
35106,5522
35107,5526
35108,2089
35109,11351
35110,8764
35111,12693
35112,5103
35113,4025
35114,3969
35115,5137
35116,5449
35117,6134
35118,5710
35119,5000
35120,3728
35121,5967
35122,3181
35123,2506
35124,5097
35125,11500
35126,5747
35127,15663
35128,4091
35129,4793
35130,5487
35131,4416
35132,3938
35133,4159
35134,4258
35135,3403
35136,6782
35137,5206
35138,3227
35139,7439
35140,4308
35141,5125
35142,3763
35143,9387
35144,6069
35145,8685
35146,4387
35147,6091
35148,3450
35149,4316
35150,3684
35151,13001
35152,8842
35153,5164
35154,4247
35155,3996
35156,5017
35157,3795
35158,8378
35159,3975
35160,12565
35161,3978
35162,4815
35163,4992
35164,7519
35165,5303
35166,3881
35167,5821
35168,6348
35169,5719
35170,5778
35171,4722
35172,2971
35173,8420
35174,4146
35175,3492
35176,5306
35177,4920
35178,5240
35179,5659
35180,7976
35181,7151
35182,5656
35183,6238
35184,3738
35185,7446
35186,4830
35187,3709
35188,6061
35189,5849
35190,5385
35191,7033
35192,5177
35193,5202
35194,5131
35195,5565
35196,4624
35197,5910
35198,5950
35199,5750
35200,5043
35201,4433
35202,7641
35203,5165
35204,3753
35205,9366
35206,4379
35207,2867
35208,6064
35209,7348
35210,8435
35211,4683
35212,4438
35213,4906
35214,2974
35215,5397
35216,6372
35217,5279
35218,4868
35219,5772
35220,6341
35221,2966
35222,4572
35223,4703
35224,4750
35225,4197
35226,6007
35227,6257
35228,5480
35229,3905
35230,7231
35231,4811
35232,6385
35233,7162
35234,3914
35235,5780
35236,5949
35237,7075
35238,6518
35239,6817
35240,2958
35241,7971
35242,5449
35243,5937
35244,8198
35245,4136
35246,3662
35247,10179
35248,6571
35249,6744
35250,4922
35251,5482
35252,7377
35253,2907
35254,5806
35255,4830
35256,5974
35257,5423
35258,4497
35259,6910
35260,4384
35261,7212
35262,8462
35263,13951
35264,6696
35265,3982
35266,4320
35267,3342
35268,2694
35269,9462
35270,6622
35271,4440
35272,7683
35273,4424
35274,9268
35275,3612
35276,4811
35277,5212
35278,7344
35279,4287
35280,5315
35281,4651
35282,3896
35283,6771
35284,4320
35285,5511
35286,6081
35287,8095
35288,6484
35289,6134
35290,4647
35291,9230
35292,4093
35293,4395
35294,8899
35295,5678
35296,7456
35297,8921
35298,13602
35299,4575
35300,3934
35301,3985
35302,5152
35303,7043
35304,8352
35305,5536
35306,6859
35307,6024
35308,3136
35309,6399
35310,6006
35311,5415
35312,6360
35313,4154
35314,4168
35315,3933
35316,3335
35317,3917
35318,6501
35319,6014
35320,9338
35321,14384
35322,5964
35323,4339
35324,5626
35325,6801
35326,7530
35327,3336
35328,4760
35329,3663
35330,8081
35331,5436
35332,5175
35333,10070
35334,10737
35335,3894
35336,5999
35337,3117
35338,4784
35339,4708
35340,7223
35341,3871
35342,3643
35343,4788
35344,6419
35345,6006
35346,3980
35347,4851
35348,5830
35349,5557
35350,5189
35351,3144
35352,8517
35353,15424
35354,3771
35355,6080
35356,7280
35357,5375
35358,3264
35359,3107
35360,3078
35361,6449
35362,4202
35363,6373
35364,7679
35365,3360
35366,4428
35367,4850
35368,4732
35369,4116
35370,4427
35371,5113
35372,8697
35373,6551
35374,7217
35375,4697
35376,3588
35377,5500
35378,5421
35379,6895
35380,5172
35381,3850
35382,19565
35383,5369
35384,4727
35385,10315
35386,5662
35387,5328
35388,5013
35389,6208
35390,4181
35391,7605
35392,12658
35393,4222
35394,4644
35395,5380
35396,10959
35397,5255
35398,4234
35399,4975
35400,4359
35401,5410
35402,3703
35403,7133
35404,3226
35405,6578
35406,2257
35407,16872
35408,6886
35409,3323
35410,3909
35411,7911
35412,5083
35413,5533
35414,6814
35415,4663
35416,4260
35417,4027
35418,8474
35419,4697
35420,5098
35421,5647
35422,6544
35423,4859
35424,6680
35425,4850
35426,3570
35427,7111
35428,8529
35429,4059
35430,5795
35431,5552
35432,4393
35433,8120
35434,4898
35435,6256
35436,5552
35437,6352
35438,3405
35439,3987
35440,4005
35441,0
35442,5710
35443,6736
35444,3206
35445,7099
35446,3234
35447,5205
35448,4055
35449,5095
35450,5371
35451,6082
35452,5702
35453,6693
35454,3184
35455,4914
35456,5976
35457,6005
35458,5769
35459,6287
35460,8652
35461,5771
35462,2544
35463,5820
35464,4423
35465,5646
35466,5677
35467,3720
35468,9628
35469,4161
35470,5592
35471,9079
35472,6012
35473,3178
35474,13675
35475,4583
35476,8050
35477,4593
35478,6843
35479,8156
35480,4900
35481,4852
35482,5651
35483,4390
35484,4879
35485,5341
35486,8530
35487,5878
35488,4823
35489,3865
35490,5979
35491,5571
35492,5291
35493,5377
35494,4999
35495,5476
35496,4698
35497,6721
35498,6552
35499,5608
35500,4741
35501,5497
35502,6614
35503,8508
35504,4275
35505,6618
35506,4656
35507,5012
35508,5960
35509,5908
35510,3804
35511,3759
35512,6368
35513,7258
35514,4134
35515,4976
35516,6301
35517,5115
35518,4748
35519,4890
35520,3731
35521,2832
35522,6556
35523,3591
35524,6176
35525,5547
35526,5163
35527,5364
35528,9945
35529,7308
35530,6390
35531,4335
35532,6625
35533,6536
35534,3391
35535,3046
35536,7160
35537,2763
35538,6077
35539,11435
35540,6245
35541,5675
35542,3712
35543,5996
35544,4931
35545,5301
35546,5755
35547,6857
35548,6662
35549,4685
35550,6540
35551,4031
35552,5571
35553,4289
35554,4795
35555,4578
35556,4452
35557,4532
35558,6168
35559,3736
35560,7772
35561,5566
35562,3431
35563,3918
35564,6955
35565,6272
35566,4802
35567,5188
35568,5662
35569,4106
35570,5475
35571,5285
35572,5153
35573,4289
35574,4470
35575,6395
35576,5368
35577,4747
35578,3075
35579,9249
35580,5255
35581,4036
35582,5835
35583,9383
35584,6364
35585,7200
35586,7821
35587,5687
35588,4463
35589,4494
35590,6700
35591,7569
35592,10048
35593,3931
35594,5208
35595,2944
35596,3685
35597,8012
35598,12155
35599,5743
35600,4195
35601,4038
35602,5201
35603,4612
35604,8221
35605,6935
35606,5171
35607,3437
35608,6431
35609,4967
35610,9491
35611,7029
35612,4022
35613,5857
35614,3378
35615,5665
35616,6675
35617,5968
35618,6976
35619,5188
35620,5976
35621,3686
35622,4964
35623,6304
35624,6832
35625,5776
35626,6688
35627,4825
35628,3605
35629,8201
35630,3882
35631,9769
35632,5192
35633,3673
35634,5609
35635,5584
35636,5353
35637,6279
35638,8253
35639,3830
35640,10286
35641,3491
35642,3874
35643,5967
35644,6746
35645,9091
35646,5714
35647,5902
35648,4848
35649,5635
35650,5714
35651,4216
35652,5524
35653,4398
35654,8262
35655,5866
35656,6747
35657,10825
35658,6883
35659,4157
35660,4188
35661,4762
35662,9525
35663,4639
35664,8268
35665,3862
35666,7930
35667,5693
35668,4807
35669,4017
35670,3878
35671,4337
35672,4608
35673,4802
35674,4252
35675,3821
35676,3913
35677,6518
35678,5324
35679,19281
35680,5277
35681,3673
35682,4708
35683,5656
35684,7466
35685,4194
35686,3919
35687,8226
35688,4812
35689,5815
35690,5204
35691,6617
35692,5913
35693,3567
35694,4539
35695,5170
35696,7072
35697,5163
35698,5850
35699,5284
35700,8040
35701,3869
35702,3925
35703,4386
35704,7758
35705,8183
35706,4824
35707,7276
35708,3756
35709,6191
35710,3103
35711,4454
35712,3548
35713,6170
35714,6336
35715,8474
35716,8054
35717,4820
35718,4142
35719,4100
35720,3759
35721,5000
35722,8476
35723,5079
35724,4252
35725,4181
35726,3897
35727,6218
35728,2699
35729,6257
35730,3188
35731,5790
35732,4994
35733,4341
35734,6034
35735,4150
35736,6862
35737,6460
35738,5646
35739,4396
35740,7394
35741,4214
35742,5419
35743,4965
35744,7971
35745,3889
35746,5157
35747,6701
35748,6795
35749,7708
35750,5313
35751,6835
35752,3393
35753,3582
35754,4877
35755,5130
35756,7378
35757,5880
35758,3040
35759,4530
35760,6215
35761,6252
35762,7329
35763,3267
35764,11135
35765,5343
35766,3551
35767,5282
35768,5051
35769,5606
35770,6655
35771,3606
35772,4562
35773,4919
35774,5850
35775,5488
35776,4374
35777,5323
35778,4122
35779,4584
35780,7107
35781,5728
35782,4876
35783,3821
35784,8587
35785,4490
35786,7353
35787,6440
35788,10469
35789,4977
35790,4264
35791,5283
35792,5691
35793,4903
35794,4241
35795,6523
35796,5819
35797,3142
35798,5808
35799,4797
35800,5599
35801,3728
35802,8500
35803,7117
35804,3944
35805,9451
35806,4006
35807,3764
35808,6610
35809,7271
35810,4565
35811,3544
35812,6001
35813,4895
35814,4070
35815,5076
35816,4280
35817,7089
35818,6160
35819,5569
35820,6555
35821,4433
35822,3718
35823,4918
35824,6551
35825,6183
35826,6194
35827,6127
35828,7205
35829,4740
35830,6729
35831,5383
35832,4446
35833,5008
35834,7413
35835,5517
35836,5352
35837,8107
35838,6913
35839,5798
35840,4497
35841,5871
35842,5768
35843,5800
35844,5460
35845,3500
35846,4474
35847,7947
35848,6563
35849,4735
35850,3230
35851,6407
35852,6097
35853,6115
35854,5347
35855,4474
35856,4018
35857,3206
35858,7624
35859,5516
35860,5224
35861,5151
35862,4376
35863,5106
35864,4938
35865,4826
35866,3234
35867,4844
35868,3840
35869,6952
35870,6752
35871,5797
35872,9807
35873,4456
35874,4145
35875,8248
35876,4137
35877,4863
35878,1923
35879,6562
35880,6625
35881,3968
35882,5574
35883,6488
35884,5039
35885,4777
35886,6232
35887,8860
35888,2096
35889,6230
35890,2438
35891,11086
35892,4001
35893,6608
35894,7024
35895,4655
35896,5284
35897,3707
35898,4503
35899,2747
35900,3807
35901,4693
35902,4028
35903,5384
35904,6065
35905,4111
35906,5815
35907,5142
35908,6746
35909,7132
35910,6257
35911,3895
35912,2853
35913,8355
35914,7781
35915,4306
35916,6223
35917,4109
35918,5908
35919,3795
35920,4070
35921,5197
35922,2933
35923,5391
35924,3716
35925,8299
35926,5386
35927,6693
35928,6556
35929,4018
35930,6875
35931,15747
35932,7819
35933,3841
35934,2451
35935,4819
35936,6322
35937,4031
35938,5158
35939,11554
35940,5341
35941,8317
35942,15710
35943,3574
35944,4803
35945,4461
35946,3630
35947,6493
35948,4454
35949,6326
35950,7885
35951,6215
35952,4904
35953,5923
35954,3845
35955,5234
35956,3138
35957,4961
35958,5708
35959,7427
35960,5135
35961,4475
35962,3511
35963,6313
35964,4091
35965,4493
35966,2991
35967,6973
35968,4392
35969,5091
35970,5648
35971,6264
35972,0
35973,4674
35974,5200
35975,5197
35976,5837
35977,5744
35978,6852
35979,8491
35980,6180
35981,4306
35982,2944
35983,5070
35984,5256
35985,4875
35986,4054
35987,1920
35988,6791
35989,4898
35990,7667
35991,5645
35992,4369
35993,4828
35994,3994
35995,3889
35996,7083
35997,4413
35998,5889
35999,6207
36000,11293
36001,4557
36002,4027
36003,6247
36004,4140
36005,4568
36006,4274
36007,6113
36008,3775
36009,5674
36010,3197
36011,4786
36012,3136
36013,7832
36014,4147
36015,12638
36016,11281
36017,4178
36018,5490
36019,4523
36020,5111
36021,4359
36022,9695
36023,5858
36024,7011
36025,3677
36026,6583
36027,4241
36028,7709
36029,7337
36030,5411
36031,4654
36032,5151
36033,5927
36034,6138
36035,7478
36036,5243
36037,5846
36038,7826
36039,5168
36040,5344
36041,4386
36042,7648
36043,5735
36044,4390
36045,4179
36046,4766
36047,3779
36048,7271
36049,5021
36050,5746
36051,5121
36052,6852
36053,3760
36054,5963
36055,7020
36056,5789
36057,6236
36058,5561
36059,3403
36060,11751
36061,7857
36062,5721
36063,14289
36064,7581
36065,5427
36066,4971
36067,6965
36068,8037
36069,8904
36070,8789
36071,4225
36072,5867
36073,4236
36074,6639
36075,3322
36076,8414
36077,4926
36078,3957
36079,5089
36080,7247
36081,6367
36082,4510
36083,6387
36084,4750
36085,3282
36086,5689
36087,3413
36088,4038
36089,4581
36090,5309
36091,7936
36092,7337
36093,6080
36094,5452
36095,5091
36096,8810
36097,5490
36098,4065
36099,4084
36100,4199
36101,7460
36102,3482
36103,9261
36104,5978
36105,2737
36106,4035
36107,5568
36108,5276
36109,4286
36110,7257
36111,7372
36112,10458
36113,4964
36114,8826
36115,2595
36116,4162
36117,5726
36118,4121
36119,5336
36120,4653
36121,5069
36122,3240
36123,3972
36124,10095
36125,7231
36126,3624
36127,4330
36128,7048
36129,9237
36130,6718
36131,4726
36132,3630
36133,11751
36134,5274
36135,6646
36136,4659
36137,4325
36138,5870
36139,6798
36140,2882
36141,3741
36142,3982
36143,4994
36144,8608
36145,6347
36146,6136
36147,10791
36148,4001
36149,8317
36150,9433
36151,5485
36152,3726
36153,2623
36154,6517
36155,4952
36156,4993
36157,4889
36158,5150
36159,9361
36160,3994
36161,4393
36162,5642
36163,3847
36164,5744
36165,4339
36166,3315
36167,5386
36168,2720
36169,5708
36170,7092
36171,5342
36172,6243
36173,6323
36174,6470
36175,4177
36176,5719
36177,7812
36178,6085
36179,4825
36180,5403
36181,4559
36182,8510
36183,4686
36184,5243
36185,4481
36186,5652
36187,6533
36188,5365
36189,5244
36190,7013
36191,4921
36192,5563
36193,13893
36194,4996
36195,6820
36196,4532
36197,5315
36198,4621
36199,3966
36200,3891
36201,4044
36202,7112
36203,11412
36204,7165
36205,7352
36206,8151
36207,8809
36208,8161
36209,5861
36210,7538
36211,3904
36212,9134
36213,8827
36214,5801
36215,6814
36216,6236
36217,5165
36218,3275
36219,9452
36220,5587
36221,5127
36222,5227
36223,2086
36224,10462
36225,8567
36226,12017
36227,5047
36228,4042
36229,3681
36230,5238
36231,4965
36232,6108
36233,5683
36234,4607
36235,3786
36236,5519
36237,3291
36238,2350
36239,4815
36240,11150
36241,5672
36242,15532
36243,3863
36244,4672
36245,5345
36246,4020
36247,3758
36248,4069
36249,4019
36250,3214
36251,6433
36252,5159
36253,3239
36254,7307
36255,4093
36256,5007
36257,3599
36258,9169
36259,5878
36260,8419
36261,4126
36262,5794
36263,3390
36264,4091
36265,3562
36266,13375
36267,8771
36268,5032
36269,4047
36270,3936
36271,4950
36272,3617
36273,7811
36274,3682
36275,12076
36276,3842
36277,4455
36278,4781
36279,7046
36280,5382
36281,3877
36282,5580
36283,6123
36284,5571
36285,5517
36286,4579
36287,2894
36288,7625
36289,3993
36290,3281
36291,5108
36292,4794
36293,5011
36294,5452
36295,7657
36296,6460
36297,5437
36298,6014
36299,3661
36300,7307
36301,4485
36302,3683
36303,5632
36304,5786
36305,5033
36306,6935
36307,5208
36308,5028
36309,5178
36310,5166
36311,4503
36312,5749
36313,5870
36314,5558
36315,4551
36316,4435
36317,7451
36318,5284
36319,3661
36320,8901
36321,4159
36322,2860
36323,5700
36324,7305
36325,7920
36326,4493
36327,4149
36328,4797
36329,2998
36330,5222
36331,6096
36332,5253
36333,4361
36334,5368
36335,6188
36336,2831
36337,4312
36338,4621
36339,4639
36340,4092
36341,6017
36342,6268
36343,5378
36344,3884
36345,7035
36346,4827
36347,6113
36348,6953
36349,4036
36350,5506
36351,5770
36352,6908
36353,6404
36354,6884
36355,2761
36356,7874
36357,5367
36358,5717
36359,8129
36360,3983
36361,3484
36362,9721
36363,6253
36364,6587
36365,4675
36366,5024
36367,6984
36368,2806
36369,5567
36370,4589
36371,5721
36372,4939
36373,4259
36374,6766
36375,4193
36376,7245
36377,8268
36378,13332
36379,6193
36380,3820
36381,4227
36382,3283
36383,2550
36384,8786
36385,6228
36386,4415
36387,6980
36388,4353
36389,8779
36390,3616
36391,4769
36392,4924
36393,7659
36394,4354
36395,5402
36396,4544
36397,3707
36398,6292
36399,4105
36400,5637
36401,5858
36402,8104
36403,6396
36404,5800
36405,4505
36406,8925
36407,3930
36408,4296
36409,8201
36410,5529
36411,7210
36412,8683
36413,13217
36414,4161
36415,3999
36416,3999
36417,4722
36418,6853
36419,8414
36420,5601
36421,6498
36422,5806
36423,3085
36424,6275
36425,6122
36426,5390
36427,6084
36428,4055
36429,3860
36430,3958
36431,3154
36432,3816
36433,6246
36434,5589
36435,8703
36436,13568
36437,5914
36438,4285
36439,5723
36440,6672
36441,7418
36442,3187
36443,4886
36444,3524
36445,7509
36446,5513
36447,4756
36448,9758
36449,10673
36450,3902
36451,5756
36452,3056
36453,4895
36454,4586
36455,7165
36456,3768
36457,3659
36458,4550
36459,5859
36460,5131
36461,3748
36462,4676
36463,5486
36464,5051
36465,5079
36466,2889
36467,8360
36468,14885
36469,3580
36470,5985
36471,6634
36472,5337
36473,3189
36474,2961
36475,3130
36476,6075
36477,4138
36478,5967
36479,7179
36480,3319
36481,4265
36482,4663
36483,4676
36484,4093
36485,4474
36486,5244
36487,8522
36488,6173
36489,7249
36490,4734
36491,3311
36492,5180
36493,5195
36494,6177
36495,5044
36496,3598
36497,18424
36498,5156
36499,4578
36500,10258
36501,5355
36502,5147
36503,4874
36504,6012
36505,4095
36506,7241
36507,12319
36508,4022
36509,4437
36510,5450
36511,10132
36512,5045
36513,4036
36514,4766
36515,4153
36516,5166
36517,3547
36518,7105
36519,3178
36520,6356
36521,2234
36522,16290
36523,6685
36524,3485
36525,3948
36526,7024
36527,4799
36528,5548
36529,6738
36530,4585
36531,4438
36532,3742
36533,8033
36534,4593
36535,4891
36536,5485
36537,6532
36538,4623
36539,6425
36540,4452
36541,3441
36542,6681
36543,7708
36544,3923
36545,5655
36546,5450
36547,4335
36548,8015
36549,4408
36550,5953
36551,5393
36552,6096
36553,3290
36554,3976
36555,3908
36556,0
36557,6105
36558,6550
36559,3216
36560,6884
36561,3271
36562,5039
36563,3787
36564,5006
36565,5256
36566,5534
36567,5566
36568,6469
36569,3201
36570,4914
36571,5670
36572,5842
36573,5784
36574,6516
36575,8414
36576,5631
36577,2586
36578,5324
36579,4030
36580,5329
36581,5422
36582,3651
36583,9555
36584,4127
36585,5299
36586,8643
36587,5356
36588,3216
36589,11489
36590,4484
36591,7984
36592,4491
36593,6436
36594,7078
36595,4926
36596,4364
36597,5257
36598,4206
36599,4558
36600,5206
36601,8067
36602,5771
36603,4681
36604,3632
36605,5525
36606,5327
36607,4932
36608,5431
36609,4780
36610,5175
36611,4554
36612,6385
36613,6679
36614,5338
36615,4524
36616,5360
36617,6350
36618,7948
36619,4313
36620,6295
36621,4397
36622,4923
36623,6185
36624,5619
36625,3720
36626,3547
36627,7211
36628,7122
36629,3987
36630,4719
36631,5994
36632,5053
36633,4348
36634,5185
36635,3707
36636,2638
36637,6233
36638,3463
36639,6034
36640,5514
36641,4778
36642,4622
36643,8432
36644,7367
36645,6762
36646,4048
36647,6333
36648,6044
36649,3461
36650,2830
36651,6458
36652,2691
36653,5840
36654,11141
36655,6118
36656,5527
36657,3409
36658,5696
36659,4760
36660,5059
36661,5426
36662,6570
36663,6513
36664,4514
36665,6527
36666,3800
36667,5266
36668,4074
36669,4600
36670,4462
36671,4252
36672,4422
36673,5873
36674,3568
36675,7465
36676,5276
36677,3602
36678,3888
36679,6768
36680,6146
36681,4450
36682,4971
36683,4997
36684,4161
36685,5141
36686,5107
36687,5206
36688,4163
36689,4347
36690,6858
36691,5397
36692,4729
36693,2951
36694,8093
36695,5190
36696,3748
36697,5506
36698,9263
36699,6194
36700,7213
36701,7521
36702,5302
36703,4489
36704,4362
36705,6457
36706,6838
36707,10200
36708,3615
36709,4774
36710,2792
36711,3459
36712,7294
36713,11154
36714,5141
36715,3705
36716,3945
36717,4934
36718,4685
36719,8406
36720,6586
36721,5106
36722,3199
36723,6200
36724,4799
36725,9188
36726,7402
36727,3913
36728,5581
36729,3277
36730,5821
36731,6569
36732,5625
36733,6896
36734,4983
36735,5796
36736,3696
36737,4847
36738,5722
36739,6611
36740,5645
36741,6592
36742,4662
36743,3452
36744,7743
36745,3889
36746,8941
36747,5103
36748,3688
36749,6565
36750,5497
36751,4886
36752,6322
36753,8010
36754,3741
36755,9759
36756,3267
36757,3560
36758,5643
36759,6574
36760,9088
36761,5483
36762,5222
36763,4923
36764,5308
36765,5630
36766,4063
36767,5144
36768,4058
36769,7846
36770,5952
36771,6590
36772,10438
36773,7033
36774,4043
36775,4043
36776,4558
36777,9456
36778,4488
36779,8066
36780,3659
36781,7427
36782,5509
36783,4457
36784,3876
36785,3705
36786,4073
36787,4500
36788,4516
36789,4017
36790,3536
36791,3610
36792,6496
36793,5327
36794,18625
36795,5351
36796,3525
36797,3766
36798,5481
36799,7416
36800,3780
36801,3752
36802,8126
36803,5416
36804,5934
36805,4953
36806,6081
36807,5561
36808,3684
36809,4516
36810,5217
36811,6946
36812,4924
36813,5524
36814,5234
36815,8398
36816,3764
36817,3791
36818,4252
36819,7404
36820,8462
36821,5128
36822,6835
36823,4031
36824,6086
36825,3328
36826,4398
36827,3255
36828,6082
36829,6216
36830,8270
36831,7762
36832,5033
36833,3914
36834,3593
36835,3897
36836,4828
36837,7635
36838,4852
36839,3952
36840,4315
36841,3860
36842,5816
36843,2648
36844,5960
36845,3309
36846,5831
36847,5176
36848,4299
36849,5939
36850,4043
36851,6995
36852,6418
36853,5541
36854,4328
36855,7018
36856,3681
36857,5322
36858,5271
36859,8380
36860,4203
36861,5292
36862,6560
36863,6428
36864,7561
36865,5196
36866,6765
36867,3464
36868,3619
36869,4810
36870,5358
36871,7420
36872,6099
36873,3000
36874,4371
36875,6574
36876,5712
36877,7547
36878,3164
36879,10242
36880,5374
36881,3506
36882,4982
36883,5001
36884,5422
36885,6464
36886,3544
36887,4677
36888,4898
36889,5840
36890,5430
36891,4274
36892,5536
36893,4424
36894,4407
36895,6893
36896,5670
36897,4871
36898,3710
36899,8212
36900,4235
36901,6852
36902,6155
36903,10258
36904,4874
36905,4212
36906,5408
36907,5388
36908,4652
36909,4091
36910,6366
36911,5705
36912,3137
36913,6028
36914,4598
36915,5622
36916,3632
36917,7889
36918,6797
36919,3624
36920,9288
36921,4059
36922,3653
36923,6453
36924,7423
36925,4409
36926,3543
36927,5902
36928,4890
36929,3998
36930,5197
36931,4354
36932,6751
36933,6559
36934,5363
36935,6326
36936,4337
36937,3613
36938,4729
36939,6815
36940,5956
36941,6322
36942,5876
36943,6944
36944,4442
36945,6895
36946,5296
36947,4021
36948,4851
36949,7751
36950,5188
36951,5833
36952,7664
36953,6537
36954,5855
36955,4637
36956,5653
36957,5906
36958,5680
36959,5214
36960,3339
36961,4463
36962,7505
36963,6272
36964,4891
36965,3336
36966,6325
36967,5866
36968,6055
36969,5378
36970,4123
36971,4056
36972,3115
36973,7997
36974,5383
36975,5074
36976,5112
36977,4343
36978,4958
36979,4934
36980,5029
36981,3209
36982,4972
36983,3656
36984,6911
36985,6499
36986,5573
36987,9661
36988,3876
36989,4167
36990,7793
36991,3994
36992,4531
36993,1978
36994,6566
36995,6329
36996,4480
36997,5553
36998,5447
36999,5139
37000,4582
37001,6533
37002,8332
37003,2114
37004,6832
37005,2506
37006,10911
37007,3537
37008,6359
37009,6662
37010,4664
37011,5170
37012,3620
37013,4535
37014,2684
37015,3803
37016,4976
37017,3864
37018,5019
37019,5942
37020,4551
37021,5624
37022,4795
37023,6680
37024,7262
37025,5975
37026,3747
37027,3136
37028,8238
37029,7214
37030,4365
37031,5720
37032,4019
37033,5714
37034,3860
37035,3634
37036,4983
37037,3116
37038,5183
37039,3554
37040,8075
37041,5265
37042,6672
37043,6482
37044,4404
37045,6717
37046,15515
37047,7844
37048,3726
37049,2302
37050,4818
37051,6477
37052,3985
37053,5101
37054,12185
37055,5193
37056,8884
37057,17023
37058,3540
37059,4628
37060,4317
37061,3743
37062,8277
37063,3700
37064,6116
37065,7602
37066,6054
37067,5004
37068,5812
37069,4288
37070,4897
37071,3053
37072,4807
37073,5685
37074,7000
37075,5417
37076,4709
37077,3531
37078,6265
37079,3924
37080,4353
37081,3124
37082,6574
37083,4512
37084,5179
37085,5339
37086,6335
37087,0
37088,4712
37089,5129
37090,4836
37091,5808
37092,5582
37093,6996
37094,8707
37095,6342
37096,4405
37097,2924
37098,4884
37099,5184
37100,5023
37101,4043
37102,2341
37103,6682
37104,5153
37105,7495
37106,5482
37107,4617
37108,5233
37109,4133
37110,3931
37111,7336
37112,4232
37113,6155
37114,6041
37115,11359
37116,4846
37117,4514
37118,6352
37119,4243
37120,5837
37121,4556
37122,6153
37123,3656
37124,5559
37125,3185
37126,4840
37127,3070
37128,7710
37129,4184
37130,11488
37131,10914
37132,4540
37133,5373
37134,4415
37135,5055
37136,4206
37137,9547
37138,6039
37139,7046
37140,3597
37141,6446
37142,4298
37143,7423
37144,6793
37145,5552
37146,4607
37147,5322
37148,6013
37149,5970
37150,7828
37151,5001
37152,5938
37153,7276
37154,5295
37155,5189
37156,4702
37157,7516
37158,5671
37159,4467
37160,3966
37161,5012
37162,3712
37163,7015
37164,5179
37165,6083
37166,4975
37167,6842
37168,3827
37169,5764
37170,7090
37171,5691
37172,6782
37173,5748
37174,3443
37175,10791
37176,7787
37177,6160
37178,14725
37179,8098
37180,5166
37181,4946
37182,7030
37183,8146
37184,8551
37185,8074
37186,4119
37187,5775
37188,4250
37189,6809
37190,3362
37191,9160
37192,4834
37193,3807
37194,4934
37195,7044
37196,6194
37197,4422
37198,6150
37199,4451
37200,3389
37201,5786
37202,3531
37203,3792
37204,4919
37205,4721
37206,7744
37207,7065
37208,5964
37209,5515
37210,5188
37211,8943
37212,5506
37213,4053
37214,3911
37215,4072
37216,7490
37217,3347
37218,9327
37219,5434
37220,2888
37221,3620
37222,5567
37223,5280
37224,4262
37225,6988
37226,7906
37227,9915
37228,4811
37229,8713
37230,2514
37231,4307
37232,5629
37233,4056
37234,5112
37235,4469
37236,4925
37237,3238
37238,4176
37239,9497
37240,6955
37241,3597
37242,4066
37243,6821
37244,8917
37245,7965
37246,4750
37247,3793
37248,10251
37249,4837
37250,6253
37251,4556
37252,4411
37253,5605
37254,7035
37255,3128
37256,3348
37257,4150
37258,4691
37259,7973
37260,6235
37261,5925
37262,10947
37263,4158
37264,7754
37265,9111
37266,5426
37267,3825
37268,2750
37269,6089
37270,4763
37271,4812
37272,5002
37273,5126
37274,9450
37275,3853
37276,4602
37277,5589
37278,4477
37279,5716
37280,4145
37281,3468
37282,5631
37283,2585
37284,5961
37285,6933
37286,5163
37287,6124
37288,6426
37289,6288
37290,4223
37291,5710
37292,7527
37293,5784
37294,4386
37295,4989
37296,3906
37297,8276
37298,5461
37299,5196
37300,4241
37301,5376
37302,6584
37303,5340
37304,4966
37305,6713
37306,4723
37307,5765
37308,13747
37309,4914
37310,6934
37311,4925
37312,5261
37313,4361
37314,3957
37315,3708
37316,4196
37317,7137
37318,10728
37319,7149
37320,7298
37321,8512
37322,8720
37323,8088
37324,6303
37325,7850
37326,3923
37327,8783
37328,8870
37329,5658
37330,6864
37331,6121
37332,5035
37333,3087
37334,9315
37335,5380
37336,4970
37337,5203
37338,2052
37339,10255
37340,8452
37341,11920
37342,5155
37343,3935
37344,3558
37345,4980
37346,4909
37347,5928
37348,5631
37349,4359
37350,3664
37351,5609
37352,2909
37353,2397
37354,4997
37355,10725
37356,5473
37357,15403
37358,3857
37359,4916
37360,5091
37361,4085
37362,3732
37363,4108
37364,3859
37365,3222
37366,6416
37367,5183
37368,3075
37369,7327
37370,4008
37371,4976
37372,3631
37373,8931
37374,5680
37375,8476
37376,4104
37377,5807
37378,3373
37379,4176
37380,3589
37381,11813
37382,8429
37383,5284
37384,3958
37385,3997
37386,4793
37387,4128
37388,9373
37389,3694
37390,11264
37391,3772
37392,4366
37393,4646
37394,6894
37395,5433
37396,3751
37397,5558
37398,5946
37399,5651
37400,5647
37401,4438
37402,2920
37403,7752
37404,3876
37405,3289
37406,4984
37407,4995
37408,4844
37409,5263
37410,7552
37411,6675
37412,5374
37413,6165
37414,3396
37415,7060
37416,4312
37417,3598
37418,5673
37419,5963
37420,5165
37421,7188
37422,5000
37423,4864
37424,5310
37425,5361
37426,4436
37427,5517
37428,5908
37429,5660
37430,4791
37431,4277
37432,7556
37433,5297
37434,3562
37435,8942
37436,4305
37437,2685
37438,5754
37439,7146
37440,7703
37441,4339
37442,4334
37443,4675
37444,3054
37445,5012
37446,5764
37447,5466
37448,4502
37449,5326
37450,6132
37451,2822
37452,4021
37453,4695
37454,4571
37455,4003
37456,5682
37457,5780
37458,5086
37459,3761
37460,6876
37461,4841
37462,6300
37463,6624
37464,3998
37465,5377
37466,5535
37467,6817
37468,6583
37469,6397
37470,3978
37471,8288
37472,5560
37473,5673
37474,7378
37475,3860
37476,3417
37477,9463
37478,6120
37479,6296
37480,4648
37481,5347
37482,6792
37483,2978
37484,5698
37485,4374
37486,5946
37487,4968
37488,4574
37489,6459
37490,4357
37491,6589
37492,8349
37493,12827
37494,6174
37495,3954
37496,4160
37497,3276
37498,2630
37499,8666
37500,6137
37501,4394
37502,6718
37503,4503
37504,8406
37505,3576
37506,4885
37507,4912
37508,6911
37509,4055
37510,4977
37511,4440
37512,3522
37513,6200
37514,4202
37515,5217
37516,5939
37517,7849
37518,6544
37519,5915
37520,4766
37521,8810
37522,3827
37523,4339
37524,7922
37525,5310
37526,7252
37527,8459
37528,13269
37529,4208
37530,3912
37531,4013
37532,4657
37533,6896
37534,8071
37535,5552
37536,6504
37537,5899
37538,3106
37539,6042
37540,5918
37541,5420
37542,6507
37543,4165
37544,3928
37545,3944
37546,3076
37547,3666
37548,6158
37549,6004
37550,8907
37551,13079
37552,5478
37553,4216
37554,5229
37555,6633
37556,7113
37557,3336
37558,4946
37559,3715
37560,7740
37561,5308
37562,4866
37563,9518
37564,10394
37565,3745
37566,5813
37567,3054
37568,4538
37569,4424
37570,7210
37571,3728
37572,3606
37573,4516
37574,5910
37575,5836
37576,3442
37577,4761
37578,6023
37579,4832
37580,5106
37581,2965
37582,8109
37583,14024
37584,3526
37585,5938
37586,6673
37587,5334
37588,3217
37589,3095
37590,3016
37591,6167
37592,4054
37593,5983
37594,7068
37595,3345
37596,4374
37597,4686
37598,4738
37599,4085
37600,4558
37601,5112
37602,8025
37603,6245
37604,7012
37605,4831
37606,3305
37607,4950
37608,5105
37609,7010
37610,5109
37611,3615
37612,17495
37613,5184
37614,4554
37615,9730
37616,5286
37617,5069
37618,4842
37619,5926
37620,3974
37621,7313
37622,11888
37623,4001
37624,4339
37625,5049
37626,9884
37627,5150
37628,3994
37629,4724
37630,3902
37631,4911
37632,3533
37633,6845
37634,3077
37635,6116
37636,2090
37637,16267
37638,6276
37639,3197
37640,4123
37641,7165
37642,4667
37643,5292
37644,6546
37645,4410
37646,4343
37647,3812
37648,7966
37649,4636
37650,4734
37651,5201
37652,6181
37653,4407
37654,6307
37655,4390
37656,3258
37657,6716
37658,7739
37659,3731
37660,5783
37661,5596
37662,4263
37663,8007
37664,4438
37665,5980
37666,5564
37667,6163
37668,3127
37669,3794
37670,3945
37671,0
37672,5278
37673,6378
37674,3281
37675,6888
37676,2998
37677,4902
37678,3706
37679,4934
37680,5187
37681,5702
37682,5698
37683,6723
37684,3379
37685,4719
37686,5434
37687,6036
37688,5405
37689,5912
37690,8236
37691,5670
37692,2634
37693,5520
37694,3941
37695,5223
37696,5238
37697,3495
37698,9335
37699,4074
37700,5226
37701,8406
37702,5971
37703,3167
37704,9831
37705,4674
37706,7706
37707,4315
37708,6340
37709,7557
37710,5022
37711,4193
37712,5107
37713,4277
37714,4423
37715,5092
37716,7867
37717,5579
37718,4464
37719,3755
37720,5326
37721,5469
37722,4928
37723,5238
37724,4664
37725,5094
37726,5067
37727,6410
37728,6289
37729,5006
37730,4769
37731,5194
37732,6313
37733,7925
37734,4257
37735,6279
37736,4261
37737,5231
37738,6155
37739,5565
37740,3624
37741,3607
37742,6099
37743,7249
37744,3800
37745,4589
37746,6080
37747,4891
37748,4578
37749,4538
37750,3727
37751,2758
37752,5803
37753,3405
37754,5641
37755,5493
37756,4791
37757,4735
37758,8942
37759,7186
37760,6249
37761,3884
37762,6940
37763,5924
37764,3268
37765,2820
37766,6604
37767,2760
37768,5673
37769,10533
37770,6510
37771,5273
37772,3475
37773,5425
37774,5044
37775,4848
37776,5643
37777,6517
37778,6441
37779,4453
37780,6656
37781,3801
37782,5096
37783,4066
37784,4414
37785,4997
37786,4232
37787,4124
37788,6041
37789,3479
37790,7493
37791,5164
37792,3572
37793,3694
37794,7032
37795,5935
37796,4765
37797,4845
37798,4992
37799,4124
37800,5175
37801,4978
37802,4977
37803,3933
37804,4233
37805,6618
37806,5296
37807,4885
37808,2902
37809,8121
37810,5172
37811,3712
37812,5490
37813,8767
37814,6313
37815,6472
37816,7063
37817,5122
37818,4433
37819,4453
37820,6158
37821,6604
37822,9563
37823,3565
37824,4794
37825,2978
37826,3447
37827,7374
37828,11276
37829,5318
37830,3916
37831,4378
37832,5095
37833,4649
37834,7726
37835,6704
37836,5125
37837,3263
37838,6128
37839,4781
37840,9532
37841,7360
37842,3798
37843,5655
37844,3272
37845,5806
37846,6330
37847,5622
37848,6565
37849,4968
37850,5670
37851,3565
37852,5138
37853,5398
37854,6533
37855,5588
37856,6773
37857,4885
37858,3387
37859,7351
37860,3733
37861,8834
37862,5176
37863,3484
37864,4936
37865,5359
37866,4974
37867,5997
37868,7788
37869,3808
37870,9241
37871,3249
37872,3686
37873,5345
37874,6597
37875,8854
37876,5339
37877,5618
37878,4581
37879,5373
37880,5375
37881,4060
37882,5247
37883,4142
37884,7781
37885,5432
37886,6418
37887,10046
37888,7006
37889,3916
37890,3855
37891,4353
37892,9633
37893,4262
37894,8219
37895,3495
37896,8010
37897,5494
37898,4477
37899,4064
37900,3697
37901,4166
37902,4377
37903,4521
37904,3886
37905,3695
37906,3591
37907,6447
37908,5478
37909,18025
37910,5337
37911,3789
37912,3618
37913,5327
37914,7535
37915,4048
37916,3802
37917,8965
37918,4831
37919,5983
37920,4948
37921,5856
37922,5773
37923,3970
37924,4608
37925,5692
37926,7231
37927,4885
37928,6494
37929,5564
37930,7165
37931,4886
37932,4308
37933,5008
37934,8034
37935,8180
37936,5533
37937,7067
37938,3947
37939,6537
37940,3044
37941,5123
37942,3528
37943,6550
37944,6550
37945,9102
37946,8475
37947,5756
37948,4617
37949,3693
37950,3645
37951,5487
37952,7863
37953,5177
37954,4198
37955,4837
37956,4368
37957,5819
37958,2713
37959,7031
37960,3651
37961,6610
37962,5514
37963,4470
37964,6846
37965,4145
37966,7831
37967,6394
37968,5922
37969,4497
37970,6824
37971,3975
37972,5484
37973,5702
37974,9151
37975,4384
37976,5801
37977,6730
37978,6651
37979,8272
37980,5357
37981,7312
37982,3545
37983,3729
37984,4698
37985,5956
37986,8292
37987,7045
37988,3071
37989,4899
37990,7505
37991,6836
37992,7609
37993,3545
37994,10328
37995,5480
37996,3555
37997,4601
37998,5111
37999,5709
38000,6612
38001,3682
38002,4905
38003,5621
38004,6247
38005,5383
38006,3877
38007,5622
38008,4759
38009,4869
38010,7699
38011,6031
38012,5374
38013,4150
38014,8187
38015,4607
38016,7069
38017,6278
38018,11475
38019,5309
38020,4196
38021,6167
38022,5453
38023,5493
38024,4544
38025,7487
38026,5686
38027,3230
38028,6399
38029,4689
38030,6146
38031,3844
38032,8297
38033,6401
38034,4693
38035,9268
38036,4552
38037,4211
38038,6950
38039,7801
38040,4545
38041,3773
38042,6317
38043,4991
38044,4134
38045,5564
38046,4590
38047,7734
38048,6173
38049,5891
38050,6342
38051,4468
38052,4015
38053,5297
38054,7044
38055,6217
38056,6861
38057,6571
38058,6949
38059,4840
38060,7380
38061,5862
38062,4375
38063,5019
38064,8212
38065,5982
38066,5262
38067,7998
38068,7679
38069,6579
38070,5108
38071,6246
38072,6562
38073,5570
38074,5608
38075,3505
38076,4488
38077,7533
38078,6617
38079,4962
38080,3503
38081,6526
38082,6015
38083,6001
38084,5825
38085,4544
38086,4091
38087,3079
38088,8215
38089,5246
38090,5260
38091,5233
38092,5093
38093,4847
38094,5348
38095,5716
38096,3302
38097,5672
38098,4305
38099,7838
38100,7121
38101,5960
38102,11126
38103,3916
38104,4730
38105,8366
38106,4257
38107,5299
38108,2218
38109,7397
38110,6886
38111,5093
38112,6119
38113,5502
38114,5499
38115,4733
38116,5942
38117,8178
38118,2598
38119,6662
38120,2795
38121,10382
38122,3659
38123,6800
38124,8292
38125,5260
38126,5415
38127,3966
38128,4208
38129,2755
38130,3747
38131,5490
38132,3949
38133,5857
38134,6569
38135,4665
38136,6013
38137,5268
38138,7377
38139,8185
38140,6446
38141,4392
38142,3769
38143,8596
38144,8274
38145,4869
38146,6087
38147,4071
38148,6279
38149,4181
38150,3885
38151,5484
38152,3588
38153,5276
38154,3913
38155,8326
38156,5688
38157,7245
38158,6427
38159,4735
38160,7526
38161,15629
38162,8078
38163,3783
38164,2781
38165,5230
38166,6344
38167,3908
38168,5710
38169,12319
38170,5108
38171,8770
38172,17027
38173,3755
38174,4607
38175,4540
38176,3395
38177,6880
38178,4224
38179,6209
38180,7586
38181,5894
38182,5339
38183,6064
38184,4682
38185,5617
38186,3193
38187,5714
38188,5994
38189,8460
38190,5875
38191,5340
38192,3246
38193,6620
38194,4368
38195,4947
38196,3248
38197,7326
38198,5091
38199,5590
38200,5747
38201,6190
38202,0
38203,4605
38204,5277
38205,4852
38206,5902
38207,5955
38208,8147
38209,9145
38210,6783
38211,4767
38212,3545
38213,5125
38214,5169
38215,5541
38216,4239
38217,2339
38218,6743
38219,5358
38220,8479
38221,5605
38222,5000
38223,5804
38224,4290
38225,4020
38226,7822
38227,5205
38228,6379
38229,6988
38230,10937
38231,5390
38232,3933
38233,7049
38234,3759
38235,4669
38236,5359
38237,6111
38238,3949
38239,6098
38240,3305
38241,4921
38242,3031
38243,7722
38244,4659
38245,11836
38246,10896
38247,5170
38248,5640
38249,4869
38250,5314
38251,4606
38252,10380
38253,6712
38254,7028
38255,3944
38256,7013
38257,4991
38258,8152
38259,6877
38260,6319
38261,5170
38262,5799
38263,6155
38264,6922
38265,7487
38266,5730
38267,5877
38268,7774
38269,5931
38270,5358
38271,5197
38272,7605
38273,5382
38274,4889
38275,4413
38276,5343
38277,4072
38278,7674
38279,6057
38280,6445
38281,5504
38282,7376
38283,4265
38284,5639
38285,7449
38286,5628
38287,7054
38288,5516
38289,3635
38290,11280
38291,7143
38292,6797
38293,14667
38294,7302
38295,5936
38296,5568
38297,7563
38298,8268
38299,8484
38300,8613
38301,4806
38302,5784
38303,4789
38304,8062
38305,3728
38306,7916
38307,4857
38308,4296
38309,5339
38310,6733
38311,6052
38312,4787
38313,6565
38314,4470
38315,3478
38316,6463
38317,3938
38318,4256
38319,4936
38320,4946
38321,8870
38322,8260
38323,5929
38324,6212
38325,5679
38326,8434
38327,5141
38328,4956
38329,4149
38330,4525
38331,8609
38332,3519
38333,10590
38334,5807
38335,2896
38336,3762
38337,5723
38338,5532
38339,4927
38340,7791
38341,8172
38342,9631
38343,5193
38344,9993
38345,2554
38346,4559
38347,5993
38348,4465
38349,5511
38350,5189
38351,5863
38352,3847
38353,4654
38354,10803
38355,8306
38356,3931
38357,4234
38358,7612
38359,8675
38360,7071
38361,5189
38362,4084
38363,10407
38364,4946
38365,6911
38366,4503
38367,5062
38368,6779
38369,6723
38370,3215
38371,3892
38372,3958
38373,4568
38374,8546
38375,7287
38376,6750
38377,10434
38378,4917
38379,8932
38380,9700
38381,6239
38382,4110
38383,2767
38384,6480
38385,5157
38386,5015
38387,5456
38388,5185
38389,9427
38390,3753
38391,5074
38392,6315
38393,3690
38394,7205
38395,4884
38396,3516
38397,6028
38398,2788
38399,5466
38400,7380
38401,6164
38402,6621
38403,6796
38404,6311
38405,4762
38406,5973
38407,8435
38408,6250
38409,4927
38410,5913
38411,4148
38412,8601
38413,5912
38414,5176
38415,4377
38416,5512
38417,7147
38418,5914
38419,5346
38420,7285
38421,4786
38422,6403
38423,13288
38424,5283
38425,7840
38426,4507
38427,5404
38428,5467
38429,4639
38430,4066
38431,4768
38432,7974
38433,11047
38434,7392
38435,7597
38436,7711
38437,9632
38438,8735
38439,6919
38440,7844
38441,3885
38442,8563
38443,9738
38444,6906
38445,6852
38446,6946
38447,5275
38448,3045
38449,10069
38450,5553
38451,5073
38452,5604
38453,2041
38454,9820
38455,8483
38456,11470
38457,5608
38458,4408
38459,4100
38460,5641
38461,4871
38462,6096
38463,6694
38464,4517
38465,4088
38466,5333
38467,2869
38468,2446
38469,4797
38470,11013
38471,6008
38472,15258
38473,3688
38474,5471
38475,5323
38476,4647
38477,3926
38478,5214
38479,3831
38480,3195
38481,7961
38482,5744
38483,3327
38484,8076
38485,4264
38486,5060
38487,3713
38488,9636
38489,6142
38490,8127
38491,4233
38492,6121
38493,3860
38494,4669
38495,3826
38496,11899
38497,9540
38498,5778
38499,4218
38500,4763
38501,5724
38502,3485
38503,7685
38504,3581
38505,11704
38506,3915
38507,4587
38508,4906
38509,7999
38510,6490
38511,4402
38512,5676
38513,5573
38514,6237
38515,6355
38516,4346
38517,3129
38518,7114
38519,4004
38520,3497
38521,5301
38522,5814
38523,4822
38524,5451
38525,7966
38526,7093
38527,5816
38528,6913
38529,3564
38530,8048
38531,4588
38532,4098
38533,6174
38534,6041
38535,5314
38536,7567
38537,5488
38538,4982
38539,5737
38540,4875
38541,4574
38542,5833
38543,6949
38544,5656
38545,5089
38546,4704
38547,8290
38548,5950
38549,3875
38550,9491
38551,4187
38552,2638
38553,6146
38554,8284
38555,7966
38556,4544
38557,4934
38558,5135
38559,3258
38560,5541
38561,6144
38562,5675
38563,5167
38564,5197
38565,6835
38566,2910
38567,4390
38568,4826
38569,4434
38570,4390
38571,6283
38572,6101
38573,5532
38574,4280
38575,6907
38576,5759
38577,6428
38578,7005
38579,4602
38580,5714
38581,5778
38582,6627
38583,7044
38584,7877
38585,2835
38586,8486
38587,5773
38588,5673
38589,8451
38590,4086
38591,3584
38592,9468
38593,6172
38594,7318
38595,4646
38596,4990
38597,7466
38598,3186
38599,6142
38600,4324
38601,6743
38602,4806
38603,4783
38604,7279
38605,4367
38606,7320
38607,8647
38608,12860
38609,6393
38610,4121
38611,4599
38612,3723
38613,2753
38614,9078
38615,6396
38616,5367
38617,7626
38618,5035
38619,7684
38620,4166
38621,5067
38622,5415
38623,6948
38624,4946
38625,5197
38626,5130
38627,3708
38628,6606
38629,4748
38630,5829
38631,6576
38632,7565
38633,7076
38634,6109
38635,5179
38636,8700
38637,4292
38638,5145
38639,9128
38640,5589
38641,7196
38642,8427
38643,14422
38644,4354
38645,3928
38646,4220
38647,4727
38648,7420
38649,9325
38650,6416
38651,6410
38652,6518
38653,3459
38654,6490
38655,5794
38656,6087
38657,7068
38658,4789
38659,4424
38660,4425
38661,3034
38662,3956
38663,6458
38664,5715
38665,9860
38666,14191
38667,5829
38668,4213
38669,5732
38670,6801
38671,6967
38672,3636
38673,5367
38674,4030
38675,7667
38676,6107
38677,5576
38678,10132
38679,11580
38680,3723
38681,6129
38682,3185
38683,4955
38684,4437
38685,7839
38686,3962
38687,4309
38688,4608
38689,6005
38690,4957
38691,3402
38692,5172
38693,6521
38694,5645
38695,5588
38696,2653
38697,8860
38698,14106
38699,3777
38700,6997
38701,7023
38702,5711
38703,3779
38704,3108
38705,3296
38706,6338
38707,4454
38708,5875
38709,7809
38710,3816
38711,5034
38712,5421
38713,5173
38714,4573
38715,4748
38716,5447
38717,9146
38718,6320
38719,7607
38720,5428
38721,3345
38722,5010
38723,5146
38724,7433
38725,5506
38726,3838
38727,16846
38728,5467
38729,4806
38730,10349
38731,5246
38732,5478
38733,5261
38734,5837
38735,4186
38736,7709
38737,12432
38738,4166
38739,4697
38740,5293
38741,9743
38742,6064
38743,4403
38744,4702
38745,4491
38746,4756
38747,4062
38748,7032
38749,3026
38750,5724
38751,2468
38752,18254
38753,6705
38754,3243
38755,5119
38756,8060
38757,4984
38758,5560
38759,6701
38760,4776
38761,5001
38762,3854
38763,8085
38764,4653
38765,5208
38766,5255
38767,6981
38768,4426
38769,6950
38770,5187
38771,3433
38772,6727
38773,9259
38774,3886
38775,6274
38776,6474
38777,4960
38778,9006
38779,4286
38780,5593
38781,6299
38782,6696
38783,3094
38784,4208
38785,4369
38786,0
38787,5465
38788,6800
38789,3565
38790,7137
38791,3103
38792,5781
38793,4051
38794,5430
38795,5004
38796,5883
38797,6693
38798,7586
38799,3898
38800,5390
38801,5786
38802,6340
38803,5470
38804,6960
38805,8492
38806,5638
38807,3082
38808,5428
38809,4090
38810,5623
38811,5285
38812,3645
38813,10490
38814,4579
38815,5097
38816,9124
38817,5987
38818,3421
38819,10613
38820,4989
38821,8144
38822,4517
38823,6832
38824,7161
38825,6088
38826,4563
38827,5882
38828,4582
38829,4787
38830,5543
38831,7256
38832,6430
38833,4524
38834,3813
38835,6273
38836,6156
38837,4902
38838,5949
38839,4874
38840,5216
38841,4867
38842,6940
38843,6209
38844,5899
38845,5058
38846,5227
38847,6898
38848,7613
38849,4973
38850,6620
38851,4336
38852,5635
38853,6630
38854,5841
38855,3817
38856,3841
38857,6363
38858,7486
38859,4039
38860,5058
38861,6481
38862,5643
38863,4521
38864,4737
38865,4324
38866,2562
38867,6253
38868,3421
38869,5741
38870,6032
38871,5605
38872,5317
38873,8002
38874,7457
38875,6578
38876,4215
38877,6762
38878,5838
38879,3263
38880,2568
38881,6543
38882,3173
38883,5967
38884,10585
38885,6646
38886,5646
38887,3590
38888,6008
38889,5257
38890,5084
38891,6063
38892,7038
38893,6219
38894,4570
38895,7244
38896,3821
38897,5425
38898,3937
38899,4887
38900,5884
38901,5147
38902,4442
38903,6140
38904,3925
38905,8004
38906,5121
38907,4253
38908,3999
38909,7827
38910,6313
38911,4546
38912,5089
38913,5592
38914,4669
38915,5162
38916,5273
38917,5928
38918,4109
38919,4385
38920,7463
38921,5396
38922,5540
38923,2934
38924,8698
38925,5932
38926,4250
38927,5132
38928,9137
38929,7013
38930,7389
38931,7280
38932,5424
38933,4752
38934,4972
38935,6710
38936,7855
38937,10180
38938,3934
38939,4265
38940,2926
38941,3886
38942,7693
38943,11188
38944,5009
38945,3735
38946,4814
38947,4872
38948,5371
38949,8170
38950,7021
38951,5373
38952,3264
38953,7046
38954,5121
38955,9321
38956,7983
38957,4323
38958,6010
38959,3356
38960,6598
38961,6338
38962,5950
38963,6279
38964,5137
38965,5794
38966,4216
38967,5402
38968,6248
38969,6487
38970,5985
38971,7422
38972,5179
38973,3599
38974,7976
38975,3968
38976,9308
38977,5811
38978,4094
38979,4705
38980,5460
38981,4803
38982,6589
38983,7734
38984,4420
38985,9175
38986,3332
38987,3936
38988,5846
38989,7373
38990,9597
38991,5149
38992,4958
38993,5538
38994,5553
38995,5807
38996,3985
38997,5407
38998,4397
38999,8733
39000,5052
39001,6822
39002,10616
39003,7445
39004,4374
39005,3753
39006,4698
39007,9729
39008,4344
39009,8129
39010,3777
39011,8056
39012,5533
39013,4795
39014,4513
39015,4042
39016,4259
39017,4840
39018,4355
39019,4211
39020,3613
39021,3655
39022,6701
39023,5358
39024,18957
39025,6234
39026,4322
39027,2561
39028,3868
39029,8777
39030,1954
39031,2703
39032,6881
39033,3174
39034,6229
39035,4769
39036,5013
39037,5830
39038,4445
39039,3267
39040,5456
39041,5600
39042,2378
39043,4512
39044,4197
39045,6272
39046,5444
39047,3444
39048,4646
39049,7309
39050,7520
39051,5318
39052,6664
39053,2121
39054,7519
39055,3382
39056,5032
39057,2482
39058,7734
39059,6735
39060,8661
39061,9393
39062,6384
39063,6023
39064,2995
39065,4463
39066,6006
39067,7452
39068,3986
39069,3287
39070,5910
39071,4845
39072,5465
39073,2199
39074,7795
39075,4376
39076,7788
39077,6243
39078,3325
39079,7867
39080,2796
39081,9486
39082,5579
39083,6669
39084,2299
39085,5159
39086,4441
39087,3628
39088,6777
39089,9947
39090,2781
39091,6145
39092,6031
39093,8057
39094,7614
39095,5553
39096,6213
39097,2443
39098,2292
39099,4305
39100,6092
39101,8381
39102,8062
39103,2141
39104,4431
39105,9030
39106,8666
39107,5117
39108,3005
39109,10327
39110,4935
39111,3454
39112,3950
39113,2163
39114,4834
39115,6610
39116,3615
39117,5456
39118,2837
39119,5678
39120,3643
39121,1725
39122,3946
39123,5028
39124,5727
39125,8801
39126,6414
39127,5652
39128,3656
39129,9856
39130,3442
39131,5656
39132,7041
39133,12728
39134,4758
39135,3354
39136,6715
39137,5521
39138,6395
39139,4716
39140,9947
39141,5353
39142,2049
39143,7592
39144,4305
39145,6100
39146,2181
39147,8594
39148,3516
39149,2581
39150,7373
39151,4220
39152,5150
39153,7911
39154,7439
39155,4360
39156,4116
39157,7454
39158,3192
39159,2893
39160,6831
39161,4851
39162,6681
39163,3191
39164,4659
39165,6418
39166,4393
39167,3014
39168,5336
39169,6130
39170,6158
39171,6828
39172,7393
39173,6518
39174,4065
39175,7444
39176,5221
39177,3041
39178,3555
39179,8412
39180,6989
39181,2793
39182,6667
39183,9673
39184,6823
39185,4978
39186,6402
39187,7672
39188,5230
39189,4504
39190,2879
39191,5036
39192,4899
39193,5054
39194,4987
39195,3130
39196,5635
39197,6961
39198,5406
39199,6625
39200,5451
39201,2697
39202,1514
39203,6362
39204,5666
39205,6158
39206,3329
39207,5767
39208,4111
39209,5213
39210,5015
39211,3665
39212,3962
39213,4931
39214,7098
39215,6822
39216,7327
39217,14121
39218,4184
39219,4963
39220,9557
39221,3277
39222,5001
39223,778
39224,8031
39225,6410
39226,5254
39227,7031
39228,5345
39229,4837
39230,4899
39231,4459
39232,7284
39233,2935
39234,6206
39235,2767
39236,8111
39237,3224
39238,7164
39239,9606
39240,6444
39241,5756
39242,3978
39243,2289
39244,1667
39245,3405
39246,5397
39247,2864
39248,5009
39249,7355
39250,3831
39251,5557
39252,4229
39253,7752
39254,7807
39255,6695
39256,5099
39257,3091
39258,8959
39259,8944
39260,3864
39261,4178
39262,3406
39263,5501
39264,5236
39265,3621
39266,6127
39267,3132
39268,5066
39269,4195
39270,9082
39271,5047
39272,7667
39273,6367
39274,4539
39275,8616
39276,15822
39277,8220
39278,3448
39279,3490
39280,6005
39281,6782
39282,2654
39283,4889
39284,9575
39285,5514
39286,6448
39287,16468
39288,5171
39289,4696
39290,2909
39291,2065
39292,9504
39293,3040
39294,5750
39295,8337
39296,2639
39297,3562
39298,5989
39299,3873
39300,6762
39301,1827
39302,5139
39303,4759
39304,10139
39305,6016
39306,5661
39307,2712
39308,7960
39309,5677
39310,6700
39311,1627
39312,9127
39313,5259
39314,6257
39315,3937
39316,4196
39317,0
39318,4158
39319,3620
39320,5425
39321,4651
39322,5026
39323,8230
39324,9759
39325,7646
39326,3630
39327,4450
39328,4180
39329,4307
39330,6874
39331,3078
39332,1236
39333,6275
39334,5245
39335,8076
39336,5569
39337,4470
39338,4258
39339,3219
39340,2440
39341,8087
39342,6197
39343,4472
39344,5086
39345,10243
39346,5815
39347,1794
39348,7581
39349,1834
39350,3821
39351,6167
39352,5508
39353,2247
39354,4079
39355,4114
39356,3594
39357,1556
39358,7705
39359,4340
39360,8781
39361,10379
39362,6091
39363,5907
39364,4288
39365,4708
39366,4489
39367,11666
39368,6128
39369,6666
39370,3164
39371,5568
39372,5616
39373,8634
39374,7525
39375,7074
39376,5268
39377,6194
39378,4912
39379,8133
39380,6066
39381,6838
39382,5515
39383,8754
39384,6965
39385,4422
39386,5371
39387,8155
39388,5540
39389,3338
39390,5482
39391,3159
39392,4486
39393,8940
39394,7202
39395,6954
39396,6328
39397,7754
39398,4623
39399,3936
39400,3954
39401,5411
39402,6263
39403,6102
39404,3131
39405,12382
39406,4713
39407,5307
39408,15829
39409,5292
39410,7499
39411,5866
39412,7167
39413,7734
39414,6975
39415,8792
39416,2614
39417,4245
39418,5248
39419,8964
39420,2531
39421,5047
39422,4204
39423,4846
39424,5412
39425,5396
39426,3211
39427,5313
39428,4689
39429,2993
39430,2960
39431,7419
39432,4195
39433,5117
39434,5772
39435,5118
39436,9991
39437,11761
39438,5156
39439,7427
39440,5981
39441,9214
39442,4497
39443,2627
39444,3498
39445,5139
39446,11306
39447,3745
39448,9019
39449,6759
39450,1923
39451,3551
39452,6177
39453,6302
39454,5244
39455,8760
39456,8487
39457,6955
39458,3913
39459,11673
39460,1909
39461,3579
39462,7761
39463,3819
39464,5154
39465,3950
39466,6666
39467,4889
39468,3595
39469,12575
39470,10404
39471,2248
39472,4518
39473,5327
39474,7541
39475,10191
39476,5275
39477,2870
39478,10304
39479,1865
39480,9465
39481,4231
39482,5589
39483,9939
39484,5299
39485,1503
39486,4635
39487,2165
39488,3502
39489,10520
39490,8027
39491,4114
39492,11400
39493,7006
39494,9459
39495,11918
39496,7067
39497,3848
39498,1976
39499,4636
39500,6185
39501,2599
39502,6041
39503,4079
39504,6783
39505,2188
39506,5589
39507,7674
39508,1702
39509,8815
39510,5770
39511,2520
39512,6635
39513,3045
39514,2811
39515,9376
39516,7268
39517,6964
39518,7392
39519,5308
39520,4863
39521,6005
39522,7041
39523,7836
39524,5769
39525,6855
39526,3757
39527,8641
39528,5684
39529,5339
39530,4162
39531,4556
39532,7795
39533,5719
39534,3996
39535,4882
39536,5059
39537,5095
39538,14059
39539,5012
39540,9442
39541,4251
39542,3813
39543,6155
39544,5350
39545,3427
39546,4968
39547,8601
39548,12753
39549,6888
39550,8540
39551,6496
39552,9998
39553,7916
39554,6753
39555,7685
39556,3883
39557,9635
39558,7999
39559,7067
39560,5052
39561,5056
39562,5134
39563,2180
39564,12160
39565,6452
39566,5475
39567,5050
39568,1486
39569,7866
39570,7510
39571,10803
39572,5843
39573,4383
39574,3405
39575,6896
39576,4559
39577,4242
39578,10721
39579,4222
39580,4294
39581,4793
39582,3223
39583,2326
39584,2229
39585,12603
39586,4560
39587,12464
39588,3838
39589,5600
39590,4820
39591,3793
39592,2970
39593,6341
39594,2970
39595,2570
39596,10120
39597,5690
39598,2636
39599,8932
39600,2636
39601,5570
39602,3411
39603,10586
39604,6922
39605,7800
39606,2419
39607,5408
39608,2481
39609,5119
39610,3325
39611,14948
39612,11359
39613,4713
39614,2859
39615,5965
39616,4549
39617,2298
39618,7198
39619,2221
39620,12255
39621,4025
39622,4905
39623,5651
39624,10347
39625,6496
39626,5068
39627,5318
39628,5961
39629,6550
39630,6846
39631,3525
39632,1136
39633,4258
39634,2687
39635,2725
39636,5862
39637,6789
39638,5260
39639,4941
39640,8268
39641,5335
39642,3060
39643,7872
39644,2309
39645,9530
39646,4606
39647,2655
39648,4225
39649,4021
39650,4549
39651,6627
39652,7054
39653,3567
39654,5872
39655,2393
39656,4289
39657,7222
39658,8743
39659,3419
39660,2059
39661,4927
39662,7394
39663,6226
39664,2361
39665,10395
39666,3601
39667,3056
39668,5143
39669,10115
39670,9296
39671,4309
39672,4089
39673,5381
39674,1480
39675,6683
39676,6567
39677,4484
39678,4143
39679,2603
39680,8113
39681,2897
39682,4095
39683,3696
39684,3480
39685,2868
39686,7347
39687,6380
39688,5641
39689,3616
39690,5011
39691,7812
39692,6830
39693,6692
39694,4787
39695,5468
39696,5744
39697,7607
39698,7425
39699,5050
39700,1756
39701,6398
39702,6162
39703,5652
39704,6982
39705,5178
39706,3044
39707,6994
39708,4682
39709,9963
39710,2508
39711,2558
39712,8729
39713,1546
39714,5410
39715,4170
39716,7630
39717,3462
39718,4381
39719,9056
39720,2521
39721,5978
39722,8952
39723,12807
39724,6747
39725,2359
39726,5322
39727,3667
39728,2111
39729,7072
39730,4534
39731,6334
39732,4701
39733,4898
39734,5253
39735,4700
39736,4993
39737,4622
39738,8263
39739,5329
39740,2336
39741,5916
39742,3591
39743,5767
39744,5553
39745,5778
39746,7113
39747,7544
39748,8473
39749,5439
39750,4817
39751,5684
39752,3079
39753,5735
39754,8175
39755,6005
39756,6528
39757,8108
39758,13355
39759,3015
39760,3210
39761,4755
39762,3764
39763,8110
39764,9994
39765,8120
39766,6760
39767,7004
39768,1886
39769,7722
39770,2937
39771,6763
39772,5930
39773,4969
39774,2073
39775,4892
39776,3100
39777,3016
39778,6572
39779,4223
39780,8538
39781,15690
39782,5732
39783,3179
39784,4461
39785,7635
39786,5983
39787,4234
39788,5363
39789,2193
39790,6517
39791,6971
39792,3244
39793,9925
39794,11245
39795,2862
39796,5666
39797,3361
39798,3939
39799,3688
39800,8789
39801,3605
39802,4527
39803,4582
39804,2531
39805,2518
39806,2193
39807,5487
39808,5453
39809,4513
39810,7233
39811,1092
39812,6973
39813,13899
39814,3254
39815,8366
39816,6610
39817,4457
39818,3858
39819,2271
39820,3866
39821,4367
39822,4967
39823,2876
39824,8360
39825,3901
39826,4122
39827,5801
39828,5307
39829,5827
39830,4681
39831,5896
39832,10569
39833,4158
39834,6693
39835,6014
39836,3203
39837,3043
39838,4686
39839,5443
39840,6252
39841,3183
39842,12094
39843,5171
39844,4366
39845,11849
39846,4251
39847,6592
39848,4188
39849,4870
39850,5123
39851,6414
39852,15080
39853,2721
39854,5646
39855,3205
39856,8921
39857,7129
39858,4712
39859,3454
39860,3808
39861,2307
39862,1965
39863,6210
39864,1934
39865,3661
39866,1209
39867,20203
39868,7554
39869,1894
39870,5072
39871,5855
39872,5877
39873,5301
39874,7652
39875,5094
39876,5779
39877,2737
39878,7887
39879,5320
39880,4128
39881,5667
39882,9176
39883,4481
39884,8063
39885,5859
39886,3003
39887,5365
39888,7333
39889,2791
39890,7792
39891,7028
39892,4973
39893,10342
39894,3238
39895,4540
39896,8796
39897,6139
39898,2053
39899,4522
39900,3686
39901,0
39902,5014
39903,5519
39904,3397
39905,6227
39906,2076
39907,6026
39908,2682
39909,5591
39910,5221
39911,4371
39912,6406
39913,7969
39914,2519
39915,5618
39916,6330
39917,3173
39918,5670
39919,5614
39920,9277
39921,6267
39922,3662
39923,1976
39924,1944
39925,5723
39926,4498
39927,4062
39928,11677
39929,5197
39930,5197
39931,9071
39932,6266
39933,2183
39934,10344
39935,4059
39936,7464
39937,5506
39938,7588
39939,5588
39940,8299
39941,4893
39942,3900
39943,2754
39944,3454
39945,6114
39946,4052
39947,7712
39948,4369
39949,2608
39950,7523
39951,6537
39952,4182
39953,6645
39954,4113
39955,6242
39956,4062
39957,4886
39958,3492
39959,4436
39960,3317
39961,5727
39962,7934
39963,7421
39964,6108
39965,5295
39966,4070
39967,6360
39968,6728
39969,6735
39970,2552
39971,2954
39972,8501
39973,6282
39974,2775
39975,4067
39976,7034
39977,6339
39978,2253
39979,5613
39980,4755
39981,1736
39982,4626
39983,2577
39984,3848
39985,6540
39986,5412
39987,4848
39988,3849
39989,8819
39990,6609
39991,3469
39992,5050
39993,5082
39994,2917
39995,1131
39996,6269
39997,1490
39998,5792
39999,9840
40000,5275
40001,4186
40002,3048
40003,4863
40004,4817
40005,4593
40006,5286
40007,5570
40008,7251
40009,5810
40010,8567
40011,3551
40012,3410
40013,4188
40014,3627
40015,5031
40016,6155
40017,3209
40018,4843
40019,2455
40020,7108
40021,3845
40022,4312
40023,3974
40024,4981
40025,7304
40026,2970
40027,5943
40028,4073
40029,5385
40030,4941
40031,5383
40032,7073
40033,4305
40034,3840
40035,9203
40036,5998
40037,6477
40038,1789
40039,4200
40040,5313
40041,3728
40042,4242
40043,9725
40044,8058
40045,9607
40046,8858
40047,5834
40048,4995
40049,5874
40050,6351
40051,7239
40052,10170
40053,3159
40054,1696
40055,1449
40056,3846
40057,4632
40058,9213
40059,2291
40060,1788
40061,4962
40062,5175
40063,5838
40064,10328
40065,6456
40066,6223
40067,2433
40068,6998
40069,6192
40070,8223
40071,6707
40072,3191
40073,6094
40074,2959
40075,6876
40076,5502
40077,4850
40078,5665
40079,3786
40080,5753
40081,4859
40082,6359
40083,4619
40084,7473
40085,4980
40086,9023
40087,5269
40088,3345
40089,7631
40090,2879
40091,9586
40092,5867
40093,4703
40094,2957
40095,6610
40096,4170
40097,4264
40098,6642
40099,4056
40100,11014
40101,2868
40102,2856
40103,5598
40104,6376
40105,10675
40106,2458
40107,4106
40108,6331
40109,5851
40110,4306
40111,3249
40112,5801
40113,3112
40114,9755
40115,2540
40116,6745
40117,12843
40118,6295
40119,6028
40120,2878
40121,4585
40122,7952
40123,2422
40124,8526
40125,2644
40126,7735
40127,6482
40128,5770
40129,5674
40130,4648
40131,2895
40132,5147
40133,2085
40134,3707
40135,2830
40136,2569
40137,6927
40138,5369
40139,19844
40140,7879
40141,0
40142,0
40143,0
40144,0
40145,0
40146,0
40147,0
40148,0
40149,0
40150,0
40151,0
40152,0
40153,0
40154,0
40155,0
40156,0
40157,0
40158,0
40159,0
40160,0
40161,0
40162,0
40163,0
40164,0
40165,0
40166,0
40167,0
40168,0
40169,0
40170,0
40171,0
40172,0
40173,0
40174,0
40175,0
40176,0
40177,0
40178,0
40179,0
40180,0
40181,0
40182,0
40183,0
40184,0
40185,0
40186,0
40187,0
40188,0
40189,0
40190,0
40191,0
40192,0
40193,0
40194,0
40195,0
40196,0
40197,0
40198,0
40199,0
40200,0
40201,0
40202,0
40203,0
40204,0
40205,0
40206,0
40207,0
40208,0
40209,0
40210,0
40211,0
40212,0
40213,0
40214,0
40215,0
40216,0
40217,0
40218,0
40219,0
40220,0
40221,0
40222,0
40223,0
40224,0
40225,11296
40226,0
40227,0
40228,0
40229,0
40230,0
40231,0
40232,0
40233,0
40234,0
40235,0
40236,0
40237,0
40238,0
40239,0
40240,0
40241,0
40242,0
40243,0
40244,0
40245,0
40246,0
40247,0
40248,0
40249,0
40250,0
40251,0
40252,0
40253,0
40254,0
40255,0
40256,0
40257,0
40258,0
40259,0
40260,0
40261,0
40262,3949
40263,0
40264,0
40265,0
40266,0
40267,0
40268,0
40269,0
40270,0
40271,0
40272,0
40273,0
40274,0
40275,0
40276,0
40277,0
40278,0
40279,0
40280,0
40281,0
40282,0
40283,0
40284,0
40285,0
40286,0
40287,0
40288,0
40289,0
40290,0
40291,0
40292,0
40293,0
40294,0
40295,0
40296,0
40297,0
40298,0
40299,0
40300,0
40301,0
40302,0
40303,0
40304,0
40305,0
40306,0
40307,0
40308,0
40309,0
40310,0
40311,0
40312,0
40313,0
40314,0
40315,0
40316,0
40317,0
40318,0
40319,0
40320,0
40321,0
40322,0
40323,0
40324,0
40325,0
40326,0
40327,0
40328,0
40329,0
40330,0
40331,0
40332,0
40333,0
40334,0
40335,0
40336,0
40337,0
40338,0
40339,0
40340,0
40341,0
40342,0
40343,0
40344,0
40345,0
40346,0
40347,0
40348,0
40349,2687
40350,0
40351,0
40352,0
40353,0
40354,0
40355,0
40356,0
40357,0
40358,0
40359,0
40360,0
40361,0
40362,0
40363,0
40364,0
40365,0
40366,0
40367,0
40368,0
40369,0
40370,0
40371,0
40372,0
40373,0
40374,0
40375,0
40376,0
40377,0
40378,0
40379,0
40380,0
40381,0
40382,0
40383,0
40384,0
40385,0
40386,0
40387,0
40388,0
40389,0
40390,0
40391,0
40392,0
40393,0
40394,0
40395,0
40396,0
40397,0
40398,0
40399,16596
40400,0
40401,0
40402,27499
40403,0
40404,0
40405,0
40406,0
40407,0
40408,0
40409,0
40410,0
40411,0
40412,0
40413,0
40414,7366
40415,0
40416,0
40417,0
40418,0
40419,0
40420,0
40421,0
40422,0
40423,0
40424,0
40425,0
40426,0
40427,0
40428,0
40429,0
40430,0
40431,0
40432,0
40433,0
40434,0
40435,0
40436,0
40437,0
40438,0
40439,5423
40440,0
40441,0
40442,0
40443,0
40444,0
40445,0
40446,0
40447,0
40448,0
40449,0
40450,2918
40451,0
40452,0
40453,0
40454,0
40455,0
40456,0
40457,0
40458,0
40459,0
40460,0
40461,0
40462,0
40463,0
40464,0
40465,0
40466,0
40467,0
40468,0
40469,0
40470,0
40471,0
40472,0
40473,0
40474,0
40475,7845
40476,0
40477,0
40478,0
40479,0
40480,0
40481,0
40482,0
40483,0
40484,0
40485,0
40486,0
40487,0
40488,0
40489,0
40490,0
40491,0
40492,0
40493,8734
40494,0
40495,0
40496,0
40497,0
40498,0
40499,0
40500,0
40501,0
40502,0
40503,0
40504,0
40505,0
40506,0
40507,0
40508,0
40509,0
40510,0
40511,0
40512,0
40513,0
40514,0
40515,0
40516,0
40517,0
40518,0
40519,0
40520,0
40521,0
40522,0
40523,0
40524,0
40525,0
40526,0
40527,0
40528,0
40529,0
40530,0
40531,0
40532,0
40533,0
40534,0
40535,0
40536,0
40537,0
40538,0
40539,0
40540,0
40541,0
40542,0
40543,0
40544,0
40545,0
40546,0
40547,0
40548,0
40549,0
40550,0
40551,0
40552,0
40553,0
40554,0
40555,0
40556,0
40557,0
40558,0
40559,0
40560,0
40561,0
40562,0
40563,14603
40564,0
40565,0
40566,0
40567,0
40568,0
40569,0
40570,0
40571,0
40572,0
40573,1645
40574,0
40575,0
40576,0
40577,0
40578,0
40579,0
40580,0
40581,0
40582,0
40583,0
40584,0
40585,0
40586,0
40587,0
40588,0
40589,0
40590,0
40591,0
40592,0
40593,6088
40594,0
40595,0
40596,0
40597,0
40598,0
40599,0
40600,0
40601,0
40602,0
40603,0
40604,0
40605,0
40606,0
40607,0
40608,0
40609,0
40610,0
40611,0
40612,0
40613,0
40614,0
40615,0
40616,0
40617,0
40618,0
40619,0
40620,0
40621,0
40622,0
40623,0
40624,0
40625,0
40626,0
40627,0
40628,0
40629,0
40630,0
40631,0
40632,0
40633,0
40634,7593
40635,0
40636,0
40637,0
40638,0
40639,0
40640,0
40641,0
40642,0
40643,0
40644,0
40645,0
40646,0
40647,0
40648,0
40649,0
40650,0
40651,0
40652,7519
40653,0
40654,0
40655,0
40656,0
40657,0
40658,0
40659,0
40660,0
40661,0
40662,0
40663,0
40664,2075
40665,0
40666,0
40667,0
40668,0
40669,0
40670,6243
40671,0
40672,0
40673,0
40674,0
40675,0
40676,0
40677,0
40678,0
40679,0
40680,0
40681,0
40682,0
40683,0
40684,0
40685,0
40686,0
40687,0
40688,0
40689,0
40690,0
40691,0
40692,0
40693,0
40694,0
40695,0
40696,0
40697,0
40698,0
40699,0
40700,0
40701,0
40702,17911
40703,0
40704,0
40705,0
40706,0
40707,0
40708,0
40709,0
40710,0
40711,0
40712,0
40713,0
40714,0
40715,0
40716,0
40717,0
40718,6019
40719,0
40720,0
40721,0
40722,0
40723,0
40724,0
40725,0
40726,0
40727,0
40728,0
40729,0
40730,0
40731,0
40732,0
40733,0
40734,0
40735,0
40736,0
40737,0
40738,0
40739,0
40740,0
40741,0
40742,0
40743,0
40744,0
40745,0
40746,0
40747,0
40748,0
40749,0
40750,0
40751,0
40752,0
40753,0
40754,0
40755,0
40756,0
40757,0
40758,0
40759,0
40760,0
40761,0
40762,0
40763,0
40764,0
40765,0
40766,0
40767,0
40768,0
40769,0
40770,0
40771,0
40772,0
40773,0
40774,0
40775,0
40776,0
40777,0
40778,0
40779,0
40780,0
40781,0
40782,0
40783,0
40784,0
40785,0
40786,0
40787,0
40788,0
40789,0
40790,0
40791,0
40792,0
40793,0
40794,0
40795,0
40796,0
40797,0
40798,0
40799,0
40800,0
40801,0
40802,0
40803,0
40804,0
40805,0
40806,0
40807,0
40808,0
40809,0
40810,0
40811,0
40812,0
40813,0
40814,0
40815,0
40816,12859
40817,0
40818,0
40819,0
40820,0
40821,0
40822,6826
40823,0
40824,0
40825,0
40826,0
40827,0
40828,0
40829,0
40830,0
40831,0
40832,0
40833,0
40834,0
40835,0
40836,0
40837,0
40838,0
40839,0
40840,0
40841,0
40842,0
40843,0
40844,0
40845,0
40846,0
40847,0
40848,0
40849,0
40850,0
40851,0
40852,0
40853,0
40854,0
40855,0
40856,0
40857,0
40858,0
40859,0
40860,0
40861,0
40862,0
40863,0
40864,0
40865,0
40866,0
40867,0
40868,0
40869,0
40870,0
40871,0
40872,4106
40873,15420
40874,0
40875,0
40876,0
40877,0
40878,0
40879,0
40880,0
40881,0
40882,0
40883,0
40884,0
40885,0
40886,0
40887,0
40888,0
40889,0
40890,0
40891,0
40892,0
40893,0
40894,0
40895,0
40896,0
40897,0
40898,0
40899,0
40900,0
40901,0
40902,0
40903,0
40904,0
40905,0
40906,0
40907,0
40908,0
40909,11739
40910,0
40911,0
40912,0
40913,0
40914,0
40915,0
40916,0
40917,0
40918,0
40919,0
40920,0
40921,0
40922,0
40923,0
40924,0
40925,0
40926,0
40927,0
40928,0
40929,0
40930,0
40931,0
40932,0
40933,0
40934,0
40935,0
40936,0
40937,0
40938,0
40939,0
40940,0
40941,0
40942,0
40943,0
40944,0
40945,0
40946,0
40947,0
40948,0
40949,0
40950,0
40951,0
40952,0
40953,0
40954,0
40955,0
40956,0
40957,0
40958,0
40959,0
40960,0
40961,0
40962,0
40963,0
40964,0
40965,0
40966,0
40967,0
40968,0
40969,0
40970,0
40971,0
40972,0
40973,0
40974,0
40975,0
40976,0
40977,0
40978,0
40979,0
40980,0
40981,0
40982,0
40983,0
40984,0
40985,0
40986,0
40987,0
40988,0
40989,0
40990,0
40991,0
40992,0
40993,0
40994,0
40995,0
40996,0
40997,0
40998,0
40999,0
41000,0
41001,0
41002,0
41003,2647
41004,0
41005,0
41006,0
41007,2292
41008,0
41009,0
41010,0
41011,0
41012,0
41013,0
41014,0
41015,0
41016,0
41017,0
41018,0
41019,0
41020,0
41021,0
41022,0
41023,0
41024,0
41025,0
41026,0
41027,0
41028,0
41029,0
41030,0
41031,0
41032,0
41033,0
41034,0
41035,0
41036,0
41037,0
41038,0
41039,0
41040,0
41041,0
41042,0
41043,0
41044,0
41045,0
41046,0
41047,0
41048,0
41049,0
41050,0
41051,0
41052,0
41053,0
41054,0
41055,0
41056,0
41057,0
41058,0
41059,0
41060,0
41061,0
41062,0
41063,0
41064,0
41065,0
41066,0
41067,0
41068,0
41069,0
41070,0
41071,3032
41072,0
41073,0
41074,0
41075,0
41076,0
41077,0
41078,0
41079,0
41080,0
41081,0
41082,0
41083,0
41084,0
41085,0
41086,0
41087,0
41088,11368
41089,0
41090,0
41091,0
41092,0
41093,0
41094,0
41095,0
41096,0
41097,0
41098,0
41099,0
41100,0
41101,0
41102,0
41103,0
41104,0
41105,0
41106,0
41107,0
41108,0
41109,0
41110,0
41111,0
41112,0
41113,0
41114,0
41115,0
41116,0
41117,0
41118,0
41119,0
41120,0
41121,0
41122,0
41123,0
41124,0
41125,0
41126,0
41127,0
41128,0
41129,0
41130,0
41131,0
41132,0
41133,0
41134,0
41135,0
41136,0
41137,0
41138,0
41139,0
41140,0
41141,0
41142,0
41143,0
41144,0
41145,0
41146,0
41147,0
41148,0
41149,0
41150,0
41151,0
41152,0
41153,0
41154,0
41155,0
41156,0
41157,0
41158,0
41159,0
41160,0
41161,0
41162,0
41163,0
41164,0
41165,0
41166,0
41167,0
41168,0
41169,0
41170,0
41171,0
41172,0
41173,0
41174,0
41175,0
41176,0
41177,0
41178,0
41179,0
41180,0
41181,0
41182,0
41183,0
41184,0
41185,5464
41186,0
41187,0
41188,0
41189,0
41190,0
41191,0
41192,0
41193,0
41194,0
41195,0
41196,0
41197,0
41198,0
41199,0
41200,0
41201,0
41202,0
41203,0
41204,0
41205,0
41206,0
41207,0
41208,0
41209,0
41210,0
41211,0
41212,0
41213,0
41214,0
41215,0
41216,0
41217,0
41218,0
41219,0
41220,0
41221,5178
41222,0
41223,0
41224,0
41225,0
41226,0
41227,0
41228,0
41229,0
41230,0
41231,0
41232,0
41233,0
41234,0
41235,0
41236,0
41237,13017
41238,0
41239,5278
41240,0
41241,0
41242,0
41243,0
41244,0
41245,0
41246,0
41247,0
41248,0
41249,0
41250,0
41251,0
41252,0
41253,0
41254,0
41255,0
41256,5517
41257,6920
41258,9850
41259,12187
41260,7241
41261,6332
41262,14232
41263,9135
41264,10843
41265,7348
41266,9473
41267,11411
41268,7650
41269,7228
41270,9450
41271,11704
41272,9657
41273,9902
41274,9598
41275,10857
41276,9199
41277,6716
41278,9103
41279,14157
41280,13238
41281,10694
41282,13984
41283,7221
41284,13289
41285,5631
41286,7557
41287,6285
41288,10559
41289,10201
41290,17364
41291,11410
41292,9455
41293,10011
41294,8465
41295,5212
41296,8419
41297,13730
41298,9105
41299,7765
41300,7671
41301,8227
41302,9889
41303,4387
41304,11088
41305,7165
41306,9571
41307,9776
41308,7659
41309,11112
41310,7298
41311,10592
41312,13738
41313,11314
41314,8116
41315,13994
41316,6894
41317,8759
41318,10610
41319,15230
41320,7464
41321,7924
41322,12475
41323,9009
41324,11869
41325,10109
41326,13094
41327,8080
41328,6529
41329,8530
41330,8168
41331,12975
41332,12038
41333,5487
41334,8914
41335,11161
41336,8865
41337,13095
41338,5035
41339,17089
41340,8069
41341,6514
41342,7912
41343,9644
41344,8352
41345,11370
41346,6732
41347,10137
41348,8268
41349,11096
41350,10015
41351,8893
41352,10308
41353,7521
41354,8219
41355,10832
41356,10029
41357,10609
41358,5825
41359,11414
41360,7804
41361,10568
41362,8908
41363,16518
41364,8560
41365,6913
41366,9599
41367,7195
41368,7601
41369,7585
41370,9885
41371,9228
41372,5055
41373,13489
41374,8077
41375,10501
41376,6009
41377,12406
41378,12543
41379,5538
41380,15070
41381,8236
41382,8106
41383,12433
41384,12122
41385,7024
41386,6142
41387,10123
41388,8726
41389,5950
41390,8713
41391,8744
41392,10547
41393,11831
41394,9762
41395,9909
41396,8305
41397,5618
41398,10009
41399,9463
41400,10200
41401,11774
41402,11440
41403,11403
41404,8315
41405,13059
41406,10438
41407,8018
41408,10188
41409,14040
41410,10175
41411,11188
41412,13709
41413,9529
41414,12620
41415,7953
41416,8976
41417,11986
41418,8058
41419,10229
41420,5357
41421,6803
41422,13543
41423,11944
41424,8260
41425,5590
41426,12838
41427,8638
41428,10627
41429,7973
41430,7526
41431,7641
41432,5835
41433,15350
41434,10604
41435,9436
41436,10111
41437,7932
41438,7940
41439,9291
41440,10141
41441,5474
41442,8847
41443,8533
41444,11707
41445,10670
41446,8331
41447,15901
41448,8220
41449,6438
41450,14407
41451,7513
41452,8798
41453,5482
41454,12647
41455,9556
41456,6935
41457,9034
41458,9474
41459,7695
41460,8899
41461,11274
41462,16742
41463,3961
41464,9854
41465,4462
41466,18346
41467,6260
41468,12161
41469,12960
41470,9767
41471,9906
41472,5832
41473,7131
41474,4185
41475,6399
41476,8555
41477,7168
41478,10656
41479,11039
41480,7764
41481,9130
41482,8169
41483,10702
41484,12634
41485,10170
41486,7559
41487,5466
41488,12291
41489,17359
41490,9135
41491,10146
41492,5749
41493,10221
41494,7639
41495,6410
41496,8762
41497,7007
41498,10790
41499,8893
41500,11360
41501,8937
41502,13419
41503,10481
41504,7363
41505,14197
41506,22589
41507,15985
41508,9055
41509,4538
41510,8501
41511,11769
41512,6320
41513,8000
41514,13426
41515,7020
41516,20654
41517,20058
41518,5770
41519,8933
41520,8041
41521,5381
41522,11729
41523,6753
41524,13733
41525,12069
41526,13084
41527,10081
41528,12052
41529,4623
41530,9834
41531,4999
41532,9167
41533,9562
41534,16805
41535,8304
41536,7793
41537,5825
41538,9955
41539,7845
41540,6829
41541,6560
41542,10565
41543,8780
41544,9126
41545,10460
41546,12158
41547,0
41548,8974
41549,8469
41550,8012
41551,9831
41552,10827
41553,11335
41554,12891
41555,9291
41556,6846
41557,5486
41558,8553
41559,8307
41560,9724
41561,6133
41562,4163
41563,11964
41564,10899
41565,13960
41566,8759
41567,8787
41568,10561
41569,7616
41570,6038
41571,14962
41572,7319
41573,10648
41574,9627
41575,18139
41576,8084
41577,8109
41578,10331
41579,8041
41580,8514
41581,7719
41582,12121
41583,5950
41584,10082
41585,5443
41586,7212
41587,5249
41588,12761
41589,7039
41590,20192
41591,18039
41592,6627
41593,9537
41594,6968
41595,9568
41596,7365
41597,15432
41598,11491
41599,13974
41600,6409
41601,9930
41602,6618
41603,11370
41604,10000
41605,10411
41606,9162
41607,8569
41608,7158
41609,11718
41610,11993
41611,8493
41612,10363
41613,14812
41614,8493
41615,9434
41616,9474
41617,13019
41618,9072
41619,6600
41620,7830
41621,9564
41622,8180
41623,18003
41624,8737
41625,10546
41626,10595
41627,13343
41628,5935
41629,9534
41630,14488
41631,11788
41632,11634
41633,8971
41634,5996
41635,18655
41636,12620
41637,12178
41638,20223
41639,13684
41640,11565
41641,9759
41642,14134
41643,14785
41644,13763
41645,15382
41646,8300
41647,11390
41648,8420
41649,12859
41650,4957
41651,15334
41652,9270
41653,7914
41654,8161
41655,13464
41656,11540
41657,8613
41658,9844
41659,7335
41660,7788
41661,10072
41662,5739
41663,7319
41664,8269
41665,9952
41666,14495
41667,11710
41668,9930
41669,8997
41670,8693
41671,14900
41672,9956
41673,7956
41674,7164
41675,6991
41676,12574
41677,5307
41678,12583
41679,9599
41680,4617
41681,7060
41682,12147
41683,8905
41684,7384
41685,11536
41686,12539
41687,14954
41688,8081
41689,12893
41690,4187
41691,7593
41692,10775
41693,8781
41694,10529
41695,7636
41696,8339
41697,7116
41698,7843
41699,15411
41700,10725
41701,7383
41702,6655
41703,11872
41704,14904
41705,12321
41706,7537
41707,7780
41708,15710
41709,8760
41710,9847
41711,8319
41712,7824
41713,10285
41714,13381
41715,6185
41716,6076
41717,6580
41718,8312
41719,12914
41720,12541
41721,11402
41722,16884
41723,8014
41724,15914
41725,16188
41726,9800
41727,6516
41728,4780
41729,11490
41730,8415
41731,9172
41732,9007
41733,9736
41734,15033
41735,6777
41736,9119
41737,11061
41738,7157
41739,9483
41740,7262
41741,6465
41742,9604
41743,5037
41744,11904
41745,10127
41746,10999
41747,10781
41748,12190
41749,9607
41750,8513
41751,11553
41752,11472
41753,8252
41754,7777
41755,7658
41756,6817
41757,12949
41758,11067
41759,8217
41760,7568
41761,10967
41762,12209
41763,10601
41764,9186
41765,11532
41766,6386
41767,6821
41768,21030
41769,9734
41770,11038
41771,9156
41772,9178
41773,9602
41774,8320
41775,6114
41776,7298
41777,11874
41778,16974
41779,11490
41780,11830
41781,15840
41782,13828
41783,15237
41784,11094
41785,9963
41786,6023
41787,13015
41788,16362
41789,12294
41790,11538
41791,11352
41792,8630
41793,5635
41794,13269
41795,10826
41796,10263
41797,8681
41798,5186
41799,19205
41800,16079
41801,17576
41802,8225
41803,8271
41804,5842
41805,8656
41806,7776
41807,14028
41808,9482
41809,6661
41810,7322
41811,10084
41812,5884
41813,3904
41814,9508
41815,18446
41816,9861
41817,19329
41818,6009
41819,7762
41820,9840
41821,7434
41822,6952
41823,7055
41824,5457
41825,5646
41826,11394
41827,9611
41828,5710
41829,13713
41830,10569
41831,9724
41832,6028
41833,14326
41834,11534
41835,12121
41836,8414
41837,10059
41838,6264
41839,6968
41840,6471
41841,19840
41842,14748
41843,8435
41844,8688
41845,7152
41846,7798
41847,5883
41848,12860
41849,5796
41850,20230
41851,5945
41852,6838
41853,7578
41854,12595
41855,10598
41856,6757
41857,8712
41858,10337
41859,10466
41860,10757
41861,7309
41862,6598
41863,14583
41864,5990
41865,6479
41866,7620
41867,9788
41868,8504
41869,7900
41870,13357
41871,10744
41872,9600
41873,9834
41874,7128
41875,10900
41876,7509
41877,5986
41878,9304
41879,10136
41880,9464
41881,14740
41882,9558
41883,8340
41884,9114
41885,8909
41886,7494
41887,9221
41888,8605
41889,11714
41890,9826
41891,11319
41892,12342
41893,8020
41894,6288
41895,16603
41896,8386
41897,4126
41898,9645
41899,11184
41900,14954
41901,6822
41902,8133
41903,8787
41904,5892
41905,7986
41906,9624
41907,11171
41908,8100
41909,10711
41910,14408
41911,4012
41912,8489
41913,8202
41914,8047
41915,7715
41916,9132
41917,13398
41918,7255
41919,8018
41920,11549
41921,11842
41922,12737
41923,12331
41924,6310
41925,9469
41926,9130
41927,10924
41928,12103
41929,11621
41930,5482
41931,9460
41932,10586
41933,10675
41934,13475
41935,5934
41936,5400
41937,14317
41938,12045
41939,13440
41940,9511
41941,10011
41942,11767
41943,5333
41944,9958
41945,7258
41946,11303
41947,10170
41948,12140
41949,10312
41950,9702
41951,11873
41952,14729
41953,18635
41954,9627
41955,6924
41956,9135
41957,6049
41958,4595
41959,14986
41960,11930
41961,7675
41962,12007
41963,7693
41964,13180
41965,7179
41966,8975
41967,8633
41968,12769
41969,7119
41970,9630
41971,7515
41972,8092
41973,10008
41974,6649
41975,9966
41976,8892
41977,11837
41978,11980
41979,9080
41980,7366
41981,16025
41982,6558
41983,6796
41984,15446
41985,9569
41986,13193
41987,12236
41988,15653
41989,8207
41990,9294
41991,6939
41992,8907
41993,11526
41994,16183
41995,10704
41996,10736
41997,11843
41998,6061
41999,9762
42000,12133
42001,10588
42002,11366
42003,8218
42004,6965
42005,7188
42006,5420
42007,8668
42008,12060
42009,10872
42010,15148
42011,20769
42012,10174
42013,6828
42014,10934
42015,8802
42016,12079
42017,6397
42018,8820
42019,5450
42020,12540
42021,9387
42022,8760
42023,18671
42024,12689
42025,7492
42026,9624
42027,4883
42028,6516
42029,7043
42030,11629
42031,7153
42032,6377
42033,7956
42034,11573
42035,9805
42036,7010
42037,7456
42038,9760
42039,9928
42040,11530
42041,5328
42042,14339
42043,21613
42044,4170
42045,10161
42046,12584
42047,11498
42048,8569
42049,3888
42050,6783
42051,11553
42052,6686
42053,11716
42054,12459
42055,6734
42056,9056
42057,10297
42058,9207
42059,6428
42060,8614
42061,11521
42062,12345
42063,10304
42064,14716
42065,7806
42066,4849
42067,9363
42068,7710
42069,13155
42070,8077
42071,5946
42072,24951
42073,10297
42074,7691
42075,15231
42076,9292
42077,12362
42078,8426
42079,9864
42080,6632
42081,11967
42082,16818
42083,7907
42084,7698
42085,9219
42086,16983
42087,9578
42088,7525
42089,8212
42090,7638
42091,9230
42092,5818
42093,12473
42094,6037
42095,9012
42096,3984
42097,23415
42098,11470
42099,6276
42100,6350
42101,13569
42102,8543
42103,9727
42104,11135
42105,9310
42106,6885
42107,6627
42108,13184
42109,8472
42110,9171
42111,9244
42112,10998
42113,7174
42114,10161
42115,7977
42116,4983
42117,11013
42118,11759
42119,5987
42120,9964
42121,10771
42122,7403
42123,13486
42124,9152
42125,8288
42126,9362
42127,10102
42128,4579
42129,6396
42130,7752
42131,0
42132,8623
42133,12428
42134,5996
42135,11063
42136,6255
42137,8023
42138,6336
42139,9564
42140,7350
42141,9256
42142,10950
42143,11150
42144,5922
42145,9606
42146,9127
42147,11712
42148,8148
42149,12464
42150,13394
42151,8173
42152,4233
42153,10877
42154,8155
42155,8548
42156,10295
42157,5325
42158,14506
42159,7583
42160,9185
42161,13401
42162,8153
42163,6763
42164,15542
42165,9061
42166,14066
42167,6739
42168,12461
42169,12637
42170,8249
42171,6765
42172,8592
42173,7399
42174,8291
42175,7339
42176,12509
42177,9811
42178,6339
42179,6459
42180,8046
42181,10971
42182,9554
42183,13561
42184,7486
42185,8985
42186,6391
42187,10349
42188,10538
42189,9138
42190,8015
42191,8459
42192,11628
42193,12423
42194,8221
42195,10780
42196,7864
42197,9510
42198,9121
42199,9249
42200,5615
42201,5771
42202,9338
42203,8428
42204,8364
42205,9148
42206,11524
42207,7228
42208,7805
42209,9669
42210,7235
42211,4484
42212,12791
42213,4865
42214,9665
42215,10646
42216,8369
42217,10138
42218,18484
42219,13024
42220,11834
42221,6145
42222,10824
42223,9673
42224,5063
42225,4414
42226,11832
42227,5772
42228,11054
42229,15767
42230,10127
42231,10682
42232,8248
42233,10948
42234,9896
42235,9636
42236,10784
42237,13647
42238,12477
42239,9534
42240,11689
42241,6807
42242,9255
42243,6008
42244,7389
42245,9006
42246,7159
42247,7017
42248,11408
42249,8015
42250,12840
42251,11113
42252,8227
42253,5881
42254,14051
42255,9490
42256,8831
42257,8799
42258,10908
42259,8609
42260,8078
42261,9744
42262,10211
42263,7795
42264,6385
42265,13203
42266,9509
42267,7564
42268,5899
42269,16185
42270,8739
42271,9103
42272,8480
42273,15316
42274,14171
42275,10709
42276,10566
42277,11100
42278,8604
42279,7862
42280,9256
42281,14130
42282,20121
42283,7943
42284,7012
42285,5176
42286,7338
42287,13285
42288,18939
42289,9960
42290,7602
42291,6763
42292,8394
42293,8233
42294,12796
42295,12943
42296,7674
42297,5466
42298,10721
42299,9185
42300,13273
42301,14035
42302,7045
42303,11112
42304,4893
42305,10471
42306,10935
42307,10424
42308,12351
42309,9781
42310,10373
42311,6835
42312,8501
42313,9986
42314,11020
42315,10191
42316,11617
42317,9812
42318,6423
42319,12401
42320,5758
42321,13287
42322,8334
42323,6773
42324,9355
42325,10467
42326,8069
42327,10280
42328,12764
42329,7835
42330,13030
42331,5669
42332,6555
42333,11604
42334,12584
42335,13473
42336,8244
42337,9260
42338,7780
42339,7529
42340,10095
42341,9254
42342,8592
42343,7314
42344,13656
42345,9459
42346,12759
42347,14676
42348,10965
42349,6602
42350,6417
42351,8304
42352,10821
42353,7211
42354,12350
42355,7482
42356,15136
42357,8735
42358,8572
42359,7315
42360,8987
42361,7070
42362,10248
42363,9775
42364,7615
42365,7871
42366,7494
42367,14548
42368,7958
42369,24265
42370,10505
42371,4793
42372,6307
42373,8659
42374,10445
42375,6020
42376,5333
42377,12360
42378,7619
42379,8333
42380,6116
42381,8333
42382,9410
42383,6299
42384,6139
42385,7974
42386,9990
42387,8486
42388,8194
42389,7790
42390,9951
42391,8000
42392,5718
42393,6526
42394,11250
42395,11687
42396,8002
42397,11962
42398,6367
42399,9800
42400,5269
42401,6547
42402,5279
42403,8754
42404,8680
42405,14093
42406,10371
42407,7370
42408,7490
42409,6709
42410,4945
42411,6670
42412,11959
42413,7622
42414,6515
42415,5737
42416,6677
42417,8670
42418,3639
42419,9127
42420,5247
42421,7567
42422,7800
42423,6286
42424,8976
42425,6051
42426,8625
42427,10332
42428,8729
42429,6855
42430,11155
42431,5914
42432,7703
42433,8531
42434,12619
42435,6508
42436,6965
42437,10630
42438,8149
42439,10518
42440,7742
42441,10720
42442,6476
42443,5734
42444,7094
42445,6895
42446,10329
42447,9059
42448,4663
42449,7246
42450,8653
42451,7684
42452,10786
42453,4288
42454,14480
42455,6973
42456,5606
42457,6789
42458,7958
42459,7220
42460,9279
42461,5795
42462,7965
42463,7200
42464,8773
42465,8437
42466,7386
42467,7890
42468,6126
42469,6786
42470,8891
42471,8497
42472,8503
42473,4977
42474,10295
42475,6389
42476,9284
42477,7489
42478,13497
42479,7187
42480,5646
42481,7671
42482,6078
42483,6409
42484,6184
42485,8828
42486,7713
42487,4195
42488,9803
42489,6801
42490,8196
42491,5037
42492,10545
42493,10518
42494,5222
42495,13102
42496,6686
42497,6569
42498,9692
42499,10565
42500,5706
42501,4910
42502,8562
42503,7465
42504,5057
42505,6835
42506,7040
42507,9327
42508,9578
42509,8147
42510,8441
42511,7350
42512,4763
42513,7566
42514,8290
42515,9136
42516,9143
42517,8499
42518,9647
42519,7162
42520,10333
42521,8159
42522,6787
42523,8269
42524,10524
42525,7896
42526,9005
42527,11441
42528,8510
42529,9457
42530,6541
42531,7849
42532,9369
42533,7020
42534,8456
42535,4594
42536,6030
42537,12785
42538,9532
42539,6910
42540,4677
42541,9556
42542,7802
42543,8993
42544,6840
42545,6364
42546,5879
42547,4889
42548,11856
42549,8606
42550,7543
42551,8311
42552,6471
42553,6744
42554,7390
42555,7498
42556,4896
42557,7813
42558,6481
42559,9649
42560,9410
42561,7516
42562,13940
42563,6901
42564,5570
42565,12154
42566,6164
42567,7478
42568,4783
42569,9662
42570,8486
42571,5765
42572,6831
42573,8036
42574,6541
42575,7329
42576,9143
42577,13158
42578,3355
42579,8513
42580,3863
42581,15756
42582,5222
42583,10113
42584,10389
42585,8004
42586,8007
42587,5239
42588,6593
42589,3624
42590,5721
42591,7303
42592,6088
42593,8317
42594,8854
42595,6366
42596,7469
42597,6944
42598,8974
42599,10645
42600,8465
42601,6125
42602,4330
42603,10597
42604,13291
42605,6874
42606,8735
42607,4856
42608,8737
42609,5956
42610,5292
42611,7289
42612,4856
42613,9188
42614,6884
42615,9750
42616,7716
42617,10223
42618,8874
42619,6048
42620,10981
42621,19749
42622,12618
42623,6907
42624,3790
42625,6926
42626,9794
42627,5680
42628,6783
42629,12534
42630,6300
42631,15975
42632,19342
42633,5016
42634,7503
42635,6532
42636,4884
42637,9993
42638,5705
42639,10646
42640,10168
42641,11557
42642,7824
42643,9089
42644,4207
42645,8142
42646,4351
42647,7661
42648,7868
42649,12273
42650,7042
42651,6498
42652,4956
42653,8429
42654,6873
42655,5597
42656,5450
42657,9333
42658,6790
42659,6689
42660,8801
42661,9693
42662,0
42663,7569
42664,7452
42665,7198
42666,8311
42667,8886
42668,9074
42669,10530
42670,8358
42671,5796
42672,4501
42673,7142
42674,7260
42675,7333
42676,5487
42677,3650
42678,9954
42679,8670
42680,11859
42681,7589
42682,6539
42683,8087
42684,5922
42685,5211
42686,11335
42687,6089
42688,8267
42689,8408
42690,15608
42691,7125
42692,6930
42693,8273
42694,7729
42695,7131
42696,5763
42697,9725
42698,5186
42699,8239
42700,4736
42701,6307
42702,4334
42703,11311
42704,5897
42705,19215
42706,16395
42707,5491
42708,7907
42709,6578
42710,7648
42711,6375
42712,13179
42713,9054
42714,12028
42715,5321
42716,8293
42717,5828
42718,10198
42719,8834
42720,8148
42721,7165
42722,7278
42723,6710
42724,9007
42725,10369
42726,7121
42727,8473
42728,11294
42729,6687
42730,7714
42731,7869
42732,10934
42733,7841
42734,5900
42735,6558
42736,7878
42737,6288
42738,13904
42739,7044
42740,8301
42741,8257
42742,10650
42743,5218
42744,8059
42745,12751
42746,9576
42747,10839
42748,7614
42749,4743
42750,16222
42751,10686
42752,9056
42753,17281
42754,11963
42755,8875
42756,7995
42757,11672
42758,11698
42759,12298
42760,13395
42761,6719
42762,8375
42763,6647
42764,9805
42765,4450
42766,13003
42767,7792
42768,6604
42769,7086
42770,11540
42771,9427
42772,7040
42773,8164
42774,6628
42775,5995
42776,7980
42777,4793
42778,6081
42779,7173
42780,8007
42781,10904
42782,10135
42783,8476
42784,7079
42785,7089
42786,12382
42787,8546
42788,6625
42789,6296
42790,5731
42791,11013
42792,4393
42793,10997
42794,7850
42795,3840
42796,6142
42797,9982
42798,7214
42799,5999
42800,9441
42801,10267
42802,13019
42803,7153
42804,11093
42805,3520
42806,6322
42807,8649
42808,6898
42809,8387
42810,6911
42811,7036
42812,5779
42813,6144
42814,12676
42815,9275
42816,5902
42817,5506
42818,9364
42819,12661
42820,10826
42821,6493
42822,6541
42823,13931
42824,7416
42825,8449
42826,7319
42827,6024
42828,7981
42829,11793
42830,4919
42831,5253
42832,5917
42833,6660
42834,10763
42835,9518
42836,9525
42837,15178
42838,6560
42839,13441
42840,14543
42841,7963
42842,5587
42843,4094
42844,9395
42845,7385
42846,7141
42847,7152
42848,7991
42849,14267
42850,5778
42851,6899
42852,8916
42853,7146
42854,7827
42855,5982
42856,5298
42857,8062
42858,4119
42859,10680
42860,9276
42861,8707
42862,9498
42863,9850
42864,9033
42865,6935
42866,8763
42867,10366
42868,7479
42869,6999
42870,6612
42871,5707
42872,11532
42873,8435
42874,7043
42875,6888
42876,8384
42877,9579
42878,8381
42879,7466
42880,9367
42881,5557
42882,6560
42883,19025
42884,8327
42885,9245
42886,7579
42887,7561
42888,7394
42889,6490
42890,5209
42891,5947
42892,9758
42893,14830
42894,9725
42895,9855
42896,14258
42897,11727
42898,12868
42899,8938
42900,8315
42901,5247
42902,11234
42903,13139
42904,9444
42905,9468
42906,10147
42907,7569
42908,4484
42909,12206
42910,8639
42911,8160
42912,7754
42913,4243
42914,16450
42915,13768
42916,15526
42917,6985
42918,6417
42919,5036
42920,6717
42921,7157
42922,10918
42923,7893
42924,5762
42925,5859
42926,8779
42927,4693
42928,3621
42929,8041
42930,16320
42931,7650
42932,18216
42933,5180
42934,6314
42935,7926
42936,6515
42937,5986
42938,5570
42939,4807
42940,4769
42941,9393
42942,7610
42943,5201
42944,11174
42945,8186
42946,7972
42947,5090
42948,12029
42949,8751
42950,10528
42951,6654
42952,8392
42953,4838
42954,5686
42955,5418
42956,16075
42957,11735
42958,6981
42959,6965
42960,5721
42961,6989
42962,5147
42963,11017
42964,4989
42965,17031
42966,5191
42967,6003
42968,7036
42969,10127
42970,8528
42971,5481
42972,7585
42973,9671
42974,8486
42975,9183
42976,6469
42977,5427
42978,13562
42979,5215
42980,5056
42981,6708
42982,7709
42983,7151
42984,6855
42985,10630
42986,9446
42987,7762
42988,7816
42989,5849
42990,9539
42991,6838
42992,4833
42993,8141
42994,7512
42995,7710
42996,10999
42997,7512
42998,7245
42999,7589
43000,7892
43001,6615
43002,7843
43003,7517
43004,8554
43005,8424
43006,8611
43007,10509
43008,7078
43009,5355
43010,13287
43011,7000
43012,3986
43013,9000
43014,9948
43015,13753
43016,6009
43017,6768
43018,7177
43019,4523
43020,7318
43021,8053
43022,8264
43023,6925
43024,8737
43025,10494
43026,3855
43027,7302
43028,6753
43029,6513
43030,6411
43031,7246
43032,10703
43033,6898
43034,6165
43035,9612
43036,9416
43037,9460
43038,10415
43039,5424
43040,8085
43041,8378
43042,9508
43043,9980
43044,9403
43045,4377
43046,8561
43047,8263
43048,8723
43049,10575
43050,5435
43051,4807
43052,13510
43053,9894
43054,10491
43055,7488
43056,7870
43057,9987
43058,4683
43059,7567
43060,6584
43061,8885
43062,8199
43063,9347
43064,9631
43065,7427
43066,9839
43067,12338
43068,16346
43069,8645
43070,5669
43071,7555
43072,5274
43073,3930
43074,12488
43075,9402
43076,6426
43077,10132
43078,6211
43079,11639
43080,5595
43081,7445
43082,7261
43083,10507
43084,6083
43085,8134
43086,6658
43087,6614
43088,8579
43089,5720
43090,8279
43091,7869
43092,10294
43093,9192
43094,7491
43095,6423
43096,13618
43097,5544
43098,5971
43099,12692
43100,8020
43101,10594
43102,10363
43103,14471
43104,6809
43105,6671
43106,6040
43107,7432
43108,9204
43109,12987
43110,8430
43111,9092
43112,8864
43113,4604
43114,8657
43115,9544
43116,8093
43117,9681
43118,6806
43119,5672
43120,5791
43121,4493
43122,6606
43123,9888
43124,9188
43125,12483
43126,18355
43127,8798
43128,5884
43129,8832
43130,7816
43131,10096
43132,4949
43133,6983
43134,4826
43135,10933
43136,7636
43137,7093
43138,15014
43139,11629
43140,5650
43141,8031
43142,4237
43143,5600
43144,5995
43145,9513
43146,5909
43147,5279
43148,7363
43149,9680
43150,8869
43151,6157
43152,6230
43153,7722
43154,8469
43155,8506
43156,4652
43157,11766
43158,18967
43159,4022
43160,7880
43161,10288
43162,8909
43163,6339
43164,3466
43165,5737
43166,9432
43167,5908
43168,9515
43169,10273
43170,5136
43171,7006
43172,8135
43173,7187
43174,5782
43175,6782
43176,9092
43177,10390
43178,8732
43179,12059
43180,6333
43181,4223
43182,7403
43183,6939
43184,10036
43185,7166
43186,5168
43187,23240
43188,8088
43189,6554
43190,13526
43191,7920
43192,9579
43193,6953
43194,8408
43195,5847
43196,9885
43197,14433
43198,6533
43199,6808
43200,7783
43201,15457
43202,7628
43203,6194
43204,6850
43205,6233
43206,7332
43207,4819
43208,10194
43209,4739
43210,7895
43211,3227
43212,21037
43213,9781
43214,4964
43215,5083
43216,11580
43217,7306
43218,8439
43219,9035
43220,7408
43221,5639
43222,5551
43223,11386
43224,6875
43225,7910
43226,7859
43227,9056
43228,5990
43229,8559
43230,7272
43231,4532
43232,9804
43233,10492
43234,5553
43235,8055
43236,8087
43237,6016
43238,10325
43239,7381
43240,7585
43241,7075
43242,8271
43243,3999
43244,5177
43245,5985
43246,0
43247,7342
43248,10034
43249,4869
43250,9527
43251,5176
43252,6934
43253,5145
43254,7470
43255,6771
43256,7804
43257,8448
43258,9208
43259,4813
43260,7356
43261,7623
43262,9121
43263,7603
43264,10010
43265,11376
43266,7151
43267,3837
43268,9276
43269,6706
43270,7402
43271,8096
43272,4669
43273,11937
43274,6124
43275,7515
43276,11632
43277,7550
43278,5202
43279,13353
43280,7165
43281,10931
43282,6060
43283,11343
43284,11307
43285,6836
43286,6155
43287,7697
43288,6211
43289,7213
43290,6948
43291,10571
43292,7814
43293,5674
43294,5290
43295,8025
43296,8844
43297,7621
43298,10108
43299,6557
43300,7452
43301,5853
43302,9040
43303,8653
43304,7837
43305,6740
43306,7122
43307,8995
43308,10210
43309,6454
43310,8923
43311,6911
43312,7400
43313,7604
43314,8122
43315,4716
43316,4944
43317,8821
43318,7847
43319,6791
43320,7327
43321,9308
43322,6368
43323,6862
43324,7757
43325,5750
43326,3816
43327,10158
43328,4342
43329,8212
43330,8225
43331,7033
43332,8716
43333,15588
43334,11091
43335,9689
43336,5374
43337,8885
43338,8057
43339,4731
43340,3678
43341,9786
43342,4404
43343,9448
43344,14456
43345,8372
43346,8082
43347,6339
43348,8491
43349,7885
43350,7650
43351,8244
43352,9944
43353,9805
43354,7970
43355,9764
43356,5991
43357,7628
43358,5263
43359,6647
43360,6771
43361,5940
43362,6039
43363,9231
43364,6244
43365,10526
43366,9071
43367,6052
43368,5396
43369,11502
43370,8569
43371,7618
43372,7301
43373,9020
43374,6574
43375,6857
43376,8077
43377,8185
43378,6576
43379,5728
43380,10656
43381,7621
43382,6216
43383,4369
43384,13778
43385,7027
43386,7183
43387,7562
43388,12956
43389,10321
43390,8924
43391,9252
43392,8182
43393,6656
43394,6747
43395,7915
43396,11914
43397,15835
43398,6636
43399,6517
43400,4543
43401,6153
43402,11827
43403,16668
43404,8385
43405,6355
43406,5491
43407,6870
43408,6460
43409,11235
43410,10119
43411,7162
43412,4742
43413,9368
43414,7748
43415,11285
43416,10659
43417,5908
43418,9404
43419,4511
43420,7792
43421,10246
43422,8240
43423,10294
43424,7960
43425,8689
43426,5269
43427,6998
43428,8679
43429,9388
43430,8136
43431,9589
43432,7604
43433,5171
43434,10849
43435,5110
43436,11588
43437,7158
43438,5658
43439,8064
43440,8310
43441,7128
43442,8415
43443,10870
43444,5976
43445,11552
43446,4682
43447,5473
43448,10098
43449,10269
43450,11486
43451,7206
43452,8096
43453,6510
43454,6851
43455,8166
43456,7236
43457,7255
43458,6353
43459,11352
43460,8103
43461,9642
43462,13131
43463,8958
43464,5612
43465,5560
43466,6739
43467,9867
43468,6026
43469,9925
43470,6292
43471,11626
43472,7603
43473,6867
43474,6106
43475,6564
43476,6037
43477,8331
43478,7855
43479,6501
43480,6215
43481,6004
43482,10359
43483,6933
43484,22246
43485,7957
43486,4788
43487,6488
43488,8143
43489,10010
43490,5761
43491,5213
43492,11051
43493,7182
43494,7618
43495,5846
43496,8832
43497,9086
43498,6477
43499,5542
43500,7797
43501,9631
43502,7454
43503,7894
43504,7805
43505,9430
43506,6902
43507,5340
43508,6331
43509,10975
43510,10943
43511,7592
43512,10928
43513,5525
43514,9026
43515,4538
43516,6447
43517,5239
43518,8274
43519,8306
43520,12847
43521,10095
43522,7246
43523,7108
43524,6645
43525,4687
43526,6571
43527,11757
43528,6975
43529,6219
43530,5819
43531,6496
43532,8843
43533,3486
43534,9067
43535,5089
43536,7786
43537,7713
43538,6352
43539,8910
43540,5762
43541,8529
43542,9234
43543,8289
43544,6085
43545,10804
43546,6127
43547,7031
43548,8608
43549,12017
43550,5759
43551,6882
43552,9767
43553,8767
43554,9700
43555,7356
43556,10172
43557,5407
43558,5132
43559,6869
43560,6866
43561,9810
43562,8357
43563,4590
43564,6768
43565,8036
43566,7640
43567,9993
43568,4137
43569,14513
43570,6926
43571,5500
43572,6435
43573,7244
43574,6820
43575,9152
43576,5570
43577,7562
43578,6656
43579,8044
43580,7592
43581,6602
43582,7381
43583,6003
43584,6796
43585,8911
43586,8324
43587,7978
43588,4712
43589,9770
43590,6185
43591,9120
43592,7288
43593,13088
43594,7036
43595,5626
43596,7379
43597,5951
43598,6375
43599,5964
43600,8682
43601,7325
43602,4084
43603,9082
43604,6542
43605,7774
43606,4955
43607,10954
43608,10194
43609,4972
43610,12891
43611,6549
43612,6145
43613,9177
43614,9660
43615,5524
43616,4647
43617,8480
43618,7082
43619,4858
43620,6774
43621,6795
43622,8996
43623,8678
43624,7766
43625,8292
43626,6798
43627,4590
43628,7193
43629,8416
43630,8936
43631,8807
43632,8386
43633,8836
43634,6691
43635,10087
43636,7741
43637,6672
43638,7882
43639,9992
43640,7753
43641,8193
43642,10605
43643,8879
43644,8782
43645,6113
43646,7464
43647,8182
43648,6756
43649,7841
43650,4426
43651,6015
43652,11841
43653,9337
43654,6368
43655,4641
43656,8760
43657,7626
43658,8494
43659,6649
43660,6215
43661,5692
43662,4667
43663,11279
43664,7797
43665,7377
43666,7629
43667,6168
43668,6329
43669,7189
43670,7332
43671,4526
43672,6598
43673,6394
43674,9214
43675,8941
43676,7278
43677,13701
43678,7033
43679,5949
43680,11654
43681,5794
43682,7680
43683,3590
43684,9183
43685,8280
43686,5627
43687,6707
43688,8615
43689,6326
43690,7099
43691,8513
43692,12978
43693,3173
43694,7870
43695,3874
43696,14246
43697,5791
43698,9263
43699,9976
43700,8156
43701,7715
43702,5168
43703,5996
43704,3403
43705,5399
43706,7265
43707,5617
43708,7933
43709,8874
43710,5876
43711,6821
43712,6765
43713,8526
43714,10235
43715,8288
43716,6239
43717,4249
43718,10317
43719,12751
43720,6161
43721,8217
43722,4813
43723,8215
43724,5888
43725,5201
43726,7032
43727,4516
43728,8701
43729,6545
43730,9470
43731,7381
43732,9825
43733,8896
43734,5959
43735,10404
43736,19151
43737,11947
43738,6508
43739,3662
43740,7020
43741,9304
43742,5285
43743,6239
43744,12500
43745,6174
43746,14713
43747,18952
43748,4917
43749,6977
43750,6162
43751,4724
43752,9539
43753,6059
43754,10275
43755,9775
43756,9703
43757,7097
43758,8424
43759,4039
43760,8026
43761,4161
43762,7402
43763,7761
43764,11485
43765,7232
43766,6452
43767,4654
43768,8159
43769,6136
43770,5457
43771,4794
43772,9006
43773,6768
43774,6489
43775,7708
43776,8943
43777,0
43778,7076
43779,6535
43780,7270
43781,7773
43782,8359
43783,9126
43784,10037
43785,7815
43786,6227
43787,4475
43788,7207
43789,7063
43790,7228
43791,5123
43792,3174
43793,9288
43794,8131
43795,11686
43796,7217
43797,6206
43798,7327
43799,5907
43800,5108
43801,10436
43802,6179
43803,8091
43804,8367
43805,15106
43806,6969
43807,5740
43808,7799
43809,6224
43810,6580
43811,5699
43812,8859
43813,5011
43814,8011
43815,4765
43816,6018
43817,4133
43818,11017
43819,5858
43820,18153
43821,15176
43822,5264
43823,7436
43824,6306
43825,7324
43826,6114
43827,12607
43828,8617
43829,11021
43830,4939
43831,8156
43832,5902
43833,9518
43834,8569
43835,7520
43836,6775
43837,7271
43838,6792
43839,8670
43840,9920
43841,7405
43842,7710
43843,10687
43844,6650
43845,7253
43846,7795
43847,10098
43848,7443
43849,5633
43850,6703
43851,7024
43852,6118
43853,13849
43854,6757
43855,7954
43856,7888
43857,9676
43858,5216
43859,7680
43860,11028
43861,8772
43862,9978
43863,7110
43864,4623
43865,16311
43866,9957
43867,8578
43868,17175
43869,9968
43870,8596
43871,7736
43872,10598
43873,11054
43874,11661
43875,12825
43876,6264
43877,7843
43878,6425
43879,9350
43880,4197
43881,11813
43882,7329
43883,6623
43884,6772
43885,10237
43886,8610
43887,6848
43888,7833
43889,6628
43890,5410
43891,7808
43892,4699
43893,6086
43894,6530
43895,8274
43896,10700
43897,9698
43898,8083
43899,6805
43900,6390
43901,11782
43902,7883
43903,6423
43904,5970
43905,5664
43906,10733
43907,4458
43908,10886
43909,7605
43910,3621
43911,5924
43912,8857
43913,7339
43914,5856
43915,9338
43916,9973
43917,12931
43918,6788
43919,11156
43920,3310
43921,5851
43922,8574
43923,6293
43924,7756
43925,6867
43926,6901
43927,5604
43928,5733
43929,12853
43930,9059
43931,5646
43932,5236
43933,9058
43934,11923
43935,10466
43936,5856
43937,5917
43938,14172
43939,7382
43940,9326
43941,6732
43942,5897
43943,7692
43944,10898
43945,4250
43946,5422
43947,5239
43948,6366
43949,10858
43950,9216
43951,8877
43952,14287
43953,6638
43954,12687
43955,13941
43956,8110
43957,5400
43958,3821
43959,9019
43960,6998
43961,6761
43962,6906
43963,7536
43964,12515
43965,5582
43966,6568
43967,8610
43968,6008
43969,7893
43970,5836
43971,4984
43972,8040
43973,3935
43974,8735
43975,8873
43976,8593
43977,8742
43978,9370
43979,8665
43980,6520
43981,8174
43982,9432
43983,7207
43984,6834
43985,6543
43986,6386
43987,10857
43988,8245
43989,6717
43990,6339
43991,8390
43992,8967
43993,7823
43994,6847
43995,9170
43996,5398
43997,6637
43998,17856
43999,7442
44000,9219
44001,7074
44002,7086
44003,7082
44004,6477
44005,5136
44006,5782
44007,9699
44008,13919
44009,9532
44010,9301
44011,12030
44012,11173
44013,11979
44014,8505
44015,8242
44016,5071
44017,10836
44018,12219
44019,9290
44020,8951
44021,8872
44022,7519
44023,4056
44024,11690
44025,8263
44026,7419
44027,7170
44028,3664
44029,14605
44030,13079
44031,14443
44032,6860
44033,6015
44034,4839
44035,6660
44036,6900
44037,9750
44038,8104
44039,5615
44040,5809
44041,7621
44042,5081
44043,3476
44044,7409
44045,15532
44046,7472
44047,17888
44048,4830
44049,6020
44050,7712
44051,6061
44052,5774
44053,5414
44054,4596
44055,4824
44056,8923
44057,7405
44058,4827
44059,10788
44060,6823
44061,7770
44062,4968
44063,11926
44064,8576
44065,10407
44066,6031
44067,7543
44068,4644
44069,5717
44070,5468
44071,16841
44072,11719
44073,6950
44074,6478
44075,5691
44076,6693
44077,4899
44078,10351
44079,4595
44080,16078
44081,5034
44082,5682
44083,6442
44084,9700
44085,8504
44086,5192
44087,7084
44088,8986
44089,8142
44090,8817
44091,6239
44092,4588
44093,11831
44094,4922
44095,4561
44096,6320
44097,7448
44098,6737
44099,6861
44100,9923
44101,8906
44102,7265
44103,7538
44104,5824
44105,9400
44106,6612
44107,4945
44108,7649
44109,7243
44110,7085
44111,10662
44112,7349
44113,7148
44114,7514
44115,7033
44116,6278
44117,7770
44118,7613
44119,8033
44120,6826
44121,7870
44122,10132
44123,7159
44124,5139
44125,13247
44126,6422
44127,3907
44128,8341
44129,9848
44130,13254
44131,5743
44132,6638
44133,6888
44134,4384
44135,6794
44136,7796
44137,7569
44138,6371
44139,7675
44140,10312
44141,3635
44142,7120
44143,6551
44144,6062
44145,5974
44146,7077
44147,9953
44148,6624
44149,5760
44150,8829
44151,9145
44152,8925
44153,9742
44154,5691
44155,7847
44156,7795
44157,9195
44158,9642
44159,9383
44160,4139
44161,8544
44162,8344
44163,8116
44164,10634
44165,5474
44166,4574
44167,13037
44168,9123
44169,9817
44170,6806
44171,7008
44172,9713
44173,4275
44174,7263
44175,6361
44176,8189
44177,7278
44178,7733
44179,9314
44180,6835
44181,10150
44182,11747
44183,15895
44184,7889
44185,5224
44186,7002
44187,5160
44188,3605
44189,11763
44190,8784
44191,6282
44192,9070
44193,5879
44194,10823
44195,5438
44196,7194
44197,6780
44198,10866
44199,6162
44200,8031
44201,6413
44202,6237
44203,7773
44204,5533
44205,8369
44206,7777
44207,10166
44208,8952
44209,7239
44210,6241
44211,12519
44212,5219
44213,6016
44214,11211
44215,7929
44216,10136
44217,10064
44218,14837
44219,6456
44220,6433
44221,5796
44222,6957
44223,8524
44224,12221
44225,8189
44226,8470
44227,8462
44228,4516
44229,8363
44230,9063
44231,7881
44232,8814
44233,6283
44234,5322
44235,5886
44236,4232
44237,6360
44238,9255
44239,8426
44240,11333
44241,17864
44242,8206
44243,5837
44244,8798
44245,7381
44246,9977
44247,5001
44248,7013
44249,4661
44250,10178
44251,7570
44252,6705
44253,14383
44254,12293
44255,5648
44256,7703
44257,4355
44258,5526
44259,5749
44260,9491
44261,5546
44262,5338
44263,6628
44264,8128
44265,7074
44266,5489
44267,5888
44268,7365
44269,7269
44270,8206
44271,4323
44272,11408
44273,18481
44274,3973
44275,7601
44276,9191
44277,8471
44278,5907
44279,3379
44280,5600
44281,8542
44282,5686
44283,8335
44284,9591
44285,4965
44286,6742
44287,7936
44288,7061
44289,5745
44290,7126
44291,8898
44292,10094
44293,8185
44294,11338
44295,6167
44296,4113
44297,7061
44298,6605
44299,9009
44300,6994
44301,4914
44302,22616
44303,7588
44304,6461
44305,12854
44306,7647
44307,9317
44308,6821
44309,8264
44310,5658
44311,9237
44312,14145
44313,5890
44314,6468
44315,7469
44316,14816
44317,7231
44318,5905
44319,6571
44320,6023
44321,6821
44322,4459
44323,9660
44324,4643
44325,7558
44326,3235
44327,20246
44328,9438
44329,5243
44330,5072
44331,10013
44332,7105
44333,8381
44334,8820
44335,6747
44336,5856
44337,4975
44338,10801
44339,6651
44340,7524
44341,7740
44342,8708
44343,5631
44344,8237
44345,6843
44346,4542
44347,9308
44348,9849
44349,5647
44350,7806
44351,7888
44352,6155
44353,9871
44354,6493
44355,7211
44356,7154
44357,7957
44358,3960
44359,5167
44360,5954
44361,0
44362,7989
44363,9510
44364,4821
44365,8883
44366,5437
44367,6622
44368,4808
44369,7139
44370,6756
44371,7430
44372,7757
44373,9228
44374,4802
44375,7030
44376,7646
44377,8352
44378,7567
44379,10154
44380,10979
44381,7087
44382,3856
44383,7821
44384,5698
44385,6820
44386,7527
44387,4709
44388,11868
44389,6046
44390,7215
44391,11157
44392,6970
44393,4743
44394,12581
44395,6682
44396,11128
44397,6060
44398,10055
44399,10288
44400,6861
44401,5758
44402,7277
44403,5969
44404,6801
44405,6840
44406,9572
44407,7510
44408,5653
44409,4950
44410,7547
44411,8173
44412,7026
44413,9564
44414,6376
44415,7255
44416,5811
44417,8572
44418,8585
44419,7238
44420,6718
44421,6925
44422,8373
44423,9626
44424,6273
44425,8339
44426,6153
44427,6780
44428,7543
44429,7757
44430,4833
44431,4555
44432,9298
44433,7947
44434,6262
44435,7015
44436,8543
44437,6234
44438,6187
44439,7610
44440,5815
44441,3694
44442,9370
44443,4232
44444,7838
44445,7762
44446,6587
44447,7367
44448,12904
44449,11162
44450,9732
44451,5180
44452,8233
44453,7590
44454,4718
44455,3309
44456,8710
44457,4024
44458,8676
44459,14039
44460,8048
44461,7729
44462,5413
44463,7970
44464,7255
44465,6872
44466,7841
44467,9150
44468,9297
44469,7432
44470,9601
44471,5780
44472,7215
44473,5050
44474,6132
44475,6654
44476,5765
44477,5883
44478,8308
44479,5644
44480,10032
44481,7675
44482,5736
44483,5152
44484,10535
44485,8216
44486,6585
44487,7022
44488,7545
44489,6881
44490,6437
44491,7666
44492,8247
44493,6553
44494,5461
44495,10984
44496,7733
44497,6436
44498,4269
44499,12135
44500,6747
44501,6695
44502,7020
44503,12470
44504,9869
44505,8704
44506,8803
44507,7848
44508,6494
44509,6626
44510,7527
44511,10459
44512,15577
44513,5971
44514,5873
44515,4181
44516,5419
44517,9983
44518,14833
44519,7088
44520,5336
44521,5347
44522,6851
44523,6430
44524,11542
44525,9433
44526,7046
44527,4678
44528,8642
44529,7443
44530,11324
44531,10526
44532,5528
44533,8535
44534,4279
44535,7943
44536,9805
44537,7812
44538,9976
44539,7444
44540,8417
44541,5140
44542,6876
44543,7808
44544,9146
44545,8053
44546,9205
44547,7276
44548,4952
44549,10238
44550,5071
44551,10780
44552,6969
44553,5660
44554,9034
44555,8037
44556,6681
44557,8275
44558,10442
44559,5723
44560,11084
44561,4421
44562,5005
44563,9212
44564,9207
44565,11300
44566,6893
44567,7229
44568,6163
44569,6312
44570,7918
44571,6668
44572,7144
44573,6016
44574,10662
44575,8187
44576,9017
44577,12807
44578,9182
44579,5378
44580,5175
44581,6532
44582,9714
44583,5796
44584,10127
44585,5640
44586,11060
44587,7213
44588,6536
44589,5878
44590,6244
44591,5659
44592,7410
44593,6926
44594,5891
44595,5458
44596,5313
44597,9829
44598,7045
44599,22052
44600,7931
44601,4959
44602,6098
44603,8445
44604,11533
44605,5703
44606,5553
44607,12307
44608,8273
44609,8336
44610,6110
44611,9085
44612,9582
44613,6872
44614,6212
44615,8786
44616,9862
44617,8132
44618,8544
44619,8565
44620,10967
44621,7653
44622,5614
44623,6654
44624,11739
44625,13178
44626,8612
44627,11831
44628,6454
44629,9921
44630,5406
44631,7040
44632,5468
44633,9220
44634,9236
44635,14127
44636,10757
44637,8320
44638,7202
44639,7708
44640,5241
44641,7298
44642,12355
44643,7411
44644,6398
44645,6355
44646,7148
44647,9577
44648,3590
44649,9309
44650,5494
44651,8595
44652,8392
44653,6853
44654,10020
44655,5962
44656,9580
44657,10196
44658,8452
44659,6886
44660,10741
44661,5969
44662,7430
44663,10091
44664,13866
44665,6778
44666,7331
44667,10535
44668,9734
44669,10652
44670,7962
44671,11098
44672,5998
44673,5672
44674,7365
44675,7567
44676,10619
44677,9102
44678,5156
44679,6880
44680,8900
44681,7811
44682,11572
44683,4195
44684,14479
44685,7558
44686,6011
44687,6815
44688,7614
44689,7307
44690,10310
44691,5831
44692,8401
44693,6957
44694,8973
44695,8047
44696,6640
44697,8403
44698,6642
44699,7154
44700,9475
44701,9516
44702,9358
44703,4986
44704,10542
44705,6690
44706,9422
44707,8123
44708,14305
44709,7705
44710,6159
44711,7935
44712,6441
44713,6625
44714,6391
44715,9117
44716,7994
44717,4428
44718,10590
44719,6746
44720,8274
44721,5182
44722,11377
44723,10384
44724,5602
44725,13981
44726,7419
44727,6573
44728,9422
44729,10507
44730,6025
44731,5112
44732,9445
44733,7655
44734,4998
44735,7418
44736,7446
44737,9775
44738,9928
44739,8174
44740,8950
44741,7452
44742,4842
44743,7714
44744,9178
44745,9785
44746,9870
44747,9210
44748,9343
44749,6833
44750,10973
44751,8580
44752,6586
44753,8238
44754,11252
44755,8199
44756,9956
44757,10778
44758,9536
44759,9423
44760,6853
44761,8120
44762,9278
44763,7293
44764,8319
44765,4464
44766,6758
44767,12233
44768,9491
44769,6979
44770,5102
44771,9616
44772,8153
44773,9560
44774,7091
44775,6726
44776,6154
44777,5095
44778,12231
44779,8863
44780,8388
44781,8027
44782,6943
44783,5945
44784,7696
44785,8224
44786,4797
44787,7397
44788,7039
44789,9699
44790,9323
44791,7788
44792,14593
44793,6283
44794,6474
44795,12383
44796,6504
44797,7983
44798,3938
44799,10150
44800,9239
44801,6774
44802,7087
44803,8231
44804,6719
44805,7820
44806,10362
44807,13298
44808,3639
44809,8874
44810,4277
44811,15719
44812,5724
44813,9826
44814,10305
44815,8830
44816,8745
44817,5953
44818,6534
44819,3519
44820,5765
44821,8091
44822,6166
44823,8316
44824,9059
44825,6886
44826,7255
44827,7266
44828,9928
44829,11412
44830,9738
44831,6875
44832,4971
44833,10811
44834,12921
44835,6884
44836,8802
44837,4934
44838,9413
44839,6414
44840,5378
44841,7502
44842,4993
44843,9073
44844,6864
44845,10229
44846,8463
44847,10844
44848,9920
44849,6974
44850,10946
44851,20149
44852,12744
44853,7121
44854,3892
44855,7885
44856,10533
44857,5925
44858,6837
44859,13791
44860,6682
44861,15484
44862,20121
44863,5217
44864,7844
44865,6281
44866,5167
44867,12637
44868,6156
44869,10747
44870,10852
44871,9762
44872,7726
44873,9180
44874,4595
44875,7902
44876,4460
44877,7868
44878,8718
44879,11590
44880,7797
44881,7163
44882,5134
44883,8828
44884,6469
44885,5715
44886,5284
44887,9690
44888,7579
44889,6866
44890,8055
44891,9732
44892,0
44893,7853
44894,7272
44895,7019
44896,8378
44897,8568
44898,9822
44899,10723
44900,9263
44901,6461
44902,4891
44903,7460
44904,8295
44905,7811
44906,5409
44907,3806
44908,9869
44909,8716
44910,12954
44911,7891
44912,6706
44913,8703
44914,6607
44915,5704
44916,11182
44917,6436
44918,8663
44919,9412
44920,17246
44921,7907
44922,6787
44923,8804
44924,7114
44925,8859
44926,6766
44927,9969
44928,5285
44929,8852
44930,5325
44931,6512
44932,4248
44933,12243
44934,6618
44935,18513
44936,16247
44937,6231
44938,7947
44939,6784
44940,7955
44941,6898
44942,13503
44943,9565
44944,12258
44945,5278
44946,8434
44947,6697
44948,10145
44949,8869
44950,8092
44951,7578
44952,8355
44953,7574
44954,9389
44955,11733
44956,7987
44957,9205
44958,11595
44959,7455
44960,8072
44961,8931
44962,10889
44963,8435
44964,6267
44965,7214
44966,8059
44967,6700
44968,14595
44969,7352
44970,9319
44971,8330
44972,10770
44973,5548
44974,8368
44975,12514
44976,9843
44977,12084
44978,7887
44979,5175
44980,16957
44981,11054
44982,10116
44983,19295
44984,12171
44985,9077
44986,8417
44987,11878
44988,12310
44989,12405
44990,13596
44991,7198
44992,8460
44993,7111
44994,10168
44995,4616
44996,14276
44997,7774
44998,7182
44999,7158
45000,11218
45001,9094
45002,7185
45003,8057
45004,6667
45005,5771
45006,8674
45007,5260
45008,6652
45009,7249
45010,8305
45011,11339
45012,10281
45013,8888
45014,7544
45015,6793
45016,13180
45017,8612
45018,7098
45019,6894
45020,6081
45021,12487
45022,4656
45023,11381
45024,8868
45025,3981
45026,5799
45027,9528
45028,7827
45029,6403
45030,9985
45031,11355
45032,13181
45033,7457
45034,11934
45035,3233
45036,6584
45037,8348
45038,6595
45039,8415
45040,7415
45041,7873
45042,6434
45043,5964
45044,13300
45045,9633
45046,6582
45047,5465
45048,9623
45049,12972
45050,13359
45051,6373
45052,6922
45053,13625
45054,7369
45055,9297
45056,7267
45057,6429
45058,8238
45059,12668
45060,5090
45061,5430
45062,5878
45063,6708
45064,11533
45065,9685
45066,9384
45067,15964
45068,7108
45069,13883
45070,14429
45071,8861
45072,6328
45073,4407
45074,9700
45075,7322
45076,6976
45077,7480
45078,8449
45079,14298
45080,6120
45081,7474
45082,9611
45083,7094
45084,9084
45085,6229
45086,6011
45087,8917
45088,3974
45089,10234
45090,9530
45091,9040
45092,9369
45093,10549
45094,9558
45095,7356
45096,9309
45097,10100
45098,7521
45099,7257
45100,6826
45101,6049
45102,12336
45103,9665
45104,8211
45105,7119
45106,9025
45107,10252
45108,9113
45109,7160
45110,9692
45111,5844
45112,7693
45113,19679
45114,7922
45115,10460
45116,8043
45117,7398
45118,7498
45119,7254
45120,5311
45121,6890
45122,10706
45123,15168
45124,10528
45125,9922
45126,13617
45127,12628
45128,13033
45129,9845
45130,8574
45131,5467
45132,11557
45133,13086
45134,9705
45135,9448
45136,10515
45137,7755
45138,4344
45139,12263
45140,8557
45141,8498
45142,7527
45143,3787
45144,15775
45145,14823
45146,15821
45147,7694
45148,6149
45149,5229
45150,6904
45151,8393
45152,9556
45153,8861
45154,5724
45155,6337
45156,8737
45157,5011
45158,3880
45159,8631
45160,16535
45161,8173
45162,19255
45163,5671
45164,6690
45165,7837
45166,6799
45167,6836
45168,5929
45169,4701
45170,5383
45171,9804
45172,8077
45173,4832
45174,10943
45175,7032
45176,8915
45177,5604
45178,12744
45179,9525
45180,11853
45181,6214
45182,8291
45183,5040
45184,6067
45185,6588
45186,16179
45187,12305
45188,7933
45189,7333
45190,6261
45191,7399
45192,6056
45193,13527
45194,4856
45195,17259
45196,5399
45197,6241
45198,6856
45199,10585
45200,9767
45201,5450
45202,7803
45203,9587
45204,8886
45205,9191
45206,6522
45207,5064
45208,12798
45209,5148
45210,4842
45211,6413
45212,8139
45213,7190
45214,7028
45215,10484
45216,10122
45217,7650
45218,8119
45219,5838
45220,10006
45221,7071
45222,5542
45223,8528
45224,7892
45225,7397
45226,11768
45227,7658
45228,8700
45229,8030
45230,7624
45231,7045
45232,8622
45233,8243
45234,8405
45235,7883
45236,8003
45237,11265
45238,7447
45239,5311
45240,13950
45241,7445
45242,3968
45243,9817
45244,10517
45245,14690
45246,6141
45247,7562
45248,7311
45249,4579
45250,7101
45251,8079
45252,8864
45253,7051
45254,7961
45255,11760
45256,3982
45257,8335
45258,7052
45259,6200
45260,6521
45261,7634
45262,10686
45263,6707
45264,6599
45265,9505
45266,10032
45267,10072
45268,10423
45269,5951
45270,8556
45271,8144
45272,9843
45273,10496
45274,10351
45275,6269
45276,9592
45277,9164
45278,9297
45279,10781
45280,6071
45281,4947
45282,13896
45283,10107
45284,10353
45285,6933
45286,7894
45287,9945
45288,4853
45289,7919
45290,6833
45291,9570
45292,8223
45293,8260
45294,9893
45295,7555
45296,10643
45297,13210
45298,17095
45299,8502
45300,5765
45301,7429
45302,5634
45303,3777
45304,12623
45305,10142
45306,6767
45307,10314
45308,6519
45309,11699
45310,6143
45311,7561
45312,7429
45313,11291
45314,6660
45315,7965
45316,6723
45317,6735
45318,8177
45319,6494
45320,9408
45321,8785
45322,11083
45323,10094
45324,8166
45325,7058
45326,13515
45327,5490
45328,6860
45329,12271
45330,8453
45331,10625
45332,10687
45333,15854
45334,7099
45335,6694
45336,6430
45337,8099
45338,9864
45339,13021
45340,8387
45341,10124
45342,9332
45343,4673
45344,8873
45345,9171
45346,8744
45347,10192
45348,7160
45349,5635
45350,6286
45351,4346
45352,7105
45353,10471
45354,10140
45355,12655
45356,19561
45357,8158
45358,6056
45359,9399
45360,7947
45361,10941
45362,5513
45363,7441
45364,5199
45365,11502
45366,7896
45367,7066
45368,16384
45369,13178
45370,6035
45371,8219
45372,4852
45373,5908
45374,6316
45375,10297
45376,6042
45377,5938
45378,6848
45379,8752
45380,8525
45381,5839
45382,6696
45383,8422
45384,8159
45385,9222
45386,4707
45387,12307
45388,19498
45389,4179
45390,8391
45391,10841
45392,9437
45393,6213
45394,3832
45395,5928
45396,9217
45397,6125
45398,9046
45399,10571
45400,5371
45401,7493
45402,9195
45403,7518
45404,5946
45405,7454
45406,9390
45407,10351
45408,9223
45409,11227
45410,6599
45411,4594
45412,7544
45413,6846
45414,10370
45415,7600
45416,5894
45417,22668
45418,8175
45419,6854
45420,13620
45421,8646
45422,9865
45423,7381
45424,8662
45425,5926
45426,10289
45427,15160
45428,6736
45429,6788
45430,7436
45431,16002
45432,7975
45433,6345
45434,7150
45435,6788
45436,7185
45437,4898
45438,10681
45439,5003
45440,8259
45441,3264
45442,21041
45443,10698
45444,5382
45445,5469
45446,11669
45447,8153
45448,8958
45449,9795
45450,7698
45451,6222
45452,5511
45453,11342
45454,6805
45455,8291
45456,8397
45457,9438
45458,5896
45459,8633
45460,7615
45461,4730
45462,10327
45463,11005
45464,5869
45465,8539
45466,8881
45467,6623
45468,10622
45469,7210
45470,7702
45471,7947
45472,9288
45473,3993
45474,6004
45475,6481
45476,0
45477,8001
45478,10421
45479,5295
45480,9619
45481,5809
45482,7227
45483,4936
45484,7505
45485,7008
45486,7891
45487,8433
45488,10846
45489,5436
45490,7563
45491,8917
45492,9401
45493,7731
45494,9777
45495,11036
45496,8143
45497,4342
45498,8557
45499,6240
45500,7175
45501,8211
45502,4967
45503,12399
45504,6582
45505,7849
45506,12336
45507,8006
45508,5213
45509,13568
45510,7472
45511,11713
45512,6485
45513,10572
45514,12256
45515,7678
45516,6096
45517,7817
45518,6325
45519,7566
45520,7287
45521,10174
45522,8111
45523,5758
45524,5284
45525,7781
45526,9082
45527,8026
45528,10980
45529,7132
45530,8029
45531,6489
45532,9270
45533,8645
45534,8033
45535,7810
45536,7334
45537,9158
45538,10592
45539,6644
45540,9108
45541,6382
45542,7546
45543,8174
45544,8490
45545,5137
45546,4949
45547,8940
45548,8958
45549,6687
45550,7163
45551,9948
45552,6628
45553,7031
45554,7849
45555,6514
45556,4373
45557,9901
45558,4521
45559,8394
45560,8465
45561,7290
45562,8150
45563,14558
45564,12239
45565,9536
45566,5465
45567,10343
45568,8324
45569,4855
45570,3551
45571,10525
45572,4306
45573,9861
45574,14830
45575,9501
45576,8094
45577,5881
45578,8911
45579,8276
45580,7381
45581,9142
45582,9562
45583,10130
45584,7619
45585,10488
45586,6661
45587,8486
45588,5501
45589,6507
45590,7604
45591,6251
45592,6177
45593,9271
45594,5935
45595,10868
45596,8199
45597,6418
45598,5641
45599,11739
45600,8712
45601,7515
45602,8095
45603,8112
45604,7440
45605,6971
45606,8891
45607,9288
45608,6909
45609,5648
45610,12390
45611,8811
45612,7233
45613,4564
45614,13499
45615,7851
45616,6994
45617,7565
45618,13425
45619,10497
45620,8877
45621,9391
45622,8720
45623,6888
45624,7427
45625,8151
45626,11186
45627,15740
45628,6701
45629,6382
45630,4738
45631,5688
45632,11398
45633,16721
45634,7592
45635,6102
45636,6129
45637,8014
45638,7095
45639,11829
45640,10740
45641,7340
45642,5693
45643,9441
45644,7900
45645,12772
45646,11535
45647,6418
45648,9739
45649,4684
45650,8957
45651,10429
45652,8742
45653,10628
45654,8051
45655,9392
45656,5394
45657,8069
45658,8267
45659,10183
45660,9559
45661,10287
45662,8010
45663,5297
45664,11363
45665,5450
45666,11575
45667,7413
45668,5684
45669,7381
45670,9102
45671,7343
45672,8675
45673,11222
45674,6480
45675,11259
45676,5304
45677,5646
45678,9504
45679,9733
45680,11901
45681,6864
45682,8384
45683,6557
45684,7344
45685,8593
45686,7398
45687,8060
45688,6521
45689,11551
45690,8157
45691,9915
45692,13237
45693,10147
45694,5580
45695,5367
45696,7719
45697,10554
45698,6030
45699,10918
45700,5905
45701,12130
45702,7770
45703,7360
45704,6590
45705,7192
45706,6186
45707,7721
45708,7097
45709,6089
45710,6298
45711,5456
45712,10143
45713,8021
45714,23332
45715,8554
45716,5146
45717,5882
45718,9075
45719,12683
45720,5814
45721,5917
45722,13302
45723,7565
45724,9286
45725,6617
45726,9178
45727,9686
45728,7391
45729,6885
45730,9214
45731,10885
45732,8219
45733,9515
45734,9336
45735,9901
45736,8654
45737,6311
45738,7316
45739,13366
45740,13581
45741,8997
45742,13313
45743,6221
45744,10368
45745,5006
45746,7258
45747,6132
45748,10374
45749,9443
45750,14819
45751,11933
45752,8709
45753,7905
45754,7659
45755,5434
45756,7651
45757,13213
45758,7942
45759,7035
45760,7090
45761,7776
45762,9983
45763,3893
45764,10411
45765,5948
45766,10064
45767,9112
45768,7112
45769,10391
45770,6269
45771,10269
45772,9903
45773,9476
45774,7482
45775,10682
45776,6480
45777,7765
45778,10575
45779,14914
45780,6841
45781,8126
45782,11077
45783,10413
45784,11731
45785,8684
45786,11944
45787,6412
45788,5437
45789,7785
45790,8153
45791,12115
45792,10152
45793,5404
45794,7645
45795,9889
45796,9345
45797,11703
45798,4583
45799,14833
45800,8517
45801,6197
45802,6621
45803,7908
45804,7945
45805,11139
45806,6023
45807,8604
45808,8125
45809,9520
45810,8519
45811,6304
45812,8488
45813,6827
45814,7795
45815,10097
45816,10347
45817,10826
45818,5322
45819,11045
45820,7141
45821,9985
45822,9096
45823,15644
45824,8796
45825,6043
45826,8795
45827,6917
45828,7754
45829,6672
45830,10405
45831,8459
45832,4672
45833,11085
45834,6875
45835,8977
45836,5466
45837,11356
45838,9975
45839,7398
45840,15087
45841,7877
45842,7778
45843,10213
45844,11579
45845,6345
45846,5269
45847,9767
45848,8148
45849,5116
45850,7989
45851,8092
45852,11205
45853,9451
45854,9224
45855,9354
45856,8026
45857,5434
45858,8298
45859,9771
45860,10387
45861,10813
45862,10291
45863,9954
45864,7681
45865,11081
45866,9372
45867,7138
45868,8743
45869,11303
45870,9492
45871,9034
45872,11407
45873,10497
45874,10227
45875,7551
45876,8923
45877,10016
45878,7662
45879,9300
45880,5174
45881,7299
45882,11942
45883,10011
45884,7984
45885,5286
45886,10291
45887,8637
45888,9871
45889,8011
45890,7296
45891,6506
45892,5098
45893,12705
45894,9527
45895,8850
45896,8814
45897,7131
45898,6425
45899,8374
45900,9243
45901,5334
45902,8459
45903,7487
45904,10537
45905,10452
45906,8458
45907,16659
45908,6127
45909,6750
45910,13281
45911,6671
45912,9047
45913,4353
45914,11045
45915,10370
45916,7315
45917,7431
45918,8391
45919,7363
45920,8434
45921,10297
45922,12825
45923,4131
45924,8791
45925,4671
45926,15913
45927,5828
45928,10554
45929,11835
45930,10273
45931,9615
45932,6390
45933,6717
45934,3707
45935,5841
45936,8268
45937,6344
45938,9446
45939,9689
45940,6790
45941,7779
45942,7970
45943,10561
45944,12684
45945,10613
45946,7630
45947,5544
45948,11306
45949,14707
45950,7189
45951,9777
45952,5212
45953,10535
45954,6854
45955,5627
45956,8336
45957,5334
45958,9799
45959,7463
45960,10992
45961,9278
45962,11596
45963,9716
45964,7127
45965,11639
45966,21135
45967,12778
45968,7378
45969,4349
45970,8313
45971,10548
45972,6295
45973,7743
45974,14621
45975,6957
45976,14982
45977,22901
45978,5721
45979,8209
45980,6655
45981,5021
45982,10421
45983,6982
45984,11620
45985,11386
45986,10231
45987,8461
45988,9808
45989,5329
45990,9203
45991,4708
45992,9265
45993,9078
45994,13245
45995,8604
45996,7444
45997,5058
45998,9590
45999,7294
46000,6347
46001,5321
46002,10475
46003,7969
46004,7391
46005,8820
46006,9881
46007,0
46008,7883
46009,7583
46010,7599
46011,8795
46012,9586
46013,11357
46014,10674
46015,10434
46016,6778
46017,5501
46018,8149
46019,9219
46020,8512
46021,5739
46022,3937
46023,10676
46024,8665
46025,13284
46026,8185
46027,7006
46028,9239
46029,6631
46030,6057
46031,11929
46032,7925
46033,8932
46034,11009
46035,17510
46036,8241
46037,5965
46038,9579
46039,6338
46040,7512
46041,7596
46042,10005
46043,5551
46044,10244
46045,5901
46046,6660
46047,4224
46048,12402
46049,7134
46050,18529
46051,16755
46052,6386
46053,8717
46054,7395
46055,8323
46056,7388
46057,14513
46058,10351
46059,12419
46060,5625
46061,9152
46062,7476
46063,11681
46064,9184
46065,8978
46066,8193
46067,8658
46068,8514
46069,10777
46070,11684
46071,8551
46072,9660
46073,12375
46074,7961
46075,9131
46076,9380
46077,11460
46078,9025
46079,6769
46080,8113
46081,8272
46082,7232
46083,15097
46084,8310
46085,9574
46086,8983
46087,11740
46088,6028
46089,8691
46090,12183
46091,10028
46092,12784
46093,8203
46094,5569
46095,17815
46096,10678
46097,10211
46098,20574
46099,11363
46100,10183
46101,9328
46102,12609
46103,12434
46104,12163
46105,14813
46106,8089
46107,8742
46108,7688
46109,11486
46110,5038
46111,12681
46112,8247
46113,7772
46114,7969
46115,11112
46116,9317
46117,7281
46118,8998
46119,7072
46120,5723
46121,9289
46122,5764
46123,7061
46124,7272
46125,9245
46126,12505
46127,11613
46128,9506
46129,8335
46130,7198
46131,12483
46132,9044
46133,8259
46134,7288
46135,6332
46136,13933
46137,4924
46138,13330
46139,9900
46140,4236
46141,6029
46142,10331
46143,8547
46144,7622
46145,10909
46146,12179
46147,12789
46148,7568
46149,13608
46150,3303
46151,6939
46152,8935
46153,7416
46154,9181
46155,8683
46156,9402
46157,7170
46158,6310
46159,15026
46160,11182
46161,6901
46162,5645
46163,10764
46164,12820
46165,11507
46166,7176
46167,7089
46168,13322
46169,7772
46170,10143
46171,7305
46172,7292
46173,9253
46174,12074
46175,4981
46176,6005
46177,5577
46178,6963
46179,12134
46180,10630
46181,10856
46182,15540
46183,7241
46184,15673
46185,15653
46186,9902
46187,6908
46188,4563
46189,10173
46190,7739
46191,7386
46192,8231
46193,9164
46194,14053
46195,6039
46196,7776
46197,9945
46198,6466
46199,10604
46200,6998
46201,5827
46202,9273
46203,4240
46204,9092
46205,10350
46206,10108
46207,10633
46208,11605
46209,10100
46210,7964
46211,10272
46212,11562
46213,8336
46214,8442
46215,8028
46216,6572
46217,13418
46218,9516
46219,9193
46220,7476
46221,9551
46222,10848
46223,9788
46224,7906
46225,10916
46226,6279
46227,9105
46228,19348
46229,8836
46230,11940
46231,7990
46232,8270
46233,8555
46234,7733
46235,5703
46236,7307
46237,11837
46238,15581
46239,10078
46240,10792
46241,12394
46242,13633
46243,14151
46244,10267
46245,8694
46246,5569
46247,11736
46248,14636
46249,11234
46250,9453
46251,12248
46252,8756
46253,4339
46254,13696
46255,8923
46256,9507
46257,8362
46258,3901
46259,15384
46260,14934
46261,15232
46262,8186
46263,6544
46264,5915
46265,7698
46266,9679
46267,10221
46268,9784
46269,5896
46270,6942
46271,8870
46272,5209
46273,4044
46274,8905
46275,17502
46276,9048
46277,20735
46278,5706
46279,7264
46280,8961
46281,7298
46282,7175
46283,6638
46284,4869
46285,5653
46286,11401
46287,8717
46288,5567
46289,12098
46290,7960
46291,9770
46292,5715
46293,13127
46294,10095
46295,12096
46296,6505
46297,8734
46298,5400
46299,6421
46300,6960
46301,17172
46302,13392
46303,8486
46304,7639
46305,6676
46306,8890
46307,5423
46308,10905
46309,4930
46310,18407
46311,5691
46312,6786
46313,7240
46314,11613
46315,10564
46316,6401
46317,8184
46318,9916
46319,9395
46320,10466
46321,6763
46322,5423
46323,11601
46324,5653
46325,5044
46326,6930
46327,9415
46328,7439
46329,7443
46330,10727
46331,11393
46332,8482
46333,8985
46334,6317
46335,11064
46336,7715
46337,5940
46338,9882
46339,8757
46340,7880
46341,11858
46342,8626
46343,10068
46344,8999
46345,7473
46346,7202
46347,8967
46348,9777
46349,8353
46350,8244
46351,9281
46352,12129
46353,8433
46354,5757
46355,15249
46356,7513
46357,4183
46358,11156
46359,12251
46360,15084
46361,6473
46362,8404
46363,8102
46364,5088
46365,8368
46366,8822
46367,9192
46368,7707
46369,7930
46370,12442
46371,4370
46372,9692
46373,7337
46374,6105
46375,6973
46376,8321
46377,11325
46378,7631
46379,7118
46380,10119
46381,10880
46382,10249
46383,11357
46384,6714
46385,9792
46386,8953
46387,10321
46388,11324
46389,12134
46390,4673
46391,10383
46392,9912
46393,10275
46394,11784
46395,6401
46396,5172
46397,13468
46398,10210
46399,11379
46400,7411
46401,7666
46402,11108
46403,5059
46404,8584
46405,7195
46406,10211
46407,8149
46408,8751
46409,11189
46410,7987
46411,11750
46412,14807
46413,18084
46414,9028
46415,5745
46416,8235
46417,6343
46418,4031
46419,12774
46420,10680
46421,8245
46422,12120
46423,7183
46424,11286
46425,6640
46426,8085
46427,8534
46428,11871
46429,7298
46430,8318
46431,7631
46432,7462
46433,8966
46434,6934
46435,10156
46436,10009
46437,11442
46438,10526
46439,8446
46440,7280
46441,13461
46442,5907
46443,7534
46444,13934
46445,8932
46446,11241
46447,10703
46448,17334
46449,7724
46450,6939
46451,6814
46452,9076
46453,10586
46454,14263
46455,9451
46456,10381
46457,10365
46458,5135
46459,9808
46460,8985
46461,9383
46462,10638
46463,7428
46464,6141
46465,6856
46466,4431
46467,6998
46468,11426
46469,9609
46470,13683
46471,22222
46472,9070
46473,6192
46474,10468
46475,8517
46476,11782
46477,5970
46478,7714
46479,5530
46480,11462
46481,8855
46482,8078
46483,17029
46484,14716
46485,6146
46486,9022
46487,5186
46488,6589
46489,6394
46490,11445
46491,6279
46492,6567
46493,7415
46494,8905
46495,7750
46496,5495
46497,7144
46498,9219
46499,9722
46500,9906
46501,4565
46502,14071
46503,19758
46504,4552
46505,9420
46506,11503
46507,9808
46508,6669
46509,3831
46510,6396
46511,9237
46512,6552
46513,9359
46514,11438
46515,5483
46516,7802
46517,9654
46518,8242
46519,6653
46520,8099
46521,10219
46522,11958
46523,9402
46524,12045
46525,7429
46526,4821
46527,7766
46528,7381
46529,10610
46530,8558
46531,6149
46532,22054
46533,9212
46534,7219
46535,14859
46536,9970
46537,10207
46538,7687
46539,8953
46540,6430
46541,11225
46542,15484
46543,7028
46544,7097
46545,7965
46546,16571
46547,8947
46548,6882
46549,7783
46550,7812
46551,7539
46552,5555
46553,10949
46554,5147
46555,8474
46556,3782
46557,23536
46558,11440
46559,5776
46560,6444
46561,12829
46562,9027
46563,10107
46564,10869
46565,8173
46566,7267
46567,5425
46568,12088
46569,6920
46570,9254
46571,8967
46572,10263
46573,5985
46574,9461
46575,8529
46576,4999
46577,10570
46578,12334
46579,6112
46580,9432
46581,10177
46582,6898
46583,11423
46584,7138
46585,8752
46586,9041
46587,10111
46588,4061
46589,6227
46590,7215
46591,0
46592,8075
46593,11148
46594,5654
46595,10519
46596,6159
46597,8223
46598,5342
46599,8122
46600,7194
46601,8370
46602,8903
46603,11839
46604,5874
46605,8577
46606,10233
46607,10171
46608,8065
46609,11747
46610,12170
46611,8532
46612,5018
46613,8613
46614,6638
46615,7860
46616,8461
46617,5360
46618,14421
46619,7329
46620,7997
46621,13486
46622,8750
46623,5674
46624,15315
46625,7889
46626,12317
46627,6621
46628,11337
46629,11818
46630,9413
46631,6553
46632,8930
46633,6779
46634,8582
46635,8251
46636,9926
46637,9273
46638,5840
46639,5530
46640,9125
46641,9882
46642,8466
46643,11472
46644,7734
46645,8983
46646,6392
46647,10525
46648,9150
46649,9096
46650,8219
46651,7819
46652,9835
46653,11089
46654,7786
46655,9893
46656,6678
46657,8254
46658,9072
46659,8567
46660,5208
46661,5284
46662,9990
46663,9898
46664,6968
46665,7827
46666,11212
46667,7780
46668,7262
46669,8445
46670,7123
46671,4317
46672,10129
46673,4815
46674,9189
46675,9146
46676,8923
46677,9527
46678,12757
46679,13185
46680,10153
46681,6073
46682,10130
46683,8766
46684,4924
46685,3423
46686,10619
46687,4839
46688,10997
46689,15717
46690,9887
46691,9051
46692,6268
46693,10190
46694,9055
46695,7859
46696,9565
46697,10242
46698,10711
46699,8332
46700,11509
46701,7038
46702,10047
46703,5450
46704,7225
46705,8613
46706,7181
46707,6868
46708,9634
46709,6603
46710,11669
46711,8353
46712,6758
46713,6189
46714,12276
46715,9858
46716,7181
46717,8712
46718,9308
46719,8450
46720,7616
46721,9229
46722,10452
46723,7235
46724,6031
46725,12918
46726,9588
46727,8063
46728,4877
46729,16175
46730,8662
46731,7773
46732,7690
46733,14202
46734,11986
46735,10146
46736,10089
46737,9186
46738,7110
46739,7826
46740,8885
46741,13170
46742,17350
46743,7644
46744,6182
46745,4654
46746,6151
46747,11977
46748,17596
46749,7387
46750,5842
46751,6617
46752,8188
46753,8019
46754,13053
46755,11433
46756,8200
46757,6093
46758,10431
46759,8616
46760,12386
46761,11727
46762,7193
46763,9730
46764,4988
46765,10364
46766,10996
46767,9486
46768,10988
46769,8272
46770,9852
46771,6042
46772,8462
46773,9772
46774,10354
46775,10676
46776,10875
46777,8676
46778,5372
46779,12607
46780,5981
46781,12329
46782,8254
46783,6005
46784,7315
46785,9762
46786,7414
46787,9295
46788,11923
46789,6708
46790,12094
46791,5782
46792,5803
46793,9875
46794,10385
46795,12830
46796,6822
46797,7614
46798,6930
46799,7832
46800,9153
46801,7406
46802,8797
46803,6811
46804,13038
46805,8095
46806,10278
46807,14627
46808,10793
46809,6250
46810,5319
46811,9045
46812,11088
46813,6479
46814,11217
46815,6510
46816,12260
46817,8502
46818,7954
46819,7184
46820,7379
46821,6015
46822,8590
46823,7162
46824,6403
46825,6256
46826,5727
46827,10738
46828,7851
46829,24943
46830,9689
