Id,OrderVolume
1,4325
2,2686
3,4264
4,9559
5,1993
6,2870
7,6067
8,3364
9,6929
10,4929
11,5256
12,6052
13,4411
14,3596
15,5704
16,5316
17,2554
18,4686
19,4514
20,5886
21,5040
22,3453
23,4576
24,7639
25,8129
26,5655
27,7370
28,2163
29,7680
30,3462
31,5319
32,2433
33,8262
34,7501
35,8810
36,9466
37,7092
38,6311
39,2935
40,4590
41,6038
42,7978
43,4337
44,3542
45,5728
46,5001
47,5420
48,2560
49,7563
50,4464
51,8134
52,6230
53,3422
54,8816
55,3147
56,9121
57,6034
58,6635
59,2498
60,5326
61,4823
62,3865
63,7488
64,10663
65,2950
66,6127
67,5554
68,8084
69,7199
70,5696
71,6918
72,2413
73,2483
74,4691
75,6008
76,8375
77,7666
78,2430
79,4194
80,8738
81,8988
82,5694
83,3310
84,11051
85,5373
86,3651
87,3712
88,2260
89,4554
90,7399
91,3536
92,5900
93,3098
94,5757
95,3950
96,1838
97,4294
98,5280
99,5959
100,8773
101,6843
102,5706
103,3802
104,11072
105,3480
106,6097
107,7358
108,12839
109,5110
110,2944
111,6723
112,5849
113,6382
114,4978
115,10476
116,5815
117,2241
118,7880
119,4603
120,5971
121,2330
122,7103
123,3692
124,2894
125,8233
126,4508
127,5257
128,7842
129,7483
130,4364
131,4996
132,7338
133,3312
134,3113
135,6706
136,4958
137,7055
138,3140
139,4502
140,6131
141,4328
142,3203
143,5376
144,5821
145,5850
146,7250
147,8026
148,7498
149,4118
150,7602
151,5461
152,3222
153,3698
154,8074
155,7234
156,2907
157,7200
158,9727
159,6793
160,4746
161,7223
162,7350
163,5623
164,4558
165,2868
166,5265
167,5195
168,4560
169,5365
170,3130
171,5879
172,7267
173,5960
174,6744
175,6173
176,2934
177,1583
178,6878
179,6261
180,7055
181,3480
182,5485
183,0
184,5561
185,5354
186,3743
187,4084
188,4876
189,7126
190,6693
191,7618
192,14251
193,3937
194,4727
195,10197
196,3560
197,5250
198,830
199,7857
200,6861
201,5592
202,6707
203,5520
204,4610
205,5151
206,5035
207,7698
208,3153
209,5083
210,2765
211,8843
212,3269
213,7666
214,10159
215,6302
216,5861
217,4335
218,2056
219,1891
220,3583
221,5398
222,3140
223,5431
224,7284
225,3868
226,5339
227,4688
228,8693
229,7807
230,7233
231,5183
232,3226
233,8236
234,9569
235,3574
236,4424
237,3808
238,5399
239,5459
240,3990
241,6720
242,3158
243,4959
244,4851
245,8684
246,5609
247,7117
248,6349
249,4572
250,8277
251,17466
252,8660
253,3805
254,3674
255,6592
256,7261
257,2872
258,4688
259,9278
260,6080
261,6715
262,16880
263,5511
264,5478
265,2747
266,2224
267,10401
268,3451
269,6577
270,8883
271,2766
272,3461
273,6331
274,3987
275,6489
276,1941
277,4984
278,4898
279,10393
280,5879
281,5880
282,3072
283,7794
284,5768
285,6790
286,1686
287,9271
288,5181
289,6009
290,4324
291,4402
292,3427
293,4630
294,3527
295,5445
296,4524
297,4910
298,8316
299,8009
300,7576
301,4105
302,4434
303,4459
304,4876
305,6722
306,3015
307,1260
308,6904
309,5549
310,7215
311,5457
312,4399
313,4470
314,3404
315,2493
316,8932
317,6286
318,4906
319,5364
320,11233
321,6215
322,1889
323,7496
324,1939
325,4205
326,6034
327,6134
328,2581
329,4362
330,4181
331,3728
332,1613
333,8086
334,4672
335,8837
336,10076
337,5806
338,5656
339,4229
340,4936
341,4889
342,11487
343,6431
344,6696
345,3029
346,5818
347,5777
348,8104
349,8850
350,7003
351,5593
352,6493
353,5074
354,8739
355,6050
356,6790
357,6080
358,9342
359,6961
360,4884
361,5633
362,8022
363,6105
364,3428
365,5413
366,3062
367,4915
368,8700
369,7033
370,7412
371,6070
372,8226
373,4692
374,4369
375,4172
376,5937
377,6036
378,6424
379,3142
380,13089
381,5075
382,5524
383,15634
384,5387
385,7437
386,6053
387,7022
388,8296
389,7280
390,9543
391,2813
392,4521
393,5547
394,8691
395,2657
396,5237
397,4527
398,5021
399,5464
400,5658
401,3320
402,5872
403,5335
404,2978
405,3114
406,7303
407,4318
408,4943
409,5492
410,5500
411,9382
412,12155
413,4949
414,7481
415,5513
416,9698
417,4797
418,2883
419,4030
420,5404
421,11941
422,4023
423,8751
424,7440
425,2173
426,3853
427,5857
428,6336
429,5043
430,8915
431,8904
432,7300
433,3819
434,12088
435,2201
436,3760
437,8636
438,4072
439,5509
440,3660
441,7170
442,4820
443,3815
444,13874
445,10608
446,2446
447,5076
448,5648
449,7376
450,9438
451,5220
452,2796
453,7901
454,2031
455,9610
456,4706
457,5631
458,9568
459,5559
460,1500
461,4857
462,2223
463,3860
464,11489
465,7815
466,4416
467,12521
468,7419
469,10473
470,11863
471,6896
472,4226
473,2145
474,4867
475,6501
476,2635
477,5768
478,4409
479,6995
480,2457
481,5391
482,8445
483,1671
484,9032
485,5988
486,2753
487,6913
488,3238
489,2973
490,9325
491,7067
492,6944
493,8024
494,5421
495,4895
496,6760
497,6968
498,8047
499,5511
500,6688
501,3628
502,8392
503,6129
504,5737
505,4008
506,4863
507,8280
508,5894
509,4080
510,5220
511,5231
512,5063
513,15601
514,5025
515,10324
516,4679
517,3574
518,6432
519,5319
520,3088
521,4819
522,8939
523,14315
524,6928
525,9418
526,6975
527,10757
528,8374
529,6999
530,5471
531,4303
532,10522
533,7684
534,7247
535,5458
536,5326
537,4936
538,2313
539,12219
540,6395
541,5757
542,4784
543,1509
544,8443
545,8014
546,11529
547,5830
548,4325
549,3757
550,6883
551,4797
552,4104
553,10494
554,4507
555,4413
556,5210
557,3636
558,2594
559,2233
560,14319
561,4882
562,12832
563,4229
564,6019
565,5267
566,3953
567,3190
568,6255
569,3218
570,2817
571,10429
572,6104
573,2703
574,8476
575,2557
576,5507
577,3567
578,9158
579,7536
580,8300
581,2346
582,5114
583,2643
584,4792
585,3387
586,16070
587,12000
588,4802
589,2847
590,5826
591,4211
592,2618
593,7257
594,2430
595,14016
596,4049
597,4814
598,5754
599,11562
600,6724
601,5015
602,5069
603,5910
604,6499
605,6722
606,3909
607,1195
608,4643
609,2953
610,2939
611,5607
612,6801
613,5610
614,5099
615,8039
616,5762
617,3187
618,7615
619,2249
620,9738
621,4951
622,2776
623,4606
624,4298
625,4753
626,7242
627,7072
628,3734
629,6049
630,2307
631,4683
632,7976
633,8864
634,3378
635,2053
636,5051
637,7245
638,6486
639,2625
640,11160
641,3653
642,3381
643,5559
644,9893
645,9279
646,4301
647,4389
648,6024
649,1488
650,6786
651,7222
652,4460
653,4452
654,2867
655,8344
656,2947
657,4242
658,3879
659,3528
660,2721
661,7460
662,6792
663,5535
664,3667
665,5090
666,7610
667,7637
668,7437
669,4980
670,5272
671,5629
672,8022
673,6781
674,5261
675,1963
676,6194
677,6203
678,6108
679,7705
680,5684
681,2837
682,7491
683,5421
684,10485
685,2779
686,2532
687,9258
688,1513
689,5265
690,4431
691,7898
692,3867
693,4442
694,8932
695,2674
696,6226
697,9743
698,14371
699,6526
700,2448
701,5431
702,3701
703,2304
704,7516
705,5003
706,6484
707,5098
708,5681
709,4915
710,4856
711,4843
712,4569
713,8771
714,5440
715,2381
716,6193
717,3890
718,5635
719,5852
720,5817
721,7640
722,7968
723,8091
724,5887
725,5024
726,5857
727,2978
728,5725
729,8789
730,6678
731,6899
732,5892
733,13926
734,3302
735,3521
736,4702
737,4082
738,8895
739,10032
740,7840
741,7251
742,7536
743,1917
744,7848
745,3135
746,6359
747,5947
748,5336
749,2025
750,5080
751,3681
752,3150
753,7059
754,4567
755,8617
756,17122
757,5536
758,3007
759,4652
760,8293
761,6503
762,4342
763,5483
764,2013
765,6000
766,6930
767,3298
768,10444
769,11630
770,3055
771,5531
772,3754
773,3712
774,4102
775,8689
776,3854
777,4580
778,4490
779,2720
780,2562
781,2497
782,5444
783,5681
784,4558
785,7468
786,1137
787,7495
788,15022
789,3208
790,8190
791,7030
792,4514
793,4307
794,2452
795,4277
796,4767
797,5288
798,3035
799,9550
800,4362
801,3854
802,6171
803,4964
804,5959
805,4841
806,5909
807,10248
808,4533
809,7076
810,5942
811,3685
812,3158
813,4475
814,5645
815,6092
816,3647
817,12814
818,5189
819,4786
820,11662
821,4614
822,6668
823,4419
824,5197
825,5078
826,6822
827,14905
828,2931
829,5422
830,3350
831,9251
832,6811
833,4928
834,3635
835,4149
836,2525
837,1990
838,6703
839,2134
840,3685
841,1235
842,20640
843,8625
844,2209
845,5485
846,5996
847,6527
848,5176
849,8091
850,5518
851,6029
852,2754
853,7517
854,6165
855,3965
856,6044
857,9173
858,4411
859,8317
860,6368
861,3234
862,5572
863,6356
864,2659
865,8984
866,6705
867,4590
868,10086
869,3744
870,5073
871,8451
872,6629
873,2308
874,4835
875,3724
876,3190
877,4833
878,5668
879,3486
880,5992
881,2309
882,5628
883,2991
884,5629
885,5634
886,4729
887,5797
888,8793
889,2645
890,5672
891,6697
892,3128
893,5514
894,6187
895,9028
896,6560
897,3769
898,2076
899,2022
900,5476
901,4721
902,3897
903,11808
904,5360
905,5817
906,8415
907,6916
908,2176
909,10058
910,4359
911,7891
912,6547
913,7360
914,5926
915,8389
916,5262
917,4169
918,2751
919,3315
920,6078
921,4356
922,8130
923,5049
924,2926
925,7530
926,7272
927,4695
928,7131
929,4417
930,7071
931,3008
932,4826
933,3727
934,4828
935,3332
936,6367
937,7464
938,7908
939,6257
940,5499
941,4089
942,6215
943,6964
944,7015
945,2847
946,2915
947,8493
948,6154
949,2934
950,3980
951,7668
952,6536
953,2418
954,6095
955,4820
956,1746
957,4980
958,2788
959,4225
960,6417
961,6019
962,5188
963,3975
964,8133
965,6175
966,3703
967,5475
968,5089
969,3043
970,1135
971,7132
972,1490
973,5559
974,9316
975,5641
976,4375
977,3055
978,5374
979,5170
980,4843
981,5566
982,6136
983,7781
984,6158
985,8478
986,3856
987,3793
988,4436
989,3562
990,5230
991,6737
992,3454
993,5237
994,2759
995,7773
996,4538
997,4309
998,3891
999,5348
1000,7404
1001,3386
1002,6614
1003,4617
1004,5274
1005,5337
1006,5810
1007,7671
1008,4555
1009,3647
1010,9547
1011,6391
1012,6588
1013,2012
1014,4306
1015,5119
1016,3972
1017,4696
1018,10329
1019,7869
1020,9199
1021,9601
1022,6252
1023,5262
1024,5910
1025,6124
1026,7305
1027,10142
1028,3150
1029,1793
1030,1443
1031,4096
1032,4952
1033,9647
1034,2376
1035,1877
1036,5337
1037,5594
1038,5729
1039,8499
1040,6787
1041,6341
1042,2681
1043,7478
1044,5935
1045,5977
1046,6726
1047,3477
1048,6198
1049,2981
1050,6567
1051,5482
1052,5232
1053,6169
1054,3768
1055,6268
1056,5189
1057,6793
1058,4843
1059,8111
1060,5328
1061,8579
1062,5089
1063,3513
1064,8161
1065,2718
1066,10541
1067,5884
1068,4664
1069,3166
1070,6893
1071,4530
1072,4488
1073,6583
1074,4336
1075,12529
1076,3034
1077,3024
1078,5289
1079,6057
1080,10418
1081,2809
1082,4549
1083,5975
1084,5557
1085,4674
1086,3396
1087,6098
1088,3206
1089,10572
1090,2705
1091,6762
1092,13477
1093,7329
1094,6295
1095,3132
1096,4993
1097,7878
1098,2674
1099,6790
1100,2839
1101,8155
1102,6528
1103,5572
1104,5778
1105,4831
1106,2873
1107,5382
1108,2193
1109,3667
1110,3183
1111,2853
1112,7716
1113,5473
1114,21069
1115,7471
1116,0
1117,0
1118,0
1119,0
1120,0
1121,0
1122,0
1123,0
1124,0
1125,0
1126,0
1127,0
1128,0
1129,0
1130,0
1131,0
1132,0
1133,0
1134,0
1135,0
1136,0
1137,0
1138,0
1139,0
1140,0
1141,0
1142,0
1143,0
1144,0
1145,0
1146,0
1147,0
1148,0
1149,0
1150,0
1151,0
1152,0
1153,0
1154,0
1155,0
1156,0
1157,0
1158,0
1159,0
1160,0
1161,0
1162,0
1163,0
1164,0
1165,0
1166,0
1167,0
1168,0
1169,0
1170,0
1171,0
1172,0
1173,0
1174,0
1175,0
1176,0
1177,0
1178,0
1179,0
1180,0
1181,0
1182,0
1183,0
1184,0
1185,0
1186,0
1187,0
1188,0
1189,0
1190,0
1191,0
1192,0
1193,0
1194,0
1195,0
1196,0
1197,0
1198,0
1199,0
1200,11852
1201,0
1202,0
1203,0
1204,0
1205,0
1206,0
1207,0
1208,0
1209,0
1210,0
1211,0
1212,0
1213,0
1214,0
1215,0
1216,0
1217,0
1218,0
1219,0
1220,0
1221,0
1222,0
1223,0
1224,0
1225,0
1226,0
1227,0
1228,0
1229,0
1230,0
1231,0
1232,0
1233,0
1234,0
1235,0
1236,0
1237,3016
1238,0
1239,0
1240,0
1241,0
1242,0
1243,0
1244,0
1245,0
1246,0
1247,0
1248,0
1249,0
1250,0
1251,0
1252,0
1253,0
1254,0
1255,0
1256,0
1257,0
1258,0
1259,0
1260,0
1261,0
1262,0
1263,0
1264,0
1265,0
1266,0
1267,0
1268,0
1269,0
1270,0
1271,0
1272,0
1273,0
1274,0
1275,0
1276,0
1277,0
1278,0
1279,0
1280,0
1281,0
1282,0
1283,0
1284,0
1285,0
1286,0
1287,0
1288,0
1289,0
1290,0
1291,0
1292,0
1293,0
1294,0
1295,0
1296,0
1297,0
1298,0
1299,0
1300,0
1301,0
1302,0
1303,0
1304,0
1305,0
1306,0
1307,0
1308,0
1309,0
1310,0
1311,0
1312,0
1313,0
1314,0
1315,0
1316,0
1317,0
1318,0
1319,0
1320,0
1321,0
1322,0
1323,0
1324,2133
1325,0
1326,0
1327,0
1328,0
1329,0
1330,0
1331,0
1332,0
1333,0
1334,0
1335,0
1336,0
1337,0
1338,0
1339,0
1340,0
1341,0
1342,0
1343,0
1344,0
1345,0
1346,0
1347,0
1348,0
1349,0
1350,0
1351,0
1352,0
1353,0
1354,0
1355,0
1356,0
1357,0
1358,0
1359,0
1360,0
1361,0
1362,0
1363,0
1364,0
1365,0
1366,0
1367,0
1368,0
1369,0
1370,0
1371,0
1372,0
1373,0
1374,16267
1375,0
1376,0
1377,29087
1378,0
1379,0
1380,0
1381,0
1382,0
1383,0
1384,0
1385,0
1386,0
1387,0
1388,0
1389,7652
1390,0
1391,0
1392,0
1393,0
1394,0
1395,0
1396,0
1397,0
1398,0
1399,0
1400,0
1401,0
1402,0
1403,0
1404,0
1405,0
1406,0
1407,0
1408,0
1409,0
1410,0
1411,0
1412,0
1413,0
1414,3757
1415,0
1416,0
1417,0
1418,0
1419,0
1420,0
1421,0
1422,0
1423,0
1424,0
1425,2402
1426,0
1427,0
1428,0
1429,0
1430,0
1431,0
1432,0
1433,0
1434,0
1435,0
1436,0
1437,0
1438,0
1439,0
1440,0
1441,0
1442,0
1443,0
1444,0
1445,0
1446,0
1447,0
1448,0
1449,0
1450,8026
1451,0
1452,0
1453,0
1454,0
1455,0
1456,0
1457,0
1458,0
1459,0
1460,0
1461,0
1462,0
1463,0
1464,0
1465,0
1466,0
1467,0
1468,8624
1469,0
1470,0
1471,0
1472,0
1473,0
1474,0
1475,0
1476,0
1477,0
1478,0
1479,0
1480,0
1481,0
1482,0
1483,0
1484,0
1485,0
1486,0
1487,0
1488,0
1489,0
1490,0
1491,0
1492,0
1493,0
1494,0
1495,0
1496,0
1497,0
1498,0
1499,0
1500,0
1501,0
1502,0
1503,0
1504,0
1505,0
1506,0
1507,0
1508,0
1509,0
1510,0
1511,0
1512,0
1513,0
1514,0
1515,0
1516,0
1517,0
1518,0
1519,0
1520,0
1521,0
1522,0
1523,0
1524,0
1525,0
1526,0
1527,0
1528,0
1529,0
1530,0
1531,0
1532,0
1533,0
1534,0
1535,0
1536,0
1537,0
1538,14525
1539,0
1540,0
1541,0
1542,0
1543,0
1544,0
1545,0
1546,0
1547,0
1548,1618
1549,0
1550,0
1551,0
1552,0
1553,0
1554,0
1555,0
1556,0
1557,0
1558,0
1559,0
1560,0
1561,0
1562,0
1563,0
1564,0
1565,0
1566,0
1567,0
1568,4263
1569,0
1570,0
1571,0
1572,0
1573,0
1574,0
1575,0
1576,0
1577,0
1578,0
1579,0
1580,0
1581,0
1582,0
1583,0
1584,0
1585,0
1586,0
1587,0
1588,0
1589,0
1590,0
1591,0
1592,0
1593,0
1594,0
1595,0
1596,0
1597,0
1598,0
1599,0
1600,0
1601,0
1602,0
1603,0
1604,0
1605,0
1606,0
1607,0
1608,0
1609,7774
1610,0
1611,0
1612,0
1613,0
1614,0
1615,0
1616,0
1617,0
1618,0
1619,0
1620,0
1621,0
1622,0
1623,0
1624,0
1625,0
1626,0
1627,7474
1628,0
1629,0
1630,0
1631,0
1632,0
1633,0
1634,0
1635,0
1636,0
1637,0
1638,0
1639,2102
1640,0
1641,0
1642,0
1643,0
1644,0
1645,4615
1646,0
1647,0
1648,0
1649,0
1650,0
1651,0
1652,0
1653,0
1654,0
1655,0
1656,0
1657,0
1658,0
1659,0
1660,0
1661,0
1662,0
1663,0
1664,0
1665,0
1666,0
1667,0
1668,0
1669,0
1670,0
1671,0
1672,0
1673,0
1674,0
1675,0
1676,0
1677,18516
1678,0
1679,0
1680,0
1681,0
1682,0
1683,0
1684,0
1685,0
1686,0
1687,0
1688,0
1689,0
1690,0
1691,0
1692,0
1693,5344
1694,0
1695,0
1696,0
1697,0
1698,0
1699,0
1700,0
1701,0
1702,0
1703,0
1704,0
1705,0
1706,0
1707,0
1708,0
1709,0
1710,0
1711,0
1712,0
1713,0
1714,0
1715,0
1716,0
1717,0
1718,0
1719,0
1720,0
1721,0
1722,0
1723,0
1724,0
1725,0
1726,0
1727,0
1728,0
1729,0
1730,0
1731,0
1732,0
1733,0
1734,0
1735,0
1736,0
1737,0
1738,0
1739,0
1740,0
1741,0
1742,0
1743,0
1744,0
1745,0
1746,0
1747,0
1748,0
1749,0
1750,0
1751,0
1752,0
1753,0
1754,0
1755,0
1756,0
1757,0
1758,0
1759,0
1760,0
1761,0
1762,0
1763,0
1764,0
1765,0
1766,0
1767,0
1768,0
1769,0
1770,0
1771,0
1772,0
1773,0
1774,0
1775,0
1776,0
1777,0
1778,0
1779,0
1780,0
1781,0
1782,0
1783,0
1784,0
1785,0
1786,0
1787,0
1788,0
1789,0
1790,0
1791,12971
1792,0
1793,0
1794,0
1795,0
1796,0
1797,7123
1798,0
1799,0
1800,0
1801,0
1802,0
1803,0
1804,0
1805,0
1806,0
1807,0
1808,0
1809,0
1810,0
1811,0
1812,0
1813,0
1814,0
1815,0
1816,0
1817,0
1818,0
1819,0
1820,0
1821,0
1822,0
1823,0
1824,0
1825,0
1826,0
1827,0
1828,0
1829,0
1830,0
1831,0
1832,0
1833,0
1834,0
1835,0
1836,0
1837,0
1838,0
1839,0
1840,0
1841,0
1842,0
1843,0
1844,0
1845,0
1846,0
1847,2762
1848,15723
1849,0
1850,0
1851,0
1852,0
1853,0
1854,0
1855,0
1856,0
1857,0
1858,0
1859,0
1860,0
1861,0
1862,0
1863,0
1864,0
1865,0
1866,0
1867,0
1868,0
1869,0
1870,0
1871,0
1872,0
1873,0
1874,0
1875,0
1876,0
1877,0
1878,0
1879,0
1880,0
1881,0
1882,0
1883,0
1884,11835
1885,0
1886,0
1887,0
1888,0
1889,0
1890,0
1891,0
1892,0
1893,0
1894,0
1895,0
1896,0
1897,0
1898,0
1899,0
1900,0
1901,0
1902,0
1903,0
1904,0
1905,0
1906,0
1907,0
1908,0
1909,0
1910,0
1911,0
1912,0
1913,0
1914,0
1915,0
1916,0
1917,0
1918,0
1919,0
1920,0
1921,0
1922,0
1923,0
1924,0
1925,0
1926,0
1927,0
1928,0
1929,0
1930,0
1931,0
1932,0
1933,0
1934,0
1935,0
1936,0
1937,0
1938,0
1939,0
1940,0
1941,0
1942,0
1943,0
1944,0
1945,0
1946,0
1947,0
1948,0
1949,0
1950,0
1951,0
1952,0
1953,0
1954,0
1955,0
1956,0
1957,0
1958,0
1959,0
1960,0
1961,0
1962,0
1963,0
1964,0
1965,0
1966,0
1967,0
1968,0
1969,0
1970,0
1971,0
1972,0
1973,0
1974,0
1975,0
1976,0
1977,0
1978,2320
1979,0
1980,0
1981,0
1982,1758
1983,0
1984,0
1985,0
1986,0
1987,0
1988,0
1989,0
1990,0
1991,0
1992,0
1993,0
1994,0
1995,0
1996,0
1997,0
1998,0
1999,0
2000,0
2001,0
2002,0
2003,0
2004,0
2005,0
2006,0
2007,0
2008,0
2009,0
2010,0
2011,0
2012,0
2013,0
2014,0
2015,0
2016,0
2017,0
2018,0
2019,0
2020,0
2021,0
2022,0
2023,0
2024,0
2025,0
2026,0
2027,0
2028,0
2029,0
2030,0
2031,0
2032,0
2033,0
2034,0
2035,0
2036,0
2037,0
2038,0
2039,0
2040,0
2041,0
2042,0
2043,0
2044,0
2045,0
2046,2090
2047,0
2048,0
2049,0
2050,0
2051,0
2052,0
2053,0
2054,0
2055,0
2056,0
2057,0
2058,0
2059,0
2060,0
2061,0
2062,0
2063,11673
2064,0
2065,0
2066,0
2067,0
2068,0
2069,0
2070,0
2071,0
2072,0
2073,0
2074,0
2075,0
2076,0
2077,0
2078,0
2079,0
2080,0
2081,0
2082,0
2083,0
2084,0
2085,0
2086,0
2087,0
2088,0
2089,0
2090,0
2091,0
2092,0
2093,0
2094,0
2095,0
2096,0
2097,0
2098,0
2099,0
2100,0
2101,0
2102,0
2103,0
2104,0
2105,0
2106,0
2107,0
2108,0
2109,0
2110,0
2111,0
2112,0
2113,0
2114,0
2115,0
2116,0
2117,0
2118,0
2119,0
2120,0
2121,0
2122,0
2123,0
2124,0
2125,0
2126,0
2127,0
2128,0
2129,0
2130,0
2131,0
2132,0
2133,0
2134,0
2135,0
2136,0
2137,0
2138,0
2139,0
2140,0
2141,0
2142,0
2143,0
2144,0
2145,0
2146,0
2147,0
2148,0
2149,0
2150,0
2151,0
2152,0
2153,0
2154,0
2155,0
2156,0
2157,0
2158,0
2159,0
2160,3678
2161,0
2162,0
2163,0
2164,0
2165,0
2166,0
2167,0
2168,0
2169,0
2170,0
2171,0
2172,0
2173,0
2174,0
2175,0
2176,0
2177,0
2178,0
2179,0
2180,0
2181,0
2182,0
2183,0
2184,0
2185,0
2186,0
2187,0
2188,0
2189,0
2190,0
2191,0
2192,0
2193,0
2194,0
2195,0
2196,5009
2197,0
2198,0
2199,0
2200,0
2201,0
2202,0
2203,0
2204,0
2205,0
2206,0
2207,0
2208,0
2209,0
2210,0
2211,0
2212,13295
2213,0
2214,4255
2215,0
2216,0
2217,0
2218,0
2219,0
2220,0
2221,0
2222,0
2223,0
2224,0
2225,0
2226,0
2227,0
2228,0
2229,0
2230,0
2231,3804
2232,4160
2233,5938
2234,8704
2235,4119
2236,4313
2237,8503
2238,5626
2239,6982
2240,5751
2241,6509
2242,6454
2243,3689
2244,5513
2245,5902
2246,7568
2247,5161
2248,6229
2249,6441
2250,8267
2251,4164
2252,4090
2253,4398
2254,8586
2255,10192
2256,5294
2257,8090
2258,3963
2259,7076
2260,3274
2261,4788
2262,3791
2263,7536
2264,7749
2265,9467
2266,8935
2267,4970
2268,4724
2269,4129
2270,3654
2271,5286
2272,8953
2273,5976
2274,4629
2275,4385
2276,4119
2277,6545
2278,3288
2279,6380
2280,3563
2281,6245
2282,5191
2283,4553
2284,5993
2285,4555
2286,6847
2287,7439
2288,5948
2289,5166
2290,7400
2291,4612
2292,6707
2293,5706
2294,9092
2295,4204
2296,5591
2297,7166
2298,6435
2299,7317
2300,5611
2301,7639
2302,3734
2303,4490
2304,5389
2305,5574
2306,7992
2307,6369
2308,2905
2309,4833
2310,6693
2311,6662
2312,7930
2313,3826
2314,11983
2315,6689
2316,3887
2317,6368
2318,5386
2319,5941
2320,7456
2321,3742
2322,5061
2323,5382
2324,6365
2325,5978
2326,4545
2327,5879
2328,4733
2329,4713
2330,7532
2331,6457
2332,5707
2333,4649
2334,9961
2335,4803
2336,8548
2337,6877
2338,11244
2339,6020
2340,4336
2341,5415
2342,5999
2343,5230
2344,4243
2345,6832
2346,7163
2347,3684
2348,6921
2349,5557
2350,6437
2351,4197
2352,6815
2353,7174
2354,4596
2355,10854
2356,4664
2357,4118
2358,6930
2359,7759
2360,5103
2361,4643
2362,6338
2363,5279
2364,4928
2365,5204
2366,4421
2367,7650
2368,6868
2369,6272
2370,6981
2371,4589
2372,4516
2373,5294
2374,6168
2375,6417
2376,7106
2377,7214
2378,8817
2379,4853
2380,7233
2381,5939
2382,4734
2383,5440
2384,7905
2385,5714
2386,5426
2387,8756
2388,6902
2389,6207
2390,4506
2391,7083
2392,6004
2393,6860
2394,5841
2395,3725
2396,4718
2397,7546
2398,6860
2399,5037
2400,3278
2401,7631
2402,6759
2403,7273
2404,5992
2405,5350
2406,4748
2407,3480
2408,8445
2409,6136
2410,6280
2411,5314
2412,4481
2413,0
2414,5921
2415,5193
2416,3370
2417,5607
2418,4094
2419,7270
2420,7114
2421,6182
2422,9917
2423,4082
2424,4241
2425,9274
2426,4677
2427,5421
2428,1946
2429,6930
2430,7456
2431,4350
2432,5754
2433,5601
2434,5407
2435,5472
2436,7442
2437,9656
2438,2466
2439,5578
2440,2647
2441,12784
2442,4006
2443,7127
2444,7975
2445,4921
2446,5792
2447,4395
2448,4694
2449,3187
2450,4141
2451,5210
2452,4742
2453,6146
2454,6301
2455,4287
2456,6295
2457,6123
2458,7420
2459,7472
2460,7137
2461,3965
2462,3103
2463,8776
2464,8983
2465,4488
2466,7096
2467,5110
2468,6882
2469,4496
2470,4814
2471,5944
2472,3089
2473,5299
2474,4123
2475,8919
2476,6514
2477,6652
2478,6766
2479,4802
2480,6972
2481,17932
2482,8310
2483,4719
2484,2409
2485,5474
2486,6699
2487,4975
2488,5640
2489,12758
2490,6222
2491,8888
2492,18228
2493,3738
2494,5971
2495,4499
2496,4044
2497,6799
2498,4331
2499,7529
2500,9390
2501,6655
2502,5297
2503,6892
2504,4349
2505,5624
2506,3458
2507,5278
2508,6717
2509,8004
2510,5506
2511,5003
2512,4365
2513,6847
2514,4256
2515,4907
2516,3122
2517,7446
2518,4570
2519,5311
2520,6534
2521,6889
2522,6181
2523,5174
2524,5569
2525,4899
2526,6078
2527,6224
2528,7588
2529,7404
2530,6385
2531,4996
2532,2981
2533,5368
2534,5976
2535,5324
2536,4341
2537,1977
2538,7428
2539,5599
2540,7417
2541,6305
2542,4496
2543,5663
2544,4534
2545,4141
2546,8645
2547,4752
2548,6046
2549,6756
2550,13278
2551,4652
2552,4419
2553,6661
2554,4745
2555,5211
2556,4613
2557,6673
2558,4308
2559,6385
2560,3470
2561,5230
2562,3776
2563,9067
2564,4687
2565,13132
2566,11148
2567,4445
2568,5990
2569,4899
2570,5665
2571,5144
2572,10177
2573,6371
2574,7476
2575,3999
2576,7057
2577,4468
2578,7912
2579,8690
2580,5686
2581,5305
2582,5705
2583,6458
2584,7178
2585,8271
2586,5492
2587,6550
2588,8838
2589,5894
2590,6208
2591,4479
2592,8709
2593,6797
2594,4650
2595,4322
2596,5456
2597,4342
2598,7735
2599,5368
2600,6738
2601,5316
2602,7872
2603,4004
2604,7247
2605,7622
2606,7075
2607,6832
2608,5844
2609,3566
2610,11905
2611,9328
2612,6116
2613,15261
2614,8491
2615,5793
2616,5723
2617,7484
2618,9281
2619,10084
2620,9963
2621,5075
2622,6938
2623,4915
2624,7241
2625,3976
2626,9370
2627,4938
2628,4232
2629,5613
2630,7632
2631,7052
2632,4648
2633,7602
2634,4658
2635,3662
2636,5846
2637,3755
2638,4018
2639,4982
2640,5438
2641,7761
2642,8055
2643,6934
2644,6030
2645,4934
2646,10017
2647,6147
2648,4424
2649,4849
2650,4614
2651,7795
2652,4156
2653,10881
2654,6828
2655,3262
2656,4394
2657,5978
2658,5679
2659,4341
2660,7554
2661,8965
2662,11203
2663,5058
2664,8917
2665,3140
2666,4828
2667,5738
2668,4458
2669,6061
2670,4770
2671,5723
2672,3286
2673,4219
2674,9478
2675,7538
2676,4110
2677,5344
2678,7979
2679,9376
2680,6668
2681,5165
2682,3813
2683,8530
2684,5308
2685,6433
2686,5277
2687,4555
2688,6178
2689,7312
2690,3022
2691,3667
2692,4304
2693,6194
2694,8967
2695,6530
2696,6948
2697,11752
2698,4441
2699,8752
2700,10587
2701,6098
2702,4525
2703,2985
2704,6693
2705,5652
2706,5511
2707,5191
2708,5814
2709,9689
2710,4737
2711,4672
2712,5903
2713,4432
2714,6221
2715,4608
2716,3931
2717,5618
2718,3201
2719,6052
2720,7519
2721,5798
2722,6613
2723,7375
2724,7130
2725,4441
2726,6768
2727,7825
2728,6939
2729,5113
2730,5628
2731,4320
2732,9193
2733,5174
2734,5942
2735,4666
2736,6189
2737,7568
2738,6086
2739,5479
2740,7737
2741,5184
2742,6010
2743,16029
2744,5257
2745,7771
2746,5193
2747,5089
2748,4862
2749,4219
2750,3803
2751,4157
2752,7733
2753,12690
2754,7532
2755,8622
2756,8885
2757,9820
2758,9165
2759,6829
2760,5547
2761,5142
2762,11247
2763,9571
2764,6010
2765,7838
2766,7276
2767,5616
2768,4029
2769,10337
2770,5662
2771,5869
2772,5589
2773,1940
2774,11541
2775,9213
2776,14006
2777,5426
2778,4139
2779,4483
2780,5366
2781,5966
2782,6170
2783,5993
2784,5572
2785,4005
2786,6247
2787,3510
2788,2696
2789,5376
2790,11948
2791,6041
2792,16539
2793,4031
2794,5516
2795,5918
2796,4780
2797,4644
2798,4609
2799,4883
2800,3514
2801,6973
2802,5996
2803,3394
2804,7858
2805,4251
2806,5134
2807,4306
2808,8413
2809,6386
2810,9613
2811,4446
2812,5846
2813,3822
2814,4101
2815,3880
2816,13566
2817,8680
2818,5639
2819,4148
2820,4495
2821,5373
2822,4177
2823,8419
2824,4509
2825,12861
2826,4012
2827,4793
2828,5372
2829,8441
2830,5922
2831,4135
2832,5828
2833,5964
2834,6209
2835,5804
2836,5339
2837,3034
2838,8392
2839,5036
2840,3634
2841,5451
2842,5369
2843,5545
2844,6049
2845,7761
2846,7616
2847,5976
2848,6215
2849,3821
2850,7650
2851,5074
2852,3930
2853,6506
2854,6549
2855,5961
2856,7335
2857,5478
2858,5387
2859,5699
2860,5205
2861,5201
2862,6731
2863,6260
2864,5650
2865,4770
2866,4682
2867,7842
2868,5274
2869,3742
2870,10461
2871,4636
2872,3044
2873,6234
2874,7812
2875,8347
2876,4834
2877,4991
2878,5725
2879,3263
2880,5670
2881,7234
2882,5681
2883,5205
2884,6327
2885,7247
2886,2857
2887,4705
2888,5093
2889,5045
2890,4217
2891,6438
2892,6486
2893,5597
2894,4305
2895,7139
2896,5384
2897,7311
2898,7517
2899,4224
2900,6031
2901,6177
2902,6964
2903,6539
2904,7430
2905,3086
2906,8626
2907,5905
2908,6588
2909,9525
2910,4261
2911,3433
2912,10951
2913,7612
2914,7243
2915,5006
2916,5445
2917,8143
2918,2919
2919,5694
2920,4914
2921,6797
2922,5612
2923,4454
2924,6967
2925,4663
2926,7881
2927,9563
2928,16200
2929,6290
2930,4033
2931,4691
2932,3488
2933,2942
2934,10743
2935,7279
2936,4907
2937,7992
2938,4744
2939,10594
2940,3880
2941,5084
2942,5290
2943,7499
2944,4562
2945,5370
2946,4916
2947,4132
2948,6843
2949,4434
2950,5914
2951,6886
2952,8135
2953,6455
2954,6891
2955,5128
2956,9315
2957,4280
2958,4652
2959,9490
2960,6198
2961,7719
2962,6751
2963,14798
2964,4792
2965,4206
2966,4291
2967,5373
2968,7778
2969,8579
2970,5947
2971,6714
2972,7011
2973,3210
2974,7040
2975,6393
2976,5312
2977,6560
2978,4738
2979,4287
2980,4148
2981,3953
2982,4145
2983,7313
2984,6228
2985,9605
2986,14580
2987,6068
2988,4462
2989,6007
2990,7707
2991,8532
2992,3525
2993,5288
2994,3509
2995,8225
2996,5690
2997,5356
2998,11292
2999,12205
3000,4059
3001,6624
3002,3605
3003,5062
3004,5606
3005,7604
3006,4256
3007,3774
3008,4709
3009,6220
3010,5680
3011,4137
3012,5177
3013,6293
3014,5704
3015,5913
3016,3346
3017,9266
3018,17872
3019,3833
3020,6388
3021,7615
3022,5633
3023,3991
3024,3523
3025,3556
3026,7139
3027,4182
3028,6638
3029,9103
3030,3990
3031,4503
3032,5320
3033,4944
3034,4280
3035,4802
3036,5497
3037,9305
3038,6857
3039,7858
3040,5027
3041,4017
3042,6114
3043,5835
3044,7213
3045,5456
3046,4453
3047,21660
3048,5645
3049,5402
3050,10761
3051,6326
3052,5815
3053,5599
3054,6560
3055,4102
3056,8970
3057,12874
3058,4606
3059,4681
3060,5683
3061,11332
3062,5189
3063,4529
3064,5578
3065,4738
3066,6103
3067,3609
3068,7675
3069,3548
3070,6522
3071,2280
3072,16854
3073,7509
3074,3644
3075,4350
3076,7926
3077,5441
3078,5748
3079,6876
3080,5195
3081,4936
3082,3926
3083,8421
3084,4941
3085,5217
3086,6300
3087,6620
3088,5017
3089,7278
3090,5150
3091,3462
3092,7568
3093,7385
3094,4232
3095,7017
3096,5655
3097,3988
3098,8724
3099,5133
3100,6851
3101,5668
3102,7298
3103,3844
3104,4450
3105,4029
3106,7770
3107,5690
3108,7573
3109,3253
3110,7387
3111,3350
3112,5802
3113,4843
3114,5399
3115,5797
3116,6292
3117,5697
3118,7569
3119,3250
3120,5380
3121,6434
3122,6364
3123,5847
3124,6780
3125,9118
3126,6265
3127,2580
3128,5935
3129,4754
3130,5873
3131,6225
3132,3732
3133,10349
3134,4540
3135,6292
3136,9077
3137,5806
3138,3527
3139,10922
3140,4754
3141,9073
3142,4898
3143,6887
3144,7998
3145,5323
3146,5021
3147,5820
3148,4617
3149,5092
3150,5255
3151,9799
3152,6705
3153,5372
3154,4247
3155,5495
3156,6433
3157,5797
3158,6081
3159,5490
3160,5988
3161,3865
3162,6821
3163,7066
3164,6073
3165,5127
3166,6312
3167,6196
3168,8600
3169,4971
3170,6655
3171,4658
3172,5202
3173,6525
3174,5648
3175,4146
3176,3819
3177,6562
3178,8073
3179,4488
3180,5178
3181,6987
3182,5258
3183,4696
3184,5305
3185,4126
3186,3162
3187,7223
3188,3962
3189,6890
3190,5575
3191,5736
3192,5665
3193,9588
3194,7477
3195,6301
3196,4818
3197,7330
3198,7544
3199,3583
3200,3228
3201,6732
3202,2916
3203,6137
3204,11584
3205,6801
3206,6271
3207,3781
3208,6479
3209,5635
3210,5609
3211,6255
3212,6989
3213,6918
3214,5030
3215,6997
3216,4187
3217,6252
3218,4840
3219,5147
3220,4853
3221,5146
3222,5381
3223,6564
3224,4179
3225,8502
3226,6338
3227,3808
3228,4180
3229,7255
3230,6322
3231,4833
3232,5956
3233,5939
3234,4278
3235,5784
3236,5323
3237,5594
3238,4528
3239,4713
3240,7313
3241,5811
3242,5177
3243,3513
3244,8806
3245,5482
3246,4514
3247,6106
3248,9585
3249,6935
3250,7365
3251,8886
3252,6125
3253,4764
3254,4905
3255,7111
3256,7553
3257,10247
3258,3927
3259,5867
3260,2861
3261,4099
3262,7946
3263,12848
3264,5589
3265,4125
3266,4477
3267,5606
3268,4840
3269,6734
3270,7511
3271,5133
3272,3596
3273,6211
3274,4951
3275,7969
3276,7477
3277,4332
3278,6063
3279,3526
3280,5958
3281,7017
3282,6564
3283,7314
3284,5461
3285,6265
3286,3894
3287,5334
3288,6612
3289,7343
3290,6429
3291,7065
3292,4913
3293,4124
3294,8636
3295,4159
3296,10814
3297,5446
3298,3762
3299,5473
3300,5386
3301,5821
3302,7230
3303,8386
3304,4072
3305,11956
3306,3829
3307,4213
3308,5682
3309,6756
3310,9849
3311,6706
3312,5307
3313,4887
3314,5836
3315,6206
3316,4323
3317,5564
3318,4653
3319,9078
3320,5641
3321,7412
3322,11263
3323,7384
3324,4377
3325,4428
3326,5228
3327,10234
3328,5368
3329,7490
3330,3760
3331,8800
3332,6081
3333,4404
3334,4376
3335,4011
3336,4683
3337,4827
3338,4978
3339,4324
3340,3993
3341,4394
3342,7607
3343,5688
3344,19656
3345,5498
3346,3541
3347,4108
3348,5887
3349,7919
3350,3954
3351,4023
3352,8216
3353,5474
3354,6332
3355,5400
3356,6191
3357,5997
3358,3365
3359,5019
3360,5600
3361,7159
3362,5202
3363,5681
3364,6172
3365,7761
3366,3929
3367,3815
3368,4157
3369,8237
3370,9064
3371,4841
3372,8108
3373,3929
3374,6517
3375,3498
3376,4493
3377,3523
3378,6993
3379,7074
3380,9015
3381,8182
3382,4610
3383,4556
3384,4040
3385,3726
3386,4911
3387,8449
3388,5550
3389,4309
3390,3952
3391,3933
3392,6160
3393,3087
3394,6168
3395,3248
3396,5683
3397,4590
3398,4306
3399,5527
3400,4263
3401,6576
3402,6968
3403,5705
3404,4853
3405,7272
3406,4094
3407,6323
3408,5173
3409,8536
3410,4333
3411,5154
3412,6686
3413,5892
3414,7333
3415,5294
3416,7418
3417,3634
3418,4362
3419,5161
3420,5116
3421,7529
3422,5869
3423,2890
3424,4533
3425,6102
3426,6204
3427,7634
3428,3578
3429,11664
3430,5772
3431,3781
3432,5714
3433,5420
3434,5571
3435,7093
3436,3579
3437,4748
3438,5183
3439,5905
3440,5982
3441,4514
3442,5500
3443,4413
3444,4576
3445,6825
3446,6218
3447,5322
3448,4283
3449,9180
3450,4357
3451,7845
3452,6378
3453,10226
3454,5590
3455,4112
3456,5017
3457,5501
3458,4777
3459,4132
3460,6545
3461,6280
3462,3349
3463,6286
3464,5249
3465,5624
3466,3892
3467,6263
3468,6923
3469,4598
3470,10109
3471,4355
3472,3747
3473,6536
3474,7524
3475,4583
3476,4329
3477,5793
3478,5152
3479,4458
3480,4901
3481,4177
3482,7431
3483,6642
3484,5634
3485,6418
3486,4388
3487,4166
3488,4902
3489,6062
3490,5984
3491,6614
3492,6506
3493,8229
3494,4533
3495,6506
3496,5793
3497,4527
3498,5348
3499,7144
3500,5309
3501,5517
3502,8754
3503,6556
3504,5892
3505,4302
3506,6827
3507,5620
3508,6304
3509,5501
3510,3470
3511,4525
3512,7806
3513,6370
3514,4804
3515,3248
3516,7249
3517,6202
3518,6682
3519,5627
3520,5144
3521,4490
3522,3280
3523,7791
3524,6049
3525,5829
3526,5054
3527,4260
3528,0
3529,5585
3530,4813
3531,3093
3532,5702
3533,3716
3534,6944
3535,6748
3536,5772
3537,9627
3538,3876
3539,3945
3540,8525
3541,4223
3542,5047
3543,2241
3544,6406
3545,7144
3546,4048
3547,5401
3548,5429
3549,5029
3550,5172
3551,7047
3552,8869
3553,2277
3554,5442
3555,2460
3556,11842
3557,3794
3558,6931
3559,7613
3560,4443
3561,5335
3562,4288
3563,4512
3564,2998
3565,4105
3566,4991
3567,4412
3568,5519
3569,5903
3570,4130
3571,5917
3572,5721
3573,7246
3574,7114
3575,6474
3576,3733
3577,2794
3578,8321
3579,8262
3580,4246
3581,6635
3582,4557
3583,6378
3584,4055
3585,4454
3586,5717
3587,2859
3588,5170
3589,3878
3590,7981
3591,5963
3592,6050
3593,6360
3594,4386
3595,6584
3596,17199
3597,7933
3598,4396
3599,2292
3600,5042
3601,6577
3602,4538
3603,5163
3604,11605
3605,5649
3606,8473
3607,16782
3608,3390
3609,5380
3610,4361
3611,3813
3612,6452
3613,4051
3614,7051
3615,8492
3616,6897
3617,5028
3618,6268
3619,3876
3620,5151
3621,3382
3622,4906
3623,6050
3624,7333
3625,4939
3626,4586
3627,4064
3628,6302
3629,4170
3630,4536
3631,2968
3632,6831
3633,4317
3634,4871
3635,6509
3636,6414
3637,5539
3638,5019
3639,5616
3640,4775
3641,5669
3642,5743
3643,6740
3644,6383
3645,6354
3646,4731
3647,2790
3648,5148
3649,5632
3650,4831
3651,4055
3652,2128
3653,7246
3654,5525
3655,7348
3656,5924
3657,4314
3658,5360
3659,4286
3660,3776
3661,8179
3662,4478
3663,5560
3664,6223
3665,12332
3666,4354
3667,4479
3668,6213
3669,4908
3670,5103
3671,4204
3672,6415
3673,4066
3674,5921
3675,3207
3676,4883
3677,3469
3678,8461
3679,4295
3680,13030
3681,10843
3682,4136
3683,5409
3684,4685
3685,5437
3686,4805
3687,9417
3688,6199
3689,7257
3690,3641
3691,6987
3692,4217
3693,7514
3694,8035
3695,5342
3696,5039
3697,5317
3698,5966
3699,6610
3700,7787
3701,4996
3702,6253
3703,8220
3704,5279
3705,5703
3706,4228
3707,7522
3708,6147
3709,4755
3710,4026
3711,5366
3712,4116
3713,7113
3714,4949
3715,6181
3716,4909
3717,7524
3718,3756
3719,6739
3720,7755
3721,6687
3722,7025
3723,5922
3724,3366
3725,11495
3726,8478
3727,5619
3728,13855
3729,8207
3730,5351
3731,5193
3732,7300
3733,8888
3734,9474
3735,9313
3736,4976
3737,6509
3738,4726
3739,6823
3740,3619
3741,8938
3742,4784
3743,4070
3744,5025
3745,7300
3746,6607
3747,4241
3748,7083
3749,4519
3750,3590
3751,5597
3752,3503
3753,3806
3754,4949
3755,5259
3756,7219
3757,7409
3758,6073
3759,5340
3760,4582
3761,9157
3762,5937
3763,4338
3764,4507
3765,4161
3766,7245
3767,3886
3768,9507
3769,6284
3770,2973
3771,4224
3772,5552
3773,5250
3774,4124
3775,7131
3776,8175
3777,10537
3778,5083
3779,8350
3780,2935
3781,4418
3782,5104
3783,4312
3784,5718
3785,4550
3786,5358
3787,3092
3788,4134
3789,8775
3790,7165
3791,4052
3792,4906
3793,7579
3794,8528
3795,6116
3796,4750
3797,3659
3798,7881
3799,5188
3800,5879
3801,5167
3802,4310
3803,5743
3804,7137
3805,3052
3806,3562
3807,4400
3808,5604
3809,7988
3810,6157
3811,6718
3812,11891
3813,4018
3814,8315
3815,9918
3816,5488
3817,4069
3818,2955
3819,6439
3820,5305
3821,5154
3822,4713
3823,5523
3824,9684
3825,4356
3826,4389
3827,5379
3828,4972
3829,5651
3830,4278
3831,3685
3832,5329
3833,2980
3834,6357
3835,7253
3836,5392
3837,6429
3838,7131
3839,6854
3840,4079
3841,6225
3842,7792
3843,6308
3844,4635
3845,5235
3846,3858
3847,8135
3848,4664
3849,5333
3850,4498
3851,5775
3852,6806
3853,5702
3854,5153
3855,7411
3856,4794
3857,5576
3858,15285
3859,5102
3860,7276
3861,5111
3862,4840
3863,4426
3864,3989
3865,3588
3866,3941
3867,7153
3868,11775
3869,7377
3870,7690
3871,8856
3872,9272
3873,8521
3874,6324
3875,5044
3876,4732
3877,10591
3878,8832
3879,5593
3880,7638
3881,7350
3882,5167
3883,3640
3884,9427
3885,5529
3886,5458
3887,5280
3888,1890
3889,11187
3890,8950
3891,12458
3892,5044
3893,4055
3894,4241
3895,5152
3896,5873
3897,5679
3898,5540
3899,5138
3900,3692
3901,6122
3902,3223
3903,2608
3904,5067
3905,11425
3906,5827
3907,15486
3908,3922
3909,5102
3910,5706
3911,4732
3912,4151
3913,4098
3914,4473
3915,3579
3916,6491
3917,5475
3918,3055
3919,7190
3920,4242
3921,4832
3922,3883
3923,7688
3924,6029
3925,8516
3926,4261
3927,5632
3928,3487
3929,4051
3930,3599
3931,12707
3932,8300
3933,5266
3934,3971
3935,3941
3936,4857
3937,4069
3938,8078
3939,4124
3940,12084
3941,3719
3942,4530
3943,4853
3944,7579
3945,5358
3946,3868
3947,5586
3948,6005
3949,5579
3950,5614
3951,4934
3952,2970
3953,8450
3954,4542
3955,3616
3956,5039
3957,4831
3958,5055
3959,5614
3960,7385
3961,7347
3962,5631
3963,5865
3964,3599
3965,7092
3966,4903
3967,3638
3968,6296
3969,6103
3970,5637
3971,6699
3972,4972
3973,5165
3974,5123
3975,5430
3976,4968
3977,6181
3978,5769
3979,5299
3980,5092
3981,4401
3982,7459
3983,5093
3984,3910
3985,9563
3986,4466
3987,3085
3988,6154
3989,7270
3990,7969
3991,4528
3992,4658
3993,5169
3994,3003
3995,5250
3996,6524
3997,5340
3998,4956
3999,5784
4000,6591
4001,2811
4002,4365
4003,4779
4004,4761
4005,4009
4006,5864
4007,6037
4008,5217
4009,3980
4010,6864
4011,4807
4012,6583
4013,7203
4014,4030
4015,5602
4016,5785
4017,6557
4018,6161
4019,6870
4020,3003
4021,7824
4022,5389
4023,6173
4024,8230
4025,3924
4026,3402
4027,10767
4028,7125
4029,6467
4030,5064
4031,5540
4032,7589
4033,2983
4034,5348
4035,4725
4036,6270
4037,5613
4038,4386
4039,6711
4040,4519
4041,7198
4042,9048
4043,14317
4044,6252
4045,3984
4046,4420
4047,3263
4048,2828
4049,9666
4050,6811
4051,4470
4052,8026
4053,4528
4054,10011
4055,3543
4056,4794
4057,4984
4058,7110
4059,4155
4060,5205
4061,4519
4062,3942
4063,6487
4064,4150
4065,5442
4066,6342
4067,7610
4068,6129
4069,6623
4070,4801
4071,9120
4072,3988
4073,4343
4074,9120
4075,5785
4076,7606
4077,6041
4078,13953
4079,4784
4080,4067
4081,3840
4082,5197
4083,7835
4084,8134
4085,5515
4086,6597
4087,6274
4088,3099
4089,6596
4090,6136
4091,5061
4092,6243
4093,4489
4094,3935
4095,3965
4096,3613
4097,3985
4098,6643
4099,5741
4100,9085
4101,13600
4102,5686
4103,4114
4104,5741
4105,7002
4106,7642
4107,3202
4108,4777
4109,3434
4110,7737
4111,5325
4112,5145
4113,10331
4114,11084
4115,3885
4116,5866
4117,3263
4118,4524
4119,5024
4120,6992
4121,3988
4122,3496
4123,4595
4124,6377
4125,6003
4126,4098
4127,4738
4128,5796
4129,5826
4130,5325
4131,3151
4132,8418
4133,16167
4134,3731
4135,5873
4136,7443
4137,5496
4138,3667
4139,3288
4140,3412
4141,6849
4142,4046
4143,6466
4144,8541
4145,3593
4146,4079
4147,4841
4148,4528
4149,4001
4150,4306
4151,5084
4152,8292
4153,6573
4154,7713
4155,4708
4156,3700
4157,5568
4158,5238
4159,6824
4160,5110
4161,4197
4162,20092
4163,5168
4164,5206
4165,9951
4166,5937
4167,5105
4168,5349
4169,6209
4170,4081
4171,8107
4172,11687
4173,4402
4174,4361
4175,5464
4176,11235
4177,4900
4178,4312
4179,5099
4180,4481
4181,5568
4182,3667
4183,6991
4184,3226
4185,6073
4186,2144
4187,16186
4188,6885
4189,3345
4190,4057
4191,8036
4192,5103
4193,5414
4194,6378
4195,4894
4196,4287
4197,3817
4198,8027
4199,4572
4200,5026
4201,5875
4202,6126
4203,4739
4204,6735
4205,5036
4206,3375
4207,7138
4208,7616
4209,3941
4210,6416
4211,5206
4212,3919
4213,7775
4214,4943
4215,6541
4216,5361
4217,6600
4218,3529
4219,4029
4220,3864
4221,8554
4222,5332
4223,7017
4224,3107
4225,6989
4226,3264
4227,5261
4228,4523
4229,4985
4230,5469
4231,6198
4232,5396
4233,7122
4234,3288
4235,4924
4236,5758
4237,6112
4238,5486
4239,6462
4240,8273
4241,5866
4242,2306
4243,5910
4244,4444
4245,5612
4246,5773
4247,3394
4248,9185
4249,4162
4250,6007
4251,8213
4252,6243
4253,3197
4254,10687
4255,4640
4256,8272
4257,4743
4258,6608
4259,7990
4260,4767
4261,4790
4262,5662
4263,4416
4264,4755
4265,5141
4266,8550
4267,6286
4268,5060
4269,4113
4270,5785
4271,5998
4272,5461
4273,5630
4274,5204
4275,5465
4276,3716
4277,6544
4278,6611
4279,5840
4280,4762
4281,5856
4282,6016
4283,8127
4284,4527
4285,6328
4286,4449
4287,4936
4288,6081
4289,5586
4290,3980
4291,3704
4292,6246
4293,7133
4294,4136
4295,4790
4296,6727
4297,5038
4298,4837
4299,5081
4300,3850
4301,2895
4302,6822
4303,3644
4304,6534
4305,5317
4306,5664
4307,5664
4308,9515
4309,7049
4310,5914
4311,4459
4312,6796
4313,6719
4314,3358
4315,3082
4316,6534
4317,2813
4318,5906
4319,10948
4320,6488
4321,5976
4322,3464
4323,6005
4324,5254
4325,5506
4326,5673
4327,6689
4328,6695
4329,4795
4330,6616
4331,4055
4332,5717
4333,4357
4334,4526
4335,4531
4336,4649
4337,4848
4338,6240
4339,3950
4340,7857
4341,6041
4342,3335
4343,3951
4344,6794
4345,6023
4346,4763
4347,5409
4348,6072
4349,4043
4350,5772
4351,5025
4352,5164
4353,4372
4354,4363
4355,6497
4356,5438
4357,4696
4358,3267
4359,9173
4360,5022
4361,4206
4362,5930
4363,8784
4364,6255
4365,6761
4366,8121
4367,5802
4368,4231
4369,4528
4370,6603
4371,7725
4372,9439
4373,4018
4374,5601
4375,2910
4376,3798
4377,8090
4378,11855
4379,5805
4380,4229
4381,4306
4382,5228
4383,4562
4384,6402
4385,7263
4386,5033
4387,3553
4388,5898
4389,4759
4390,7558
4391,6835
4392,4096
4393,5804
4394,3305
4395,5187
4396,6712
4397,6163
4398,7097
4399,5258
4400,5936
4401,3655
4402,4989
4403,6530
4404,7038
4405,6089
4406,6462
4407,4670
4408,3707
4409,8250
4410,3808
4411,10333
4412,5145
4413,3413
4414,5368
4415,5212
4416,5491
4417,6756
4418,8054
4419,3667
4420,10785
4421,3457
4422,3949
4423,5397
4424,6457
4425,8645
4426,6427
4427,5321
4428,4614
4429,5453
4430,5777
4431,4190
4432,5316
4433,4547
4434,8822
4435,5720
4436,6718
4437,10676
4438,6851
4439,4124
4440,4327
4441,4969
4442,9502
4443,4799
4444,6757
4445,3930
4446,8047
4447,5594
4448,4467
4449,4005
4450,3848
4451,4476
4452,4767
4453,4758
4454,4067
4455,3882
4456,4002
4457,7108
4458,5448
4459,17986
4460,5110
4461,3481
4462,4685
4463,5627
4464,7592
4465,4081
4466,3933
4467,7177
4468,5063
4469,6065
4470,4855
4471,6426
4472,5922
4473,3421
4474,4798
4475,5424
4476,6776
4477,4827
4478,5843
4479,5858
4480,7705
4481,3634
4482,3655
4483,4100
4484,8189
4485,8859
4486,4787
4487,7544
4488,3558
4489,6351
4490,3167
4491,4391
4492,3456
4493,6701
4494,6704
4495,8599
4496,8040
4497,4673
4498,4368
4499,4079
4500,3479
4501,4943
4502,8782
4503,5378
4504,4164
4505,3963
4506,3887
4507,6091
4508,2884
4509,6012
4510,3192
4511,5699
4512,4729
4513,4091
4514,5632
4515,4156
4516,6351
4517,6788
4518,5563
4519,4559
4520,7265
4521,4194
4522,5733
4523,5243
4524,8521
4525,3979
4526,4937
4527,6515
4528,6092
4529,7050
4530,4933
4531,7221
4532,3382
4533,3812
4534,5046
4535,4937
4536,7402
4537,5643
4538,2929
4539,4276
4540,5818
4541,6105
4542,7505
4543,3510
4544,11743
4545,5703
4546,3638
4547,5352
4548,5034
4549,5384
4550,6970
4551,3434
4552,4770
4553,5004
4554,5795
4555,5279
4556,4260
4557,5293
4558,4279
4559,4420
4560,6671
4561,5876
4562,5083
4563,3994
4564,8579
4565,4274
4566,7532
4567,5947
4568,10066
4569,5213
4570,3912
4571,5058
4572,5224
4573,4776
4574,4109
4575,6414
4576,5914
4577,3312
4578,6156
4579,4987
4580,5463
4581,3632
4582,6334
4583,7085
4584,4284
4585,9242
4586,4183
4587,3861
4588,6203
4589,7311
4590,4371
4591,4176
4592,5786
4593,4673
4594,4151
4595,4764
4596,4155
4597,7309
4598,6159
4599,5457
4600,6139
4601,4158
4602,4109
4603,4692
4604,6025
4605,5918
4606,6641
4607,6653
4608,7442
4609,4517
4610,6465
4611,5507
4612,4628
4613,5292
4614,6839
4615,5335
4616,5093
4617,8117
4618,6813
4619,5580
4620,4124
4621,6400
4622,5496
4623,5687
4624,5429
4625,3404
4626,4274
4627,7401
4628,6316
4629,4668
4630,3207
4631,6738
4632,6019
4633,6180
4634,5490
4635,4842
4636,4260
4637,3145
4638,7493
4639,5601
4640,5767
4641,4953
4642,4202
4643,0
4644,5375
4645,4777
4646,3068
4647,4685
4648,3688
4649,6794
4650,6601
4651,5653
4652,9334
4653,4304
4654,3949
4655,8404
4656,4111
4657,5122
4658,1865
4659,6347
4660,6808
4661,4057
4662,5123
4663,6110
4664,4962
4665,4785
4666,6572
4667,8684
4668,2141
4669,4948
4670,2407
4671,10747
4672,4032
4673,6798
4674,7602
4675,4490
4676,5162
4677,4106
4678,4294
4679,2874
4680,3861
4681,4760
4682,4038
4683,5682
4684,5807
4685,4041
4686,5459
4687,5478
4688,7066
4689,6974
4690,6331
4691,3784
4692,2912
4693,7898
4694,8209
4695,3965
4696,6194
4697,4295
4698,5951
4699,3949
4700,4319
4701,5693
4702,2782
4703,5105
4704,3958
4705,7583
4706,5647
4707,6023
4708,6077
4709,4184
4710,6474
4711,16683
4712,7896
4713,4133
4714,2255
4715,5126
4716,6320
4717,4120
4718,5006
4719,11519
4720,5385
4721,8109
4722,16722
4723,3347
4724,5079
4725,4248
4726,3416
4727,6350
4728,4276
4729,6809
4730,8022
4731,6187
4732,4677
4733,6064
4734,3751
4735,5156
4736,3062
4737,4853
4738,5787
4739,7333
4740,4907
4741,4517
4742,3794
4743,6195
4744,4046
4745,4368
4746,2865
4747,6755
4748,4220
4749,4710
4750,6016
4751,6091
4752,5054
4753,4591
4754,4803
4755,4839
4756,5304
4757,5534
4758,6828
4759,5941
4760,5743
4761,4545
4762,2720
4763,5049
4764,5164
4765,4616
4766,3945
4767,1822
4768,6848
4769,5366
4770,7319
4771,5598
4772,4105
4773,4855
4774,4130
4775,3691
4776,7615
4777,4421
4778,5529
4779,6106
4780,11342
4781,4320
4782,3835
4783,6097
4784,4053
4785,4776
4786,4113
4787,6080
4788,4002
4789,5893
4790,3256
4791,4695
4792,3171
4793,7900
4794,4303
4795,12818
4796,10239
4797,4033
4798,5177
4799,4255
4800,5175
4801,4689
4802,9132
4803,6087
4804,6641
4805,3504
4806,6789
4807,4161
4808,7279
4809,7491
4810,5162
4811,4899
4812,5221
4813,5860
4814,6559
4815,7162
4816,4957
4817,6006
4818,8298
4819,5288
4820,5420
4821,4280
4822,7053
4823,5835
4824,4274
4825,4028
4826,4805
4827,4016
4828,7315
4829,4808
4830,6050
4831,4901
4832,7321
4833,3677
4834,6155
4835,7142
4836,6106
4837,6070
4838,5411
4839,3251
4840,11652
4841,7854
4842,5687
4843,13228
4844,7157
4845,5430
4846,5113
4847,6964
4848,8451
4849,8611
4850,9081
4851,4475
4852,6315
4853,4625
4854,6625
4855,3504
4856,8009
4857,4684
4858,3986
4859,4992
4860,6867
4861,6392
4862,4192
4863,6838
4864,4427
4865,3493
4866,5483
4867,3410
4868,3821
4869,4541
4870,5680
4871,7339
4872,7171
4873,5848
4874,5169
4875,4577
4876,8660
4877,5684
4878,4278
4879,4439
4880,4248
4881,7085
4882,3707
4883,9418
4884,6368
4885,2793
4886,4226
4887,5377
4888,5185
4889,4116
4890,7170
4891,7720
4892,10033
4893,4706
4894,8393
4895,2883
4896,4159
4897,5107
4898,4148
4899,5353
4900,4461
4901,5410
4902,2976
4903,3972
4904,9009
4905,7017
4906,3945
4907,4503
4908,7508
4909,8145
4910,6222
4911,4505
4912,3433
4913,8148
4914,5274
4915,6422
4916,4765
4917,4244
4918,5622
4919,6667
4920,2719
4921,3742
4922,3855
4923,5447
4924,7929
4925,6103
4926,6694
4927,10864
4928,4006
4929,7965
4930,9698
4931,5329
4932,3972
4933,2779
4934,6451
4935,5039
4936,4911
4937,4568
4938,5276
4939,8535
4940,4110
4941,4277
4942,5437
4943,3924
4944,5658
4945,4187
4946,3623
4947,5222
4948,2855
4949,5656
4950,7036
4951,5302
4952,6065
4953,6880
4954,6620
4955,4021
4956,5977
4957,7177
4958,6200
4959,4666
4960,5229
4961,4518
4962,7900
4963,4790
4964,5050
4965,4250
4966,6042
4967,6796
4968,5567
4969,4847
4970,7265
4971,4528
4972,5513
4973,13999
4974,4872
4975,7368
4976,4594
4977,4469
4978,4482
4979,3870
4980,3356
4981,3870
4982,7048
4983,11314
4984,6940
4985,7451
4986,8038
4987,9034
4988,8288
4989,6032
4990,4636
4991,4365
4992,9972
4993,8244
4994,5655
4995,7291
4996,6552
4997,5058
4998,3290
4999,9131
5000,5477
5001,5278
5002,5062
5003,1857
5004,10166
5005,8824
5006,11782
5007,4936
5008,3830
5009,3913
5010,5052
5011,5174
5012,5616
5013,5373
5014,4702
5015,3688
5016,5478
5017,3548
5018,2436
5019,4741
5020,10859
5021,5627
5022,15387
5023,3737
5024,4985
5025,5734
5026,4251
5027,4063
5028,4048
5029,4162
5030,3432
5031,6337
5032,5501
5033,3094
5034,7014
5035,4070
5036,4691
5037,3646
5038,7390
5039,5905
5040,7986
5041,3976
5042,5182
5043,3382
5044,3863
5045,3527
5046,13094
5047,8346
5048,5038
5049,3794
5050,3881
5051,4685
5052,3854
5053,7338
5054,3711
5055,11671
5056,3559
5057,4207
5058,4650
5059,7376
5060,5333
5061,3803
5062,5216
5063,5726
5064,5437
5065,5450
5066,4656
5067,2760
5068,7652
5069,4196
5070,3424
5071,4961
5072,4866
5073,4962
5074,5162
5075,7132
5076,6961
5077,5360
5078,5641
5079,3513
5080,7052
5081,4873
5082,3526
5083,5940
5084,5911
5085,5424
5086,6734
5087,4802
5088,4916
5089,5152
5090,4783
5091,4661
5092,5891
5093,5878
5094,5172
5095,4275
5096,4415
5097,7305
5098,5168
5099,3829
5100,9441
5101,4226
5102,3174
5103,5656
5104,7270
5105,7779
5106,4364
5107,4367
5108,4939
5109,2939
5110,5160
5111,6494
5112,5055
5113,4573
5114,5432
5115,6440
5116,2687
5117,4293
5118,4708
5119,4415
5120,3844
5121,5655
5122,6036
5123,5109
5124,3986
5125,6410
5126,4737
5127,6278
5128,6983
5129,4177
5130,5436
5131,5586
5132,6303
5133,6015
5134,7102
5135,2819
5136,7757
5137,5314
5138,5810
5139,8104
5140,3863
5141,3177
5142,10407
5143,6680
5144,6482
5145,4834
5146,4829
5147,7537
5148,2798
5149,5105
5150,4528
5151,6303
5152,5056
5153,4110
5154,6444
5155,4404
5156,6882
5157,8894
5158,13788
5159,5712
5160,3669
5161,4362
5162,3287
5163,2733
5164,8822
5165,6503
5166,4373
5167,7220
5168,4311
5169,9222
5170,3623
5171,4818
5172,4787
5173,7690
5174,4213
5175,5399
5176,4462
5177,3915
5178,5942
5179,3983
5180,5743
5181,6165
5182,7435
5183,5900
5184,6304
5185,4581
5186,8572
5187,3844
5188,4206
5189,8630
5190,5682
5191,7539
5192,5704
5193,13881
5194,4436
5195,3965
5196,3820
5197,4807
5198,7471
5199,8094
5200,5449
5201,6065
5202,6291
5203,3002
5204,6471
5205,6333
5206,4929
5207,5893
5208,4469
5209,3605
5210,3992
5211,3428
5212,3985
5213,6428
5214,5338
5215,8595
5216,13386
5217,5531
5218,4042
5219,5934
5220,6687
5221,7300
5222,3161
5223,4783
5224,3298
5225,7169
5226,5308
5227,4621
5228,10012
5229,11577
5230,3821
5231,5677
5232,3216
5233,4551
5234,4718
5235,6886
5236,3921
5237,3496
5238,4416
5239,5535
5240,4845
5241,3763
5242,4581
5243,5542
5244,5325
5245,5221
5246,2871
5247,8226
5248,15246
5249,3510
5250,5737
5251,6936
5252,5500
5253,3536
5254,3092
5255,3514
5256,6255
5257,4058
5258,6012
5259,8292
5260,3559
5261,3928
5262,4818
5263,4368
5264,3929
5265,4415
5266,5241
5267,8001
5268,6108
5269,7662
5270,4579
5271,3435
5272,5204
5273,4908
5274,6270
5275,5067
5276,3891
5277,19170
5278,4813
5279,4844
5280,9723
5281,5509
5282,4988
5283,4938
5284,6042
5285,4014
5286,7844
5287,11235
5288,4032
5289,4098
5290,5503
5291,10717
5292,4786
5293,4181
5294,4809
5295,4356
5296,5271
5297,3308
5298,6843
5299,3179
5300,5688
5301,2130
5302,15853
5303,6847
5304,3680
5305,4159
5306,7180
5307,5013
5308,5313
5309,6198
5310,4777
5311,4365
5312,3564
5313,7624
5314,4594
5315,4747
5316,5543
5317,6038
5318,4516
5319,6548
5320,4533
5321,3286
5322,6546
5323,6755
5324,3863
5325,6314
5326,5129
5327,3858
5328,7459
5329,4398
5330,6161
5331,5187
5332,6476
5333,3359
5334,3858
5335,3746
5336,7171
5337,5698
5338,6777
5339,3082
5340,6505
5341,3409
5342,5160
5343,4230
5344,4908
5345,5446
5346,5804
5347,5223
5348,6826
5349,3206
5350,4877
5351,5683
5352,5544
5353,5737
5354,6678
5355,8007
5356,5504
5357,2439
5358,5239
5359,3998
5360,5239
5361,5383
5362,3493
5363,9158
5364,4099
5365,5639
5366,7893
5367,5512
5368,3128
5369,10400
5370,4491
5371,8077
5372,4584
5373,6215
5374,6854
5375,4835
5376,4442
5377,5428
5378,4257
5379,4521
5380,5136
5381,7870
5382,6128
5383,4743
5384,3853
5385,5410
5386,5822
5387,5101
5388,5803
5389,4813
5390,5282
5391,3340
5392,6265
5393,6649
5394,5647
5395,4536
5396,5772
5397,5648
5398,7328
5399,4554
5400,5980
5401,4288
5402,4705
5403,6212
5404,5211
5405,3809
5406,3479
5407,6990
5408,7169
5409,3954
5410,4466
5411,6361
5412,4977
5413,4283
5414,5550
5415,3869
5416,2735
5417,6449
5418,3462
5419,6102
5420,5292
5421,5367
5422,4877
5423,8125
5424,7021
5425,6171
5426,4322
5427,6520
5428,6241
5429,3376
5430,2736
5431,6201
5432,2657
5433,5727
5434,10650
5435,6252
5436,5770
5437,3332
5438,5793
5439,5008
5440,5266
5441,5474
5442,6371
5443,6714
5444,4636
5445,6077
5446,4026
5447,5350
5448,4277
5449,4379
5450,4526
5451,4540
5452,4826
5453,5886
5454,3956
5455,7547
5456,5723
5457,3354
5458,3727
5459,6713
5460,5995
5461,4493
5462,5141
5463,5328
5464,4179
5465,5160
5466,4865
5467,5155
5468,4193
5469,4296
5470,6700
5471,5433
5472,4623
5473,3131
5474,7887
5475,4892
5476,3850
5477,5405
5478,8479
5479,6181
5480,6786
5481,7747
5482,5582
5483,4335
5484,4441
5485,6194
5486,7047
5487,9718
5488,3798
5489,4994
5490,2680
5491,3614
5492,7142
5493,10963
5494,4968
5495,3628
5496,4271
5497,5078
5498,4536
5499,6871
5500,7037
5501,4976
5502,3400
5503,5783
5504,4495
5505,6977
5506,6844
5507,4028
5508,5597
5509,3213
5510,5280
5511,6541
5512,5955
5513,6873
5514,4820
5515,5688
5516,3565
5517,4834
5518,5966
5519,6620
5520,6004
5521,6428
5522,4539
5523,3563
5524,7980
5525,3796
5526,9417
5527,5166
5528,3487
5529,6287
5530,5000
5531,4973
5532,6750
5533,7620
5534,3667
5535,9790
5536,3321
5537,3771
5538,5200
5539,6162
5540,8769
5541,6034
5542,4779
5543,4524
5544,4913
5545,5547
5546,4054
5547,5051
5548,4369
5549,8498
5550,5722
5551,6330
5552,10428
5553,6896
5554,4015
5555,4144
5556,4803
5557,9525
5558,4465
5559,6430
5560,3714
5561,7585
5562,5494
5563,4271
5564,3927
5565,3760
5566,4087
5567,4601
5568,4404
5569,3970
5570,3451
5571,3761
5572,7107
5573,5326
5574,17599
5575,5112
5576,3422
5577,3984
5578,5719
5579,7510
5580,3741
5581,3812
5582,7235
5583,5767
5584,6138
5585,4818
5586,5989
5587,5767
5588,3516
5589,4838
5590,5612
5591,6595
5592,4939
5593,5720
5594,5999
5595,8191
5596,3718
5597,3779
5598,4227
5599,8027
5600,8883
5601,5296
5602,7493
5603,4014
5604,6291
5605,3398
5606,4574
5607,3252
5608,6653
5609,6667
5610,8726
5611,7859
5612,5026
5613,4369
5614,3872
5615,3644
5616,4923
5617,8257
5618,5297
5619,4066
5620,4176
5621,3903
5622,5932
5623,2906
5624,5789
5625,3294
5626,5875
5627,4953
5628,4233
5629,5681
5630,4083
5631,6549
5632,6963
5633,5539
5634,4504
5635,7087
5636,3875
5637,5674
5638,5496
5639,9062
5640,4386
5641,5209
5642,6432
5643,5734
5644,7045
5645,5031
5646,7284
5647,3541
5648,4013
5649,4981
5650,5135
5651,7447
5652,5851
5653,2890
5654,4194
5655,6324
5656,5808
5657,7917
5658,3351
5659,11090
5660,5946
5661,3606
5662,5221
5663,5219
5664,5187
5665,6931
5666,3469
5667,4874
5668,5105
5669,5937
5670,5389
5671,4320
5672,5720
5673,4522
5674,4362
5675,6655
5676,5883
5677,5081
5678,3890
5679,8457
5680,4080
5681,7243
5682,5960
5683,9872
5684,5199
5685,3884
5686,5223
5687,5132
5688,4631
5689,3980
5690,6299
5691,5970
5692,3296
5693,6133
5694,4700
5695,5529
5696,3701
5697,5861
5698,6735
5699,3953
5700,9689
5701,4296
5702,3722
5703,6199
5704,7423
5705,4353
5706,4245
5707,5755
5708,4899
5709,4114
5710,4832
5711,4112
5712,7133
5713,6813
5714,5359
5715,6066
5716,4238
5717,3918
5718,4789
5719,6484
5720,5763
5721,6822
5722,6368
5723,7521
5724,4378
5725,6844
5726,5644
5727,4264
5728,5349
5729,7310
5730,5303
5731,6106
5732,8125
5733,6483
5734,5736
5735,4416
5736,6238
5737,5621
5738,5900
5739,5273
5740,3215
5741,4448
5742,7407
5743,6088
5744,4781
5745,3184
5746,6955
5747,5767
5748,6332
5749,5362
5750,4749
5751,4470
5752,3091
5753,8052
5754,5773
5755,5764
5756,4963
5757,4251
5758,0
5759,5297
5760,4930
5761,3034
5762,4920
5763,3668
5764,6863
5765,6376
5766,5482
5767,9246
5768,3700
5769,3986
5770,8028
5771,4054
5772,4661
5773,1967
5774,6540
5775,6662
5776,4576
5777,5277
5778,5193
5779,4943
5780,4827
5781,7357
5782,8452
5783,2151
5784,5301
5785,2420
5786,11095
5787,3668
5788,6723
5789,7347
5790,4631
5791,5050
5792,3960
5793,4391
5794,2764
5795,3869
5796,5042
5797,4092
5798,5428
5799,5721
5800,4393
5801,5376
5802,5209
5803,7128
5804,7285
5805,6318
5806,3816
5807,3088
5808,7852
5809,8075
5810,4159
5811,6030
5812,4216
5813,6148
5814,4214
5815,4094
5816,5544
5817,3024
5818,5116
5819,3822
5820,7639
5821,5762
5822,6173
5823,6224
5824,4456
5825,6399
5826,16601
5827,7987
5828,4139
5829,2245
5830,5072
5831,6497
5832,4261
5833,5154
5834,12318
5835,5367
5836,8788
5837,16938
5838,3302
5839,5110
5840,4259
5841,3781
5842,7917
5843,3705
5844,6745
5845,8105
5846,6294
5847,5022
5848,6120
5849,4096
5850,4866
5851,3138
5852,4686
5853,5784
5854,7073
5855,5117
5856,4820
5857,3933
5858,6157
5859,3918
5860,4263
5861,3048
5862,6645
5863,4491
5864,4816
5865,5802
5866,6263
5867,5187
5868,4739
5869,5010
5870,4405
5871,5538
5872,5399
5873,6927
5874,5914
5875,6004
5876,4459
5877,2731
5878,5071
5879,5395
5880,4774
5881,3966
5882,2274
5883,6841
5884,5646
5885,6762
5886,5548
5887,4348
5888,5478
5889,4376
5890,3826
5891,8039
5892,4270
5893,6021
5894,6146
5895,11809
5896,4652
5897,4541
5898,6184
5899,4519
5900,6501
5901,4410
5902,6164
5903,3973
5904,5966
5905,3264
5906,4714
5907,3191
5908,8088
5909,4438
5910,12160
5911,10161
5912,4179
5913,5173
5914,4225
5915,5203
5916,4593
5917,9116
5918,6464
5919,6935
5920,3558
5921,6727
5922,4251
5923,7144
5924,7228
5925,5366
5926,4986
5927,5451
5928,6119
5929,6516
5930,7883
5931,4823
5932,6332
5933,8022
5934,5484
5935,5435
5936,4658
5937,7103
5938,5925
5939,4366
5940,3955
5941,5178
5942,4117
5943,7120
5944,4971
5945,6680
5946,4802
5947,7445
5948,3709
5949,6214
5950,7419
5951,6279
5952,6564
5953,5843
5954,3350
5955,11025
5956,7812
5957,6253
5958,14139
5959,8132
5960,5274
5961,5147
5962,7040
5963,8542
5964,8770
5965,8748
5966,4668
5967,6314
5968,4724
5969,6775
5970,3512
5971,9305
5972,4751
5973,3919
5974,5007
5975,7031
5976,6445
5977,4229
5978,6646
5979,4272
5980,3579
5981,5581
5982,3571
5983,3610
5984,4775
5985,5032
5986,7372
5987,7091
5988,6023
5989,5447
5990,4649
5991,9056
5992,5697
5993,4286
5994,4348
5995,4062
5996,7193
5997,3666
5998,9986
5999,6207
6000,2971
6001,3966
6002,5494
6003,5210
6004,4101
6005,7077
6006,8641
6007,9949
6008,4832
6009,8564
6010,2773
6011,4233
6012,5048
6013,4196
6014,5317
6015,4256
6016,5443
6017,3109
6018,4232
6019,8486
6020,6596
6021,3946
6022,4384
6023,7391
6024,8400
6025,7278
6026,4586
6027,3689
6028,7118
6029,4995
6030,5888
6031,4847
6032,4377
6033,5548
6034,7334
6035,3097
6036,3505
6037,4114
6038,5270
6039,7474
6040,6009
6041,6505
6042,11334
6043,4124
6044,7777
6045,9170
6046,5601
6047,4031
6048,2930
6049,6272
6050,4833
6051,4922
6052,4917
6053,5369
6054,8989
6055,4055
6056,4465
6057,5361
6058,4681
6059,5771
6060,4115
6061,3886
6062,5591
6063,2770
6064,6272
6065,6853
6066,5154
6067,6060
6068,7108
6069,6696
6070,4227
6071,5954
6072,6943
6073,5911
6074,4425
6075,4930
6076,3731
6077,7874
6078,5567
6079,5313
6080,4167
6081,5686
6082,6965
6083,5810
6084,4802
6085,6864
6086,4479
6087,5830
6088,14552
6089,4901
6090,7567
6091,5108
6092,4739
6093,4440
6094,3969
6095,3315
6096,4155
6097,7236
6098,10943
6099,6989
6100,7461
6101,8562
6102,9000
6103,8474
6104,6530
6105,4917
6106,4452
6107,9343
6108,8412
6109,5592
6110,7226
6111,6777
6112,4878
6113,3274
6114,8897
6115,5354
6116,5327
6117,5066
6118,1857
6119,10415
6120,9084
6121,12065
6122,5088
6123,3857
6124,3876
6125,4899
6126,5265
6127,5724
6128,5610
6129,4632
6130,3655
6131,5842
6132,3126
6133,2523
6134,5183
6135,10898
6136,5778
6137,15290
6138,3874
6139,5125
6140,5394
6141,4404
6142,4153
6143,4083
6144,4123
6145,3373
6146,6443
6147,5776
6148,2927
6149,7002
6150,4055
6151,4715
6152,3709
6153,7348
6154,5924
6155,8394
6156,3995
6157,5375
6158,3462
6159,3920
6160,3642
6161,12054
6162,8247
6163,5352
6164,3805
6165,4010
6166,4629
6167,4564
6168,9086
6169,3742
6170,11390
6171,3513
6172,4160
6173,4634
6174,7371
6175,5603
6176,3793
6177,5330
6178,5757
6179,5581
6180,5544
6181,4641
6182,2914
6183,8263
6184,4110
6185,3434
6186,4727
6187,5036
6188,4841
6189,5220
6190,7029
6191,7229
6192,5468
6193,5804
6194,3378
6195,6893
6196,4689
6197,3599
6198,6017
6199,6213
6200,5583
6201,7179
6202,4715
6203,4857
6204,5248
6205,5188
6206,4700
6207,5787
6208,5892
6209,5402
6210,4871
6211,4301
6212,7479
6213,5181
6214,3770
6215,9459
6216,4694
6217,2982
6218,5810
6219,7186
6220,7621
6221,4347
6222,4628
6223,5038
6224,3011
6225,4986
6226,6029
6227,5623
6228,4821
6229,5440
6230,6796
6231,2714
6232,4207
6233,4926
6234,4407
6235,3992
6236,5532
6237,5761
6238,4905
6239,3955
6240,6455
6241,4773
6242,6532
6243,6811
6244,4166
6245,5329
6246,5511
6247,6340
6248,6179
6249,6668
6250,4386
6251,8213
6252,5311
6253,6237
6254,7796
6255,3826
6256,3160
6257,10220
6258,6849
6259,6433
6260,4870
6261,5425
6262,7386
6263,3018
6264,5348
6265,4543
6266,6730
6267,5368
6268,4470
6269,6454
6270,4766
6271,6933
6272,8991
6273,13535
6274,5684
6275,3820
6276,4311
6277,3355
6278,2789
6279,8956
6280,6697
6281,4437
6282,7319
6283,4458
6284,9303
6285,3745
6286,4888
6287,4838
6288,7157
6289,4049
6290,5090
6291,4347
6292,3841
6293,5845
6294,4161
6295,5657
6296,6207
6297,7349
6298,6053
6299,6519
6300,4968
6301,8712
6302,3739
6303,4386
6304,8496
6305,5553
6306,7480
6307,5826
6308,13999
6309,4490
6310,4022
6311,4034
6312,4860
6313,7557
6314,8000
6315,5498
6316,6423
6317,6465
6318,3054
6319,6135
6320,5973
6321,5032
6322,6529
6323,4741
6324,3690
6325,3955
6326,3377
6327,3980
6328,6765
6329,6004
6330,9103
6331,13202
6332,5345
6333,4042
6334,5711
6335,6778
6336,7284
6337,3256
6338,4910
6339,3477
6340,7384
6341,5254
6342,4767
6343,10272
6344,11649
6345,3978
6346,5866
6347,3182
6348,4346
6349,4667
6350,7032
6351,3844
6352,3421
6353,4312
6354,5984
6355,5871
6356,3727
6357,4766
6358,6126
6359,5298
6360,5515
6361,3036
6362,8028
6363,15049
6364,3467
6365,5757
6366,7078
6367,5668
6368,3641
6369,3234
6370,3320
6371,6664
6372,3896
6373,6155
6374,8191
6375,3682
6376,4158
6377,4990
6378,4552
6379,3836
6380,4420
6381,5211
6382,7795
6383,6574
6384,7474
6385,4775
6386,3540
6387,5193
6388,4917
6389,7109
6390,5074
6391,3952
6392,19095
6393,4991
6394,4932
6395,9333
6396,5754
6397,5040
6398,5135
6399,5932
6400,3892
6401,7844
6402,11077
6403,4206
6404,4144
6405,5205
6406,10518
6407,4865
6408,4171
6409,4926
6410,4239
6411,5168
6412,3384
6413,6794
6414,3215
6415,5729
6416,2070
6417,15527
6418,6522
6419,3328
6420,4326
6421,7586
6422,4933
6423,5213
6424,6263
6425,4883
6426,4292
6427,3778
6428,7486
6429,4496
6430,4770
6431,5500
6432,5873
6433,4364
6434,6461
6435,4610
6436,3148
6437,6874
6438,6785
6439,3723
6440,6618
6441,5452
6442,3918
6443,7518
6444,4569
6445,6213
6446,5301
6447,6778
6448,3257
6449,3895
6450,3884
6451,8487
6452,5081
6453,6759
6454,3226
6455,6510
6456,3135
6457,5079
6458,4172
6459,4898
6460,5240
6461,5701
6462,5446
6463,6972
6464,3528
6465,4864
6466,5630
6467,6021
6468,5393
6469,6257
6470,7799
6471,5685
6472,2480
6473,5723
6474,4089
6475,5215
6476,5488
6477,3285
6478,9113
6479,4091
6480,5857
6481,7903
6482,6161
6483,3126
6484,9714
6485,4775
6486,8087
6487,4512
6488,6243
6489,7718
6490,5022
6491,4281
6492,5429
6493,4352
6494,4443
6495,4991
6496,7933
6497,6237
6498,4766
6499,4077
6500,5221
6501,5922
6502,5265
6503,5840
6504,4920
6505,5384
6506,4039
6507,6360
6508,6349
6509,5640
6510,4947
6511,5480
6512,5590
6513,7494
6514,4583
6515,6034
6516,4214
6517,5006
6518,6345
6519,5302
6520,3764
6521,3493
6522,5925
6523,7542
6524,3972
6525,4402
6526,6642
6527,4797
6528,4647
6529,4972
6530,4115
6531,2938
6532,6294
6533,3453
6534,6058
6535,5206
6536,5380
6537,5012
6538,9103
6539,6954
6540,5674
6541,4229
6542,7548
6543,6133
6544,3273
6545,2824
6546,6527
6547,2813
6548,5793
6549,9903
6550,6979
6551,5725
6552,3418
6553,5643
6554,5543
6555,5119
6556,5809
6557,6509
6558,6827
6559,4541
6560,6294
6561,3980
6562,5385
6563,4175
6564,4336
6565,4994
6566,4720
6567,4682
6568,6187
6569,3958
6570,7582
6571,5949
6572,3504
6573,3606
6574,7218
6575,5855
6576,4771
6577,5092
6578,5385
6579,4134
6580,5353
6581,4890
6582,5047
6583,4111
6584,4191
6585,6750
6586,5499
6587,4842
6588,3097
6589,8197
6590,5097
6591,4017
6592,5599
6593,8290
6594,6428
6595,6222
6596,7588
6597,5564
6598,4376
6599,4446
6600,6079
6601,6905
6602,9079
6603,3846
6604,5247
6605,3016
6606,3683
6607,7496
6608,11441
6609,5272
6610,4063
6611,4660
6612,5504
6613,4582
6614,6245
6615,7331
6616,4823
6617,3585
6618,5626
6619,4563
6620,7776
6621,7270
6622,4041
6623,5910
6624,3286
6625,5349
6626,6593
6627,5991
6628,6671
6629,4970
6630,5708
6631,3523
6632,5234
6633,5727
6634,6683
6635,6201
6636,6634
6637,4784
6638,3480
6639,7953
6640,3678
6641,9398
6642,5195
6643,3287
6644,4942
6645,5042
6646,5214
6647,6437
6648,7661
6649,3907
6650,9710
6651,3440
6652,3976
6653,5168
6654,6287
6655,8519
6656,5809
6657,5298
6658,4353
6659,5108
6660,5529
6661,4164
6662,5215
6663,4581
6664,8535
6665,5382
6666,6394
6667,9860
6668,7070
6669,3853
6670,4032
6671,4770
6672,9829
6673,4318
6674,6654
6675,3765
6676,7971
6677,5467
6678,4199
6679,4102
6680,3830
6681,4124
6682,4480
6683,4637
6684,3873
6685,3868
6686,3790
6687,7160
6688,5760
6689,17135
6690,5194
6691,3686
6692,3956
6693,6095
6694,7991
6695,4119
6696,4109
6697,8297
6698,5066
6699,6698
6700,5227
6701,6063
6702,6034
6703,4005
6704,5178
6705,6284
6706,6967
6707,5050
6708,6851
6709,6497
6710,6925
6711,4446
6712,4287
6713,4822
6714,9177
6715,9436
6716,5959
6717,8063
6718,4035
6719,7004
6720,3119
6721,5248
6722,3438
6723,7365
6724,7102
6725,9577
6726,8628
6727,5871
6728,5050
6729,3978
6730,3593
6731,5535
6732,8791
6733,5805
6734,4472
6735,4637
6736,4368
6737,6013
6738,3127
6739,6796
6740,3769
6741,6782
6742,5523
6743,4639
6744,6963
6745,4376
6746,7309
6747,7604
6748,5849
6749,4918
6750,7219
6751,4161
6752,6061
6753,6338
6754,10066
6755,4733
6756,5788
6757,6471
6758,6471
6759,8028
6760,5547
6761,8023
6762,3663
6763,3946
6764,5087
6765,5999
6766,8439
6767,6622
6768,3341
6769,4611
6770,7211
6771,6688
6772,8312
6773,3848
6774,11547
6775,6231
6776,3958
6777,5002
6778,5411
6779,5530
6780,7422
6781,3540
6782,5534
6783,6170
6784,6499
6785,5757
6786,4086
6787,6065
6788,5074
6789,4717
6790,7405
6791,6500
6792,5466
6793,4341
6794,8952
6795,4548
6796,7876
6797,6597
6798,11772
6799,5735
6800,3905
6801,5988
6802,5560
6803,5413
6804,4505
6805,7401
6806,6255
6807,3543
6808,6937
6809,4963
6810,6133
6811,4052
6812,6854
6813,6805
6814,5273
6815,10186
6816,4909
6817,4200
6818,6676
6819,7991
6820,4521
6821,4523
6822,6196
6823,5158
6824,4384
6825,5503
6826,4489
6827,8373
6828,6569
6829,6050
6830,6176
6831,4418
6832,4389
6833,5375
6834,6905
6835,5981
6836,7755
6837,7546
6838,7892
6839,4892
6840,7492
6841,6448
6842,4702
6843,5432
6844,7665
6845,6029
6846,5514
6847,8771
6848,7500
6849,6510
6850,4808
6851,7100
6852,6409
6853,5886
6854,5809
6855,3518
6856,4680
6857,7619
6858,6438
6859,5475
6860,3497
6861,7349
6862,5981
6863,6625
6864,5891
6865,5138
6866,4631
6867,3174
6868,8652
6869,5878
6870,6027
6871,5169
6872,4775
6873,8950
6874,5946
6875,5819
6876,3230
6877,5779
6878,4199
6879,7748
6880,7019
6881,5878
6882,10886
6883,3695
6884,4491
6885,8899
6886,4511
6887,5781
6888,2149
6889,7432
6890,7446
6891,5328
6892,5640
6893,5512
6894,5410
6895,5048
6896,7023
6897,8645
6898,2570
6899,5714
6900,2672
6901,11107
6902,3986
6903,7580
6904,9140
6905,5340
6906,5552
6907,4346
6908,4120
6909,3001
6910,3941
6911,5674
6912,4283
6913,6466
6914,6292
6915,4630
6916,5673
6917,6135
6918,8041
6919,8144
6920,6960
6921,4366
6922,3809
6923,8388
6924,9223
6925,4608
6926,6624
6927,4484
6928,6405
6929,4775
6930,4382
6931,6453
6932,3514
6933,5103
6934,4616
6935,7807
6936,6317
6937,6815
6938,6545
6939,4949
6940,7100
6941,16842
6942,8632
6943,4410
6944,2740
6945,5896
6946,6878
6947,4348
6948,5813
6949,12469
6950,5482
6951,8918
6952,19344
6953,3743
6954,5498
6955,4460
6956,3389
6957,7526
6958,4193
6959,7046
6960,8414
6961,6391
6962,5161
6963,6565
6964,4737
6965,5611
6966,3294
6967,5676
6968,6225
6969,8118
6970,5633
6971,5568
6972,3802
6973,6498
6974,4325
6975,4768
6976,3236
6977,7195
6978,5083
6979,5187
6980,6598
6981,6538
6982,5261
6983,4813
6984,4975
6985,4525
6986,5683
6987,5850
6988,8013
6989,6612
6990,6567
6991,5059
6992,3247
6993,5309
6994,5673
6995,5234
6996,4218
6997,2291
6998,7217
6999,5865
7000,8513
7001,5611
7002,4808
7003,6233
7004,4476
7005,4116
7006,8786
7007,5274
7008,6703
7009,7379
7010,11716
7011,5367
7012,4097
7013,6792
7014,4157
7015,5092
7016,5096
7017,6568
7018,4268
7019,6952
7020,3544
7021,4726
7022,3217
7023,8319
7024,4989
7025,12822
7026,10345
7027,4832
7028,5605
7029,4679
7030,5608
7031,4989
7032,10146
7033,7235
7034,7071
7035,3793
7036,7272
7037,4894
7038,8116
7039,7534
7040,6124
7041,5721
7042,6161
7043,6372
7044,7889
7045,7746
7046,5779
7047,6398
7048,8930
7049,6187
7050,6096
7051,5416
7052,7124
7053,6025
7054,4857
7055,4300
7056,5626
7057,4494
7058,7862
7059,5707
7060,7331
7061,5286
7062,8539
7063,4242
7064,6312
7065,8148
7066,6569
7067,7096
7068,5884
7069,3551
7070,11947
7071,7742
7072,7044
7073,14042
7074,7632
7075,6093
7076,5935
7077,7417
7078,9026
7079,8805
7080,9758
7081,5309
7082,6657
7083,5432
7084,7809
7085,3977
7086,8584
7087,5075
7088,4631
7089,5613
7090,6954
7091,6518
7092,4826
7093,7506
7094,4268
7095,3799
7096,6214
7097,4126
7098,3986
7099,4922
7100,5574
7101,8355
7102,8378
7103,5851
7104,6055
7105,5053
7106,8756
7107,5715
7108,5376
7109,4696
7110,4517
7111,8945
7112,3924
7113,11330
7114,6767
7115,3147
7116,4053
7117,5593
7118,5672
7119,4848
7120,7907
7121,9120
7122,9886
7123,5311
7124,10178
7125,2894
7126,4796
7127,5876
7128,4723
7129,5945
7130,4926
7131,6498
7132,3687
7133,4739
7134,10735
7135,8080
7136,4288
7137,4707
7138,8467
7139,8209
7140,6635
7141,5078
7142,4021
7143,7690
7144,5293
7145,6863
7146,4875
7147,5119
7148,6243
7149,6902
7150,3350
7151,4110
7152,4102
7153,5108
7154,8480
7155,6896
7156,7503
7157,11440
7158,5162
7159,9539
7160,10169
7161,6392
7162,4365
7163,2976
7164,6856
7165,5438
7166,5353
7167,5416
7168,5929
7169,9570
7170,4032
7171,4940
7172,6498
7173,4086
7174,7467
7175,4940
7176,4084
7177,6409
7178,3003
7179,5975
7180,7276
7181,5848
7182,6549
7183,8047
7184,6977
7185,4682
7186,6413
7187,7933
7188,6237
7189,4923
7190,5699
7191,4156
7192,8304
7193,6246
7194,5502
7195,4329
7196,6088
7197,7854
7198,6695
7199,5213
7200,7987
7201,4869
7202,6715
7203,14385
7204,5310
7205,9157
7206,4950
7207,5054
7208,5331
7209,4541
7210,3646
7211,4703
7212,8243
7213,11746
7214,7618
7215,8356
7216,8065
7217,10468
7218,9508
7219,7425
7220,5029
7221,4515
7222,10102
7223,9445
7224,6658
7225,7508
7226,8047
7227,5379
7228,3265
7229,9800
7230,5554
7231,5653
7232,5526
7233,1918
7234,10508
7235,9257
7236,11890
7237,5479
7238,4278
7239,4633
7240,5229
7241,5621
7242,5748
7243,6763
7244,4717
7245,3953
7246,5844
7247,3210
7248,2692
7249,4872
7250,12008
7251,6485
7252,16277
7253,3868
7254,5927
7255,6000
7256,5084
7257,4312
7258,4934
7259,4205
7260,3565
7261,7574
7262,6353
7263,3319
7264,7784
7265,4323
7266,4946
7267,4003
7268,8331
7269,6585
7270,8603
7271,4218
7272,5676
7273,4052
7274,4288
7275,4047
7276,12683
7277,9584
7278,5995
7279,4018
7280,4698
7281,5615
7282,3988
7283,7746
7284,3902
7285,12373
7286,3783
7287,4358
7288,4858
7289,8712
7290,6697
7291,4372
7292,5422
7293,5676
7294,6274
7295,6195
7296,4913
7297,3214
7298,8272
7299,4439
7300,3792
7301,5124
7302,5899
7303,5025
7304,5344
7305,7429
7306,7974
7307,6269
7308,6505
7309,3609
7310,7729
7311,5050
7312,4056
7313,7043
7314,6676
7315,5893
7316,7990
7317,5253
7318,5328
7319,5903
7320,4861
7321,4921
7322,6179
7323,7158
7324,5734
7325,5269
7326,4820
7327,8181
7328,5919
7329,4248
7330,10756
7331,4515
7332,2961
7333,6578
7334,8528
7335,7842
7336,4468
7337,5269
7338,5816
7339,3448
7340,5508
7341,6677
7342,5935
7343,5488
7344,5463
7345,7710
7346,2859
7347,4794
7348,5143
7349,4384
7350,4333
7351,6006
7352,6627
7353,5483
7354,4581
7355,6712
7356,5579
7357,7117
7358,7562
7359,4901
7360,5665
7361,5965
7362,6640
7363,6547
7364,8212
7365,3152
7366,8615
7367,5860
7368,6608
7369,8947
7370,4407
7371,3300
7372,10463
7373,7077
7374,7441
7375,5015
7376,5193
7377,8264
7378,3423
7379,5810
7380,4556
7381,7739
7382,5262
7383,4841
7384,6880
7385,4944
7386,7431
7387,10072
7388,14124
7389,6259
7390,4092
7391,4729
7392,3852
7393,2912
7394,9755
7395,7006
7396,5347
7397,8544
7398,5355
7399,8543
7400,4370
7401,5257
7402,5478
7403,7538
7404,4840
7405,5756
7406,5240
7407,4234
7408,6165
7409,4760
7410,6189
7411,7120
7412,7674
7413,6556
7414,6985
7415,5520
7416,9306
7417,4176
7418,5217
7419,10231
7420,6190
7421,7823
7422,6077
7423,15630
7424,4883
7425,4344
7426,4145
7427,5199
7428,8577
7429,9179
7430,6275
7431,6444
7432,7473
7433,3539
7434,6582
7435,6267
7436,5572
7437,7181
7438,5545
7439,4213
7440,4551
7441,3434
7442,4302
7443,7359
7444,5785
7445,10367
7446,14963
7447,5735
7448,4111
7449,6472
7450,7168
7451,7650
7452,3630
7453,5434
7454,3917
7455,7577
7456,5976
7457,5677
7458,11059
7459,13194
7460,4036
7461,6284
7462,3403
7463,4626
7464,4791
7465,7688
7466,4459
7467,4162
7468,4434
7469,6395
7470,5172
7471,3775
7472,5165
7473,6898
7474,6305
7475,6195
7476,2720
7477,9642
7478,15457
7479,3722
7480,6768
7481,7758
7482,6077
7483,4213
7484,3374
7485,3916
7486,6769
7487,4576
7488,6264
7489,9166
7490,4077
7491,4631
7492,5810
7493,4958
7494,4479
7495,4712
7496,5520
7497,8788
7498,6686
7499,8216
7500,5342
7501,3618
7502,5331
7503,4965
7504,7822
7505,5403
7506,4414
7507,18557
7508,5313
7509,5274
7510,10295
7511,5997
7512,5763
7513,5630
7514,5987
7515,4100
7516,8629
7517,12289
7518,4611
7519,4351
7520,5463
7521,10563
7522,5670
7523,4630
7524,5225
7525,4999
7526,5075
7527,4061
7528,7392
7529,3214
7530,5709
7531,2656
7532,18144
7533,7228
7534,3692
7535,5401
7536,8731
7537,5453
7538,5499
7539,7094
7540,5567
7541,4924
7542,3838
7543,7948
7544,5087
7545,5264
7546,5666
7547,6660
7548,4501
7549,7270
7550,5589
7551,3422
7552,7160
7553,8734
7554,3921
7555,7496
7556,6155
7557,4635
7558,8754
7559,4527
7560,6048
7561,6156
7562,7585
7563,3345
7564,4598
7565,4429
7566,7457
7567,5304
7568,7490
7569,3683
7570,7011
7571,3375
7572,5748
7573,4618
7574,5308
7575,5337
7576,6361
7577,6152
7578,8346
7579,4135
7580,5591
7581,6244
7582,6757
7583,5382
7584,7757
7585,8407
7586,5914
7587,2895
7588,5908
7589,4413
7590,5681
7591,5700
7592,3444
7593,10724
7594,4649
7595,5939
7596,8718
7597,6419
7598,3453
7599,9341
7600,5422
7601,8779
7602,4947
7603,6675
7604,7551
7605,6161
7606,4736
7607,6489
7608,4767
7609,4738
7610,5561
7611,7652
7612,7402
7613,4882
7614,4227
7615,6362
7616,7025
7617,5427
7618,6806
7619,5207
7620,5755
7621,3837
7622,7008
7623,6482
7624,6693
7625,5242
7626,5802
7627,6236
7628,7991
7629,5624
7630,6725
7631,4243
7632,5544
7633,7046
7634,5822
7635,4036
7636,3818
7637,6288
7638,8105
7639,4365
7640,4999
7641,7381
7642,5716
7643,4637
7644,5228
7645,4624
7646,2797
7647,6973
7648,3567
7649,6444
7650,5771
7651,6459
7652,5931
7653,8356
7654,7129
7655,6015
7656,4594
7657,7302
7658,6538
7659,3360
7660,2630
7661,6872
7662,3278
7663,6228
7664,10437
7665,7164
7666,6328
7667,3527
7668,6294
7669,5996
7670,5748
7671,6485
7672,7310
7673,6844
7674,4970
7675,7381
7676,4226
7677,5913
7678,4370
7679,4766
7680,6091
7681,5708
7682,5100
7683,6602
7684,4532
7685,8570
7686,6075
7687,4012
7688,3957
7689,8176
7690,6193
7691,4788
7692,5434
7693,6392
7694,4595
7695,5593
7696,5363
7697,6209
7698,4313
7699,4288
7700,8088
7701,5777
7702,5477
7703,3276
7704,9744
7705,5648
7706,4659
7707,5424
7708,9355
7709,6928
7710,6791
7711,8102
7712,6132
7713,5005
7714,5270
7715,6611
7716,8742
7717,10117
7718,4440
7719,4792
7720,3103
7721,4163
7722,8520
7723,11960
7724,5211
7725,3950
7726,5294
7727,5394
7728,5348
7729,6763
7730,7940
7731,5247
7732,3803
7733,7014
7734,4833
7735,7908
7736,8099
7737,4740
7738,6448
7739,3391
7740,6163
7741,6807
7742,6574
7743,6900
7744,5340
7745,6210
7746,4152
7747,5703
7748,7016
7749,7084
7750,6793
7751,7297
7752,5135
7753,3876
7754,8854
7755,4005
7756,10438
7757,5907
7758,3992
7759,4887
7760,5456
7761,5223
7762,7028
7763,7943
7764,4554
7765,10237
7766,3625
7767,4421
7768,5596
7769,6933
7770,9284
7771,5603
7772,4997
7773,4965
7774,5251
7775,6207
7776,4072
7777,5848
7778,4769
7779,9912
7780,5354
7781,7160
7782,10927
7783,7989
7784,4385
7785,4120
7786,5541
7787,9986
7788,4588
7789,6772
7790,4155
7791,8575
7792,5552
7793,4701
7794,4570
7795,4407
7796,4328
7797,5067
7798,4670
7799,4165
7800,3975
7801,4136
7802,7738
7803,5594
7804,19115
7805,5905
7806,4529
7807,2775
7808,4653
7809,9915
7810,2047
7811,2931
7812,6536
7813,3422
7814,7134
7815,4981
7816,5553
7817,6317
7818,4592
7819,3614
7820,6002
7821,5355
7822,2713
7823,5027
7824,4654
7825,6002
7826,5456
7827,3405
7828,4577
7829,8066
7830,8724
7831,5847
7832,7873
7833,2206
7834,8217
7835,3605
7836,5540
7837,2345
7838,8617
7839,7691
7840,9227
7841,9754
7842,7363
7843,6820
7844,3093
7845,4852
7846,6167
7847,8521
7848,4524
7849,3687
7850,5923
7851,5223
7852,5695
7853,2573
7854,7762
7855,4585
7856,7986
7857,6320
7858,3596
7859,9290
7860,3091
7861,9329
7862,6420
7863,6819
7864,2537
7865,5655
7866,5227
7867,3854
7868,7966
7869,11261
7870,3023
7871,6334
7872,5625
7873,8624
7874,7526
7875,5789
7876,7132
7877,2413
7878,2468
7879,4952
7880,6207
7881,8487
7882,8212
7883,2553
7884,4158
7885,8993
7886,9095
7887,6088
7888,3319
7889,11503
7890,5560
7891,3780
7892,3864
7893,2285
7894,4593
7895,7776
7896,3774
7897,6422
7898,3192
7899,6065
7900,4020
7901,1856
7902,4406
7903,5658
7904,5994
7905,8543
7906,7049
7907,5983
7908,3815
7909,11357
7910,3369
7911,6263
7912,7642
7913,13252
7914,5255
7915,3044
7916,6828
7917,5963
7918,6557
7919,5110
7920,10563
7921,6009
7922,2257
7923,8332
7924,4702
7925,6179
7926,2335
7927,7372
7928,3895
7929,2975
7930,8444
7931,4899
7932,5462
7933,8174
7934,7728
7935,4497
7936,5156
7937,7510
7938,3380
7939,3133
7940,7021
7941,5153
7942,7151
7943,3273
7944,4379
7945,6453
7946,4393
7947,3186
7948,5563
7949,5865
7950,6100
7951,7675
7952,8491
7953,7686
7954,4123
7955,7915
7956,5585
7957,3269
7958,3913
7959,8297
7960,7568
7961,2963
7962,7547
7963,9848
7964,6858
7965,4871
7966,7533
7967,7553
7968,5726
7969,4510
7970,2896
7971,5808
7972,5375
7973,4600
7974,5692
7975,3297
7976,6107
7977,7345
7978,6169
7979,6736
7980,6427
7981,2977
7982,1653
7983,7099
7984,6611
7985,7324
7986,3477
7987,5674
7988,4973
7989,5776
7990,5449
7991,3808
7992,4149
7993,5131
7994,7333
7995,6845
7996,7729
7997,14230
7998,3987
7999,4831
8000,10678
8001,3645
8002,5434
8003,799
8004,8040
8005,7131
8006,5801
8007,6735
8008,5744
8009,4632
8010,5310
8011,5472
8012,7926
8013,3296
8014,5247
8015,2875
8016,9077
8017,3405
8018,8360
8019,10645
8020,6483
8021,6299
8022,4507
8023,2127
8024,1894
8025,3602
8026,5704
8027,3143
8028,5767
8029,7444
8030,4062
8031,5407
8032,4846
8033,8970
8034,8026
8035,7534
8036,5318
8037,3158
8038,8595
8039,10118
8040,3728
8041,4608
8042,3806
8043,5660
8044,5779
8045,4014
8046,7006
8047,3108
8048,5100
8049,5284
8050,8764
8051,5845
8052,7514
8053,6796
8054,4733
8055,8629
8056,18011
8057,9151
8058,3992
8059,3767
8060,7058
8061,7971
8062,2944
8063,4702
8064,9375
8065,6199
8066,7049
8067,17310
8068,5618
8069,5861
8070,2748
8071,2308
8072,11278
8073,3499
8074,6633
8075,9078
8076,2905
8077,3550
8078,6662
8079,3900
8080,6692
8081,1993
8082,5094
8083,4969
8084,10933
8085,5904
8086,6084
8087,3089
8088,8044
8089,5907
8090,6914
8091,1688
8092,9462
8093,5178
8094,6089
8095,4417
8096,4639
8097,3487
8098,4733
8099,3515
8100,5320
8101,4700
8102,4920
8103,8233
8104,8099
8105,7863
8106,4143
8107,4514
8108,4571
8109,5003
8110,6809
8111,2984
8112,1247
8113,7285
8114,5877
8115,7829
8116,5654
8117,4480
8118,4651
8119,3474
8120,2547
8121,9263
8122,6372
8123,4915
8124,5643
8125,11813
8126,6369
8127,1898
8128,7660
8129,2117
8130,4390
8131,6231
8132,6442
8133,2594
8134,4417
8135,4477
8136,3849
8137,1659
8138,8307
8139,4896
8140,9738
8141,10592
8142,5999
8143,5840
8144,4220
8145,5104
8146,5064
8147,11600
8148,6907
8149,7060
8150,3064
8151,5944
8152,5746
8153,8282
8154,8764
8155,7154
8156,5930
8157,6724
8158,5282
8159,9297
8160,6376
8161,6984
8162,6311
8163,9862
8164,7253
8165,4998
8166,5943
8167,8226
8168,6256
8169,3379
8170,5713
8171,3181
8172,5151
8173,9296
8174,7235
8175,7809
8176,6305
8177,8879
8178,4831
8179,4505
8180,4482
8181,6164
8182,6495
8183,6762
8184,3261
8185,13613
8186,5251
8187,5631
8188,16107
8189,5650
8190,7579
8191,6631
8192,7441
8193,8695
8194,7468
8195,9985
8196,2942
8197,4739
8198,5912
8199,8915
8200,2693
8201,5621
8202,4809
8203,5388
8204,5630
8205,5934
8206,3519
8207,6166
8208,5455
8209,2898
8210,3262
8211,7611
8212,4373
8213,5043
8214,5976
8215,5816
8216,9666
8217,12329
8218,5043
8219,7797
8220,5737
8221,10010
8222,5166
8223,2963
8224,4177
8225,5520
8226,12792
8227,4108
8228,8778
8229,7850
8230,2185
8231,3848
8232,6160
8233,6269
8234,5172
8235,8828
8236,9388
8237,7511
8238,3934
8239,12278
8240,2228
8241,3792
8242,9378
8243,4244
8244,5669
8245,3718
8246,7413
8247,5139
8248,3836
8249,14547
8250,10966
8251,2489
8252,5200
8253,5921
8254,7744
8255,9821
8256,5370
8257,2815
8258,8057
8259,2096
8260,9963
8261,4900
8262,5745
8263,9798
8264,5976
8265,1478
8266,5175
8267,2269
8268,3938
8269,11907
8270,7965
8271,4554
8272,13210
8273,7899
8274,11299
8275,12656
8276,7090
8277,4377
8278,2144
8279,4985
8280,6811
8281,2642
8282,5815
8283,4613
8284,7324
8285,2490
8286,5660
8287,9049
8288,1756
8289,9446
8290,6106
8291,2873
8292,7305
8293,3330
8294,3196
8295,9606
8296,7087
8297,7159
8298,8853
8299,5686
8300,5003
8301,6955
8302,7003
8303,8205
8304,5825
8305,6834
8306,3612
8307,8764
8308,6504
8309,6029
8310,3954
8311,5206
8312,8807
8313,6364
8314,4134
8315,5481
8316,5373
8317,5107
8318,16245
8319,5130
8320,10707
8321,4952
8322,3608
8323,6638
8324,5781
8325,3123
8326,4907
8327,9236
8328,14838
8329,7393
8330,9863
8331,7207
8332,11240
8333,8813
8334,7232
8335,5276
8336,4369
8337,10916
8338,7799
8339,7524
8340,5475
8341,5699
8342,5084
8343,2323
8344,12574
8345,6687
8346,6188
8347,4865
8348,1508
8349,8896
8350,8449
8351,11834
8352,5857
8353,4355
8354,3820
8355,6763
8356,5080
8357,4237
8358,10747
8359,4424
8360,4510
8361,5477
8362,3782
8363,2627
8364,2298
8365,15037
8366,5000
8367,13108
8368,4572
8369,6343
8370,5497
8371,4060
8372,3306
8373,6447
8374,3199
8375,2832
8376,10946
8377,6342
8378,2726
8379,8685
8380,2567
8381,5925
8382,3608
8383,9452
8384,7959
8385,8953
8386,2391
8387,5124
8388,2700
8389,4892
8390,3544
8391,16643
8392,12071
8393,4943
8394,2829
8395,6027
8396,4293
8397,2642
8398,7555
8399,2381
8400,14516
8401,4198
8402,4825
8403,5782
8404,11977
8405,7048
8406,5209
8407,5223
8408,6088
8409,6567
8410,6962
8411,3959
8412,1177
8413,5001
8414,2894
8415,3041
8416,5691
8417,7318
8418,5967
8419,5227
8420,8353
8421,6070
8422,3222
8423,7587
8424,2194
8425,10052
8426,5194
8427,2827
8428,4757
8429,4417
8430,4967
8431,7558
8432,7133
8433,3933
8434,5994
8435,2435
8436,4797
8437,8198
8438,9007
8439,3557
8440,2154
8441,5238
8442,7415
8443,6406
8444,2613
8445,11593
8446,3764
8447,3464
8448,5936
8449,10269
8450,9660
8451,4309
8452,4535
8453,6139
8454,1457
8455,6921
8456,7413
8457,4734
8458,4556
8459,2945
8460,9106
8461,3088
8462,4859
8463,3976
8464,3559
8465,2723
8466,7636
8467,7258
8468,5827
8469,3805
8470,5267
8471,7901
8472,7868
8473,7709
8474,5018
8475,5311
8476,5795
8477,8319
8478,6916
8479,5578
8480,1999
8481,6277
8482,6387
8483,6630
8484,7990
8485,6038
8486,2725
8487,7706
8488,5558
8489,11184
8490,2834
8491,2563
8492,9663
8493,1564
8494,5367
8495,4595
8496,8520
8497,3985
8498,4708
8499,9315
8500,2817
8501,6441
8502,10465
8503,14721
8504,7087
8505,2460
8506,5617
8507,3750
8508,2309
8509,7755
8510,5276
8511,6521
8512,5397
8513,5492
8514,5288
8515,5046
8516,4999
8517,4696
8518,9607
8519,5594
8520,2501
8521,6266
8522,4260
8523,5576
8524,5878
8525,6102
8526,7782
8527,8292
8528,8502
8529,6130
8530,5161
8531,6140
8532,2964
8533,5923
8534,9236
8535,6992
8536,7223
8537,5867
8538,14263
8539,3297
8540,3624
8541,4809
8542,4365
8543,9324
8544,10238
8545,7964
8546,7537
8547,8013
8548,1984
8549,8074
8550,3269
8551,6577
8552,6246
8553,5709
8554,2056
8555,5105
8556,3697
8557,3210
8558,7466
8559,4909
8560,8931
8561,18075
8562,5594
8563,3020
8564,4980
8565,8534
8566,6749
8567,4427
8568,5678
8569,2015
8570,6209
8571,7007
8572,3365
8573,11096
8574,12176
8575,3195
8576,5556
8577,3805
8578,3824
8579,4206
8580,8717
8581,4042
8582,4568
8583,4642
8584,2781
8585,2608
8586,2528
8587,5715
8588,5835
8589,5034
8590,8064
8591,1159
8592,7674
8593,15470
8594,3118
8595,8485
8596,7357
8597,4779
8598,4487
8599,2475
8600,4503
8601,4903
8602,5344
8603,3080
8604,9945
8605,4498
8606,4051
8607,6434
8608,5128
8609,6161
8610,4848
8611,5991
8612,10485
8613,4577
8614,7264
8615,6002
8616,3810
8617,3216
8618,4531
8619,5872
8620,6236
8621,3758
8622,13202
8623,5255
8624,4950
8625,11956
8626,4850
8627,7025
8628,4549
8629,5427
8630,5244
8631,7084
8632,15549
8633,2990
8634,5593
8635,3411
8636,9714
8637,7061
8638,5027
8639,3775
8640,4351
8641,2512
8642,2020
8643,6906
8644,2171
8645,3808
8646,1247
8647,20699
8648,8838
8649,2221
8650,5677
8651,6441
8652,7261
8653,5440
8654,8329
8655,6043
8656,6069
8657,2911
8658,7569
8659,6448
8660,4071
8661,6213
8662,9512
8663,4456
8664,8485
8665,6745
8666,3171
8667,5941
8668,6606
8669,2695
8670,9298
8671,6988
8672,4756
8673,10325
8674,3792
8675,5075
8676,8783
8677,6928
8678,2290
8679,4969
8680,3752
8681,3312
8682,5134
8683,6016
8684,3440
8685,6093
8686,2417
8687,5832
8688,3026
8689,5637
8690,5768
8691,4854
8692,5981
8693,9285
8694,2744
8695,5806
8696,7399
8697,3185
8698,5609
8699,6390
8700,9253
8701,6737
8702,3909
8703,2079
8704,2079
8705,5568
8706,4914
8707,4023
8708,11893
8709,5584
8710,6101
8711,8738
8712,7107
8713,2184
8714,7754
8715,4600
8716,8231
8717,6562
8718,7555
8719,6369
8720,8790
8721,5417
8722,4307
8723,2777
8724,3330
8725,6436
8726,4363
8727,8602
8728,5100
8729,2999
8730,8188
8731,7650
8732,4857
8733,7891
8734,4511
8735,7345
8736,3115
8737,4852
8738,3797
8739,5153
8740,3465
8741,6588
8742,7784
8743,8258
8744,6635
8745,5631
8746,4121
8747,6347
8748,7257
8749,7445
8750,2879
8751,2917
8752,8914
8753,6192
8754,2896
8755,4032
8756,8232
8757,6505
8758,2422
8759,6510
8760,5098
8761,1816
8762,5184
8763,2851
8764,4352
8765,6489
8766,6253
8767,5380
8768,4268
8769,8538
8770,6302
8771,3689
8772,5734
8773,5134
8774,3081
8775,1181
8776,7410
8777,1532
8778,6088
8779,9481
8780,5944
8781,4507
8782,3090
8783,5457
8784,5455
8785,5142
8786,5691
8787,6275
8788,8449
8789,6702
8790,8996
8791,4172
8792,3939
8793,4628
8794,3634
8795,5391
8796,7006
8797,3548
8798,5455
8799,2869
8800,7899
8801,4780
8802,4480
8803,3938
8804,5518
8805,7528
8806,3469
8807,6776
8808,4712
8809,5421
8810,5437
8811,6157
8812,7917
8813,4690
8814,3673
8815,10215
8816,6922
8817,6677
8818,2077
8819,4916
8820,5207
8821,4240
8822,4762
8823,10913
8824,8256
8825,9525
8826,9917
8827,6599
8828,5473
8829,6221
8830,6310
8831,7759
8832,10533
8833,3418
8834,1786
8835,1434
8836,4259
8837,5376
8838,10073
8839,2440
8840,1873
8841,5623
8842,5897
8843,5795
8844,9028
8845,7193
8846,6512
8847,2805
8848,7923
8849,6273
8850,6236
8851,6914
8852,3586
8853,6533
8854,3051
8855,6675
8856,5758
8857,5447
8858,6299
8859,3895
8860,6536
8861,5310
8862,6944
8863,5112
8864,8338
8865,5686
8866,8827
8867,5421
8868,3589
8869,8605
8870,2674
8871,11004
8872,5859
8873,4877
8874,3309
8875,7241
8876,4685
8877,4504
8878,6738
8879,4457
8880,12855
8881,3213
8882,3056
8883,5638
8884,6359
8885,10547
8886,2703
8887,4756
8888,6223
8889,5819
8890,4825
8891,3416
8892,6338
8893,3275
8894,11125
8895,2974
8896,6945
8897,13739
8898,7488
8899,6314
8900,3247
8901,5314
8902,7981
8903,2637
8904,7175
8905,2989
8906,8469
8907,6701
8908,5899
8909,6041
8910,5161
8911,2813
8912,5574
8913,2252
8914,3708
8915,3147
8916,2885
8917,8287
8918,5624
8919,21703
8920,7776
8921,0
8922,0
8923,0
8924,0
8925,0
8926,0
8927,0
8928,0
8929,0
8930,0
8931,0
8932,0
8933,0
8934,0
8935,0
8936,0
8937,0
8938,0
8939,0
8940,0
8941,0
8942,0
8943,0
8944,0
8945,0
8946,0
8947,0
8948,0
8949,0
8950,0
8951,0
8952,0
8953,0
8954,0
8955,0
8956,0
8957,0
8958,0
8959,0
8960,0
8961,0
8962,0
8963,0
8964,0
8965,0
8966,0
8967,0
8968,0
8969,0
8970,0
8971,0
8972,0
8973,0
8974,0
8975,0
8976,0
8977,0
8978,0
8979,0
8980,0
8981,0
8982,0
8983,0
8984,0
8985,0
8986,0
8987,0
8988,0
8989,0
8990,0
8991,0
8992,0
8993,0
8994,0
8995,0
8996,0
8997,0
8998,0
8999,0
9000,0
9001,0
9002,0
9003,0
9004,0
9005,12375
9006,0
9007,0
9008,0
9009,0
9010,0
9011,0
9012,0
9013,0
9014,0
9015,0
9016,0
9017,0
9018,0
9019,0
9020,0
9021,0
9022,0
9023,0
9024,0
9025,0
9026,0
9027,0
9028,0
9029,0
9030,0
9031,0
9032,0
9033,0
9034,0
9035,0
9036,0
9037,0
9038,0
9039,0
9040,0
9041,0
9042,3131
9043,0
9044,0
9045,0
9046,0
9047,0
9048,0
9049,0
9050,0
9051,0
9052,0
9053,0
9054,0
9055,0
9056,0
9057,0
9058,0
9059,0
9060,0
9061,0
9062,0
9063,0
9064,0
9065,0
9066,0
9067,0
9068,0
9069,0
9070,0
9071,0
9072,0
9073,0
9074,0
9075,0
9076,0
9077,0
9078,0
9079,0
9080,0
9081,0
9082,0
9083,0
9084,0
9085,0
9086,0
9087,0
9088,0
9089,0
9090,0
9091,0
9092,0
9093,0
9094,0
9095,0
9096,0
9097,0
9098,0
9099,0
9100,0
9101,0
9102,0
9103,0
9104,0
9105,0
9106,0
9107,0
9108,0
9109,0
9110,0
9111,0
9112,0
9113,0
9114,0
9115,0
9116,0
9117,0
9118,0
9119,0
9120,0
9121,0
9122,0
9123,0
9124,0
9125,0
9126,0
9127,0
9128,0
9129,2353
9130,0
9131,0
9132,0
9133,0
9134,0
9135,0
9136,0
9137,0
9138,0
9139,0
9140,0
9141,0
9142,0
9143,0
9144,0
9145,0
9146,0
9147,0
9148,0
9149,0
9150,0
9151,0
9152,0
9153,0
9154,0
9155,0
9156,0
9157,0
9158,0
9159,0
9160,0
9161,0
9162,0
9163,0
9164,0
9165,0
9166,0
9167,0
9168,0
9169,0
9170,0
9171,0
9172,0
9173,0
9174,0
9175,0
9176,0
9177,0
9178,0
9179,16666
9180,0
9181,0
9182,29497
9183,0
9184,0
9185,0
9186,0
9187,0
9188,0
9189,0
9190,0
9191,0
9192,0
9193,0
9194,7784
9195,0
9196,0
9197,0
9198,0
9199,0
9200,0
9201,0
9202,0
9203,0
9204,0
9205,0
9206,0
9207,0
9208,0
9209,0
9210,0
9211,0
9212,0
9213,0
9214,0
9215,0
9216,0
9217,0
9218,0
9219,3876
9220,0
9221,0
9222,0
9223,0
9224,0
9225,0
9226,0
9227,0
9228,0
9229,0
9230,2714
9231,0
9232,0
9233,0
9234,0
9235,0
9236,0
9237,0
9238,0
9239,0
9240,0
9241,0
9242,0
9243,0
9244,0
9245,0
9246,0
9247,0
9248,0
9249,0
9250,0
9251,0
9252,0
9253,0
9254,0
9255,9302
9256,0
9257,0
9258,0
9259,0
9260,0
9261,0
9262,0
9263,0
9264,0
9265,0
9266,0
9267,0
9268,0
9269,0
9270,0
9271,0
9272,0
9273,9125
9274,0
9275,0
9276,0
9277,0
9278,0
9279,0
9280,0
9281,0
9282,0
9283,0
9284,0
9285,0
9286,0
9287,0
9288,0
9289,0
9290,0
9291,0
9292,0
9293,0
9294,0
9295,0
9296,0
9297,0
9298,0
9299,0
9300,0
9301,0
9302,0
9303,0
9304,0
9305,0
9306,0
9307,0
9308,0
9309,0
9310,0
9311,0
9312,0
9313,0
9314,0
9315,0
9316,0
9317,0
9318,0
9319,0
9320,0
9321,0
9322,0
9323,0
9324,0
9325,0
9326,0
9327,0
9328,0
9329,0
9330,0
9331,0
9332,0
9333,0
9334,0
9335,0
9336,0
9337,0
9338,0
9339,0
9340,0
9341,0
9342,0
9343,14747
9344,0
9345,0
9346,0
9347,0
9348,0
9349,0
9350,0
9351,0
9352,0
9353,1695
9354,0
9355,0
9356,0
9357,0
9358,0
9359,0
9360,0
9361,0
9362,0
9363,0
9364,0
9365,0
9366,0
9367,0
9368,0
9369,0
9370,0
9371,0
9372,0
9373,4510
9374,0
9375,0
9376,0
9377,0
9378,0
9379,0
9380,0
9381,0
9382,0
9383,0
9384,0
9385,0
9386,0
9387,0
9388,0
9389,0
9390,0
9391,0
9392,0
9393,0
9394,0
9395,0
9396,0
9397,0
9398,0
9399,0
9400,0
9401,0
9402,0
9403,0
9404,0
9405,0
9406,0
9407,0
9408,0
9409,0
9410,0
9411,0
9412,0
9413,0
9414,8695
9415,0
9416,0
9417,0
9418,0
9419,0
9420,0
9421,0
9422,0
9423,0
9424,0
9425,0
9426,0
9427,0
9428,0
9429,0
9430,0
9431,0
9432,7728
9433,0
9434,0
9435,0
9436,0
9437,0
9438,0
9439,0
9440,0
9441,0
9442,0
9443,0
9444,2335
9445,0
9446,0
9447,0
9448,0
9449,0
9450,4657
9451,0
9452,0
9453,0
9454,0
9455,0
9456,0
9457,0
9458,0
9459,0
9460,0
9461,0
9462,0
9463,0
9464,0
9465,0
9466,0
9467,0
9468,0
9469,0
9470,0
9471,0
9472,0
9473,0
9474,0
9475,0
9476,0
9477,0
9478,0
9479,0
9480,0
9481,0
9482,19509
9483,0
9484,0
9485,0
9486,0
9487,0
9488,0
9489,0
9490,0
9491,0
9492,0
9493,0
9494,0
9495,0
9496,0
9497,0
9498,5880
9499,0
9500,0
9501,0
9502,0
9503,0
9504,0
9505,0
9506,0
9507,0
9508,0
9509,0
9510,0
9511,0
9512,0
9513,0
9514,0
9515,0
9516,0
9517,0
9518,0
9519,0
9520,0
9521,0
9522,0
9523,0
9524,0
9525,0
9526,0
9527,0
9528,0
9529,0
9530,0
9531,0
9532,0
9533,0
9534,0
9535,0
9536,0
9537,0
9538,0
9539,0
9540,0
9541,0
9542,0
9543,0
9544,0
9545,0
9546,0
9547,0
9548,0
9549,0
9550,0
9551,0
9552,0
9553,0
9554,0
9555,0
9556,0
9557,0
9558,0
9559,0
9560,0
9561,0
9562,0
9563,0
9564,0
9565,0
9566,0
9567,0
9568,0
9569,0
9570,0
9571,0
9572,0
9573,0
9574,0
9575,0
9576,0
9577,0
9578,0
9579,0
9580,0
9581,0
9582,0
9583,0
9584,0
9585,0
9586,0
9587,0
9588,0
9589,0
9590,0
9591,0
9592,0
9593,0
9594,0
9595,0
9596,13372
9597,0
9598,0
9599,0
9600,0
9601,0
9602,7629
9603,0
9604,0
9605,0
9606,0
9607,0
9608,0
9609,0
9610,0
9611,0
9612,0
9613,0
9614,0
9615,0
9616,0
9617,0
9618,0
9619,0
9620,0
9621,0
9622,0
9623,0
9624,0
9625,0
9626,0
9627,0
9628,0
9629,0
9630,0
9631,0
9632,0
9633,0
9634,0
9635,0
9636,0
9637,0
9638,0
9639,0
9640,0
9641,0
9642,0
9643,0
9644,0
9645,0
9646,0
9647,0
9648,0
9649,0
9650,0
9651,0
9652,2825
9653,16272
9654,0
9655,0
9656,0
9657,0
9658,0
9659,0
9660,0
9661,0
9662,0
9663,0
9664,0
9665,0
9666,0
9667,0
9668,0
9669,0
9670,0
9671,0
9672,0
9673,0
9674,0
9675,0
9676,0
9677,0
9678,0
9679,0
9680,0
9681,0
9682,0
9683,0
9684,0
9685,0
9686,0
9687,0
9688,0
9689,12441
9690,0
9691,0
9692,0
9693,0
9694,0
9695,0
9696,0
9697,0
9698,0
9699,0
9700,0
9701,0
9702,0
9703,0
9704,0
9705,0
9706,0
9707,0
9708,0
9709,0
9710,0
9711,0
9712,0
9713,0
9714,0
9715,0
9716,0
9717,0
9718,0
9719,0
9720,0
9721,0
9722,0
9723,0
9724,0
9725,0
9726,0
9727,0
9728,0
9729,0
9730,0
9731,0
9732,0
9733,0
9734,0
9735,0
9736,0
9737,0
9738,0
9739,0
9740,0
9741,0
9742,0
9743,0
9744,0
9745,0
9746,0
9747,0
9748,0
9749,0
9750,0
9751,0
9752,0
9753,0
9754,0
9755,0
9756,0
9757,0
9758,0
9759,0
9760,0
9761,0
9762,0
9763,0
9764,0
9765,0
9766,0
9767,0
9768,0
9769,0
9770,0
9771,0
9772,0
9773,0
9774,0
9775,0
9776,0
9777,0
9778,0
9779,0
9780,0
9781,0
9782,0
9783,2427
9784,0
9785,0
9786,0
9787,2039
9788,0
9789,0
9790,0
9791,0
9792,0
9793,0
9794,0
9795,0
9796,0
9797,0
9798,0
9799,0
9800,0
9801,0
9802,0
9803,0
9804,0
9805,0
9806,0
9807,0
9808,0
9809,0
9810,0
9811,0
9812,0
9813,0
9814,0
9815,0
9816,0
9817,0
9818,0
9819,0
9820,0
9821,0
9822,0
9823,0
9824,0
9825,0
9826,0
9827,0
9828,0
9829,0
9830,0
9831,0
9832,0
9833,0
9834,0
9835,0
9836,0
9837,0
9838,0
9839,0
9840,0
9841,0
9842,0
9843,0
9844,0
9845,0
9846,0
9847,0
9848,0
9849,0
9850,0
9851,2168
9852,0
9853,0
9854,0
9855,0
9856,0
9857,0
9858,0
9859,0
9860,0
9861,0
9862,0
9863,0
9864,0
9865,0
9866,0
9867,0
9868,11832
9869,0
9870,0
9871,0
9872,0
9873,0
9874,0
9875,0
9876,0
9877,0
9878,0
9879,0
9880,0
9881,0
9882,0
9883,0
9884,0
9885,0
9886,0
9887,0
9888,0
9889,0
9890,0
9891,0
9892,0
9893,0
9894,0
9895,0
9896,0
9897,0
9898,0
9899,0
9900,0
9901,0
9902,0
9903,0
9904,0
9905,0
9906,0
9907,0
9908,0
9909,0
9910,0
9911,0
9912,0
9913,0
9914,0
9915,0
9916,0
9917,0
9918,0
9919,0
9920,0
9921,0
9922,0
9923,0
9924,0
9925,0
9926,0
9927,0
9928,0
9929,0
9930,0
9931,0
9932,0
9933,0
9934,0
9935,0
9936,0
9937,0
9938,0
9939,0
9940,0
9941,0
9942,0
9943,0
9944,0
9945,0
9946,0
9947,0
9948,0
9949,0
9950,0
9951,0
9952,0
9953,0
9954,0
9955,0
9956,0
9957,0
9958,0
9959,0
9960,0
9961,0
9962,0
9963,0
9964,0
9965,4143
9966,0
9967,0
9968,0
9969,0
9970,0
9971,0
9972,0
9973,0
9974,0
9975,0
9976,0
9977,0
9978,0
9979,0
9980,0
9981,0
9982,0
9983,0
9984,0
9985,0
9986,0
9987,0
9988,0
9989,0
9990,0
9991,0
9992,0
9993,0
9994,0
9995,0
9996,0
9997,0
9998,0
9999,0
10000,0
10001,5093
10002,0
10003,0
10004,0
10005,0
10006,0
10007,0
10008,0
10009,0
10010,0
10011,0
10012,0
10013,0
10014,0
10015,0
10016,0
10017,13513
10018,0
10019,4839
10020,0
10021,0
10022,0
10023,0
10024,0
10025,0
10026,0
10027,0
10028,0
10029,0
10030,0
10031,0
10032,0
10033,0
10034,0
10035,0
10036,5705
10037,8127
10038,11684
10039,12546
10040,7785
10041,6960
10042,13460
10043,10153
10044,11890
10045,7889
10046,10163
10047,12397
10048,8274
10049,8938
10050,10886
10051,11196
10052,10651
10053,11142
10054,10900
10055,10708
10056,9779
10057,6962
10058,8873
10059,17515
10060,15728
10061,11000
10062,17040
10063,7750
10064,14554
10065,6535
10066,7976
10067,6628
10068,11742
10069,11273
10070,19699
10071,11406
10072,9333
10073,10874
10074,9735
10075,5706
10076,8724
10077,16825
10078,10618
10079,8457
10080,8048
10081,9306
10082,11025
10083,4946
10084,10499
10085,7506
10086,10101
10087,9997
10088,8013
10089,11024
10090,8066
10091,11040
10092,15251
10093,12242
10094,9245
10095,14717
10096,7747
10097,9443
10098,11131
10099,17641
10100,8853
10101,8450
10102,12075
10103,9067
10104,12005
10105,10053
10106,14925
10107,8913
10108,7061
10109,9479
10110,8331
10111,12808
10112,12707
10113,6232
10114,8828
10115,11189
10116,9427
10117,15820
10118,5892
10119,18772
10120,9312
10121,7998
10122,8815
10123,10444
10124,8431
10125,12401
10126,7018
10127,11868
10128,9688
10129,12611
10130,10705
10131,10067
10132,10647
10133,8951
10134,8371
10135,10507
10136,10609
10137,11456
10138,6534
10139,12061
10140,8245
10141,11723
10142,9616
10143,16010
10144,9057
10145,6363
10146,10524
10147,7549
10148,7664
10149,7698
10150,10644
10151,10240
10152,5643
10153,14298
10154,8968
10155,11274
10156,6675
10157,10401
10158,13087
10159,6884
10160,16949
10161,9056
10162,8957
10163,13283
10164,12117
10165,7643
10166,7730
10167,10900
10168,9078
10169,6507
10170,9597
10171,9012
10172,11072
10173,12408
10174,9876
10175,10699
10176,8283
10177,6304
10178,10457
10179,9322
10180,10253
10181,14077
10182,12523
10183,12039
10184,8666
10185,12680
10186,11095
10187,9004
10188,11957
10189,14303
10190,10750
10191,11745
10192,15205
10193,9969
10194,11926
10195,8277
10196,10194
10197,12137
10198,9015
10199,11566
10200,5785
10201,8230
10202,14446
10203,11327
10204,9338
10205,6193
10206,14401
10207,9027
10208,12047
10209,8315
10210,8290
10211,8984
10212,6421
10213,16104
10214,12251
10215,10442
10216,10393
10217,8410
10218,12989
10219,10602
10220,10195
10221,5988
10222,9094
10223,9259
10224,11392
10225,10726
10226,8530
10227,15751
10228,8098
10229,6724
10230,15663
10231,8458
10232,9375
10233,6021
10234,12886
10235,10632
10236,7651
10237,8975
10238,9832
10239,7756
10240,10128
10241,13507
10242,17815
10243,4268
10244,9091
10245,4873
10246,19992
10247,6871
10248,14548
10249,14628
10250,9666
10251,10868
10252,6762
10253,7037
10254,4486
10255,7107
10256,8986
10257,8233
10258,11569
10259,11168
10260,8139
10261,9553
10262,9807
10263,11816
10264,13836
10265,10980
10266,7805
10267,5577
10268,12791
10269,19533
10270,9596
10271,11215
10272,6551
10273,11351
10274,8842
10275,7361
10276,9798
10277,8064
10278,10532
10279,10790
10280,11552
10281,9878
10282,13373
10283,11319
10284,7810
10285,15037
10286,26260
10287,17628
10288,10430
10289,4985
10290,9860
10291,13096
10292,7349
10293,8617
10294,14016
10295,7641
10296,22888
10297,21831
10298,6011
10299,10479
10300,9136
10301,6072
10302,11083
10303,7735
10304,15260
10305,12907
10306,15511
10307,10966
10308,13431
10309,5192
10310,9315
10311,5495
10312,9026
10313,10315
10314,18111
10315,8181
10316,8287
10317,6760
10318,10038
10319,8446
10320,7484
10321,6793
10322,10531
10323,8695
10324,9208
10325,12094
10326,12700
10327,11812
10328,9577
10329,8738
10330,8011
10331,10176
10332,11081
10333,11298
10334,10000
10335,10241
10336,7605
10337,5848
10338,9387
10339,9984
10340,9788
10341,6283
10342,4481
10343,14056
10344,12304
10345,13388
10346,9673
10347,8878
10348,11346
10349,8650
10350,6323
10351,16606
10352,8116
10353,10528
10354,10176
10355,19356
10356,8328
10357,9324
10358,10444
10359,9350
10360,9284
10361,7983
10362,11857
10363,6559
10364,10855
10365,6317
10366,8297
10367,5910
10368,13640
10369,7845
10370,24970
10371,18735
10372,6778
10373,10045
10374,7275
10375,10266
10376,8508
10377,14806
10378,13345
10379,15386
10380,6579
10381,10796
10382,6939
10383,11249
10384,10592
10385,11028
10386,10596
10387,8927
10388,7902
10389,13114
10390,12437
10391,8490
10392,11646
10393,16683
10394,8638
10395,10644
10396,9247
10397,12814
10398,10315
10399,7158
10400,7997
10401,10283
10402,9165
10403,18381
10404,8805
10405,12404
10406,10829
10407,15858
10408,6519
10409,10800
10410,16563
10411,12821
10412,12071
10413,9952
10414,6638
10415,20228
10416,13381
10417,12482
10418,20769
10419,15242
10420,11499
10421,11413
10422,14925
10423,16609
10424,14660
10425,17047
10426,9761
10427,12695
10428,9504
10429,12374
10430,5788
10431,16150
10432,10865
10433,9001
10434,9165
10435,15293
10436,13208
10437,8670
10438,11042
10439,7663
10440,9558
10441,10744
10442,6352
10443,7431
10444,9410
10445,11358
10446,15190
10447,12017
10448,9723
10449,9341
10450,8048
10451,15692
10452,12000
10453,9635
10454,8302
10455,7560
10456,12142
10457,5997
10458,12685
10459,11797
10460,5314
10461,7932
10462,12957
10463,8540
10464,8069
10465,11363
10466,13710
10467,14982
10468,8119
10469,13303
10470,4789
10471,8290
10472,10295
10473,10757
10474,11368
10475,8316
10476,9697
10477,7529
10478,8400
10479,13646
10480,10697
10481,8323
10482,7431
10483,13274
10484,15149
10485,11034
10486,8419
10487,7711
10488,11753
10489,9354
10490,9480
10491,9495
10492,8575
10493,10476
10494,14681
10495,6500
10496,6736
10497,7134
10498,9816
10499,12360
10500,12908
10501,13291
10502,18193
10503,7408
10504,16273
10505,17485
10506,9975
10507,7208
10508,5422
10509,11373
10510,9423
10511,9893
10512,8991
10513,10712
10514,15974
10515,7822
10516,9818
10517,10619
10518,8475
10519,9612
10520,7795
10521,8145
10522,10851
10523,5594
10524,13614
10525,10210
10526,10402
10527,10890
10528,14984
10529,11082
10530,9585
10531,12221
10532,11471
10533,8733
10534,8377
10535,7812
10536,7006
10537,14285
10538,11438
10539,9165
10540,8204
10541,12385
10542,14313
10543,12686
10544,10044
10545,12815
10546,6947
10547,7504
10548,23054
10549,10307
10550,12423
10551,10504
10552,9364
10553,10482
10554,8574
10555,5868
10556,7434
10557,12748
10558,17677
10559,11346
10560,12637
10561,16259
10562,15340
10563,17923
10564,11824
10565,7272
10566,6758
10567,13541
10568,15729
10569,13492
10570,12911
10571,13216
10572,9427
10573,6252
10574,13692
10575,11884
10576,11459
10577,8918
10578,5498
10579,21720
10580,18896
10581,18379
10582,8002
10583,8595
10584,6593
10585,8253
10586,8976
10587,15227
10588,9583
10589,7178
10590,7161
10591,11289
10592,6904
10593,4341
10594,10329
10595,18770
10596,10614
10597,22235
10598,7169
10599,9234
10600,11273
10601,8425
10602,8722
10603,7373
10604,6221
10605,6659
10606,11521
10607,11451
10608,6013
10609,13516
10610,11408
10611,10301
10612,6755
10613,12760
10614,12636
10615,12946
10616,8506
10617,10370
10618,6822
10619,7526
10620,6828
10621,20886
10622,15214
10623,8716
10624,9304
10625,7436
10626,8012
10627,6683
10628,12538
10629,6560
10630,21680
10631,6347
10632,7149
10633,7637
10634,12895
10635,10952
10636,7444
10637,9436
10638,11456
10639,10105
10640,11230
10641,8215
10642,7562
10643,16667
10644,6737
10645,7543
10646,7692
10647,10610
10648,9165
10649,8454
10650,12949
10651,12339
10652,10720
10653,9923
10654,7321
10655,11385
10656,8663
10657,6339
10658,11004
10659,10801
10660,11414
10661,14880
10662,9827
10663,9495
10664,8908
10665,9383
10666,8307
10667,9614
10668,9067
10669,11804
10670,10477
10671,12483
10672,11990
10673,8130
10674,7401
10675,17943
10676,9131
10677,4679
10678,11190
10679,12025
10680,14783
10681,6817
10682,8924
10683,9560
10684,6432
10685,8271
10686,10397
10687,11663
10688,8929
10689,11466
10690,15849
10691,4893
10692,10507
10693,9452
10694,8327
10695,8309
10696,9371
10697,14683
10698,7655
10699,8631
10700,12095
10701,10924
10702,13578
10703,12776
10704,6960
10705,9519
10706,10034
10707,10682
10708,11488
10709,13432
10710,6505
10711,10299
10712,10326
10713,13096
10714,14487
10715,6412
10716,5481
10717,16977
10718,12656
10719,14474
10720,11169
10721,10649
10722,12963
10723,6192
10724,9926
10725,8194
10726,12900
10727,11888
10728,14037
10729,10562
10730,11868
10731,12057
10732,18000
10733,20396
10734,10608
10735,8077
10736,10210
10737,6379
10738,5118
10739,15812
10740,13816
10741,8049
10742,13893
10743,8032
10744,14412
10745,8159
10746,9712
10747,9090
10748,14984
10749,7695
10750,10282
10751,8327
10752,10135
10753,10134
10754,7023
10755,10701
10756,9493
10757,12118
10758,11800
10759,10087
10760,7819
10761,17261
10762,6986
10763,7337
10764,17754
10765,10270
10766,15421
10767,9466
10768,17305
10769,9231
10770,9903
10771,7868
10772,10666
10773,12617
10774,17488
10775,10876
10776,11673
10777,12627
10778,7340
10779,9897
10780,13598
10781,10880
10782,11592
10783,9952
10784,7654
10785,8047
10786,6212
10787,9886
10788,12691
10789,10721
10790,15344
10791,23582
10792,10350
10793,7006
10794,12597
10795,9260
10796,13715
10797,6788
10798,8717
10799,5588
10800,11635
10801,9383
10802,9198
10803,19845
10804,13981
10805,8263
10806,9532
10807,5560
10808,6727
10809,7949
10810,12264
10811,8745
10812,6612
10813,7796
10814,11497
10815,10153
10816,7810
10817,8418
10818,10009
10819,11668
10820,12913
10821,5922
10822,15151
10823,24108
10824,4302
10825,10502
10826,14355
10827,12686
10828,9946
10829,4200
10830,8203
10831,12530
10832,7233
10833,11971
10834,13464
10835,7235
10836,8587
10837,10679
10838,9433
10839,7031
10840,8669
10841,11272
10842,13084
10843,10810
10844,16484
10845,8184
10846,5547
10847,10040
10848,8017
10849,12901
10850,8338
10851,7359
10852,26943
10853,11365
10854,8365
10855,15130
10856,10676
10857,11469
10858,9139
10859,10664
10860,6929
10861,13256
10862,15919
10863,8537
10864,7771
10865,10289
10866,18752
10867,9650
10868,8396
10869,9517
10870,9004
10871,10058
10872,6089
10873,12593
10874,6387
10875,9305
10876,4237
10877,24198
10878,11718
10879,7612
10880,6946
10881,15947
10882,9880
10883,10427
10884,11020
10885,11185
10886,7075
10887,7124
10888,12554
10889,8943
10890,9869
10891,10003
10892,10263
10893,7213
10894,10391
10895,8577
10896,5260
10897,11715
10898,11407
10899,6359
10900,10935
10901,10876
10902,7242
10903,13478
10904,10481
10905,8961
10906,9268
10907,10916
10908,5280
10909,7327
10910,8480
10911,16009
10912,8490
10913,13038
10914,6503
10915,10830
10916,7690
10917,8405
10918,7209
10919,9415
10920,8550
10921,10523
10922,11490
10923,12217
10924,6534
10925,10575
10926,11119
10927,12156
10928,8589
10929,14428
10930,12917
10931,8498
10932,4518
10933,11409
10934,9401
10935,8698
10936,10839
10937,4765
10938,14830
10939,8192
10940,9847
10941,14932
10942,8875
10943,7993
10944,13438
10945,10142
10946,14194
10947,7406
10948,12206
10949,12913
10950,8613
10951,7717
10952,10152
10953,8074
10954,8476
10955,8072
10956,13212
10957,10241
10958,6902
10959,8228
10960,8545
10961,13205
10962,10856
10963,15409
10964,8362
10965,10338
10966,5879
10967,10655
10968,10887
10969,11341
10970,8466
10971,9084
10972,12060
10973,13388
10974,9249
10975,11456
10976,8214
10977,9915
10978,10091
10979,9337
10980,6016
10981,6514
10982,10069
10983,9169
10984,9154
10985,8992
10986,13499
10987,7547
10988,8560
10989,11479
10990,8450
10991,5369
10992,13948
10993,5438
10994,11030
10995,11087
10996,9496
10997,11473
10998,18741
10999,12789
11000,11725
11001,6805
11002,12468
11003,10523
11004,5561
11005,5261
11006,11833
11007,6245
11008,12411
11009,15317
11010,12242
11011,11861
11012,9134
11013,11369
11014,11479
11015,11130
11016,11256
11017,13668
11018,14110
11019,11168
11020,12067
11021,7717
11022,10388
11023,6626
11024,8087
11025,9292
11026,8271
11027,8057
11028,12434
11029,10318
11030,13304
11031,13113
11032,8427
11033,6409
11034,14874
11035,9540
11036,10023
11037,9569
11038,12730
11039,8610
11040,8860
11041,9920
11042,10599
11043,8507
11044,6605
11045,13912
11046,11406
11047,8245
11048,6632
11049,18816
11050,9147
11051,10520
11052,8951
11053,15425
11054,15000
11055,10922
11056,11339
11057,12588
11058,9160
11059,8303
11060,10099
11061,15399
11062,20903
11063,10252
11064,8022
11065,5927
11066,8876
11067,14977
11068,20329
11069,10590
11070,8036
11071,8208
11072,9074
11073,8192
11074,11999
11075,15269
11076,7669
11077,6744
11078,10487
11079,8935
11080,11273
11081,14334
11082,8573
11083,12222
11084,5444
11085,10546
11086,12027
11087,11708
11088,13787
11089,9866
11090,10800
11091,7603
11092,8883
11093,11270
11094,11856
11095,12010
11096,11329
11097,10198
11098,7341
11099,13808
11100,5935
11101,14535
11102,8639
11103,7081
11104,10366
11105,10456
11106,8665
11107,11684
11108,13811
11109,8579
11110,14115
11111,7248
11112,7653
11113,12114
11114,13425
11115,13872
11116,9437
11117,9224
11118,7771
11119,8749
11120,10587
11121,10222
11122,9485
11123,9365
11124,15202
11125,11155
11126,13042
11127,14720
11128,10867
11129,6785
11130,7846
11131,9600
11132,11967
11133,8186
11134,11705
11135,8972
11136,15822
11137,8950
11138,8746
11139,8151
11140,9975
11141,7770
11142,11419
11143,10555
11144,7919
11145,8541
11146,8434
11147,15712
11148,8649
11149,25098
11150,10221
11151,5404
11152,8056
11153,11093
11154,11822
11155,6845
11156,6481
11157,12788
11158,9167
11159,8986
11160,7156
11161,10268
11162,12158
11163,7228
11164,7707
11165,10278
11166,10606
11167,10903
11168,10658
11169,9114
11170,11557
11171,9328
11172,6345
11173,7430
11174,13979
11175,13892
11176,9116
11177,15435
11178,7020
11179,10927
11180,5674
11181,7366
11182,6250
11183,9677
11184,10606
11185,17421
11186,11576
11187,8181
11188,8023
11189,7511
11190,5176
11191,7768
11192,14666
11193,9180
11194,7616
11195,6790
11196,8204
11197,11549
11198,4399
11199,9459
11200,6000
11201,8762
11202,9139
11203,7166
11204,10344
11205,7334
11206,10189
11207,13022
11208,10556
11209,9056
11210,12909
11211,7067
11212,8042
11213,10295
11214,15453
11215,8507
11216,7920
11217,11352
11218,8864
11219,12312
11220,8801
11221,12432
11222,7397
11223,6721
11224,7648
11225,7363
11226,11180
11227,11304
11228,5555
11229,7841
11230,9952
11231,8995
11232,13482
11233,4701
11234,16149
11235,8866
11236,6401
11237,8311
11238,9617
11239,8334
11240,10131
11241,6519
11242,9779
11243,9088
11244,10145
11245,10258
11246,9744
11247,9452
11248,7730
11249,7353
11250,9521
11251,10281
11252,9275
11253,5901
11254,11465
11255,6843
11256,11029
11257,8955
11258,14218
11259,8758
11260,5892
11261,9827
11262,6897
11263,7147
11264,6961
11265,10316
11266,9257
11267,4491
11268,11164
11269,8442
11270,10455
11271,6108
11272,9203
11273,12165
11274,6159
11275,16449
11276,7841
11277,7612
11278,12517
11279,12248
11280,7216
11281,6053
11282,10035
11283,8947
11284,6004
11285,8672
11286,8212
11287,11394
11288,10977
11289,9817
11290,10812
11291,7782
11292,4944
11293,9066
11294,8716
11295,10506
11296,12171
11297,10101
11298,11432
11299,8164
11300,11050
11301,9774
11302,7289
11303,10729
11304,11904
11305,9632
11306,10682
11307,12685
11308,9965
11309,10396
11310,7669
11311,8385
11312,11456
11313,8532
11314,10590
11315,5499
11316,6965
11317,14449
11318,10447
11319,8083
11320,4855
11321,10634
11322,9178
11323,11190
11324,7644
11325,7812
11326,6603
11327,6039
11328,13580
11329,9483
11330,9671
11331,10149
11332,7463
11333,9415
11334,8449
11335,8534
11336,5559
11337,9207
11338,7799
11339,10959
11340,10972
11341,8631
11342,15171
11343,7313
11344,6185
11345,12687
11346,7708
11347,9058
11348,6151
11349,11161
11350,9153
11351,6046
11352,8059
11353,9156
11354,7341
11355,9119
11356,11834
11357,15615
11358,3981
11359,8769
11360,4533
11361,18790
11362,6245
11363,13047
11364,12442
11365,9345
11366,9519
11367,6398
11368,7004
11369,3648
11370,5981
11371,7978
11372,7519
11373,10736
11374,10303
11375,7150
11376,9363
11377,8028
11378,10653
11379,13183
11380,10428
11381,6951
11382,4685
11383,12531
11384,15707
11385,9059
11386,10602
11387,5842
11388,10160
11389,6693
11390,6474
11391,8265
11392,6204
11393,10880
11394,8573
11395,11345
11396,9437
11397,11937
11398,11008
11399,6927
11400,13315
11401,22766
11402,15157
11403,8150
11404,4518
11405,8578
11406,11161
11407,6875
11408,7645
11409,14132
11410,7258
11411,19360
11412,21313
11413,5341
11414,9631
11415,8129
11416,5750
11417,10251
11418,7071
11419,11990
11420,12205
11421,15627
11422,10514
11423,10412
11424,5069
11425,9356
11426,5205
11427,8910
11428,9523
11429,14176
11430,7220
11431,7217
11432,6190
11433,9930
11434,8188
11435,6730
11436,5933
11437,10454
11438,7543
11439,7969
11440,9600
11441,11072
11442,10920
11443,9031
11444,8986
11445,7856
11446,10591
11447,9613
11448,10072
11449,8297
11450,11093
11451,6914
11452,5274
11453,8536
11454,9727
11455,8127
11456,6244
11457,4173
11458,12814
11459,10480
11460,12382
11461,9489
11462,7839
11463,9745
11464,6776
11465,5708
11466,13211
11467,6976
11468,9454
11469,9667
11470,19604
11471,7664
11472,9126
11473,9938
11474,10192
11475,8131
11476,6595
11477,10740
11478,5216
11479,9155
11480,5153
11481,8153
11482,5320
11483,13038
11484,6621
11485,24660
11486,19524
11487,6140
11488,10008
11489,7254
11490,9047
11491,6916
11492,14721
11493,11728
11494,15137
11495,6358
11496,9519
11497,5879
11498,11305
11499,10082
11500,10114
11501,8753
11502,8140
11503,7863
11504,10650
11505,11454
11506,7618
11507,10726
11508,12368
11509,7768
11510,9614
11511,8945
11512,11958
11513,9585
11514,7033
11515,7446
11516,9289
11517,7479
11518,16111
11519,7733
11520,10581
11521,10044
11522,13275
11523,5843
11524,10152
11525,17369
11526,11595
11527,12804
11528,8273
11529,5839
11530,18428
11531,13264
11532,10581
11533,21195
11534,16394
11535,9800
11536,9864
11537,12974
11538,12671
11539,14243
11540,15905
11541,8050
11542,9438
11543,7497
11544,11269
11545,4812
11546,14799
11547,9153
11548,8298
11549,8231
11550,15934
11551,12486
11552,7779
11553,9018
11554,7157
11555,7038
11556,9798
11557,5512
11558,6779
11559,9494
11560,9366
11561,12378
11562,11683
11563,9247
11564,8418
11565,7039
11566,13934
11567,10851
11568,7796
11569,7824
11570,6688
11571,11318
11572,5336
11573,12045
11574,10402
11575,4040
11576,6417
11577,11564
11578,7729
11579,6776
11580,10425
11581,11746
11582,14321
11583,7763
11584,12337
11585,3668
11586,7553
11587,9674
11588,9398
11589,10062
11590,7954
11591,8170
11592,6783
11593,7073
11594,12737
11595,8790
11596,6557
11597,6498
11598,10413
11599,15544
11600,10357
11601,7742
11602,7346
11603,10963
11604,8844
11605,8725
11606,8087
11607,7194
11608,9302
11609,15293
11610,5704
11611,6309
11612,7058
11613,7726
11614,11270
11615,10821
11616,10357
11617,16769
11618,6673
11619,15507
11620,15531
11621,9281
11622,6630
11623,4314
11624,10957
11625,7639
11626,8773
11627,8449
11628,9737
11629,17037
11630,7033
11631,8540
11632,9541
11633,9315
11634,8525
11635,6793
11636,6215
11637,10036
11638,4786
11639,13646
11640,10356
11641,9416
11642,11575
11643,12830
11644,11032
11645,8057
11646,10291
11647,11540
11648,8839
11649,7644
11650,7449
11651,6403
11652,14905
11653,10225
11654,9004
11655,7559
11656,10145
11657,11905
11658,10592
11659,10031
11660,10572
11661,6329
11662,7380
11663,22643
11664,9660
11665,10988
11666,8764
11667,8717
11668,8785
11669,7316
11670,5329
11671,6587
11672,11246
11673,17064
11674,10781
11675,10778
11676,16251
11677,13047
11678,15749
11679,10403
11680,6205
11681,6355
11682,11761
11683,13698
11684,11280
11685,10490
11686,12136
11687,9203
11688,5475
11689,13977
11690,9855
11691,8599
11692,9200
11693,4953
11694,22943
11695,16148
11696,17557
11697,7269
11698,7626
11699,5923
11700,7352
11701,9534
11702,13707
11703,8974
11704,6395
11705,6361
11706,10602
11707,5240
11708,4197
11709,10218
11710,18182
11711,8739
11712,21290
11713,5853
11714,7757
11715,8748
11716,8212
11717,7608
11718,6624
11719,5703
11720,5270
11721,10712
11722,9879
11723,5865
11724,11745
11725,10173
11726,9308
11727,5979
11728,11395
11729,10560
11730,12214
11731,7963
11732,9806
11733,5775
11734,6728
11735,6594
11736,17870
11737,13535
11738,7947
11739,8182
11740,6363
11741,7424
11742,5398
11743,11826
11744,5958
11745,20006
11746,5928
11747,7195
11748,7816
11749,11361
11750,10014
11751,6659
11752,9214
11753,12353
11754,9184
11755,10590
11756,7797
11757,6714
11758,17583
11759,6290
11760,5503
11761,7286
11762,9201
11763,9067
11764,8339
11765,12371
11766,10993
11767,10244
11768,8869
11769,6669
11770,10937
11771,7337
11772,5514
11773,9274
11774,8350
11775,9747
11776,12236
11777,8603
11778,9208
11779,8041
11780,8985
11781,8099
11782,9016
11783,8863
11784,9716
11785,9740
11786,10365
11787,11826
11788,7594
11789,5773
11790,15276
11791,7676
11792,4571
11793,11838
11794,11382
11795,15676
11796,6538
11797,8078
11798,8683
11799,5436
11800,8288
11801,8531
11802,9623
11803,8324
11804,10239
11805,12406
11806,5253
11807,9539
11808,8131
11809,8120
11810,7534
11811,8705
11812,12466
11813,7158
11814,7483
11815,12837
11816,9724
11817,11144
11818,12061
11819,6055
11820,9663
11821,9881
11822,10542
11823,10976
11824,11031
11825,5087
11826,10472
11827,9549
11828,11271
11829,12600
11830,6289
11831,5474
11832,17202
11833,11871
11834,12463
11835,8850
11836,9601
11837,11014
11838,5875
11839,9063
11840,6728
11841,10798
11842,9339
11843,12367
11844,11009
11845,8900
11846,11498
11847,15673
11848,20921
11849,11125
11850,7322
11851,9341
11852,5905
11853,4147
11854,14379
11855,11624
11856,6935
11857,11074
11858,6503
11859,14107
11860,6638
11861,8716
11862,8549
11863,13011
11864,6850
11865,9123
11866,7626
11867,8672
11868,10029
11869,6351
11870,10022
11871,9036
11872,11615
11873,11066
11874,8587
11875,7107
11876,16492
11877,6601
11878,6617
11879,14445
11880,9542
11881,13395
11882,8221
11883,16659
11884,7533
11885,8127
11886,7218
11887,8972
11888,10688
11889,15019
11890,9729
11891,10843
11892,9899
11893,6033
11894,9998
11895,12285
11896,9338
11897,10791
11898,8219
11899,7114
11900,6974
11901,4810
11902,7314
11903,11127
11904,10489
11905,13693
11906,22165
11907,9255
11908,6207
11909,10422
11910,8871
11911,12270
11912,5470
11913,7693
11914,5362
11915,12297
11916,8129
11917,8095
11918,17669
11919,13882
11920,6112
11921,8753
11922,4968
11923,6450
11924,7362
11925,10975
11926,7020
11927,5514
11928,8548
11929,11124
11930,10346
11931,7505
11932,7836
11933,8952
11934,10156
11935,10495
11936,5774
11937,13791
11938,22944
11939,4237
11940,9049
11941,10936
11942,10943
11943,7124
11944,3969
11945,6780
11946,10361
11947,6781
11948,11248
11949,10886
11950,6096
11951,6921
11952,9785
11953,8570
11954,6454
11955,7519
11956,10586
11957,12038
11958,11210
11959,13294
11960,7181
11961,5198
11962,9214
11963,7307
11964,11337
11965,8498
11966,6228
11967,26066
11968,9978
11969,7798
11970,15566
11971,9931
11972,10024
11973,8354
11974,9978
11975,6791
11976,11016
11977,14569
11978,7704
11979,7791
11980,9964
11981,17768
11982,9551
11983,7672
11984,8474
11985,7153
11986,8937
11987,5650
11988,11795
11989,5720
11990,8876
11991,3773
11992,21900
11993,11186
11994,5838
11995,5999
11996,15050
11997,8905
11998,10348
11999,10053
12000,9377
12001,6119
12002,7104
12003,11917
12004,8446
12005,9412
12006,9332
12007,9655
12008,6856
12009,9217
12010,8411
12011,5190
12012,12085
12013,11295
12014,6238
12015,9281
12016,10179
12017,6077
12018,12579
12019,10428
12020,9008
12021,7612
12022,9188
12023,4962
12024,6044
12025,7525
12026,16652
12027,8284
12028,11759
12029,5532
12030,10176
12031,5810
12032,6867
12033,5611
12034,7993
12035,7073
12036,9243
12037,10359
12038,11050
12039,5821
12040,8664
12041,9091
12042,10728
12043,8896
12044,11139
12045,11683
12046,8135
12047,4259
12048,10593
12049,9173
12050,8609
12051,9575
12052,4828
12053,12846
12054,7310
12055,8056
12056,14498
12057,7940
12058,6851
12059,13550
12060,9187
12061,12241
12062,6950
12063,12697
12064,13817
12065,7826
12066,6227
12067,8227
12068,7219
12069,8427
12070,8052
12071,12825
12072,8686
12073,6671
12074,6845
12075,9459
12076,11153
12077,8105
12078,11879
12079,7956
12080,8311
12081,5861
12082,10605
12083,10498
12084,9554
12085,7536
12086,7552
12087,11699
12088,11813
12089,7150
12090,10597
12091,8089
12092,9256
12093,8636
12094,8843
12095,5604
12096,6248
12097,10144
12098,8829
12099,7989
12100,7894
12101,11896
12102,7231
12103,8390
12104,9041
12105,6385
12106,4450
12107,11898
12108,5074
12109,10504
12110,10581
12111,8522
12112,10011
12113,17939
12114,12302
12115,10962
12116,5607
12117,10668
12118,10141
12119,5513
12120,5203
12121,11482
12122,5031
12123,11226
12124,16377
12125,10590
12126,9123
12127,7375
12128,10330
12129,10442
12130,8515
12131,9751
12132,11091
12133,11597
12134,9758
12135,11161
12136,6703
12137,9807
12138,6067
12139,7714
12140,8063
12141,6404
12142,6570
12143,12011
12144,7455
12145,12258
12146,12421
12147,7257
12148,6156
12149,13783
12150,10037
12151,9761
12152,8838
12153,10834
12154,7065
12155,7573
12156,9962
12157,9503
12158,7665
12159,6468
12160,12699
12161,9459
12162,7190
12163,5073
12164,15471
12165,8298
12166,8294
12167,8901
12168,14579
12169,12287
12170,10364
12171,10685
12172,9340
12173,8075
12174,7892
12175,9729
12176,13625
12177,18880
12178,7704
12179,8136
12180,5553
12181,6805
12182,16064
12183,20237
12184,10069
12185,7459
12186,6723
12187,7369
12188,7243
12189,10736
12190,12105
12191,8174
12192,5767
12193,10353
12194,8705
12195,10795
12196,12061
12197,6769
12198,11587
12199,5334
12200,9272
12201,12858
12202,9637
12203,12704
12204,9650
12205,10347
12206,6064
12207,7805
12208,9884
12209,11168
12210,9824
12211,9864
12212,9694
12213,6171
12214,11714
12215,5627
12216,12462
12217,7696
12218,6178
12219,10618
12220,9440
12221,8667
12222,10545
12223,12918
12224,7423
12225,12984
12226,5678
12227,5884
12228,12382
12229,13122
12230,13268
12231,9355
12232,9228
12233,7538
12234,9017
12235,9855
12236,9054
12237,8437
12238,7462
12239,12382
12240,10962
12241,11166
12242,15223
12243,10271
12244,6240
12245,7532
12246,7722
12247,11891
12248,7430
12249,10628
12250,7800
12251,13453
12252,9042
12253,8407
12254,7113
12255,7618
12256,7352
12257,10149
12258,9275
12259,7466
12260,7481
12261,6583
12262,12675
12263,8113
12264,23556
12265,9128
12266,4961
12267,6397
12268,7840
12269,10535
12270,6263
12271,5816
12272,10259
12273,7720
12274,7880
12275,6149
12276,8513
12277,8560
12278,5796
12279,5428
12280,7106
12281,9394
12282,7099
12283,7797
12284,7665
12285,9175
12286,5670
12287,4998
12288,6512
12289,10501
12290,12225
12291,8032
12292,10456
12293,5532
12294,9535
12295,4382
12296,6473
12297,5195
12298,8669
12299,9262
12300,12147
12301,10064
12302,7287
12303,6966
12304,5952
12305,4242
12306,6185
12307,11514
12308,6602
12309,6590
12310,6029
12311,5909
12312,8964
12313,3974
12314,8400
12315,5152
12316,6950
12317,6971
12318,6176
12319,8795
12320,6339
12321,8797
12322,10392
12323,7493
12324,6028
12325,11761
12326,5632
12327,6780
12328,8319
12329,11759
12330,5524
12331,6038
12332,9857
12333,8457
12334,9114
12335,7517
12336,10740
12337,5052
12338,5395
12339,6596
12340,6587
12341,10152
12342,8283
12343,4508
12344,6453
12345,8472
12346,7294
12347,9874
12348,4108
12349,15906
12350,7864
12351,4812
12352,7064
12353,7853
12354,6621
12355,9165
12356,4816
12357,7622
12358,6109
12359,8862
12360,8494
12361,6530
12362,8164
12363,5613
12364,6613
12365,8836
12366,8848
12367,7734
12368,5246
12369,10614
12370,5925
12371,10385
12372,7887
12373,12821
12374,7435
12375,5246
12376,7052
12377,6234
12378,6549
12379,6177
12380,8054
12381,8408
12382,3891
12383,9650
12384,7299
12385,7430
12386,5321
12387,8980
12388,10857
12389,4983
12390,13933
12391,6355
12392,5724
12393,8649
12394,9608
12395,5296
12396,5067
12397,7570
12398,7483
12399,5252
12400,6535
12401,6537
12402,8785
12403,9340
12404,7124
12405,8098
12406,6373
12407,4609
12408,7592
12409,8398
12410,8902
12411,9138
12412,9285
12413,10005
12414,6154
12415,9853
12416,8421
12417,6283
12418,8729
12419,10197
12420,7237
12421,8455
12422,10890
12423,9036
12424,8908
12425,6441
12426,7665
12427,7758
12428,7540
12429,7206
12430,4268
12431,5613
12432,12581
12433,9315
12434,6876
12435,3986
12436,9254
12437,7548
12438,9648
12439,6447
12440,6731
12441,5615
12442,4769
12443,12325
12444,7952
12445,8404
12446,6996
12447,6281
12448,7176
12449,7606
12450,7879
12451,4251
12452,6784
12453,6320
12454,10026
12455,8434
12456,6935
12457,12279
12458,7027
12459,5446
12460,11719
12461,5570
12462,8501
12463,3319
12464,9778
12465,8210
12466,5596
12467,7007
12468,9304
12469,5904
12470,7750
12471,8068
12472,13650
12473,3405
12474,6711
12475,3743
12476,15974
12477,6120
12478,9727
12479,9895
12480,7490
12481,7682
12482,5601
12483,5869
12484,3247
12485,5005
12486,6924
12487,6070
12488,7904
12489,7447
12490,6082
12491,7916
12492,7002
12493,9035
12494,9622
12495,9126
12496,5825
12497,4107
12498,10886
12499,13719
12500,5931
12501,8899
12502,5233
12503,8252
12504,5943
12505,5839
12506,7421
12507,4269
12508,8445
12509,5916
12510,10202
12511,8270
12512,9782
12513,8427
12514,5941
12515,10525
12516,20530
12517,12188
12518,6107
12519,3542
12520,7075
12521,9463
12522,5829
12523,6057
12524,13456
12525,6632
12526,13614
12527,20256
12528,4326
12529,8043
12530,5937
12531,4904
12532,9231
12533,6562
12534,10473
12535,10935
12536,9479
12537,6946
12538,8950
12539,4213
12540,7592
12541,4352
12542,7216
12543,8604
12544,10681
12545,6544
12546,6482
12547,5383
12548,7945
12549,6064
12550,5836
12551,4928
12552,8510
12553,6418
12554,6897
12555,8035
12556,9588
12557,9611
12558,7420
12559,6973
12560,6778
12561,8046
12562,8369
12563,9446
12564,7710
12565,7604
12566,6384
12567,4314
12568,7269
12569,8133
12570,7092
12571,4895
12572,3158
12573,9503
12574,8467
12575,11233
12576,8105
12577,6473
12578,7941
12579,5438
12580,4963
12581,11379
12582,5626
12583,8741
12584,8617
12585,16564
12586,6605
12587,5500
12588,8180
12589,5946
12590,6519
12591,5676
12592,9196
12593,4607
12594,7840
12595,4513
12596,6430
12597,4493
12598,11628
12599,5881
12600,17948
12601,16357
12602,5153
12603,6859
12604,6058
12605,7800
12606,5868
12607,11931
12608,8807
12609,9979
12610,4753
12611,8526
12612,5356
12613,9279
12614,9095
12615,6907
12616,6847
12617,7058
12618,7032
12619,9580
12620,10459
12621,6474
12622,9307
12623,11444
12624,7138
12625,8258
12626,7388
12627,10519
12628,8375
12629,5840
12630,6168
12631,7342
12632,6423
12633,12589
12634,6792
12635,7970
12636,8079
12637,10046
12638,4529
12639,8601
12640,10538
12641,10026
12642,9493
12643,7042
12644,4802
12645,16985
12646,10621
12647,9458
12648,18392
12649,9740
12650,8765
12651,7759
12652,10822
12653,11487
12654,12600
12655,14100
12656,5879
12657,8189
12658,6371
12659,9874
12660,4047
12661,12348
12662,6985
12663,5958
12664,6452
12665,10270
12666,8706
12667,5811
12668,7968
12669,6163
12670,4978
12671,7887
12672,4521
12673,5553
12674,6378
12675,8465
12676,11116
12677,9079
12678,8364
12679,6198
12680,5915
12681,12674
12682,7893
12683,5688
12684,6503
12685,5349
12686,9812
12687,5101
12688,11529
12689,7901
12690,3434
12691,5517
12692,8028
12693,7039
12694,5616
12695,9762
12696,10618
12697,13221
12698,6653
12699,10417
12700,3298
12701,6379
12702,7127
12703,6272
12704,8523
12705,6363
12706,7495
12707,5124
12708,6148
12709,12002
12710,8096
12711,5154
12712,5814
12713,9489
12714,10928
12715,9176
12716,5720
12717,5456
12718,10897
12719,7905
12720,9093
12721,6703
12722,5576
12723,8216
12724,11122
12725,4430
12726,5080
12727,5690
12728,6856
12729,10474
12730,9800
12731,9114
12732,14720
12733,5960
12734,12802
12735,14297
12736,7748
12737,5832
12738,3544
12739,9428
12740,6719
12741,7405
12742,6335
12743,8245
12744,13022
12745,6208
12746,6636
12747,8442
12748,5388
12749,7744
12750,5276
12751,4557
12752,7584
12753,4184
12754,8549
12755,8565
12756,8018
12757,8544
12758,9201
12759,9511
12760,5769
12761,9051
12762,10110
12763,7195
12764,6630
12765,5945
12766,6531
12767,10765
12768,7146
12769,7338
12770,6091
12771,8700
12772,8981
12773,7325
12774,6639
12775,9667
12776,5644
12777,6789
12778,19351
12779,6911
12780,9584
12781,6861
12782,7069
12783,6334
12784,5359
12785,4539
12786,5779
12787,8852
12788,14942
12789,9489
12790,9788
12791,12827
12792,12175
12793,11387
12794,9106
12795,5965
12796,5523
12797,11293
12798,11839
12799,8249
12800,9101
12801,9008
12802,6517
12803,4492
12804,11687
12805,7604
12806,7523
12807,6610
12808,3555
12809,14146
12810,13448
12811,15285
12812,6394
12813,6108
12814,5291
12815,6929
12816,7577
12817,9168
12818,6758
12819,5844
12820,5630
12821,8465
12822,4834
12823,3643
12824,7376
12825,15831
12826,7795
12827,19770
12828,4657
12829,6020
12830,7915
12831,5863
12832,5975
12833,4973
12834,5100
12835,4512
12836,8138
12837,7466
12838,4525
12839,10459
12840,6263
12841,7969
12842,5082
12843,10495
12844,9209
12845,10518
12846,6614
12847,8330
12848,5032
12849,5704
12850,5666
12851,17779
12852,10867
12853,6928
12854,6286
12855,5045
12856,6538
12857,4711
12858,10418
12859,5038
12860,16900
12861,5127
12862,5907
12863,6177
12864,10295
12865,8145
12866,4860
12867,7533
12868,8246
12869,8143
12870,7390
12871,6839
12872,4487
12873,10845
12874,5353
12875,4490
12876,6041
12877,6639
12878,6594
12879,7490
12880,10651
12881,9297
12882,7124
12883,7793
12884,5464
12885,8792
12886,6430
12887,4887
12888,6544
12889,7597
12890,7464
12891,11035
12892,7551
12893,7580
12894,7646
12895,7725
12896,6528
12897,8052
12898,7043
12899,8413
12900,7216
12901,7113
12902,9818
12903,7111
12904,4992
12905,13972
12906,6314
12907,4082
12908,8714
12909,9190
12910,12094
12911,5841
12912,6838
12913,7514
12914,4599
12915,6610
12916,7848
12917,8158
12918,6471
12919,8443
12920,10281
12921,3509
12922,6750
12923,6049
12924,6823
12925,5487
12926,7622
12927,10694
12928,6376
12929,6126
12930,9075
12931,8301
12932,9895
12933,10548
12934,5104
12935,7650
12936,7138
12937,9608
12938,8673
12939,9117
12940,3570
12941,9695
12942,8151
12943,8201
12944,11660
12945,5417
12946,4708
12947,14720
12948,9974
12949,9469
12950,6363
12951,7570
12952,10189
12953,4135
12954,7844
12955,5761
12956,8071
12957,7541
12958,7425
12959,8833
12960,5882
12961,10230
12962,12041
12963,18807
12964,7838
12965,5155
12966,6518
12967,4993
12968,3400
12969,12612
12970,9118
12971,6181
12972,9168
12973,5297
12974,12724
12975,4992
12976,6668
12977,6235
12978,11057
12979,5257
12980,8539
12981,5903
12982,5819
12983,8555
12984,5530
12985,8593
12986,8191
12987,10479
12988,8766
12989,7695
12990,6223
12991,13436
12992,5508
12993,5199
12994,12661
12995,8352
12996,10308
12997,7502
12998,16784
12999,6466
13000,6946
13001,5359
13002,6326
13003,9589
13004,11499
13005,8720
13006,9037
13007,9044
13008,4331
13009,8226
13010,8918
13011,8037
13012,9219
13013,5805
13014,5280
13015,5391
13016,4360
13017,5702
13018,9746
13019,8724
13020,12146
13021,17488
13022,8038
13023,5808
13024,8325
13025,7900
13026,10800
13027,4650
13028,6988
13029,4660
13030,8992
13031,7562
13032,6902
13033,15534
13034,12737
13035,5599
13036,7754
13037,4534
13038,5844
13039,6418
13040,8741
13041,5148
13042,4914
13043,6520
13044,8851
13045,7732
13046,6213
13047,5758
13048,7868
13049,7328
13050,8157
13051,4504
13052,12560
13053,20900
13054,3835
13055,7880
13056,9398
13057,8878
13058,5740
13059,3595
13060,5780
13061,8804
13062,5500
13063,9404
13064,10093
13065,5435
13066,5971
13067,7794
13068,7204
13069,5194
13070,6844
13071,8583
13072,10901
13073,8889
13074,11988
13075,6406
13076,4473
13077,7931
13078,6466
13079,9816
13080,6946
13081,5127
13082,24567
13083,8028
13084,6848
13085,12559
13086,8375
13087,8602
13088,7080
13089,8834
13090,5346
13091,9989
13092,13857
13093,6257
13094,6574
13095,7241
13096,15169
13097,7244
13098,6399
13099,7097
13100,5905
13101,7704
13102,4625
13103,10242
13104,4956
13105,7866
13106,3404
13107,20709
13108,9965
13109,5072
13110,4731
13111,9713
13112,7255
13113,7471
13114,9019
13115,6786
13116,5780
13117,4742
13118,10813
13119,6234
13120,7049
13121,8390
13122,8513
13123,5450
13124,8259
13125,6973
13126,4678
13127,8603
13128,9597
13129,5279
13130,8475
13131,7836
13132,5598
13133,9469
13134,6530
13135,7870
13136,7062
13137,8477
13138,4503
13139,5234
13140,6097
13141,11854
13142,8190
13143,10461
13144,4539
13145,8811
13146,4849
13147,6220
13148,4634
13149,7055
13150,6367
13151,8087
13152,7475
13153,9521
13154,4908
13155,6468
13156,7682
13157,9115
13158,7507
13159,10068
13160,10557
13161,7240
13162,3538
13163,8506
13164,5604
13165,6641
13166,8203
13167,4396
13168,12457
13169,5568
13170,7169
13171,12217
13172,6667
13173,4600
13174,8279
13175,6362
13176,11409
13177,6194
13178,10444
13179,10398
13180,6442
13181,5519
13182,6913
13183,6361
13184,6600
13185,6509
13186,10679
13187,7988
13188,6047
13189,4908
13190,6966
13191,7739
13192,6947
13193,9675
13194,6904
13195,7367
13196,4485
13197,8001
13198,9580
13199,6988
13200,6549
13201,7098
13202,8280
13203,10223
13204,6404
13205,9125
13206,5922
13207,6419
13208,8187
13209,7560
13210,5144
13211,4872
13212,8651
13213,8252
13214,6596
13215,6644
13216,8721
13217,6542
13218,6459
13219,7581
13220,5672
13221,3535
13222,9970
13223,4511
13224,8790
13225,8345
13226,7327
13227,7911
13228,13213
13229,10648
13230,10347
13231,4866
13232,8195
13233,8615
13234,4601
13235,3399
13236,9599
13237,4144
13238,7852
13239,13631
13240,8063
13241,7865
13242,5070
13243,9036
13244,7141
13245,7268
13246,8624
13247,9723
13248,9455
13249,6984
13250,8224
13251,5773
13252,8052
13253,5395
13254,5707
13255,7162
13256,5851
13257,5813
13258,8502
13259,5171
13260,11129
13261,7414
13262,5080
13263,5004
13264,9762
13265,8132
13266,6391
13267,7653
13268,7033
13269,6695
13270,6384
13271,7606
13272,8367
13273,6769
13274,5173
13275,10480
13276,8120
13277,5808
13278,4074
13279,11602
13280,7034
13281,6605
13282,7839
13283,12567
13284,9112
13285,9554
13286,9281
13287,8270
13288,6105
13289,6785
13290,8629
13291,11005
13292,14521
13293,5241
13294,6757
13295,4435
13296,5645
13297,9871
13298,16685
13299,7880
13300,5725
13301,5366
13302,6837
13303,6432
13304,10509
13305,9154
13306,6556
13307,4555
13308,9188
13309,6238
13310,9632
13311,10904
13312,5292
13313,7868
13314,4196
13315,8165
13316,8841
13317,7814
13318,10742
13319,7214
13320,8981
13321,4763
13322,6883
13323,7814
13324,9829
13325,8030
13326,8893
13327,7535
13328,5225
13329,10275
13330,4975
13331,11073
13332,7019
13333,4664
13334,8542
13335,8062
13336,7075
13337,8558
13338,9934
13339,5363
13340,12120
13341,4153
13342,4949
13343,8222
13344,9161
13345,11288
13346,8203
13347,7654
13348,6017
13349,6290
13350,8607
13351,7248
13352,7188
13353,5312
13354,11059
13355,7752
13356,9595
13357,12766
13358,9932
13359,5036
13360,5310
13361,6557
13362,11133
13363,6423
13364,8691
13365,4977
13366,11718
13367,7160
13368,6351
13369,5388
13370,5857
13371,5356
13372,6868
13373,7458
13374,5523
13375,5755
13376,4665
13377,10788
13378,7379
13379,22468
13380,8027
13381,4712
13382,5547
13383,7671
13384,10443
13385,5490
13386,5456
13387,9934
13388,8349
13389,7696
13390,6008
13391,7879
13392,8256
13393,5380
13394,5521
13395,7364
13396,8913
13397,7095
13398,7517
13399,7647
13400,9693
13401,5996
13402,5017
13403,6347
13404,10280
13405,12138
13406,8420
13407,10461
13408,5752
13409,9122
13410,4624
13411,6328
13412,4679
13413,8486
13414,8838
13415,12482
13416,9850
13417,7815
13418,6450
13419,5447
13420,4365
13421,6395
13422,10926
13423,6816
13424,6112
13425,6257
13426,5940
13427,8453
13428,3833
13429,7922
13430,5006
13431,7457
13432,7451
13433,5937
13434,8510
13435,5916
13436,8947
13437,10293
13438,7435
13439,5940
13440,10793
13441,5146
13442,6607
13443,8236
13444,12629
13445,5866
13446,6346
13447,9230
13448,7816
13449,9168
13450,7122
13451,10492
13452,5088
13453,5346
13454,6236
13455,6670
13456,9958
13457,8423
13458,4279
13459,6108
13460,8901
13461,6998
13462,10605
13463,4017
13464,14226
13465,7553
13466,4786
13467,6689
13468,7497
13469,6471
13470,8821
13471,4771
13472,7460
13473,6307
13474,8751
13475,8283
13476,6313
13477,8518
13478,5984
13479,6247
13480,8889
13481,8596
13482,7355
13483,5106
13484,10380
13485,5671
13486,9676
13487,7712
13488,12833
13489,7079
13490,5077
13491,7503
13492,6097
13493,6270
13494,5739
13495,7833
13496,8060
13497,3783
13498,9285
13499,6599
13500,7640
13501,5057
13502,8086
13503,9589
13504,4717
13505,13619
13506,6304
13507,5470
13508,8411
13509,9711
13510,5271
13511,5045
13512,7732
13513,7368
13514,5029
13515,6674
13516,6281
13517,8537
13518,9701
13519,7097
13520,8012
13521,6177
13522,4440
13523,7299
13524,8698
13525,8492
13526,9288
13527,8788
13528,9787
13529,6104
13530,9547
13531,8208
13532,5560
13533,8210
13534,10172
13535,7273
13536,9451
13537,10502
13538,8560
13539,8667
13540,6653
13541,7496
13542,8285
13543,7385
13544,7100
13545,4128
13546,5591
13547,11873
13548,8638
13549,6701
13550,3906
13551,8989
13552,7372
13553,9353
13554,6383
13555,6502
13556,5440
13557,4494
13558,12228
13559,7768
13560,8228
13561,7049
13562,6230
13563,6521
13564,7200
13565,8026
13566,4275
13567,6825
13568,5931
13569,9608
13570,8173
13571,6890
13572,12264
13573,5665
13574,5347
13575,11217
13576,5561
13577,7532
13578,3394
13579,9693
13580,8058
13581,6178
13582,6904
13583,7506
13584,5857
13585,7476
13586,8779
13587,12569
13588,3299
13589,7374
13590,3642
13591,15499
13592,5245
13593,9455
13594,9719
13595,7160
13596,7364
13597,5543
13598,5740
13599,3135
13600,4780
13601,6987
13602,5933
13603,7630
13604,7487
13605,6289
13606,7607
13607,6719
13608,8965
13609,10136
13610,8897
13611,5634
13612,4314
13613,10439
13614,12291
13615,6300
13616,8338
13617,5048
13618,8023
13619,6046
13620,5432
13621,7091
13622,4573
13623,8004
13624,5814
13625,9664
13626,8050
13627,9774
13628,8373
13629,6181
13630,9790
13631,20362
13632,11650
13633,5680
13634,3407
13635,6842
13636,9273
13637,5579
13638,6248
13639,13927
13640,6444
13641,14374
13642,20495
13643,4184
13644,7902
13645,5821
13646,5014
13647,10638
13648,5592
13649,9806
13650,10744
13651,9338
13652,7297
13653,8723
13654,4505
13655,7037
13656,4392
13657,6800
13658,8213
13659,10463
13660,6822
13661,6597
13662,5361
13663,7830
13664,5714
13665,5444
13666,4951
13667,8491
13668,6600
13669,6794
13670,7498
13671,9306
13672,8511
13673,7132
13674,6954
13675,6047
13676,7901
13677,7935
13678,9427
13679,7575
13680,7929
13681,6177
13682,4229
13683,6654
13684,7891
13685,6852
13686,4883
13687,3447
13688,9433
13689,8336
13690,10626
13691,7621
13692,6599
13693,8401
13694,5536
13695,4993
13696,11352
13697,5519
13698,8924
13699,8342
13700,16399
13701,6937
13702,6273
13703,8161
13704,6213
13705,8165
13706,6039
13707,8796
13708,4352
13709,7828
13710,4479
13711,6438
13712,4278
13713,11616
13714,5841
13715,16974
13716,15930
13717,5338
13718,7047
13719,5792
13720,7537
13721,5765
13722,12195
13723,8982
13724,10321
13725,4766
13726,8259
13727,5529
13728,9346
13729,8773
13730,7450
13731,6788
13732,7258
13733,7060
13734,9188
13735,10628
13736,6304
13737,9121
13738,10680
13739,7329
13740,7978
13741,7418
13742,10051
13743,8156
13744,5940
13745,5803
13746,7473
13747,6220
13748,11804
13749,6882
13750,8582
13751,7621
13752,9761
13753,4641
13754,8265
13755,11000
13756,9427
13757,9628
13758,7085
13759,4735
13760,15543
13761,10386
13762,9757
13763,18674
13764,10835
13765,8292
13766,7674
13767,10345
13768,11310
13769,12041
13770,12936
13771,5856
13772,7849
13773,6309
13774,9775
13775,4043
13776,13438
13777,6564
13778,5804
13779,6445
13780,10175
13781,8582
13782,5787
13783,7689
13784,5670
13785,4930
13786,7811
13787,4580
13788,5256
13789,6707
13790,7323
13791,11073
13792,9162
13793,8266
13794,6736
13795,5758
13796,12674
13797,7832
13798,5488
13799,6151
13800,5323
13801,9528
13802,4835
13803,11614
13804,7731
13805,3490
13806,5012
13807,8082
13808,6926
13809,5653
13810,9673
13811,11196
13812,12495
13813,6628
13814,10816
13815,3103
13816,6207
13817,6851
13818,6173
13819,7985
13820,5946
13821,7372
13822,5107
13823,6265
13824,11378
13825,7811
13826,4995
13827,5438
13828,9036
13829,10939
13830,10652
13831,5750
13832,5659
13833,9666
13834,7041
13835,8169
13836,6607
13837,5737
13838,7859
13839,11162
13840,4655
13841,4732
13842,5726
13843,6468
13844,10050
13845,9147
13846,8515
13847,14614
13848,5794
13849,11921
13850,12905
13851,7632
13852,5690
13853,3764
13854,8856
13855,6295
13856,6977
13857,6765
13858,7770
13859,12485
13860,5688
13861,6656
13862,8164
13863,6094
13864,8027
13865,5192
13866,4823
13867,7800
13868,3842
13869,9121
13870,8388
13871,7567
13872,8466
13873,9344
13874,9223
13875,6222
13876,8684
13877,9789
13878,6905
13879,6105
13880,5812
13881,5542
13882,10849
13883,8238
13884,7339
13885,5757
13886,7836
13887,9302
13888,7555
13889,6559
13890,9047
13891,5541
13892,6988
13893,19829
13894,6907
13895,9589
13896,6980
13897,6955
13898,6316
13899,5411
13900,4269
13901,6181
13902,9328
13903,14342
13904,9418
13905,9588
13906,12972
13907,11728
13908,11617
13909,9236
13910,6063
13911,5478
13912,10965
13913,11726
13914,8273
13915,8998
13916,9005
13917,6474
13918,4376
13919,11351
13920,7382
13921,7154
13922,6720
13923,3409
13924,14373
13925,13085
13926,15509
13927,6465
13928,5755
13929,5132
13930,6563
13931,7376
13932,8840
13933,6955
13934,5501
13935,5528
13936,8278
13937,4169
13938,3660
13939,7453
13940,15391
13941,7715
13942,18740
13943,4729
13944,6260
13945,7090
13946,6080
13947,5773
13948,5141
13949,4892
13950,4188
13951,8444
13952,7747
13953,4310
13954,9851
13955,6105
13956,7684
13957,4970
13958,10289
13959,8864
13960,10508
13961,6123
13962,8178
13963,4842
13964,5569
13965,5477
13966,15805
13967,11140
13968,7085
13969,6139
13970,5230
13971,6308
13972,5385
13973,11975
13974,4811
13975,16254
13976,4865
13977,5698
13978,6172
13979,10055
13980,8180
13981,4844
13982,7402
13983,8229
13984,8261
13985,7588
13986,6338
13987,4645
13988,11325
13989,5221
13990,4290
13991,5883
13992,7185
13993,6422
13994,7188
13995,10089
13996,9303
13997,7228
13998,7664
13999,4938
14000,8564
14001,6146
14002,4926
14003,6707
14004,7576
14005,7079
14006,11275
14007,7199
14008,7097
14009,7494
14010,7783
14011,6425
14012,7779
14013,7227
14014,8182
14015,7392
14016,6791
14017,10225
14018,6857
14019,4713
14020,13434
14021,6675
14022,3725
14023,8467
14024,9036
14025,11666
14026,5689
14027,6698
14028,7329
14029,4384
14030,6303
14031,7446
14032,8536
14033,6466
14034,8064
14035,10018
14036,3596
14037,6574
14038,6300
14039,6363
14040,5479
14041,7371
14042,9674
14043,6043
14044,5995
14045,9074
14046,7957
14047,9804
14048,9810
14049,5204
14050,7260
14051,7138
14052,9141
14053,8636
14054,8453
14055,5076
14056,9796
14057,8012
14058,8274
14059,10729
14060,5083
14061,4485
14062,14301
14063,9641
14064,9348
14065,6295
14066,7816
14067,9817
14068,4349
14069,8021
14070,5598
14071,8893
14072,7394
14073,7553
14074,8678
14075,6222
14076,9884
14077,11950
14078,17650
14079,7824
14080,5117
14081,6455
14082,4841
14083,3308
14084,12300
14085,8912
14086,6128
14087,8920
14088,5666
14089,12413
14090,5238
14091,6961
14092,6267
14093,10065
14094,5215
14095,7601
14096,5794
14097,5750
14098,8332
14099,5743
14100,8138
14101,8188
14102,9866
14103,8531
14104,7927
14105,6527
14106,12851
14107,5242
14108,5575
14109,11868
14110,7880
14111,9995
14112,7330
14113,16835
14114,6386
14115,6322
14116,5699
14117,6330
14118,9405
14119,11564
14120,8222
14121,9075
14122,8710
14123,4369
14124,7828
14125,8508
14126,7810
14127,9572
14128,6076
14129,5137
14130,5380
14131,4139
14132,5512
14133,9698
14134,9294
14135,12326
14136,17447
14137,7591
14138,5554
14139,7563
14140,7783
14141,10310
14142,4768
14143,6813
14144,4682
14145,9394
14146,7308
14147,6717
14148,15078
14149,12527
14150,5568
14151,7743
14152,4407
14153,5602
14154,6069
14155,9171
14156,5115
14157,4913
14158,6274
14159,8893
14160,8641
14161,5658
14162,6083
14163,8385
14164,7236
14165,8091
14166,4370
14167,11764
14168,19621
14169,3872
14170,7891
14171,9174
14172,8597
14173,5458
14174,3758
14175,5161
14176,8779
14177,5313
14178,8894
14179,9772
14180,5381
14181,6006
14182,7826
14183,6884
14184,5259
14185,6669
14186,8033
14187,10191
14188,9013
14189,10923
14190,6348
14191,4433
14192,7564
14193,6257
14194,10559
14195,6943
14196,5136
14197,22648
14198,7850
14199,6596
14200,12298
14201,8023
14202,8145
14203,7037
14204,8311
14205,5185
14206,9834
14207,13571
14208,6149
14209,6387
14210,6774
14211,14262
14212,7070
14213,6197
14214,6890
14215,5602
14216,7229
14217,4638
14218,9769
14219,4713
14220,7552
14221,3178
14222,20169
14223,9629
14224,4335
14225,4967
14226,10315
14227,6876
14228,7381
14229,8499
14230,6810
14231,5539
14232,4971
14233,10386
14234,6163
14235,6780
14236,8037
14237,7997
14238,5201
14239,7915
14240,6886
14241,4400
14242,8737
14243,9506
14244,4857
14245,8569
14246,8123
14247,5498
14248,9804
14249,6551
14250,7694
14251,7231
14252,8806
14253,4269
14254,5310
14255,5940
14256,13101
14257,6895
14258,10015
14259,4663
14260,8784
14261,4208
14262,5932
14263,4614
14264,6866
14265,6086
14266,7821
14267,7758
14268,9502
14269,5236
14270,6695
14271,7363
14272,9246
14273,7024
14274,8724
14275,10145
14276,7292
14277,3498
14278,8724
14279,5549
14280,6508
14281,7926
14282,4227
14283,12141
14284,5694
14285,7118
14286,11922
14287,6983
14288,4686
14289,0
14290,6578
14291,10939
14292,5853
14293,10016
14294,10999
14295,6614
14296,5109
14297,6750
14298,6066
14299,6277
14300,6406
14301,10300
14302,7854
14303,5775
14304,5036
14305,6706
14306,7883
14307,6811
14308,9152
14309,6616
14310,7135
14311,5072
14312,8234
14313,8648
14314,7048
14315,6810
14316,6741
14317,8199
14318,10196
14319,6157
14320,8767
14321,5660
14322,7005
14323,8107
14324,7194
14325,4865
14326,4784
14327,7573
14328,8514
14329,6284
14330,6295
14331,9007
14332,6439
14333,6517
14334,6707
14335,5692
14336,3525
14337,9080
14338,4374
14339,8237
14340,7808
14341,7144
14342,7589
14343,13756
14344,10125
14345,9058
14346,4752
14347,9371
14348,8288
14349,4347
14350,3574
14351,9751
14352,3965
14353,7866
14354,12974
14355,8865
14356,7491
14357,5146
14358,8536
14359,7693
14360,6944
14361,8596
14362,9372
14363,9353
14364,6783
14365,8691
14366,5434
14367,7731
14368,5336
14369,5604
14370,7503
14371,5842
14372,5428
14373,8646
14374,5091
14375,10759
14376,7593
14377,5363
14378,4757
14379,10495
14380,7810
14381,6640
14382,7389
14383,7046
14384,6287
14385,6284
14386,7297
14387,8130
14388,6408
14389,5149
14390,10106
14391,7692
14392,6239
14393,3878
14394,11772
14395,7256
14396,6379
14397,7718
14398,11854
14399,9128
14400,8570
14401,9124
14402,7961
14403,6137
14404,6601
14405,8293
14406,10271
14407,13893
14408,5180
14409,6679
14410,4517
14411,5480
14412,10274
14413,16795
14414,7757
14415,6107
14416,5750
14417,6887
14418,6537
14419,9741
14420,9428
14421,6412
14422,4602
14423,8460
14424,6315
14425,10000
14426,10694
14427,5091
14428,8066
14429,4235
14430,8282
14431,8647
14432,7704
14433,9798
14434,6848
14435,8611
14436,4541
14437,7331
14438,7580
14439,9538
14440,7950
14441,9095
14442,7520
14443,5017
14444,10058
14445,4808
14446,10904
14447,6990
14448,4475
14449,6484
14450,7605
14451,6957
14452,8091
14453,9624
14454,5709
14455,11624
14456,4303
14457,4875
14458,8062
14459,9412
14460,10889
14461,7518
14462,8003
14463,5648
14464,6580
14465,8251
14466,7141
14467,7223
14468,5560
14469,10913
14470,7236
14471,9333
14472,12260
14473,9639
14474,4915
14475,5157
14476,6333
14477,11292
14478,6048
14479,8832
14480,4906
14481,11751
14482,6979
14483,6160
14484,5685
14485,5738
14486,5392
14487,6718
14488,7252
14489,5337
14490,5842
14491,4795
14492,10395
14493,7601
14494,21854
14495,7775
14496,4435
14497,4921
14498,7623
14499,9616
14500,5200
14501,5287
14502,9869
14503,6487
14504,7577
14505,5968
14506,7152
14507,7887
14508,5681
14509,5566
14510,7558
14511,8411
14512,6521
14513,8124
14514,7493
14515,8387
14516,6292
14517,5372
14518,6323
14519,10774
14520,10902
14521,7675
14522,10189
14523,5245
14524,8688
14525,3776
14526,6240
14527,4611
14528,8379
14529,8329
14530,12032
14531,9829
14532,7246
14533,6366
14534,4873
14535,4013
14536,6470
14537,10520
14538,6999
14539,5934
14540,6108
14541,6243
14542,7947
14543,3861
14544,8066
14545,5008
14546,8342
14547,7506
14548,5778
14549,8570
14550,5706
14551,8907
14552,9348
14553,7628
14554,5926
14555,9548
14556,5109
14557,6225
14558,7954
14559,12674
14560,5800
14561,6597
14562,8516
14563,7343
14564,9156
14565,6946
14566,10433
14567,5031
14568,4804
14569,5781
14570,6572
14571,10394
14572,8467
14573,4157
14574,5942
14575,8754
14576,7541
14577,10279
14578,4024
14579,13345
14580,7359
14581,4550
14582,6085
14583,6903
14584,6597
14585,8350
14586,4587
14587,7134
14588,7148
14589,8424
14590,7563
14591,5535
14592,7817
14593,6248
14594,6230
14595,8853
14596,8235
14597,6880
14598,5213
14599,10179
14600,5692
14601,9505
14602,7486
14603,13361
14604,7034
14605,4429
14606,7710
14607,5890
14608,6425
14609,5652
14610,8642
14611,7679
14612,3682
14613,8925
14614,6132
14615,7749
14616,4953
14617,7559
14618,8779
14619,5617
14620,12198
14621,6043
14622,5887
14623,8413
14624,9758
14625,5204
14626,4763
14627,7702
14628,6637
14629,4822
14630,6853
14631,6268
14632,9426
14633,8348
14634,7563
14635,7584
14636,5878
14637,4476
14638,7002
14639,8361
14640,7890
14641,9584
14642,8872
14643,9343
14644,6377
14645,8955
14646,7808
14647,5398
14648,7733
14649,9418
14650,7855
14651,7479
14652,10274
14653,8718
14654,8818
14655,6271
14656,7520
14657,8549
14658,6750
14659,7299
14660,4323
14661,5253
14662,10099
14663,8229
14664,6738
14665,4068
14666,8628
14667,7031
14668,8663
14669,6687
14670,6391
14671,5139
14672,4095
14673,11267
14674,6968
14675,7481
14676,7132
14677,6072
14678,6085
14679,7025
14680,8093
14681,4425
14682,7121
14683,5896
14684,9530
14685,8500
14686,6902
14687,12867
14688,4899
14689,5408
14690,11060
14691,5344
14692,7813
14693,3487
14694,9344
14695,8148
14696,6174
14697,6769
14698,6673
14699,6132
14700,7047
14701,7873
14702,11285
14703,3430
14704,6849
14705,3761
14706,14551
14707,4978
14708,9562
14709,10394
14710,7481
14711,6978
14712,5228
14713,5255
14714,3085
14715,4368
14716,6776
14717,5555
14718,8192
14719,7565
14720,5823
14721,7135
14722,6888
14723,9141
14724,10313
14725,8420
14726,6015
14727,4770
14728,9966
14729,11947
14730,6166
14731,8117
14732,4946
14733,7535
14734,5906
14735,5268
14736,7353
14737,4712
14738,7323
14739,5917
14740,9102
14741,7786
14742,9166
14743,7653
14744,5943
14745,9397
14746,18315
14747,11089
14748,5234
14749,3722
14750,6830
14751,8659
14752,5354
14753,6632
14754,13933
14755,6081
14756,13258
14757,21351
14758,4439
14759,7371
14760,5664
14761,4259
14762,8286
14763,5575
14764,8809
14765,10032
14766,8691
14767,7023
14768,8277
14769,5091
14770,7503
14771,4088
14772,7317
14773,7465
14774,11056
14775,6948
14776,6685
14777,4768
14778,7899
14779,5974
14780,5751
14781,4729
14782,8447
14783,6411
14784,6621
14785,7489
14786,8456
14787,7614
14788,6440
14789,6439
14790,5737
14791,7229
14792,7614
14793,10197
14794,7100
14795,7892
14796,6122
14797,4461
14798,6473
14799,7058
14800,6569
14801,4951
14802,3177
14803,9232
14804,7525
14805,10745
14806,7039
14807,6384
14808,7895
14809,5110
14810,4801
14811,11014
14812,6404
14813,8465
14814,8489
14815,14665
14816,6882
14817,5275
14818,8148
14819,5114
14820,5944
14821,6308
14822,7791
14823,4319
14824,8278
14825,4481
14826,5760
14827,3860
14828,10355
14829,5811
14830,16104
14831,14038
14832,5565
14833,7167
14834,5596
14835,7254
14836,5517
14837,12343
14838,9052
14839,9381
14840,4721
14841,8233
14842,5806
14843,9581
14844,8442
14845,7770
14846,6701
14847,7162
14848,7259
14849,9369
14850,9287
14851,6624
14852,8076
14853,10324
14854,7091
14855,7804
14856,7328
14857,9070
14858,7582
14859,5853
14860,5714
14861,6865
14862,6002
14863,11228
14864,6850
14865,8799
14866,7078
14867,10061
14868,4981
14869,7728
14870,10151
14871,8766
14872,9104
14873,6341
14874,4358
14875,15052
14876,9210
14877,9120
14878,17287
14879,9104
14880,8583
14881,7797
14882,9732
14883,10690
14884,11168
14885,12532
14886,5845
14887,7340
14888,6214
14889,10059
14890,4101
14891,10222
14892,6314
14893,6047
14894,6663
14895,8972
14896,7981
14897,5717
14898,7818
14899,5222
14900,4794
14901,7781
14902,4889
14903,5268
14904,6391
14905,7383
14906,10825
14907,9865
14908,7730
14909,6933
14910,5813
14911,11345
14912,7291
14913,5912
14914,5645
14915,5414
14916,9644
14917,4621
14918,12847
14919,7705
14920,3325
14921,4568
14922,8161
14923,6860
14924,6247
14925,9759
14926,10764
14927,11723
14928,6277
14929,12068
14930,3059
14931,6045
14932,6849
14933,6332
14934,7650
14935,6279
14936,7691
14937,5146
14938,5989
14939,11473
14940,8147
14941,4737
14942,5181
14943,9358
14944,10246
14945,8415
14946,5956
14947,5444
14948,9014
14949,6457
14950,8192
14951,5856
14952,6225
14953,7895
14954,9286
14955,4243
14956,4845
14957,5028
14958,5820
14959,9831
14960,9026
14961,8972
14962,13013
14963,5637
14964,11359
14965,12526
14966,7797
14967,5511
14968,3393
14969,8455
14970,6085
14971,6636
14972,7112
14973,7350
14974,11930
14975,5092
14976,6466
14977,7807
14978,4891
14979,8702
14980,5748
14981,4418
14982,7726
14983,3892
14984,7748
14985,8319
14986,7502
14987,8289
14988,9449
14989,8551
14990,6325
14991,8368
14992,9995
14993,6888
14994,6241
14995,6404
14996,5387
14997,10387
14998,7929
14999,6442
15000,5430
15001,7444
15002,9521
15003,7588
15004,6711
15005,9192
15006,5272
15007,7625
15008,17599
15009,7032
15010,10389
15011,6137
15012,6526
15013,6977
15014,5690
15015,4346
15016,6134
15017,9843
15018,13217
15019,8699
15020,9818
15021,10872
15022,11822
15023,11685
15024,9060
15025,5549
15026,5097
15027,10669
15028,11869
15029,8992
15030,8291
15031,9348
15032,6579
15033,3903
15034,11546
15035,7410
15036,6523
15037,6796
15038,3053
15039,13072
15040,11985
15041,14280
15042,6388
15043,5597
15044,5590
15045,6734
15046,6747
15047,8285
15048,7248
15049,5123
15050,5484
15051,7408
15052,3752
15053,3455
15054,6458
15055,14443
15056,7599
15057,18542
15058,4342
15059,6474
15060,7047
15061,6365
15062,5308
15063,5775
15064,4645
15065,3814
15066,9155
15067,7763
15068,4531
15069,9911
15070,6356
15071,7025
15072,4917
15073,10205
15074,8239
15075,9218
15076,5762
15077,7525
15078,4833
15079,5486
15080,5237
15081,14826
15082,11912
15083,7166
15084,5721
15085,5552
15086,6752
15087,4303
15088,8979
15089,4584
15090,15381
15091,4614
15092,5466
15093,6039
15094,10353
15095,8106
15096,5449
15097,6957
15098,7606
15099,7970
15100,8023
15101,6067
15102,4607
15103,9957
15104,5250
15105,4085
15106,5887
15107,7842
15108,6019
15109,6450
15110,9298
15111,9331
15112,7473
15113,7849
15114,4881
15115,8994
15116,5859
15117,4828
15118,7072
15119,7336
15120,6928
15121,10180
15122,6947
15123,6645
15124,7499
15125,6706
15126,6047
15127,7490
15128,8147
15129,7422
15130,6912
15131,7175
15132,10161
15133,7355
15134,4808
15135,13396
15136,5747
15137,3483
15138,8398
15139,9775
15140,10810
15141,5456
15142,6753
15143,7429
15144,4376
15145,6644
15146,7241
15147,7691
15148,6636
15149,7078
15150,9458
15151,3685
15152,6124
15153,6198
15154,5611
15155,5675
15156,7335
15157,9145
15158,5854
15159,5912
15160,8565
15161,7853
15162,9160
15163,9399
15164,5720
15165,7410
15166,7292
15167,8458
15168,8192
15169,8844
15170,3679
15171,9783
15172,7798
15173,8035
15174,10845
15175,4838
15176,4261
15177,13364
15178,9079
15179,9643
15180,6249
15181,6748
15182,9624
15183,4208
15184,7673
15185,5285
15186,9050
15187,6429
15188,7202
15189,8777
15190,5889
15191,9285
15192,12103
15193,17075
15194,7758
15195,5185
15196,6720
15197,5030
15198,3223
15199,11887
15200,8445
15201,6540
15202,9134
15203,6364
15204,10922
15205,5580
15206,6937
15207,6743
15208,9324
15209,5777
15210,7314
15211,6402
15212,5758
15213,8031
15214,5607
15215,7808
15216,8369
15217,9032
15218,8303
15219,7652
15220,6441
15221,11738
15222,5120
15223,5896
15224,12289
15225,7396
15226,9564
15227,6781
15228,17312
15229,6044
15230,5925
15231,5574
15232,5888
15233,9744
15234,12489
15235,8093
15236,7930
15237,8662
15238,4473
15239,8012
15240,7999
15241,7745
15242,8940
15243,6252
15244,5414
15245,5733
15246,3865
15247,5191
15248,9395
15249,7609
15250,12062
15251,17697
15252,7445
15253,5178
15254,7514
15255,7711
15256,9400
15257,4684
15258,6725
15259,4656
15260,8948
15261,7517
15262,7094
15263,13862
15264,13712
15265,5081
15266,7698
15267,4220
15268,5533
15269,5574
15270,9529
15271,5147
15272,5179
15273,6001
15274,8331
15275,6818
15276,4883
15277,6098
15278,8151
15279,7682
15280,7607
15281,3616
15282,11840
15283,18616
15284,3847
15285,8093
15286,8695
15287,8068
15288,5300
15289,3426
15290,4993
15291,8017
15292,5564
15293,8115
15294,9753
15295,5172
15296,5873
15297,7445
15298,6749
15299,5503
15300,6537
15301,7880
15302,10348
15303,8299
15304,10685
15305,6414
15306,4046
15307,6848
15308,6013
15309,9817
15310,6817
15311,4809
15312,20846
15313,7486
15314,6286
15315,12429
15316,7452
15317,7726
15318,6875
15319,7366
15320,5199
15321,9934
15322,13451
15323,5854
15324,5868
15325,6731
15326,12842
15327,7278
15328,6205
15329,6536
15330,5856
15331,6394
15332,5047
15333,9266
15334,4363
15335,6649
15336,3254
15337,23043
15338,9092
15339,4221
15340,5599
15341,10872
15342,6468
15343,7311
15344,8514
15345,6683
15346,5823
15347,4602
15348,9842
15349,6219
15350,6760
15351,7377
15352,8004
15353,5206
15354,8126
15355,7194
15356,4283
15357,8304
15358,10224
15359,4797
15360,8298
15361,7881
15362,5580
15363,10251
15364,5811
15365,7309
15366,7349
15367,8777
15368,3919
15369,5264
15370,5901
15371,11385
15372,6136
15373,9445
15374,4663
15375,8458
15376,3783
15377,5970
15378,4565
15379,6861
15380,5663
15381,7765
15382,7602
15383,9791
15384,5262
15385,7066
15386,6911
15387,9048
15388,6673
15389,9481
15390,10099
15391,6659
15392,3745
15393,7672
15394,5646
15395,6715
15396,7121
15397,4167
15398,12599
15399,5789
15400,6626
15401,11007
15402,6712
15403,4837
15404,0
15405,6664
15406,10428
15407,5452
15408,9347
15409,9292
15410,7707
15411,5184
15412,7076
15413,5998
15414,6096
15415,6693
15416,9282
15417,8097
15418,5514
15419,4960
15420,7755
15421,8296
15422,6246
15423,8684
15424,6237
15425,6660
15426,4462
15427,8695
15428,7861
15429,7529
15430,6329
15431,6436
15432,8289
15433,9445
15434,6448
15435,8442
15436,5493
15437,7034
15438,8031
15439,6398
15440,4643
15441,4735
15442,7520
15443,8927
15444,6046
15445,6418
15446,9066
15447,6721
15448,5884
15449,6295
15450,5683
15451,3003
15452,8657
15453,4146
15454,7826
15455,7702
15456,7606
15457,7529
15458,10881
15459,9377
15460,8035
15461,4741
15462,8208
15463,7841
15464,4051
15465,3168
15466,8683
15467,4153
15468,7655
15469,12812
15470,8486
15471,7386
15472,5153
15473,8042
15474,7833
15475,6858
15476,8160
15477,8859
15478,8775
15479,6510
15480,8831
15481,5173
15482,7432
15483,4731
15484,5768
15485,7687
15486,6037
15487,5485
15488,8365
15489,5426
15490,10836
15491,7254
15492,5542
15493,4798
15494,10421
15495,7871
15496,6142
15497,7068
15498,7462
15499,6624
15500,6044
15501,6746
15502,8024
15503,6006
15504,5045
15505,10140
15506,7201
15507,6473
15508,3695
15509,12389
15510,7093
15511,6215
15512,6740
15513,11082
15514,9482
15515,8524
15516,9383
15517,7288
15518,6107
15519,6554
15520,7949
15521,11306
15522,13943
15523,5258
15524,5771
15525,4018
15526,5033
15527,10155
15528,15603
15529,6746
15530,5381
15531,5934
15532,6091
15533,6686
15534,9603
15535,9147
15536,6536
15537,4138
15538,8589
15539,6224
15540,8889
15541,10242
15542,5255
15543,7898
15544,4207
15545,8153
15546,8512
15547,7565
15548,8805
15549,6610
15550,7881
15551,5173
15552,6837
15553,8106
15554,8956
15555,7619
15556,8706
15557,7081
15558,4844
15559,9746
15560,4914
15561,10719
15562,7210
15563,4815
15564,5925
15565,6926
15566,6280
15567,7876
15568,9513
15569,5851
15570,11484
15571,4167
15572,4826
15573,7811
15574,9190
15575,11272
15576,6924
15577,6297
15578,5788
15579,6123
15580,7946
15581,6376
15582,7057
15583,5443
15584,11244
15585,6627
15586,8973
15587,12469
15588,9236
15589,5117
15590,4836
15591,6218
15592,11366
15593,5838
15594,7973
15595,5081
15596,10806
15597,6850
15598,6058
15599,5876
15600,5535
15601,5235
15602,6964
15603,6280
15604,5439
15605,5352
15606,4877
15607,9865
15608,6489
15609,21267
15610,7792
15611,4524
15612,3020
15613,4356
15614,9639
15615,2077
15616,2953
15617,6339
15618,3272
15619,6462
15620,4910
15621,5410
15622,6169
15623,4623
15624,3443
15625,5796
15626,5438
15627,2759
15628,5004
15629,4384
15630,6095
15631,5373
15632,3601
15633,4644
15634,7758
15635,8026
15636,5838
15637,7406
15638,2331
15639,7677
15640,3301
15641,5384
15642,2464
15643,7717
15644,7584
15645,9256
15646,9895
15647,7314
15648,6198
15649,2964
15650,4329
15651,6317
15652,8014
15653,4376
15654,3667
15655,5935
15656,5328
15657,5711
15658,2586
15659,7691
15660,4556
15661,8409
15662,6743
15663,3487
15664,9027
15665,3156
15666,9228
15667,6557
15668,6850
15669,2598
15670,5580
15671,4958
15672,3579
15673,7558
15674,10726
15675,3066
15676,6247
15677,5655
15678,8946
15679,7321
15680,5607
15681,6972
15682,2523
15683,2512
15684,4438
15685,6210
15686,8880
15687,7893
15688,2599
15689,4220
15690,9080
15691,9143
15692,5964
15693,3073
15694,10756
15695,5598
15696,3471
15697,3744
15698,2382
15699,4737
15700,6855
15701,3746
15702,5924
15703,3118
15704,5998
15705,4073
15706,1964
15707,4480
15708,5418
15709,6171
15710,9394
15711,6974
15712,5244
15713,3931
15714,11221
15715,3349
15716,6386
15717,7415
15718,13519
15719,5223
15720,3099
15721,6822
15722,5748
15723,6831
15724,5155
15725,10596
15726,5936
15727,2117
15728,8015
15729,4630
15730,6047
15731,2355
15732,7968
15733,3965
15734,2791
15735,8412
15736,4412
15737,5545
15738,8110
15739,8026
15740,4266
15741,4343
15742,7637
15743,3506
15744,3050
15745,6884
15746,5252
15747,6936
15748,3336
15749,4637
15750,6232
15751,4457
15752,2988
15753,5472
15754,6066
15755,6130
15756,7566
15757,7862
15758,7688
15759,4254
15760,7671
15761,5673
15762,3082
15763,3731
15764,8014
15765,7717
15766,3018
15767,7039
15768,10047
15769,7081
15770,4854
15771,6595
15772,7518
15773,5649
15774,4658
15775,2912
15776,5170
15777,5444
15778,4713
15779,5397
15780,3095
15781,5701
15782,7582
15783,6059
15784,6967
15785,6200
15786,2853
15787,1660
15788,7109
15789,5785
15790,7074
15791,3651
15792,5573
15793,4246
15794,5416
15795,5715
15796,3937
15797,4165
15798,5120
15799,7215
15800,6850
15801,7948
15802,14281
15803,4046
15804,4873
15805,9627
15806,3628
15807,5367
15808,889
15809,8119
15810,6418
15811,5478
15812,6611
15813,5645
15814,4745
15815,5300
15816,5071
15817,7783
15818,3304
15819,5565
15820,2865
15821,9247
15822,3334
15823,7937
15824,9760
15825,6664
15826,5776
15827,4403
15828,2237
15829,1769
15830,3408
15831,5525
15832,3157
15833,5763
15834,7236
15835,4073
15836,5293
15837,4601
15838,8489
15839,8083
15840,7397
15841,5419
15842,3273
15843,8336
15844,9500
15845,3690
15846,4515
15847,3775
15848,5233
15849,5297
15850,3988
15851,6498
15852,3130
15853,5258
15854,4980
15855,8719
15856,5659
15857,7349
15858,6656
15859,4680
15860,8404
15861,16629
15862,8699
15863,3657
15864,3793
15865,6425
15866,7238
15867,2960
15868,4875
15869,9617
15870,6203
15871,7094
15872,17151
15873,5686
15874,5649
15875,2813
15876,2378
15877,10573
15878,3507
15879,6155
15880,8992
15881,2968
15882,3578
15883,6337
15884,3833
15885,6960
15886,2034
15887,5239
15888,5010
15889,10608
15890,5998
15891,6036
15892,3053
15893,8204
15894,6022
15895,6791
15896,1752
15897,9617
15898,5344
15899,6092
15900,4216
15901,4488
15902,4047
15903,4737
15904,3563
15905,5524
15906,4649
15907,4854
15908,8692
15909,8654
15910,7786
15911,4168
15912,4440
15913,4296
15914,4750
15915,6771
15916,3037
15917,1285
15918,6935
15919,5753
15920,7895
15921,5375
15922,4503
15923,4721
15924,3278
15925,2628
15926,8878
15927,6493
15928,5068
15929,5483
15930,11552
15931,6405
15932,1998
15933,7602
15934,2110
15935,4045
15936,6093
15937,6210
15938,2376
15939,4216
15940,4125
15941,3828
15942,1702
15943,8191
15944,4630
15945,9429
15946,10491
15947,5923
15948,5611
15949,4201
15950,5024
15951,4580
15952,11904
15953,6656
15954,6908
15955,3221
15956,5825
15957,5721
15958,9000
15959,8762
15960,7008
15961,5440
15962,6595
15963,5211
15964,8572
15965,6293
15966,6939
15967,6376
15968,8914
15969,7165
15970,4986
15971,6015
15972,8087
15973,6171
15974,3389
15975,5729
15976,3223
15977,5027
15978,8885
15979,7087
15980,7515
15981,6177
15982,8160
15983,4867
15984,4371
15985,4474
15986,6076
15987,6350
15988,6137
15989,3098
15990,12700
15991,5152
15992,5743
15993,16094
15994,5667
15995,7887
15996,6221
15997,6952
15998,7998
15999,7431
16000,10019
16001,2700
16002,4391
16003,5283
16004,8728
16005,2531
16006,5544
16007,4438
16008,5148
16009,5689
16010,5975
16011,3571
16012,5985
16013,4804
16014,2950
16015,3142
16016,7597
16017,4347
16018,4955
16019,5761
16020,5482
16021,9446
16022,12425
16023,5221
16024,7517
16025,5568
16026,9935
16027,4809
16028,2769
16029,4087
16030,5666
16031,12209
16032,3988
16033,8977
16034,7345
16035,2026
16036,3593
16037,6125
16038,6453
16039,5412
16040,9273
16041,8760
16042,7326
16043,4068
16044,12496
16045,2041
16046,3852
16047,9224
16048,4214
16049,5647
16050,3667
16051,6878
16052,5048
16053,3862
16054,14288
16055,9796
16056,2317
16057,5026
16058,5470
16059,7599
16060,9637
16061,5252
16062,2877
16063,8692
16064,2172
16065,10371
16066,4542
16067,5820
16068,9614
16069,5708
16070,1592
16071,5026
16072,2358
16073,3731
16074,11563
16075,8011
16076,4200
16077,12231
16078,7627
16079,10762
16080,11553
16081,7235
16082,4258
16083,1994
16084,4998
16085,5942
16086,2722
16087,6115
16088,4586
16089,7388
16090,2518
16091,5503
16092,8747
16093,1738
16094,9328
16095,6126
16096,2696
16097,7061
16098,3301
16099,3196
16100,9854
16101,7066
16102,7545
16103,8201
16104,5486
16105,5063
16106,6958
16107,7001
16108,8326
16109,5794
16110,7032
16111,3834
16112,8762
16113,6414
16114,5827
16115,3936
16116,4801
16117,8368
16118,5869
16119,4088
16120,5115
16121,5190
16122,5310
16123,16044
16124,5373
16125,9959
16126,4633
16127,3716
16128,6595
16129,5476
16130,3127
16131,5091
16132,9322
16133,14384
16134,7428
16135,9546
16136,7317
16137,10565
16138,8591
16139,7102
16140,5911
16141,4229
16142,9902
16143,7861
16144,7718
16145,5161
16146,5327
16147,5096
16148,2299
16149,12701
16150,6986
16151,5560
16152,5002
16153,1453
16154,8825
16155,7998
16156,11978
16157,5948
16158,4185
16159,3729
16160,6908
16161,5067
16162,4232
16163,10675
16164,4271
16165,4740
16166,5347
16167,3284
16168,2621
16169,2433
16170,14603
16171,4898
16172,12967
16173,4165
16174,5930
16175,5036
16176,4050
16177,3139
16178,6256
16179,3151
16180,2586
16181,10695
16182,6199
16183,2790
16184,8605
16185,2710
16186,5679
16187,3626
16188,9812
16189,7419
16190,8295
16191,2403
16192,5137
16193,2761
16194,4876
16195,3579
16196,15602
16197,12585
16198,4871
16199,2896
16200,6015
16201,4290
16202,2494
16203,7462
16204,2484
16205,14457
16206,4198
16207,4972
16208,5968
16209,11718
16210,6904
16211,4996
16212,5075
16213,6004
16214,6853
16215,6920
16216,3935
16217,1378
16218,4912
16219,2944
16220,2778
16221,5798
16222,7344
16223,5851
16224,5341
16225,8224
16226,5645
16227,3345
16228,7590
16229,2290
16230,10102
16231,4565
16232,2791
16233,4342
16234,4147
16235,4614
16236,7514
16237,7128
16238,3772
16239,6065
16240,2454
16241,4768
16242,8103
16243,9322
16244,3536
16245,2159
16246,5402
16247,7646
16248,6538
16249,2405
16250,11069
16251,3598
16252,3234
16253,5603
16254,10363
16255,9425
16256,4427
16257,4496
16258,6122
16259,1585
16260,7032
16261,6573
16262,4902
16263,4379
16264,3020
16265,8347
16266,3107
16267,4550
16268,3848
16269,3520
16270,2907
16271,7492
16272,6857
16273,5506
16274,3792
16275,5240
16276,7907
16277,7664
16278,7577
16279,5060
16280,5414
16281,5839
16282,8417
16283,6825
16284,5114
16285,1952
16286,6272
16287,6561
16288,6344
16289,7934
16290,5826
16291,2870
16292,7717
16293,5496
16294,10972
16295,2779
16296,2608
16297,9120
16298,1663
16299,5301
16300,4130
16301,7793
16302,3727
16303,4552
16304,9585
16305,2658
16306,6413
16307,9834
16308,15139
16309,6715
16310,2486
16311,5704
16312,3773
16313,2121
16314,7673
16315,4955
16316,6670
16317,4935
16318,5541
16319,5101
16320,5097
16321,5092
16322,4766
16323,8921
16324,5402
16325,2558
16326,6366
16327,4019
16328,5569
16329,5962
16330,5925
16331,7650
16332,8083
16333,8279
16334,5760
16335,5105
16336,6184
16337,2958
16338,5856
16339,8806
16340,6890
16341,6836
16342,6403
16343,14530
16344,3148
16345,3518
16346,5020
16347,4066
16348,8586
16349,10543
16350,8074
16351,7295
16352,7356
16353,1989
16354,8266
16355,3291
16356,6566
16357,6123
16358,5242
16359,2135
16360,5387
16361,3309
16362,3049
16363,7031
16364,4879
16365,8863
16366,17316
16367,5572
16368,3056
16369,4534
16370,8514
16371,6543
16372,4393
16373,5607
16374,1922
16375,6232
16376,7219
16377,3392
16378,10824
16379,12154
16380,3030
16381,5706
16382,3856
16383,3816
16384,4069
16385,9092
16386,3872
16387,4541
16388,4790
16389,2888
16390,2676
16391,2591
16392,5535
16393,5855
16394,4611
16395,7414
16396,1233
16397,7643
16398,15470
16399,3134
16400,8296
16401,6666
16402,4645
16403,4221
16404,2515
16405,4226
16406,4761
16407,5270
16408,3137
16409,8994
16410,4558
16411,3978
16412,6264
16413,5012
16414,6315
16415,4995
16416,6109
16417,10353
16418,4737
16419,7050
16420,5999
16421,3737
16422,3244
16423,4428
16424,5912
16425,6410
16426,3468
16427,12959
16428,5267
16429,4827
16430,12130
16431,4820
16432,6840
16433,4403
16434,5341
16435,5357
16436,6718
16437,15848
16438,3062
16439,5493
16440,3518
16441,8967
16442,6982
16443,5008
16444,3712
16445,4017
16446,2601
16447,2121
16448,6917
16449,2275
16450,3709
16451,1306
16452,21884
16453,8506
16454,2153
16455,5247
16456,6325
16457,6473
16458,5381
16459,7920
16460,5682
16461,6139
16462,2888
16463,7716
16464,6321
16465,4047
16466,6029
16467,9394
16468,4459
16469,8476
16470,6578
16471,3261
16472,5707
16473,6704
16474,2659
16475,8676
16476,6904
16477,4811
16478,9919
16479,3818
16480,5014
16481,8802
16482,6340
16483,2343
16484,4845
16485,3758
16486,3745
16487,5104
16488,5871
16489,3543
16490,6002
16491,2256
16492,5181
16493,2750
16494,5884
16495,5067
16496,4779
16497,5927
16498,8882
16499,2772
16500,6002
16501,6618
16502,3284
16503,5800
16504,5879
16505,9117
16506,6682
16507,3748
16508,2235
16509,2087
16510,5565
16511,4818
16512,4290
16513,12330
16514,5488
16515,5462
16516,8477
16517,6280
16518,2171
16519,0
16520,4581
16521,8027
16522,6281
16523,7537
16524,6034
16525,9132
16526,4874
16527,3762
16528,2870
16529,3479
16530,6373
16531,4477
16532,7887
16533,4986
16534,2862
16535,8101
16536,7008
16537,4406
16538,7182
16539,4482
16540,6520
16541,3623
16542,5027
16543,3890
16544,4812
16545,3414
16546,5846
16547,7762
16548,7999
16549,6004
16550,5765
16551,4257
16552,6295
16553,6919
16554,6918
16555,2850
16556,2923
16557,8524
16558,6234
16559,3052
16560,3979
16561,7755
16562,6776
16563,2522
16564,5703
16565,4732
16566,1736
16567,5175
16568,2858
16569,4351
16570,6433
16571,5960
16572,5264
16573,4284
16574,8423
16575,6258
16576,3446
16577,5279
16578,5122
16579,3081
16580,1167
16581,7431
16582,1594
16583,5851
16584,9762
16585,5734
16586,4282
16587,3188
16588,5548
16589,5504
16590,4714
16591,5721
16592,6142
16593,7859
16594,6175
16595,8821
16596,3875
16597,3920
16598,4252
16599,3687
16600,5447
16601,6319
16602,3294
16603,5471
16604,2701
16605,7922
16606,4468
16607,4439
16608,3876
16609,5643
16610,7884
16611,3483
16612,6688
16613,4341
16614,5721
16615,4968
16616,6079
16617,7719
16618,4613
16619,3783
16620,9652
16621,6254
16622,6911
16623,1939
16624,4399
16625,5214
16626,4105
16627,4860
16628,10457
16629,8352
16630,9175
16631,10111
16632,5931
16633,5490
16634,6022
16635,6129
16636,7329
16637,11216
16638,3175
16639,1848
16640,1533
16641,4023
16642,5210
16643,10218
16644,2442
16645,1990
16646,5316
16647,5187
16648,5969
16649,10035
16650,6645
16651,6537
16652,2596
16653,7847
16654,6205
16655,6655
16656,6891
16657,3346
16658,6335
16659,3171
16660,6694
16661,5721
16662,5076
16663,5859
16664,3842
16665,6376
16666,5208
16667,6827
16668,4744
16669,8242
16670,5186
16671,8788
16672,5308
16673,3607
16674,7732
16675,2822
16676,9889
16677,6044
16678,4845
16679,3347
16680,6815
16681,4531
16682,4281
16683,6636
16684,4506
16685,12596
16686,3095
16687,2825
16688,5910
16689,6142
16690,10673
16691,2594
16692,4756
16693,6156
16694,5615
16695,4879
16696,3500
16697,6043
16698,3095
16699,10072
16700,2886
16701,6767
16702,14176
16703,7605
16704,6455
16705,3219
16706,4827
16707,8006
16708,2731
16709,7304
16710,2907
16711,8326
16712,6759
16713,5733
16714,6085
16715,4709
16716,2854
16717,5702
16718,2342
16719,3845
16720,3189
16721,2808
16722,7623
16723,5515
16724,21494
16725,7630
16726,0
16727,0
16728,0
16729,0
16730,0
16731,0
16732,0
16733,0
16734,0
16735,0
16736,0
16737,0
16738,0
16739,0
16740,0
16741,0
16742,0
16743,0
16744,0
16745,0
16746,0
16747,0
16748,0
16749,0
16750,0
16751,0
16752,0
16753,0
16754,0
16755,0
16756,0
16757,0
16758,0
16759,0
16760,0
16761,0
16762,0
16763,0
16764,0
16765,0
16766,0
16767,0
16768,0
16769,0
16770,0
16771,0
16772,0
16773,0
16774,0
16775,0
16776,0
16777,0
16778,0
16779,0
16780,0
16781,0
16782,0
16783,0
16784,0
16785,0
16786,0
16787,0
16788,0
16789,0
16790,0
16791,0
16792,0
16793,0
16794,0
16795,0
16796,0
16797,0
16798,0
16799,0
16800,0
16801,0
16802,0
16803,0
16804,0
16805,0
16806,0
16807,0
16808,0
16809,0
16810,11937
16811,0
16812,0
16813,0
16814,0
16815,0
16816,0
16817,0
16818,0
16819,0
16820,0
16821,0
16822,0
16823,0
16824,0
16825,0
16826,0
16827,0
16828,0
16829,0
16830,0
16831,0
16832,0
16833,0
16834,0
16835,0
16836,0
16837,0
16838,0
16839,0
16840,0
16841,0
16842,0
16843,0
16844,0
16845,0
16846,0
16847,3340
16848,0
16849,0
16850,0
16851,0
16852,0
16853,0
16854,0
16855,0
16856,0
16857,0
16858,0
16859,0
16860,0
16861,0
16862,0
16863,0
16864,0
16865,0
16866,0
16867,0
16868,0
16869,0
16870,0
16871,0
16872,0
16873,0
16874,0
16875,0
16876,0
16877,0
16878,0
16879,0
16880,0
16881,0
16882,0
16883,0
16884,0
16885,0
16886,0
16887,0
16888,0
16889,0
16890,0
16891,0
16892,0
16893,0
16894,0
16895,0
16896,0
16897,0
16898,0
16899,0
16900,0
16901,0
16902,0
16903,0
16904,0
16905,0
16906,0
16907,0
16908,0
16909,0
16910,0
16911,0
16912,0
16913,0
16914,0
16915,0
16916,0
16917,0
16918,0
16919,0
16920,0
16921,0
16922,0
16923,0
16924,0
16925,0
16926,0
16927,0
16928,0
16929,0
16930,0
16931,0
16932,0
16933,0
16934,2469
16935,0
16936,0
16937,0
16938,0
16939,0
16940,0
16941,0
16942,0
16943,0
16944,0
16945,0
16946,0
16947,0
16948,0
16949,0
16950,0
16951,0
16952,0
16953,0
16954,0
16955,0
16956,0
16957,0
16958,0
16959,0
16960,0
16961,0
16962,0
16963,0
16964,0
16965,0
16966,0
16967,0
16968,0
16969,0
16970,0
16971,0
16972,0
16973,0
16974,0
16975,0
16976,0
16977,0
16978,0
16979,0
16980,0
16981,0
16982,0
16983,0
16984,16831
16985,0
16986,0
16987,27471
16988,0
16989,0
16990,0
16991,0
16992,0
16993,0
16994,0
16995,0
16996,0
16997,0
16998,0
16999,7596
17000,0
17001,0
17002,0
17003,0
17004,0
17005,0
17006,0
17007,0
17008,0
17009,0
17010,0
17011,0
17012,0
17013,0
17014,0
17015,0
17016,0
17017,0
17018,0
17019,0
17020,0
17021,0
17022,0
17023,0
17024,4246
17025,0
17026,0
17027,0
17028,0
17029,0
17030,0
17031,0
17032,0
17033,0
17034,0
17035,2601
17036,0
17037,0
17038,0
17039,0
17040,0
17041,0
17042,0
17043,0
17044,0
17045,0
17046,0
17047,0
17048,0
17049,0
17050,0
17051,0
17052,0
17053,0
17054,0
17055,0
17056,0
17057,0
17058,0
17059,0
17060,8401
17061,0
17062,0
17063,0
17064,0
17065,0
17066,0
17067,0
17068,0
17069,0
17070,0
17071,0
17072,0
17073,0
17074,0
17075,0
17076,0
17077,0
17078,8989
17079,0
17080,0
17081,0
17082,0
17083,0
17084,0
17085,0
17086,0
17087,0
17088,0
17089,0
17090,0
17091,0
17092,0
17093,0
17094,0
17095,0
17096,0
17097,0
17098,0
17099,0
17100,0
17101,0
17102,0
17103,0
17104,0
17105,0
17106,0
17107,0
17108,0
17109,0
17110,0
17111,0
17112,0
17113,0
17114,0
17115,0
17116,0
17117,0
17118,0
17119,0
17120,0
17121,0
17122,0
17123,0
17124,0
17125,0
17126,0
17127,0
17128,0
17129,0
17130,0
17131,0
17132,0
17133,0
17134,0
17135,0
17136,0
17137,0
17138,0
17139,0
17140,0
17141,0
17142,0
17143,0
17144,0
17145,0
17146,0
17147,0
17148,14673
17149,0
17150,0
17151,0
17152,0
17153,0
17154,0
17155,0
17156,0
17157,0
17158,1683
17159,0
17160,0
17161,0
17162,0
17163,0
17164,0
17165,0
17166,0
17167,0
17168,0
17169,0
17170,0
17171,0
17172,0
17173,0
17174,0
17175,0
17176,0
17177,0
17178,4944
17179,0
17180,0
17181,0
17182,0
17183,0
17184,0
17185,0
17186,0
17187,0
17188,0
17189,0
17190,0
17191,0
17192,0
17193,0
17194,0
17195,0
17196,0
17197,0
17198,0
17199,0
17200,0
17201,0
17202,0
17203,0
17204,0
17205,0
17206,0
17207,0
17208,0
17209,0
17210,0
17211,0
17212,0
17213,0
17214,0
17215,0
17216,0
17217,0
17218,0
17219,7820
17220,0
17221,0
17222,0
17223,0
17224,0
17225,0
17226,0
17227,0
17228,0
17229,0
17230,0
17231,0
17232,0
17233,0
17234,0
17235,0
17236,0
17237,7915
17238,0
17239,0
17240,0
17241,0
17242,0
17243,0
17244,0
17245,0
17246,0
17247,0
17248,0
17249,2315
17250,0
17251,0
17252,0
17253,0
17254,0
17255,5051
17256,0
17257,0
17258,0
17259,0
17260,0
17261,0
17262,0
17263,0
17264,0
17265,0
17266,0
17267,0
17268,0
17269,0
17270,0
17271,0
17272,0
17273,0
17274,0
17275,0
17276,0
17277,0
17278,0
17279,0
17280,0
17281,0
17282,0
17283,0
17284,0
17285,0
17286,0
17287,18468
17288,0
17289,0
17290,0
17291,0
17292,0
17293,0
17294,0
17295,0
17296,0
17297,0
17298,0
17299,0
17300,0
17301,0
17302,0
17303,5657
17304,0
17305,0
17306,0
17307,0
17308,0
17309,0
17310,0
17311,0
17312,0
17313,0
17314,0
17315,0
17316,0
17317,0
17318,0
17319,0
17320,0
17321,0
17322,0
17323,0
17324,0
17325,0
17326,0
17327,0
17328,0
17329,0
17330,0
17331,0
17332,0
17333,0
17334,0
17335,0
17336,0
17337,0
17338,0
17339,0
17340,0
17341,0
17342,0
17343,0
17344,0
17345,0
17346,0
17347,0
17348,0
17349,0
17350,0
17351,0
17352,0
17353,0
17354,0
17355,0
17356,0
17357,0
17358,0
17359,0
17360,0
17361,0
17362,0
17363,0
17364,0
17365,0
17366,0
17367,0
17368,0
17369,0
17370,0
17371,0
17372,0
17373,0
17374,0
17375,0
17376,0
17377,0
17378,0
17379,0
17380,0
17381,0
17382,0
17383,0
17384,0
17385,0
17386,0
17387,0
17388,0
17389,0
17390,0
17391,0
17392,0
17393,0
17394,0
17395,0
17396,0
17397,0
17398,0
17399,0
17400,0
17401,13554
17402,0
17403,0
17404,0
17405,0
17406,0
17407,7285
17408,0
17409,0
17410,0
17411,0
17412,0
17413,0
17414,0
17415,0
17416,0
17417,0
17418,0
17419,0
17420,0
17421,0
17422,0
17423,0
17424,0
17425,0
17426,0
17427,0
17428,0
17429,0
17430,0
17431,0
17432,0
17433,0
17434,0
17435,0
17436,0
17437,0
17438,0
17439,0
17440,0
17441,0
17442,0
17443,0
17444,0
17445,0
17446,0
17447,0
17448,0
17449,0
17450,0
17451,0
17452,0
17453,0
17454,0
17455,0
17456,0
17457,3051
17458,16449
17459,0
17460,0
17461,0
17462,0
17463,0
17464,0
17465,0
17466,0
17467,0
17468,0
17469,0
17470,0
17471,0
17472,0
17473,0
17474,0
17475,0
17476,0
17477,0
17478,0
17479,0
17480,0
17481,0
17482,0
17483,0
17484,0
17485,0
17486,0
17487,0
17488,0
17489,0
17490,0
17491,0
17492,0
17493,0
17494,12396
17495,0
17496,0
17497,0
17498,0
17499,0
17500,0
17501,0
17502,0
17503,0
17504,0
17505,0
17506,0
17507,0
17508,0
17509,0
17510,0
17511,0
17512,0
17513,0
17514,0
17515,0
17516,0
17517,0
17518,0
17519,0
17520,0
17521,0
17522,0
17523,0
17524,0
17525,0
17526,0
17527,0
17528,0
17529,0
17530,0
17531,0
17532,0
17533,0
17534,0
17535,0
17536,0
17537,0
17538,0
17539,0
17540,0
17541,0
17542,0
17543,0
17544,0
17545,0
17546,0
17547,0
17548,0
17549,0
17550,0
17551,0
17552,0
17553,0
17554,0
17555,0
17556,0
17557,0
17558,0
17559,0
17560,0
17561,0
17562,0
17563,0
17564,0
17565,0
17566,0
17567,0
17568,0
17569,0
17570,0
17571,0
17572,0
17573,0
17574,0
17575,0
17576,0
17577,0
17578,0
17579,0
17580,0
17581,0
17582,0
17583,0
17584,0
17585,0
17586,0
17587,0
17588,2556
17589,0
17590,0
17591,0
17592,2027
17593,0
17594,0
17595,0
17596,0
17597,0
17598,0
17599,0
17600,0
17601,0
17602,3507
17603,0
17604,0
17605,0
17606,0
17607,0
17608,0
17609,0
17610,0
17611,0
17612,0
17613,0
17614,0
17615,0
17616,0
17617,0
17618,0
17619,0
17620,0
17621,0
17622,0
17623,0
17624,0
17625,0
17626,0
17627,0
17628,0
17629,0
17630,0
17631,0
17632,0
17633,0
17634,0
17635,0
17636,0
17637,0
17638,0
17639,0
17640,0
17641,0
17642,0
17643,0
17644,0
17645,0
17646,0
17647,0
17648,0
17649,0
17650,0
17651,0
17652,0
17653,0
17654,0
17655,0
17656,2371
17657,0
17658,0
17659,0
17660,0
17661,0
17662,0
17663,0
17664,0
17665,0
17666,0
17667,0
17668,0
17669,0
17670,0
17671,0
17672,0
17673,11810
17674,0
17675,0
17676,0
17677,0
17678,0
17679,0
17680,0
17681,0
17682,0
17683,0
17684,0
17685,0
17686,0
17687,0
17688,0
17689,0
17690,0
17691,0
17692,0
17693,0
17694,0
17695,0
17696,0
17697,0
17698,0
17699,0
17700,0
17701,0
17702,0
17703,0
17704,0
17705,0
17706,0
17707,0
17708,0
17709,0
17710,0
17711,0
17712,0
17713,0
17714,0
17715,0
17716,0
17717,0
17718,0
17719,0
17720,0
17721,0
17722,0
17723,0
17724,0
17725,0
17726,0
17727,0
17728,0
17729,0
17730,0
17731,0
17732,0
17733,0
17734,0
17735,0
17736,0
17737,0
17738,0
17739,0
17740,0
17741,0
17742,0
17743,0
17744,0
17745,0
17746,0
17747,0
17748,0
17749,0
17750,0
17751,0
17752,0
17753,0
17754,0
17755,0
17756,0
17757,0
17758,0
17759,0
17760,0
17761,0
17762,0
17763,0
17764,0
17765,0
17766,0
17767,0
17768,0
17769,0
17770,4149
17771,0
17772,0
17773,0
17774,0
17775,0
17776,0
17777,0
17778,0
17779,0
17780,0
17781,0
17782,0
17783,0
17784,0
17785,0
17786,0
17787,0
17788,0
17789,0
17790,0
17791,0
17792,0
17793,0
17794,0
17795,0
17796,0
17797,0
17798,0
17799,0
17800,0
17801,0
17802,0
17803,0
17804,0
17805,0
17806,4795
17807,0
17808,0
17809,0
17810,0
17811,0
17812,0
17813,0
17814,0
17815,0
17816,0
17817,0
17818,0
17819,0
17820,0
17821,0
17822,13770
17823,0
17824,4598
17825,0
17826,0
17827,0
17828,0
17829,0
17830,0
17831,0
17832,0
17833,0
17834,0
17835,0
17836,0
17837,0
17838,0
17839,0
17840,0
17841,4010
17842,4505
17843,6092
17844,9257
17845,4515
17846,4588
17847,9059
17848,5846
17849,6763
17850,5797
17851,7007
17852,6717
17853,3889
17854,5217
17855,6042
17856,7848
17857,5726
17858,6810
17859,6085
17860,8901
17861,4415
17862,4259
17863,4607
17864,8770
17865,10317
17866,5775
17867,8202
17868,4322
17869,7126
17870,3261
17871,5034
17872,3924
17873,7349
17874,7925
17875,10082
17876,9565
17877,5391
17878,4929
17879,3994
17880,3617
17881,5556
17882,9013
17883,5868
17884,4862
17885,4565
17886,4324
17887,6955
17888,3375
17889,6637
17890,3654
17891,6416
17892,5686
17893,4840
17894,6592
17895,4871
17896,7082
17897,8238
17898,6186
17899,5617
17900,8053
17901,4648
17902,6075
17903,5831
17904,9749
17905,4566
17906,5721
17907,7440
17908,7175
17909,7707
17910,5573
17911,7992
17912,3843
17913,4683
17914,5209
17915,5911
17916,8650
17917,6801
17918,3248
17919,5023
17920,7035
17921,6905
17922,8262
17923,3614
17924,11932
17925,6785
17926,3749
17927,6533
17928,5814
17929,6248
17930,7330
17931,3928
17932,5312
17933,5439
17934,6754
17935,6363
17936,5071
17937,6433
17938,4976
17939,4998
17940,8273
17941,6797
17942,5430
17943,4969
17944,10475
17945,4936
17946,9092
17947,7101
17948,12100
17949,6394
17950,4774
17951,5641
17952,6124
17953,5670
17954,4473
17955,7171
17956,7517
17957,3390
17958,7141
17959,5832
17960,6657
17961,4543
17962,8224
17963,7780
17964,4371
17965,11488
17966,4630
17967,4318
17968,7243
17969,8243
17970,5189
17971,4168
17972,6637
17973,5651
17974,5011
17975,5420
17976,4619
17977,7699
17978,7402
17979,6485
17980,7332
17981,4850
17982,4176
17983,5552
17984,6552
17985,7028
17986,7613
17987,7325
17988,9154
17989,5081
17990,7532
17991,6546
17992,4436
17993,5539
17994,8315
17995,6034
17996,5880
17997,8718
17998,7291
17999,6680
18000,4806
18001,6615
18002,6397
18003,7127
18004,6036
18005,3820
18006,4829
18007,8406
18008,7160
18009,5218
18010,3182
18011,7331
18012,7186
18013,7681
18014,6180
18015,5466
18016,4540
18017,3768
18018,9218
18019,5907
18020,6526
18021,5542
18022,4688
18023,6023
18024,5980
18025,5695
18026,3553
18027,5952
18028,4331
18029,7660
18030,7456
18031,6509
18032,10349
18033,4217
18034,4425
18035,9144
18036,5099
18037,5754
18038,2058
18039,7299
18040,7321
18041,4539
18042,5972
18043,6151
18044,5589
18045,5725
18046,7138
18047,10273
18048,2585
18049,6441
18050,2704
18051,13707
18052,4303
18053,7652
18054,8117
18055,5268
18056,5902
18057,4536
18058,5071
18059,2907
18060,4004
18061,5499
18062,4889
18063,6710
18064,6462
18065,4716
18066,6402
18067,5912
18068,7613
18069,7885
18070,7575
18071,4167
18072,3324
18073,9140
18074,9373
18075,4702
18076,7467
18077,5228
18078,6880
18079,4568
18080,4981
18081,5891
18082,3155
18083,5756
18084,4257
18085,9227
18086,6815
18087,7193
18088,7275
18089,5070
18090,7300
18091,17215
18092,9024
18093,4543
18094,2511
18095,5548
18096,6916
18097,5176
18098,5899
18099,13084
18100,6479
18101,9978
18102,18339
18103,3905
18104,6145
18105,4648
18106,4327
18107,7183
18108,4436
18109,7205
18110,9720
18111,7199
18112,5523
18113,6981
18114,4440
18115,6043
18116,3707
18117,5552
18118,7121
18119,8362
18120,5655
18121,5272
18122,4469
18123,7196
18124,4581
18125,4988
18126,3377
18127,7875
18128,4763
18129,5506
18130,6214
18131,7477
18132,6701
18133,5599
18134,5862
18135,5120
18136,6342
18137,6437
18138,7937
18139,8599
18140,6703
18141,5188
18142,3072
18143,5492
18144,6275
18145,5589
18146,4495
18147,2115
18148,7695
18149,5949
18150,8086
18151,6445
18152,4798
18153,6289
18154,4442
18155,4436
18156,8923
18157,4913
18158,6674
18159,7096
18160,13906
18161,5113
18162,4758
18163,6844
18164,5159
18165,5045
18166,4806
18167,7344
18168,4030
18169,6287
18170,3577
18171,5415
18172,4126
18173,9494
18174,4818
18175,13304
18176,12050
18177,4587
18178,6128
18179,5142
18180,5906
18181,4955
18182,10796
18183,6764
18184,8001
18185,4228
18186,7200
18187,4568
18188,8809
18189,9056
18190,5807
18191,5287
18192,5905
18193,6699
18194,7270
18195,8904
18196,5742
18197,7159
18198,8656
18199,6191
18200,6451
18201,4887
18202,8928
18203,7077
18204,4863
18205,4618
18206,6043
18207,4478
18208,8204
18209,5515
18210,6995
18211,5558
18212,8121
18213,4160
18214,7471
18215,8429
18216,7526
18217,7344
18218,5833
18219,3761
18220,11890
18221,10032
18222,6720
18223,16158
18224,9359
18225,6140
18226,5966
18227,7718
18228,9064
18229,10671
18230,10689
18231,4764
18232,6484
18233,4916
18234,7445
18235,3763
18236,10204
18237,5043
18238,4384
18239,5862
18240,8460
18241,7620
18242,5131
18243,6980
18244,4874
18245,3683
18246,6173
18247,3817
18248,4126
18249,5178
18250,5655
18251,8213
18252,8383
18253,7459
18254,6239
18255,5151
18256,10632
18257,6216
18258,4208
18259,4996
18260,4765
18261,8253
18262,4275
18263,11179
18264,6959
18265,3001
18266,4069
18267,6446
18268,5796
18269,4608
18270,8056
18271,9192
18272,11634
18273,5398
18274,9410
18275,2858
18276,5265
18277,6367
18278,4903
18279,6474
18280,4909
18281,5807
18282,3449
18283,4591
18284,10397
18285,7221
18286,3784
18287,5445
18288,7812
18289,9908
18290,7047
18291,5257
18292,4031
18293,10073
18294,5791
18295,7081
18296,5242
18297,4759
18298,6410
18299,7866
18300,3344
18301,3857
18302,4732
18303,5734
18304,9591
18305,6935
18306,6693
18307,11910
18308,4703
18309,9461
18310,10581
18311,6425
18312,4867
18313,2734
18314,7191
18315,5351
18316,5972
18317,5423
18318,6182
18319,10691
18320,4962
18321,4917
18322,6520
18323,4819
18324,6502
18325,4804
18326,3788
18327,5812
18328,3339
18329,6576
18330,8059
18331,5945
18332,7126
18333,7622
18334,7203
18335,4585
18336,7026
18337,8406
18338,7296
18339,5430
18340,5938
18341,4643
18342,9771
18343,5624
18344,6366
18345,4705
18346,6134
18347,7805
18348,6090
18349,5629
18350,7774
18351,5307
18352,6433
18353,16694
18354,5594
18355,7876
18356,5162
18357,5425
18358,5084
18359,4472
18360,4015
18361,4337
18362,8100
18363,13355
18364,8184
18365,9042
18366,9762
18367,10158
18368,9380
18369,7164
18370,6423
18371,5271
18372,10640
18373,10069
18374,6346
18375,7470
18376,7353
18377,5754
18378,4172
18379,10800
18380,6084
18381,5784
18382,5875
18383,1978
18384,12508
18385,9384
18386,14519
18387,5663
18388,4223
18389,4636
18390,5518
18391,6528
18392,6393
18393,6200
18394,5573
18395,4214
18396,6663
18397,3281
18398,2781
18399,5972
18400,12598
18401,6191
18402,16890
18403,4028
18404,5674
18405,5702
18406,4952
18407,4690
18408,4700
18409,4985
18410,3238
18411,7347
18412,6308
18413,3464
18414,8152
18415,4438
18416,5488
18417,4536
18418,9193
18419,6846
18420,9914
18421,4711
18422,6258
18423,4148
18424,4249
18425,4208
18426,13648
18427,9447
18428,5912
18429,4475
18430,4760
18431,5601
18432,3860
18433,8964
18434,4691
18435,13718
18436,4287
18437,5063
18438,5601
18439,8835
18440,6195
18441,4065
18442,6001
18443,6262
18444,6544
18445,5991
18446,5564
18447,3329
18448,9130
18449,5230
18450,3424
18451,5715
18452,5685
18453,6039
18454,6655
18455,8236
18456,7661
18457,6397
18458,6461
18459,3967
18460,8057
18461,4947
18462,4167
18463,6049
18464,6474
18465,5661
18466,8142
18467,5719
18468,5733
18469,5901
18470,5856
18471,5478
18472,7010
18473,6554
18474,6214
18475,5141
18476,4927
18477,8287
18478,5498
18479,3513
18480,10855
18481,4637
18482,2934
18483,6582
18484,8336
18485,8672
18486,5119
18487,5235
18488,5954
18489,3532
18490,5895
18491,6830
18492,6197
18493,5406
18494,6959
18495,7574
18496,2952
18497,4954
18498,5273
18499,5213
18500,4483
18501,6622
18502,6794
18503,5731
18504,4765
18505,7649
18506,5611
18507,7546
18508,7994
18509,4338
18510,6366
18511,6494
18512,7652
18513,6869
18514,7295
18515,2932
18516,9012
18517,6191
18518,6990
18519,10091
18520,4510
18521,3605
18522,11370
18523,7738
18524,7701
18525,4710
18526,5941
18527,8174
18528,3171
18529,5963
18530,4803
18531,6767
18532,5457
18533,4649
18534,7419
18535,4507
18536,8256
18537,9750
18538,17109
18539,6632
18540,4204
18541,4986
18542,3608
18543,2652
18544,11337
18545,7185
18546,5113
18547,7782
18548,4957
18549,11030
18550,4049
18551,5325
18552,5516
18553,7995
18554,4635
18555,5919
18556,5072
18557,4325
18558,7155
18559,4624
18560,6208
18561,7071
18562,8526
18563,6815
18564,6960
18565,5379
18566,10330
18567,4363
18568,4798
18569,9903
18570,6512
18571,7670
18572,7997
18573,15329
18574,4496
18575,4564
18576,4575
18577,5189
18578,7764
18579,9287
18580,6185
18581,6962
18582,7058
18583,3420
18584,7362
18585,6950
18586,5572
18587,7085
18588,4794
18589,4545
18590,4381
18591,3693
18592,4009
18593,7558
18594,6834
18595,10434
18596,14959
18597,6394
18598,4780
18599,5709
18600,8035
18601,8894
18602,3719
18603,5545
18604,3569
18605,8618
18606,6005
18607,5667
18608,12021
18609,12317
18610,3927
18611,6982
18612,3771
18613,5223
18614,5791
18615,8096
18616,4291
18617,3918
18618,5099
18619,6758
18620,6135
18621,4496
18622,5417
18623,6816
18624,5730
18625,6011
18626,3560
18627,10193
18628,18527
18629,3910
18630,6678
18631,7456
18632,5881
18633,4067
18634,3790
18635,3561
18636,6909
18637,4313
18638,7271
18639,8969
18640,4212
18641,4744
18642,5510
18643,5115
18644,4482
18645,5084
18646,5878
18647,9628
18648,7376
18649,8152
18650,5220
18651,4131
18652,6670
18653,6073
18654,7863
18655,5978
18656,4417
18657,21772
18658,5951
18659,5564
18660,11293
18661,6741
18662,6113
18663,5737
18664,6864
18665,4327
18666,8887
18667,13527
18668,5107
18669,4860
18670,6192
18671,11079
18672,5422
18673,4656
18674,5792
18675,4627
18676,6536
18677,3845
18678,8305
18679,3791
18680,6845
18681,2480
18682,18469
18683,7797
18684,3425
18685,4311
18686,8390
18687,5789
18688,6086
18689,7056
18690,5434
18691,5156
18692,4156
18693,8864
18694,5198
18695,5379
18696,6517
18697,6884
18698,5246
18699,7427
18700,5467
18701,3673
18702,8082
18703,8220
18704,4318
18705,6922
18706,5832
18707,4374
18708,8933
18709,5527
18710,7067
18711,5962
18712,7194
18713,4082
18714,4440
18715,4249
18716,9735
18717,6234
18718,8219
18719,3452
18720,7712
18721,3075
18722,5552
18723,4385
18724,5726
18725,5409
18726,6577
18727,6079
18728,7801
18729,3510
18730,5594
18731,6621
18732,6949
18733,6284
18734,6689
18735,9482
18736,6669
18737,2717
18738,6434
18739,5072
18740,6115
18741,6612
18742,4146
18743,11040
18744,4719
18745,6027
18746,9456
18747,5670
18748,3524
18749,0
18750,5160
18751,9568
18752,5059
18753,7156
18754,8502
18755,5675
18756,4915
18757,5503
18758,5071
18759,5500
18760,5481
18761,10371
18762,6730
18763,5467
18764,4160
18765,5870
18766,6342
18767,5431
18768,6303
18769,5787
18770,5946
18771,4385
18772,7170
18773,7669
18774,6018
18775,5432
18776,5947
18777,6507
18778,8999
18779,4976
18780,7403
18781,4930
18782,5279
18783,6841
18784,5782
18785,4377
18786,3943
18787,6801
18788,8247
18789,4793
18790,5316
18791,7203
18792,5552
18793,5094
18794,5191
18795,4315
18796,2935
18797,7654
18798,4120
18799,7150
18800,5853
18801,5930
18802,5816
18803,10657
18804,8013
18805,6709
18806,4503
18807,7350
18808,8090
18809,3731
18810,3318
18811,7356
18812,3184
18813,6505
18814,12344
18815,7117
18816,6099
18817,3922
18818,7176
18819,6049
18820,5461
18821,6844
18822,7523
18823,7230
18824,5375
18825,7436
18826,4181
18827,6689
18828,4893
18829,5430
18830,5345
18831,4959
18832,5157
18833,7274
18834,3989
18835,9242
18836,6416
18837,3961
18838,4304
18839,8024
18840,6709
18841,5195
18842,6056
18843,5504
18844,4589
18845,5615
18846,5907
18847,5831
18848,4747
18849,4998
18850,7604
18851,5930
18852,5386
18853,3232
18854,8797
18855,5760
18856,4702
18857,6699
18858,10223
18859,7334
18860,7677
18861,9461
18862,5988
18863,5167
18864,5214
18865,7341
18866,7815
18867,11616
18868,3934
18869,6342
18870,3185
18871,4093
18872,8882
18873,13727
18874,6054
18875,4460
18876,4624
18877,5493
18878,5139
18879,8411
18880,7435
18881,5309
18882,3571
18883,6792
18884,5287
18885,8994
18886,8184
18887,4190
18888,6322
18889,3692
18890,6296
18891,7273
18892,6411
18893,7291
18894,5681
18895,6603
18896,4044
18897,5590
18898,6379
18899,7754
18900,6314
18901,7324
18902,5167
18903,4338
18904,8492
18905,4257
18906,10247
18907,5746
18908,4013
18909,6075
18910,5563
18911,5908
18912,7023
18913,8373
18914,4362
18915,12438
18916,3773
18917,4025
18918,6161
18919,7203
18920,10360
18921,6478
18922,5905
18923,4961
18924,6039
18925,6438
18926,4606
18927,5705
18928,4412
18929,9115
18930,6132
18931,7698
18932,11964
18933,8081
18934,4516
18935,4733
18936,5123
18937,10465
18938,5776
18939,8308
18940,3719
18941,9282
18942,6508
18943,4751
18944,4561
18945,4179
18946,4918
18947,5080
18948,5448
18949,4516
18950,4186
18951,4298
18952,7656
18953,5952
18954,20540
18955,5681
18956,3697
18957,4372
18958,5814
18959,8295
18960,4237
18961,4245
18962,8642
18963,5567
18964,6025
18965,5353
18966,6533
18967,6239
18968,3569
18969,4740
18970,5691
18971,7308
18972,5649
18973,6091
18974,5773
18975,8080
18976,4163
18977,3946
18978,4313
18979,8118
18980,8934
18981,5184
18982,7981
18983,4158
18984,6569
18985,3247
18986,4674
18987,3571
18988,6630
18989,7153
18990,9564
18991,8575
18992,4980
18993,4536
18994,3750
18995,3512
18996,5101
18997,8256
18998,5397
18999,4492
19000,4124
19001,4074
19002,6511
19003,3125
19004,6349
19005,3306
19006,5832
19007,5118
19008,4515
19009,6128
19010,4480
19011,6744
19012,7549
19013,5846
19014,5103
19015,7886
19016,4130
19017,5685
19018,5405
19019,8883
19020,4614
19021,5266
19022,6839
19023,6483
19024,7502
19025,5233
19026,7747
19027,3720
19028,4523
19029,4818
19030,5392
19031,8007
19032,6151
19033,3086
19034,4619
19035,6394
19036,6364
19037,7851
19038,3269
19039,11134
19040,5930
19041,3500
19042,5779
19043,5745
19044,5738
19045,6602
19046,3736
19047,4857
19048,5120
19049,6190
19050,6291
19051,4883
19052,5946
19053,4531
19054,4722
19055,7408
19056,6487
19057,5093
19058,4478
19059,9469
19060,4413
19061,8259
19062,6435
19063,10850
19064,5863
19065,4455
19066,5231
19067,5477
19068,5131
19069,4386
19070,6768
19071,6483
19072,3015
19073,6522
19074,5430
19075,5772
19076,4092
19077,7343
19078,7373
19079,4201
19080,10479
19081,4389
19082,3951
19083,6795
19084,7950
19085,4643
19086,3860
19087,6016
19088,5414
19089,4563
19090,5064
19091,4351
19092,7250
19093,7093
19094,5745
19095,6561
19096,4594
19097,3679
19098,5104
19099,6376
19100,6455
19101,7022
19102,6529
19103,8437
19104,4701
19105,6831
19106,6165
19107,4132
19108,5446
19109,7461
19110,5567
19111,5812
19112,8360
19113,6836
19114,6258
19115,4529
19116,6124
19117,6009
19118,6465
19119,5681
19120,3530
19121,4364
19122,8402
19123,6531
19124,4927
19125,3084
19126,6781
19127,6473
19128,6848
19129,5761
19130,5217
19131,4121
19132,3450
19133,8416
19134,5535
19135,5945
19136,5234
19137,4411
19138,5420
19139,5372
19140,5224
19141,3230
19142,6010
19143,3892
19144,7078
19145,6889
19146,5981
19147,9775
19148,3970
19149,4071
19150,8062
19151,4451
19152,5343
19153,2352
19154,6695
19155,6621
19156,4075
19157,5500
19158,5849
19159,5121
19160,5328
19161,6633
19162,9229
19163,2383
19164,6145
19165,2591
19166,12404
19167,4002
19168,7286
19169,7534
19170,4789
19171,5322
19172,4361
19173,4802
19174,2677
19175,3771
19176,5215
19177,4523
19178,5838
19179,6002
19180,4478
19181,6000
19182,5325
19183,7295
19184,7303
19185,6740
19186,3944
19187,2992
19188,8519
19189,8382
19190,4393
19191,6864
19192,4579
19193,6158
19194,4025
19195,4568
19196,5570
19197,2912
19198,5512
19199,3897
19200,8132
19201,6128
19202,6439
19203,6776
19204,4546
19205,6777
19206,16312
19207,8532
19208,4113
19209,2415
19210,5131
19211,6559
19212,4682
19213,5336
19214,11952
19215,5810
19216,9325
19217,17132
19218,3532
19219,5504
19220,4416
19221,4049
19222,6845
19223,4126
19224,6565
19225,8605
19226,7313
19227,5122
19228,6354
19229,3859
19230,5462
19231,3597
19232,5208
19233,6307
19234,7642
19235,5063
19236,4809
19237,4131
19238,6495
19239,4338
19240,4567
19241,3132
19242,7071
19243,4397
19244,4982
19245,6120
19246,6873
19247,5767
19248,5357
19249,5734
19250,4903
19251,5815
19252,5837
19253,7070
19254,7616
19255,6564
19256,4875
19257,2919
19258,5129
19259,5622
19260,4970
19261,4125
19262,2231
19263,7375
19264,5774
19265,7937
19266,5857
19267,4458
19268,5765
19269,4041
19270,3991
19271,8313
19272,4536
19273,6079
19274,6484
19275,13079
19276,4851
19277,4763
19278,6381
19279,5223
19280,4789
19281,4324
19282,6843
19283,3681
19284,5697
19285,3302
19286,5007
19287,3699
19288,8761
19289,4368
19290,13279
19291,11273
19292,4186
19293,5431
19294,4848
19295,5597
19296,4484
19297,10001
19298,6410
19299,7561
19300,3780
19301,6908
19302,4290
19303,8345
19304,8317
19305,5436
19306,4921
19307,5474
19308,6154
19309,6634
19310,8239
19311,5176
19312,6621
19313,7848
19314,5418
19315,5888
19316,4633
19317,7667
19318,6247
19319,4900
19320,4218
19321,5785
19322,4213
19323,7471
19324,5050
19325,6481
19326,5086
19327,7497
19328,3902
19329,6881
19330,8310
19331,6927
19332,7458
19333,5651
19334,3426
19335,11198
19336,8965
19337,6169
19338,14172
19339,8888
19340,5599
19341,5416
19342,7299
19343,8430
19344,9947
19345,9853
19346,4557
19347,6007
19348,4543
19349,6942
19350,3322
19351,9603
19352,4738
19353,4199
19354,5167
19355,7877
19356,7079
19357,4664
19358,6284
19359,4629
19360,3576
19361,5866
19362,3528
19363,3871
19364,5038
19365,5184
19366,7573
19367,7834
19368,6344
19369,5423
19370,4829
19371,9598
19372,5794
19373,3944
19374,4590
19375,4276
19376,7710
19377,3957
19378,9896
19379,6246
19380,2620
19381,3823
19382,5894
19383,5323
19384,4309
19385,7588
19386,8038
19387,10866
19388,5414
19389,8723
19390,2572
19391,4774
19392,5745
19393,4667
19394,5959
19395,4696
19396,5296
19397,3230
19398,4394
19399,9663
19400,6538
19401,3567
19402,4920
19403,7263
19404,8836
19405,6528
19406,4813
19407,3807
19408,9180
19409,5540
19410,6435
19411,4853
19412,4444
19413,5878
19414,7541
19415,3286
19416,3683
19417,4727
19418,5130
19419,8446
19420,6464
19421,6237
19422,11532
19423,4278
19424,8894
19425,9560
19426,5738
19427,4311
19428,2574
19429,6900
19430,4862
19431,5470
19432,5018
19433,5795
19434,10528
19435,4514
19436,4531
19437,5993
19438,5329
19439,5975
19440,4429
19441,3489
19442,5620
19443,3069
19444,6811
19445,7546
19446,5433
19447,6811
19448,7220
19449,6867
19450,4164
19451,6452
19452,8151
19453,6483
19454,4895
19455,5454
19456,4105
19457,8425
19458,5091
19459,5512
19460,4496
19461,5594
19462,7007
19463,5585
19464,5254
19465,7256
19466,4841
19467,5843
19468,15881
19469,5375
19470,7387
19471,4948
19472,5093
19473,4632
19474,4108
19475,3757
19476,4133
19477,7418
19478,12461
19479,7832
19480,7994
19481,9488
19482,9306
19483,8739
19484,6591
19485,5763
19486,4874
19487,9765
19488,9158
19489,5942
19490,7109
19491,7167
19492,5220
19493,3703
19494,9864
19495,5752
19496,5280
19497,5428
19498,1964
19499,11830
19500,8813
19501,12700
19502,5199
19503,4101
19504,4326
19505,5181
19506,6192
19507,5820
19508,5782
19509,5132
19510,3862
19511,6404
19512,2992
19513,2664
19514,5512
19515,11951
19516,5783
19517,15597
19518,3750
19519,5125
19520,5368
19521,4878
19522,4066
19523,4142
19524,4533
19525,3148
19526,6802
19527,5740
19528,3177
19529,7362
19530,4378
19531,5093
19532,4119
19533,8334
19534,6330
19535,8695
19536,4377
19537,5892
19538,3665
19539,4190
19540,3874
19541,12491
19542,8879
19543,5449
19544,4138
19545,4106
19546,5004
19547,3579
19548,8408
19549,4225
19550,12790
19551,3913
19552,4664
19553,5028
19554,7867
19555,5721
19556,3876
19557,5673
19558,6172
19559,5936
19560,5785
19561,5059
19562,3151
19563,8969
19564,4645
19565,3275
19566,5241
19567,5123
19568,5435
19569,6031
19570,7611
19571,7153
19572,5998
19573,6011
19574,3705
19575,7333
19576,4575
19577,3818
19578,5701
19579,5867
19580,5283
19581,7426
19582,5094
19583,5272
19584,5316
19585,5931
19586,5134
19587,6304
19588,6103
19589,5781
19590,5375
19591,4647
19592,7830
19593,5259
19594,3454
19595,9849
19596,4325
19597,2921
19598,6423
19599,7719
19600,8155
19601,4669
19602,4845
19603,5344
19604,3164
19605,5390
19606,5888
19607,5714
19608,4975
19609,6232
19610,6720
19611,2848
19612,4517
19613,4839
19614,4846
19615,4158
19616,5948
19617,6287
19618,5361
19619,4235
19620,7065
19621,5114
19622,6835
19623,7535
19624,4117
19625,5755
19626,5980
19627,7182
19628,6418
19629,6512
19630,2853
19631,8105
19632,5714
19633,6273
19634,8528
19635,4116
19636,3515
19637,11150
19638,7242
19639,6930
19640,4644
19641,5939
19642,7453
19643,3178
19644,5521
19645,4343
19646,6161
19647,5311
19648,4582
19649,7094
19650,4271
19651,7432
19652,9050
19653,15102
19654,6464
19655,4100
19656,4622
19657,3392
19658,2445
19659,10139
19660,6590
19661,4653
19662,7562
19663,4689
19664,10377
19665,3710
19666,5036
19667,5174
19668,7399
19669,4233
19670,5637
19671,4714
19672,3994
19673,6535
19674,4329
19675,5732
19676,6526
19677,7808
19678,6352
19679,6442
19680,4996
19681,9950
19682,4056
19683,4440
19684,9255
19685,5988
19686,7526
19687,7225
19688,14424
19689,4380
19690,4235
19691,4053
19692,4925
19693,7542
19694,8694
19695,5753
19696,6748
19697,6242
19698,3208
19699,6777
19700,6640
19701,5286
19702,6742
19703,4429
19704,4049
19705,4104
19706,3267
19707,3779
19708,6760
19709,6173
19710,9722
19711,13724
19712,5798
19713,4221
19714,5390
19715,7179
19716,7833
19717,3269
19718,4993
19719,3472
19720,7985
19721,5545
19722,5382
19723,10976
19724,11342
19725,3635
19726,5994
19727,3371
19728,4592
19729,5149
19730,7396
19731,3990
19732,3582
19733,4898
19734,6848
19735,6428
19736,4323
19737,4933
19738,6149
19739,5658
19740,5284
19741,3294
19742,9139
19743,16749
19744,3820
19745,6051
19746,7042
19747,5737
19748,3634
19749,3476
19750,3268
19751,6565
19752,4158
19753,6941
19754,8076
19755,3764
19756,4191
19757,5064
19758,4694
19759,4183
19760,4586
19761,5448
19762,8314
19763,7005
19764,7735
19765,4858
19766,3779
19767,5984
19768,5319
19769,7256
19770,5526
19771,3953
19772,20022
19773,5321
19774,5285
19775,10296
19776,6135
19777,5566
19778,5398
19779,6439
19780,4223
19781,7838
19782,12055
19783,4810
19784,4461
19785,5888
19786,10469
19787,5090
19788,4397
19789,5217
19790,4246
19791,5855
19792,3764
19793,7474
19794,3387
19795,6238
19796,2305
19797,17487
19798,7142
19799,3062
19800,4004
19801,8228
19802,5306
19803,5659
19804,6478
19805,4994
19806,4417
19807,3984
19808,8273
19809,4868
19810,5102
19811,5948
19812,6357
19813,4831
19814,6738
19815,5278
19816,3452
19817,7513
19818,8423
19819,3958
19820,6268
19821,5355
19822,4170
19823,7857
19824,5277
19825,6705
19826,5554
19827,6443
19828,3712
19829,3987
19830,4021
19831,10373
19832,5769
19833,7447
19834,3209
19835,7084
19836,2917
19837,4863
19838,4023
19839,5192
19840,4934
19841,6253
19842,5711
19843,7142
19844,3486
19845,5064
19846,5618
19847,6598
19848,5731
19849,6187
19850,8414
19851,6085
19852,2442
19853,6221
19854,4720
19855,5720
19856,6067
19857,3579
19858,9796
19859,4337
19860,5439
19861,8382
19862,5740
19863,3209
19864,0
19865,4989
19866,8556
19867,4816
19868,6715
19869,8451
19870,5098
19871,4385
19872,5185
19873,4752
19874,4973
19875,5311
19876,8920
19877,6317
19878,5110
19879,3999
19880,5903
19881,5737
19882,4981
19883,5686
19884,5389
19885,5354
19886,4193
19887,6737
19888,7110
19889,5622
19890,4980
19891,5264
19892,6271
19893,8289
19894,4465
19895,6928
19896,4626
19897,4972
19898,6278
19899,5662
19900,4128
19901,3723
19902,6261
19903,7322
19904,4308
19905,4841
19906,6804
19907,5312
19908,5182
19909,4716
19910,3829
19911,2679
19912,7132
19913,3732
19914,6689
19915,5568
19916,5653
19917,5675
19918,10376
19919,7298
19920,6179
19921,3941
19922,6677
19923,7095
19924,3490
19925,3112
19926,7008
19927,3000
19928,6086
19929,11279
19930,6500
19931,5691
19932,3613
19933,6502
19934,5471
19935,5153
19936,6044
19937,7116
19938,6719
19939,4921
19940,6978
19941,4044
19942,5986
19943,4325
19944,4718
19945,4974
19946,4409
19947,4548
19948,6763
19949,3736
19950,8347
19951,6065
19952,3479
19953,4004
19954,7505
19955,6390
19956,5040
19957,5506
19958,5393
19959,4268
19960,5399
19961,5509
19962,5408
19963,4438
19964,4511
19965,6759
19966,5493
19967,4888
19968,2928
19969,8887
19970,5271
19971,4362
19972,6375
19973,9420
19974,6631
19975,6866
19976,8476
19977,5645
19978,4661
19979,4776
19980,6713
19981,7688
19982,10366
19983,3887
19984,5934
19985,3148
19986,3725
19987,8832
19988,12437
19989,6204
19990,4524
19991,4372
19992,4962
19993,4792
19994,7820
19995,6891
19996,5159
19997,3370
19998,6355
19999,4993
20000,8419
20001,7447
20002,3844
20003,6087
20004,3449
20005,5603
20006,6918
20007,5832
20008,6897
20009,5425
20010,6218
20011,3737
20012,5148
20013,6213
20014,7341
20015,5731
20016,6688
20017,4922
20018,3864
20019,7716
20020,3890
20021,9701
20022,5394
20023,3694
20024,5793
20025,5408
20026,5568
20027,6512
20028,7780
20029,3929
20030,11080
20031,3255
20032,3677
20033,5881
20034,6665
20035,9022
20036,6290
20037,5792
20038,4669
20039,5571
20040,6001
20041,4401
20042,5327
20043,4127
20044,8407
20045,6115
20046,6924
20047,11224
20048,7410
20049,4241
20050,4477
20051,4745
20052,9740
20053,5018
20054,7375
20055,3745
20056,8487
20057,5797
20058,4653
20059,4150
20060,3851
20061,4685
20062,4931
20063,5120
20064,4238
20065,4117
20066,3842
20067,7145
20068,5679
20069,18627
20070,5256
20071,3562
20072,4938
20073,5305
20074,7877
20075,4310
20076,4122
20077,7600
20078,5160
20079,5582
20080,4806
20081,6777
20082,6122
20083,3630
20084,4275
20085,5516
20086,6895
20087,5095
20088,6182
20089,5168
20090,8013
20091,3761
20092,3813
20093,4209
20094,7731
20095,8384
20096,4984
20097,7093
20098,3718
20099,6222
20100,2852
20101,4567
20102,3526
20103,6160
20104,6839
20105,8854
20106,8248
20107,4912
20108,4230
20109,3431
20110,3171
20111,5198
20112,8108
20113,4974
20114,4344
20115,4066
20116,4054
20117,6438
20118,2953
20119,6126
20120,3199
20121,5850
20122,5092
20123,4285
20124,6031
20125,4360
20126,6437
20127,7088
20128,5735
20129,4761
20130,7750
20131,4144
20132,4801
20133,5371
20134,8638
20135,4154
20136,4950
20137,6667
20138,6633
20139,7185
20140,4879
20141,7231
20142,3468
20143,3884
20144,4390
20145,5129
20146,7742
20147,5791
20148,3084
20149,4340
20150,5978
20151,6168
20152,7323
20153,3115
20154,10897
20155,5873
20156,3215
20157,5441
20158,5278
20159,5536
20160,6149
20161,3511
20162,4664
20163,4671
20164,5847
20165,5560
20166,4572
20167,5694
20168,4272
20169,4633
20170,7166
20171,6167
20172,4532
20173,4187
20174,8880
20175,4323
20176,7897
20177,5956
20178,10438
20179,5452
20180,4219
20181,5077
20182,5124
20183,4962
20184,4345
20185,6548
20186,6144
20187,2807
20188,6296
20189,5166
20190,5509
20191,3837
20192,7132
20193,7476
20194,3639
20195,9694
20196,3974
20197,4018
20198,6329
20199,7589
20200,4342
20201,3622
20202,6010
20203,4880
20204,4267
20205,4842
20206,4294
20207,7081
20208,6552
20209,5592
20210,6189
20211,4345
20212,3445
20213,4791
20214,6248
20215,6280
20216,6762
20217,6439
20218,7695
20219,4636
20220,6754
20221,5829
20222,3908
20223,5152
20224,7094
20225,5551
20226,5291
20227,7356
20228,6977
20229,5852
20230,4235
20231,5586
20232,5700
20233,5847
20234,5590
20235,3440
20236,3946
20237,7955
20238,6409
20239,4595
20240,2931
20241,6041
20242,6226
20243,6363
20244,5580
20245,4954
20246,3694
20247,3279
20248,7964
20249,4948
20250,5910
20251,5096
20252,4261
20253,5032
20254,5026
20255,5120
20256,3203
20257,4929
20258,3838
20259,6810
20260,6748
20261,5767
20262,9418
20263,4331
20264,4024
20265,7630
20266,4311
20267,5375
20268,2001
20269,6514
20270,6003
20271,3988
20272,5172
20273,6550
20274,5040
20275,4870
20276,5682
20277,9020
20278,2238
20279,5622
20280,2467
20281,11324
20282,4207
20283,6974
20284,7303
20285,4798
20286,5012
20287,4228
20288,4514
20289,2431
20290,3464
20291,4971
20292,4186
20293,5992
20294,5888
20295,4317
20296,5502
20297,4849
20298,6963
20299,7057
20300,6569
20301,3938
20302,3069
20303,7888
20304,8031
20305,4021
20306,6386
20307,4370
20308,5500
20309,3851
20310,4455
20311,5291
20312,2771
20313,5381
20314,3795
20315,7590
20316,5834
20317,6215
20318,6465
20319,4342
20320,6501
20321,15276
20322,8088
20323,3655
20324,2310
20325,5016
20326,5941
20327,4228
20328,5156
20329,11754
20330,5561
20331,8754
20332,16951
20333,3456
20334,5047
20335,4266
20336,3621
20337,6590
20338,4321
20339,6001
20340,8215
20341,6578
20342,4731
20343,5902
20344,3707
20345,5411
20346,3226
20347,5073
20348,6109
20349,7577
20350,4998
20351,4718
20352,3823
20353,6312
20354,4232
20355,4308
20356,2982
20357,6925
20358,4383
20359,4712
20360,5367
20361,6516
20362,5051
20363,4842
20364,4862
20365,4970
20366,5368
20367,5623
20368,7074
20369,6862
20370,5836
20371,4682
20372,2792
20373,4765
20374,5138
20375,4667
20376,4010
20377,1937
20378,6787
20379,5489
20380,7846
20381,5553
20382,4171
20383,5133
20384,3673
20385,3890
20386,7559
20387,4540
20388,5999
20389,6381
20390,11767
20391,4752
20392,4047
20393,6175
20394,4278
20395,4269
20396,4180
20397,6411
20398,3344
20399,5310
20400,3166
20401,4749
20402,3336
20403,8200
20404,4173
20405,12651
20406,10439
20407,4001
20408,5112
20409,4321
20410,5402
20411,4095
20412,9445
20413,6157
20414,6861
20415,3660
20416,6504
20417,4223
20418,7944
20419,7771
20420,5160
20421,4694
20422,5362
20423,5928
20424,6410
20425,7553
20426,5099
20427,6360
20428,7619
20429,5391
20430,5639
20431,4545
20432,7180
20433,5953
20434,4343
20435,4201
20436,5117
20437,4069
20438,7539
20439,4802
20440,6140
20441,4948
20442,7199
20443,3819
20444,6337
20445,7583
20446,6287
20447,6431
20448,5015
20449,3282
20450,10867
20451,8247
20452,6096
20453,13486
20454,7721
20455,5652
20456,5070
20457,6689
20458,7734
20459,9060
20460,9507
20461,3776
20462,5482
20463,4333
20464,6666
20465,3040
20466,8493
20467,4281
20468,4098
20469,5116
20470,7289
20471,6731
20472,4565
20473,5736
20474,4455
20475,3314
20476,5627
20477,3420
20478,3896
20479,4568
20480,5248
20481,7517
20482,7573
20483,6064
20484,5184
20485,4662
20486,9029
20487,5329
20488,3625
20489,4514
20490,4355
20491,7377
20492,3813
20493,9669
20494,6126
20495,2312
20496,3497
20497,5653
20498,5227
20499,4283
20500,7462
20501,7443
20502,10304
20503,4946
20504,8675
20505,2421
20506,4458
20507,5574
20508,4471
20509,5612
20510,4557
20511,5219
20512,3062
20513,4211
20514,9611
20515,6129
20516,3160
20517,4522
20518,6848
20519,8284
20520,6477
20521,4498
20522,3585
20523,9307
20524,5526
20525,6877
20526,4313
20527,4404
20528,5707
20529,6971
20530,2862
20531,3845
20532,4089
20533,4687
20534,8287
20535,6278
20536,5797
20537,10192
20538,4112
20539,8498
20540,8870
20541,5522
20542,4091
20543,2298
20544,6839
20545,4469
20546,5149
20547,4859
20548,5504
20549,9074
20550,4205
20551,4315
20552,5834
20553,4121
20554,5874
20555,4332
20556,3243
20557,5480
20558,2937
20559,5977
20560,7227
20561,5401
20562,6441
20563,6765
20564,6738
20565,4075
20566,6202
20567,7331
20568,6350
20569,4813
20570,5399
20571,4731
20572,7989
20573,5118
20574,5140
20575,4258
20576,5435
20577,6780
20578,5104
20579,4863
20580,6711
20581,4483
20582,5807
20583,14478
20584,5127
20585,7194
20586,4181
20587,4621
20588,4671
20589,3957
20590,3523
20591,4017
20592,7235
20593,11675
20594,7300
20595,7722
20596,8448
20597,8814
20598,8033
20599,6250
20600,5442
20601,4496
20602,8827
20603,8425
20604,5938
20605,6351
20606,6100
20607,5103
20608,3346
20609,9316
20610,5699
20611,4926
20612,5172
20613,1912
20614,10728
20615,8271
20616,12126
20617,5086
20618,3836
20619,4060
20620,5008
20621,5465
20622,5636
20623,5564
20624,4728
20625,3811
20626,5713
20627,2911
20628,2482
20629,5045
20630,11407
20631,5393
20632,15397
20633,3421
20634,4899
20635,5006
20636,4411
20637,3821
20638,4017
20639,4227
20640,2832
20641,6631
20642,5614
20643,3195
20644,7122
20645,4159
20646,4901
20647,3805
20648,8132
20649,6029
20650,8117
20651,3994
20652,5342
20653,3540
20654,3886
20655,3674
20656,12105
20657,8784
20658,5256
20659,3874
20660,4006
20661,4774
20662,3198
20663,7646
20664,3843
20665,12316
20666,3735
20667,4295
20668,4796
20669,7699
20670,5616
20671,3749
20672,5244
20673,5832
20674,5700
20675,5617
20676,4824
20677,2881
20678,8012
20679,4332
20680,2981
20681,5099
20682,5073
20683,5253
20684,5563
20685,7241
20686,6481
20687,5657
20688,5692
20689,3608
20690,7193
20691,4223
20692,3699
20693,5022
20694,5379
20695,4865
20696,7219
20697,4851
20698,5009
20699,5253
20700,5167
20701,4823
20702,6042
20703,6049
20704,5531
20705,4545
20706,4628
20707,7510
20708,5318
20709,3160
20710,9322
20711,3919
20712,2867
20713,5947
20714,7650
20715,7915
20716,4509
20717,4495
20718,5086
20719,3071
20720,5265
20721,5505
20722,5372
20723,4495
20724,5795
20725,6397
20726,2710
20727,4144
20728,4548
20729,4412
20730,3976
20731,5639
20732,6122
20733,5167
20734,4161
20735,6544
20736,4988
20737,6540
20738,7282
20739,4246
20740,5560
20741,5738
20742,6802
20743,6181
20744,6262
20745,2603
20746,7937
20747,5570
20748,5826
20749,8439
20750,4006
20751,3237
20752,10598
20753,6853
20754,6799
20755,4231
20756,5165
20757,7270
20758,2927
20759,5174
20760,3884
20761,5974
20762,4444
20763,4150
20764,6779
20765,3876
20766,7132
20767,8603
20768,14361
20769,5789
20770,3730
20771,4542
20772,3389
20773,2296
20774,9229
20775,5865
20776,4542
20777,6418
20778,4558
20779,9584
20780,3744
20781,4982
20782,4938
20783,7465
20784,4275
20785,5719
20786,4604
20787,3782
20788,5896
20789,4111
20790,5946
20791,6302
20792,7510
20793,6019
20794,5894
20795,4769
20796,9205
20797,3814
20798,4326
20799,8522
20800,5880
20801,7123
20802,6716
20803,14009
20804,3817
20805,4126
20806,4034
20807,4270
20808,7127
20809,8551
20810,5528
20811,6151
20812,6054
20813,3136
20814,6598
20815,6762
20816,5017
20817,6282
20818,4285
20819,3653
20820,4126
20821,3045
20822,3482
20823,6336
20824,5642
20825,8980
20826,12894
20827,5642
20828,4115
20829,5024
20830,6859
20831,7548
20832,3210
20833,4972
20834,3280
20835,7298
20836,5564
20837,4869
20838,10449
20839,11393
20840,3334
20841,5808
20842,3383
20843,4571
20844,4811
20845,7133
20846,3778
20847,3552
20848,4643
20849,5903
20850,5155
20851,3908
20852,4722
20853,5853
20854,4986
20855,4966
20856,2968
20857,8851
20858,15837
20859,3566
20860,5740
20861,6357
20862,5499
20863,3405
20864,3266
20865,3218
20866,5747
20867,4133
20868,6394
20869,7642
20870,3649
20871,4074
20872,4944
20873,4450
20874,4160
20875,4616
20876,5548
20877,8000
20878,6508
20879,7289
20880,4666
20881,3508
20882,5496
20883,4912
20884,6635
20885,5356
20886,3572
20887,19462
20888,4916
20889,4868
20890,9938
20891,5710
20892,5332
20893,5041
20894,6258
20895,4152
20896,7307
20897,11711
20898,4315
20899,4125
20900,5884
20901,9526
20902,4851
20903,4209
20904,4969
20905,3923
20906,5482
20907,3407
20908,7275
20909,3333
20910,5724
20911,2273
20912,16648
20913,7047
20914,3160
20915,4019
20916,7274
20917,4939
20918,5476
20919,6260
20920,4809
20921,4442
20922,3628
20923,7770
20924,4813
20925,4808
20926,5646
20927,6168
20928,4608
20929,6484
20930,4747
20931,3288
20932,6887
20933,7361
20934,3845
20935,6036
20936,5201
20937,4099
20938,7443
20939,4691
20940,6303
20941,5291
20942,6112
20943,3539
20944,3824
20945,3871
20946,9025
20947,6159
20948,7129
20949,3167
20950,6599
20951,2798
20952,4523
20953,3421
20954,5140
20955,4608
20956,5589
20957,5382
20958,6853
20959,3351
20960,5030
20961,5256
20962,5981
20963,5939
20964,5793
20965,8031
20966,5742
20967,2548
20968,5464
20969,4197
20970,5334
20971,5613
20972,3635
20973,9510
20974,4222
20975,4927
20976,7903
20977,4936
20978,3120
20979,0
20980,4814
20981,8298
20982,4661
20983,6267
20984,7228
20985,5128
20986,3954
20987,4650
20988,4546
20989,4675
20990,5233
20991,8217
20992,5959
20993,4778
20994,3576
20995,5640
20996,5373
20997,4400
20998,5601
20999,4988
21000,4866
21001,3646
21002,6456
21003,7041
21004,5231
21005,4741
21006,4870
21007,5722
21008,7366
21009,4355
21010,6491
21011,4447
21012,4690
21013,6117
21014,5232
21015,3948
21016,3491
21017,7039
21018,7294
21019,4153
21020,4514
21021,6331
21022,5127
21023,4515
21024,4777
21025,3749
21026,2427
21027,6722
21028,3532
21029,6299
21030,5447
21031,5208
21032,4805
21033,8770
21034,7169
21035,6386
21036,3608
21037,6124
21038,6598
21039,3392
21040,2712
21041,6576
21042,2803
21043,5615
21044,10965
21045,6057
21046,5219
21047,3467
21048,6254
21049,5214
21050,4794
21051,5813
21052,6708
21053,6349
21054,4575
21055,6301
21056,3759
21057,5585
21058,4216
21059,4541
21060,4857
21061,4289
21062,4130
21063,6349
21064,3494
21065,7999
21066,5693
21067,3353
21068,3754
21069,7264
21070,6210
21071,4687
21072,5272
21073,4600
21074,4378
21075,4650
21076,5217
21077,5346
21078,4275
21079,4434
21080,6868
21081,5175
21082,4781
21083,2637
21084,7300
21085,5022
21086,3885
21087,5797
21088,9067
21089,6464
21090,6768
21091,8054
21092,5129
21093,4694
21094,4617
21095,6250
21096,6851
21097,10286
21098,3528
21099,5225
21100,2803
21101,3449
21102,7677
21103,11526
21104,5298
21105,3835
21106,4206
21107,4591
21108,4743
21109,7657
21110,6438
21111,5057
21112,3055
21113,6131
21114,4610
21115,7926
21116,7343
21117,3552
21118,5766
21119,3345
21120,5534
21121,6637
21122,5362
21123,6592
21124,5033
21125,5981
21126,3631
21127,4968
21128,5291
21129,6905
21130,5351
21131,6612
21132,4571
21133,3733
21134,7095
21135,3904
21136,8526
21137,5346
21138,3679
21139,6717
21140,5104
21141,5088
21142,6214
21143,7069
21144,3899
21145,10164
21146,2957
21147,3382
21148,5597
21149,6278
21150,9025
21151,5775
21152,5177
21153,4558
21154,4923
21155,5756
21156,4117
21157,5065
21158,3745
21159,7872
21160,6054
21161,6556
21162,10797
21163,7389
21164,4139
21165,4256
21166,4341
21167,9559
21168,4694
21169,6936
21170,3420
21171,7899
21172,5651
21173,4348
21174,4046
21175,3586
21176,4308
21177,4764
21178,4662
21179,4120
21180,3614
21181,3424
21182,6922
21183,5560
21184,18263
21185,5133
21186,3453
21187,4213
21188,5407
21189,8044
21190,4006
21191,3982
21192,7599
21193,5908
21194,5731
21195,4716
21196,6350
21197,5979
21198,3696
21199,4363
21200,5672
21201,6775
21202,5284
21203,6096
21204,5350
21205,8564
21206,3860
21207,3928
21208,4314
21209,7667
21210,8515
21211,5603
21212,7233
21213,4213
21214,6227
21215,3009
21216,4716
21217,3315
21218,6189
21219,6907
21220,8871
21221,8087
21222,5432
21223,4271
21224,3384
21225,3304
21226,5163
21227,7850
21228,5005
21229,4298
21230,4241
21231,4045
21232,6374
21233,2964
21234,5966
21235,3313
21236,5975
21237,5350
21238,4389
21239,6259
21240,4359
21241,6629
21242,7385
21243,5640
21244,4721
21245,7678
21246,3883
21247,4853
21248,5649
21249,9112
21250,4662
21251,5253
21252,6665
21253,6343
21254,7120
21255,4968
21256,7364
21257,3617
21258,4120
21259,4431
21260,5311
21261,7807
21262,5958
21263,3097
21264,4298
21265,6463
21266,5898
21267,7796
21268,3046
21269,10507
21270,6134
21271,3281
21272,5379
21273,5504
21274,5323
21275,6292
21276,3570
21277,4803
21278,4814
21279,5937
21280,5745
21281,4646
21282,6215
21283,4450
21284,4544
21285,7223
21286,6211
21287,4593
21288,4161
21289,8926
21290,4150
21291,7717
21292,5934
21293,10385
21294,5418
21295,4156
21296,5196
21297,5016
21298,4887
21299,4205
21300,6444
21301,6291
21302,2828
21303,6299
21304,4854
21305,5557
21306,3962
21307,6739
21308,7208
21309,3492
21310,10190
21311,4123
21312,3868
21313,6238
21314,7639
21315,4262
21316,3627
21317,5956
21318,5141
21319,4245
21320,4858
21321,4259
21322,6879
21323,7264
21324,5514
21325,6106
21326,4428
21327,3392
21328,4854
21329,6838
21330,6204
21331,6893
21332,6262
21333,7890
21334,4521
21335,7089
21336,6038
21337,3805
21338,5223
21339,7463
21340,5521
21341,6453
21342,7566
21343,6633
21344,6018
21345,4495
21346,5575
21347,5808
21348,6120
21349,5419
21350,3257
21351,4097
21352,8024
21353,6262
21354,4632
21355,2973
21356,6343
21357,5956
21358,6637
21359,5457
21360,4896
21361,3922
21362,3237
21363,8721
21364,5088
21365,6029
21366,5122
21367,4237
21368,4806
21369,5065
21370,5381
21371,3171
21372,5148
21373,3751
21374,6924
21375,6503
21376,5610
21377,9325
21378,3780
21379,4089
21380,7603
21381,4276
21382,4949
21383,2105
21384,6763
21385,6020
21386,4400
21387,5269
21388,5659
21389,5017
21390,5012
21391,6475
21392,8868
21393,2276
21394,6050
21395,2435
21396,11874
21397,3810
21398,6891
21399,7263
21400,4919
21401,5014
21402,4158
21403,4611
21404,2358
21405,3388
21406,5234
21407,4299
21408,5791
21409,5880
21410,4734
21411,5399
21412,4762
21413,6938
21414,7424
21415,6607
21416,3938
21417,3266
21418,7750
21419,8053
21420,4193
21421,6342
21422,4346
21423,5663
21424,4077
21425,4245
21426,5295
21427,3030
21428,5355
21429,3742
21430,7576
21431,6024
21432,6292
21433,6617
21434,4640
21435,6357
21436,15411
21437,8171
21438,3658
21439,2239
21440,4973
21441,6246
21442,4453
21443,5273
21444,12398
21445,5643
21446,9517
21447,17215
21448,3409
21449,5217
21450,4278
21451,4012
21452,8272
21453,3728
21454,6151
21455,8310
21456,6669
21457,5015
21458,5975
21459,4071
21460,5131
21461,3348
21462,4921
21463,6077
21464,7316
21465,5225
21466,5010
21467,4062
21468,6280
21469,4065
21470,4166
21471,3198
21472,6838
21473,4647
21474,4749
21475,5335
21476,6781
21477,5099
21478,5075
21479,5057
21480,4571
21481,5540
21482,5523
21483,7159
21484,6838
21485,5979
21486,4609
21487,2733
21488,4885
21489,5261
21490,4826
21491,4026
21492,2413
21493,6844
21494,5643
21495,7150
21496,5428
21497,4403
21498,5870
21499,3899
21500,4012
21501,7856
21502,4374
21503,6566
21504,6424
21505,12369
21506,5131
21507,4794
21508,6273
21509,4735
21510,5801
21511,4432
21512,6656
21513,3382
21514,5457
21515,3174
21516,4775
21517,3374
21518,8574
21519,4238
21520,12177
21521,10442
21522,4095
21523,5049
21524,4311
21525,5400
21526,4123
21527,9473
21528,6454
21529,7333
21530,3690
21531,6524
21532,4306
21533,7884
21534,7619
21535,5349
21536,4734
21537,5611
21538,6151
21539,6416
21540,8308
21541,4983
21542,6781
21543,7498
21544,5548
21545,5726
21546,4986
21547,7144
21548,6155
21549,4460
21550,4127
21551,5574
21552,4147
21553,7332
21554,4899
21555,6497
21556,4727
21557,7330
21558,3857
21559,6510
21560,7958
21561,6615
21562,7039
21563,5333
21564,3347
21565,10650
21566,8327
21567,6742
21568,14286
21569,8772
21570,5461
21571,5092
21572,6833
21573,8047
21574,9413
21575,9366
21576,3990
21577,5546
21578,4376
21579,6782
21580,3118
21581,9997
21582,4408
21583,4003
21584,5100
21585,7599
21586,6814
21587,4580
21588,5723
21589,4323
21590,3439
21591,5693
21592,3596
21593,3729
21594,4744
21595,4834
21596,7509
21597,7583
21598,6291
21599,5448
21600,4702
21601,9761
21602,5403
21603,3662
21604,4488
21605,4223
21606,7432
21607,3775
21608,10274
21609,5949
21610,2526
21611,3503
21612,5757
21613,5270
21614,4246
21615,7430
21616,8315
21617,10415
21618,5060
21619,8848
21620,2355
21621,4557
21622,5670
21623,4516
21624,5615
21625,4363
21626,5239
21627,3266
21628,4543
21629,9291
21630,6061
21631,3179
21632,4385
21633,6838
21634,8607
21635,7649
21636,4538
21637,3793
21638,8083
21639,5266
21640,6184
21641,4365
21642,4541
21643,5579
21644,7686
21645,3317
21646,3581
21647,4415
21648,4613
21649,8090
21650,6194
21651,5733
21652,10886
21653,4218
21654,8517
21655,8778
21656,5780
21657,4198
21658,2414
21659,6738
21660,4417
21661,5212
21662,5141
21663,5683
21664,9668
21665,4230
21666,4491
21667,5824
21668,4952
21669,5989
21670,4214
21671,3463
21672,5777
21673,2798
21674,6722
21675,7013
21676,5241
21677,6391
21678,6931
21679,6841
21680,4289
21681,6313
21682,7172
21683,6031
21684,4640
21685,5153
21686,3902
21687,8050
21688,5999
21689,5309
21690,4191
21691,5314
21692,6895
21693,5324
21694,4781
21695,6481
21696,4401
21697,6121
21698,15381
21699,5120
21700,7360
21701,4668
21702,4799
21703,4613
21704,4012
21705,3462
21706,4263
21707,7451
21708,11626
21709,7344
21710,7838
21711,9154
21712,8801
21713,8369
21714,6784
21715,5763
21716,4651
21717,8542
21718,8680
21719,5924
21720,6503
21721,6351
21722,4942
21723,3327
21724,9204
21725,5548
21726,4944
21727,5152
21728,1891
21729,11104
21730,8687
21731,12595
21732,5276
21733,3797
21734,4077
21735,4841
21736,5574
21737,5726
21738,5845
21739,4797
21740,3776
21741,6156
21742,2797
21743,2582
21744,5539
21745,11633
21746,5567
21747,15266
21748,3549
21749,4982
21750,4869
21751,4606
21752,3969
21753,3968
21754,4239
21755,2846
21756,6791
21757,5743
21758,3047
21759,7102
21760,4191
21761,5052
21762,3856
21763,8155
21764,6039
21765,8534
21766,4032
21767,5500
21768,3684
21769,3974
21770,3777
21771,11591
21772,8710
21773,5533
21774,3855
21775,4122
21776,4774
21777,3915
21778,9455
21779,3972
21780,12200
21781,3746
21782,4286
21783,4788
21784,7787
21785,5851
21786,3687
21787,5305
21788,5903
21789,5890
21790,5663
21791,4838
21792,3059
21793,8758
21794,4292
21795,3016
21796,4866
21797,5226
21798,5140
21799,5636
21800,7177
21801,6858
21802,5833
21803,5835
21804,3481
21805,7041
21806,4235
21807,3789
21808,5145
21809,5753
21810,4981
21811,7840
21812,4754
21813,4886
21814,5343
21815,5581
21816,4855
21817,6106
21818,6115
21819,5849
21820,5126
21821,4540
21822,7742
21823,5329
21824,3188
21825,9379
21826,4318
21827,2760
21828,6076
21829,7557
21830,7841
21831,4494
21832,4774
21833,5240
21834,3193
21835,5099
21836,5454
21837,5955
21838,4726
21839,5894
21840,6754
21841,2660
21842,4115
21843,4748
21844,4376
21845,4074
21846,5493
21847,5895
21848,5048
21849,4238
21850,6550
21851,5031
21852,6742
21853,7222
21854,4256
21855,5479
21856,5654
21857,7009
21858,6346
21859,5967
21860,3969
21861,8237
21862,5606
21863,6043
21864,8217
21865,3894
21866,3219
21867,10551
21868,7150
21869,6709
21870,4349
21871,5809
21872,7180
21873,3177
21874,5345
21875,3984
21876,6332
21877,4767
21878,4403
21879,6746
21880,4182
21881,7294
21882,8696
21883,14322
21884,5690
21885,3845
21886,4472
21887,3444
21888,2312
21889,9533
21890,6197
21891,4625
21892,6701
21893,4825
21894,9771
21895,3826
21896,5032
21897,5011
21898,7216
21899,4115
21900,5475
21901,4452
21902,3736
21903,5819
21904,4264
21905,5823
21906,6436
21907,7443
21908,6109
21909,6149
21910,5104
21911,9461
21912,3709
21913,4536
21914,8466
21915,5855
21916,7177
21917,6749
21918,13987
21919,3900
21920,4216
21921,4223
21922,4335
21923,7242
21924,8483
21925,5486
21926,6433
21927,6256
21928,3243
21929,6318
21930,6418
21931,5131
21932,6999
21933,4539
21934,3749
21935,4094
21936,3041
21937,3517
21938,6690
21939,6433
21940,9674
21941,12882
21942,5490
21943,4180
21944,4960
21945,7087
21946,7645
21947,3361
21948,5061
21949,3494
21950,7580
21951,5474
21952,4972
21953,10665
21954,11380
21955,3574
21956,6039
21957,3379
21958,4303
21959,4756
21960,7297
21961,3754
21962,3515
21963,4557
21964,6448
21965,6258
21966,3903
21967,4880
21968,6526
21969,5036
21970,5342
21971,3154
21972,8813
21973,15826
21974,3542
21975,5754
21976,6553
21977,5678
21978,3546
21979,3462
21980,3112
21981,6153
21982,4008
21983,6579
21984,7719
21985,3791
21986,4251
21987,5128
21988,4540
21989,4057
21990,4639
21991,5515
21992,7747
21993,7040
21994,7304
21995,4797
21996,3582
21997,5587
21998,4970
21999,7608
22000,5398
22001,3571
22002,19817
22003,5083
22004,4984
22005,9728
22006,6061
22007,5288
22008,5184
22009,6178
22010,4016
22011,7417
22012,11878
22013,4565
22014,4164
22015,5614
22016,9724
22017,4889
22018,4164
22019,5094
22020,3922
22021,5441
22022,3452
22023,7262
22024,3408
22025,5814
22026,2235
22027,16428
22028,6910
22029,2919
22030,4137
22031,7562
22032,4922
22033,5424
22034,6252
22035,4847
22036,4380
22037,3819
22038,7724
22039,4812
22040,4862
22041,5728
22042,5937
22043,4411
22044,6437
22045,4874
22046,3194
22047,7223
22048,7429
22049,3765
22050,6327
22051,5441
22052,4131
22053,7423
22054,4903
22055,6437
22056,5383
22057,6433
22058,3460
22059,3851
22060,3987
22061,10245
22062,5455
22063,7207
22064,3329
22065,6665
22066,2721
22067,4534
22068,3462
22069,5156
22070,4671
22071,5574
22072,5598
22073,7078
22074,3735
22075,5010
22076,5338
22077,6499
22078,5564
22079,5693
22080,7918
22081,5939
22082,2553
22083,6034
22084,4302
22085,5292
22086,5730
22087,3423
22088,9552
22089,4183
22090,5228
22091,7986
22092,5487
22093,3087
22094,0
22095,5113
22096,8311
22097,4568
22098,6336
22099,8076
22100,5301
22101,3955
22102,4735
22103,4676
22104,4593
22105,5101
22106,8378
22107,6018
22108,4873
22109,3764
22110,5379
22111,5526
22112,4503
22113,5776
22114,5053
22115,5029
22116,4562
22117,6561
22118,6878
22119,5280
22120,5147
22121,4892
22122,5634
22123,7539
22124,4414
22125,6649
22126,4367
22127,4956
22128,6246
22129,5296
22130,3918
22131,3509
22132,6046
22133,7606
22134,4205
22135,4460
22136,6533
22137,4974
22138,4924
22139,4456
22140,3941
22141,2636
22142,6708
22143,3564
22144,6341
22145,5363
22146,5211
22147,4957
22148,9835
22149,7199
22150,5893
22151,3635
22152,7167
22153,6593
22154,3324
22155,2792
22156,7018
22157,2989
22158,5721
22159,10264
22160,6731
22161,5289
22162,3552
22163,6195
22164,5845
22165,4753
22166,6248
22167,6908
22168,6662
22169,4567
22170,6576
22171,3758
22172,5706
22173,4149
22174,4477
22175,5399
22176,4410
22177,4097
22178,6748
22179,3493
22180,8169
22181,5912
22182,3462
22183,3660
22184,7901
22185,6062
22186,5081
22187,5287
22188,4767
22189,4289
22190,4872
22191,5302
22192,5246
22193,4248
22194,4322
22195,6956
22196,5305
22197,4985
22198,2657
22199,7812
22200,5265
22201,4062
22202,6096
22203,9060
22204,6738
22205,6190
22206,8030
22207,5247
22208,4732
22209,4615
22210,6121
22211,6826
22212,9836
22213,3623
22214,5503
22215,3238
22216,3561
22217,8123
22218,12199
22219,5654
22220,4343
22221,4500
22222,4892
22223,4787
22224,7552
22225,6768
22226,4914
22227,3250
22228,6117
22229,4726
22230,8728
22231,7832
22232,3640
22233,6034
22234,3391
22235,5596
22236,6701
22237,5467
22238,6345
22239,5127
22240,6105
22241,3609
22242,5432
22243,5356
22244,7110
22245,5534
22246,6846
22247,4878
22248,3695
22249,7238
22250,3797
22251,8742
22252,5383
22253,3446
22254,5272
22255,5194
22256,5305
22257,6036
22258,7226
22259,4169
22260,10221
22261,3123
22262,3498
22263,5577
22264,6370
22265,8746
22266,5839
22267,5791
22268,4328
22269,5083
22270,5874
22271,4237
22272,5174
22273,3978
22274,8047
22275,5707
22276,6597
22277,10319
22278,7691
22279,3972
22280,4188
22281,4366
22282,9800
22283,4589
22284,7345
22285,3465
22286,8326
22287,5571
22288,4203
22289,4225
22290,3732
22291,4347
22292,4624
22293,4940
22294,4049
22295,4147
22296,3468
22297,6954
22298,6028
22299,18186
22300,5135
22301,3860
22302,4175
22303,6554
22304,8491
22305,4429
22306,4302
22307,8670
22308,5242
22309,6939
22310,5436
22311,6347
22312,6246
22313,4163
22314,5437
22315,6359
22316,7366
22317,5534
22318,7342
22319,6704
22320,7405
22321,4685
22322,4606
22323,5028
22324,9310
22325,9865
22326,6409
22327,8537
22328,4273
22329,7315
22330,3330
22331,5485
22332,3622
22333,7528
22334,7355
22335,9872
22336,9072
22337,6386
22338,5171
22339,4211
22340,4038
22341,5865
22342,9152
22343,5945
22344,4760
22345,4835
22346,4658
22347,6482
22348,3220
22349,7084
22350,3814
22351,7072
22352,6009
22353,4781
22354,7616
22355,4707
22356,7435
22357,7991
22358,6070
22359,5192
22360,7911
22361,4174
22362,6462
22363,6572
22364,10308
22365,5051
22366,5998
22367,6889
22368,7038
22369,8064
22370,5758
22371,8270
22372,3810
22373,4102
22374,5479
22375,6274
22376,8954
22377,6851
22378,3595
22379,4884
22380,7483
22381,6938
22382,8583
22383,3947
22384,11781
22385,6430
22386,4291
22387,5311
22388,5864
22389,5847
22390,7739
22391,3688
22392,5787
22393,6608
22394,6762
22395,6139
22396,4478
22397,6652
22398,5209
22399,5056
22400,8156
22401,6833
22402,5673
22403,4775
22404,9421
22405,4754
22406,8441
22407,6883
22408,12497
22409,6033
22410,4185
22411,6189
22412,5779
22413,5819
22414,4911
22415,7766
22416,6626
22417,3701
22418,7158
22419,5195
22420,6257
22421,4332
22422,7721
22423,7378
22424,5627
22425,10708
22426,5138
22427,4423
22428,6934
22429,8464
22430,4503
22431,4255
22432,6506
22433,5509
22434,4585
22435,5607
22436,4723
22437,8228
22438,7129
22439,6346
22440,6346
22441,4703
22442,4685
22443,5593
22444,7486
22445,6535
22446,7977
22447,7536
22448,8391
22449,5124
22450,7794
22451,7024
22452,5059
22453,5796
22454,8060
22455,6402
22456,5895
22457,9047
22458,7840
22459,6908
22460,5051
22461,7190
22462,6636
22463,6218
22464,6042
22465,3637
22466,5205
22467,8271
22468,6892
22469,5601
22470,3953
22471,7594
22472,6327
22473,6925
22474,6208
22475,5387
22476,4888
22477,3377
22478,9376
22479,6395
22480,6351
22481,5447
22482,4977
22483,5033
22484,6196
22485,6526
22486,3460
22487,6073
22488,4387
22489,7975
22490,7352
22491,6161
22492,11240
22493,3984
22494,4785
22495,9447
22496,4829
22497,6255
22498,2309
22499,7763
22500,7835
22501,5488
22502,5838
22503,6108
22504,5659
22505,5371
22506,7326
22507,9101
22508,2721
22509,6355
22510,2704
22511,11865
22512,4158
22513,7866
22514,9085
22515,5688
22516,5912
22517,4590
22518,4454
22519,3122
22520,4192
22521,5930
22522,4546
22523,6911
22524,6542
22525,5043
22526,5748
22527,6424
22528,7950
22529,8408
22530,7329
22531,4543
22532,4207
22533,8647
22534,9366
22535,4739
22536,7043
22537,4670
22538,6752
22539,4944
22540,4666
22541,6493
22542,3663
22543,5562
22544,4740
22545,8096
22546,6632
22547,7086
22548,6861
22549,5129
22550,7330
22551,17102
22552,8787
22553,4579
22554,2753
22555,5976
22556,7378
22557,4525
22558,6110
22559,12676
22560,5851
22561,9673
22562,19495
22563,3927
22564,5518
22565,4685
22566,3672
22567,7711
22568,4486
22569,7438
22570,8757
22571,6792
22572,5328
22573,6906
22574,4740
22575,5936
22576,3570
22577,5976
22578,6569
22579,8555
22580,5916
22581,5833
22582,3962
22583,6823
22584,4607
22585,4860
22586,3442
22587,7576
22588,5333
22589,5347
22590,6850
22591,7094
22592,3821
22593,5298
22594,5213
22595,4936
22596,5823
22597,6136
22598,8519
22599,7719
22600,6726
22601,5273
22602,3371
22603,5751
22604,5744
22605,5438
22606,4412
22607,2460
22608,7767
22609,6074
22610,9093
22611,5746
22612,4955
22613,6699
22614,4710
22615,4292
22616,8888
22617,5520
22618,7342
22619,7659
22620,12154
22621,6030
22622,4425
22623,7036
22624,4292
22625,5407
22626,5196
22627,7111
22628,4480
22629,7132
22630,3889
22631,4915
22632,3507
22633,8810
22634,5083
22635,13177
22636,10681
22637,4997
22638,5693
22639,4925
22640,5893
22641,5413
22642,10682
22643,7471
22644,7472
22645,3993
22646,7534
22647,5111
22648,9038
22649,8113
22650,6204
22651,5908
22652,6341
22653,6427
22654,7782
22655,8192
22656,5997
22657,6882
22658,8960
22659,6391
22660,6418
22661,5890
22662,7518
22663,6335
22664,5115
22665,4581
22666,6130
22667,4630
22668,8197
22669,5846
22670,7329
22671,5462
22672,8507
22673,4454
22674,6637
22675,8647
22676,6931
22677,7524
22678,6382
22679,3764
22680,12211
22681,8256
22682,7688
22683,14470
22684,8196
22685,6417
22686,6100
22687,7640
22688,9357
22689,9509
22690,10500
22691,5507
22692,6888
22693,5560
22694,7988
22695,4170
22696,9239
22697,5701
22698,4793
22699,5793
22700,7525
22701,6879
22702,5246
22703,7460
22704,4538
22705,4091
22706,6527
22707,4233
22708,4177
22709,5040
22710,5935
22711,8713
22712,8865
22713,6292
22714,6164
22715,5275
22716,9475
22717,6094
22718,5625
22719,4910
22720,4728
22721,9043
22722,4061
22723,11589
22724,6808
22725,3297
22726,4459
22727,6007
22728,5948
22729,5208
22730,8499
22731,9198
22732,10443
22733,5569
22734,10678
22735,2965
22736,5267
22737,6510
22738,5146
22739,6357
22740,5163
22741,6550
22742,3868
22743,5216
22744,11473
22745,8567
22746,4574
22747,4785
22748,8627
22749,8458
22750,7035
22751,5146
22752,4143
22753,8835
22754,5663
22755,7313
22756,5396
22757,5471
22758,6415
22759,7205
22760,3691
22761,4268
22762,4477
22763,5419
22764,9016
22765,7186
22766,7779
22767,11993
22768,5199
22769,10007
22770,10670
22771,6664
22772,4677
22773,3196
22774,7403
22775,5906
22776,5798
22777,5762
22778,6346
22779,10285
22780,4301
22781,5120
22782,7123
22783,4270
22784,7788
22785,5200
22786,4286
22787,6695
22788,3143
22789,6433
22790,7778
22791,6162
22792,7080
22793,8002
22794,7111
22795,4809
22796,6944
22797,8471
22798,6583
22799,5250
22800,6094
22801,4479
22802,8583
22803,6780
22804,5813
22805,4467
22806,6366
22807,7982
22808,6943
22809,5366
22810,8341
22811,5111
22812,7104
22813,15184
22814,5609
22815,8992
22816,5414
22817,5396
22818,5577
22819,4716
22820,3870
22821,4878
22822,8617
22823,12235
22824,7940
22825,8802
22826,8740
22827,10551
22828,9794
22829,7713
22830,6062
22831,4830
22832,10082
22833,9909
22834,7006
22835,7850
22836,8284
22837,5509
22838,3386
22839,10240
22840,5959
22841,5980
22842,5820
22843,1981
22844,11040
22845,9613
22846,12496
22847,5867
22848,4318
22849,4954
22850,5438
22851,5900
22852,5917
22853,6941
22854,4859
22855,4194
22856,6192
22857,3385
22858,2776
22859,5333
22860,12637
22861,6702
22862,16565
22863,4155
22864,6082
22865,6381
22866,5375
22867,4603
22868,4967
22869,4365
22870,3872
22871,8001
22872,6494
22873,3474
22874,8129
22875,4571
22876,5312
22877,4212
22878,9172
22879,6772
22880,8491
22881,4365
22882,6045
22883,4334
22884,4494
22885,4209
22886,13504
22887,10116
22888,6252
22889,4229
22890,4908
22891,5905
22892,4249
22893,8082
22894,4171
22895,13195
22896,4078
22897,4705
22898,5146
22899,9243
22900,7006
22901,4406
22902,5578
22903,5961
22904,6758
22905,6471
22906,5202
22907,3478
22908,8616
22909,4756
22910,3997
22911,5391
22912,6238
22913,5386
22914,5867
22915,7748
22916,8178
22917,6665
22918,6690
22919,3793
22920,8125
22921,5499
22922,4266
22923,7250
22924,6868
22925,6167
22926,8689
22927,5488
22928,5558
22929,6230
22930,5388
22931,5170
22932,6577
22933,7568
22934,6306
22935,5634
22936,5094
22937,8637
22938,6280
22939,4478
22940,10952
22941,4885
22942,2978
22943,6788
22944,8979
22945,8211
22946,4811
22947,5484
22948,6175
22949,3700
22950,5726
22951,7038
22952,6417
22953,5670
22954,5969
22955,7837
22956,2891
22957,5139
22958,5527
22959,4539
22960,4555
22961,6251
22962,6730
22963,5757
22964,5023
22965,7011
22966,5913
22967,7395
22968,8059
22969,5124
22970,5984
22971,6224
22972,7323
22973,6906
22974,8502
22975,3257
22976,8754
22977,6188
22978,6893
22979,9511
22980,4533
22981,3574
22982,10734
22983,7413
22984,7745
22985,5378
22986,5669
22987,8250
22988,3650
22989,6010
22990,5106
22991,7609
22992,5697
22993,4853
22994,7387
22995,5154
22996,7922
22997,9965
22998,15113
22999,6431
23000,4173
23001,5005
23002,3992
23003,3084
23004,10441
23005,7533
23006,5691
23007,8859
23008,5843
23009,9033
23010,4516
23011,5516
23012,5690
23013,8362
23014,4922
23015,6153
23016,5471
23017,4421
23018,6469
23019,4986
23020,6311
23021,7391
23022,8026
23023,6781
23024,7148
23025,5741
23026,10193
23027,4262
23028,5406
23029,10478
23030,6451
23031,8180
23032,7182
23033,15410
23034,5179
23035,4657
23036,4391
23037,5701
23038,8403
23039,9708
23040,6460
23041,6828
23042,7524
23043,3730
23044,6895
23045,6702
23046,5834
23047,7750
23048,5626
23049,4340
23050,4839
23051,3508
23052,4482
23053,7506
23054,6321
23055,11100
23056,15607
23057,6095
23058,4382
23059,6835
23060,7536
23061,8016
23062,3866
23063,5698
23064,4067
23065,7878
23066,6378
23067,5967
23068,11280
23069,12740
23070,4391
23071,6612
23072,3681
23073,4785
23074,4923
23075,8192
23076,4661
23077,4415
23078,4772
23079,6937
23080,5703
23081,4053
23082,5396
23083,7437
23084,6635
23085,6375
23086,2877
23087,10540
23088,16348
23089,3912
23090,6953
23091,8133
23092,6379
23093,4300
23094,3629
23095,3848
23096,7037
23097,4789
23098,6840
23099,9124
23100,4282
23101,4857
23102,5996
23103,5036
23104,4805
23105,5000
23106,5893
23107,8912
23108,7270
23109,8528
23110,5531
23111,3696
23112,5838
23113,5215
23114,8387
23115,5768
23116,4624
23117,19077
23118,5524
23119,5400
23120,10750
23121,6402
23122,6021
23123,5767
23124,6251
23125,4317
23126,8761
23127,13060
23128,5055
23129,4574
23130,5978
23131,11019
23132,5879
23133,4777
23134,5480
23135,5275
23136,5483
23137,4343
23138,8047
23139,3491
23140,5985
23141,2867
23142,19757
23143,7535
23144,3923
23145,5412
23146,9076
23147,5776
23148,5884
23149,7270
23150,5735
23151,5190
23152,3860
23153,8455
23154,5491
23155,5471
23156,5956
23157,6916
23158,4746
23159,7410
23160,5986
23161,3623
23162,7316
23163,9569
23164,4035
23165,7464
23166,6301
23167,4866
23168,8749
23169,4902
23170,6376
23171,6341
23172,7645
23173,3637
23174,4730
23175,4688
23176,8619
23177,5832
23178,7998
23179,3924
23180,7328
23181,3609
23182,6022
23183,4807
23184,5692
23185,5620
23186,6814
23187,6443
23188,8554
23189,4418
23190,5863
23191,6716
23192,7373
23193,5732
23194,8186
23195,8852
23196,6226
23197,3014
23198,6341
23199,4718
23200,5960
23201,5892
23202,3686
23203,11403
23204,4702
23205,6208
23206,8923
23207,6873
23208,3543
23209,0
23210,5795
23211,9022
23212,5081
23213,6976
23214,7797
23215,6550
23216,5115
23217,6836
23218,5200
23219,5072
23220,5713
23221,8234
23222,7280
23223,5068
23224,4395
23225,6395
23226,6994
23227,5894
23228,6944
23229,5374
23230,6244
23231,4209
23232,7395
23233,7156
23234,6891
23235,5452
23236,6062
23237,6495
23238,8277
23239,5670
23240,7494
23241,4528
23242,5599
23243,7120
23244,5799
23245,4200
23246,3972
23247,6488
23248,8239
23249,4697
23250,5191
23251,7493
23252,6037
23253,5051
23254,5575
23255,4844
23256,2943
23257,7379
23258,3771
23259,6787
23260,6072
23261,6477
23262,6196
23263,9103
23264,7519
23265,6453
23266,4865
23267,7820
23268,7094
23269,3482
23270,2639
23271,7431
23272,3521
23273,6736
23274,10933
23275,7494
23276,6649
23277,3716
23278,6970
23279,6322
23280,5938
23281,7005
23282,7858
23283,7598
23284,5495
23285,7724
23286,4481
23287,6303
23288,4268
23289,5059
23290,6636
23291,5785
23292,5377
23293,7189
23294,4656
23295,9316
23296,6183
23297,4167
23298,4165
23299,8867
23300,6553
23301,5134
23302,5771
23303,6579
23304,4967
23305,5937
23306,5871
23307,6481
23308,4632
23309,4558
23310,8318
23311,6188
23312,5774
23313,3401
23314,10278
23315,5933
23316,4993
23317,5987
23318,9956
23319,7277
23320,7030
23321,8714
23322,6429
23323,5428
23324,5566
23325,6775
23326,9049
23327,10883
23328,4795
23329,5133
23330,3395
23331,4274
23332,8967
23333,12838
23334,5706
23335,4324
23336,5415
23337,5888
23338,5688
23339,9330
23340,8144
23341,5452
23342,3890
23343,7655
23344,5064
23345,8555
23346,8829
23347,5028
23348,6607
23349,3599
23350,6475
23351,6941
23352,6783
23353,6854
23354,5543
23355,6611
23356,4366
23357,5987
23358,7351
23359,7590
23360,6928
23361,7678
23362,5304
23363,4207
23364,9185
23365,4212
23366,10444
23367,6304
23368,4203
23369,5329
23370,5715
23371,5405
23372,7356
23373,8348
23374,4968
23375,10728
23376,3996
23377,4606
23378,6031
23379,7098
23380,9727
23381,5733
23382,5473
23383,5044
23384,5372
23385,6585
23386,4265
23387,6086
23388,5013
23389,9844
23390,5659
23391,7538
23392,11578
23393,8720
23394,4640
23395,4337
23396,5712
23397,10124
23398,4980
23399,7456
23400,4417
23401,8942
23402,5896
23403,4871
23404,4791
23405,4730
23406,4553
23407,5301
23408,5001
23409,4391
23410,4307
23411,4327
23412,7713
23413,5925
23414,20139
23415,6099
23416,4579
23417,2897
23418,4404
23419,9995
23420,2170
23421,2976
23422,6716
23423,3456
23424,7131
23425,5144
23426,5624
23427,6408
23428,4706
23429,3601
23430,6004
23431,5633
23432,2832
23433,5209
23434,4517
23435,6229
23436,5423
23437,3648
23438,4692
23439,8127
23440,8669
23441,6084
23442,7863
23443,2288
23444,8205
23445,3620
23446,5697
23447,2470
23448,8377
23449,7849
23450,9405
23451,9827
23452,7792
23453,6628
23454,3058
23455,4889
23456,6369
23457,8510
23458,4488
23459,3723
23460,5923
23461,5413
23462,5897
23463,2614
23464,7881
23465,4557
23466,8435
23467,6800
23468,3665
23469,9599
23470,3352
23471,9208
23472,6480
23473,6996
23474,2635
23475,5896
23476,4962
23477,3927
23478,7915
23479,11094
23480,3124
23481,6375
23482,5837
23483,9094
23484,7595
23485,5917
23486,7137
23487,2513
23488,2550
23489,4937
23490,6517
23491,8954
23492,8111
23493,2662
23494,4334
23495,9175
23496,9270
23497,5936
23498,3282
23499,11366
23500,5704
23501,3834
23502,3786
23503,2438
23504,4802
23505,7703
23506,3804
23507,6179
23508,3210
23509,6081
23510,4145
23511,2010
23512,4679
23513,5464
23514,6302
23515,9430
23516,7268
23517,5915
23518,4048
23519,11441
23520,3533
23521,6524
23522,7716
23523,14026
23524,5447
23525,3244
23526,6955
23527,6090
23528,6971
23529,5454
23530,10770
23531,6156
23532,2272
23533,8320
23534,4813
23535,6233
23536,2437
23537,8390
23538,4025
23539,2812
23540,8614
23541,4613
23542,5619
23543,8128
23544,8080
23545,4456
23546,4602
23547,7815
23548,3519
23549,3210
23550,6933
23551,5324
23552,6966
23553,3483
23554,4680
23555,6414
23556,4563
23557,3240
23558,5602
23559,6222
23560,6280
23561,7669
23562,8140
23563,7928
23564,4263
23565,8020
23566,5889
23567,3304
23568,3800
23569,8548
23570,7933
23571,3062
23572,7572
23573,9913
23574,7277
23575,5074
23576,7377
23577,7783
23578,5766
23579,4675
23580,2941
23581,5652
23582,5655
23583,4841
23584,5603
23585,3403
23586,6127
23587,7680
23588,6285
23589,7056
23590,6494
23591,2969
23592,1678
23593,7455
23594,6696
23595,7333
23596,3635
23597,5696
23598,3745
23599,5830
23600,5902
23601,3993
23602,4371
23603,5082
23604,7360
23605,6987
23606,8022
23607,14726
23608,4159
23609,4963
23610,10582
23611,3811
23612,5589
23613,864
23614,8234
23615,7166
23616,5719
23617,6872
23618,6065
23619,4835
23620,5427
23621,5248
23622,8303
23623,3373
23624,5801
23625,2870
23626,9424
23627,3521
23628,8227
23629,10326
23630,6834
23631,6266
23632,4566
23633,2227
23634,1895
23635,3697
23636,5809
23637,3288
23638,5937
23639,7550
23640,4292
23641,5478
23642,4847
23643,8574
23644,8159
23645,7650
23646,5507
23647,3478
23648,8605
23649,9926
23650,3711
23651,4592
23652,3901
23653,5606
23654,5675
23655,4170
23656,6954
23657,3243
23658,5354
23659,5078
23660,8895
23661,5900
23662,7526
23663,6894
23664,4824
23665,8615
23666,17884
23667,8975
23668,3864
23669,3698
23670,6731
23671,7830
23672,2971
23673,4942
23674,9564
23675,6428
23676,7407
23677,17381
23678,5666
23679,5621
23680,2840
23681,2364
23682,11038
23683,3632
23684,6762
23685,9178
23686,3038
23687,3628
23688,6677
23689,3941
23690,7096
23691,2058
23692,5335
23693,5333
23694,11178
23695,6122
23696,6183
23697,3085
23698,8281
23699,6132
23700,6961
23701,1733
23702,9680
23703,5434
23704,6178
23705,4380
23706,4827
23707,0
23708,4920
23709,3640
23710,5552
23711,4739
23712,5103
23713,8801
23714,9382
23715,8023
23716,4291
23717,4573
23718,4756
23719,4910
23720,6958
23721,3105
23722,1450
23723,7200
23724,5832
23725,8260
23726,5591
23727,4601
23728,4914
23729,3427
23730,2711
23731,9150
23732,6528
23733,5402
23734,5785
23735,11980
23736,6780
23737,2034
23738,7726
23739,2081
23740,4309
23741,6133
23742,6726
23743,2507
23744,4345
23745,4505
23746,3751
23747,1692
23748,8531
23749,4768
23750,9597
23751,10577
23752,6050
23753,5831
23754,4323
23755,5302
23756,5108
23757,12017
23758,6976
23759,7140
23760,3175
23761,6061
23762,5794
23763,9135
23764,9014
23765,7127
23766,5802
23767,6832
23768,5245
23769,8915
23770,6536
23771,7012
23772,6531
23773,9619
23774,7205
23775,5076
23776,6241
23777,8350
23778,6389
23779,3516
23780,5863
23781,3357
23782,5142
23783,9200
23784,7268
23785,7661
23786,6294
23787,8478
23788,4900
23789,4478
23790,4582
23791,6287
23792,6623
23793,6751
23794,3308
23795,13334
23796,5389
23797,6125
23798,16311
23799,5810
23800,8006
23801,6420
23802,7283
23803,8696
23804,7897
23805,10302
23806,2809
23807,4676
23808,5746
23809,8874
23810,2632
23811,5773
23812,4808
23813,5317
23814,5721
23815,6205
23816,3439
23817,6456
23818,5223
23819,3032
23820,3293
23821,7626
23822,4424
23823,5061
23824,5893
23825,5749
23826,9698
23827,12716
23828,5232
23829,7785
23830,5898
23831,10397
23832,5096
23833,2891
23834,4178
23835,5693
23836,12669
23837,4168
23838,9107
23839,7612
23840,2151
23841,3996
23842,6362
23843,6545
23844,5488
23845,9390
23846,9181
23847,7791
23848,4146
23849,12651
23850,2172
23851,4039
23852,9685
23853,4455
23854,5871
23855,3751
23856,7275
23857,5087
23858,4048
23859,15218
23860,11006
23861,2426
23862,5194
23863,5702
23864,7674
23865,9872
23866,5392
23867,2889
23868,9177
23869,2202
23870,10268
23871,4926
23872,5991
23873,9781
23874,5873
23875,1665
23876,5029
23877,2457
23878,3960
23879,12333
23880,8255
23881,4421
23882,13024
23883,7880
23884,11173
23885,12596
23886,7378
23887,4459
23888,2128
23889,5244
23890,6795
23891,2796
23892,6221
23893,4670
23894,7706
23895,2565
23896,5709
23897,9362
23898,1808
23899,9511
23900,6236
23901,2749
23902,7339
23903,3441
23904,3322
23905,9922
23906,7388
23907,7654
23908,8415
23909,5691
23910,5086
23911,7152
23912,7382
23913,8403
23914,5838
23915,7167
23916,3762
23917,9009
23918,6776
23919,6026
23920,3981
23921,5052
23922,8490
23923,6284
23924,4161
23925,5410
23926,5546
23927,5382
23928,16477
23929,5408
23930,10294
23931,4959
23932,3784
23933,6828
23934,5673
23935,3254
23936,5047
23937,9398
23938,14775
23939,7591
23940,10022
23941,7611
23942,10920
23943,8879
23944,7399
23945,6498
23946,4485
23947,10801
23948,8062
23949,7825
23950,5533
23951,5488
23952,5127
23953,2377
23954,12922
23955,7047
23956,6113
23957,5085
23958,1511
23959,9138
23960,8381
23961,12132
23962,6159
23963,4320
23964,3912
23965,6989
23966,5182
23967,4257
23968,10856
23969,4501
23970,4742
23971,5513
23972,3724
23973,2702
23974,2428
23975,15344
23976,5010
23977,13293
23978,4525
23979,6153
23980,5443
23981,4231
23982,3221
23983,6272
23984,3224
23985,2762
23986,11035
23987,6394
23988,2823
23989,8792
23990,2735
23991,5972
23992,3765
23993,10202
23994,7676
23995,8627
23996,2399
23997,5283
23998,2843
23999,4971
24000,3592
24001,16751
24002,12704
24003,5068
24004,3029
24005,6054
24006,4383
24007,2616
24008,7821
24009,2515
24010,14606
24011,4349
24012,4987
24013,6100
24014,12178
24015,7213
24016,5077
24017,5228
24018,6160
24019,7023
24020,7089
24021,4123
24022,1289
24023,4954
24024,3038
24025,2948
24026,5957
24027,7489
24028,6153
24029,5609
24030,8467
24031,6058
24032,3372
24033,7734
24034,2282
24035,10210
24036,5179
24037,2958
24038,4653
24039,4325
24040,4899
24041,7993
24042,7303
24043,3969
24044,6274
24045,2490
24046,4937
24047,8286
24048,9320
24049,3695
24050,2263
24051,5403
24052,7745
24053,6744
24054,2624
24055,11363
24056,3824
24057,3409
24058,5880
24059,10598
24060,9626
24061,4541
24062,4689
24063,6288
24064,1591
24065,7165
24066,7463
24067,5089
24068,4554
24069,3125
24070,8589
24071,3045
24072,4710
24073,3969
24074,3553
24075,2898
24076,7698
24077,7227
24078,5884
24079,3994
24080,5225
24081,8037
24082,8118
24083,7832
24084,5211
24085,5552
24086,5918
24087,8728
24088,7180
24089,5442
24090,1970
24091,6206
24092,6620
24093,6618
24094,8153
24095,5982
24096,2867
24097,7916
24098,5595
24099,11119
24100,2902
24101,2730
24102,9374
24103,1619
24104,5492
24105,4677
24106,8220
24107,3901
24108,4623
24109,9621
24110,2739
24111,6713
24112,10189
24113,15340
24114,6869
24115,2521
24116,5771
24117,3840
24118,2277
24119,7993
24120,5059
24121,6779
24122,5269
24123,5935
24124,5045
24125,5112
24126,5186
24127,4812
24128,9504
24129,5563
24130,2591
24131,6465
24132,4042
24133,5743
24134,6013
24135,6132
24136,7930
24137,8392
24138,8470
24139,6028
24140,5278
24141,6424
24142,2969
24143,5878
24144,9219
24145,7088
24146,7288
24147,6922
24148,14274
24149,3288
24150,3699
24151,5033
24152,4284
24153,8943
24154,10586
24155,8141
24156,7776
24157,7846
24158,2110
24159,8346
24160,3412
24161,6803
24162,6585
24163,5552
24164,2079
24165,5416
24166,3702
24167,3174
24168,7391
24169,4979
24170,9269
24171,18267
24172,5749
24173,3229
24174,4916
24175,8698
24176,6770
24177,4485
24178,5846
24179,2038
24180,6424
24181,7363
24182,3546
24183,11232
24184,12111
24185,3234
24186,5841
24187,4056
24188,3834
24189,4231
24190,9173
24191,3983
24192,4674
24193,4882
24194,2961
24195,2781
24196,2634
24197,5741
24198,6171
24199,4883
24200,7768
24201,1234
24202,8121
24203,15758
24204,3237
24205,8459
24206,7497
24207,4764
24208,4339
24209,2579
24210,4313
24211,4952
24212,5460
24213,3245
24214,9644
24215,4583
24216,4149
24217,6523
24218,5088
24219,6393
24220,5064
24221,6241
24222,10589
24223,4972
24224,7494
24225,6081
24226,3772
24227,3345
24228,4643
24229,6200
24230,6434
24231,3682
24232,13226
24233,5347
24234,4958
24235,12398
24236,4967
24237,7243
24238,4583
24239,5658
24240,5431
24241,7023
24242,16134
24243,3176
24244,5789
24245,3619
24246,9753
24247,7154
24248,5030
24249,3827
24250,4325
24251,2628
24252,2192
24253,7252
24254,2226
24255,3850
24256,1313
24257,22167
24258,8785
24259,2157
24260,5467
24261,6449
24262,6921
24263,5470
24264,8270
24265,5838
24266,6241
24267,2838
24268,7900
24269,6677
24270,4096
24271,6327
24272,9569
24273,4592
24274,8516
24275,6832
24276,3115
24277,5935
24278,6987
24279,2705
24280,9199
24281,7023
24282,4988
24283,10179
24284,3855
24285,5177
24286,8935
24287,6724
24288,2390
24289,5049
24290,3887
24291,3800
24292,5365
24293,6268
24294,3583
24295,6227
24296,2304
24297,5931
24298,2945
24299,6045
24300,5708
24301,4982
24302,6003
24303,9177
24304,2891
24305,6057
24306,7314
24307,3382
24308,5856
24309,6430
24310,9396
24311,7038
24312,3897
24313,2112
24314,2154
24315,5756
24316,5066
24317,4287
24318,12581
24319,5556
24320,6030
24321,8734
24322,7091
24323,2235
24324,0
24325,4831
24326,8309
24327,6557
24328,7748
24329,6284
24330,9241
24331,5381
24332,4120
24333,3000
24334,3514
24335,6523
24336,4513
24337,8189
24338,5228
24339,2842
24340,7802
24341,7375
24342,4821
24343,7577
24344,4609
24345,7129
24346,3770
24347,5106
24348,4044
24349,4978
24350,3628
24351,6605
24352,7756
24353,8402
24354,6347
24355,6079
24356,4353
24357,6388
24358,7121
24359,7282
24360,3024
24361,2940
24362,8893
24363,6343
24364,3171
24365,4120
24366,8046
24367,6862
24368,2588
24369,6416
24370,5020
24371,1797
24372,5285
24373,2869
24374,4391
24375,6746
24376,6139
24377,5403
24378,4440
24379,8665
24380,6593
24381,3767
24382,5674
24383,5381
24384,3135
24385,1153
24386,7720
24387,1640
24388,6087
24389,9910
24390,5891
24391,4503
24392,3182
24393,5826
24394,5621
24395,5041
24396,6023
24397,6610
24398,8281
24399,6563
24400,9059
24401,4028
24402,3987
24403,4325
24404,3757
24405,5726
24406,6770
24407,3426
24408,5703
24409,2746
24410,8354
24411,4573
24412,4480
24413,3979
24414,5771
24415,7985
24416,3610
24417,6939
24418,4631
24419,5761
24420,5457
24421,6527
24422,8044
24423,4870
24424,3850
24425,10001
24426,6811
24427,6982
24428,1961
24429,4693
24430,5328
24431,4127
24432,5040
24433,11212
24434,8477
24435,9580
24436,10399
24437,6599
24438,5807
24439,6330
24440,6325
24441,7715
24442,11227
24443,3368
24444,1846
24445,1633
24446,4133
24447,5362
24448,10628
24449,2574
24450,1999
24451,5447
24452,5886
24453,6127
24454,11262
24455,7099
24456,6660
24457,2725
24458,8342
24459,6402
24460,7044
24461,7370
24462,3548
24463,6540
24464,3168
24465,6955
24466,5728
24467,5383
24468,6159
24469,4031
24470,6612
24471,5381
24472,7134
24473,5019
24474,8512
24475,5521
24476,9037
24477,5308
24478,3792
24479,8537
24480,2854
24481,10696
24482,6259
24483,4939
24484,3395
24485,7226
24486,4714
24487,4605
24488,6896
24489,4686
24490,12995
24491,3211
24492,2947
24493,5972
24494,6395
24495,10891
24496,2578
24497,4982
24498,6186
24499,5790
24500,5017
24501,3483
24502,6385
24503,3308
24504,10759
24505,2942
24506,7227
24507,14503
24508,7983
24509,6556
24510,3297
24511,5235
24512,8045
24513,2797
24514,7756
24515,2973
24516,8624
24517,6993
24518,5888
24519,6143
24520,4936
24521,2969
24522,5770
24523,2403
24524,3843
24525,3258
24526,2829
24527,7901
24528,5866
24529,22268
24530,7777
24531,0
24532,0
24533,0
24534,0
24535,0
24536,0
24537,0
24538,0
24539,0
24540,0
24541,0
24542,0
24543,0
24544,0
24545,0
24546,0
24547,0
24548,0
24549,0
24550,0
24551,0
24552,0
24553,0
24554,0
24555,0
24556,0
24557,0
24558,0
24559,0
24560,0
24561,0
24562,0
24563,0
24564,0
24565,0
24566,0
24567,0
24568,0
24569,0
24570,0
24571,0
24572,0
24573,0
24574,0
24575,0
24576,0
24577,0
24578,0
24579,0
24580,0
24581,0
24582,0
24583,0
24584,0
24585,0
24586,0
24587,0
24588,0
24589,0
24590,0
24591,0
24592,0
24593,0
24594,0
24595,0
24596,0
24597,0
24598,0
24599,0
24600,0
24601,0
24602,0
24603,0
24604,0
24605,0
24606,0
24607,0
24608,0
24609,0
24610,0
24611,0
24612,0
24613,0
24614,0
24615,12303
24616,0
24617,0
24618,0
24619,0
24620,0
24621,0
24622,0
24623,0
24624,0
24625,0
24626,0
24627,0
24628,0
24629,0
24630,0
24631,0
24632,0
24633,0
24634,0
24635,0
24636,0
24637,0
24638,0
24639,0
24640,0
24641,0
24642,0
24643,0
24644,0
24645,0
24646,0
24647,0
24648,0
24649,0
24650,0
24651,0
24652,3729
24653,0
24654,0
24655,0
24656,0
24657,0
24658,0
24659,0
24660,0
24661,0
24662,0
24663,0
24664,0
24665,0
24666,0
24667,0
24668,0
24669,0
24670,0
24671,0
24672,0
24673,0
24674,0
24675,0
24676,0
24677,0
24678,0
24679,0
24680,0
24681,0
24682,0
24683,0
24684,0
24685,0
24686,0
24687,0
24688,0
24689,0
24690,0
24691,0
24692,0
24693,0
24694,0
24695,0
24696,0
24697,0
24698,0
24699,0
24700,0
24701,0
24702,0
24703,0
24704,0
24705,0
24706,0
24707,0
24708,0
24709,0
24710,0
24711,0
24712,0
24713,0
24714,0
24715,0
24716,0
24717,0
24718,0
24719,0
24720,0
24721,0
24722,0
24723,0
24724,0
24725,0
24726,0
24727,0
24728,0
24729,0
24730,0
24731,0
24732,0
24733,0
24734,0
24735,0
24736,0
24737,0
24738,0
24739,2894
24740,0
24741,0
24742,0
24743,0
24744,0
24745,0
24746,0
24747,0
24748,0
24749,0
24750,0
24751,0
24752,0
24753,0
24754,0
24755,0
24756,0
24757,0
24758,0
24759,0
24760,0
24761,0
24762,0
24763,0
24764,0
24765,0
24766,0
24767,0
24768,0
24769,0
24770,0
24771,0
24772,0
24773,0
24774,0
24775,0
24776,0
24777,0
24778,0
24779,0
24780,0
24781,0
24782,0
24783,0
24784,0
24785,0
24786,0
24787,0
24788,0
24789,16822
24790,0
24791,0
24792,29313
24793,0
24794,0
24795,0
24796,0
24797,0
24798,0
24799,0
24800,0
24801,0
24802,0
24803,0
24804,7761
24805,0
24806,0
24807,0
24808,0
24809,0
24810,0
24811,0
24812,0
24813,0
24814,0
24815,0
24816,0
24817,0
24818,0
24819,0
24820,0
24821,0
24822,0
24823,0
24824,0
24825,0
24826,0
24827,0
24828,0
24829,5023
24830,0
24831,0
24832,0
24833,0
24834,0
24835,0
24836,0
24837,0
24838,0
24839,0
24840,2852
24841,0
24842,0
24843,0
24844,0
24845,0
24846,0
24847,0
24848,0
24849,0
24850,0
24851,0
24852,0
24853,0
24854,0
24855,0
24856,0
24857,0
24858,0
24859,0
24860,0
24861,0
24862,0
24863,0
24864,0
24865,8775
24866,0
24867,0
24868,0
24869,0
24870,0
24871,0
24872,0
24873,0
24874,0
24875,0
24876,0
24877,0
24878,0
24879,0
24880,0
24881,0
24882,0
24883,9015
24884,0
24885,0
24886,0
24887,0
24888,0
24889,0
24890,0
24891,0
24892,0
24893,0
24894,0
24895,0
24896,0
24897,0
24898,0
24899,0
24900,0
24901,0
24902,0
24903,0
24904,0
24905,0
24906,0
24907,0
24908,0
24909,0
24910,0
24911,0
24912,0
24913,0
24914,0
24915,0
24916,0
24917,0
24918,0
24919,0
24920,0
24921,0
24922,0
24923,0
24924,0
24925,0
24926,0
24927,0
24928,0
24929,0
24930,0
24931,0
24932,0
24933,0
24934,0
24935,0
24936,0
24937,0
24938,0
24939,0
24940,0
24941,0
24942,0
24943,0
24944,0
24945,0
24946,0
24947,0
24948,0
24949,0
24950,0
24951,0
24952,0
24953,14997
24954,0
24955,0
24956,0
24957,0
24958,0
24959,0
24960,0
24961,0
24962,0
24963,1746
24964,0
24965,0
24966,0
24967,0
24968,0
24969,0
24970,0
24971,0
24972,0
24973,0
24974,0
24975,0
24976,0
24977,0
24978,0
24979,0
24980,0
24981,0
24982,0
24983,5476
24984,0
24985,0
24986,0
24987,0
24988,0
24989,0
24990,0
24991,0
24992,0
24993,0
24994,0
24995,0
24996,0
24997,0
24998,0
24999,0
25000,0
25001,0
25002,0
25003,0
25004,0
25005,0
25006,0
25007,0
25008,0
25009,0
25010,0
25011,0
25012,0
25013,0
25014,0
25015,0
25016,0
25017,0
25018,0
25019,0
25020,0
25021,0
25022,0
25023,0
25024,8248
25025,0
25026,0
25027,0
25028,0
25029,0
25030,0
25031,0
25032,0
25033,0
25034,0
25035,0
25036,0
25037,0
25038,0
25039,0
25040,0
25041,0
25042,7923
25043,0
25044,0
25045,0
25046,0
25047,0
25048,0
25049,0
25050,0
25051,0
25052,0
25053,0
25054,2499
25055,0
25056,0
25057,0
25058,0
25059,0
25060,5556
25061,0
25062,0
25063,0
25064,0
25065,0
25066,0
25067,0
25068,0
25069,0
25070,0
25071,0
25072,0
25073,0
25074,0
25075,0
25076,0
25077,0
25078,0
25079,0
25080,0
25081,0
25082,0
25083,0
25084,0
25085,0
25086,0
25087,0
25088,0
25089,0
25090,0
25091,0
25092,19258
25093,0
25094,0
25095,0
25096,0
25097,0
25098,0
25099,0
25100,0
25101,0
25102,0
25103,0
25104,0
25105,0
25106,0
25107,0
25108,6237
25109,0
25110,0
25111,0
25112,0
25113,0
25114,0
25115,0
25116,0
25117,0
25118,0
25119,0
25120,0
25121,0
25122,0
25123,0
25124,0
25125,0
25126,0
25127,0
25128,0
25129,0
25130,0
25131,0
25132,0
25133,0
25134,0
25135,0
25136,0
25137,0
25138,0
25139,0
25140,0
25141,0
25142,0
25143,0
25144,0
25145,0
25146,0
25147,0
25148,0
25149,0
25150,0
25151,0
25152,0
25153,0
25154,0
25155,0
25156,0
25157,0
25158,0
25159,0
25160,0
25161,0
25162,0
25163,0
25164,0
25165,0
25166,0
25167,0
25168,0
25169,0
25170,0
25171,0
25172,0
25173,0
25174,0
25175,0
25176,0
25177,0
25178,0
25179,0
25180,0
25181,0
25182,0
25183,0
25184,0
25185,0
25186,0
25187,0
25188,0
25189,0
25190,0
25191,0
25192,0
25193,0
25194,0
25195,0
25196,0
25197,0
25198,0
25199,0
25200,0
25201,0
25202,0
25203,0
25204,0
25205,0
25206,13519
25207,0
25208,0
25209,0
25210,0
25211,0
25212,7456
25213,0
25214,0
25215,0
25216,0
25217,0
25218,0
25219,0
25220,0
25221,0
25222,0
25223,0
25224,0
25225,0
25226,0
25227,0
25228,0
25229,0
25230,0
25231,0
25232,0
25233,0
25234,0
25235,0
25236,0
25237,0
25238,0
25239,0
25240,0
25241,0
25242,0
25243,0
25244,0
25245,0
25246,0
25247,0
25248,0
25249,0
25250,0
25251,0
25252,0
25253,0
25254,0
25255,0
25256,0
25257,0
25258,0
25259,0
25260,0
25261,0
25262,3493
25263,16493
25264,0
25265,0
25266,0
25267,0
25268,0
25269,0
25270,0
25271,0
25272,0
25273,0
25274,0
25275,0
25276,0
25277,0
25278,0
25279,0
25280,0
25281,0
25282,0
25283,0
25284,0
25285,0
25286,0
25287,0
25288,0
25289,0
25290,0
25291,0
25292,0
25293,0
25294,0
25295,0
25296,0
25297,0
25298,0
25299,12504
25300,0
25301,0
25302,0
25303,0
25304,0
25305,0
25306,0
25307,0
25308,0
25309,0
25310,0
25311,0
25312,0
25313,0
25314,0
25315,0
25316,0
25317,0
25318,0
25319,0
25320,0
25321,0
25322,0
25323,0
25324,0
25325,0
25326,0
25327,0
25328,0
25329,0
25330,0
25331,0
25332,0
25333,0
25334,0
25335,0
25336,0
25337,0
25338,0
25339,0
25340,0
25341,0
25342,0
25343,0
25344,0
25345,0
25346,0
25347,0
25348,0
25349,0
25350,0
25351,0
25352,0
25353,0
25354,0
25355,0
25356,0
25357,0
25358,0
25359,0
25360,0
25361,0
25362,0
25363,0
25364,0
25365,0
25366,0
25367,0
25368,0
25369,0
25370,0
25371,0
25372,0
25373,0
25374,0
25375,0
25376,0
25377,0
25378,0
25379,0
25380,0
25381,0
25382,0
25383,0
25384,0
25385,0
25386,0
25387,0
25388,0
25389,0
25390,0
25391,0
25392,0
25393,2680
25394,0
25395,0
25396,0
25397,2353
25398,0
25399,0
25400,0
25401,0
25402,0
25403,0
25404,0
25405,0
25406,0
25407,0
25408,0
25409,0
25410,0
25411,0
25412,0
25413,0
25414,0
25415,0
25416,0
25417,0
25418,0
25419,0
25420,0
25421,0
25422,0
25423,0
25424,0
25425,0
25426,0
25427,0
25428,0
25429,0
25430,0
25431,0
25432,0
25433,0
25434,0
25435,0
25436,0
25437,0
25438,0
25439,0
25440,0
25441,0
25442,0
25443,0
25444,0
25445,0
25446,0
25447,0
25448,0
25449,0
25450,0
25451,0
25452,0
25453,0
25454,0
25455,0
25456,0
25457,0
25458,0
25459,0
25460,0
25461,2560
25462,0
25463,0
25464,0
25465,0
25466,0
25467,0
25468,0
25469,0
25470,0
25471,0
25472,0
25473,0
25474,0
25475,0
25476,0
25477,0
25478,12046
25479,0
25480,0
25481,0
25482,0
25483,0
25484,0
25485,0
25486,0
25487,0
25488,0
25489,0
25490,0
25491,0
25492,0
25493,0
25494,0
25495,0
25496,0
25497,0
25498,0
25499,0
25500,0
25501,0
25502,0
25503,0
25504,0
25505,0
25506,0
25507,0
25508,0
25509,0
25510,0
25511,0
25512,0
25513,0
25514,0
25515,0
25516,0
25517,0
25518,0
25519,0
25520,0
25521,0
25522,0
25523,0
25524,0
25525,0
25526,0
25527,0
25528,0
25529,0
25530,0
25531,0
25532,0
25533,0
25534,0
25535,0
25536,0
25537,0
25538,0
25539,0
25540,0
25541,0
25542,0
25543,0
25544,0
25545,0
25546,0
25547,0
25548,0
25549,0
25550,0
25551,0
25552,0
25553,0
25554,0
25555,0
25556,0
25557,0
25558,0
25559,0
25560,0
25561,0
25562,0
25563,0
25564,0
25565,0
25566,0
25567,0
25568,0
25569,0
25570,0
25571,0
25572,0
25573,0
25574,0
25575,4738
25576,0
25577,0
25578,0
25579,0
25580,0
25581,0
25582,0
25583,0
25584,0
25585,0
25586,0
25587,0
25588,0
25589,0
25590,0
25591,0
25592,0
25593,0
25594,0
25595,0
25596,0
25597,0
25598,0
25599,0
25600,0
25601,0
25602,0
25603,0
25604,0
25605,0
25606,0
25607,0
25608,0
25609,0
25610,0
25611,5019
25612,0
25613,0
25614,0
25615,0
25616,0
25617,0
25618,0
25619,0
25620,0
25621,0
25622,0
25623,0
25624,0
25625,0
25626,0
25627,13582
25628,0
25629,4874
25630,0
25631,0
25632,0
25633,0
25634,0
25635,0
25636,0
25637,0
25638,0
25639,0
25640,0
25641,0
25642,0
25643,0
25644,0
25645,0
25646,5407
25647,7194
25648,10277
25649,12597
25650,7635
25651,6607
25652,13414
25653,10018
25654,11017
25655,7830
25656,9567
25657,11665
25658,7638
25659,7860
25660,9821
25661,11297
25662,10283
25663,10451
25664,10260
25665,10836
25666,8578
25667,6624
25668,8549
25669,15051
25670,14744
25671,10883
25672,14810
25673,7738
25674,13587
25675,6054
25676,7744
25677,6310
25678,10941
25679,10924
25680,17693
25681,11379
25682,9256
25683,10186
25684,8710
25685,5507
25686,8221
25687,14707
25688,9403
25689,8124
25690,7513
25691,8558
25692,10227
25693,4652
25694,10372
25695,6872
25696,9506
25697,9553
25698,7507
25699,10555
25700,7738
25701,10339
25702,14001
25703,11320
25704,8674
25705,14694
25706,6776
25707,9200
25708,10398
25709,15662
25710,7891
25711,7936
25712,12167
25713,8759
25714,11371
25715,9784
25716,13740
25717,8167
25718,6774
25719,9044
25720,8186
25721,13507
25722,11603
25723,5469
25724,8545
25725,10952
25726,9008
25727,13568
25728,5364
25729,18040
25730,8557
25731,6894
25732,8779
25733,10646
25734,8396
25735,11517
25736,6453
25737,10578
25738,8679
25739,11501
25740,10473
25741,9514
25742,10584
25743,7760
25744,8277
25745,10840
25746,10321
25747,11302
25748,6309
25749,12095
25750,7852
25751,11834
25752,9633
25753,16921
25754,8940
25755,6159
25756,9584
25757,7333
25758,7912
25759,7381
25760,9877
25761,9952
25762,5375
25763,13563
25764,8654
25765,10315
25766,6320
25767,10939
25768,13112
25769,5970
25770,16076
25771,8194
25772,8205
25773,12044
25774,11928
25775,6782
25776,6440
25777,10202
25778,9152
25779,6179
25780,8392
25781,8743
25782,10555
25783,12206
25784,9685
25785,10137
25786,8148
25787,6015
25788,10007
25789,9699
25790,10334
25791,12316
25792,11664
25793,12065
25794,8061
25795,12430
25796,10774
25797,8534
25798,10521
25799,14483
25800,10154
25801,11404
25802,14138
25803,9523
25804,12693
25805,7991
25806,9411
25807,11423
25808,8706
25809,10815
25810,5418
25811,7297
25812,14239
25813,11500
25814,8424
25815,5744
25816,13577
25817,8888
25818,11488
25819,7854
25820,7907
25821,8406
25822,6041
25823,15676
25824,11327
25825,9860
25826,10209
25827,7872
25828,7731
25829,9843
25830,10158
25831,5734
25832,8888
25833,8272
25834,11299
25835,10730
25836,8182
25837,14965
25838,8115
25839,6061
25840,14886
25841,7686
25842,9255
25843,5562
25844,12452
25845,10250
25846,6966
25847,8874
25848,9850
25849,7453
25850,9545
25851,11612
25852,17538
25853,3906
25854,9065
25855,4491
25856,19931
25857,6476
25858,12394
25859,12940
25860,9556
25861,10661
25862,6181
25863,7006
25864,4327
25865,6665
25866,8714
25867,7830
25868,11070
25869,10421
25870,8063
25871,9247
25872,9116
25873,10660
25874,12640
25875,10518
25876,7383
25877,5342
25878,12530
25879,18170
25880,8891
25881,10777
25882,6209
25883,10966
25884,7853
25885,7051
25886,9263
25887,7146
25888,10652
25889,9219
25890,11647
25891,9411
25892,12333
25893,10363
25894,7310
25895,13813
25896,23943
25897,15964
25898,9587
25899,4389
25900,8712
25901,12512
25902,6917
25903,8067
25904,13910
25905,7561
25906,21353
25907,20733
25908,5681
25909,9789
25910,8345
25911,5685
25912,10945
25913,7312
25914,14106
25915,12622
25916,13852
25917,10290
25918,12424
25919,4884
25920,9302
25921,5244
25922,8967
25923,10214
25924,16686
25925,7992
25926,7974
25927,6347
25928,9938
25929,8025
25930,6960
25931,6935
25932,10368
25933,8687
25934,8843
25935,11183
25936,12555
25937,0
25938,9405
25939,8557
25940,7816
25941,9481
25942,10723
25943,11738
25944,10872
25945,9483
25946,7230
25947,5278
25948,9254
25949,9139
25950,9502
25951,6022
25952,4257
25953,12404
25954,10946
25955,13818
25956,9275
25957,8737
25958,11125
25959,7737
25960,5948
25961,15369
25962,7241
25963,10930
25964,9808
25965,19294
25966,8041
25967,8772
25968,10034
25969,8689
25970,8531
25971,7250
25972,11607
25973,6137
25974,10301
25975,5793
25976,7743
25977,5617
25978,13393
25979,7108
25980,22796
25981,18316
25982,6304
25983,9541
25984,6960
25985,10004
25986,7967
25987,15092
25988,11809
25989,13984
25990,6334
25991,10233
25992,6320
25993,11728
25994,10710
25995,10026
25996,9210
25997,8519
25998,7057
25999,11921
26000,12150
26001,7740
26002,11138
26003,15035
26004,8262
26005,10136
26006,8794
26007,13011
26008,9952
26009,6768
26010,7605
26011,10103
26012,8709
26013,17085
26014,8405
26015,10792
26016,9977
26017,13711
26018,5867
26019,10351
26020,14905
26021,12362
26022,11188
26023,9268
26024,6132
26025,19644
26026,13124
26027,12609
26028,20376
26029,14043
26030,11662
26031,10124
26032,14914
26033,15349
26034,15022
26035,16840
26036,8865
26037,11982
26038,8556
26039,11991
26040,5196
26041,15598
26042,9711
26043,8075
26044,8568
26045,13938
26046,11712
26047,8226
26048,10168
26049,7285
26050,8440
26051,9731
26052,5848
26053,6800
26054,8200
26055,10707
26056,14419
26057,11756
26058,10115
26059,8553
26060,7701
26061,15646
26062,10481
26063,8425
26064,7637
26065,6981
26066,11750
26067,5587
26068,12417
26069,10217
26070,4752
26071,7466
26072,12249
26073,8541
26074,7512
26075,11828
26076,12738
26077,15288
26078,8022
26079,12996
26080,4505
26081,8223
26082,9996
26083,9409
26084,10934
26085,7481
26086,9056
26087,6645
26088,8295
26089,14234
26090,10414
26091,7486
26092,7086
26093,12357
26094,14290
26095,10875
26096,7525
26097,7329
26098,12481
26099,9243
26100,9150
26101,8887
26102,7876
26103,10041
26104,13427
26105,6381
26106,5907
26107,7078
26108,9231
26109,12501
26110,12287
26111,12132
26112,17631
26113,7142
26114,15478
26115,16883
26116,9616
26117,6728
26118,5139
26119,11717
26120,8972
26121,9895
26122,8848
26123,10229
26124,15679
26125,7447
26126,9260
26127,10851
26128,7673
26129,9280
26130,6968
26131,6958
26132,10134
26133,5291
26134,12612
26135,9903
26136,10335
26137,10891
26138,12970
26139,10332
26140,8421
26141,11781
26142,11766
26143,8398
26144,7722
26145,7475
26146,6975
26147,13805
26148,10558
26149,8835
26150,7631
26151,10969
26152,12416
26153,10961
26154,9273
26155,11966
26156,6542
26157,7166
26158,22569
26159,9796
26160,10944
26161,9937
26162,9151
26163,9548
26164,7491
26165,5728
26166,6873
26167,11840
26168,17046
26169,11555
26170,12548
26171,16542
26172,14234
26173,16008
26174,11543
26175,8165
26176,6403
26177,13160
26178,15799
26179,12211
26180,12170
26181,11734
26182,8498
26183,5908
26184,13703
26185,11084
26186,10323
26187,8601
26188,4762
26189,20509
26190,16726
26191,18226
26192,7866
26193,8135
26194,6256
26195,8249
26196,8613
26197,14087
26198,8341
26199,6898
26200,6986
26201,10712
26202,6194
26203,4064
26204,9837
26205,18711
26206,9904
26207,20524
26208,6361
26209,8008
26210,10332
26211,7696
26212,7735
26213,6618
26214,5871
26215,6160
26216,11258
26217,10021
26218,5822
26219,13135
26220,10570
26221,9742
26222,6381
26223,13149
26224,11508
26225,12272
26226,8435
26227,10162
26228,6507
26229,6955
26230,6494
26231,20576
26232,14912
26233,8505
26234,8711
26235,6802
26236,7737
26237,6146
26238,12316
26239,6181
26240,21270
26241,6064
26242,6773
26243,7570
26244,12616
26245,10145
26246,6533
26247,9122
26248,10407
26249,10371
26250,10176
26251,7982
26252,7092
26253,14974
26254,6435
26255,6850
26256,7568
26257,9696
26258,8811
26259,8468
26260,12744
26261,11717
26262,10033
26263,9806
26264,6959
26265,10818
26266,7954
26267,5996
26268,9633
26269,10338
26270,9969
26271,14777
26272,9723
26273,8855
26274,9140
26275,9541
26276,7867
26277,9455
26278,8552
26279,11836
26280,10580
26281,11646
26282,12300
26283,8086
26284,6722
26285,17063
26286,8573
26287,4289
26288,10049
26289,11239
26290,14220
26291,6752
26292,8703
26293,9352
26294,6193
26295,7968
26296,10130
26297,11881
26298,8135
26299,11531
26300,13675
26301,4214
26302,9426
26303,8695
26304,8012
26305,8017
26306,9201
26307,13573
26308,7228
26309,8330
26310,11400
26311,10792
26312,13471
26313,12401
26314,6334
26315,9589
26316,9340
26317,10993
26318,11107
26319,11881
26320,5600
26321,9791
26322,10274
26323,11502
26324,14387
26325,5810
26326,5231
26327,16042
26328,12528
26329,14050
26330,10124
26331,10752
26332,12090
26333,5544
26334,9621
26335,7809
26336,11376
26337,10996
26338,12316
26339,10452
26340,10336
26341,12115
26342,15447
26343,20542
26344,9752
26345,7020
26346,9430
26347,6031
26348,4797
26349,15926
26350,12450
26351,7799
26352,12630
26353,7924
26354,14229
26355,7324
26356,9089
26357,8616
26358,13847
26359,6946
26360,10399
26361,7595
26362,8689
26363,10259
26364,6513
26365,9918
26366,9031
26367,12019
26368,10987
26369,9523
26370,7416
26371,17262
26372,6514
26373,6541
26374,16298
26375,9711
26376,13921
26377,10163
26378,16766
26379,8851
26380,9848
26381,7099
26382,9565
26383,11753
26384,16775
26385,10412
26386,11496
26387,11955
26388,6563
26389,9690
26390,12604
26391,10793
26392,11569
26393,8576
26394,7365
26395,7193
26396,5739
26397,8869
26398,12586
26399,10767
26400,15912
26401,20812
26402,10164
26403,6820
26404,11260
26405,9157
26406,12902
26407,6353
26408,8601
26409,5229
26410,11209
26411,9755
26412,9068
26413,19674
26414,13337
26415,7793
26416,9874
26417,5320
26418,6623
26419,7508
26420,11572
26421,7589
26422,6209
26423,7734
26424,11935
26425,10296
26426,7615
26427,7611
26428,10167
26429,10319
26430,11678
26431,5541
26432,14961
26433,23855
26434,4239
26435,10052
26436,13253
26437,11156
26438,9113
26439,3938
26440,7302
26441,11700
26442,6691
26443,12307
26444,12816
26445,6781
26446,8340
26447,9866
26448,9029
26449,6366
26450,8813
26451,11455
26452,12770
26453,10741
26454,14965
26455,7813
26456,5175
26457,10034
26458,7751
26459,13710
26460,8530
26461,6541
26462,25517
26463,10990
26464,7979
26465,15223
26466,10183
26467,11368
26468,8817
26469,10450
26470,6571
26471,12428
26472,16235
26473,8356
26474,7716
26475,9664
26476,17795
26477,9204
26478,7720
26479,9085
26480,8279
26481,10030
26482,5957
26483,12703
26484,6111
26485,9310
26486,4073
26487,24419
26488,11073
26489,6665
26490,6134
26491,14244
26492,8971
26493,9616
26494,10828
26495,9616
26496,6653
26497,6315
26498,12856
26499,8616
26500,8961
26501,9553
26502,10012
26503,7049
26504,10082
26505,8434
26506,4990
26507,10774
26508,11604
26509,5907
26510,10210
26511,9987
26512,7184
26513,12846
26514,9636
26515,8824
26516,8869
26517,10523
26518,5009
26519,6921
26520,7860
26521,15104
26522,8542
26523,12551
26524,6208
26525,10564
26526,6718
26527,8367
26528,6726
26529,9871
26530,8108
26531,9908
26532,10973
26533,11605
26534,6179
26535,9690
26536,9901
26537,12080
26538,8359
26539,13387
26540,12993
26541,8450
26542,4051
26543,11839
26544,8868
26545,8544
26546,10532
26547,4837
26548,14913
26549,7625
26550,9684
26551,14548
26552,8375
26553,7009
26554,0
26555,9343
26556,13968
26557,6718
26558,12439
26559,12543
26560,8188
26561,7256
26562,9406
26563,7873
26564,8344
26565,7587
26566,13309
26567,9739
26568,6611
26569,7009
26570,7767
26571,11225
26572,9934
26573,13222
26574,7979
26575,9485
26576,5605
26577,10396
26578,11007
26579,9831
26580,8276
26581,8672
26582,10933
26583,13102
26584,8519
26585,11505
26586,7913
26587,8976
26588,10016
26589,8711
26590,5806
26591,5996
26592,9352
26593,8623
26594,9162
26595,8719
26596,11566
26597,7586
26598,8585
26599,10299
26600,7529
26601,4875
26602,13499
26603,5027
26604,10542
26605,10712
26606,8721
26607,11044
26608,18406
26609,12398
26610,11516
26611,6366
26612,11294
26613,10400
26614,5126
26615,4600
26616,12182
26617,5969
26618,10838
26619,15799
26620,10700
26621,10870
26622,8475
26623,11130
26624,10747
26625,10227
26626,11161
26627,13504
26628,13124
26629,9894
26630,10984
26631,7069
26632,9923
26633,6200
26634,7472
26635,9194
26636,7457
26637,7533
26638,11509
26639,8933
26640,13417
26641,10873
26642,7741
26643,5900
26644,14274
26645,9559
26646,9318
26647,9268
26648,11105
26649,8685
26650,8496
26651,9619
26652,10334
26653,8312
26654,6416
26655,12662
26656,10342
26657,7627
26658,5849
26659,17076
26660,8737
26661,9819
26662,9042
26663,14986
26664,13849
26665,10857
26666,11991
26667,11658
26668,8694
26669,8073
26670,9812
26671,14666
26672,19722
26673,9050
26674,7979
26675,5515
26676,8073
26677,13825
26678,20421
26679,10734
26680,8068
26681,7041
26682,8779
26683,8247
26684,12892
26685,13173
26686,7390
26687,5838
26688,10876
26689,8506
26690,11626
26691,14434
26692,7494
26693,11111
26694,5160
26695,10014
26696,10914
26697,10770
26698,13142
26699,9618
26700,10423
26701,6854
26702,8786
26703,10607
26704,11513
26705,10548
26706,11480
26707,9403
26708,7047
26709,12796
26710,5892
26711,13716
26712,8878
26713,6234
26714,9831
26715,9808
26716,8415
26717,10842
26718,12938
26719,7885
26720,14130
26721,6421
26722,6922
26723,11453
26724,12047
26725,14165
26726,8821
26727,9222
26728,7120
26729,7991
26730,10385
26731,9893
26732,9055
26733,7937
26734,13939
26735,10080
26736,12953
26737,14990
26738,10785
26739,6330
26740,6969
26741,8749
26742,11544
26743,7989
26744,11471
26745,8070
26746,15796
26747,9036
26748,8083
26749,7280
26750,8763
26751,7130
26752,10602
26753,10597
26754,7577
26755,8232
26756,7782
26757,14983
26758,8478
26759,24415
26760,9758
26761,5001
26762,6194
26763,9003
26764,10788
26765,6067
26766,5588
26767,11830
26768,8516
26769,8740
26770,6695
26771,8613
26772,9777
26773,6214
26774,6660
26775,8385
26776,9879
26777,8657
26778,8329
26779,8423
26780,9965
26781,7403
26782,5584
26783,6768
26784,11642
26785,12403
26786,8119
26787,12646
26788,6228
26789,10293
26790,5559
26791,6628
26792,5366
26793,9077
26794,9458
26795,14060
26796,10375
26797,7297
26798,7670
26799,6623
26800,5111
26801,6749
26802,12251
26803,7878
26804,6752
26805,5926
26806,6773
26807,9267
26808,4050
26809,8654
26810,5210
26811,7464
26812,7763
26813,6304
26814,8532
26815,6487
26816,9263
26817,10811
26818,8633
26819,6908
26820,11807
26821,5948
26822,8197
26823,8436
26824,12729
26825,6451
26826,6772
26827,10201
26828,8116
26829,10451
26830,7826
26831,11153
26832,6181
26833,6044
26834,7481
26835,6987
26836,10596
26837,9405
26838,4446
26839,7081
26840,9112
26841,7875
26842,11288
26843,4563
26844,15129
26845,7566
26846,5825
26847,7434
26848,8493
26849,7362
26850,9813
26851,5566
26852,8012
26853,7434
26854,9080
26855,8881
26856,7767
26857,8363
26858,6383
26859,6812
26860,9093
26861,9062
26862,8783
26863,5426
26864,10865
26865,6220
26866,10324
26867,8199
26868,13696
26869,7796
26870,5378
26871,7936
26872,6371
26873,6725
26874,6113
26875,8818
26876,8319
26877,4519
26878,10116
26879,7442
26880,8552
26881,5391
26882,9237
26883,10648
26884,5805
26885,14288
26886,6723
26887,6384
26888,9814
26889,10684
26890,5960
26891,5227
26892,8409
26893,7797
26894,5469
26895,7070
26896,6980
26897,9259
26898,9816
26899,8039
26900,8894
26901,6923
26902,5053
26903,8204
26904,8261
26905,9327
26906,9787
26907,9152
26908,10572
26909,6808
26910,10103
26911,8447
26912,7252
26913,8951
26914,11124
26915,8052
26916,9212
26917,12064
26918,8759
26919,9534
26920,6870
26921,8280
26922,9504
26923,7692
26924,8685
26925,4737
26926,6214
26927,12998
26928,9558
26929,7159
26930,4714
26931,10408
26932,8001
26933,9885
26934,6883
26935,6951
26936,6428
26937,4933
26938,12222
26939,9293
26940,8213
26941,8164
26942,6618
26943,6287
26944,7759
26945,8189
26946,4925
26947,8100
26948,6581
26949,10072
26950,9436
26951,7611
26952,13515
26953,6722
26954,5393
26955,12252
26956,6028
26957,7959
26958,4777
26959,10114
26960,9017
26961,5613
26962,7494
26963,8204
26964,6528
26965,7973
26966,9582
26967,13876
26968,3420
26969,8037
26970,3869
26971,16831
26972,5489
26973,10446
26974,10448
26975,7915
26976,8317
26977,5494
26978,6330
26979,3749
26980,5986
26981,7354
26982,6563
26983,8381
26984,8465
26985,6290
26986,8485
26987,7834
26988,9056
26989,10750
26990,8928
26991,6058
26992,4130
26993,11419
26994,13770
26995,7322
26996,9252
26997,5316
26998,8917
26999,6245
27000,5929
27001,7684
27002,5052
27003,9069
27004,7024
27005,10381
27006,8070
27007,9959
27008,9071
27009,6198
27010,10960
27011,21712
27012,12418
27013,7188
27014,3792
27015,7108
27016,10362
27017,6008
27018,6771
27019,13446
27020,6749
27021,15765
27022,19945
27023,5001
27024,8318
27025,6795
27026,4994
27027,9292
27028,6190
27029,11264
27030,10914
27031,11782
27032,8426
27033,9621
27034,4613
27035,8205
27036,4610
27037,7605
27038,8618
27039,12125
27040,6668
27041,6623
27042,5465
27043,8666
27044,7030
27045,6172
27046,5328
27047,9247
27048,6807
27049,7114
27050,9074
27051,9914
27052,0
27053,7946
27054,8067
27055,6976
27056,8748
27057,8708
27058,9408
27059,8788
27060,8917
27061,6280
27062,4552
27063,7724
27064,7999
27065,7452
27066,5471
27067,3594
27068,10760
27069,8757
27070,11326
27071,8388
27072,7102
27073,8505
27074,6071
27075,5137
27076,11914
27077,6064
27078,8488
27079,8500
27080,17040
27081,6724
27082,7227
27083,8399
27084,7720
27085,7244
27086,5744
27087,9416
27088,5330
27089,8458
27090,4801
27091,6749
27092,4520
27093,12200
27094,5914
27095,20143
27096,16740
27097,5595
27098,8241
27099,6592
27100,8206
27101,6790
27102,13434
27103,9567
27104,12220
27105,5412
27106,8848
27107,5371
27108,10415
27109,9636
27110,8232
27111,7319
27112,7265
27113,6846
27114,9396
27115,10453
27116,6765
27117,9029
27118,11598
27119,7014
27120,8381
27121,7276
27122,11291
27123,8534
27124,6439
27125,6364
27126,8136
27127,6674
27128,13107
27129,6982
27130,8471
27131,8231
27132,10905
27133,4997
27134,8861
27135,13017
27136,10409
27137,10640
27138,8114
27139,4906
27140,16728
27141,10706
27142,9326
27143,18495
27144,12235
27145,8953
27146,8341
27147,11967
27148,12197
27149,13437
27150,14149
27151,7008
27152,9168
27153,6726
27154,10324
27155,4688
27156,12799
27157,8087
27158,6803
27159,7283
27160,11819
27161,9485
27162,6550
27163,8593
27164,6479
27165,6266
27166,8091
27167,4864
27168,5754
27169,7574
27170,8408
27171,11090
27172,10243
27173,8433
27174,7139
27175,6413
27176,13108
27177,8943
27178,6798
27179,6386
27180,5936
27181,10067
27182,4951
27183,11264
27184,8177
27185,3936
27186,6482
27187,9707
27188,7146
27189,5960
27190,9798
27191,10798
27192,13641
27193,7135
27194,11055
27195,3781
27196,6564
27197,7951
27198,7318
27199,8761
27200,6462
27201,7568
27202,5418
27203,6281
27204,11946
27205,9390
27206,6033
27207,5963
27208,10054
27209,12688
27210,9396
27211,6352
27212,6137
27213,10932
27214,7669
27215,7965
27216,7535
27217,6308
27218,8378
27219,12177
27220,5028
27221,5117
27222,6247
27223,7530
27224,10638
27225,9858
27226,9905
27227,15890
27228,5960
27229,13198
27230,14835
27231,8047
27232,5760
27233,4247
27234,9423
27235,7507
27236,7702
27237,7186
27238,8405
27239,14476
27240,6215
27241,7260
27242,8555
27243,7304
27244,7873
27245,5883
27246,5332
27247,8473
27248,4390
27249,10840
27250,9212
27251,8427
27252,9646
27253,10310
27254,9330
27255,6611
27256,9286
27257,10795
27258,7744
27259,6615
27260,6673
27261,5850
27262,12053
27263,7974
27264,7227
27265,6415
27266,8520
27267,9518
27268,8784
27269,8044
27270,9892
27271,5906
27272,6851
27273,20069
27274,8021
27275,9248
27276,8098
27277,7855
27278,7273
27279,6030
27280,4987
27281,5779
27282,9761
27283,15136
27284,9961
27285,10282
27286,14500
27287,12038
27288,13060
27289,9527
27290,6412
27291,5844
27292,11834
27293,12724
27294,9432
27295,10232
27296,10327
27297,7360
27298,4907
27299,12778
27300,8558
27301,8106
27302,7631
27303,3967
27304,17795
27305,14057
27306,16182
27307,6721
27308,6924
27309,5460
27310,7039
27311,7999
27312,11223
27313,7299
27314,6090
27315,5711
27316,9279
27317,4971
27318,3737
27319,7911
27320,16210
27321,8031
27322,18896
27323,5303
27324,6665
27325,8346
27326,7022
27327,6394
27328,5585
27329,5135
27330,5166
27331,9162
27332,7779
27333,5071
27334,10638
27335,8094
27336,8183
27337,5321
27338,10916
27339,9454
27340,10912
27341,7226
27342,8851
27343,4953
27344,6079
27345,5596
27346,17603
27347,11898
27348,7247
27349,6946
27350,5514
27351,6659
27352,5380
27353,10928
27354,5440
27355,17124
27356,5365
27357,6244
27358,6873
27359,10468
27360,8202
27361,5514
27362,8047
27363,9730
27364,8575
27365,8627
27366,6971
27367,5619
27368,12987
27369,5717
27370,5276
27371,6602
27372,7629
27373,7267
27374,7473
27375,11237
27376,9932
27377,7975
27378,8215
27379,5736
27380,9415
27381,7208
27382,4969
27383,8152
27384,8034
27385,8299
27386,10986
27387,7836
27388,7599
27389,7616
27390,8042
27391,7026
27392,8119
27393,7654
27394,8625
27395,8691
27396,8602
27397,10361
27398,7089
27399,5624
27400,13776
27401,7257
27402,4128
27403,9438
27404,9821
27405,12694
27406,6064
27407,7114
27408,7727
27409,4666
27410,7292
27411,8465
27412,8607
27413,7082
27414,9074
27415,10375
27416,4065
27417,7415
27418,7052
27419,7208
27420,6515
27421,8033
27422,11260
27423,6756
27424,6306
27425,10216
27426,8585
27427,10415
27428,10570
27429,5390
27430,8128
27431,8297
27432,9711
27433,9167
27434,9293
27435,4504
27436,9503
27437,8282
27438,8932
27439,11679
27440,5428
27441,5033
27442,14841
27443,10595
27444,10838
27445,8010
27446,8476
27447,10130
27448,4639
27449,8192
27450,6993
27451,8966
27452,8678
27453,9698
27454,9727
27455,7680
27456,10558
27457,12786
27458,18189
27459,9158
27460,6052
27461,7663
27462,5139
27463,4150
27464,13390
27465,9837
27466,6456
27467,10496
27468,6255
27469,12948
27470,5653
27471,7293
27472,7234
27473,11209
27474,5871
27475,7883
27476,6528
27477,7018
27478,9195
27479,5591
27480,8364
27481,8159
27482,10505
27483,9099
27484,8016
27485,6513
27486,14330
27487,5895
27488,5729
27489,13361
27490,8436
27491,11457
27492,8234
27493,15357
27494,7359
27495,7095
27496,6235
27497,7607
27498,9769
27499,13102
27500,8744
27501,9901
27502,9165
27503,4724
27504,8755
27505,9780
27506,8493
27507,9575
27508,6759
27509,6091
27510,5977
27511,4794
27512,6550
27513,9995
27514,8973
27515,12598
27516,19378
27517,8453
27518,5735
27519,9002
27520,8248
27521,10714
27522,4860
27523,6991
27524,4935
27525,10193
27526,7651
27527,7475
27528,15699
27529,12007
27530,6036
27531,8087
27532,4604
27533,5873
27534,6389
27535,9448
27536,6031
27537,5116
27538,7314
27539,10014
27540,9258
27541,6461
27542,6525
27543,8018
27544,8728
27545,8536
27546,4716
27547,12004
27548,20789
27549,4028
27550,8212
27551,10625
27552,9110
27553,6570
27554,3430
27555,6022
27556,9638
27557,6168
27558,9946
27559,10540
27560,5323
27561,6371
27562,7986
27563,7495
27564,5717
27565,6795
27566,8948
27567,10988
27568,9275
27569,12517
27570,6525
27571,4503
27572,7922
27573,6596
27574,10524
27575,7544
27576,5668
27577,24120
27578,8827
27579,6974
27580,13944
27581,8557
27582,9074
27583,7576
27584,9085
27585,6054
27586,10396
27587,14171
27588,6566
27589,7115
27590,7893
27591,17053
27592,7770
27593,6648
27594,7513
27595,6611
27596,7869
27597,5252
27598,10102
27599,4950
27600,8141
27601,3325
27602,20549
27603,9697
27604,5148
27605,5159
27606,12206
27607,7450
27608,8380
27609,9106
27610,7545
27611,5620
27612,5676
27613,11273
27614,6992
27615,7498
27616,8271
27617,8891
27618,6109
27619,8465
27620,7806
27621,4745
27622,9911
27623,10612
27624,5226
27625,8593
27626,8205
27627,5690
27628,10745
27629,7707
27630,8108
27631,7063
27632,8676
27633,4322
27634,5442
27635,6403
27636,11702
27637,7515
27638,10311
27639,4901
27640,9201
27641,5187
27642,7056
27643,5716
27644,7619
27645,7217
27646,8535
27647,8659
27648,9912
27649,5052
27650,7393
27651,8033
27652,9523
27653,7610
27654,10685
27655,11146
27656,7417
27657,3585
27658,9757
27659,7098
27660,7520
27661,8613
27662,4543
27663,12290
27664,6155
27665,8159
27666,12717
27667,8145
27668,5543
27669,0
27670,7320
27671,11452
27672,6177
27673,11560
27674,11654
27675,7034
27676,6369
27677,7966
27678,6401
27679,7103
27680,7179
27681,11186
27682,7900
27683,6162
27684,5746
27685,7756
27686,8837
27687,7952
27688,9759
27689,7061
27690,7914
27691,5234
27692,8887
27693,9162
27694,7976
27695,6889
27696,7625
27697,9496
27698,10852
27699,6621
27700,9390
27701,6946
27702,7599
27703,8237
27704,7688
27705,5111
27706,5360
27707,8646
27708,8168
27709,7312
27710,7236
27711,9725
27712,6721
27713,7284
27714,8062
27715,5823
27716,3874
27717,10714
27718,4493
27719,9127
27720,8867
27721,7430
27722,9097
27723,15963
27724,10588
27725,9991
27726,5671
27727,9250
27728,8787
27729,4810
27730,4099
27731,9757
27732,4410
27733,8983
27734,14797
27735,8680
27736,8705
27737,6209
27738,8901
27739,8265
27740,8063
27741,8507
27742,9935
27743,10284
27744,8162
27745,9224
27746,6051
27747,8297
27748,5452
27749,6464
27750,7165
27751,6149
27752,6548
27753,9266
27754,6625
27755,11000
27756,8777
27757,5927
27758,5215
27759,11192
27760,8862
27761,7636
27762,7755
27763,9200
27764,6743
27765,7400
27766,8029
27767,8414
27768,6975
27769,5788
27770,10288
27771,8442
27772,6342
27773,4544
27774,13858
27775,7219
27776,7498
27777,7999
27778,12735
27779,10368
27780,9476
27781,10266
27782,8804
27783,6674
27784,6855
27785,8864
27786,12273
27787,15813
27788,6948
27789,7122
27790,4679
27791,6354
27792,11854
27793,17863
27794,8947
27795,6633
27796,5742
27797,7264
27798,6668
27799,11160
27800,10373
27801,7124
27802,4883
27803,9341
27804,7352
27805,10202
27806,10982
27807,6081
27808,9303
27809,4623
27810,8167
27811,9932
27812,8436
27813,11221
27814,8015
27815,8996
27816,5391
27817,7172
27818,9183
27819,9972
27820,8211
27821,9153
27822,7965
27823,5565
27824,11509
27825,5160
27826,12222
27827,7225
27828,5202
27829,8171
27830,8198
27831,7635
27832,9093
27833,11483
27834,5907
27835,12457
27836,4962
27837,5578
27838,9851
27839,10974
27840,12107
27841,7823
27842,8108
27843,6476
27844,7393
27845,8802
27846,7851
27847,7546
27848,6733
27849,11560
27850,8339
27851,10279
27852,14069
27853,9128
27854,5598
27855,5928
27856,7023
27857,11112
27858,6479
27859,9270
27860,6675
27861,12694
27862,8019
27863,6923
27864,6085
27865,6506
27866,6200
27867,8257
27868,8324
27869,6367
27870,6528
27871,5960
27872,11282
27873,7335
27874,23014
27875,8107
27876,4834
27877,6420
27878,8135
27879,10153
27880,5794
27881,5279
27882,9996
27883,7467
27884,7869
27885,6256
27886,8726
27887,9224
27888,5821
27889,5919
27890,7665
27891,9137
27892,7338
27893,8027
27894,7717
27895,9391
27896,6198
27897,5195
27898,6279
27899,11041
27900,11626
27901,7418
27902,10824
27903,5136
27904,9184
27905,4447
27906,6355
27907,5095
27908,8446
27909,8868
27910,12710
27911,10079
27912,6941
27913,6840
27914,6176
27915,4662
27916,6513
27917,12165
27918,7085
27919,6266
27920,5756
27921,6220
27922,9192
27923,3826
27924,8279
27925,4932
27926,7409
27927,7410
27928,5901
27929,8353
27930,5818
27931,8440
27932,9297
27933,7962
27934,6182
27935,11101
27936,5798
27937,7258
27938,8148
27939,11915
27940,5601
27941,6435
27942,9460
27943,8199
27944,9636
27945,7263
27946,10124
27947,5308
27948,5175
27949,6762
27950,6516
27951,9947
27952,8794
27953,4210
27954,6242
27955,8297
27956,7521
27957,10284
27958,4244
27959,14952
27960,7391
27961,5294
27962,6857
27963,7335
27964,6748
27965,9081
27966,4967
27967,7284
27968,6573
27969,8207
27970,7673
27971,6660
27972,7547
27973,5837
27974,6506
27975,8782
27976,8474
27977,8039
27978,5146
27979,10307
27980,5828
27981,10048
27982,7732
27983,12816
27984,7110
27985,5090
27986,7469
27987,6170
27988,6350
27989,5756
27990,8338
27991,7918
27992,4136
27993,9344
27994,6938
27995,7915
27996,5016
27997,9182
27998,10042
27999,5024
28000,13025
28001,6205
28002,6050
28003,9085
28004,9881
28005,5677
28006,4798
28007,7960
28008,6854
28009,5161
28010,6816
28011,6450
28012,8693
28013,8822
28014,7615
28015,8449
28016,6117
28017,4794
28018,7232
28019,8106
28020,8701
28021,9254
28022,8628
28023,9548
28024,6524
28025,9560
28026,7681
28027,6680
28028,8292
28029,10211
28030,7713
28031,7768
28032,10710
28033,8773
28034,8624
28035,6165
28036,7679
28037,8656
28038,7153
28039,7724
28040,4447
28041,5925
28042,11676
28043,9132
28044,6525
28045,4449
28046,9143
28047,7640
28048,9132
28049,6668
28050,6559
28051,5792
28052,4393
28053,11335
28054,7996
28055,7854
28056,7413
28057,6122
28058,5722
28059,7219
28060,7630
28061,4448
28062,6488
28063,6019
28064,9596
28065,8725
28066,7044
28067,12916
28068,6703
28069,5372
28070,11561
28071,5565
28072,7946
28073,3490
28074,9522
28075,8456
28076,5454
28077,6945
28078,8670
28079,6189
28080,7285
28081,8631
28082,12765
28083,3267
28084,7243
28085,3687
28086,14936
28087,5860
28088,9640
28089,9778
28090,7386
28091,7581
28092,5307
28093,5710
28094,3467
28095,5179
28096,6792
28097,5774
28098,7923
28099,8131
28100,5624
28101,7635
28102,7133
28103,8618
28104,10112
28105,8530
28106,5780
28107,3978
28108,10584
28109,12566
28110,6471
28111,8478
28112,5117
28113,8240
28114,5703
28115,5713
28116,7067
28117,4568
28118,8122
28119,6293
28120,9960
28121,7686
28122,9275
28123,8578
28124,5803
28125,10392
28126,19768
28127,11466
28128,6246
28129,3511
28130,6711
28131,9256
28132,5566
28133,6399
28134,13357
28135,6501
28136,14467
28137,19544
28138,4609
28139,7558
28140,6141
28141,4447
28142,8947
28143,6319
28144,9994
28145,10335
28146,9645
28147,7565
28148,8574
28149,4351
28150,7698
28151,3992
28152,7086
28153,8045
28154,11459
28155,6460
28156,6346
28157,5012
28158,8062
28159,6339
28160,5916
28161,4613
28162,8648
28163,6317
28164,6673
28165,7963
28166,8884
28167,0
28168,7020
28169,6886
28170,6640
28171,7804
28172,7958
28173,9214
28174,8363
28175,8049
28176,6189
28177,4263
28178,7456
28179,7207
28180,7004
28181,4948
28182,3033
28183,9699
28184,7930
28185,11006
28186,7810
28187,6327
28188,7303
28189,5570
28190,4791
28191,10436
28192,5876
28193,8046
28194,8200
28195,15616
28196,6248
28197,5781
28198,8000
28199,5999
28200,6536
28201,5584
28202,8467
28203,4926
28204,7775
28205,4489
28206,6298
28207,4080
28208,11116
28209,5671
28210,18340
28211,15083
28212,5350
28213,7723
28214,5947
28215,7438
28216,6184
28217,12287
28218,8725
28219,10463
28220,4872
28221,8260
28222,5224
28223,9852
28224,9097
28225,7555
28226,6538
28227,6930
28228,6726
28229,8791
28230,9736
28231,6516
28232,8303
28233,10922
28234,6846
28235,7719
28236,6870
28237,10335
28238,7927
28239,5686
28240,6093
28241,6799
28242,6172
28243,12479
28244,6583
28245,8003
28246,7799
28247,9816
28248,4855
28249,8161
28250,10715
28251,9407
28252,9113
28253,7210
28254,4624
28255,16305
28256,9909
28257,8822
28258,18131
28259,9925
28260,8474
28261,7754
28262,10601
28263,11300
28264,12418
28265,13446
28266,5940
28267,8238
28268,6129
28269,9575
28270,4214
28271,11110
28272,7097
28273,6461
28274,6809
28275,10303
28276,8888
28277,6169
28278,7895
28279,6100
28280,5389
28281,7739
28282,4540
28283,5457
28284,6718
28285,8216
28286,10680
28287,9638
28288,7999
28289,6835
28290,5938
28291,12288
28292,7987
28293,5963
28294,6046
28295,5684
28296,9600
28297,4872
28298,11126
28299,7970
28300,3622
28301,5935
28302,8600
28303,6855
28304,5795
28305,9513
28306,10023
28307,13055
28308,6436
28309,10825
28310,3532
28311,5935
28312,7663
28313,6442
28314,7972
28315,6195
28316,7133
28317,4938
28318,5702
28319,11838
28320,8957
28321,5424
28322,5711
28323,9319
28324,11686
28325,9036
28326,6092
28327,5361
28328,11062
28329,7237
28330,8251
28331,6629
28332,5841
28333,7985
28334,10572
28335,4184
28336,5100
28337,5249
28338,6933
28339,10329
28340,9312
28341,9219
28342,14086
28343,5807
28344,11996
28345,13882
28346,7653
28347,5476
28348,3723
28349,8790
28350,6859
28351,6881
28352,6686
28353,7682
28354,12223
28355,5867
28356,6630
28357,8103
28358,5503
28359,7707
28360,5560
28361,4778
28362,8046
28363,4049
28364,8771
28365,8652
28366,7772
28367,8695
28368,9407
28369,8955
28370,6165
28371,8567
28372,9688
28373,7246
28374,6421
28375,6417
28376,6258
28377,11213
28378,7512
28379,6804
28380,5899
28381,8379
28382,8921
28383,7920
28384,7225
28385,9384
28386,5628
28387,6620
28388,18405
28389,7335
28390,8977
28391,6893
28392,6877
28393,6749
28394,5730
28395,4681
28396,5571
28397,9510
28398,13657
28399,9151
28400,9721
28401,11948
28402,11471
28403,11870
28404,8795
28405,6294
28406,5495
28407,11450
28408,11597
28409,8899
28410,9152
28411,8575
28412,6910
28413,4326
28414,11770
28415,8128
28416,7404
28417,6895
28418,3631
28419,14600
28420,13020
28421,14768
28422,6460
28423,6048
28424,5201
28425,6704
28426,6960
28427,10165
28428,7104
28429,5864
28430,5454
28431,7978
28432,4951
28433,3495
28434,6891
28435,14945
28436,7395
28437,18809
28438,4859
28439,6176
28440,7844
28441,6157
28442,5810
28443,5308
28444,4951
28445,4651
28446,8529
28447,7352
28448,4634
28449,9926
28450,6755
28451,7454
28452,4974
28453,10506
28454,8709
28455,10137
28456,6365
28457,7918
28458,4490
28459,5564
28460,5208
28461,17615
28462,11546
28463,6732
28464,6287
28465,5300
28466,6324
28467,4813
28468,9952
28469,4882
28470,15831
28471,4990
28472,5752
28473,6240
28474,10010
28475,7937
28476,5263
28477,7314
28478,8646
28479,7995
28480,8107
28481,6519
28482,4533
28483,11132
28484,5192
28485,4496
28486,6231
28487,7218
28488,6720
28489,6939
28490,10250
28491,8945
28492,7340
28493,7670
28494,5329
28495,9005
28496,6652
28497,4779
28498,7351
28499,7409
28500,7466
28501,10291
28502,7300
28503,7025
28504,7361
28505,6937
28506,6388
28507,7865
28508,7402
28509,7844
28510,6822
28511,7596
28512,9703
28513,6948
28514,5090
28515,13056
28516,6224
28517,3981
28518,8248
28519,9516
28520,11578
28521,5715
28522,6473
28523,7219
28524,4336
28525,6678
28526,8064
28527,7636
28528,6114
28529,7859
28530,9704
28531,3690
28532,6855
28533,6489
28534,6570
28535,5698
28536,7508
28537,10286
28538,6326
28539,5566
28540,9358
28541,8017
28542,9634
28543,9947
28544,5349
28545,7476
28546,7643
28547,9133
28548,8627
28549,9012
28550,3945
28551,9314
28552,7929
28553,8268
28554,11186
28555,5182
28556,4568
28557,14006
28558,9565
28559,9951
28560,7089
28561,6999
28562,9490
28563,4133
28564,7540
28565,6164
28566,8478
28567,7349
28568,8241
28569,9064
28570,6714
28571,9819
28572,12028
28573,17802
28574,8197
28575,5403
28576,6928
28577,4921
28578,3569
28579,12209
28580,9013
28581,6095
28582,9112
28583,5815
28584,12057
28585,5361
28586,7046
28587,6582
28588,11090
28589,5746
28590,7762
28591,6143
28592,6279
28593,8209
28594,5382
28595,8222
28596,8073
28597,10055
28598,8709
28599,7415
28600,6044
28601,12421
28602,5329
28603,5457
28604,11843
28605,7963
28606,10494
28607,7801
28608,15376
28609,6505
28610,6433
28611,5747
28612,6620
28613,8987
28614,12356
28615,8241
28616,8769
28617,8571
28618,4428
28619,8263
28620,9217
28621,7859
28622,8633
28623,6100
28624,5355
28625,5750
28626,4430
28627,5828
28628,9248
28629,7980
28630,11407
28631,18093
28632,7767
28633,5668
28634,8435
28635,7899
28636,10062
28637,4549
28638,6699
28639,4598
28640,9509
28641,7457
28642,6688
28643,14567
28644,12459
28645,5588
28646,7556
28647,4439
28648,5704
28649,6101
28650,9209
28651,5369
28652,4921
28653,6575
28654,8242
28655,7083
28656,5598
28657,6220
28658,7341
28659,7388
28660,7728
28661,4116
28662,11509
28663,19982
28664,3794
28665,7644
28666,9326
28667,8437
28668,5644
28669,3286
28670,5494
28671,8486
28672,5776
28673,8646
28674,10011
28675,5157
28676,5827
28677,7532
28678,6933
28679,5440
28680,6646
28681,8403
28682,10509
28683,8354
28684,11582
28685,6241
28686,4252
28687,7245
28688,6247
28689,9272
28690,7009
28691,5029
28692,23279
28693,7815
28694,6532
28695,12782
28696,7777
28697,8493
28698,6894
28699,8625
28700,5527
28701,9504
28702,13583
28703,5702
28704,6373
28705,7611
28706,15060
28707,7131
28708,6156
28709,6776
28710,6008
28711,7111
28712,4600
28713,9388
28714,4623
28715,7686
28716,3218
28717,19993
28718,9332
28719,5134
28720,5055
28721,10158
28722,6901
28723,7760
28724,8838
28725,6718
28726,5630
28727,5058
28728,10404
28729,6567
28730,6735
28731,7816
28732,8474
28733,5677
28734,8070
28735,6812
28736,4443
28737,8920
28738,9338
28739,5052
28740,8044
28741,7642
28742,5544
28743,10028
28744,6607
28745,7611
28746,6844
28747,8264
28748,4205
28749,5170
28750,5808
28751,5971
28752,7804
28753,9427
28754,4540
28755,8463
28756,4916
28757,6706
28758,4966
28759,6921
28760,6847
28761,7676
28762,7922
28763,9183
28764,4542
28765,6899
28766,7583
28767,8476
28768,7621
28769,10228
28770,10384
28771,6966
28772,3527
28773,7950
28774,5835
28775,6888
28776,7773
28777,4390
28778,12190
28779,5870
28780,7498
28781,11806
28782,7156
28783,4982
28784,0
28785,6445
28786,10941
28787,5990
28788,10153
28789,9935
28790,6627
28791,5866
28792,7131
28793,5883
28794,6429
28795,6731
28796,9826
28797,7531
28798,5965
28799,5115
28800,6918
28801,8098
28802,7154
28803,9108
28804,6506
28805,7242
28806,4978
28807,8370
28808,8755
28809,7375
28810,6348
28811,7123
28812,8654
28813,9948
28814,6162
28815,8507
28816,6190
28817,6907
28818,8005
28819,7118
28820,4940
28821,4770
28822,9027
28823,7982
28824,6456
28825,6432
28826,8863
28827,6368
28828,5989
28829,8017
28830,5451
28831,3590
28832,9539
28833,4250
28834,8301
28835,8237
28836,6752
28837,7530
28838,12270
28839,10276
28840,9893
28841,5200
28842,8538
28843,7985
28844,4717
28845,3524
28846,8861
28847,3881
28848,8101
28849,13834
28850,8264
28851,7851
28852,5389
28853,8094
28854,7495
28855,7133
28856,7822
28857,9033
28858,9603
28859,7274
28860,8792
28861,5705
28862,7467
28863,5141
28864,6027
28865,6679
28866,5784
28867,6082
28868,8284
28869,5880
28870,10433
28871,7431
28872,5498
28873,4824
28874,10512
28875,8264
28876,6602
28877,7294
28878,7722
28879,6660
28880,6391
28881,7166
28882,8030
28883,6580
28884,5376
28885,10089
28886,7937
28887,6133
28888,4071
28889,12192
28890,6854
28891,6439
28892,7203
28893,11994
28894,9632
28895,9258
28896,9609
28897,8060
28898,6274
28899,6487
28900,8273
28901,10466
28902,15157
28903,5705
28904,6071
28905,4087
28906,5477
28907,9763
28908,15539
28909,7221
28910,5352
28911,5401
28912,6919
28913,6274
28914,11043
28915,9184
28916,6583
28917,4351
28918,8696
28919,6670
28920,9429
28921,10355
28922,5456
28923,8484
28924,4293
28925,7790
28926,9227
28927,7675
28928,10284
28929,7099
28930,8510
28931,5145
28932,6787
28933,7888
28934,9392
28935,7777
28936,8635
28937,7251
28938,5053
28939,10220
28940,4853
28941,11157
28942,6879
28943,4988
28944,8969
28945,7682
28946,6820
28947,8451
28948,10458
28949,5564
28950,11874
28951,4454
28952,4982
28953,8819
28954,9749
28955,11700
28956,7502
28957,6972
28958,6047
28959,6509
28960,8225
28961,6947
28962,7002
28963,5999
28964,10538
28965,7921
28966,9278
28967,13040
28968,9050
28969,5206
28970,5364
28971,6505
28972,10951
28973,5862
28974,8789
28975,5601
28976,11339
28977,7343
28978,6345
28979,5649
28980,5683
28981,5643
28982,7286
28983,6965
28984,5776
28985,5493
28986,5199
28987,10399
28988,7048
28989,22185
28990,7723
28991,4616
28992,5461
28993,7685
28994,10236
28995,5207
28996,5066
28997,9818
28998,8273
28999,7720
29000,6214
29001,7936
29002,8741
29003,5396
29004,5946
29005,7760
29006,8726
29007,7231
29008,7613
29009,7696
29010,9853
29011,6325
29012,5146
29013,6227
29014,10467
29015,11640
29016,7916
29017,10502
29018,5403
29019,8886
29020,4747
29021,6316
29022,4589
29023,8286
29024,8500
29025,12610
29026,9799
29027,7415
29028,6418
29029,5642
29030,4742
29031,6571
29032,11295
29033,7021
29034,5943
29035,6098
29036,6144
29037,8468
29038,3702
29039,7876
29040,4841
29041,7730
29042,7648
29043,5810
29044,8275
29045,5546
29046,8743
29047,9307
29048,7737
29049,6001
29050,10345
29051,5250
29052,7108
29053,8193
29054,12665
29055,5862
29056,6599
29057,9055
29058,7705
29059,9523
29060,7095
29061,9835
29062,5246
29063,5314
29064,6456
29065,6710
29066,9804
29067,8861
29068,4093
29069,6015
29070,8697
29071,7150
29072,10673
29073,4144
29074,13495
29075,7068
29076,5134
29077,6594
29078,7115
29079,6566
29080,8809
29081,4864
29082,7133
29083,6554
29084,8212
29085,7588
29086,6374
29087,8012
29088,6081
29089,6191
29090,8906
29091,8318
29092,7662
29093,5014
29094,10034
29095,5710
29096,9367
29097,7690
29098,12843
29099,6927
29100,5001
29101,7700
29102,6115
29103,6142
29104,5477
29105,7980
29106,7680
29107,4047
29108,9123
29109,6450
29110,7822
29111,4827
29112,8345
29113,8995
29114,4793
29115,12848
29116,6250
29117,5655
29118,8767
29119,9770
29120,5635
29121,4820
29122,8009
29123,6906
29124,4975
29125,6866
29126,6176
29127,8354
29128,9292
29129,7420
29130,8274
29131,6053
29132,4652
29133,7067
29134,8448
29135,8290
29136,9156
29137,8284
29138,9385
29139,6318
29140,9456
29141,7690
29142,5922
29143,7803
29144,10432
29145,7555
29146,8961
29147,10396
29148,8384
29149,8427
29150,6443
29151,7547
29152,8803
29153,7086
29154,7435
29155,4218
29156,5843
29157,11147
29158,8558
29159,6451
29160,4258
29161,8919
29162,7448
29163,8903
29164,6513
29165,6278
29166,5659
29167,4164
29168,11455
29169,7893
29170,7694
29171,7272
29172,6180
29173,5382
29174,6931
29175,7815
29176,4429
29177,6564
29178,5764
29179,9387
29180,8355
29181,6953
29182,12582
29183,5509
29184,5305
29185,11174
29186,5496
29187,7124
29188,3502
29189,9497
29190,8307
29191,6142
29192,7005
29193,7205
29194,6059
29195,7096
29196,9081
29197,12030
29198,3233
29199,7818
29200,3612
29201,14779
29202,5090
29203,9244
29204,9434
29205,7093
29206,7347
29207,5327
29208,5651
29209,3373
29210,5054
29211,6928
29212,5795
29213,7494
29214,7878
29215,6011
29216,7414
29217,6830
29218,8560
29219,10374
29220,8480
29221,5590
29222,4279
29223,10323
29224,11488
29225,6624
29226,8033
29227,4943
29228,8024
29229,5934
29230,5298
29231,6832
29232,4704
29233,7740
29234,5881
29235,9521
29236,7581
29237,9476
29238,8365
29239,6185
29240,9796
29241,20117
29242,11122
29243,5881
29244,3417
29245,6543
29246,9109
29247,5465
29248,6495
29249,13731
29250,6406
29251,14745
29252,19851
29253,4437
29254,7401
29255,5908
29256,4606
29257,10555
29258,5466
29259,9355
29260,10140
29261,9228
29262,7633
29263,8350
29264,4691
29265,7029
29266,4082
29267,6680
29268,7874
29269,10780
29270,6726
29271,6555
29272,5067
29273,7944
29274,5891
29275,5557
29276,4654
29277,8608
29278,6534
29279,6598
29280,7488
29281,8803
29282,0
29283,6878
29284,6953
29285,5951
29286,7827
29287,7686
29288,9293
29289,8420
29290,8348
29291,6141
29292,4233
29293,6995
29294,7151
29295,6886
29296,4936
29297,3361
29298,9345
29299,7914
29300,10502
29301,7491
29302,6507
29303,7754
29304,5681
29305,4941
29306,10517
29307,5695
29308,8343
29309,8077
29310,15773
29311,6582
29312,6420
29313,8065
29314,6141
29315,8173
29316,6024
29317,8324
29318,4698
29319,7781
29320,4442
29321,6279
29322,3967
29323,11297
29324,5670
29325,17107
29326,14815
29327,5562
29328,7573
29329,5700
29330,7380
29331,6138
29332,12250
29333,8829
29334,10498
29335,4796
29336,8032
29337,5465
29338,9646
29339,8724
29340,7767
29341,6596
29342,7092
29343,6838
29344,8515
29345,10335
29346,6368
29347,8314
29348,10313
29349,7076
29350,7569
29351,7018
29352,9905
29353,7783
29354,5858
29355,5767
29356,7084
29357,6118
29358,11768
29359,6695
29360,8542
29361,7463
29362,9491
29363,4796
29364,7968
29365,10866
29366,8932
29367,9421
29368,7301
29369,4635
29370,14487
29371,9808
29372,9286
29373,18393
29374,10815
29375,8130
29376,7549
29377,10109
29378,11200
29379,11957
29380,12536
29381,5986
29382,7959
29383,6127
29384,9517
29385,4230
29386,12492
29387,6713
29388,6182
29389,6661
29390,9963
29391,8583
29392,5991
29393,7658
29394,5625
29395,5206
29396,7769
29397,4607
29398,5226
29399,6939
29400,7119
29401,10631
29402,9459
29403,8017
29404,7214
29405,5922
29406,12403
29407,7815
29408,5738
29409,5769
29410,5519
29411,9527
29412,4736
29413,11144
29414,7636
29415,3686
29416,5325
29417,8367
29418,6796
29419,5733
29420,9500
29421,10792
29422,12553
29423,6537
29424,11087
29425,3349
29426,5810
29427,7150
29428,6155
29429,7585
29430,5776
29431,7059
29432,4983
29433,5908
29434,11326
29435,8782
29436,5273
29437,5452
29438,8947
29439,11380
29440,10624
29441,6021
29442,5638
29443,9801
29444,6561
29445,7558
29446,6563
29447,5898
29448,7789
29449,10767
29450,4458
29451,4661
29452,5423
29453,6595
29454,10255
29455,8800
29456,8621
29457,13962
29458,5812
29459,11475
29460,12946
29461,7565
29462,5418
29463,3966
29464,8383
29465,6559
29466,6565
29467,6938
29468,7396
29469,12007
29470,5478
29471,6709
29472,7998
29473,6081
29474,8098
29475,5358
29476,5048
29477,8217
29478,3801
29479,9128
29480,8433
29481,7387
29482,8455
29483,9165
29484,8602
29485,6414
29486,8270
29487,9548
29488,6975
29489,5964
29490,6145
29491,5358
29492,11094
29493,8394
29494,6897
29495,5629
29496,7553
29497,8983
29498,7964
29499,6906
29500,8790
29501,5603
29502,6839
29503,18937
29504,7154
29505,9054
29506,7093
29507,6856
29508,6540
29509,5679
29510,4484
29511,6052
29512,9689
29513,13377
29514,9328
29515,9603
29516,12331
29517,11218
29518,11677
29519,9067
29520,6593
29521,5344
29522,11175
29523,11608
29524,8594
29525,9108
29526,8603
29527,6710
29528,4286
29529,11340
29530,7605
29531,7129
29532,6866
29533,3497
29534,14398
29535,12741
29536,15314
29537,6524
29538,5824
29539,4993
29540,6452
29541,6917
29542,9445
29543,7137
29544,5643
29545,5355
29546,7859
29547,4257
29548,3502
29549,7095
29550,14683
29551,7409
29552,17849
29553,4891
29554,6369
29555,7134
29556,6245
29557,5635
29558,5427
29559,4747
29560,4340
29561,8689
29562,7451
29563,4365
29564,9439
29565,6415
29566,7289
29567,4916
29568,10335
29569,8430
29570,10190
29571,6008
29572,7893
29573,4399
29574,5509
29575,5194
29576,15637
29577,11456
29578,7068
29579,6216
29580,5404
29581,6113
29582,5646
29583,11793
29584,4722
29585,15429
29586,4785
29587,5523
29588,6232
29589,9857
29590,8036
29591,5122
29592,7273
29593,8526
29594,8170
29595,8062
29596,6162
29597,4604
29598,11267
29599,5127
29600,4381
29601,6035
29602,7517
29603,6479
29604,6776
29605,9717
29606,9021
29607,7300
29608,7613
29609,4855
29610,8742
29611,6343
29612,4919
29613,7360
29614,7483
29615,7091
29616,10620
29617,7134
29618,6757
29619,7270
29620,7212
29621,6384
29622,7540
29623,7422
29624,7787
29625,7147
29626,7099
29627,10153
29628,6819
29629,4809
29630,12686
29631,6599
29632,3631
29633,8085
29634,9210
29635,11336
29636,5603
29637,6558
29638,7069
29639,4186
29640,6347
29641,7665
29642,8099
29643,6170
29644,7673
29645,9519
29646,3711
29647,6531
29648,6578
29649,6231
29650,5649
29651,7388
29652,9587
29653,6074
29654,5619
29655,9138
29656,7801
29657,9636
29658,9336
29659,5384
29660,7141
29661,7457
29662,8856
29663,8715
29664,8390
29665,5631
29666,9493
29667,7861
29668,8218
29669,10359
29670,4902
29671,4391
29672,13498
29673,9493
29674,9609
29675,6758
29676,7310
29677,9126
29678,4276
29679,7787
29680,6033
29681,8945
29682,7306
29683,8050
29684,8815
29685,6808
29686,9518
29687,11722
29688,16724
29689,8023
29690,5304
29691,6726
29692,4771
29693,3499
29694,12130
29695,8828
29696,6076
29697,8910
29698,6215
29699,11876
29700,5490
29701,7115
29702,6447
29703,9971
29704,5554
29705,7062
29706,5924
29707,6060
29708,8026
29709,5645
29710,7901
29711,8198
29712,9719
29713,8672
29714,7669
29715,6434
29716,12122
29717,5186
29718,5751
29719,11282
29720,7635
29721,9990
29722,7752
29723,15411
29724,6468
29725,6054
29726,6013
29727,6601
29728,8943
29729,12015
29730,8029
29731,9116
29732,8265
29733,4458
29734,7845
29735,8520
29736,7834
29737,9150
29738,6347
29739,5202
29740,5611
29741,4216
29742,5675
29743,9165
29744,8572
29745,11860
29746,17732
29747,7408
29748,5500
29749,7682
29750,7832
29751,9702
29752,4665
29753,6705
29754,4631
29755,9615
29756,7243
29757,6624
29758,14436
29759,12109
29760,5616
29761,7614
29762,4311
29763,5556
29764,5867
29765,9315
29766,5214
29767,4927
29768,6250
29769,8421
29770,8051
29771,5174
29772,6470
29773,7927
29774,7186
29775,7765
29776,4072
29777,11038
29778,18859
29779,3829
29780,7787
29781,9139
29782,8198
29783,5294
29784,3494
29785,4919
29786,8490
29787,5594
29788,8368
29789,9726
29790,5175
29791,6010
29792,7594
29793,6640
29794,5405
29795,6480
29796,7925
29797,9931
29798,8652
29799,10533
29800,6234
29801,4262
29802,7064
29803,6149
29804,10147
29805,6902
29806,5110
29807,22349
29808,7806
29809,6410
29810,12327
29811,7594
29812,8099
29813,7023
29814,8266
29815,5362
29816,9461
29817,13676
29818,5750
29819,6280
29820,6981
29821,14253
29822,7023
29823,5927
29824,6728
29825,5736
29826,6778
29827,4714
29828,9082
29829,4431
29830,7467
29831,3076
29832,19464
29833,9245
29834,4416
29835,5160
29836,10454
29837,6662
29838,7557
29839,8563
29840,6677
29841,5478
29842,5135
29843,10114
29844,6290
29845,6616
29846,7540
29847,8011
29848,5363
29849,7789
29850,6738
29851,4209
29852,8841
29853,9443
29854,4710
29855,8168
29856,7967
29857,5564
29858,10161
29859,6492
29860,7500
29861,7115
29862,8571
29863,4036
29864,5328
29865,5715
29866,0
29867,6629
29868,9301
29869,4667
29870,8524
29871,4294
29872,6494
29873,4903
29874,6827
29875,6557
29876,7503
29877,8067
29878,9234
29879,4922
29880,6982
29881,7312
29882,8773
29883,7074
29884,8837
29885,10076
29886,7102
29887,3518
29888,8313
29889,5626
29890,6699
29891,7662
29892,4194
29893,11899
29894,5880
29895,7503
29896,11674
29897,7479
29898,4945
29899,0
29900,6589
29901,10658
29902,5806
29903,9858
29904,10849
29905,6750
29906,5521
29907,7043
29908,5737
29909,6184
29910,6572
29911,9628
29912,7465
29913,5715
29914,5106
29915,6617
29916,7970
29917,7093
29918,8658
29919,6419
29920,7082
29921,5385
29922,8405
29923,8101
29924,7243
29925,6702
29926,6844
29927,8464
29928,10035
29929,6033
29930,8388
29931,5824
29932,7328
29933,8070
29934,6954
29935,4755
29936,4686
29937,7771
29938,8274
29939,6224
29940,6182
29941,8917
29942,6350
29943,6187
29944,7042
29945,5552
29946,3616
29947,8825
29948,4203
29949,7970
29950,7895
29951,6638
29952,7330
29953,12874
29954,9900
29955,8710
29956,5059
29957,9509
29958,7808
29959,4419
29960,3592
29961,9030
29962,3776
29963,7993
29964,13006
29965,8946
29966,7497
29967,5310
29968,7877
29969,7821
29970,6888
29971,7972
29972,8849
29973,9419
29974,6834
29975,8922
29976,5436
29977,7320
29978,5106
29979,5799
29980,7023
29981,5853
29982,5755
29983,8319
29984,5580
29985,10263
29986,7438
29987,5593
29988,4667
29989,10751
29990,7853
29991,6702
29992,7128
29993,7449
29994,6256
29995,6361
29996,7037
29997,7925
29998,6236
29999,5260
30000,9925
30001,7478
30002,6416
30003,3908
30004,12093
30005,7226
30006,6240
30007,7211
30008,11703
30009,9355
30010,8341
30011,9357
30012,7764
30013,6135
30014,6483
30015,8040
30016,9837
30017,14059
30018,5501
30019,6050
30020,4203
30021,5309
30022,10062
30023,16109
30024,7264
30025,5748
30026,5746
30027,7106
30028,6418
30029,10225
30030,9474
30031,6451
30032,4441
30033,8243
30034,6564
30035,10175
30036,10327
30037,5233
30038,8441
30039,4280
30040,7976
30041,8924
30042,7637
30043,9422
30044,6869
30045,8298
30046,4878
30047,7350
30048,7643
30049,9030
30050,7774
30051,8890
30052,7315
30053,4895
30054,10123
30055,4711
30056,10989
30057,6932
30058,4697
30059,6628
30060,7437
30061,6897
30062,7987
30063,9956
30064,5801
30065,11364
30066,4517
30067,4938
30068,8260
30069,9655
30070,11159
30071,6907
30072,7315
30073,5703
30074,6836
30075,8032
30076,6888
30077,7207
30078,6127
30079,10469
30080,7332
30081,9141
30082,12395
30083,9000
30084,5057
30085,5156
30086,6359
30087,11141
30088,5649
30089,9086
30090,5408
30091,11553
30092,7088
30093,6224
30094,5870
30095,5559
30096,5623
30097,6908
30098,6893
30099,5428
30100,5668
30101,5190
30102,10179
30103,7516
30104,21887
30105,7649
30106,4599
30107,4819
30108,7539
30109,9939
30110,5016
30111,5029
30112,10178
30113,6575
30114,7790
30115,6321
30116,7307
30117,8312
30118,5923
30119,5899
30120,8085
30121,8721
30122,6528
30123,8130
30124,7667
30125,8628
30126,6783
30127,5535
30128,6433
30129,10940
30130,10703
30131,7534
30132,10145
30133,5000
30134,8734
30135,3864
30136,6607
30137,4681
30138,8377
30139,8364
30140,12089
30141,10018
30142,7330
30143,6433
30144,5146
30145,4425
30146,6713
30147,10867
30148,7147
30149,5872
30150,6196
30151,6483
30152,8038
30153,3789
30154,8552
30155,5012
30156,8736
30157,7833
30158,5849
30159,8741
30160,5445
30161,9066
30162,8740
30163,8018
30164,5832
30165,9333
30166,5397
30167,6850
30168,8432
30169,12762
30170,5624
30171,7064
30172,8709
30173,7560
30174,9694
30175,7314
30176,9988
30177,5149
30178,4903
30179,6020
30180,6957
30181,10557
30182,9070
30183,4019
30184,6130
30185,9099
30186,8009
30187,10230
30188,4242
30189,13057
30190,7329
30191,4808
30192,6020
30193,6681
30194,6781
30195,8548
30196,4735
30197,7084
30198,7247
30199,8101
30200,7223
30201,5434
30202,7689
30203,6270
30204,6498
30205,9327
30206,8472
30207,7465
30208,5265
30209,10078
30210,5847
30211,9538
30212,7845
30213,13961
30214,7146
30215,4578
30216,8097
30217,6210
30218,6614
30219,5560
30220,9208
30221,7634
30222,4008
30223,9256
30224,6243
30225,8172
30226,4813
30227,8493
30228,8297
30229,5883
30230,12037
30231,6157
30232,6099
30233,8869
30234,10017
30235,5583
30236,4720
30237,8089
30238,6461
30239,4895
30240,7242
30241,6447
30242,9394
30243,8157
30244,7931
30245,7759
30246,6031
30247,4812
30248,7159
30249,8665
30250,7976
30251,9422
30252,8610
30253,9295
30254,6568
30255,9490
30256,7625
30257,5905
30258,7444
30259,10168
30260,8301
30261,7156
30262,10169
30263,8983
30264,9029
30265,6449
30266,7780
30267,9097
30268,6822
30269,7592
30270,4429
30271,5524
30272,9716
30273,8549
30274,6787
30275,4394
30276,8770
30277,7312
30278,8423
30279,6966
30280,6353
30281,5380
30282,3916
30283,11000
30284,7365
30285,7429
30286,7325
30287,6311
30288,5351
30289,6996
30290,8324
30291,4618
30292,7185
30293,5960
30294,9688
30295,8792
30296,7142
30297,13879
30298,5011
30299,5630
30300,11076
30301,5279
30302,7802
30303,3480
30304,9672
30305,8256
30306,6294
30307,7212
30308,6771
30309,6463
30310,6832
30311,8214
30312,11329
30313,3402
30314,7386
30315,3786
30316,14149
30317,4996
30318,9383
30319,10400
30320,7714
30321,7167
30322,5113
30323,5304
30324,3363
30325,4694
30326,7084
30327,5457
30328,8022
30329,8150
30330,5659
30331,7278
30332,7198
30333,8947
30334,10837
30335,8460
30336,6213
30337,4810
30338,10155
30339,11491
30340,6459
30341,8146
30342,4940
30343,7687
30344,5991
30345,5297
30346,7303
30347,4894
30348,7432
30349,6000
30350,9372
30351,7693
30352,9490
30353,7814
30354,6169
30355,10021
30356,18400
30357,10924
30358,5470
30359,3726
30360,6791
30361,8559
30362,5200
30363,6912
30364,14008
30365,6171
30366,13506
30367,21425
30368,4817
30369,6990
30370,5681
30371,4070
30372,8859
30373,5609
30374,8841
30375,9798
30376,8561
30377,7324
30378,8225
30379,5187
30380,7802
30381,3907
30382,7527
30383,7585
30384,11768
30385,7167
30386,6875
30387,4654
30388,8128
30389,6278
30390,6186
30391,4543
30392,8897
30393,6555
30394,6915
30395,7667
30396,8342
30397,0
30398,6437
30399,6567
30400,5974
30401,7470
30402,7949
30403,10435
30404,8596
30405,8403
30406,6291
30407,4630
30408,6921
30409,6821
30410,7044
30411,5074
30412,3168
30413,8979
30414,7382
30415,10944
30416,7185
30417,6498
30418,7629
30419,5280
30420,4913
30421,10676
30422,6732
30423,8327
30424,8739
30425,14717
30426,6805
30427,5277
30428,8359
30429,4977
30430,6182
30431,6472
30432,7744
30433,4702
30434,8442
30435,4499
30436,5682
30437,3669
30438,10422
30439,5803
30440,15966
30441,13794
30442,5990
30443,7695
30444,5696
30445,7488
30446,5944
30447,12762
30448,8949
30449,9269
30450,4781
30451,8197
30452,6031
30453,10161
30454,8567
30455,8238
30456,6783
30457,7479
30458,7277
30459,9188
30460,9301
30461,7017
30462,7650
30463,10338
30464,7288
30465,7711
30466,7255
30467,9419
30468,7357
30469,5866
30470,5912
30471,6716
30472,6108
30473,11701
30474,7285
30475,8693
30476,7336
30477,10007
30478,5270
30479,7644
30480,9957
30481,8664
30482,9070
30483,6639
30484,4467
30485,14472
30486,8900
30487,9111
30488,17880
30489,9082
30490,8898
30491,7745
30492,9744
30493,10905
30494,11280
30495,12557
30496,6076
30497,7649
30498,6217
30499,10510
30500,4369
30501,9937
30502,6565
30503,6416
30504,6927
30505,8866
30506,7940
30507,5922
30508,8000
30509,5482
30510,5012
30511,8071
30512,5058
30513,5526
30514,6775
30515,7289
30516,11236
30517,10579
30518,7747
30519,7549
30520,6240
30521,11252
30522,7288
30523,6294
30524,5555
30525,5675
30526,10285
30527,4792
30528,12641
30529,7669
30530,3604
30531,5020
30532,8426
30533,7018
30534,6516
30535,10134
30536,10354
30537,12052
30538,6457
30539,12637
30540,3306
30541,5792
30542,7312
30543,6229
30544,7633
30545,6445
30546,7648
30547,5397
30548,5778
30549,12045
30550,8965
30551,5168
30552,5398
30553,9535
30554,10509
30555,8846
30556,6309
30557,5479
30558,9741
30559,6146
30560,8099
30561,5959
30562,6548
30563,8467
30564,9305
30565,4107
30566,4998
30567,4838
30568,5962
30569,10345
30570,9374
30571,9139
30572,12861
30573,6112
30574,11636
30575,12627
30576,8086
30577,5473
30578,3699
30579,8354
30580,6413
30581,6409
30582,7391
30583,7366
30584,11693
30585,4989
30586,6770
30587,8047
30588,4757
30589,9289
30590,6132
30591,4679
30592,8290
30593,3976
30594,7665
30595,8643
30596,7931
30597,8446
30598,9321
30599,8411
30600,6645
30601,8260
30602,10093
30603,7137
30604,6364
30605,6828
30606,5405
30607,10743
30608,8098
30609,6446
30610,5523
30611,7400
30612,9388
30613,7951
30614,7065
30615,9154
30616,5663
30617,7685
30618,17393
30619,7388
30620,10319
30621,6358
30622,6679
30623,7275
30624,6010
30625,4637
30626,6271
30627,10419
30628,13269
30629,8926
30630,10160
30631,10531
30632,11644
30633,11777
30634,9377
30635,6384
30636,5102
30637,10984
30638,12164
30639,9480
30640,8400
30641,9133
30642,6872
30643,3918
30644,11952
30645,7746
30646,6793
30647,7098
30648,3282
30649,12806
30650,11847
30651,14195
30652,6712
30653,5872
30654,5593
30655,6931
30656,6602
30657,8875
30658,7879
30659,5417
30660,5600
30661,7425
30662,4003
30663,3405
30664,6216
30665,14273
30666,7609
30667,18737
30668,4515
30669,6596
30670,7223
30671,6411
30672,5265
30673,6215
30674,4602
30675,4116
30676,9811
30677,7605
30678,4627
30679,10202
30680,6660
30681,6944
30682,4968
30683,10771
30684,8133
30685,9339
30686,5725
30687,7572
30688,4571
30689,5672
30690,5149
30691,14905
30692,12491
30693,7394
30694,5952
30695,5923
30696,6902
30697,4483
30698,9111
30699,4542
30700,15051
30701,4651
30702,5494
30703,6303
30704,10580
30705,8509
30706,5730
30707,7132
30708,7988
30709,8311
30710,8748
30711,6030
30712,4434
30713,9710
30714,5199
30715,4338
30716,6186
30717,8283
30718,6212
30719,6321
30720,9622
30721,9258
30722,7401
30723,8294
30724,4985
30725,9396
30726,6155
30727,4993
30728,7643
30729,7426
30730,7079
30731,9929
30732,7237
30733,6629
30734,7709
30735,6514
30736,6224
30737,7444
30738,8655
30739,7376
30740,6754
30741,7460
30742,10419
30743,7630
30744,4986
30745,13156
30746,5808
30747,3466
30748,8383
30749,10529
30750,10896
30751,5542
30752,6841
30753,7407
30754,4195
30755,6910
30756,7607
30757,7577
30758,6522
30759,6949
30760,9433
30761,3790
30762,6242
30763,6330
30764,5736
30765,5821
30766,7706
30767,9551
30768,6371
30769,5647
30770,8642
30771,8302
30772,9590
30773,9458
30774,5987
30775,7510
30776,7614
30777,8596
30778,8758
30779,9052
30780,3917
30781,9765
30782,7949
30783,7979
30784,10795
30785,4933
30786,4315
30787,13115
30788,9088
30789,10251
30790,6569
30791,6517
30792,9339
30793,4109
30794,7925
30795,5750
30796,9173
30797,6570
30798,7857
30799,9125
30800,6458
30801,9175
30802,11972
30803,16386
30804,8032
30805,5357
30806,6946
30807,5157
30808,3539
30809,12048
30810,8341
30811,6773
30812,9305
30813,6686
30814,10561
30815,5874
30816,7142
30817,7016
30818,9237
30819,6169
30820,6913
30821,6658
30822,6007
30823,8115
30824,5809
30825,7893
30826,8806
30827,9303
30828,8882
30829,7623
30830,6624
30831,11520
30832,5241
30833,6268
30834,12030
30835,7546
30836,9617
30837,7672
30838,16089
30839,6240
30840,5768
30841,5907
30842,6104
30843,9518
30844,12931
30845,8486
30846,8344
30847,8451
30848,4443
30849,8191
30850,7934
30851,7885
30852,8984
30853,6472
30854,5354
30855,6011
30856,4011
30857,5459
30858,9163
30859,7446
30860,11877
30861,17902
30862,7716
30863,5321
30864,7891
30865,7798
30866,9246
30867,4891
30868,6949
30869,4649
30870,9352
30871,7874
30872,7302
30873,14060
30874,13128
30875,5302
30876,7822
30877,4223
30878,5660
30879,5632
30880,9941
30881,5170
30882,5442
30883,6088
30884,8012
30885,6587
30886,4669
30887,6510
30888,8043
30889,7699
30890,7708
30891,3456
30892,11630
30893,18464
30894,3944
30895,8540
30896,8971
30897,7960
30898,5444
30899,3318
30900,4997
30901,8109
30902,5901
30903,7753
30904,9900
30905,5210
30906,6086
30907,7820
30908,6851
30909,5827
30910,6639
30911,8127
30912,10703
30913,8122
30914,10493
30915,6537
30916,4057
30917,6588
30918,6188
30919,9701
30920,7062
30921,4899
30922,20843
30923,7642
30924,6403
30925,12893
30926,7297
30927,7999
30928,7132
30929,7585
30930,5422
30931,9716
30932,13757
30933,5608
30934,6015
30935,6821
30936,13074
30937,7618
30938,6228
30939,6487
30940,6063
30941,6087
30942,5170
30943,8951
30944,4253
30945,6901
30946,3143
30947,23430
30948,9232
30949,4470
30950,5771
30951,10876
30952,6468
30953,7594
30954,8978
30955,6571
30956,6126
30957,4700
30958,10183
30959,6332
30960,6928
30961,7297
30962,8358
30963,5462
30964,8277
30965,7266
30966,4156
30967,8486
30968,10467
30969,4811
30970,8353
30971,8288
30972,5932
30973,10838
30974,5704
30975,7346
30976,7855
30977,8768
30978,3822
30979,5492
30980,5867
30981,0
30982,6307
30983,9173
30984,4806
30985,8745
30986,4033
30987,6580
30988,4981
30989,7065
30990,6156
30991,7601
30992,8211
30993,9979
30994,5125
30995,7369
30996,7089
30997,8867
30998,6778
30999,9600
31000,10586
31001,6864
31002,3960
31003,7555
31004,5576
31005,6987
31006,7341
31007,4221
31008,13265
31009,6095
31010,7015
31011,11181
31012,7314
31013,5086
31014,0
31015,6608
31016,10740
31017,5811
31018,9429
31019,9612
31020,8146
31021,5546
31022,7463
31023,5789
31024,6181
31025,6999
31026,8824
31027,7921
31028,5597
31029,4975
31030,7772
31031,8492
31032,6545
31033,8623
31034,6284
31035,6788
31036,4928
31037,8995
31038,7563
31039,7698
31040,6427
31041,6712
31042,8916
31043,9737
31044,6558
31045,8362
31046,5745
31047,7514
31048,8249
31049,6700
31050,4659
31051,4610
31052,7809
31053,8945
31054,6052
31055,6508
31056,9014
31057,7021
31058,5718
31059,6659
31060,5694
31061,3182
31062,8689
31063,4095
31064,7807
31065,8188
31066,7288
31067,7486
31068,10547
31069,9663
31070,8220
31071,5149
31072,8380
31073,7637
31074,4221
31075,3196
31076,8422
31077,3989
31078,7691
31079,13150
31080,8528
31081,7475
31082,5319
31083,7711
31084,7771
31085,6990
31086,7938
31087,8788
31088,8645
31089,6594
31090,9439
31091,5212
31092,7364
31093,4820
31094,5993
31095,7527
31096,6237
31097,5814
31098,8084
31099,5925
31100,10451
31101,6956
31102,5822
31103,4872
31104,10534
31105,8112
31106,6127
31107,7019
31108,7932
31109,6848
31110,6173
31111,6764
31112,8357
31113,5966
31114,5223
31115,10541
31116,7238
31117,6853
31118,3853
31119,12459
31120,7337
31121,6326
31122,6610
31123,11500
31124,9902
31125,8800
31126,9522
31127,7395
31128,6071
31129,6782
31130,8002
31131,11117
31132,14053
31133,5686
31134,5348
31135,3824
31136,5060
31137,9895
31138,15100
31139,6519
31140,5126
31141,5980
31142,6450
31143,6854
31144,9958
31145,9234
31146,6817
31147,4208
31148,8730
31149,6554
31150,9449
31151,10261
31152,5556
31153,8469
31154,4276
31155,8451
31156,8841
31157,7723
31158,8847
31159,6775
31160,8023
31161,5567
31162,7337
31163,8345
31164,9010
31165,7761
31166,9186
31167,7165
31168,4867
31169,10110
31170,4993
31171,11032
31172,7489
31173,5141
31174,5929
31175,7276
31176,6433
31177,8044
31178,9680
31179,5806
31180,11495
31181,4348
31182,5003
31183,8190
31184,9497
31185,11830
31186,6578
31187,6264
31188,6090
31189,6312
31190,8148
31191,6388
31192,7413
31193,5835
31194,11070
31195,6531
31196,9374
31197,12931
31198,9122
31199,5435
31200,4757
31201,6447
31202,11392
31203,5481
31204,8430
31205,5454
31206,11168
31207,7142
31208,6434
31209,6195
31210,5570
31211,5378
31212,7177
31213,6043
31214,5579
31215,5355
31216,5128
31217,9851
31218,6793
31219,21981
31220,8091
31221,4490
31222,2641
31223,4105
31224,9429
31225,1983
31226,2769
31227,6528
31228,3318
31229,6778
31230,5096
31231,5343
31232,6189
31233,4673
31234,3416
31235,5764
31236,5572
31237,2520
31238,4638
31239,4364
31240,6100
31241,5327
31242,3568
31243,4606
31244,7558
31245,8128
31246,5524
31247,7277
31248,2107
31249,7743
31250,3418
31251,5520
31252,2460
31253,7925
31254,7278
31255,8815
31256,9773
31257,6909
31258,6266
31259,2822
31260,4663
31261,6378
31262,7963
31263,4164
31264,3507
31265,5848
31266,5313
31267,5496
31268,2401
31269,7846
31270,4472
31271,8429
31272,6664
31273,3547
31274,8579
31275,2978
31276,9072
31277,5838
31278,6948
31279,2420
31280,5199
31281,4870
31282,3763
31283,7700
31284,10629
31285,2842
31286,6355
31287,5708
31288,8819
31289,7327
31290,5761
31291,6819
31292,2462
31293,2518
31294,4579
31295,6365
31296,8982
31297,7919
31298,2399
31299,4295
31300,8908
31301,9399
31302,5623
31303,3171
31304,10667
31305,5362
31306,3569
31307,3565
31308,2183
31309,4746
31310,7238
31311,3710
31312,5819
31313,3000
31314,5702
31315,3842
31316,1831
31317,4226
31318,5168
31319,6278
31320,9703
31321,7040
31322,5726
31323,3861
31324,10962
31325,3426
31326,6172
31327,7553
31328,13805
31329,5272
31330,3118
31331,6808
31332,6017
31333,6893
31334,4858
31335,10711
31336,5795
31337,2147
31338,8130
31339,4700
31340,6004
31341,2252
31342,8411
31343,3611
31344,2692
31345,8160
31346,4374
31347,5585
31348,7880
31349,7993
31350,4393
31351,4305
31352,7760
31353,3229
31354,2968
31355,6845
31356,5250
31357,6777
31358,3132
31359,4632
31360,6222
31361,4438
31362,3090
31363,5451
31364,6139
31365,6157
31366,7172
31367,7768
31368,7384
31369,4235
31370,7886
31371,5354
31372,3142
31373,3588
31374,8345
31375,7841
31376,2750
31377,7176
31378,9731
31379,7188
31380,4889
31381,6987
31382,7512
31383,5508
31384,4571
31385,2914
31386,5329
31387,5139
31388,4815
31389,5519
31390,3156
31391,5666
31392,7685
31393,5892
31394,7047
31395,6059
31396,2785
31397,1552
31398,6777
31399,6229
31400,6931
31401,3545
31402,5567
31403,3660
31404,5381
31405,5564
31406,3969
31407,4162
31408,4983
31409,7242
31410,6879
31411,8023
31412,14777
31413,4097
31414,4898
31415,10100
31416,3401
31417,5190
31418,814
31419,8052
31420,6823
31421,5522
31422,6755
31423,5569
31424,4801
31425,5136
31426,4892
31427,7885
31428,3118
31429,5790
31430,2850
31431,8872
31432,3374
31433,7688
31434,9828
31435,6821
31436,5862
31437,4264
31438,2180
31439,1803
31440,3488
31441,5603
31442,3042
31443,5360
31444,7406
31445,3893
31446,5373
31447,4633
31448,8287
31449,7897
31450,7410
31451,5520
31452,3152
31453,8340
31454,9137
31455,3614
31456,4384
31457,3698
31458,5366
31459,5327
31460,3842
31461,6536
31462,3184
31463,5221
31464,4634
31465,8758
31466,5487
31467,7325
31468,6615
31469,4684
31470,8509
31471,16984
31472,8476
31473,3652
31474,3663
31475,6403
31476,7408
31477,2765
31478,4902
31479,9769
31480,6098
31481,6687
31482,16985
31483,5698
31484,5350
31485,2767
31486,2129
31487,10593
31488,3530
31489,6229
31490,8679
31491,2616
31492,3573
31493,6280
31494,3888
31495,7073
31496,1907
31497,5278
31498,5012
31499,10734
31500,6077
31501,6075
31502,2893
31503,8264
31504,6098
31505,6884
31506,1632
31507,9719
31508,5382
31509,6121
31510,4190
31511,4309
31512,0
31513,4596
31514,3603
31515,5577
31516,4586
31517,5017
31518,8835
31519,9480
31520,7812
31521,4195
31522,4477
31523,4645
31524,4641
31525,6821
31526,3073
31527,1341
31528,6798
31529,5489
31530,7776
31531,5422
31532,4451
31533,4412
31534,3282
31535,2659
31536,8661
31537,6512
31538,4826
31539,5473
31540,11700
31541,6127
31542,1928
31543,7680
31544,1893
31545,4014
31546,6071
31547,6133
31548,2441
31549,4154
31550,4173
31551,3651
31552,1557
31553,8020
31554,4518
31555,9006
31556,10201
31557,5974
31558,5668
31559,4262
31560,5075
31561,4860
31562,12010
31563,6447
31564,6549
31565,3135
31566,5680
31567,5750
31568,9159
31569,8546
31570,7016
31571,5474
31572,6678
31573,5170
31574,8541
31575,6321
31576,7085
31577,5906
31578,9032
31579,7065
31580,4764
31581,5674
31582,8151
31583,5960
31584,3496
31585,5869
31586,3034
31587,4996
31588,9009
31589,7267
31590,7233
31591,6150
31592,7940
31593,4797
31594,4205
31595,4093
31596,5842
31597,6330
31598,6432
31599,3204
31600,12537
31601,4939
31602,5483
31603,16072
31604,5380
31605,7998
31606,6102
31607,7147
31608,8197
31609,7361
31610,9585
31611,2667
31612,4412
31613,5396
31614,8736
31615,2501
31616,5208
31617,4481
31618,5163
31619,5634
31620,5628
31621,3294
31622,5782
31623,4896
31624,3018
31625,3010
31626,7659
31627,4442
31628,5055
31629,5736
31630,5395
31631,9537
31632,12859
31633,5173
31634,7663
31635,5767
31636,9771
31637,4736
31638,2742
31639,3873
31640,5663
31641,12253
31642,4054
31643,8849
31644,7263
31645,2091
31646,3744
31647,6182
31648,6561
31649,5481
31650,9368
31651,8669
31652,7430
31653,4081
31654,12626
31655,2090
31656,3646
31657,8592
31658,3987
31659,5457
31660,3766
31661,6947
31662,5043
31663,3651
31664,13484
31665,10599
31666,2325
31667,5116
31668,5446
31669,7438
31670,9985
31671,5236
31672,2876
31673,9224
31674,2010
31675,9634
31676,4547
31677,5889
31678,9754
31679,5771
31680,1578
31681,4955
31682,2218
31683,3704
31684,11568
31685,7975
31686,4272
31687,12359
31688,7718
31689,10503
31690,11984
31691,7431
31692,4213
31693,2025
31694,4734
31695,6415
31696,2531
31697,6158
31698,4377
31699,7160
31700,2388
31701,5604
31702,8267
31703,1680
31704,9302
31705,6209
31706,2600
31707,7189
31708,3336
31709,2890
31710,9864
31711,7195
31712,7539
31713,7836
31714,5385
31715,4925
31716,6651
31717,7123
31718,8377
31719,5753
31720,7150
31721,3722
31722,8569
31723,6073
31724,5872
31725,3935
31726,4765
31727,8042
31728,5811
31729,4170
31730,5144
31731,5472
31732,5251
31733,15692
31734,5288
31735,9920
31736,4600
31737,3726
31738,6671
31739,5553
31740,3280
31741,5027
31742,9398
31743,14185
31744,7388
31745,9435
31746,7011
31747,10503
31748,8362
31749,7189
31750,6602
31751,4198
31752,10163
31753,7835
31754,7673
31755,5276
31756,5196
31757,5047
31758,2298
31759,13017
31760,6899
31761,5722
31762,5028
31763,1433
31764,8300
31765,7870
31766,11557
31767,6144
31768,4296
31769,3658
31770,6794
31771,4960
31772,4159
31773,10576
31774,4422
31775,4688
31776,5126
31777,3479
31778,2534
31779,2231
31780,14105
31781,4780
31782,13120
31783,4277
31784,5825
31785,5103
31786,3931
31787,3029
31788,6238
31789,3025
31790,2637
31791,11129
31792,5936
31793,2786
31794,8683
31795,2670
31796,5640
31797,3623
31798,10012
31799,7317
31800,8190
31801,2344
31802,5095
31803,2536
31804,4838
31805,3408
31806,16126
31807,12484
31808,4943
31809,2926
31810,5947
31811,4314
31812,2458
31813,7576
31814,2342
31815,13898
31816,4156
31817,4874
31818,6080
31819,11433
31820,6999
31821,4996
31822,5037
31823,5997
31824,6856
31825,7002
31826,3803
31827,1181
31828,4481
31829,2850
31830,2819
31831,5945
31832,7390
31833,5571
31834,5077
31835,8173
31836,5654
31837,3068
31838,7663
31839,2268
31840,10182
31841,4891
31842,2912
31843,4337
31844,4180
31845,4612
31846,7157
31847,7171
31848,3838
31849,6172
31850,2283
31851,4752
31852,7788
31853,9377
31854,3392
31855,2068
31856,5259
31857,7729
31858,6727
31859,2462
31860,10878
31861,3505
31862,3218
31863,5670
31864,10538
31865,9393
31866,4466
31867,4483
31868,5933
31869,1509
31870,7154
31871,7040
31872,4606
31873,4311
31874,2778
31875,8286
31876,3029
31877,4378
31878,3736
31879,3496
31880,2835
31881,7551
31882,6923
31883,5855
31884,3622
31885,5098
31886,7985
31887,7851
31888,7436
31889,5171
31890,5485
31891,5804
31892,8010
31893,6995
31894,5091
31895,1882
31896,6191
31897,6561
31898,6039
31899,7716
31900,5814
31901,2876
31902,7547
31903,5260
31904,11101
31905,2744
31906,2440
31907,8982
31908,1560
31909,5273
31910,4413
31911,7693
31912,3665
31913,4525
31914,9593
31915,2576
31916,6171
31917,9439
31918,14411
31919,6693
31920,2456
31921,5674
31922,3828
31923,2176
31924,7462
31925,4875
31926,6731
31927,4902
31928,5378
31929,4792
31930,5097
31931,5102
31932,4698
31933,8813
31934,5423
31935,2328
31936,6454
31937,3815
31938,5520
31939,6064
31940,5985
31941,7817
31942,8196
31943,8377
31944,5744
31945,5148
31946,5885
31947,2980
31948,5862
31949,8608
31950,6631
31951,6867
31952,6909
31953,13778
31954,3120
31955,3367
31956,4990
31957,4007
31958,8586
31959,10405
31960,7946
31961,7522
31962,7339
31963,1972
31964,8314
31965,3102
31966,6542
31967,5980
31968,5161
31969,2037
31970,5391
31971,3436
31972,3029
31973,6874
31974,4484
31975,8503
31976,17456
31977,5592
31978,3166
31979,4554
31980,8282
31981,6279
31982,4357
31983,5690
31984,2024
31985,6306
31986,7378
31987,3452
31988,10745
31989,11666
31990,3046
31991,5779
31992,3721
31993,3726
31994,4099
31995,9149
31996,3699
31997,4558
31998,4768
31999,2623
32000,2482
32001,2362
32002,5547
32003,5614
32004,4514
32005,7338
32006,1151
32007,7412
32008,14963
32009,3192
32010,8380
32011,7076
32012,4484
32013,4186
32014,2339
32015,4066
32016,4698
32017,5401
32018,2921
32019,9105
32020,4426
32021,4027
32022,6380
32023,4944
32024,6383
32025,4942
32026,6164
32027,10407
32028,4452
32029,7060
32030,6026
32031,3681
32032,3075
32033,4578
32034,5720
32035,6371
32036,3465
32037,12705
32038,5125
32039,4805
32040,12280
32041,4582
32042,6977
32043,4447
32044,5388
32045,5410
32046,6563
32047,15284
32048,2851
32049,5561
32050,3341
32051,9180
32052,7062
32053,4865
32054,3567
32055,4072
32056,2385
32057,2110
32058,6549
32059,2146
32060,3819
32061,1220
32062,21848
32063,8233
32064,2119
32065,5137
32066,6043
32067,6514
32068,5313
32069,8161
32070,5394
32071,6251
32072,2755
32073,7864
32074,5989
32075,4095
32076,5950
32077,9396
32078,4556
32079,8484
32080,6440
32081,3204
32082,5657
32083,6873
32084,2662
32085,8720
32086,6880
32087,4980
32088,10042
32089,3533
32090,5019
32091,8665
32092,6379
32093,2185
32094,4936
32095,3730
32096,0
32097,5170
32098,5649
32099,3592
32100,6124
32101,2227
32102,5707
32103,2810
32104,5927
32105,5404
32106,4627
32107,5991
32108,9005
32109,2605
32110,5981
32111,6775
32112,3111
32113,5779
32114,6020
32115,9275
32116,6746
32117,3758
32118,1915
32119,1974
32120,5667
32121,4843
32122,4212
32123,12527
32124,5563
32125,5678
32126,8513
32127,6748
32128,2194
32129,14938
32130,4300
32131,8167
32132,6391
32133,7508
32134,6149
32135,9254
32136,5123
32137,3943
32138,2682
32139,3470
32140,6470
32141,4094
32142,7846
32143,4913
32144,2722
32145,7826
32146,6949
32147,4508
32148,7126
32149,4460
32150,6734
32151,3749
32152,5044
32153,3584
32154,4657
32155,3435
32156,6175
32157,7712
32158,8125
32159,6019
32160,5580
32161,4312
32162,6291
32163,6899
32164,7071
32165,2865
32166,2879
32167,8715
32168,6247
32169,2891
32170,4020
32171,7588
32172,6895
32173,2346
32174,6007
32175,4711
32176,1721
32177,4938
32178,2734
32179,4109
32180,6629
32181,5753
32182,5080
32183,4027
32184,8480
32185,6323
32186,3528
32187,5268
32188,4932
32189,3061
32190,1141
32191,7058
32192,1525
32193,5585
32194,9834
32195,5568
32196,4235
32197,3125
32198,5316
32199,5064
32200,4724
32201,5414
32202,5989
32203,7783
32204,6109
32205,8830
32206,3845
32207,3747
32208,4291
32209,3697
32210,5234
32211,6470
32212,3314
32213,5158
32214,2589
32215,7564
32216,4048
32217,4418
32218,3934
32219,5289
32220,7948
32221,3288
32222,6503
32223,4347
32224,5753
32225,5095
32226,5809
32227,7809
32228,4549
32229,3817
32230,9773
32231,6369
32232,6991
32233,1876
32234,4286
32235,5221
32236,3953
32237,4541
32238,10594
32239,8333
32240,9387
32241,9874
32242,6182
32243,5159
32244,6185
32245,6276
32246,7241
32247,10925
32248,3043
32249,1703
32250,1476
32251,3918
32252,4829
32253,9735
32254,2287
32255,1824
32256,5128
32257,5467
32258,6057
32259,10018
32260,6656
32261,6691
32262,2557
32263,7585
32264,6172
32265,6935
32266,6811
32267,3339
32268,6342
32269,3099
32270,6743
32271,5585
32272,5079
32273,5879
32274,3885
32275,6259
32276,5284
32277,6974
32278,4775
32279,8069
32280,5184
32281,8867
32282,5186
32283,3464
32284,8001
32285,2840
32286,10234
32287,6208
32288,4850
32289,3079
32290,7034
32291,4565
32292,4283
32293,6532
32294,4253
32295,12486
32296,2982
32297,2832
32298,5720
32299,6221
32300,10860
32301,2482
32302,4480
32303,6072
32304,5696
32305,4619
32306,3296
32307,6297
32308,3139
32309,10249
32310,2635
32311,6928
32312,14377
32313,7195
32314,6572
32315,3000
32316,4922
32317,7940
32318,2528
32319,7588
32320,2769
32321,8406
32322,6918
32323,5724
32324,6124
32325,4644
32326,2881
32327,5640
32328,2158
32329,3794
32330,3065
32331,2702
32332,7498
32333,5648
32334,21222
32335,7551
32336,0
32337,0
32338,0
32339,0
32340,0
32341,0
32342,0
32343,0
32344,0
32345,0
32346,0
32347,0
32348,0
32349,0
32350,0
32351,0
32352,0
32353,0
32354,0
32355,0
32356,0
32357,0
32358,0
32359,0
32360,0
32361,0
32362,0
32363,0
32364,0
32365,0
32366,0
32367,0
32368,0
32369,0
32370,0
32371,0
32372,0
32373,0
32374,0
32375,0
32376,0
32377,0
32378,0
32379,0
32380,0
32381,0
32382,0
32383,0
32384,0
32385,0
32386,0
32387,0
32388,0
32389,0
32390,0
32391,0
32392,0
32393,0
32394,0
32395,0
32396,0
32397,0
32398,0
32399,0
32400,0
32401,0
32402,0
32403,0
32404,0
32405,0
32406,0
32407,0
32408,0
32409,0
32410,0
32411,0
32412,0
32413,0
32414,0
32415,0
32416,0
32417,0
32418,0
32419,0
32420,10928
32421,0
32422,0
32423,0
32424,0
32425,0
32426,0
32427,0
32428,0
32429,0
32430,0
32431,0
32432,0
32433,0
32434,0
32435,0
32436,0
32437,0
32438,0
32439,0
32440,0
32441,0
32442,0
32443,0
32444,0
32445,0
32446,0
32447,0
32448,0
32449,0
32450,0
32451,0
32452,0
32453,0
32454,0
32455,0
32456,0
32457,3759
32458,0
32459,0
32460,0
32461,0
32462,0
32463,0
32464,0
32465,0
32466,0
32467,0
32468,0
32469,0
32470,0
32471,0
32472,0
32473,0
32474,0
32475,0
32476,0
32477,0
32478,0
32479,0
32480,0
32481,0
32482,0
32483,0
32484,0
32485,0
32486,0
32487,0
32488,0
32489,0
32490,0
32491,0
32492,0
32493,0
32494,0
32495,0
32496,0
32497,0
32498,0
32499,0
32500,0
32501,0
32502,0
32503,0
32504,0
32505,0
32506,0
32507,0
32508,0
32509,0
32510,0
32511,0
32512,0
32513,0
32514,0
32515,0
32516,0
32517,0
32518,0
32519,0
32520,0
32521,0
32522,0
32523,0
32524,0
32525,0
32526,0
32527,0
32528,0
32529,0
32530,0
32531,0
32532,0
32533,0
32534,0
32535,0
32536,0
32537,0
32538,0
32539,0
32540,0
32541,0
32542,0
32543,0
32544,2580
32545,0
32546,0
32547,0
32548,0
32549,0
32550,0
32551,0
32552,0
32553,0
32554,0
32555,0
32556,0
32557,0
32558,0
32559,0
32560,0
32561,0
32562,0
32563,0
32564,0
32565,0
32566,0
32567,0
32568,0
32569,0
32570,0
32571,0
32572,0
32573,0
32574,0
32575,0
32576,0
32577,0
32578,0
32579,0
32580,0
32581,0
32582,0
32583,0
32584,0
32585,0
32586,0
32587,0
32588,0
32589,0
32590,0
32591,0
32592,0
32593,0
32594,16586
32595,0
32596,0
32597,27929
32598,0
32599,0
32600,0
32601,0
32602,0
32603,0
32604,0
32605,0
32606,0
32607,0
32608,0
32609,7595
32610,0
32611,0
32612,0
32613,0
32614,0
32615,0
32616,0
32617,0
32618,0
32619,0
32620,0
32621,0
32622,0
32623,0
32624,0
32625,0
32626,0
32627,0
32628,0
32629,0
32630,0
32631,0
32632,0
32633,0
32634,5112
32635,0
32636,0
32637,0
32638,0
32639,0
32640,0
32641,0
32642,0
32643,0
32644,0
32645,2584
32646,0
32647,0
32648,0
32649,0
32650,0
32651,0
32652,0
32653,0
32654,0
32655,0
32656,0
32657,0
32658,0
32659,0
32660,0
32661,0
32662,0
32663,0
32664,0
32665,0
32666,0
32667,0
32668,0
32669,0
32670,8065
32671,0
32672,0
32673,0
32674,0
32675,0
32676,0
32677,0
32678,0
32679,0
32680,0
32681,0
32682,0
32683,0
32684,0
32685,0
32686,0
32687,0
32688,8741
32689,0
32690,0
32691,0
32692,0
32693,0
32694,0
32695,0
32696,0
32697,0
32698,0
32699,0
32700,0
32701,0
32702,0
32703,0
32704,0
32705,0
32706,0
32707,0
32708,0
32709,0
32710,0
32711,0
32712,0
32713,0
32714,0
32715,0
32716,0
32717,0
32718,0
32719,0
32720,0
32721,0
32722,0
32723,0
32724,0
32725,0
32726,0
32727,0
32728,0
32729,0
32730,0
32731,0
32732,0
32733,0
32734,0
32735,0
32736,0
32737,0
32738,0
32739,0
32740,0
32741,0
32742,0
32743,0
32744,0
32745,0
32746,0
32747,0
32748,0
32749,0
32750,0
32751,0
32752,0
32753,0
32754,0
32755,0
32756,0
32757,0
32758,13883
32759,0
32760,0
32761,0
32762,0
32763,0
32764,0
32765,0
32766,0
32767,0
32768,1680
32769,0
32770,0
32771,0
32772,0
32773,0
32774,0
32775,0
32776,0
32777,0
32778,0
32779,0
32780,0
32781,0
32782,0
32783,0
32784,0
32785,0
32786,0
32787,0
32788,5562
32789,0
32790,0
32791,0
32792,0
32793,0
32794,0
32795,0
32796,0
32797,0
32798,0
32799,0
32800,0
32801,0
32802,0
32803,0
32804,0
32805,0
32806,0
32807,0
32808,0
32809,0
32810,0
32811,0
32812,0
32813,0
32814,0
32815,0
32816,0
32817,0
32818,0
32819,0
32820,0
32821,0
32822,0
32823,0
32824,0
32825,0
32826,0
32827,0
32828,0
32829,7492
32830,0
32831,0
32832,0
32833,0
32834,0
32835,0
32836,0
32837,0
32838,0
32839,0
32840,0
32841,0
32842,0
32843,0
32844,0
32845,0
32846,0
32847,7733
32848,0
32849,0
32850,0
32851,0
32852,0
32853,0
32854,0
32855,0
32856,0
32857,0
32858,0
32859,2241
32860,0
32861,0
32862,0
32863,0
32864,0
32865,5788
32866,0
32867,0
32868,0
32869,0
32870,0
32871,0
32872,0
32873,0
32874,0
32875,0
32876,0
32877,0
32878,0
32879,0
32880,0
32881,0
32882,0
32883,0
32884,0
32885,0
32886,0
32887,0
32888,0
32889,0
32890,0
32891,0
32892,0
32893,0
32894,0
32895,0
32896,0
32897,18510
32898,0
32899,0
32900,0
32901,0
32902,0
32903,0
32904,0
32905,0
32906,0
32907,0
32908,0
32909,0
32910,0
32911,0
32912,0
32913,6060
32914,0
32915,0
32916,0
32917,0
32918,0
32919,0
32920,0
32921,0
32922,0
32923,0
32924,0
32925,0
32926,0
32927,0
32928,0
32929,0
32930,0
32931,0
32932,0
32933,0
32934,0
32935,0
32936,0
32937,0
32938,0
32939,0
32940,0
32941,0
32942,0
32943,0
32944,0
32945,0
32946,0
32947,0
32948,0
32949,0
32950,0
32951,0
32952,0
32953,0
32954,0
32955,0
32956,0
32957,0
32958,0
32959,0
32960,0
32961,0
32962,0
32963,0
32964,0
32965,0
32966,0
32967,0
32968,0
32969,0
32970,0
32971,0
32972,0
32973,0
32974,0
32975,0
32976,0
32977,0
32978,0
32979,0
32980,0
32981,0
32982,0
32983,0
32984,0
32985,0
32986,0
32987,0
32988,0
32989,0
32990,0
32991,0
32992,0
32993,0
32994,0
32995,0
32996,0
32997,0
32998,0
32999,0
33000,0
33001,0
33002,0
33003,0
33004,0
33005,0
33006,0
33007,0
33008,0
33009,0
33010,0
33011,12731
33012,0
33013,0
33014,0
33015,0
33016,0
33017,6962
33018,0
33019,0
33020,0
33021,0
33022,0
33023,0
33024,0
33025,0
33026,0
33027,0
33028,0
33029,0
33030,0
33031,0
33032,0
33033,0
33034,0
33035,0
33036,0
33037,0
33038,0
33039,0
33040,0
33041,0
33042,0
33043,0
33044,0
33045,0
33046,0
33047,0
33048,0
33049,0
33050,0
33051,0
33052,0
33053,0
33054,0
33055,0
33056,0
33057,0
33058,0
33059,0
33060,0
33061,0
33062,0
33063,0
33064,0
33065,0
33066,0
33067,3429
33068,15463
33069,0
33070,0
33071,0
33072,0
33073,0
33074,0
33075,0
33076,0
33077,0
33078,0
33079,0
33080,0
33081,0
33082,0
33083,0
33084,0
33085,0
33086,0
33087,0
33088,0
33089,0
33090,0
33091,0
33092,0
33093,0
33094,0
33095,0
33096,0
33097,0
33098,0
33099,0
33100,0
33101,0
33102,0
33103,0
33104,11770
33105,0
33106,0
33107,0
33108,0
33109,0
33110,0
33111,0
33112,0
33113,0
33114,0
33115,0
33116,0
33117,0
33118,0
33119,0
33120,0
33121,0
33122,0
33123,0
33124,0
33125,0
33126,0
33127,0
33128,0
33129,0
33130,0
33131,0
33132,0
33133,0
33134,0
33135,0
33136,0
33137,0
33138,0
33139,0
33140,0
33141,0
33142,0
33143,0
33144,0
33145,0
33146,0
33147,0
33148,0
33149,0
33150,0
33151,0
33152,0
33153,0
33154,0
33155,0
33156,0
33157,0
33158,0
33159,0
33160,0
33161,0
33162,0
33163,0
33164,0
33165,0
33166,0
33167,0
33168,0
33169,0
33170,0
33171,0
33172,0
33173,0
33174,0
33175,0
33176,0
33177,0
33178,0
33179,0
33180,0
33181,0
33182,0
33183,0
33184,0
33185,0
33186,0
33187,0
33188,0
33189,0
33190,0
33191,0
33192,0
33193,0
33194,0
33195,0
33196,0
33197,0
33198,2461
33199,0
33200,0
33201,0
33202,2222
33203,0
33204,0
33205,0
33206,0
33207,0
33208,0
33209,0
33210,0
33211,0
33212,0
33213,0
33214,0
33215,0
33216,0
33217,0
33218,0
33219,0
33220,0
33221,0
33222,0
33223,0
33224,0
33225,0
33226,0
33227,0
33228,0
33229,0
33230,0
33231,0
33232,0
33233,0
33234,0
33235,0
33236,0
33237,0
33238,0
33239,0
33240,0
33241,0
33242,0
33243,0
33244,0
33245,0
33246,0
33247,0
33248,0
33249,0
33250,0
33251,0
33252,0
33253,0
33254,0
33255,0
33256,0
33257,0
33258,0
33259,0
33260,0
33261,0
33262,0
33263,0
33264,0
33265,0
33266,2563
33267,0
33268,0
33269,0
33270,0
33271,0
33272,0
33273,0
33274,0
33275,0
33276,0
33277,0
33278,0
33279,0
33280,0
33281,0
33282,0
33283,11625
33284,0
33285,0
33286,0
33287,0
33288,0
33289,0
33290,0
33291,0
33292,0
33293,0
33294,0
33295,0
33296,0
33297,0
33298,0
33299,0
33300,0
33301,0
33302,0
33303,0
33304,0
33305,0
33306,0
33307,0
33308,0
33309,0
33310,0
33311,0
33312,0
33313,0
33314,0
33315,0
33316,0
33317,0
33318,0
33319,0
33320,0
33321,0
33322,0
33323,0
33324,0
33325,0
33326,0
33327,0
33328,0
33329,0
33330,0
33331,0
33332,0
33333,0
33334,0
33335,0
33336,0
33337,0
33338,0
33339,0
33340,0
33341,0
33342,0
33343,0
33344,0
33345,0
33346,0
33347,0
33348,0
33349,0
33350,0
33351,0
33352,0
33353,0
33354,0
33355,0
33356,0
33357,0
33358,0
33359,0
33360,0
33361,0
33362,0
33363,0
33364,0
33365,0
33366,0
33367,0
33368,0
33369,0
33370,0
33371,0
33372,0
33373,0
33374,0
33375,0
33376,0
33377,0
33378,0
33379,0
33380,4815
33381,0
33382,0
33383,0
33384,0
33385,0
33386,0
33387,0
33388,0
33389,0
33390,0
33391,0
33392,0
33393,0
33394,0
33395,0
33396,0
33397,0
33398,0
33399,0
33400,0
33401,0
33402,0
33403,0
33404,0
33405,0
33406,0
33407,0
33408,0
33409,0
33410,0
33411,0
33412,0
33413,0
33414,0
33415,0
33416,4541
33417,0
33418,0
33419,0
33420,0
33421,0
33422,0
33423,0
33424,0
33425,0
33426,0
33427,0
33428,0
33429,0
33430,0
33431,0
33432,13149
33433,0
33434,4716
33435,0
33436,0
33437,0
33438,0
33439,0
33440,0
33441,0
33442,0
33443,0
33444,0
33445,0
33446,0
33447,0
33448,0
33449,0
33450,0
33451,3985
33452,4155
33453,5829
33454,9043
33455,4158
33456,4284
33457,9113
33458,5500
33459,6794
33460,5711
33461,6841
33462,6413
33463,3934
33464,5138
33465,5872
33466,7751
33467,5315
33468,6276
33469,6070
33470,8716
33471,4434
33472,4225
33473,4530
33474,8507
33475,10141
33476,5406
33477,7941
33478,4039
33479,7000
33480,3276
33481,4911
33482,3960
33483,7321
33484,7520
33485,9456
33486,9363
33487,5333
33488,4717
33489,4039
33490,3864
33491,5468
33492,8726
33493,5754
33494,4576
33495,4538
33496,4250
33497,6611
33498,3197
33499,6580
33500,3606
33501,6267
33502,5596
33503,4700
33504,6418
33505,4306
33506,7171
33507,7301
33508,6072
33509,5066
33510,7392
33511,4489
33512,6359
33513,5804
33514,9209
33515,4063
33516,5728
33517,7355
33518,7344
33519,7550
33520,5689
33521,7537
33522,3816
33523,4331
33524,5249
33525,5970
33526,8419
33527,6682
33528,3032
33529,4985
33530,6927
33531,6975
33532,7832
33533,3692
33534,11598
33535,6458
33536,3806
33537,6054
33538,5346
33539,6264
33540,7356
33541,3900
33542,5038
33543,5269
33544,6390
33545,5853
33546,4559
33547,5896
33548,4730
33549,4892
33550,8210
33551,6571
33552,5649
33553,4654
33554,9691
33555,4922
33556,8420
33557,7026
33558,11901
33559,6110
33560,4829
33561,5549
33562,6116
33563,5554
33564,4336
33565,7033
33566,6986
33567,3523
33568,6960
33569,5546
33570,6438
33571,4148
33572,9201
33573,7132
33574,4499
33575,10852
33576,4720
33577,4266
33578,7043
33579,7961
33580,5059
33581,4032
33582,6485
33583,5325
33584,4784
33585,5382
33586,4496
33587,7358
33588,6830
33589,6438
33590,6999
33591,4768
33592,4356
33593,5439
33594,6453
33595,6902
33596,7068
33597,7008
33598,8483
33599,5048
33600,7503
33601,5958
33602,4502
33603,5360
33604,8164
33605,5986
33606,5497
33607,8686
33608,7209
33609,6508
33610,4757
33611,6720
33612,6312
33613,6734
33614,5889
33615,3814
33616,4866
33617,7675
33618,7107
33619,5381
33620,3312
33621,7263
33622,7070
33623,7222
33624,6149
33625,5134
33626,4486
33627,3456
33628,8370
33629,6085
33630,6059
33631,5473
33632,4573
33633,5390
33634,5853
33635,5544
33636,3554
33637,5798
33638,4209
33639,7467
33640,7433
33641,6499
33642,10116
33643,4253
33644,4457
33645,9173
33646,4636
33647,5558
33648,1990
33649,7102
33650,7466
33651,4469
33652,5898
33653,5995
33654,5645
33655,5404
33656,7067
33657,9787
33658,2548
33659,6810
33660,2730
33661,12545
33662,4180
33663,7312
33664,7879
33665,5282
33666,5962
33667,4210
33668,4978
33669,3040
33670,4093
33671,5379
33672,4570
33673,6080
33674,6390
33675,4446
33676,6434
33677,5930
33678,7289
33679,7664
33680,7303
33681,4165
33682,3157
33683,8842
33684,8816
33685,4661
33686,6903
33687,4841
33688,6998
33689,4417
33690,4611
33691,5739
33692,3206
33693,5601
33694,3976
33695,9033
33696,6368
33697,7068
33698,7137
33699,4865
33700,7255
33701,17136
33702,8594
33703,4600
33704,2453
33705,5374
33706,6909
33707,4778
33708,5878
33709,13026
33710,6136
33711,9308
33712,17741
33713,3898
33714,5715
33715,4538
33716,3958
33717,7584
33718,4340
33719,7180
33720,9097
33721,6430
33722,5398
33723,6762
33724,4333
33725,6098
33726,3432
33727,5553
33728,6777
33729,8187
33730,5676
33731,5079
33732,4143
33733,7173
33734,4585
33735,5038
33736,3203
33737,7831
33738,4674
33739,5552
33740,6232
33741,6990
33742,0
33743,5300
33744,5705
33745,5073
33746,6105
33747,6437
33748,7776
33749,9812
33750,6591
33751,4938
33752,3097
33753,5457
33754,5860
33755,5543
33756,4536
33757,2040
33758,7359
33759,5601
33760,7798
33761,6224
33762,4712
33763,5822
33764,4400
33765,4378
33766,8447
33767,4807
33768,6310
33769,6956
33770,13408
33771,4850
33772,4368
33773,6835
33774,4632
33775,5179
33776,4719
33777,6904
33778,4210
33779,6197
33780,3604
33781,5242
33782,3632
33783,8909
33784,4634
33785,12625
33786,11343
33787,4566
33788,6062
33789,4892
33790,5655
33791,5074
33792,10639
33793,6384
33794,7482
33795,4163
33796,7015
33797,4554
33798,8608
33799,8578
33800,5787
33801,5268
33802,5873
33803,6507
33804,6997
33805,8529
33806,5704
33807,6425
33808,8405
33809,6062
33810,6079
33811,4827
33812,8855
33813,6668
33814,4810
33815,4620
33816,5595
33817,4322
33818,8086
33819,5664
33820,6620
33821,5461
33822,7769
33823,4122
33824,6881
33825,7715
33826,7012
33827,7205
33828,5918
33829,3700
33830,11665
33831,9073
33832,6389
33833,15562
33834,8524
33835,6048
33836,5778
33837,7629
33838,8887
33839,9980
33840,10004
33841,4801
33842,6531
33843,4746
33844,7347
33845,3832
33846,9392
33847,4962
33848,4295
33849,5780
33850,7719
33851,6957
33852,5022
33853,7021
33854,4761
33855,3607
33856,6092
33857,3818
33858,4187
33859,5049
33860,5320
33861,8026
33862,8257
33863,7249
33864,6111
33865,5141
33866,9837
33867,6103
33868,4247
33869,4677
33870,4694
33871,8757
33872,4086
33873,10607
33874,6695
33875,3149
33876,4184
33877,6255
33878,5725
33879,4566
33880,7894
33881,8816
33882,10935
33883,5383
33884,9210
33885,2960
33886,4799
33887,6326
33888,4351
33889,6049
33890,4964
33891,5563
33892,3554
33893,4221
33894,10566
33895,7717
33896,3953
33897,5175
33898,7741
33899,9472
33900,7088
33901,5144
33902,4015
33903,11450
33904,5282
33905,6699
33906,5277
33907,4689
33908,6508
33909,7496
33910,3108
33911,3834
33912,4446
33913,5734
33914,9703
33915,6782
33916,6718
33917,11777
33918,4897
33919,9327
33920,10618
33921,6407
33922,4497
33923,2834
33924,6753
33925,5571
33926,5412
33927,5377
33928,5866
33929,10026
33930,4504
33931,4879
33932,6535
33933,4315
33934,6530
33935,4762
33936,3705
33937,5754
33938,3151
33939,6014
33940,7962
33941,5900
33942,6904
33943,7179
33944,6864
33945,4540
33946,6685
33947,8109
33948,7229
33949,5256
33950,5922
33951,4533
33952,9328
33953,5311
33954,6181
33955,4653
33956,6069
33957,7376
33958,5992
33959,5548
33960,7593
33961,5354
33962,6335
33963,15819
33964,5485
33965,7631
33966,5046
33967,5346
33968,4966
33969,4458
33970,4157
33971,4353
33972,7940
33973,13038
33974,7886
33975,8627
33976,9023
33977,9750
33978,9053
33979,7001
33980,7101
33981,4706
33982,10655
33983,9781
33984,6247
33985,7531
33986,7160
33987,5623
33988,3830
33989,10674
33990,5850
33991,5818
33992,5851
33993,2013
33994,11221
33995,9188
33996,13530
33997,5669
33998,4210
33999,4186
34000,5416
34001,6143
34002,6272
34003,6268
34004,5495
34005,4120
34006,6248
34007,3386
34008,2648
34009,5487
34010,12319
34011,6068
34012,16821
34013,4097
34014,5445
34015,5686
34016,4680
34017,4513
34018,4736
34019,4646
34020,3384
34021,7262
34022,5831
34023,3455
34024,8099
34025,4391
34026,5436
34027,4370
34028,10107
34029,6575
34030,9650
34031,4572
34032,6034
34033,3751
34034,4246
34035,4110
34036,13453
34037,9161
34038,5756
34039,4402
34040,4635
34041,5491
34042,3978
34043,8795
34044,4287
34045,13035
34046,4160
34047,4860
34048,5612
34049,8591
34050,6190
34051,4112
34052,5805
34053,6078
34054,6474
34055,5971
34056,5217
34057,3058
34058,8290
34059,4826
34060,3516
34061,5750
34062,5566
34063,5719
34064,6159
34065,7989
34066,7551
34067,5891
34068,6457
34069,4017
34070,8004
34071,5013
34072,4099
34073,6143
34074,6420
34075,5686
34076,7613
34077,5677
34078,5600
34079,5784
34080,5387
34081,5222
34082,6478
34083,6438
34084,5899
34085,4820
34086,4771
34087,8137
34088,5449
34089,3644
34090,10449
34091,4624
34092,2884
34093,6515
34094,8098
34095,8399
34096,4982
34097,4980
34098,5559
34099,3245
34100,5907
34101,6979
34102,5741
34103,5190
34104,6302
34105,7316
34106,2948
34107,4779
34108,5105
34109,5085
34110,4434
34111,6542
34112,6778
34113,5747
34114,4362
34115,7207
34116,5652
34117,7379
34118,7613
34119,4337
34120,6342
34121,6351
34122,7415
34123,6840
34124,7291
34125,3025
34126,8742
34127,6166
34128,6537
34129,9351
34130,4531
34131,3583
34132,10292
34133,7461
34134,7508
34135,4897
34136,5510
34137,7888
34138,2892
34139,5964
34140,4915
34141,6586
34142,5460
34143,4534
34144,7379
34145,4447
34146,7857
34147,9171
34148,15839
34149,6483
34150,4158
34151,4820
34152,3620
34153,2802
34154,10604
34155,7172
34156,5052
34157,7718
34158,4571
34159,10124
34160,3978
34161,5297
34162,5504
34163,7721
34164,4603
34165,5348
34166,5018
34167,4101
34168,6877
34169,4614
34170,6052
34171,6874
34172,8387
34173,6834
34174,6845
34175,5184
34176,9431
34177,4313
34178,4787
34179,9421
34180,6407
34181,7613
34182,8807
34183,14365
34184,4567
34185,4289
34186,4501
34187,5188
34188,7504
34189,8924
34190,6088
34191,6925
34192,6804
34193,3184
34194,7317
34195,6351
34196,5491
34197,6862
34198,4584
34199,4374
34200,4321
34201,3640
34202,4043
34203,7218
34204,6463
34205,9778
34206,14637
34207,6300
34208,4721
34209,5791
34210,7646
34211,8311
34212,3657
34213,5414
34214,3545
34215,8523
34216,5908
34217,5561
34218,11400
34219,11601
34220,4135
34221,6860
34222,3553
34223,5161
34224,5502
34225,7914
34226,4168
34227,3880
34228,5050
34229,6171
34230,5668
34231,3976
34232,5286
34233,6387
34234,5686
34235,5799
34236,3263
34237,9377
34238,17392
34239,3842
34240,6580
34241,7476
34242,5723
34243,3859
34244,3461
34245,3435
34246,6856
34247,4315
34248,6577
34249,8758
34250,4076
34251,4925
34252,5442
34253,5095
34254,4442
34255,4969
34256,5783
34257,9438
34258,6828
34259,7764
34260,5086
34261,3939
34262,6000
34263,5977
34264,7527
34265,5867
34266,4317
34267,20898
34268,5673
34269,5329
34270,11180
34271,6242
34272,6115
34273,5543
34274,6606
34275,4334
34276,8638
34277,13489
34278,4628
34279,4849
34280,5658
34281,11092
34282,5457
34283,4612
34284,5426
34285,4584
34286,5827
34287,3751
34288,7689
34289,3639
34290,6707
34291,2329
34292,17509
34293,7688
34294,3560
34295,4315
34296,7929
34297,5666
34298,5892
34299,7138
34300,5090
34301,5135
34302,4002
34303,8626
34304,5085
34305,5368
34306,6089
34307,6885
34308,5280
34309,7341
34310,5263
34311,3514
34312,7805
34313,8279
34314,4258
34315,6818
34316,5933
34317,4474
34318,8903
34319,5066
34320,6842
34321,5894
34322,7034
34323,3733
34324,4410
34325,4202
34326,0
34327,6100
34328,7650
34329,3473
34330,7582
34331,3231
34332,5928
34333,4496
34334,5586
34335,5628
34336,6294
34337,6050
34338,7607
34339,3290
34340,5468
34341,6625
34342,6415
34343,6114
34344,6772
34345,9310
34346,6408
34347,2700
34348,5955
34349,4622
34350,6128
34351,6342
34352,4072
34353,10792
34354,4650
34355,6222
34356,9148
34357,5845
34358,3566
34359,15650
34360,4714
34361,9167
34362,4995
34363,7063
34364,8374
34365,5624
34366,4965
34367,5720
34368,4642
34369,5433
34370,5487
34371,9359
34372,6492
34373,5145
34374,4083
34375,5793
34376,6195
34377,5588
34378,6108
34379,5525
34380,6049
34381,4766
34382,7111
34383,6954
34384,5874
34385,5199
34386,6098
34387,6537
34388,8676
34389,4892
34390,6917
34391,4825
34392,5271
34393,6569
34394,5784
34395,4195
34396,3819
34397,6275
34398,8074
34399,4457
34400,5277
34401,6919
34402,5449
34403,4674
34404,5173
34405,4122
34406,3113
34407,7236
34408,3917
34409,6762
34410,5894
34411,5544
34412,5537
34413,9667
34414,7699
34415,6661
34416,4643
34417,7365
34418,7370
34419,3606
34420,3220
34421,6943
34422,2956
34423,6262
34424,12171
34425,6839
34426,6065
34427,3844
34428,6512
34429,5443
34430,5541
34431,6277
34432,7110
34433,7055
34434,5071
34435,7242
34436,4212
34437,6284
34438,4743
34439,5367
34440,4992
34441,5014
34442,5198
34443,6591
34444,3896
34445,8370
34446,5678
34447,3990
34448,4219
34449,7460
34450,6712
34451,4772
34452,5813
34453,5654
34454,4521
34455,5559
34456,5584
34457,5808
34458,4462
34459,4903
34460,7574
34461,5951
34462,5361
34463,3350
34464,8776
34465,5667
34466,4377
34467,6125
34468,10048
34469,7232
34470,7473
34471,9063
34472,5947
34473,4933
34474,5150
34475,7168
34476,7532
34477,10908
34478,3792
34479,5511
34480,2929
34481,3982
34482,8029
34483,12584
34484,5507
34485,4151
34486,4402
34487,5626
34488,5073
34489,8356
34490,7254
34491,5332
34492,3526
34493,6796
34494,5133
34495,10274
34496,7751
34497,4253
34498,6206
34499,3606
34500,6315
34501,6910
34502,6397
34503,6937
34504,5541
34505,6463
34506,3912
34507,5460
34508,6406
34509,7289
34510,6290
34511,7291
34512,5098
34513,4042
34514,8522
34515,4260
34516,10400
34517,5636
34518,3983
34519,5635
34520,5621
34521,5678
34522,6982
34523,8228
34524,4072
34525,11531
34526,3805
34527,4024
34528,6072
34529,7062
34530,10263
34531,5748
34532,5648
34533,4984
34534,5921
34535,6262
34536,4471
34537,5711
34538,4401
34539,8899
34540,5632
34541,7487
34542,11814
34543,7552
34544,4577
34545,4296
34546,5036
34547,10136
34548,5168
34549,8678
34550,3667
34551,8928
34552,6502
34553,4682
34554,4509
34555,4030
34556,4663
34557,4962
34558,4932
34559,4435
34560,4082
34561,4241
34562,7468
34563,5803
34564,20043
34565,5605
34566,3715
34567,4084
34568,5801
34569,8098
34570,3999
34571,4022
34572,8811
34573,5277
34574,6222
34575,5335
34576,6351
34577,5937
34578,3568
34579,4859
34580,5362
34581,7327
34582,5326
34583,5606
34584,5904
34585,7946
34586,4092
34587,3908
34588,4261
34589,8091
34590,8993
34591,4748
34592,7980
34593,3999
34594,6467
34595,3540
34596,4429
34597,3628
34598,6775
34599,6920
34600,8908
34601,8369
34602,4798
34603,4490
34604,4015
34605,3813
34606,5028
34607,8255
34608,5376
34609,4312
34610,4019
34611,4000
34612,6207
34613,2966
34614,6305
34615,3246
34616,5718
34617,4968
34618,4320
34619,5849
34620,4110
34621,6841
34622,6818
34623,5754
34624,4739
34625,7342
34626,4035
34627,6164
34628,5192
34629,8400
34630,4214
34631,5216
34632,6907
34633,6504
34634,7539
34635,5404
34636,7443
34637,3686
34638,4206
34639,5117
34640,5314
34641,7851
34642,6108
34643,2923
34644,4649
34645,6327
34646,6356
34647,7589
34648,3467
34649,11272
34650,5640
34651,3688
34652,5541
34653,5362
34654,5701
34655,7028
34656,3682
34657,4688
34658,5090
34659,5860
34660,5959
34661,4474
34662,5519
34663,4318
34664,4659
34665,7410
34666,6174
34667,5394
34668,4242
34669,8843
34670,4489
34671,7655
34672,6498
34673,10606
34674,5523
34675,4423
34676,5201
34677,5554
34678,5046
34679,4108
34680,6598
34681,6150
34682,3275
34683,6185
34684,5128
34685,5653
34686,3869
34687,8220
34688,6968
34689,4528
34690,10095
34691,4395
34692,3856
34693,6607
34694,7770
34695,4610
34696,3783
34697,5902
34698,5196
34699,4365
34700,5007
34701,4241
34702,6986
34703,6692
34704,5691
34705,6499
34706,4491
34707,4089
34708,5010
34709,6346
34710,6440
34711,6552
34712,6307
34713,7889
34714,4639
34715,6552
34716,5627
34717,4446
34718,5318
34719,7418
34720,5517
34721,5532
34722,8613
34723,6773
34724,6205
34725,4558
34726,6472
34727,5876
34728,6242
34729,5586
34730,3506
34731,4617
34732,7896
34733,6582
34734,5102
34735,3322
34736,7045
34737,6312
34738,6635
34739,5698
34740,4853
34741,4375
34742,3282
34743,7760
34744,6009
34745,5535
34746,5177
34747,4331
34748,4957
34749,5460
34750,4968
34751,3220
34752,5821
34753,3854
34754,7105
34755,6801
34756,5918
34757,9548
34758,4034
34759,4110
34760,8477
34761,4126
34762,5048
34763,2247
34764,6639
34765,7126
34766,4081
34767,5430
34768,5672
34769,5116
34770,5129
34771,6830
34772,8844
34773,2286
34774,6407
34775,2565
34776,11700
34777,3816
34778,6993
34779,7330
34780,4758
34781,5506
34782,4110
34783,4745
34784,2907
34785,4072
34786,5013
34787,4352
34788,5466
34789,5931
34790,4291
34791,6096
34792,5561
34793,7001
34794,7154
34795,6466
34796,3880
34797,2771
34798,8483
34799,8139
34800,4399
34801,6562
34802,4303
34803,6490
34804,3891
34805,4310
34806,5373
34807,2936
34808,5477
34809,3719
34810,8190
34811,5820
34812,6421
34813,6575
34814,4298
34815,6846
34816,16518
34817,8045
34818,4290
34819,2367
34820,4882
34821,6792
34822,4436
34823,5308
34824,11841
34825,5542
34826,8752
34827,16239
34828,3524
34829,5188
34830,4434
34831,3791
34832,6962
34833,4127
34834,6836
34835,8176
34836,6726
34837,5191
34838,6274
34839,3817
34840,5459
34841,3410
34842,5154
34843,6018
34844,7466
34845,5119
34846,4536
34847,3835
34848,6448
34849,4326
34850,4627
34851,3037
34852,7018
34853,4294
34854,5046
34855,6358
34856,6558
34857,0
34858,5106
34859,5696
34860,4970
34861,5857
34862,5888
34863,6990
34864,8330
34865,6570
34866,4565
34867,2958
34868,5209
34869,5458
34870,4905
34871,4164
34872,2135
34873,7227
34874,5449
34875,7512
34876,5915
34877,4522
34878,5422
34879,4250
34880,3884
34881,7865
34882,4459
34883,5691
34884,6277
34885,12240
34886,4477
34887,4391
34888,6377
34889,4820
34890,5074
34891,4237
34892,6532
34893,4030
34894,5819
34895,3333
34896,4921
34897,3354
34898,8318
34899,4213
34900,12732
34901,11077
34902,4208
34903,5486
34904,4818
34905,5330
34906,4763
34907,9769
34908,6064
34909,7296
34910,3720
34911,6897
34912,4294
34913,8190
34914,7810
34915,5402
34916,4993
34917,5219
34918,5931
34919,6380
34920,7835
34921,5155
34922,6182
34923,7906
34924,5378
34925,5641
34926,4438
34927,7731
34928,6026
34929,4939
34930,4251
34931,5426
34932,3946
34933,7445
34934,5168
34935,6025
34936,5043
34937,7292
34938,3845
34939,6546
34940,7800
34941,6540
34942,7295
34943,5980
34944,3397
34945,11359
34946,8350
34947,5802
34948,14213
34949,8252
34950,5531
34951,5199
34952,7493
34953,8643
34954,9356
34955,9251
34956,4814
34957,6322
34958,4505
34959,6904
34960,3550
34961,8954
34962,4889
34963,3987
34964,5088
34965,7401
34966,6572
34967,4412
34968,6618
34969,4624
34970,3530
34971,5781
34972,3525
34973,3937
34974,5014
34975,5062
34976,7437
34977,7693
34978,6273
34979,5413
34980,4790
34981,9043
34982,5965
34983,4197
34984,4349
34985,4192
34986,7877
34987,3665
34988,9313
34989,6070
34990,2906
34991,4167
34992,5761
34993,5256
34994,4249
34995,7414
34996,7855
34997,10292
34998,5243
34999,8560
35000,2809
35001,4440
35002,5554
35003,4096
35004,5747
35005,4782
35006,5172
35007,3284
35008,4088
35009,9604
35010,7347
35011,4016
35012,4576
35013,7469
35014,8713
35015,6642
35016,4766
35017,3807
35018,10680
35019,5151
35020,6131
35021,5148
35022,4354
35023,6030
35024,7300
35025,3105
35026,3632
35027,4421
35028,5374
35029,8398
35030,6398
35031,6570
35032,11781
35033,4260
35034,8690
35035,10054
35036,5756
35037,3991
35038,2877
35039,6463
35040,5236
35041,5114
35042,4924
35043,5548
35044,9938
35045,4222
35046,4495
35047,5891
35048,4864
35049,5756
35050,4374
35051,3554
35052,5300
35053,2840
35054,6287
35055,7455
35056,5458
35057,6729
35058,6845
35059,6596
35060,4113
35061,6159
35062,7987
35063,6403
35064,4835
35065,5433
35066,4002
35067,8333
35068,4580
35069,5500
35070,4473
35071,5791
35072,6586
35073,5664
35074,5249
35075,7336
35076,4923
35077,5758
35078,15120
35079,5231
35080,7109
35081,5117
35082,5106
35083,4516
35084,3989
35085,3793
35086,4159
35087,7233
35088,11936
35089,7528
35090,7693
35091,9056
35092,9071
35093,8533
35094,6318
35095,6895
35096,4388
35097,10044
35098,9002
35099,5802
35100,7527
35101,7296
35102,5160
35103,3414
35104,9640
35105,5591
35106,5444
35107,5411
35108,1975
35109,11236
35110,8798
35111,12117
35112,5144
35113,4122
35114,4001
35115,5090
35116,5817
35117,5862
35118,5835
35119,4984
35120,3775
35121,6080
35122,3183
35123,2554
35124,5205
35125,11573
35126,5790
35127,15664
35128,3997
35129,4936
35130,5583
35131,4594
35132,4104
35133,4098
35134,4258
35135,3520
35136,6628
35137,5258
35138,3168
35139,7381
35140,4356
35141,5008
35142,3872
35143,8985
35144,6106
35145,8505
35146,4379
35147,5896
35148,3406
35149,4218
35150,3705
35151,12834
35152,8601
35153,5222
35154,4144
35155,4097
35156,4992
35157,3974
35158,8309
35159,3984
35160,12037
35161,3778
35162,4637
35163,4977
35164,7534
35165,5424
35166,3836
35167,5622
35168,6074
35169,5862
35170,5807
35171,4864
35172,2973
35173,8312
35174,4379
35175,3536
35176,5229
35177,4989
35178,5101
35179,5731
35180,7650
35181,7223
35182,5566
35183,5993
35184,3721
35185,7182
35186,4851
35187,3677
35188,6011
35189,6043
35190,5501
35191,6835
35192,5045
35193,5296
35194,5212
35195,5552
35196,4827
35197,5931
35198,5962
35199,5534
35200,5083
35201,4521
35202,7724
35203,5193
35204,3818
35205,9453
35206,4481
35207,2940
35208,6333
35209,7486
35210,8203
35211,4628
35212,4559
35213,4986
35214,2950
35215,5339
35216,6393
35217,5386
35218,4896
35219,5784
35220,6594
35221,2886
35222,4447
35223,4765
35224,4863
35225,4116
35226,6045
35227,6313
35228,5387
35229,3946
35230,6955
35231,5058
35232,6456
35233,7225
35234,4057
35235,5766
35236,5856
35237,6961
35238,6402
35239,6926
35240,3003
35241,7862
35242,5660
35243,6052
35244,8110
35245,4030
35246,3574
35247,10186
35248,7025
35249,6705
35250,4949
35251,5629
35252,7248
35253,2912
35254,5570
35255,4716
35256,6023
35257,5553
35258,4448
35259,7024
35260,4396
35261,7156
35262,8595
35263,14009
35264,6496
35265,4102
35266,4495
35267,3402
35268,2732
35269,9559
35270,6892
35271,4579
35272,7808
35273,4196
35274,9672
35275,3651
35276,4965
35277,5127
35278,7445
35279,4207
35280,5253
35281,4635
35282,3912
35283,6509
35284,4302
35285,5467
35286,6180
35287,7871
35288,6413
35289,6485
35290,4677
35291,9127
35292,4074
35293,4430
35294,8938
35295,5916
35296,7498
35297,7957
35298,13436
35299,4696
35300,4001
35301,3940
35302,5214
35303,7406
35304,8426
35305,5646
35306,6870
35307,6142
35308,3050
35309,6709
35310,6152
35311,5240
35312,6458
35313,4240
35314,4014
35315,4028
35316,3394
35317,3961
35318,6550
35319,5910
35320,9046
35321,13691
35322,5836
35323,4273
35324,5660
35325,6862
35326,7449
35327,3307
35328,4742
35329,3512
35330,7950
35331,5456
35332,5277
35333,10283
35334,10568
35335,3963
35336,5951
35337,3195
35338,4645
35339,4848
35340,7263
35341,3956
35342,3616
35343,4828
35344,6389
35345,5996
35346,3992
35347,4867
35348,5727
35349,5832
35350,5214
35351,3059
35352,8462
35353,15649
35354,3774
35355,6008
35356,7386
35357,5548
35358,3500
35359,3185
35360,3173
35361,6732
35362,4133
35363,6444
35364,8103
35365,3679
35366,4320
35367,4789
35368,4679
35369,4174
35370,4470
35371,5362
35372,8397
35373,6581
35374,7554
35375,4742
35376,3536
35377,5551
35378,5333
35379,7002
35380,5415
35381,4034
35382,19232
35383,5196
35384,5006
35385,10118
35386,5874
35387,5321
35388,5183
35389,6216
35390,4198
35391,7813
35392,12092
35393,4413
35394,4513
35395,5456
35396,11017
35397,5186
35398,4361
35399,4984
35400,4423
35401,5443
35402,3678
35403,7002
35404,3337
35405,6256
35406,2216
35407,16744
35408,6933
35409,3329
35410,4015
35411,8022
35412,5283
35413,5522
35414,6584
35415,4732
35416,4345
35417,3927
35418,8229
35419,4607
35420,5162
35421,5664
35422,6431
35423,4846
35424,6659
35425,5058
35426,3438
35427,7212
35428,8343
35429,3967
35430,6066
35431,5456
35432,4214
35433,7877
35434,4893
35435,6429
35436,5526
35437,6448
35438,3436
35439,3993
35440,3976
35441,0
35442,5652
35443,7068
35444,3232
35445,7159
35446,3242
35447,5317
35448,4364
35449,5118
35450,5417
35451,6186
35452,5736
35453,6887
35454,3274
35455,4967
35456,6058
35457,6235
35458,5615
35459,6551
35460,8433
35461,5788
35462,2463
35463,5806
35464,4362
35465,5722
35466,5765
35467,3508
35468,9466
35469,4221
35470,5942
35471,8385
35472,6206
35473,3244
35474,12217
35475,4562
35476,8167
35477,4624
35478,6798
35479,8180
35480,4972
35481,4727
35482,5605
35483,4438
35484,4983
35485,5247
35486,8384
35487,6040
35488,4812
35489,4014
35490,5863
35491,5561
35492,5388
35493,5604
35494,5067
35495,5558
35496,4533
35497,6705
35498,6631
35499,5663
35500,4745
35501,5718
35502,6387
35503,8246
35504,4361
35505,6577
35506,4567
35507,4899
35508,5975
35509,5585
35510,3882
35511,3714
35512,6287
35513,7145
35514,4192
35515,4887
35516,6547
35517,5211
35518,4790
35519,4966
35520,3702
35521,2909
35522,6840
35523,3587
35524,6503
35525,5607
35526,5453
35527,5619
35528,9565
35529,7274
35530,6174
35531,4326
35532,6899
35533,6622
35534,3424
35535,3050
35536,6568
35537,2834
35538,5897
35539,11193
35540,6428
35541,5925
35542,3570
35543,6078
35544,4965
35545,5456
35546,5652
35547,6714
35548,6880
35549,4702
35550,6829
35551,4108
35552,5751
35553,4187
35554,4633
35555,4615
35556,4489
35557,4752
35558,6182
35559,3786
35560,7674
35561,5393
35562,3464
35563,4036
35564,6949
35565,6341
35566,4621
35567,5211
35568,5857
35569,4210
35570,5576
35571,5231
35572,5228
35573,4289
35574,4464
35575,6539
35576,5627
35577,4788
35578,3159
35579,9199
35580,5171
35581,4099
35582,5902
35583,9093
35584,6551
35585,6936
35586,8007
35587,5789
35588,4324
35589,4533
35590,6725
35591,7693
35592,10003
35593,3965
35594,5264
35595,2922
35596,3731
35597,8076
35598,11746
35599,5774
35600,4255
35601,4185
35602,5273
35603,4735
35604,7964
35605,7082
35606,5092
35607,3447
35608,6321
35609,4892
35610,9455
35611,7010
35612,4065
35613,5792
35614,3369
35615,5561
35616,6655
35617,6076
35618,6773
35619,5285
35620,6070
35621,3668
35622,4909
35623,6431
35624,6977
35625,5960
35626,6650
35627,4863
35628,3677
35629,8152
35630,3900
35631,9977
35632,5262
35633,3688
35634,5410
35635,5453
35636,5337
35637,6681
35638,7919
35639,3583
35640,10277
35641,3437
35642,3847
35643,5802
35644,6654
35645,8881
35646,5620
35647,5536
35648,4715
35649,5553
35650,5816
35651,4335
35652,5388
35653,4364
35654,8428
35655,5734
35656,6703
35657,11008
35658,6892
35659,4239
35660,4156
35661,4906
35662,9357
35663,4711
35664,7789
35665,3914
35666,8038
35667,5748
35668,4654
35669,4081
35670,3817
35671,4373
35672,4801
35673,4762
35674,4152
35675,3946
35676,3926
35677,6935
35678,5387
35679,17839
35680,5193
35681,3691
35682,4675
35683,5515
35684,7759
35685,4166
35686,3972
35687,7813
35688,4981
35689,5931
35690,4994
35691,6628
35692,5852
35693,3643
35694,4579
35695,5172
35696,7093
35697,4972
35698,5780
35699,5550
35700,7998
35701,3791
35702,3793
35703,4274
35704,7913
35705,8680
35706,4668
35707,7343
35708,3655
35709,6205
35710,3135
35711,4341
35712,3635
35713,6539
35714,6630
35715,8295
35716,8352
35717,4782
35718,4254
35719,4043
35720,3506
35721,5125
35722,8446
35723,5100
35724,4190
35725,4082
35726,3984
35727,6241
35728,2804
35729,6168
35730,3212
35731,5780
35732,5030
35733,4149
35734,5846
35735,4067
35736,6591
35737,6626
35738,5688
35739,4467
35740,7274
35741,4136
35742,5600
35743,5167
35744,8149
35745,3824
35746,5037
35747,6855
35748,6702
35749,7374
35750,5125
35751,7013
35752,3468
35753,3672
35754,4995
35755,5090
35756,7799
35757,5933
35758,2991
35759,4490
35760,6096
35761,6318
35762,7271
35763,3380
35764,11318
35765,5563
35766,3528
35767,5339
35768,5077
35769,5628
35770,6875
35771,3535
35772,4596
35773,4881
35774,5638
35775,5299
35776,4317
35777,5288
35778,4043
35779,4601
35780,7281
35781,5841
35782,5153
35783,3998
35784,8542
35785,4463
35786,7493
35787,6304
35788,10429
35789,5179
35790,4198
35791,5242
35792,5481
35793,4981
35794,4081
35795,6493
35796,5947
35797,3226
35798,5971
35799,4910
35800,5541
35801,3666
35802,8173
35803,7111
35804,4166
35805,9530
35806,4094
35807,3971
35808,6363
35809,7635
35810,4488
35811,3665
35812,5952
35813,4833
35814,4114
35815,4987
35816,4243
35817,6945
35818,6287
35819,5645
35820,6424
35821,4328
35822,3993
35823,4847
35824,6365
35825,6385
35826,6378
35827,6366
35828,7355
35829,4661
35830,6526
35831,5434
35832,4517
35833,5199
35834,7165
35835,5545
35836,5126
35837,7957
35838,7044
35839,5847
35840,4396
35841,6118
35842,5725
35843,5734
35844,5577
35845,3466
35846,4342
35847,7710
35848,6637
35849,4875
35850,3206
35851,6501
35852,6249
35853,6218
35854,5609
35855,4575
35856,4142
35857,3167
35858,7441
35859,5529
35860,5486
35861,5151
35862,4319
35863,4806
35864,5134
35865,4913
35866,3242
35867,4871
35868,3881
35869,7022
35870,6796
35871,5863
35872,9309
35873,4549
35874,4150
35875,8272
35876,4069
35877,5161
35878,1897
35879,6510
35880,6778
35881,4002
35882,5260
35883,6297
35884,5148
35885,4733
35886,6302
35887,8775
35888,2172
35889,5920
35890,2495
35891,10947
35892,4035
35893,6717
35894,7279
35895,4796
35896,5250
35897,3927
35898,4589
35899,2789
35900,3799
35901,4741
35902,4064
35903,5517
35904,5885
35905,4098
35906,5832
35907,5263
35908,6741
35909,6998
35910,6349
35911,3923
35912,2834
35913,8296
35914,7974
35915,4196
35916,6233
35917,4161
35918,6028
35919,3764
35920,4216
35921,5354
35922,2867
35923,5471
35924,3683
35925,8005
35926,5523
35927,6417
35928,6398
35929,4081
35930,6735
35931,16092
35932,7830
35933,3970
35934,2311
35935,4894
35936,6407
35937,4113
35938,5192
35939,11752
35940,5445
35941,8223
35942,16177
35943,3498
35944,4943
35945,4412
35946,3466
35947,6719
35948,4418
35949,6533
35950,7897
35951,6165
35952,4926
35953,5927
35954,3743
35955,5455
35956,3115
35957,5102
35958,5855
35959,7428
35960,5123
35961,4463
35962,3636
35963,6422
35964,4244
35965,4536
35966,2911
35967,7016
35968,4298
35969,4965
35970,5873
35971,6192
35972,0
35973,4645
35974,5100
35975,5162
35976,5658
35977,5778
35978,7095
35979,7486
35980,6065
35981,4411
35982,2893
35983,5041
35984,5210
35985,4727
35986,4088
35987,1856
35988,6778
35989,5134
35990,7483
35991,5809
35992,4320
35993,4847
35994,4054
35995,3830
35996,7267
35997,4468
35998,5608
35999,6232
36000,11418
36001,4387
36002,3835
36003,6275
36004,4016
36005,4655
36006,4200
36007,6156
36008,3899
36009,5688
36010,3296
36011,4877
36012,3180
36013,7917
36014,4153
36015,12330
36016,10909
36017,4166
36018,5389
36019,4466
36020,5130
36021,4564
36022,9473
36023,5883
36024,6592
36025,3648
36026,6651
36027,4243
36028,8026
36029,7425
36030,5285
36031,4791
36032,5138
36033,5783
36034,6249
36035,7307
36036,5087
36037,5970
36038,7939
36039,5426
36040,5435
36041,4381
36042,7402
36043,5786
36044,4509
36045,4307
36046,4881
36047,3799
36048,7578
36049,5074
36050,5778
36051,5118
36052,6963
36053,3764
36054,6116
36055,7136
36056,6074
36057,6355
36058,5472
36059,3345
36060,11317
36061,7942
36062,5725
36063,14180
36064,7347
36065,5651
36066,5032
36067,7080
36068,8177
36069,8641
36070,9032
36071,4312
36072,6117
36073,4379
36074,6750
36075,3403
36076,8144
36077,4750
36078,3892
36079,5114
36080,7055
36081,6339
36082,4309
36083,6345
36084,4620
36085,3376
36086,5638
36087,3455
36088,3980
36089,4680
36090,5522
36091,7602
36092,7480
36093,6138
36094,5327
36095,4808
36096,8625
36097,5605
36098,4129
36099,4318
36100,4308
36101,7595
36102,3534
36103,9234
36104,6091
36105,2721
36106,4119
36107,5617
36108,5273
36109,4269
36110,7504
36111,7451
36112,10121
36113,4853
36114,8670
36115,2746
36116,4173
36117,5418
36118,3911
36119,5421
36120,4713
36121,5129
36122,3201
36123,3895
36124,9575
36125,7176
36126,3849
36127,4324
36128,7283
36129,8515
36130,6596
36131,4629
36132,3597
36133,10914
36134,5271
36135,6653
36136,4761
36137,4353
36138,5952
36139,6850
36140,2780
36141,3825
36142,3955
36143,5179
36144,8309
36145,6390
36146,6478
36147,10818
36148,4141
36149,8424
36150,9773
36151,5622
36152,3830
36153,2694
36154,6413
36155,4971
36156,4951
36157,4815
36158,5289
36159,8910
36160,4070
36161,4411
36162,5780
36163,3899
36164,5825
36165,4302
36166,3488
36167,5248
36168,2720
36169,5596
36170,7351
36171,5368
36172,6492
36173,6448
36174,6418
36175,4063
36176,5869
36177,7631
36178,6450
36179,4830
36180,5467
36181,4813
36182,8263
36183,4602
36184,5346
36185,4325
36186,5888
36187,6445
36188,5348
36189,5050
36190,7125
36191,4845
36192,5774
36193,14112
36194,5047
36195,7032
36196,4444
36197,4835
36198,4555
36199,3861
36200,3609
36201,4102
36202,7150
36203,11557
36204,7190
36205,7518
36206,8238
36207,8772
36208,8031
36209,5986
36210,6266
36211,4099
36212,9475
36213,8485
36214,5870
36215,7169
36216,6475
36217,5166
36218,3196
36219,9424
36220,5580
36221,5203
36222,5253
36223,1986
36224,10316
36225,8532
36226,11736
36227,5108
36228,3961
36229,3721
36230,5080
36231,5193
36232,5884
36233,5638
36234,4632
36235,3790
36236,5557
36237,3432
36238,2405
36239,4891
36240,11112
36241,5521
36242,15830
36243,3768
36244,4764
36245,5554
36246,4144
36247,3961
36248,4099
36249,4072
36250,3363
36251,6544
36252,5207
36253,3219
36254,7194
36255,4187
36256,4836
36257,3637
36258,8576
36259,5932
36260,8115
36261,4174
36262,5569
36263,3348
36264,4018
36265,3571
36266,13090
36267,8602
36268,5036
36269,4063
36270,3983
36271,4882
36272,3740
36273,7677
36274,3735
36275,11713
36276,3656
36277,4412
36278,4840
36279,7331
36280,5372
36281,3826
36282,5404
36283,5876
36284,5733
36285,5586
36286,4657
36287,2803
36288,7565
36289,4166
36290,3293
36291,5238
36292,5001
36293,4999
36294,5372
36295,7537
36296,6743
36297,5339
36298,5867
36299,3704
36300,7195
36301,4772
36302,3606
36303,5695
36304,5804
36305,5205
36306,6762
36307,4966
36308,5175
36309,5276
36310,5030
36311,4516
36312,5743
36313,6036
36314,5363
36315,4372
36316,4510
36317,7585
36318,5351
36319,3692
36320,9017
36321,4150
36322,2983
36323,5853
36324,7562
36325,8070
36326,4560
36327,4273
36328,4786
36329,2946
36330,5340
36331,6328
36332,5136
36333,4404
36334,5463
36335,6347
36336,2807
36337,4305
36338,4590
36339,4612
36340,4020
36341,5977
36342,6286
36343,5287
36344,3972
36345,6805
36346,4957
36347,6189
36348,7102
36349,4243
36350,5694
36351,5715
36352,6707
36353,6252
36354,7046
36355,2727
36356,7833
36357,5623
36358,5610
36359,8066
36360,3986
36361,3420
36362,9787
36363,6663
36364,6638
36365,4701
36366,5010
36367,7157
36368,2765
36369,5360
36370,4513
36371,5858
36372,4982
36373,4132
36374,6857
36375,4198
36376,6941
36377,8386
36378,13687
36379,6105
36380,3865
36381,4440
36382,3423
36383,2635
36384,8724
36385,6439
36386,4524
36387,7046
36388,4126
36389,9166
36390,3673
36391,4974
36392,4980
36393,7767
36394,4243
36395,5418
36396,4593
36397,3724
36398,6176
36399,4121
36400,5737
36401,6043
36402,8017
36403,6236
36404,6086
36405,4505
36406,8685
36407,4030
36408,4298
36409,8318
36410,5862
36411,7315
36412,7539
36413,13238
36414,4276
36415,3892
36416,3986
36417,4724
36418,7057
36419,8384
36420,5628
36421,6371
36422,6023
36423,3026
36424,6719
36425,6310
36426,5153
36427,5964
36428,4155
36429,3766
36430,4100
36431,3243
36432,3861
36433,6219
36434,5477
36435,8497
36436,13527
36437,5762
36438,4256
36439,5778
36440,6715
36441,7298
36442,3253
36443,4744
36444,3415
36445,7446
36446,5525
36447,4780
36448,9971
36449,10851
36450,3881
36451,5887
36452,3142
36453,4776
36454,4628
36455,7154
36456,3842
36457,3613
36458,4681
36459,5664
36460,4918
36461,3766
36462,4709
36463,5489
36464,5251
36465,5007
36466,2862
36467,8269
36468,15076
36469,3601
36470,5967
36471,6799
36472,5373
36473,3304
36474,3019
36475,3215
36476,6098
36477,4170
36478,6083
36479,7775
36480,3660
36481,4102
36482,4748
36483,4567
36484,4112
36485,4597
36486,5543
36487,8455
36488,6143
36489,7441
36490,4718
36491,3328
36492,5195
36493,5110
36494,6339
36495,5357
36496,3708
36497,18980
36498,4912
36499,4653
36500,10054
36501,5530
36502,5218
36503,4849
36504,6124
36505,4201
36506,7504
36507,11892
36508,4065
36509,4320
36510,5491
36511,10483
36512,5111
36513,4210
36514,4777
36515,4208
36516,5192
36517,3427
36518,6890
36519,3310
36520,6086
36521,2190
36522,16300
36523,6910
36524,3603
36525,4025
36526,7105
36527,5021
36528,5510
36529,6549
36530,4602
36531,4452
36532,3694
36533,7943
36534,4509
36535,4974
36536,5451
36537,6402
36538,4700
36539,6542
36540,4528
36541,3387
36542,6677
36543,7304
36544,3958
36545,5872
36546,5417
36547,4133
36548,7732
36549,4351
36550,6177
36551,5427
36552,6256
36553,3325
36554,4006
36555,3877
36556,0
36557,5995
36558,6758
36559,3210
36560,6812
36561,3354
36562,5237
36563,3985
36564,5114
36565,5378
36566,5713
36567,5556
36568,6552
36569,3178
36570,4995
36571,5833
36572,5724
36573,5995
36574,6648
36575,8269
36576,5547
36577,2569
36578,5250
36579,3895
36580,5423
36581,5405
36582,3631
36583,9513
36584,4177
36585,5503
36586,8338
36587,5452
36588,3244
36589,10589
36590,4386
36591,7979
36592,4530
36593,6585
36594,7000
36595,5035
36596,4396
36597,5292
36598,4320
36599,4800
36600,5266
36601,7931
36602,5850
36603,4602
36604,3678
36605,5523
36606,5273
36607,5037
36608,5658
36609,4753
36610,5236
36611,3944
36612,6507
36613,6709
36614,5387
36615,4548
36616,5657
36617,6005
36618,7631
36619,4341
36620,6175
36621,4476
36622,4740
36623,6026
36624,5416
36625,3742
36626,3587
36627,7175
36628,7147
36629,4063
36630,4636
36631,6079
36632,5160
36633,4251
36634,5421
36635,3699
36636,2714
36637,6454
36638,3448
36639,6175
36640,5608
36641,5051
36642,4746
36643,8300
36644,7383
36645,6653
36646,4210
36647,6504
36648,6251
36649,3447
36650,2786
36651,6260
36652,2727
36653,5723
36654,11148
36655,6127
36656,5735
36657,3440
36658,5864
36659,4736
36660,5193
36661,5454
36662,6327
36663,6804
36664,4493
36665,6266
36666,3999
36667,5417
36668,4116
36669,4559
36670,4552
36671,4384
36672,4640
36673,5834
36674,3696
36675,7375
36676,5059
36677,3456
36678,3878
36679,6708
36680,6310
36681,4315
36682,4964
36683,5059
36684,4350
36685,5001
36686,4952
36687,5232
36688,4157
36689,4464
36690,6736
36691,5522
36692,4754
36693,2995
36694,7946
36695,5036
36696,3720
36697,5452
36698,8866
36699,6445
36700,7173
36701,7816
36702,5451
36703,4412
36704,4411
36705,6477
36706,6984
36707,10289
36708,3710
36709,4920
36710,2700
36711,3480
36712,7163
36713,11182
36714,5007
36715,3696
36716,4081
36717,5065
36718,4756
36719,8160
36720,6780
36721,5124
36722,3279
36723,6197
36724,4628
36725,8746
36726,6957
36727,3945
36728,5498
36729,3336
36730,5633
36731,6614
36732,5823
36733,6676
36734,4905
36735,5823
36736,3601
36737,4805
36738,5841
36739,6591
36740,5826
36741,6589
36742,4668
36743,3578
36744,7777
36745,3982
36746,9079
36747,5296
36748,3698
36749,6323
36750,5346
36751,4900
36752,6546
36753,7495
36754,3618
36755,9692
36756,3310
36757,3621
36758,5558
36759,6434
36760,9133
36761,5310
36762,5013
36763,4683
36764,5163
36765,5567
36766,4222
36767,5172
36768,4105
36769,8148
36770,5767
36771,6351
36772,10848
36773,6961
36774,4161
36775,4034
36776,4674
36777,9392
36778,4499
36779,7489
36780,3684
36781,7516
36782,5740
36783,4464
36784,3991
36785,3667
36786,4084
36787,4682
36788,4426
36789,4085
36790,3452
36791,3640
36792,6853
36793,5313
36794,17867
36795,5222
36796,3632
36797,3990
36798,5517
36799,7753
36800,3850
36801,3866
36802,7893
36803,5716
36804,6003
36805,4849
36806,6204
36807,5676
36808,3736
36809,4615
36810,5346
36811,6992
36812,5070
36813,5636
36814,5639
36815,8526
36816,3876
36817,3933
36818,4440
36819,7702
36820,8780
36821,5310
36822,7236
36823,4155
36824,6163
36825,3385
36826,4505
36827,3423
36828,6466
36829,6519
36830,8370
36831,8187
36832,5203
36833,4244
36834,3795
36835,3698
36836,5118
36837,7896
36838,5027
36839,4075
36840,4392
36841,3998
36842,6035
36843,2814
36844,6056
36845,3390
36846,5951
36847,5305
36848,4275
36849,5998
36850,4002
36851,6900
36852,6810
36853,5598
36854,4378
36855,7049
36856,3832
36857,5594
36858,5449
36859,8724
36860,4201
36861,5422
36862,6862
36863,6503
36864,7383
36865,5238
36866,7095
36867,3629
36868,3877
36869,4936
36870,5306
36871,7871
36872,6175
36873,2958
36874,4463
36875,6624
36876,6022
36877,7705
36878,3205
36879,10609
36880,5763
36881,3479
36882,5177
36883,5179
36884,5430
36885,6851
36886,3621
36887,4692
36888,4959
36889,5823
36890,5447
36891,4364
36892,5773
36893,4313
36894,4522
36895,7400
36896,5745
36897,5143
36898,3956
36899,8331
36900,4297
36901,7287
36902,6234
36903,10414
36904,5146
36905,4182
36906,5408
36907,5391
36908,4903
36909,3963
36910,6394
36911,5937
36912,3222
36913,6034
36914,4628
36915,5691
36916,3711
36917,7392
36918,6831
36919,3856
36920,9830
36921,4205
36922,3829
36923,6377
36924,7732
36925,4436
36926,3627
36927,5891
36928,5055
36929,4064
36930,5032
36931,4205
36932,6771
36933,6836
36934,5550
36935,6311
36936,4431
36937,3821
36938,4973
36939,6920
36940,6286
36941,6523
36942,6099
36943,7323
36944,4547
36945,6902
36946,5572
36947,4138
36948,5189
36949,7716
36950,5524
36951,6108
36952,7912
36953,6632
36954,6048
36955,4758
36956,5939
36957,5889
36958,5864
36959,5357
36960,3290
36961,4502
36962,7637
36963,6461
36964,5033
36965,3231
36966,6725
36967,5992
36968,6383
36969,5506
36970,4431
36971,4315
36972,3098
36973,8022
36974,5695
36975,5454
36976,5158
36977,4351
36978,4566
36979,5080
36980,5141
36981,3245
36982,5092
36983,3850
36984,7162
36985,6528
36986,5703
36987,9222
36988,3950
36989,4216
36990,7966
36991,3979
36992,4620
36993,2015
36994,6787
36995,6677
36996,4554
36997,5454
36998,5451
36999,5157
37000,4825
37001,6899
37002,8556
37003,2192
37004,6308
37005,2510
37006,11176
37007,3650
37008,6625
37009,7099
37010,4967
37011,5174
37012,3799
37013,4705
37014,2691
37015,3791
37016,5075
37017,4097
37018,5214
37019,5894
37020,4468
37021,5770
37022,4937
37023,6787
37024,7428
37025,6283
37026,3959
37027,3075
37028,8231
37029,7819
37030,4397
37031,6044
37032,4097
37033,6196
37034,3973
37035,3937
37036,5235
37037,3159
37038,5427
37039,3590
37040,8055
37041,5592
37042,6566
37043,6522
37044,4375
37045,6688
37046,16042
37047,8026
37048,3948
37049,2283
37050,4811
37051,6529
37052,4229
37053,5341
37054,12464
37055,5427
37056,8955
37057,16303
37058,3466
37059,4909
37060,4425
37061,3813
37062,8208
37063,3826
37064,6491
37065,7869
37066,6244
37067,5267
37068,5969
37069,4065
37070,5157
37071,3207
37072,4963
37073,5813
37074,7146
37075,5450
37076,4787
37077,3761
37078,6405
37079,4126
37080,4449
37081,3114
37082,6947
37083,4584
37084,5098
37085,5600
37086,6406
37087,0
37088,4833
37089,5309
37090,4719
37091,5901
37092,5688
37093,7237
37094,7449
37095,6318
37096,4357
37097,2905
37098,5040
37099,5348
37100,4920
37101,4103
37102,2319
37103,6782
37104,5416
37105,7033
37106,5692
37107,4673
37108,5504
37109,4310
37110,3977
37111,7675
37112,4330
37113,6122
37114,6235
37115,11845
37116,4787
37117,4436
37118,6433
37119,4398
37120,6279
37121,4569
37122,6252
37123,3879
37124,5732
37125,3296
37126,4895
37127,3205
37128,8028
37129,4232
37130,11595
37131,10880
37132,4355
37133,5370
37134,4436
37135,5133
37136,4480
37137,9535
37138,6276
37139,6879
37140,3694
37141,6618
37142,4348
37143,7929
37144,7139
37145,5510
37146,4854
37147,5392
37148,6022
37149,6190
37150,8005
37151,5023
37152,6273
37153,7551
37154,5698
37155,5492
37156,4803
37157,7471
37158,5903
37159,4626
37160,4251
37161,5237
37162,3927
37163,7437
37164,5295
37165,6331
37166,4983
37167,7093
37168,3849
37169,6141
37170,7371
37171,6247
37172,6929
37173,5882
37174,3444
37175,10756
37176,7882
37177,6341
37178,14837
37179,8199
37180,5479
37181,5037
37182,7186
37183,8338
37184,8774
37185,8620
37186,4423
37187,6073
37188,4468
37189,6997
37190,3441
37191,9306
37192,4783
37193,3787
37194,5106
37195,7167
37196,6377
37197,4288
37198,6221
37199,4478
37200,3495
37201,5767
37202,3655
37203,3835
37204,4887
37205,4694
37206,7676
37207,7484
37208,6337
37209,5639
37210,4900
37211,9051
37212,5620
37213,4080
37214,4190
37215,4165
37216,7643
37217,3473
37218,9615
37219,5842
37220,2904
37221,3813
37222,5742
37223,5366
37224,4250
37225,7463
37226,8244
37227,9988
37228,5040
37229,8888
37230,2642
37231,4263
37232,5435
37233,4032
37234,5324
37235,4532
37236,5178
37237,3392
37238,4193
37239,9265
37240,6948
37241,3865
37242,4196
37243,7124
37244,8788
37245,7861
37246,4734
37247,3857
37248,9192
37249,4978
37250,6155
37251,4812
37252,4519
37253,5901
37254,7538
37255,3165
37256,3569
37257,4205
37258,4975
37259,8032
37260,6345
37261,6225
37262,11247
37263,4268
37264,8191
37265,9241
37266,5910
37267,3851
37268,2859
37269,6251
37270,4723
37271,4982
37272,5172
37273,5377
37274,9359
37275,4008
37276,4659
37277,5760
37278,4619
37279,5916
37280,4215
37281,3731
37282,5539
37283,2643
37284,6178
37285,7173
37286,5241
37287,6460
37288,6654
37289,6403
37290,4295
37291,5882
37292,7459
37293,6110
37294,4663
37295,5201
37296,3939
37297,8272
37298,5498
37299,5624
37300,4225
37301,5626
37302,6572
37303,5499
37304,5020
37305,6741
37306,4737
37307,6097
37308,14632
37309,5066
37310,7206
37311,5035
37312,5151
37313,4499
37314,3933
37315,3557
37316,4427
37317,7405
37318,11247
37319,7151
37320,7527
37321,8861
37322,8677
37323,8267
37324,6510
37325,6718
37326,4131
37327,8894
37328,8741
37329,5843
37330,7102
37331,6604
37332,4990
37333,3172
37334,9327
37335,5436
37336,5216
37337,5269
37338,1995
37339,10488
37340,8727
37341,11903
37342,5356
37343,3987
37344,3693
37345,4970
37346,5268
37347,6020
37348,5927
37349,4567
37350,3783
37351,5864
37352,3037
37353,2483
37354,5274
37355,11137
37356,5660
37357,15673
37358,3894
37359,4899
37360,5203
37361,4279
37362,4032
37363,4131
37364,4008
37365,3298
37366,6694
37367,5414
37368,3069
37369,7334
37370,4218
37371,4848
37372,3671
37373,8471
37374,5886
37375,8455
37376,4245
37377,5792
37378,3425
37379,4126
37380,3718
37381,12099
37382,8506
37383,5318
37384,4045
37385,4149
37386,4860
37387,4450
37388,9410
37389,3751
37390,11441
37391,3606
37392,4412
37393,4860
37394,7359
37395,5666
37396,3812
37397,5532
37398,5919
37399,5935
37400,5690
37401,4637
37402,2942
37403,8106
37404,4047
37405,3318
37406,5039
37407,5203
37408,4886
37409,5391
37410,7529
37411,6995
37412,5451
37413,6066
37414,3592
37415,7040
37416,4591
37417,3687
37418,5699
37419,6071
37420,5352
37421,7278
37422,4903
37423,5124
37424,5381
37425,5403
37426,4536
37427,5615
37428,6110
37429,5669
37430,4911
37431,4392
37432,7837
37433,5408
37434,3632
37435,9107
37436,4595
37437,2748
37438,6021
37439,7454
37440,7919
37441,4554
37442,4557
37443,4895
37444,3013
37445,5196
37446,5933
37447,5721
37448,4640
37449,5518
37450,6627
37451,2847
37452,4132
37453,4775
37454,4607
37455,4161
37456,5838
37457,6041
37458,5126
37459,3918
37460,6818
37461,4973
37462,6413
37463,6909
37464,4288
37465,5609
37466,5632
37467,6825
37468,6503
37469,6629
37470,4260
37471,8278
37472,5677
37473,5945
37474,7720
37475,3907
37476,3436
37477,9639
37478,6826
37479,6568
37480,4749
37481,5533
37482,7043
37483,2927
37484,5637
37485,4489
37486,6232
37487,5264
37488,4505
37489,6813
37490,4542
37491,6923
37492,8456
37493,13373
37494,6048
37495,4042
37496,4400
37497,3494
37498,2693
37499,8836
37500,6674
37501,4638
37502,7084
37503,4353
37504,9228
37505,3801
37506,5067
37507,5065
37508,7271
37509,4103
37510,5096
37511,4489
37512,3623
37513,6195
37514,4319
37515,5558
37516,6123
37517,7942
37518,6462
37519,6271
37520,4836
37521,8809
37522,3956
37523,4539
37524,8124
37525,5762
37526,7297
37527,7456
37528,13231
37529,4357
37530,3919
37531,4203
37532,4743
37533,7201
37534,8299
37535,5694
37536,6677
37537,6213
37538,3090
37539,6393
37540,5983
37541,5279
37542,6658
37543,4395
37544,3851
37545,4098
37546,3174
37547,3823
37548,6511
37549,6152
37550,8996
37551,13237
37552,5619
37553,4322
37554,5485
37555,6794
37556,7250
37557,3408
37558,4859
37559,3614
37560,7754
37561,5476
37562,4957
37563,10150
37564,10767
37565,4044
37566,6109
37567,3142
37568,4552
37569,4567
37570,7351
37571,3740
37572,3561
37573,4605
37574,6046
37575,5935
37576,3654
37577,4923
37578,6049
37579,5251
37580,5318
37581,3036
37582,8104
37583,14718
37584,3600
37585,6026
37586,6922
37587,5655
37588,3436
37589,3230
37590,3087
37591,6452
37592,4039
37593,6182
37594,7724
37595,3814
37596,4400
37597,4952
37598,4778
37599,4030
37600,4651
37601,5509
37602,8250
37603,6599
37604,7262
37605,4936
37606,3438
37607,5202
37608,5199
37609,7231
37610,5413
37611,3750
37612,18826
37613,5156
37614,4731
37615,9815
37616,5788
37617,5253
37618,5024
37619,6028
37620,4076
37621,7503
37622,11712
37623,4182
37624,4410
37625,5225
37626,10290
37627,5240
37628,4215
37629,4912
37630,4100
37631,5118
37632,3531
37633,6840
37634,3304
37635,6139
37636,2140
37637,16165
37638,6644
37639,3273
37640,4198
37641,7444
37642,4900
37643,5436
37644,6657
37645,4655
37646,4387
37647,3903
37648,7934
37649,4527
37650,5045
37651,5416
37652,6229
37653,4531
37654,6509
37655,4566
37656,3272
37657,6921
37658,7337
37659,3841
37660,6160
37661,5739
37662,4193
37663,7768
37664,4502
37665,6204
37666,5598
37667,6525
37668,3244
37669,4023
37670,4048
37671,0
37672,5423
37673,6766
37674,3398
37675,6891
37676,3071
37677,5134
37678,3971
37679,5130
37680,5209
37681,5643
37682,5846
37683,6836
37684,3496
37685,4998
37686,5827
37687,6152
37688,5636
37689,6197
37690,8227
37691,5740
37692,2616
37693,5709
37694,3953
37695,5412
37696,5493
37697,3435
37698,9605
37699,4174
37700,5768
37701,8393
37702,6120
37703,3264
37704,9671
37705,4671
37706,7976
37707,4452
37708,6614
37709,7824
37710,5229
37711,4276
37712,5270
37713,4409
37714,4731
37715,5137
37716,7978
37717,5963
37718,4611
37719,3915
37720,5379
37721,5331
37722,5080
37723,5728
37724,4807
37725,5339
37726,5000
37727,6612
37728,6472
37729,5318
37730,4952
37731,5424
37732,6003
37733,7813
37734,4401
37735,6312
37736,4414
37737,5085
37738,6159
37739,5589
37740,3678
37741,3614
37742,6146
37743,7479
37744,4069
37745,4603
37746,6312
37747,5005
37748,4634
37749,4783
37750,3887
37751,2917
37752,6243
37753,3422
37754,6100
37755,5575
37756,5096
37757,4957
37758,9206
37759,7340
37760,6130
37761,4111
37762,7431
37763,6166
37764,3345
37765,2848
37766,6591
37767,2874
37768,5815
37769,10401
37770,6773
37771,5679
37772,3535
37773,5695
37774,5335
37775,5034
37776,5771
37777,6541
37778,6908
37779,4370
37780,6574
37781,3975
37782,5428
37783,4108
37784,4491
37785,5074
37786,4511
37787,4483
37788,6131
37789,3705
37790,7440
37791,5191
37792,3615
37793,3780
37794,7198
37795,6168
37796,4611
37797,4942
37798,5050
37799,4300
37800,5202
37801,4997
37802,5134
37803,4035
37804,4351
37805,6763
37806,5574
37807,5013
37808,2951
37809,8271
37810,5304
37811,3836
37812,5633
37813,8721
37814,6709
37815,6571
37816,7622
37817,5474
37818,4451
37819,4453
37820,6395
37821,6756
37822,9883
37823,3711
37824,5114
37825,3035
37826,3526
37827,7470
37828,11509
37829,5291
37830,4122
37831,4482
37832,5407
37833,4839
37834,7717
37835,7026
37836,5014
37837,3441
37838,6099
37839,4741
37840,9486
37841,7368
37842,3929
37843,5797
37844,3381
37845,5767
37846,6616
37847,5819
37848,6501
37849,5021
37850,5839
37851,3599
37852,5222
37853,5624
37854,6644
37855,5913
37856,6905
37857,5076
37858,3508
37859,7687
37860,3865
37861,9152
37862,5371
37863,3487
37864,4960
37865,5425
37866,5121
37867,6235
37868,7472
37869,3832
37870,9516
37871,3399
37872,3816
37873,5513
37874,6546
37875,8903
37876,5327
37877,5529
37878,4484
37879,5369
37880,5597
37881,4343
37882,5379
37883,4303
37884,8173
37885,5419
37886,6394
37887,10379
37888,7130
37889,4009
37890,3940
37891,4578
37892,9726
37893,4362
37894,7836
37895,3630
37896,7926
37897,5698
37898,4390
37899,4233
37900,3776
37901,4118
37902,4549
37903,4660
37904,4002
37905,3875
37906,3668
37907,6907
37908,5724
37909,17531
37910,5332
37911,3889
37912,3826
37913,5700
37914,7901
37915,4084
37916,4013
37917,8779
37918,4819
37919,6287
37920,5084
37921,6055
37922,5753
37923,4145
37924,4792
37925,5829
37926,7306
37927,5009
37928,6509
37929,6057
37930,7108
37931,4638
37932,4454
37933,5020
37934,8425
37935,8819
37936,5817
37937,7469
37938,4028
37939,6618
37940,3071
37941,5127
37942,3594
37943,6880
37944,6785
37945,9098
37946,8829
37947,5874
37948,4824
37949,3690
37950,3621
37951,5780
37952,8045
37953,5431
37954,4293
37955,4873
37956,4436
37957,5830
37958,2911
37959,7052
37960,3856
37961,6913
37962,5878
37963,4507
37964,6971
37965,4139
37966,7652
37967,7074
37968,5869
37969,4619
37970,7084
37971,3993
37972,5730
37973,6146
37974,9492
37975,4477
37976,6013
37977,6797
37978,6931
37979,8120
37980,5514
37981,7589
37982,3672
37983,3777
37984,4885
37985,5999
37986,8826
37987,6819
37988,3270
37989,4867
37990,7462
37991,6938
37992,7865
37993,3673
37994,10622
37995,5802
37996,3688
37997,4809
37998,5314
37999,5717
38000,6897
38001,3672
38002,5155
38003,5873
38004,6158
38005,5658
38006,4003
38007,5931
38008,4716
38009,4898
38010,8148
38011,6208
38012,5687
38013,4311
38014,8499
38015,4693
38016,7541
38017,6522
38018,12367
38019,5479
38020,4189
38021,6252
38022,5594
38023,5732
38024,4443
38025,7551
38026,6002
38027,3393
38028,6662
38029,4716
38030,6223
38031,3974
38032,8159
38033,6673
38034,4985
38035,9854
38036,4803
38037,4257
38038,6881
38039,8283
38040,4512
38041,3797
38042,6296
38043,5130
38044,4231
38045,5680
38046,4536
38047,7801
38048,6495
38049,6245
38050,6234
38051,4589
38052,4188
38053,5503
38054,7413
38055,6413
38056,7206
38057,6844
38058,7451
38059,5096
38060,7348
38061,6215
38062,4529
38063,5198
38064,8070
38065,6238
38066,5382
38067,8296
38068,7760
38069,6769
38070,5149
38071,6475
38072,6717
38073,5747
38074,5822
38075,3559
38076,4543
38077,7511
38078,6788
38079,5449
38080,3519
38081,6790
38082,6186
38083,6365
38084,6094
38085,4687
38086,4280
38087,3074
38088,8317
38089,5472
38090,5616
38091,5308
38092,4961
38093,4665
38094,5628
38095,6044
38096,3377
38097,5777
38098,4407
38099,7916
38100,7160
38101,6062
38102,11069
38103,3899
38104,4762
38105,8567
38106,4300
38107,5584
38108,2161
38109,7583
38110,7128
38111,5138
38112,5893
38113,5644
38114,5624
38115,4922
38116,6283
38117,8428
38118,2560
38119,6309
38120,2755
38121,10682
38122,3871
38123,7217
38124,8449
38125,5666
38126,5347
38127,4015
38128,4350
38129,2870
38130,3763
38131,5547
38132,4094
38133,6037
38134,6457
38135,4584
38136,5902
38137,5777
38138,7449
38139,8253
38140,6678
38141,4483
38142,3876
38143,8491
38144,8630
38145,4819
38146,6342
38147,4190
38148,6686
38149,4404
38150,4107
38151,5884
38152,3660
38153,5407
38154,4110
38155,8135
38156,5959
38157,7125
38158,6525
38159,4770
38160,7401
38161,15368
38162,8405
38163,4021
38164,2784
38165,5409
38166,6564
38167,4117
38168,6028
38169,12592
38170,5363
38171,8858
38172,17833
38173,3832
38174,4948
38175,4565
38176,3402
38177,7437
38178,4243
38179,6664
38180,7871
38181,5993
38182,5330
38183,6252
38184,4612
38185,5891
38186,3315
38187,5958
38188,6071
38189,8222
38190,5985
38191,5379
38192,3502
38193,6747
38194,4509
38195,4932
38196,3266
38197,7502
38198,5221
38199,5526
38200,6208
38201,6468
38202,0
38203,4792
38204,5249
38205,4858
38206,5883
38207,6043
38208,8423
38209,8229
38210,6689
38211,4796
38212,3444
38213,5253
38214,5401
38215,5446
38216,4376
38217,2293
38218,6894
38219,5551
38220,8347
38221,5668
38222,5061
38223,6006
38224,4292
38225,4148
38226,8150
38227,5373
38228,6591
38229,7083
38230,11237
38231,5366
38232,3969
38233,7043
38234,3852
38235,4816
38236,5234
38237,6420
38238,4082
38239,6466
38240,3473
38241,4840
38242,3125
38243,7869
38244,4615
38245,11817
38246,10680
38247,5115
38248,5697
38249,4881
38250,5406
38251,4752
38252,10602
38253,6830
38254,6664
38255,3899
38256,6946
38257,5109
38258,8867
38259,7243
38260,6220
38261,5395
38262,5882
38263,6178
38264,7179
38265,7586
38266,6002
38267,6074
38268,8130
38269,6382
38270,5737
38271,5476
38272,7454
38273,5744
38274,5049
38275,4545
38276,5586
38277,4216
38278,8242
38279,6110
38280,6743
38281,5519
38282,7747
38283,4362
38284,5981
38285,7763
38286,6293
38287,7148
38288,5664
38289,3630
38290,11132
38291,7486
38292,7024
38293,14447
38294,7337
38295,6319
38296,5638
38297,7807
38298,8401
38299,8567
38300,9236
38301,4915
38302,6148
38303,5021
38304,8066
38305,3791
38306,8247
38307,4982
38308,4394
38309,5644
38310,6764
38311,6242
38312,4817
38313,6793
38314,4433
38315,3638
38316,6453
38317,4208
38318,4239
38319,4984
38320,5164
38321,8723
38322,8685
38323,6112
38324,6208
38325,5334
38326,8417
38327,5442
38328,5039
38329,4353
38330,4577
38331,8814
38332,3666
38333,10714
38334,6073
38335,2997
38336,3921
38337,5768
38338,5894
38339,5164
38340,8379
38341,8410
38342,9626
38343,5291
38344,10435
38345,2725
38346,4703
38347,5897
38348,4350
38349,5726
38350,5173
38351,5978
38352,3912
38353,4651
38354,10812
38355,7901
38356,4107
38357,4325
38358,7929
38359,8326
38360,7148
38361,5128
38362,4076
38363,9840
38364,5159
38365,7159
38366,4711
38367,5277
38368,6664
38369,6724
38370,3360
38371,4181
38372,4081
38373,4672
38374,8554
38375,7240
38376,7025
38377,10837
38378,5148
38379,9323
38380,9960
38381,6730
38382,4095
38383,2881
38384,6735
38385,5231
38386,5255
38387,5639
38388,5660
38389,9467
38390,3881
38391,5195
38392,6565
38393,3807
38394,7348
38395,5050
38396,3739
38397,6186
38398,2839
38399,5695
38400,7629
38401,6104
38402,6837
38403,7168
38404,6532
38405,4776
38406,6277
38407,8422
38408,6390
38409,5029
38410,6007
38411,4386
38412,8446
38413,6080
38414,5565
38415,4349
38416,5772
38417,7275
38418,6213
38419,5367
38420,7477
38421,4932
38422,6952
38423,13800
38424,5436
38425,8371
38426,4685
38427,5452
38428,5398
38429,4386
38430,3879
38431,4995
38432,8428
38433,11447
38434,7490
38435,7933
38436,8082
38437,9818
38438,9059
38439,7159
38440,6654
38441,4110
38442,9142
38443,9762
38444,6849
38445,7131
38446,7494
38447,5330
38448,3087
38449,10019
38450,5614
38451,5307
38452,5735
38453,2022
38454,9969
38455,8765
38456,11340
38457,5805
38458,4410
38459,4262
38460,5418
38461,5312
38462,5981
38463,7007
38464,4516
38465,4120
38466,5619
38467,3002
38468,2566
38469,4901
38470,11391
38471,6183
38472,16025
38473,3776
38474,5548
38475,5574
38476,4826
38477,4045
38478,5105
38479,4034
38480,3380
38481,7853
38482,5847
38483,3398
38484,8131
38485,4428
38486,4961
38487,3852
38488,9330
38489,6356
38490,8160
38491,4364
38492,5978
38493,3916
38494,4572
38495,3959
38496,12241
38497,9813
38498,5826
38499,4217
38500,4830
38501,5852
38502,3761
38503,7860
38504,3760
38505,11794
38506,3786
38507,4591
38508,5088
38509,8371
38510,6570
38511,4377
38512,5580
38513,5607
38514,6658
38515,6419
38516,4704
38517,3210
38518,7681
38519,4237
38520,3621
38521,5392
38522,6062
38523,4920
38524,5308
38525,7779
38526,7438
38527,6025
38528,6833
38529,3770
38530,7942
38531,4816
38532,4006
38533,6408
38534,6306
38535,5527
38536,7802
38537,5499
38538,5314
38539,6098
38540,4938
38541,4678
38542,5783
38543,7461
38544,5828
38545,5151
38546,4791
38547,8580
38548,6200
38549,4039
38550,10181
38551,4331
38552,2704
38553,6427
38554,8724
38555,8061
38556,4643
38557,5059
38558,5487
38559,3369
38560,5620
38561,6334
38562,5858
38563,5191
38564,5381
38565,7308
38566,2909
38567,4449
38568,4914
38569,4549
38570,4425
38571,6284
38572,6593
38573,5618
38574,4427
38575,6862
38576,5866
38577,6805
38578,7239
38579,5011
38580,5912
38581,5979
38582,6818
38583,6956
38584,7645
38585,2973
38586,8526
38587,6145
38588,6051
38589,8516
38590,4334
38591,3578
38592,9586
38593,6778
38594,7511
38595,4820
38596,5191
38597,7615
38598,3337
38599,6151
38600,4404
38601,6983
38602,5027
38603,4772
38604,7231
38605,4524
38606,7186
38607,9063
38608,13292
38609,6411
38610,4221
38611,4748
38612,3982
38613,2791
38614,9322
38615,6763
38616,5609
38617,7959
38618,5077
38619,8206
38620,4385
38621,5418
38622,5663
38623,7340
38624,4883
38625,5470
38626,5426
38627,3928
38628,6465
38629,5047
38630,5945
38631,6682
38632,7925
38633,6999
38634,6490
38635,5287
38636,9033
38637,4350
38638,5318
38639,9576
38640,6094
38641,7403
38642,7430
38643,14479
38644,4551
38645,4158
38646,4284
38647,4855
38648,7794
38649,9400
38650,6607
38651,6423
38652,6850
38653,3445
38654,6772
38655,6052
38656,5877
38657,7046
38658,5102
38659,4273
38660,4731
38661,3128
38662,4104
38663,6807
38664,5831
38665,10042
38666,14076
38667,5985
38668,4319
38669,6064
38670,6941
38671,7199
38672,3743
38673,5305
38674,4015
38675,7835
38676,6271
38677,5688
38678,10430
38679,11984
38680,4039
38681,6540
38682,3252
38683,4779
38684,4547
38685,8077
38686,4157
38687,4355
38688,4649
38689,6266
38690,5131
38691,3558
38692,5254
38693,6703
38694,5961
38695,5813
38696,2662
38697,9253
38698,14570
38699,3845
38700,7049
38701,7306
38702,5866
38703,3951
38704,3271
38705,3490
38706,6406
38707,4597
38708,6160
38709,8360
38710,4228
38711,4863
38712,5589
38713,5167
38714,4676
38715,4913
38716,5746
38717,9098
38718,6568
38719,7780
38720,5505
38721,3398
38722,5182
38723,5187
38724,7734
38725,5645
38726,4067
38727,17754
38728,5394
38729,4976
38730,10593
38731,5706
38732,5746
38733,5427
38734,5896
38735,4227
38736,8056
38737,12175
38738,4451
38739,4590
38740,5342
38741,10025
38742,6070
38743,4680
38744,4932
38745,4706
38746,4861
38747,4178
38748,7218
38749,3308
38750,5893
38751,2644
38752,18889
38753,7035
38754,3524
38755,5102
38756,8365
38757,5207
38758,5587
38759,7127
38760,5035
38761,5197
38762,3836
38763,8302
38764,4893
38765,5493
38766,5382
38767,6964
38768,4671
38769,7304
38770,5377
38771,3548
38772,6824
38773,9088
38774,3957
38775,6776
38776,6510
38777,4761
38778,8963
38779,4373
38780,5891
38781,6414
38782,7072
38783,3223
38784,4521
38785,4647
38786,0
38787,5489
38788,7195
38789,3868
38790,7288
38791,3202
38792,5875
38793,4318
38794,5539
38795,5035
38796,6120
38797,6966
38798,7930
38799,4048
38800,5724
38801,6058
38802,6715
38803,5561
38804,7286
38805,8748
38806,5756
38807,3071
38808,5734
38809,4213
38810,5849
38811,5472
38812,3583
38813,11283
38814,4655
38815,5598
38816,8954
38817,6130
38818,3551
38819,10164
38820,5155
38821,8402
38822,4768
38823,6933
38824,7334
38825,6444
38826,4598
38827,6118
38828,4729
38829,5022
38830,5698
38831,7498
38832,6710
38833,4615
38834,3949
38835,6326
38836,6398
38837,5136
38838,6367
38839,4928
38840,5517
38841,4513
38842,7271
38843,6438
38844,6128
38845,5047
38846,5524
38847,6736
38848,7786
38849,5196
38850,6827
38851,4388
38852,5622
38853,6665
38854,5841
38855,3893
38856,3857
38857,6357
38858,7944
38859,4297
38860,5164
38861,6828
38862,6029
38863,4578
38864,4902
38865,4354
38866,2708
38867,6623
38868,3481
38869,6211
38870,6132
38871,5889
38872,5525
38873,8236
38874,7433
38875,6439
38876,4310
38877,7031
38878,6339
38879,3285
38880,2605
38881,6668
38882,3235
38883,5942
38884,10720
38885,6790
38886,5960
38887,3577
38888,6126
38889,5536
38890,5497
38891,6276
38892,7160
38893,6689
38894,4765
38895,7562
38896,4104
38897,5672
38898,4020
38899,4884
38900,5972
38901,5234
38902,4739
38903,6358
38904,4054
38905,8171
38906,5202
38907,4274
38908,4123
38909,7968
38910,6480
38911,4569
38912,5180
38913,5851
38914,4805
38915,5200
38916,5347
38917,6038
38918,4094
38919,4434
38920,7832
38921,5645
38922,5671
38923,3121
38924,9201
38925,5875
38926,4336
38927,5285
38928,9238
38929,7131
38930,7097
38931,7744
38932,5678
38933,4909
38934,5098
38935,6804
38936,8242
38937,10443
38938,4093
38939,4514
38940,3037
38941,3964
38942,7991
38943,11405
38944,5122
38945,3918
38946,4943
38947,5147
38948,5621
38949,8064
38950,7391
38951,5386
38952,3463
38953,7157
38954,4957
38955,9071
38956,8047
38957,4526
38958,6189
38959,3470
38960,6549
38961,6620
38962,6146
38963,6390
38964,5251
38965,6087
38966,4160
38967,5510
38968,6624
38969,6739
38970,6214
38971,7596
38972,5277
38973,3730
38974,8291
38975,4140
38976,9674
38977,6143
38978,4193
38979,4763
38980,5672
38981,4993
38982,6696
38983,7343
38984,4383
38985,9634
38986,3410
38987,4177
38988,5890
38989,7169
38990,9587
38991,5120
38992,5104
38993,5197
38994,5366
38995,6137
38996,4171
38997,5747
38998,4415
38999,9125
39000,5082
39001,6999
39002,11275
39003,7739
39004,4598
39005,3881
39006,5113
39007,9915
39008,4493
39009,7624
39010,3890
39011,8199
39012,5784
39013,4894
39014,4711
39015,4238
39016,4138
39017,5102
39018,4499
39019,4268
39020,3854
39021,3869
39022,7143
39023,5408
39024,18460
39025,6120
39026,4544
39027,2562
39028,4096
39029,9062
39030,1980
39031,2728
39032,6596
39033,3127
39034,6545
39035,4715
39036,5160
39037,5890
39038,4687
39039,3301
39040,5459
39041,5691
39042,2447
39043,4538
39044,4267
39045,6024
39046,5514
39047,3545
39048,4612
39049,7401
39050,7918
39051,5470
39052,7143
39053,2098
39054,7624
39055,3482
39056,5157
39057,2453
39058,7784
39059,7054
39060,8409
39061,9716
39062,6866
39063,6196
39064,2855
39065,4626
39066,6358
39067,7710
39068,4115
39069,3383
39070,5919
39071,5200
39072,5409
39073,2333
39074,7803
39075,4511
39076,8252
39077,6634
39078,3367
39079,8538
39080,2901
39081,9112
39082,5781
39083,6815
39084,2349
39085,5149
39086,4815
39087,3667
39088,7332
39089,10257
39090,2746
39091,6331
39092,5884
39093,8307
39094,7526
39095,5523
39096,6713
39097,2412
39098,2349
39099,4565
39100,5993
39101,8873
39102,7961
39103,2368
39104,4391
39105,9014
39106,9313
39107,5537
39108,3067
39109,10520
39110,5300
39111,3494
39112,3480
39113,2127
39114,4724
39115,7106
39116,3782
39117,5803
39118,2945
39119,5630
39120,3825
39121,1781
39122,4136
39123,5046
39124,6206
39125,9459
39126,6610
39127,5935
39128,3745
39129,10346
39130,3479
39131,5960
39132,7094
39133,13866
39134,4904
39135,3117
39136,6813
39137,5754
39138,6848
39139,4804
39140,10599
39141,5582
39142,2114
39143,7669
39144,4361
39145,6088
39146,2193
39147,8465
39148,3628
39149,2632
39150,7872
39151,4458
39152,5466
39153,7914
39154,7932
39155,4385
39156,4203
39157,7607
39158,3151
39159,2831
39160,6844
39161,5202
39162,6663
39163,3099
39164,4606
39165,6273
39166,4461
39167,3067
39168,5500
39169,6116
39170,6260
39171,6973
39172,7572
39173,7042
39174,4215
39175,7493
39176,5288
39177,3099
39178,3543
39179,8302
39180,7764
39181,2741
39182,7016
39183,9827
39184,7143
39185,4981
39186,6770
39187,7606
39188,5301
39189,4498
39190,2877
39191,5225
39192,5133
39193,4929
39194,5365
39195,3182
39196,5661
39197,7636
39198,5726
39199,6915
39200,5762
39201,2732
39202,1548
39203,6679
39204,5995
39205,6538
39206,3493
39207,5608
39208,3552
39209,5356
39210,5432
39211,3924
39212,3996
39213,5027
39214,7273
39215,6800
39216,7959
39217,14468
39218,4136
39219,4962
39220,9908
39221,3338
39222,5081
39223,805
39224,8005
39225,6737
39226,5376
39227,6848
39228,5525
39229,4806
39230,4983
39231,4776
39232,7481
39233,3106
39234,5603
39235,2868
39236,8581
39237,3192
39238,7497
39239,9649
39240,6891
39241,5859
39242,3978
39243,2182
39244,1734
39245,3408
39246,5272
39247,2905
39248,5201
39249,7424
39250,3874
39251,5443
39252,4413
39253,8108
39254,7866
39255,6931
39256,5475
39257,3088
39258,8502
39259,9097
39260,3761
39261,4235
39262,3494
39263,5775
39264,5266
39265,3672
39266,6416
39267,3124
39268,5268
39269,4586
39270,8827
39271,5255
39272,7535
39273,6434
39274,4385
39275,8513
39276,16563
39277,8388
39278,3660
39279,3617
39280,6276
39281,7333
39282,2676
39283,4863
39284,9439
39285,5794
39286,6562
39287,16407
39288,5660
39289,5076
39290,2769
39291,2100
39292,10083
39293,3318
39294,6224
39295,8374
39296,2671
39297,3547
39298,6191
39299,3787
39300,7020
39301,1862
39302,5298
39303,4733
39304,10746
39305,6126
39306,5635
39307,2764
39308,8189
39309,6082
39310,6846
39311,1606
39312,9629
39313,5322
39314,6238
39315,4116
39316,4241
39317,0
39318,4494
39319,3626
39320,5505
39321,4678
39322,5056
39323,8665
39324,9596
39325,7737
39326,3855
39327,4544
39328,4434
39329,4577
39330,6844
39331,3076
39332,1230
39333,6581
39334,5423
39335,7655
39336,5478
39337,4507
39338,4364
39339,3274
39340,2490
39341,8528
39342,6409
39343,4750
39344,5189
39345,10989
39346,6060
39347,1812
39348,7625
39349,1872
39350,4066
39351,6116
39352,6072
39353,2389
39354,4075
39355,4194
39356,3665
39357,1545
39358,7765
39359,4433
39360,8754
39361,10425
39362,6045
39363,5792
39364,4280
39365,4787
39366,4719
39367,11917
39368,6344
39369,6451
39370,3121
39371,5619
39372,5751
39373,9206
39374,8040
39375,7023
39376,5460
39377,6152
39378,4992
39379,8341
39380,6111
39381,6999
39382,5808
39383,8920
39384,7110
39385,4599
39386,5652
39387,8253
39388,5782
39389,3414
39390,5930
39391,3016
39392,4633
39393,9271
39394,7327
39395,7105
39396,6264
39397,7799
39398,4769
39399,4075
39400,4024
39401,5683
39402,6313
39403,6246
39404,3063
39405,12469
39406,4886
39407,5476
39408,16111
39409,5287
39410,7948
39411,5938
39412,7531
39413,8003
39414,7184
39415,9067
39416,2644
39417,4331
39418,5351
39419,8737
39420,2485
39421,5188
39422,4458
39423,4809
39424,5568
39425,5546
39426,3206
39427,5713
39428,4846
39429,2986
39430,2962
39431,7489
39432,4403
39433,5167
39434,5751
39435,5331
39436,9539
39437,12674
39438,5130
39439,7602
39440,5834
39441,9389
39442,4667
39443,2697
39444,3713
39445,5571
39446,11807
39447,3732
39448,8610
39449,7007
39450,2051
39451,3693
39452,6160
39453,6531
39454,5421
39455,9246
39456,8488
39457,7199
39458,3890
39459,12460
39460,2049
39461,3593
39462,8571
39463,3854
39464,5356
39465,3855
39466,6767
39467,5140
39468,3606
39469,13512
39470,10535
39471,2335
39472,4713
39473,5362
39474,7522
39475,10264
39476,5248
39477,2842
39478,9386
39479,1946
39480,10084
39481,4591
39482,5836
39483,9865
39484,5567
39485,1513
39486,4992
39487,2165
39488,3634
39489,11307
39490,8095
39491,4133
39492,12235
39493,7276
39494,10189
39495,12185
39496,7436
39497,3993
39498,1994
39499,4699
39500,6318
39501,2499
39502,6092
39503,4235
39504,7135
39505,2304
39506,5650
39507,8320
39508,1644
39509,8784
39510,6130
39511,2533
39512,6675
39513,3083
39514,2904
39515,9839
39516,7232
39517,7423
39518,7632
39519,5235
39520,4936
39521,6447
39522,7179
39523,8311
39524,5782
39525,7088
39526,3697
39527,8671
39528,5954
39529,5488
39530,3955
39531,4767
39532,7786
39533,5742
39534,4065
39535,5038
39536,5116
39537,5202
39538,15021
39539,5210
39540,9597
39541,4538
39542,3713
39543,6608
39544,5191
39545,3214
39546,5030
39547,9235
39548,13613
39549,7138
39550,9000
39551,6918
39552,10262
39553,8167
39554,6812
39555,6571
39556,3996
39557,9879
39558,7987
39559,7668
39560,5225
39561,5181
39562,4980
39563,2130
39564,12882
39565,6809
39566,5636
39567,5010
39568,1451
39569,8273
39570,7774
39571,11046
39572,6075
39573,4294
39574,3538
39575,6797
39576,4647
39577,4278
39578,10841
39579,4245
39580,4688
39581,5143
39582,3464
39583,2489
39584,2171
39585,13438
39586,4730
39587,12954
39588,4281
39589,5677
39590,5014
39591,3832
39592,3035
39593,6309
39594,2932
39595,2653
39596,11031
39597,5777
39598,2771
39599,8795
39600,2618
39601,5507
39602,3380
39603,9877
39604,7274
39605,7963
39606,2357
39607,5266
39608,2507
39609,4908
39610,3310
39611,15495
39612,12382
39613,4638
39614,2922
39615,6010
39616,4392
39617,2434
39618,7366
39619,2230
39620,13248
39621,3960
39622,4845
39623,6052
39624,10882
39625,6650
39626,4979
39627,5131
39628,5962
39629,6892
39630,6958
39631,3663
39632,1130
39633,4421
39634,2721
39635,2795
39636,5940
39637,7314
39638,5510
39639,5110
39640,8324
39641,5619
39642,2988
39643,7638
39644,2257
39645,10059
39646,4848
39647,2679
39648,4305
39649,4085
39650,4537
39651,7099
39652,7198
39653,3615
39654,6164
39655,2265
39656,4416
39657,7369
39658,9231
39659,3359
39660,2054
39661,5149
39662,7693
39663,6629
39664,2449
39665,10587
39666,3508
39667,3160
39668,5450
39669,10340
39670,9596
39671,4430
39672,4210
39673,5651
39674,1455
39675,7083
39676,6897
39677,4471
39678,4238
39679,2656
39680,8170
39681,3002
39682,4276
39683,3676
39684,3497
39685,2808
39686,7555
39687,6745
39688,5729
39689,3655
39690,5193
39691,7970
39692,7281
39693,7184
39694,5104
39695,5541
39696,5694
39697,7969
39698,7254
39699,5056
39700,1815
39701,6113
39702,6634
39703,5964
39704,7446
39705,5523
39706,2900
39707,7283
39708,5119
39709,11182
39710,2660
39711,2429
39712,8770
39713,1536
39714,5346
39715,4319
39716,7636
39717,3627
39718,4420
39719,9507
39720,2499
39721,6146
39722,9276
39723,13582
39724,6814
39725,2429
39726,5563
39727,3838
39728,2154
39729,7278
39730,4786
39731,6738
39732,4791
39733,5242
39734,4645
39735,4997
39736,5088
39737,4757
39738,8814
39739,5463
39740,2346
39741,6409
39742,3764
39743,5641
39744,6119
39745,5665
39746,7229
39747,7997
39748,8619
39749,5551
39750,4841
39751,5824
39752,2975
39753,5816
39754,8481
39755,6444
39756,6746
39757,6911
39758,13439
39759,3043
39760,3361
39761,4995
39762,3948
39763,8358
39764,10249
39765,8094
39766,7088
39767,7145
39768,1833
39769,8211
39770,2995
39771,6573
39772,5926
39773,5081
39774,2035
39775,5319
39776,3411
39777,2988
39778,6757
39779,4474
39780,8420
39781,16534
39782,5675
39783,3167
39784,4539
39785,7824
39786,6176
39787,4355
39788,5371
39789,2023
39790,6584
39791,7277
39792,3233
39793,10247
39794,11511
39795,3024
39796,5762
39797,3602
39798,3824
39799,3864
39800,9032
39801,3732
39802,4646
39803,4783
39804,2604
39805,2459
39806,2371
39807,5487
39808,5467
39809,4559
39810,7245
39811,1119
39812,7148
39813,14178
39814,3199
39815,8424
39816,6837
39817,4494
39818,4086
39819,2308
39820,4093
39821,4588
39822,5326
39823,2894
39824,8880
39825,4440
39826,4017
39827,6001
39828,5059
39829,6313
39830,4974
39831,6159
39832,10535
39833,4393
39834,6968
39835,5994
39836,3383
39837,2988
39838,4634
39839,5563
39840,6315
39841,3414
39842,12386
39843,5115
39844,4545
39845,12275
39846,4438
39847,6724
39848,4265
39849,5114
39850,5349
39851,6484
39852,14515
39853,2786
39854,5698
39855,3208
39856,9038
39857,7234
39858,4867
39859,3414
39860,3957
39861,2329
39862,1976
39863,6472
39864,2116
39865,3710
39866,1200
39867,21409
39868,7894
39869,2038
39870,5163
39871,5941
39872,6439
39873,5374
39874,7740
39875,5328
39876,6255
39877,2775
39878,7914
39879,5859
39880,4177
39881,5756
39882,9444
39883,4524
39884,8415
39885,6202
39886,3074
39887,5565
39888,6703
39889,2705
39890,8407
39891,7106
39892,4843
39893,10120
39894,3473
39895,4841
39896,8811
39897,6391
39898,2091
39899,4587
39900,3760
39901,0
39902,5065
39903,5678
39904,3561
39905,6268
39906,2191
39907,5947
39908,2762
39909,5868
39910,5289
39911,4554
39912,6321
39913,8376
39914,2550
39915,5884
39916,6707
39917,3070
39918,5777
39919,6004
39920,9414
39921,6337
39922,3985
39923,1848
39924,1904
39925,5610
39926,4600
39927,4241
39928,12444
39929,5538
39930,5555
39931,8643
39932,6631
39933,2149
39934,9768
39935,4197
39936,7678
39937,5897
39938,7635
39939,5886
39940,9186
39941,5031
39942,3897
39943,2664
39944,3472
39945,6461
39946,4074
39947,7693
39948,4653
39949,2655
39950,7851
39951,6777
39952,4440
39953,7089
39954,4166
39955,6602
39956,3691
39957,5035
39958,3529
39959,4535
39960,3283
39961,6093
39962,7848
39963,7669
39964,5998
39965,5502
39966,4245
39967,6228
39968,6674
39969,6942
39970,2628
39971,2891
39972,8749
39973,6104
39974,2808
39975,4134
39976,7357
39977,6813
39978,2283
39979,5918
39980,4680
39981,1688
39982,4762
39983,2650
39984,3941
39985,6655
39986,5644
39987,5007
39988,4031
39989,8668
39990,6471
39991,3541
39992,5278
39993,4774
39994,2981
39995,1128
39996,6917
39997,1497
39998,5687
39999,9733
40000,5406
40001,4239
40002,3082
40003,5172
40004,4958
40005,4805
40006,5327
40007,5895
40008,7703
40009,6054
40010,8906
40011,3774
40012,3556
40013,4177
40014,3654
40015,5165
40016,6343
40017,3216
40018,5041
40019,2465
40020,7473
40021,3906
40022,4416
40023,4016
40024,5176
40025,7918
40026,3150
40027,6237
40028,4263
40029,5645
40030,5038
40031,5776
40032,7311
40033,4395
40034,3798
40035,9310
40036,6378
40037,6869
40038,1860
40039,4321
40040,5198
40041,3856
40042,4496
40043,10209
40044,8331
40045,9533
40046,9058
40047,6022
40048,5213
40049,5765
40050,6367
40051,7206
40052,10858
40053,2957
40054,1641
40055,1443
40056,3923
40057,4804
40058,9461
40059,2258
40060,1792
40061,5035
40062,5430
40063,6020
40064,9935
40065,6619
40066,6600
40067,2518
40068,7526
40069,6262
40070,6994
40071,6689
40072,3310
40073,6054
40074,3079
40075,6854
40076,5563
40077,4981
40078,5734
40079,3691
40080,6072
40081,5202
40082,6439
40083,4753
40084,7732
40085,5141
40086,9029
40087,5282
40088,3415
40089,7901
40090,2809
40091,10058
40092,6094
40093,4866
40094,3010
40095,6750
40096,4270
40097,4225
40098,6342
40099,4175
40100,11734
40101,2891
40102,2785
40103,5792
40104,6297
40105,10746
40106,2388
40107,4450
40108,6202
40109,5719
40110,4527
40111,3321
40112,5830
40113,3046
40114,10121
40115,2558
40116,6645
40117,14319
40118,7073
40119,6487
40120,2964
40121,4811
40122,7762
40123,2476
40124,7765
40125,2750
40126,7901
40127,6900
40128,5756
40129,6097
40130,4692
40131,2736
40132,5555
40133,2127
40134,3754
40135,3009
40136,2672
40137,7420
40138,5322
40139,20403
40140,7753
40141,0
40142,0
40143,0
40144,0
40145,0
40146,0
40147,0
40148,0
40149,0
40150,0
40151,0
40152,0
40153,0
40154,0
40155,0
40156,0
40157,0
40158,0
40159,0
40160,0
40161,0
40162,0
40163,0
40164,0
40165,0
40166,0
40167,0
40168,0
40169,0
40170,0
40171,0
40172,0
40173,0
40174,0
40175,0
40176,0
40177,0
40178,0
40179,0
40180,0
40181,0
40182,0
40183,0
40184,0
40185,0
40186,0
40187,0
40188,0
40189,0
40190,0
40191,0
40192,0
40193,0
40194,0
40195,0
40196,0
40197,0
40198,0
40199,0
40200,0
40201,0
40202,0
40203,0
40204,0
40205,0
40206,0
40207,0
40208,0
40209,0
40210,0
40211,0
40212,0
40213,0
40214,0
40215,0
40216,0
40217,0
40218,0
40219,0
40220,0
40221,0
40222,0
40223,0
40224,0
40225,11160
40226,0
40227,0
40228,0
40229,0
40230,0
40231,0
40232,0
40233,0
40234,0
40235,0
40236,0
40237,0
40238,0
40239,0
40240,0
40241,0
40242,0
40243,0
40244,0
40245,0
40246,0
40247,0
40248,0
40249,0
40250,0
40251,0
40252,0
40253,0
40254,0
40255,0
40256,0
40257,0
40258,0
40259,0
40260,0
40261,0
40262,3690
40263,0
40264,0
40265,0
40266,0
40267,0
40268,0
40269,0
40270,0
40271,0
40272,0
40273,0
40274,0
40275,0
40276,0
40277,0
40278,0
40279,0
40280,0
40281,0
40282,0
40283,0
40284,0
40285,0
40286,0
40287,0
40288,0
40289,0
40290,0
40291,0
40292,0
40293,0
40294,0
40295,0
40296,0
40297,0
40298,0
40299,0
40300,0
40301,0
40302,0
40303,0
40304,0
40305,0
40306,0
40307,0
40308,0
40309,0
40310,0
40311,0
40312,0
40313,0
40314,0
40315,0
40316,0
40317,0
40318,0
40319,0
40320,0
40321,0
40322,0
40323,0
40324,0
40325,0
40326,0
40327,0
40328,0
40329,0
40330,0
40331,0
40332,0
40333,0
40334,0
40335,0
40336,0
40337,0
40338,0
40339,0
40340,0
40341,0
40342,0
40343,0
40344,0
40345,0
40346,0
40347,0
40348,0
40349,2579
40350,0
40351,0
40352,0
40353,0
40354,0
40355,0
40356,0
40357,0
40358,0
40359,0
40360,0
40361,0
40362,0
40363,0
40364,0
40365,0
40366,0
40367,0
40368,0
40369,0
40370,0
40371,0
40372,0
40373,0
40374,0
40375,0
40376,0
40377,0
40378,0
40379,0
40380,0
40381,0
40382,0
40383,0
40384,0
40385,0
40386,0
40387,0
40388,0
40389,0
40390,0
40391,0
40392,0
40393,0
40394,0
40395,0
40396,0
40397,0
40398,0
40399,16211
40400,0
40401,0
40402,27726
40403,0
40404,0
40405,0
40406,0
40407,0
40408,0
40409,0
40410,0
40411,0
40412,0
40413,0
40414,7479
40415,0
40416,0
40417,0
40418,0
40419,0
40420,0
40421,0
40422,0
40423,0
40424,0
40425,0
40426,0
40427,0
40428,0
40429,0
40430,0
40431,0
40432,0
40433,0
40434,0
40435,0
40436,0
40437,0
40438,0
40439,5033
40440,0
40441,0
40442,0
40443,0
40444,0
40445,0
40446,0
40447,0
40448,0
40449,0
40450,2625
40451,0
40452,0
40453,0
40454,0
40455,0
40456,0
40457,0
40458,0
40459,0
40460,0
40461,0
40462,0
40463,0
40464,0
40465,0
40466,0
40467,0
40468,0
40469,0
40470,0
40471,0
40472,0
40473,0
40474,0
40475,8041
40476,0
40477,0
40478,0
40479,0
40480,0
40481,0
40482,0
40483,0
40484,0
40485,0
40486,0
40487,0
40488,0
40489,0
40490,0
40491,0
40492,0
40493,8581
40494,0
40495,0
40496,0
40497,0
40498,0
40499,0
40500,0
40501,0
40502,0
40503,0
40504,0
40505,0
40506,0
40507,0
40508,0
40509,0
40510,0
40511,0
40512,0
40513,0
40514,0
40515,0
40516,0
40517,0
40518,0
40519,0
40520,0
40521,0
40522,0
40523,0
40524,0
40525,0
40526,0
40527,0
40528,0
40529,0
40530,0
40531,0
40532,0
40533,0
40534,0
40535,0
40536,0
40537,0
40538,0
40539,0
40540,0
40541,0
40542,0
40543,0
40544,0
40545,0
40546,0
40547,0
40548,0
40549,0
40550,0
40551,0
40552,0
40553,0
40554,0
40555,0
40556,0
40557,0
40558,0
40559,0
40560,0
40561,0
40562,0
40563,14105
40564,0
40565,0
40566,0
40567,0
40568,0
40569,0
40570,0
40571,0
40572,0
40573,1658
40574,0
40575,0
40576,0
40577,0
40578,0
40579,0
40580,0
40581,0
40582,0
40583,0
40584,0
40585,0
40586,0
40587,0
40588,0
40589,0
40590,0
40591,0
40592,0
40593,5719
40594,0
40595,0
40596,0
40597,0
40598,0
40599,0
40600,0
40601,0
40602,0
40603,0
40604,0
40605,0
40606,0
40607,0
40608,0
40609,0
40610,0
40611,0
40612,0
40613,0
40614,0
40615,0
40616,0
40617,0
40618,0
40619,0
40620,0
40621,0
40622,0
40623,0
40624,0
40625,0
40626,0
40627,0
40628,0
40629,0
40630,0
40631,0
40632,0
40633,0
40634,7588
40635,0
40636,0
40637,0
40638,0
40639,0
40640,0
40641,0
40642,0
40643,0
40644,0
40645,0
40646,0
40647,0
40648,0
40649,0
40650,0
40651,0
40652,7701
40653,0
40654,0
40655,0
40656,0
40657,0
40658,0
40659,0
40660,0
40661,0
40662,0
40663,0
40664,2278
40665,0
40666,0
40667,0
40668,0
40669,0
40670,5638
40671,0
40672,0
40673,0
40674,0
40675,0
40676,0
40677,0
40678,0
40679,0
40680,0
40681,0
40682,0
40683,0
40684,0
40685,0
40686,0
40687,0
40688,0
40689,0
40690,0
40691,0
40692,0
40693,0
40694,0
40695,0
40696,0
40697,0
40698,0
40699,0
40700,0
40701,0
40702,18326
40703,0
40704,0
40705,0
40706,0
40707,0
40708,0
40709,0
40710,0
40711,0
40712,0
40713,0
40714,0
40715,0
40716,0
40717,0
40718,6068
40719,0
40720,0
40721,0
40722,0
40723,0
40724,0
40725,0
40726,0
40727,0
40728,0
40729,0
40730,0
40731,0
40732,0
40733,0
40734,0
40735,0
40736,0
40737,0
40738,0
40739,0
40740,0
40741,0
40742,0
40743,0
40744,0
40745,0
40746,0
40747,0
40748,0
40749,0
40750,0
40751,0
40752,0
40753,0
40754,0
40755,0
40756,0
40757,0
40758,0
40759,0
40760,0
40761,0
40762,0
40763,0
40764,0
40765,0
40766,0
40767,0
40768,0
40769,0
40770,0
40771,0
40772,0
40773,0
40774,0
40775,0
40776,0
40777,0
40778,0
40779,0
40780,0
40781,0
40782,0
40783,0
40784,0
40785,0
40786,0
40787,0
40788,0
40789,0
40790,0
40791,0
40792,0
40793,0
40794,0
40795,0
40796,0
40797,0
40798,0
40799,0
40800,0
40801,0
40802,0
40803,0
40804,0
40805,0
40806,0
40807,0
40808,0
40809,0
40810,0
40811,0
40812,0
40813,0
40814,0
40815,0
40816,12767
40817,0
40818,0
40819,0
40820,0
40821,0
40822,6957
40823,0
40824,0
40825,0
40826,0
40827,0
40828,0
40829,0
40830,0
40831,0
40832,0
40833,0
40834,0
40835,0
40836,0
40837,0
40838,0
40839,0
40840,0
40841,0
40842,0
40843,0
40844,0
40845,0
40846,0
40847,0
40848,0
40849,0
40850,0
40851,0
40852,0
40853,0
40854,0
40855,0
40856,0
40857,0
40858,0
40859,0
40860,0
40861,0
40862,0
40863,0
40864,0
40865,0
40866,0
40867,0
40868,0
40869,0
40870,0
40871,0
40872,3439
40873,15308
40874,0
40875,0
40876,0
40877,0
40878,0
40879,0
40880,0
40881,0
40882,0
40883,0
40884,0
40885,0
40886,0
40887,0
40888,0
40889,0
40890,0
40891,0
40892,0
40893,0
40894,0
40895,0
40896,0
40897,0
40898,0
40899,0
40900,0
40901,0
40902,0
40903,0
40904,0
40905,0
40906,0
40907,0
40908,0
40909,11578
40910,0
40911,0
40912,0
40913,0
40914,0
40915,0
40916,0
40917,0
40918,0
40919,0
40920,0
40921,0
40922,0
40923,0
40924,0
40925,0
40926,0
40927,0
40928,0
40929,0
40930,0
40931,0
40932,0
40933,0
40934,0
40935,0
40936,0
40937,0
40938,0
40939,0
40940,0
40941,0
40942,0
40943,0
40944,0
40945,0
40946,0
40947,0
40948,0
40949,0
40950,0
40951,0
40952,0
40953,0
40954,0
40955,0
40956,0
40957,0
40958,0
40959,0
40960,0
40961,0
40962,0
40963,0
40964,0
40965,0
40966,0
40967,0
40968,0
40969,0
40970,0
40971,0
40972,0
40973,0
40974,0
40975,0
40976,0
40977,0
40978,0
40979,0
40980,0
40981,0
40982,0
40983,0
40984,0
40985,0
40986,0
40987,0
40988,0
40989,0
40990,0
40991,0
40992,0
40993,0
40994,0
40995,0
40996,0
40997,0
40998,0
40999,0
41000,0
41001,0
41002,0
41003,2438
41004,0
41005,0
41006,0
41007,2219
41008,0
41009,0
41010,0
41011,0
41012,0
41013,0
41014,0
41015,0
41016,0
41017,0
41018,0
41019,0
41020,0
41021,0
41022,0
41023,0
41024,0
41025,0
41026,0
41027,0
41028,0
41029,0
41030,0
41031,0
41032,0
41033,0
41034,0
41035,0
41036,0
41037,0
41038,0
41039,0
41040,0
41041,0
41042,0
41043,0
41044,0
41045,0
41046,0
41047,0
41048,0
41049,0
41050,0
41051,0
41052,0
41053,0
41054,0
41055,0
41056,0
41057,0
41058,0
41059,0
41060,0
41061,0
41062,0
41063,0
41064,0
41065,0
41066,0
41067,0
41068,0
41069,0
41070,0
41071,2596
41072,0
41073,0
41074,0
41075,0
41076,0
41077,0
41078,0
41079,0
41080,0
41081,0
41082,0
41083,0
41084,0
41085,0
41086,0
41087,0
41088,11415
41089,0
41090,0
41091,0
41092,0
41093,0
41094,0
41095,0
41096,0
41097,0
41098,0
41099,0
41100,0
41101,0
41102,0
41103,0
41104,0
41105,0
41106,0
41107,0
41108,0
41109,0
41110,0
41111,0
41112,0
41113,0
41114,0
41115,0
41116,0
41117,0
41118,0
41119,0
41120,0
41121,0
41122,0
41123,0
41124,0
41125,0
41126,0
41127,0
41128,0
41129,0
41130,0
41131,0
41132,0
41133,0
41134,0
41135,0
41136,0
41137,0
41138,0
41139,0
41140,0
41141,0
41142,0
41143,0
41144,0
41145,0
41146,0
41147,0
41148,0
41149,0
41150,0
41151,0
41152,0
41153,0
41154,0
41155,0
41156,0
41157,0
41158,0
41159,0
41160,0
41161,0
41162,0
41163,0
41164,0
41165,0
41166,0
41167,0
41168,0
41169,0
41170,0
41171,0
41172,0
41173,0
41174,0
41175,0
41176,0
41177,0
41178,0
41179,0
41180,0
41181,0
41182,0
41183,0
41184,0
41185,4925
41186,0
41187,0
41188,0
41189,0
41190,0
41191,0
41192,0
41193,0
41194,0
41195,0
41196,0
41197,0
41198,0
41199,0
41200,0
41201,0
41202,0
41203,0
41204,0
41205,0
41206,0
41207,0
41208,0
41209,0
41210,0
41211,0
41212,0
41213,0
41214,0
41215,0
41216,0
41217,0
41218,0
41219,0
41220,0
41221,4573
41222,0
41223,0
41224,0
41225,0
41226,0
41227,0
41228,0
41229,0
41230,0
41231,0
41232,0
41233,0
41234,0
41235,0
41236,0
41237,12970
41238,0
41239,4755
41240,0
41241,0
41242,0
41243,0
41244,0
41245,0
41246,0
41247,0
41248,0
41249,0
41250,0
41251,0
41252,0
41253,0
41254,0
41255,0
41256,5400
41257,6905
41258,9721
41259,11852
41260,7258
41261,6296
41262,13746
41263,9368
41264,10423
41265,7107
41266,9302
41267,10776
41268,7779
41269,7454
41270,9206
41271,11741
41272,9663
41273,9853
41274,9902
41275,10825
41276,9122
41277,6548
41278,8704
41279,14424
41280,13833
41281,10203
41282,13773
41283,7418
41284,12896
41285,5787
41286,7311
41287,6347
41288,10308
41289,10233
41290,16635
41291,11329
41292,9116
41293,9649
41294,8484
41295,5230
41296,8115
41297,13892
41298,8989
41299,7749
41300,7648
41301,8463
41302,9653
41303,4367
41304,10741
41305,6887
41306,9368
41307,9564
41308,7282
41309,10422
41310,7343
41311,10386
41312,13237
41313,11192
41314,8156
41315,13592
41316,6659
41317,8714
41318,9968
41319,15026
41320,7414
41321,8026
41322,12446
41323,8760
41324,11660
41325,9488
41326,13053
41327,8070
41328,6423
41329,8569
41330,7903
41331,13273
41332,11558
41333,5396
41334,8868
41335,10863
41336,9006
41337,12977
41338,5190
41339,16623
41340,8055
41341,6525
41342,8208
41343,9758
41344,8476
41345,10880
41346,6525
41347,10240
41348,8218
41349,11006
41350,10053
41351,8694
41352,9936
41353,7378
41354,8221
41355,10746
41356,9483
41357,10789
41358,5822
41359,11192
41360,8043
41361,10824
41362,8813
41363,16622
41364,8273
41365,6306
41366,9515
41367,7006
41368,7853
41369,7035
41370,9789
41371,9086
41372,5135
41373,12976
41374,7925
41375,10170
41376,6048
41377,11756
41378,12305
41379,5763
41380,15185
41381,8040
41382,8131
41383,11941
41384,11863
41385,6621
41386,5996
41387,10200
41388,8788
41389,5816
41390,8549
41391,8627
41392,10093
41393,11574
41394,9671
41395,9809
41396,8262
41397,5746
41398,10205
41399,9609
41400,10389
41401,11603
41402,11003
41403,10888
41404,8068
41405,12064
41406,10078
41407,8054
41408,10217
41409,13669
41410,10050
41411,11051
41412,13356
41413,9523
41414,12616
41415,7894
41416,8889
41417,11692
41418,8091
41419,10639
41420,5419
41421,7049
41422,13590
41423,11769
41424,8099
41425,5486
41426,12844
41427,8954
41428,10640
41429,7779
41430,7298
41431,7909
41432,5845
41433,14847
41434,10587
41435,8979
41436,10087
41437,7761
41438,7405
41439,9349
41440,9609
41441,5748
41442,8516
41443,8636
41444,11188
41445,10762
41446,8226
41447,14827
41448,7988
41449,6320
41450,13901
41451,7314
41452,8735
41453,5390
41454,12298
41455,9496
41456,6801
41457,8797
41458,9353
41459,7524
41460,8901
41461,10999
41462,16710
41463,3787
41464,9308
41465,4594
41466,18701
41467,6117
41468,11956
41469,12399
41470,9668
41471,9981
41472,5773
41473,6998
41474,4088
41475,6305
41476,8340
41477,7406
41478,10360
41479,10757
41480,7582
41481,8970
41482,8721
41483,10238
41484,12469
41485,9695
41486,7395
41487,5212
41488,11925
41489,17148
41490,8937
41491,10170
41492,5838
41493,10491
41494,7478
41495,6412
41496,8757
41497,6935
41498,10740
41499,8523
41500,11194
41501,8675
41502,13253
41503,10076
41504,6999
41505,13998
41506,22751
41507,15583
41508,9241
41509,4362
41510,8395
41511,12002
41512,6533
41513,8077
41514,13319
41515,7110
41516,20166
41517,19895
41518,5600
41519,9099
41520,8250
41521,5464
41522,11186
41523,6949
41524,13443
41525,11661
41526,12726
41527,10031
41528,11890
41529,4415
41530,9430
41531,5069
41532,9023
41533,9597
41534,16477
41535,8301
41536,7559
41537,5921
41538,9988
41539,8108
41540,6758
41541,6565
41542,10495
41543,8734
41544,8896
41545,10639
41546,11792
41547,0
41548,8951
41549,8486
41550,7979
41551,9420
41552,10797
41553,11674
41554,11971
41555,9295
41556,6673
41557,5490
41558,8610
41559,8703
41560,9509
41561,6093
41562,4103
41563,11662
41564,10567
41565,13361
41566,8859
41567,8510
41568,10536
41569,7594
41570,5913
41571,14441
41572,7194
41573,10230
41574,9312
41575,17918
41576,7771
41577,8028
41578,10082
41579,8155
41580,8178
41581,7505
41582,11195
41583,5916
41584,9958
41585,5585
41586,7611
41587,5303
41588,12385
41589,6921
41590,21382
41591,17988
41592,6219
41593,9301
41594,6958
41595,9335
41596,7538
41597,14919
41598,11156
41599,13174
41600,6305
41601,9769
41602,6504
41603,11497
41604,9820
41605,10082
41606,9055
41607,8038
41608,6888
41609,11288
41610,11537
41611,8004
41612,10347
41613,14300
41614,8222
41615,9392
41616,8743
41617,12731
41618,8970
41619,6526
41620,7768
41621,9701
41622,8161
41623,17981
41624,8680
41625,10281
41626,10271
41627,13017
41628,5911
41629,9630
41630,13949
41631,11509
41632,11167
41633,8842
41634,5865
41635,18320
41636,12457
41637,11882
41638,19962
41639,13477
41640,11679
41641,9890
41642,14357
41643,14398
41644,13727
41645,15366
41646,8459
41647,11271
41648,8156
41649,12119
41650,4942
41651,14823
41652,9316
41653,7671
41654,8477
41655,13326
41656,11177
41657,7983
41658,9682
41659,7280
41660,7912
41661,10194
41662,5828
41663,7217
41664,8099
41665,10057
41666,14515
41667,11586
41668,10029
41669,8516
41670,7749
41671,14276
41672,9970
41673,8094
41674,7206
41675,6918
41676,11983
41677,5165
41678,11899
41679,9677
41680,4522
41681,7040
41682,12152
41683,8567
41684,7490
41685,11721
41686,12090
41687,14395
41688,7714
41689,12824
41690,4272
41691,7594
41692,9825
41693,8635
41694,10375
41695,7911
41696,8548
41697,7055
41698,7729
41699,14149
41700,10247
41701,7299
41702,6442
41703,11754
41704,14330
41705,11625
41706,7268
41707,7364
41708,13381
41709,8855
41710,9371
41711,8384
41712,7779
41713,10114
41714,13074
41715,6062
41716,5982
41717,6575
41718,8514
41719,12648
41720,12671
41721,11536
41722,16439
41723,7217
41724,15469
41725,16911
41726,9754
41727,6296
41728,4861
41729,11185
41730,8411
41731,9368
41732,8861
41733,9717
41734,15071
41735,7033
41736,9169
41737,10595
41738,7256
41739,9000
41740,6898
41741,6604
41742,9356
41743,4884
41744,11735
41745,9934
41746,10719
41747,10734
41748,12186
41749,9782
41750,8588
41751,10909
41752,11606
41753,8354
41754,7866
41755,7392
41756,6920
41757,13528
41758,10014
41759,8293
41760,7553
41761,10543
41762,11704
41763,10492
41764,9152
41765,11220
41766,6144
41767,7083
41768,21185
41769,9751
41770,10627
41771,9479
41772,9225
41773,9487
41774,7493
41775,5839
41776,7025
41777,11678
41778,16846
41779,11302
41780,11799
41781,15873
41782,13533
41783,15303
41784,10757
41785,8650
41786,5749
41787,12434
41788,15870
41789,12368
41790,11489
41791,11459
41792,8530
41793,5467
41794,13650
41795,10962
41796,9836
41797,8686
41798,4787
41799,19210
41800,16064
41801,16932
41802,7849
41803,8030
41804,5749
41805,8060
41806,7991
41807,13974
41808,8873
41809,6636
41810,7044
41811,10203
41812,5821
41813,3817
41814,9439
41815,17560
41816,9466
41817,19749
41818,6127
41819,7637
41820,9787
41821,7216
41822,7464
41823,6595
41824,5577
41825,5720
41826,11268
41827,9487
41828,5827
41829,13637
41830,10378
41831,9307
41832,6040
41833,13744
41834,10957
41835,11973
41836,8358
41837,10213
41838,6269
41839,6900
41840,6338
41841,19054
41842,14643
41843,8119
41844,8404
41845,6920
41846,7866
41847,5890
41848,12214
41849,5845
41850,20095
41851,5850
41852,6760
41853,7635
41854,11936
41855,10048
41856,6471
41857,8915
41858,10160
41859,10393
41860,10275
41861,7442
41862,6814
41863,14349
41864,6036
41865,6482
41866,7639
41867,9686
41868,8342
41869,7963
41870,12650
41871,11051
41872,9504
41873,9851
41874,7089
41875,10739
41876,7538
41877,5795
41878,9000
41879,9912
41880,9589
41881,13704
41882,9653
41883,8439
41884,9092
41885,9027
41886,7371
41887,8539
41888,8439
41889,11159
41890,9751
41891,11337
41892,12319
41893,7997
41894,6366
41895,16227
41896,8305
41897,4140
41898,9867
41899,11007
41900,14673
41901,6698
41902,8193
41903,8584
41904,5871
41905,8070
41906,9480
41907,10974
41908,7889
41909,10690
41910,14159
41911,4075
41912,8939
41913,8355
41914,7822
41915,7958
41916,8915
41917,13285
41918,7261
41919,7827
41920,10970
41921,11495
41922,12430
41923,11599
41924,6257
41925,9690
41926,9293
41927,10642
41928,11828
41929,11418
41930,5386
41931,9325
41932,10481
41933,10932
41934,13220
41935,5768
41936,5348
41937,14943
41938,11751
41939,13877
41940,9396
41941,10081
41942,11474
41943,5367
41944,9559
41945,7384
41946,10808
41947,10441
41948,11927
41949,10500
41950,9640
41951,11367
41952,14638
41953,18301
41954,9613
41955,6718
41956,9338
41957,6128
41958,4479
41959,14784
41960,11976
41961,7828
41962,11879
41963,7541
41964,13512
41965,7270
41966,9112
41967,8554
41968,13117
41969,7093
41970,9617
41971,7614
41972,8332
41973,9918
41974,6559
41975,9545
41976,8397
41977,11701
41978,11599
41979,9012
41980,6975
41981,16313
41982,6499
41983,6626
41984,15372
41985,9435
41986,12849
41987,11056
41988,15950
41989,8422
41990,9045
41991,7049
41992,9024
41993,11037
41994,16516
41995,10492
41996,10710
41997,11258
41998,6061
41999,9735
42000,11663
42001,10915
42002,10995
42003,8161
42004,7416
42005,7098
42006,5411
42007,8742
42008,11962
42009,10405
42010,14737
42011,19491
42012,10258
42013,6783
42014,10971
42015,8663
42016,11990
42017,6422
42018,8142
42019,5278
42020,11946
42021,9700
42022,8685
42023,18380
42024,12689
42025,7418
42026,9777
42027,4907
42028,6430
42029,6969
42030,11550
42031,7197
42032,6427
42033,7805
42034,11133
42035,9759
42036,7105
42037,7428
42038,9481
42039,9895
42040,11393
42041,5418
42042,14230
42043,21796
42044,4232
42045,10042
42046,12439
42047,11157
42048,8608
42049,3739
42050,6938
42051,11129
42052,6694
42053,11525
42054,12176
42055,6711
42056,8660
42057,9583
42058,9192
42059,6338
42060,8756
42061,11492
42062,12476
42063,10067
42064,14044
42065,7854
42066,4899
42067,9425
42068,7821
42069,12786
42070,8485
42071,6216
42072,24573
42073,10512
42074,7355
42075,15247
42076,9548
42077,11279
42078,8349
42079,9788
42080,6629
42081,11750
42082,15781
42083,7814
42084,7602
42085,9166
42086,16713
42087,9430
42088,7718
42089,8661
42090,7836
42091,9400
42092,5674
42093,12061
42094,6034
42095,9033
42096,3987
42097,23469
42098,10784
42099,6387
42100,6026
42101,13220
42102,8661
42103,9820
42104,10812
42105,9088
42106,6614
42107,6201
42108,12830
42109,8149
42110,9399
42111,8756
42112,10391
42113,7102
42114,9876
42115,8010
42116,4958
42117,10460
42118,11504
42119,5917
42120,9721
42121,10690
42122,7224
42123,12642
42124,9192
42125,8507
42126,9080
42127,10032
42128,4720
42129,6451
42130,7842
42131,0
42132,8321
42133,12028
42134,6241
42135,10960
42136,6338
42137,7949
42138,6364
42139,9811
42140,7539
42141,9242
42142,10887
42143,10905
42144,5889
42145,9694
42146,9547
42147,11530
42148,8310
42149,12428
42150,13150
42151,7943
42152,4300
42153,10895
42154,8264
42155,8610
42156,9976
42157,4873
42158,14697
42159,7609
42160,9206
42161,14295
42162,7932
42163,6755
42164,16385
42165,8685
42166,13182
42167,6472
42168,12628
42169,12255
42170,8180
42171,6857
42172,8900
42173,7482
42174,8353
42175,7674
42176,12488
42177,9217
42178,6166
42179,6688
42180,7676
42181,10583
42182,9320
42183,13090
42184,7418
42185,8921
42186,5873
42187,10317
42188,10389
42189,9318
42190,7860
42191,8208
42192,10949
42193,11979
42194,8104
42195,10620
42196,7888
42197,8840
42198,9092
42199,9125
42200,5454
42201,5895
42202,9378
42203,8416
42204,8468
42205,8943
42206,10958
42207,7515
42208,7899
42209,9653
42210,7221
42211,4694
42212,12881
42213,4824
42214,10026
42215,10643
42216,8259
42217,10270
42218,17427
42219,12799
42220,11565
42221,6084
42222,10648
42223,9834
42224,5020
42225,4337
42226,11514
42227,5744
42228,10797
42229,15823
42230,10124
42231,10480
42232,8370
42233,10510
42234,9887
42235,9728
42236,10429
42237,12828
42238,12193
42239,9322
42240,11544
42241,6806
42242,9452
42243,5935
42244,7391
42245,8674
42246,7061
42247,7131
42248,10854
42249,8251
42250,12202
42251,10023
42252,7701
42253,6004
42254,13644
42255,9629
42256,8837
42257,8654
42258,10370
42259,8717
42260,7930
42261,9543
42262,9737
42263,7786
42264,6421
42265,12622
42266,9981
42267,7566
42268,5724
42269,16065
42270,8760
42271,9300
42272,8521
42273,14839
42274,13792
42275,10585
42276,10622
42277,10980
42278,8312
42279,7615
42280,9537
42281,13976
42282,19326
42283,8208
42284,7434
42285,5311
42286,7623
42287,13076
42288,18327
42289,10087
42290,7424
42291,6792
42292,8357
42293,8231
42294,11941
42295,12430
42296,7491
42297,5602
42298,10582
42299,8595
42300,12242
42301,13580
42302,7177
42303,10697
42304,5111
42305,10337
42306,10847
42307,10326
42308,12133
42309,9123
42310,10050
42311,6738
42312,8130
42313,10164
42314,10594
42315,10212
42316,11547
42317,9980
42318,6546
42319,12053
42320,5885
42321,13064
42322,8817
42323,6508
42324,9371
42325,9892
42326,7801
42327,10433
42328,12226
42329,7566
42330,12867
42331,5865
42332,6627
42333,11830
42334,12007
42335,14151
42336,7962
42337,8865
42338,7399
42339,7784
42340,9977
42341,9593
42342,8539
42343,7556
42344,13239
42345,9573
42346,12092
42347,14863
42348,10254
42349,6320
42350,6618
42351,8492
42352,10928
42353,7484
42354,11943
42355,7657
42356,14490
42357,9123
42358,8428
42359,7303
42360,8651
42361,6787
42362,10473
42363,9738
42364,7555
42365,7810
42366,7470
42367,14285
42368,7811
42369,23766
42370,10222
42371,4827
42372,6072
42373,8824
42374,10326
42375,5912
42376,5517
42377,12030
42378,8055
42379,8372
42380,6005
42381,8398
42382,9182
42383,6418
42384,6474
42385,7840
42386,10215
42387,8477
42388,8062
42389,8348
42390,9744
42391,7752
42392,5569
42393,6522
42394,11603
42395,12129
42396,7978
42397,12017
42398,6224
42399,10065
42400,5611
42401,6251
42402,5536
42403,8944
42404,8859
42405,13525
42406,10204
42407,7367
42408,7495
42409,6871
42410,5032
42411,6658
42412,12034
42413,7748
42414,6575
42415,5924
42416,6758
42417,8823
42418,3774
42419,9033
42420,5130
42421,7320
42422,7748
42423,6076
42424,8659
42425,6264
42426,8925
42427,10758
42428,8556
42429,6764
42430,11263
42431,5950
42432,7956
42433,8284
42434,12433
42435,6281
42436,6902
42437,10633
42438,8119
42439,10446
42440,7618
42441,11148
42442,6152
42443,5726
42444,7408
42445,6707
42446,10409
42447,8949
42448,4569
42449,7429
42450,8665
42451,7737
42452,10917
42453,4479
42454,14306
42455,7173
42456,5775
42457,7045
42458,8266
42459,7291
42460,9674
42461,5673
42462,8023
42463,7216
42464,8950
42465,8742
42466,7488
42467,8078
42468,6248
42469,6827
42470,8978
42471,8400
42472,8937
42473,5098
42474,10073
42475,6478
42476,9533
42477,7656
42478,13382
42479,7336
42480,5416
42481,7700
42482,6015
42483,6645
42484,6011
42485,8646
42486,7652
42487,4435
42488,9641
42489,6887
42490,8243
42491,5328
42492,10329
42493,10529
42494,5761
42495,13491
42496,6927
42497,6343
42498,9601
42499,10650
42500,5702
42501,4983
42502,8337
42503,7696
42504,5156
42505,6864
42506,7040
42507,8632
42508,9759
42509,8100
42510,8372
42511,7286
42512,5002
42513,7955
42514,8182
42515,9522
42516,9462
42517,8907
42518,9570
42519,6831
42520,9685
42521,8242
42522,7239
42523,8903
42524,10437
42525,7980
42526,9229
42527,11710
42528,8584
42529,9516
42530,6551
42531,8077
42532,9297
42533,7213
42534,8544
42535,4756
42536,6197
42537,12725
42538,9913
42539,7095
42540,4701
42541,10206
42542,7946
42543,9207
42544,6786
42545,6417
42546,6265
42547,4928
42548,11811
42549,9107
42550,7600
42551,8124
42552,6403
42553,6205
42554,7651
42555,7617
42556,4892
42557,7820
42558,6596
42559,9600
42560,9316
42561,7508
42562,13284
42563,6853
42564,5663
42565,11986
42566,6001
42567,7553
42568,4714
42569,9730
42570,8831
42571,5645
42572,7049
42573,8049
42574,6456
42575,7505
42576,9445
42577,13246
42578,3279
42579,8125
42580,3873
42581,15836
42582,5202
42583,10133
42584,10311
42585,8123
42586,8231
42587,5186
42588,6423
42589,3665
42590,5824
42591,7065
42592,6215
42593,8183
42594,8680
42595,6159
42596,7824
42597,7733
42598,8952
42599,10301
42600,8435
42601,6227
42602,4088
42603,10517
42604,13568
42605,7085
42606,8794
42607,4981
42608,9043
42609,6104
42610,5472
42611,7490
42612,4928
42613,9298
42614,6834
42615,9720
42616,7527
42617,10130
42618,8932
42619,5947
42620,10833
42621,20933
42622,12586
42623,7302
42624,3738
42625,7047
42626,10441
42627,5717
42628,6747
42629,12587
42630,6362
42631,15373
42632,19104
42633,4842
42634,7908
42635,6456
42636,4989
42637,9354
42638,5957
42639,11263
42640,10192
42641,11450
42642,7984
42643,9488
42644,4082
42645,8143
42646,4545
42647,7666
42648,8043
42649,11999
42650,6944
42651,6203
42652,5095
42653,8548
42654,6957
42655,5817
42656,5209
42657,9161
42658,6871
42659,6884
42660,8923
42661,9748
42662,0
42663,7601
42664,7635
42665,7262
42666,8437
42667,8945
42668,9414
42669,9670
42670,8512
42671,5860
42672,4538
42673,7457
42674,7785
42675,7413
42676,5491
42677,3556
42678,10312
42679,8708
42680,11070
42681,7622
42682,6791
42683,8330
42684,6179
42685,5014
42686,11568
42687,6037
42688,8232
42689,8166
42690,16085
42691,6735
42692,6809
42693,8175
42694,7614
42695,7283
42696,5733
42697,9291
42698,5312
42699,8502
42700,4888
42701,6496
42702,4480
42703,11380
42704,5899
42705,19619
42706,16082
42707,5354
42708,7711
42709,6521
42710,7690
42711,6701
42712,13043
42713,9281
42714,11566
42715,5420
42716,8688
42717,5592
42718,10270
42719,8731
42720,7904
42721,7445
42722,6902
42723,6719
42724,9178
42725,10102
42726,7060
42727,8686
42728,11335
42729,6747
42730,7868
42731,7462
42732,10722
42733,7808
42734,6212
42735,6562
42736,8113
42737,6306
42738,13881
42739,6994
42740,8409
42741,8039
42742,10664
42743,5116
42744,8210
42745,12718
42746,9735
42747,10672
42748,8028
42749,4775
42750,16380
42751,10644
42752,9110
42753,17741
42754,12051
42755,8966
42756,8332
42757,12126
42758,11930
42759,12508
42760,13002
42761,7104
42762,8999
42763,6643
42764,9861
42765,4585
42766,12528
42767,8085
42768,6392
42769,7186
42770,11560
42771,9395
42772,6531
42773,8400
42774,6669
42775,6090
42776,8092
42777,4892
42778,6116
42779,7180
42780,8483
42781,10909
42782,9997
42783,8453
42784,6780
42785,6259
42786,12098
42787,8862
42788,6877
42789,6134
42790,5819
42791,10130
42792,4468
42793,10869
42794,7935
42795,3873
42796,6357
42797,9704
42798,7080
42799,5891
42800,9684
42801,10566
42802,12851
42803,6991
42804,10787
42805,3742
42806,6340
42807,8021
42808,6904
42809,8389
42810,6940
42811,7380
42812,5901
42813,6068
42814,12056
42815,9391
42816,6158
42817,5478
42818,9865
42819,12321
42820,10173
42821,6122
42822,6172
42823,12431
42824,7534
42825,8428
42826,7579
42827,6243
42828,8117
42829,12049
42830,4980
42831,5400
42832,6042
42833,7209
42834,10583
42835,9642
42836,9744
42837,15481
42838,5934
42839,13015
42840,15160
42841,8192
42842,5483
42843,4227
42844,9361
42845,7488
42846,7468
42847,7144
42848,8066
42849,14376
42850,5883
42851,7036
42852,8571
42853,7264
42854,7644
42855,5861
42856,5341
42857,7910
42858,4038
42859,10706
42860,9084
42861,8840
42862,9543
42863,9963
42864,8964
42865,6869
42866,8627
42867,10367
42868,7593
42869,6880
42870,6513
42871,5844
42872,11448
42873,7943
42874,7067
42875,6546
42876,8719
42877,9393
42878,8758
42879,7619
42880,9730
42881,5483
42882,6828
42883,18774
42884,7955
42885,9240
42886,8141
42887,7597
42888,7220
42889,5961
42890,4996
42891,5861
42892,9601
42893,14762
42894,9701
42895,9668
42896,14254
42897,11756
42898,12762
42899,8843
42900,6927
42901,5341
42902,11520
42903,13279
42904,9464
42905,9988
42906,10632
42907,7551
42908,4538
42909,12529
42910,8400
42911,8152
42912,7655
42913,3968
42914,16848
42915,13976
42916,15053
42917,6689
42918,6563
42919,5042
42920,6581
42921,7473
42922,10734
42923,7819
42924,5875
42925,5790
42926,8843
42927,4952
42928,3586
42929,8148
42930,15426
42931,7928
42932,18129
42933,5300
42934,6483
42935,8304
42936,6553
42937,6466
42938,5388
42939,4869
42940,5156
42941,9043
42942,7657
42943,5102
42944,11170
42945,8016
42946,7786
42947,5156
42948,11609
42949,9234
42950,10889
42951,6814
42952,8499
42953,4924
42954,5884
42955,5535
42956,16738
42957,11650
42958,6901
42959,6794
42960,5659
42961,6844
42962,5389
42963,10821
42964,5092
42965,16108
42966,5193
42967,6219
42968,6782
42969,9901
42970,8147
42971,5366
42972,7702
42973,9761
42974,8516
42975,8897
42976,6540
42977,5639
42978,12885
42979,5392
42980,5209
42981,6514
42982,7612
42983,7150
42984,7214
42985,10843
42986,9811
42987,7849
42988,7981
42989,5967
42990,9200
42991,7140
42992,4811
42993,8058
42994,7863
42995,8143
42996,10776
42997,7609
42998,7557
42999,7609
43000,7984
43001,6658
43002,7400
43003,7523
43004,8546
43005,8545
43006,8440
43007,10342
43008,7003
43009,5552
43010,13339
43011,7261
43012,4047
43013,9396
43014,9633
43015,13467
43016,6059
43017,6777
43018,7113
43019,4547
43020,7197
43021,8235
43022,8373
43023,7018
43024,8862
43025,10649
43026,3920
43027,7459
43028,6977
43029,6809
43030,6489
43031,7459
43032,10927
43033,6829
43034,6199
43035,9804
43036,9300
43037,9548
43038,9988
43039,5276
43040,8339
43041,8195
43042,9656
43043,9704
43044,9609
43045,4478
43046,8899
43047,8420
43048,8859
43049,10785
43050,5363
43051,4924
43052,14024
43053,10098
43054,10710
43055,7842
43056,8328
43057,9888
43058,4672
43059,7819
43060,6859
43061,8806
43062,8639
43063,9223
43064,9548
43065,7618
43066,9967
43067,12382
43068,16481
43069,8752
43070,5705
43071,7583
43072,5305
43073,4095
43074,12454
43075,9953
43076,6482
43077,10308
43078,6034
43079,12231
43080,5627
43081,7322
43082,7234
43083,11100
43084,5997
43085,7789
43086,6525
43087,6911
43088,8541
43089,5643
43090,7995
43091,7546
43092,10434
43093,9188
43094,7760
43095,6049
43096,13846
43097,5695
43098,5873
43099,13032
43100,8138
43101,11045
43102,8892
43103,14904
43104,7294
43105,6848
43106,6158
43107,7649
43108,9418
43109,12816
43110,8594
43111,9335
43112,8848
43113,4608
43114,8685
43115,9598
43116,8345
43117,9420
43118,6719
43119,5824
43120,5951
43121,4629
43122,6682
43123,9958
43124,8999
43125,12099
43126,18810
43127,8761
43128,5852
43129,9217
43130,7737
43131,10071
43132,5111
43133,6629
43134,4895
43135,10889
43136,7541
43137,7120
43138,14524
43139,11623
43140,6094
43141,8064
43142,4206
43143,5566
43144,6043
43145,9407
43146,5974
43147,5396
43148,7263
43149,9788
43150,9104
43151,6266
43152,6213
43153,7658
43154,8722
43155,8614
43156,4816
43157,11841
43158,19025
43159,4046
43160,8032
43161,10405
43162,9060
43163,6386
43164,3323
43165,6080
43166,9597
43167,6077
43168,9692
43169,10257
43170,5224
43171,6610
43172,7844
43173,7433
43174,5669
43175,6824
43176,9094
43177,10487
43178,8997
43179,12063
43180,6222
43181,4317
43182,7683
43183,6764
43184,10152
43185,7340
43186,5565
43187,23057
43188,8459
43189,6530
43190,13709
43191,8178
43192,8943
43193,7159
43194,8596
43195,6023
43196,10114
43197,13554
43198,6469
43199,6789
43200,7810
43201,16686
43202,7669
43203,6387
43204,7156
43205,6590
43206,7630
43207,4964
43208,9910
43209,4960
43210,7976
43211,3270
43212,19660
43213,9472
43214,5214
43215,5187
43216,11778
43217,7508
43218,8611
43219,8967
43220,7369
43221,5665
43222,5481
43223,11643
43224,6723
43225,8069
43226,7732
43227,8804
43228,6132
43229,8258
43230,7278
43231,4621
43232,9722
43233,10433
43234,5430
43235,8375
43236,8339
43237,5764
43238,10130
43239,7573
43240,7689
43241,7013
43242,8573
43243,4180
43244,5195
43245,6166
43246,0
43247,7409
43248,10182
43249,4952
43250,9548
43251,5352
43252,7045
43253,5612
43254,7534
43255,7032
43256,8226
43257,8412
43258,9324
43259,4861
43260,7351
43261,8169
43262,9465
43263,7564
43264,10607
43265,11546
43266,7148
43267,3711
43268,9377
43269,6850
43270,7414
43271,8063
43272,4511
43273,12085
43274,6111
43275,8139
43276,12195
43277,7939
43278,5241
43279,13906
43280,7085
43281,10762
43282,5874
43283,11288
43284,11404
43285,6908
43286,6228
43287,7866
43288,6224
43289,7291
43290,7106
43291,10810
43292,7733
43293,5693
43294,5598
43295,7880
43296,8676
43297,7915
43298,10067
43299,6590
43300,7849
43301,5568
43302,8838
43303,8874
43304,7796
43305,6623
43306,7432
43307,9045
43308,10208
43309,6532
43310,9122
43311,6895
43312,7296
43313,7699
43314,7906
43315,4742
43316,5119
43317,8807
43318,7953
43319,6948
43320,7431
43321,9392
43322,6607
43323,7015
43324,7942
43325,5885
43326,3976
43327,10143
43328,4325
43329,8609
43330,8488
43331,7222
43332,8899
43333,15794
43334,11268
43335,9874
43336,5615
43337,9177
43338,8455
43339,4742
43340,3771
43341,9629
43342,4393
43343,9217
43344,14574
43345,8515
43346,8597
43347,6162
43348,8596
43349,7924
43350,8012
43351,8217
43352,9803
43353,10044
43354,8036
43355,9683
43356,6167
43357,7888
43358,5267
43359,6445
43360,6971
43361,6000
43362,6355
43363,9072
43364,6434
43365,10420
43366,8291
43367,5810
43368,5447
43369,11080
43370,8785
43371,7377
43372,7311
43373,8961
43374,6753
43375,7125
43376,8093
43377,8076
43378,6661
43379,5794
43380,10142
43381,8508
43382,6253
43383,4575
43384,13960
43385,7092
43386,7511
43387,7789
43388,12384
43389,10357
43390,9013
43391,9215
43392,8634
43393,6585
43394,6542
43395,8079
43396,12199
43397,15713
43398,6791
43399,6935
43400,4626
43401,6252
43402,11659
43403,16357
43404,8775
43405,6446
43406,5631
43407,7190
43408,6637
43409,11035
43410,10386
43411,7037
43412,4941
43413,9349
43414,7597
43415,10966
43416,10635
43417,6066
43418,8840
43419,4626
43420,8166
43421,10126
43422,8447
43423,10574
43424,7796
43425,8670
43426,5314
43427,6726
43428,9124
43429,9263
43430,8396
43431,9511
43432,7922
43433,5217
43434,11321
43435,5271
43436,11889
43437,7147
43438,5474
43439,7998
43440,8253
43441,7248
43442,9028
43443,11071
43444,5840
43445,11365
43446,4896
43447,5581
43448,10213
43449,10492
43450,11929
43451,7260
43452,7954
43453,6419
43454,6991
43455,8451
43456,7601
43457,7144
43458,6589
43459,11433
43460,8197
43461,9556
43462,13720
43463,8951
43464,5504
43465,5783
43466,7109
43467,10070
43468,6278
43469,9919
43470,6535
43471,11668
43472,7958
43473,6994
43474,6060
43475,6639
43476,5911
43477,8203
43478,8087
43479,6323
43480,6364
43481,5867
43482,11034
43483,6836
43484,21865
43485,8104
43486,4769
43487,6382
43488,8106
43489,9839
43490,5736
43491,5347
43492,10497
43493,7295
43494,7737
43495,5831
43496,8643
43497,8796
43498,6240
43499,5856
43500,7436
43501,9647
43502,7293
43503,7942
43504,7950
43505,9448
43506,6898
43507,5299
43508,6147
43509,11212
43510,11562
43511,7493
43512,10788
43513,5253
43514,9197
43515,4701
43516,6054
43517,5396
43518,8472
43519,8300
43520,12447
43521,10138
43522,7142
43523,6850
43524,6738
43525,4717
43526,6682
43527,11939
43528,7105
43529,6197
43530,5841
43531,6467
43532,8798
43533,3533
43534,8864
43535,4982
43536,7465
43537,7529
43538,5906
43539,8700
43540,5888
43541,8488
43542,9270
43543,8166
43544,6084
43545,10893
43546,6110
43547,7168
43548,8288
43549,11999
43550,5631
43551,6708
43552,10037
43553,8416
43554,9701
43555,7278
43556,10214
43557,5430
43558,5036
43559,6900
43560,6496
43561,9973
43562,8514
43563,4479
43564,6669
43565,8002
43566,7743
43567,10076
43568,4243
43569,14147
43570,7207
43571,5397
43572,6462
43573,7283
43574,6904
43575,9267
43576,5245
43577,7655
43578,6463
43579,8211
43580,7573
43581,6610
43582,7519
43583,5977
43584,6837
43585,8809
43586,8126
43587,8219
43588,4888
43589,9623
43590,6299
43591,9266
43592,7475
43593,12826
43594,6757
43595,5240
43596,7400
43597,5929
43598,6395
43599,5797
43600,8530
43601,7288
43602,4104
43603,9189
43604,6458
43605,7804
43606,4997
43607,10376
43608,9977
43609,5161
43610,12361
43611,6560
43612,6260
43613,9159
43614,9921
43615,5491
43616,4683
43617,8197
43618,6897
43619,4829
43620,6745
43621,6814
43622,8292
43623,8849
43624,7853
43625,8242
43626,6656
43627,4744
43628,7226
43629,8160
43630,9039
43631,9160
43632,8730
43633,8763
43634,6691
43635,9364
43636,7684
43637,6724
43638,8289
43639,9813
43640,7882
43641,7849
43642,10544
43643,8816
43644,8757
43645,6013
43646,7619
43647,8577
43648,6764
43649,7851
43650,4508
43651,6075
43652,11497
43653,9503
43654,6388
43655,4541
43656,9100
43657,7836
43658,8585
43659,6742
43660,6096
43661,5793
43662,4532
43663,11285
43664,8131
43665,7267
43666,7472
43667,6226
43668,5809
43669,7222
43670,7295
43671,4569
43672,6420
43673,6383
43674,9310
43675,8842
43676,7167
43677,13078
43678,7015
43679,5804
43680,11388
43681,5688
43682,7494
43683,3476
43684,9389
43685,8409
43686,5629
43687,6581
43688,8632
43689,6333
43690,7020
43691,8778
43692,12336
43693,3147
43694,7568
43695,3812
43696,13986
43697,5606
43698,9591
43699,9829
43700,7867
43701,7756
43702,5069
43703,5933
43704,3424
43705,5257
43706,6764
43707,5560
43708,7801
43709,8667
43710,5702
43711,7149
43712,7170
43713,8726
43714,9916
43715,8206
43716,6160
43717,4039
43718,10009
43719,12726
43720,6389
43721,8152
43722,4838
43723,8476
43724,5854
43725,5355
43726,7002
43727,4554
43728,8466
43729,6542
43730,9432
43731,7301
43732,9690
43733,8617
43734,5732
43735,10412
43736,19222
43737,11889
43738,6522
43739,3582
43740,6861
43741,9627
43742,5324
43743,6569
43744,12433
43745,6165
43746,14117
43747,18871
43748,4630
43749,7246
43750,5994
43751,4562
43752,9230
43753,6245
43754,10251
43755,9614
43756,9697
43757,7283
43758,8562
43759,3982
43760,7840
43761,4007
43762,7312
43763,7707
43764,11576
43765,6884
43766,6007
43767,4730
43768,8155
43769,6528
43770,5716
43771,4591
43772,8836
43773,6635
43774,6527
43775,7993
43776,8902
43777,0
43778,6778
43779,6601
43780,7188
43781,7696
43782,8354
43783,9400
43784,9371
43785,7930
43786,5822
43787,4467
43788,7220
43789,7314
43790,7205
43791,5096
43792,2971
43793,9548
43794,8094
43795,10758
43796,7366
43797,6165
43798,7241
43799,5807
43800,4791
43801,10376
43802,6014
43803,8002
43804,8027
43805,14962
43806,6502
43807,5628
43808,7964
43809,6154
43810,6717
43811,5811
43812,8578
43813,4976
43814,7973
43815,4773
43816,6150
43817,4089
43818,10483
43819,5810
43820,18023
43821,14896
43822,5302
43823,7355
43824,6128
43825,7161
43826,6249
43827,12201
43828,8817
43829,10210
43830,4980
43831,8293
43832,5668
43833,9890
43834,8390
43835,7511
43836,6859
43837,6723
43838,6802
43839,8940
43840,9509
43841,7130
43842,8225
43843,10885
43844,6678
43845,7382
43846,7330
43847,9904
43848,7429
43849,5695
43850,6485
43851,6776
43852,6034
43853,13665
43854,6725
43855,7972
43856,7810
43857,9835
43858,5247
43859,7644
43860,10646
43861,8902
43862,9420
43863,7195
43864,4636
43865,16140
43866,9934
43867,8803
43868,17720
43869,9867
43870,8666
43871,7848
43872,10756
43873,11101
43874,11607
43875,12358
43876,6203
43877,8273
43878,6240
43879,9474
43880,4210
43881,11133
43882,7500
43883,6227
43884,6960
43885,10271
43886,8788
43887,6413
43888,7829
43889,6661
43890,5471
43891,8019
43892,4702
43893,6040
43894,6508
43895,8426
43896,10443
43897,9769
43898,8175
43899,6697
43900,6036
43901,11403
43902,8018
43903,6302
43904,5849
43905,5765
43906,10093
43907,4403
43908,10751
43909,7852
43910,3627
43911,5993
43912,8781
43913,6961
43914,5871
43915,9551
43916,9928
43917,12269
43918,6434
43919,10845
43920,3533
43921,5923
43922,7970
43923,6422
43924,7681
43925,6905
43926,7045
43927,5730
43928,5695
43929,12238
43930,9157
43931,5784
43932,5192
43933,9309
43934,11586
43935,10059
43936,5952
43937,5467
43938,12300
43939,7172
43940,9198
43941,6711
43942,5991
43943,7780
43944,10515
43945,4196
43946,5475
43947,5128
43948,6781
43949,10450
43950,9277
43951,9200
43952,14004
43953,5862
43954,12226
43955,14443
43956,7971
43957,5229
43958,3779
43959,8881
43960,7000
43961,6771
43962,6861
43963,7374
43964,12111
43965,5640
43966,6700
43967,8427
43968,5795
43969,7712
43970,5714
43971,4980
43972,7725
43973,3803
43974,8726
43975,8815
43976,8439
43977,8803
43978,9384
43979,8668
43980,6659
43981,8142
43982,9496
43983,7399
43984,6959
43985,6523
43986,6352
43987,10989
43988,7806
43989,6737
43990,6207
43991,8656
43992,9091
43993,8069
43994,6938
43995,9357
43996,5429
43997,6830
43998,17452
43999,7534
44000,9275
44001,7157
44002,6736
44003,6966
44004,5803
44005,4807
44006,5693
44007,9578
44008,13716
44009,9043
44010,9179
44011,11858
44012,11240
44013,11850
44014,8400
44015,6995
44016,5012
44017,11174
44018,12286
44019,9169
44020,9001
44021,9057
44022,7426
44023,4020
44024,11835
44025,8268
44026,7648
44027,7079
44028,3622
44029,14192
44030,13231
44031,13642
44032,6602
44033,6031
44034,4833
44035,6422
44036,6716
44037,9646
44038,7900
44039,5707
44040,5689
44041,7778
44042,5072
44043,3348
44044,7280
44045,14510
44046,7471
44047,18166
44048,4947
44049,6216
44050,7985
44051,5911
44052,6023
44053,5344
44054,4628
44055,4879
44056,8732
44057,7390
44058,4743
44059,10558
44060,6955
44061,7577
44062,4809
44063,11204
44064,8760
44065,10223
44066,6094
44067,7698
44068,4492
44069,5714
44070,5310
44071,16778
44072,11562
44073,6605
44074,6319
44075,5706
44076,6745
44077,4935
44078,9921
44079,4645
44080,15140
44081,4940
44082,5857
44083,6345
44084,9603
44085,8064
44086,5237
44087,7170
44088,8910
44089,8089
44090,8582
44091,6113
44092,4572
44093,11053
44094,5011
44095,4530
44096,6313
44097,7416
44098,6758
44099,6889
44100,10134
44101,9028
44102,7400
44103,7593
44104,5644
44105,9099
44106,6706
44107,4731
44108,7446
44109,7343
44110,7513
44111,10346
44112,7224
44113,7164
44114,7471
44115,6810
44116,6235
44117,7322
44118,7600
44119,7885
44120,6702
44121,7737
44122,9877
44123,7045
44124,5155
44125,12755
44126,6407
44127,3939
44128,8370
44129,9672
44130,12735
44131,5807
44132,6273
44133,6799
44134,4305
44135,6803
44136,8017
44137,7634
44138,6269
44139,7863
44140,10308
44141,3650
44142,7227
44143,6606
44144,6248
44145,5870
44146,7150
44147,10041
44148,6655
44149,5680
44150,9044
44151,8962
44152,9037
44153,9542
44154,5431
44155,7847
44156,7772
44157,9233
44158,9363
44159,9466
44160,4074
44161,8775
44162,8227
44163,8315
44164,10381
44165,5228
44166,4591
44167,13073
44168,9188
44169,10039
44170,7009
44171,6978
44172,9533
44173,4176
44174,7350
44175,6201
44176,8499
44177,7499
44178,7922
44179,9209
44180,6881
44181,9469
44182,11847
44183,16206
44184,8066
44185,5276
44186,7083
44187,5187
44188,3587
44189,11486
44190,9314
44191,6243
44192,9125
44193,5739
44194,11311
44195,5555
44196,7180
44197,6741
44198,11264
44199,6120
44200,7650
44201,6318
44202,6492
44203,7810
44204,5564
44205,8040
44206,7498
44207,10124
44208,8960
44209,7321
44210,5762
44211,12089
44212,5214
44213,5815
44214,11694
44215,7786
44216,10300
44217,8572
44218,14838
44219,6657
44220,6422
44221,5912
44222,6795
44223,8854
44224,12382
44225,8206
44226,8587
44227,8458
44228,4442
44229,8326
44230,9126
44231,8058
44232,8624
44233,6271
44234,5251
44235,5930
44236,4370
44237,6163
44238,9454
44239,8138
44240,11028
44241,17784
44242,8253
44243,5905
44244,8870
44245,7458
44246,9657
44247,5027
44248,6449
44249,4613
44250,10302
44251,7602
44252,6377
44253,13822
44254,12083
44255,5807
44256,7671
44257,4231
44258,5488
44259,5768
44260,9328
44261,5575
44262,5426
44263,6739
44264,8183
44265,7041
44266,5542
44267,6101
44268,7231
44269,7537
44270,8223
44271,4420
44272,11569
44273,18459
44274,3902
44275,7635
44276,9476
44277,8621
44278,5802
44279,3293
44280,5751
44281,8605
44282,5891
44283,8530
44284,9850
44285,5145
44286,6299
44287,7585
44288,7076
44289,5572
44290,6820
44291,8747
44292,10094
44293,8429
44294,11394
44295,6102
44296,4056
44297,7116
44298,6556
44299,9148
44300,6962
44301,5088
44302,22033
44303,7659
44304,6228
44305,12789
44306,7607
44307,8686
44308,6562
44309,8282
44310,5640
44311,9440
44312,13193
44313,5767
44314,6250
44315,7660
44316,15023
44317,7209
44318,6084
44319,6499
44320,6259
44321,7087
44322,4521
44323,9499
44324,4672
44325,7552
44326,3213
44327,19394
44328,9313
44329,5304
44330,5174
44331,10114
44332,7243
44333,8306
44334,8938
44335,6775
44336,5817
44337,4992
44338,10785
44339,6577
44340,7556
44341,7424
44342,8652
44343,5795
44344,8048
44345,6526
44346,4516
44347,8905
44348,9337
44349,5446
44350,7922
44351,8030
44352,5728
44353,9661
44354,6707
44355,7287
44356,6991
44357,8244
44358,4077
44359,5126
44360,5758
44361,0
44362,7799
44363,9460
44364,4747
44365,8976
44366,5298
44367,6843
44368,4936
44369,7098
44370,6899
44371,7718
44372,7770
44373,9012
44374,4507
44375,7089
44376,7940
44377,8404
44378,7758
44379,10206
44380,10946
44381,6954
44382,3704
44383,7752
44384,5833
44385,6995
44386,7322
44387,4413
44388,12147
44389,5968
44390,7550
44391,11504
44392,7086
44393,4775
44394,12906
44395,6478
44396,10422
44397,5872
44398,10081
44399,9832
44400,6834
44401,5946
44402,7157
44403,5934
44404,6795
44405,6888
44406,9572
44407,7479
44408,5517
44409,5076
44410,7307
44411,8186
44412,7286
44413,9675
44414,6190
44415,7382
44416,5371
44417,8443
44418,8668
44419,7444
44420,6245
44421,7042
44422,8374
44423,9496
44424,6278
44425,8476
44426,6388
44427,6906
44428,7579
44429,7434
44430,4639
44431,4565
44432,9399
44433,7989
44434,6258
44435,6824
44436,8833
44437,6415
44438,6004
44439,8058
44440,5778
44441,3762
44442,9255
44443,4091
44444,7923
44445,8104
44446,6741
44447,7647
44448,12449
44449,11171
44450,9784
44451,5256
44452,8533
44453,7869
44454,4868
44455,3266
44456,9010
44457,3900
44458,8569
44459,13860
44460,8221
44461,7932
44462,5559
44463,8041
44464,7332
44465,7149
44466,7806
44467,9134
44468,9650
44469,7479
44470,9635
44471,5957
44472,7309
44473,4985
44474,6202
44475,6720
44476,5760
44477,6043
44478,8293
44479,5901
44480,9977
44481,7295
44482,5603
44483,5192
44484,10508
44485,8409
44486,6599
44487,6947
44488,7665
44489,6985
44490,6323
44491,7618
44492,7925
44493,6322
44494,5462
44495,10202
44496,8219
44497,6228
44498,4276
44499,12280
44500,6758
44501,6736
44502,7118
44503,11932
44504,9804
44505,8846
44506,8765
44507,8037
44508,6387
44509,6279
44510,7706
44511,10681
44512,15186
44513,5989
44514,6023
44515,4069
44516,5568
44517,9725
44518,14281
44519,7143
44520,5365
44521,5497
44522,6967
44523,6380
44524,11173
44525,9502
44526,6688
44527,4577
44528,8959
44529,7187
44530,10455
44531,10185
44532,5617
44533,8193
44534,4377
44535,8003
44536,9687
44537,7913
44538,9804
44539,6971
44540,8327
44541,5268
44542,6558
44543,7978
44544,8772
44545,8166
44546,9174
44547,7385
44548,4894
44549,10236
44550,5106
44551,10961
44552,7002
44553,5497
44554,8883
44555,7894
44556,6625
44557,8627
44558,10210
44559,5729
44560,10919
44561,4581
44562,5159
44563,9434
44564,9425
44565,11737
44566,6965
44567,7048
44568,6210
44569,6329
44570,8003
44571,6903
44572,6826
44573,6068
44574,10544
44575,8012
44576,8917
44577,12981
44578,9011
44579,5366
44580,5331
44581,6835
44582,9884
44583,5863
44584,9458
44585,5653
44586,10689
44587,7436
44588,6590
44589,5846
44590,6079
44591,5488
44592,7434
44593,6955
44594,5902
44595,5446
44596,5290
44597,10276
44598,6820
44599,21284
44600,7872
44601,4909
44602,5976
44603,8434
44604,10879
44605,5627
44606,5536
44607,11413
44608,8558
44609,8329
44610,6181
44611,8913
44612,9329
44613,6353
44614,6322
44615,8353
44616,10105
44617,7893
44618,8459
44619,8891
44620,10646
44621,7641
44622,5532
44623,6691
44624,11683
44625,13204
44626,8508
44627,11687
44628,5971
44629,9777
44630,5490
44631,6625
44632,5332
44633,9109
44634,8975
44635,13557
44636,10569
44637,8058
44638,7100
44639,7091
44640,5244
44641,7190
44642,12060
44643,7578
44644,6439
44645,6568
44646,6879
44647,9470
44648,3650
44649,9238
44650,5342
44651,8375
44652,8202
44653,6360
44654,9607
44655,6034
44656,9720
44657,10085
44658,8570
44659,6448
44660,10920
44661,5997
44662,7658
44663,9475
44664,13710
44665,6424
44666,7501
44667,10462
44668,9086
44669,10658
44670,7735
44671,10834
44672,5688
44673,5623
44674,7347
44675,7231
44676,10411
44677,9355
44678,4856
44679,6975
44680,9030
44681,7868
44682,11262
44683,4336
44684,14400
44685,7762
44686,5778
44687,6816
44688,7657
44689,7186
44690,9993
44691,5568
44692,8463
44693,7055
44694,9024
44695,8110
44696,6805
44697,8615
44698,6622
44699,6971
44700,9467
44701,9215
44702,9193
44703,5224
44704,9974
44705,6537
44706,9436
44707,8197
44708,13441
44709,7399
44710,5668
44711,8194
44712,6295
44713,6561
44714,6096
44715,8797
44716,7916
44717,4336
44718,10015
44719,6616
44720,8400
44721,5271
44722,10211
44723,9824
44724,5379
44725,14029
44726,7343
44727,6379
44728,9798
44729,10515
44730,5951
44731,5062
44732,8988
44733,7716
44734,4953
44735,7483
44736,7087
44737,8605
44738,9965
44739,8183
44740,9053
44741,7274
44742,4880
44743,7829
44744,8906
44745,9433
44746,10120
44747,9294
44748,9279
44749,6861
44750,10059
44751,8411
44752,6544
44753,8612
44754,10726
44755,8257
44756,9928
44757,10909
44758,9361
44759,9123
44760,6872
44761,8276
44762,9400
44763,7351
44764,8185
44765,4484
44766,6780
44767,12003
44768,9613
44769,6954
44770,4763
44771,9745
44772,8238
44773,9449
44774,6948
44775,6628
44776,6122
44777,4801
44778,12257
44779,9035
44780,8153
44781,7877
44782,6870
44783,5780
44784,7585
44785,8145
44786,4832
44787,7245
44788,6723
44789,9860
44790,9178
44791,7578
44792,13676
44793,6331
44794,6230
44795,12080
44796,6323
44797,7831
44798,3737
44799,10479
44800,9207
44801,6865
44802,7178
44803,8024
44804,6596
44805,7730
44806,10454
44807,12926
44808,3451
44809,8804
44810,4112
44811,15574
44812,5286
44813,10098
44814,10233
44815,8413
44816,8497
44817,5731
44818,6410
44819,3506
44820,5518
44821,7508
44822,6178
44823,8123
44824,9163
44825,6667
44826,7636
44827,7468
44828,9705
44829,11187
44830,9391
44831,6460
44832,4744
44833,10484
44834,12851
44835,7024
44836,8866
44837,4978
44838,9542
44839,6536
44840,5413
44841,7493
44842,4968
44843,9044
44844,6759
44845,9996
44846,8268
44847,10858
44848,9433
44849,6650
44850,11057
44851,21134
44852,12828
44853,7023
44854,3765
44855,7675
44856,10432
44857,5744
44858,7014
44859,13403
44860,6573
44861,15546
44862,20101
44863,4624
44864,7935
44865,6310
44866,5184
44867,11555
44868,6054
44869,10699
44870,10283
44871,10253
44872,8077
44873,9245
44874,4387
44875,7697
44876,4544
44877,7667
44878,8421
44879,11698
44880,8019
44881,6708
44882,5237
44883,8641
44884,6491
44885,5796
44886,4988
44887,9477
44888,7433
44889,7065
44890,8273
44891,9575
44892,0
44893,7525
44894,7429
44895,7101
44896,8607
44897,8659
44898,9939
44899,10068
44900,9221
44901,6182
44902,4790
44903,7484
44904,8301
44905,7759
44906,5310
44907,3585
44908,10081
44909,8839
44910,11627
44911,7827
44912,6712
44913,8395
44914,6524
44915,5345
44916,11195
44917,6195
44918,8953
44919,8927
44920,16851
44921,7611
44922,6626
44923,8843
44924,6999
44925,9208
44926,6758
44927,9438
44928,5098
44929,8872
44930,5205
44931,6752
44932,4275
44933,11543
44934,6355
44935,18669
44936,16479
44937,5815
44938,7895
44939,6544
44940,7853
44941,6823
44942,13055
44943,9794
44944,11654
44945,5194
44946,8723
44947,6429
44948,10220
44949,8854
44950,8299
44951,7732
44952,7721
44953,7240
44954,9385
44955,11016
44956,7622
44957,9415
44958,11209
44959,7480
44960,8116
44961,8355
44962,10433
44963,8310
44964,6332
44965,6724
44966,7748
44967,6529
44968,14466
44969,7397
44970,9242
44971,8498
44972,10447
44973,5514
44974,8415
44975,11802
44976,9510
44977,11177
44978,8180
44979,5081
44980,16664
44981,10856
44982,9915
44983,20205
44984,11809
44985,9020
44986,8210
44987,11623
44988,11845
44989,12088
44990,12914
44991,6971
44992,8662
44993,6852
44994,10192
44995,4588
44996,13660
44997,7907
44998,6720
44999,7148
45000,11175
45001,9371
45002,6691
45003,8184
45004,6610
45005,5677
45006,8989
45007,5064
45008,6330
45009,7264
45010,8323
45011,11167
45012,10225
45013,8828
45014,7666
45015,6519
45016,12626
45017,8577
45018,6757
45019,6509
45020,5891
45021,11159
45022,4488
45023,11093
45024,8685
45025,4018
45026,5927
45027,9219
45028,7479
45029,6210
45030,10081
45031,11343
45032,12651
45033,7058
45034,11732
45035,3464
45036,6398
45037,8085
45038,6700
45039,8300
45040,7133
45041,7805
45042,6327
45043,6261
45044,12908
45045,9761
45046,6356
45047,5326
45048,9597
45049,12812
45050,13039
45051,6417
45052,6318
45053,12060
45054,7220
45055,9097
45056,7417
45057,6391
45058,8430
45059,12082
45060,4917
45061,5355
45062,5800
45063,7139
45064,11093
45065,9772
45066,9434
45067,15646
45068,6361
45069,13450
45070,14901
45071,8688
45072,5899
45073,4373
45074,9469
45075,7359
45076,7165
45077,7580
45078,8132
45079,13602
45080,5931
45081,7466
45082,9124
45083,6986
45084,8668
45085,5841
45086,5837
45087,8710
45088,3788
45089,9944
45090,9364
45091,8959
45092,9445
45093,10187
45094,9269
45095,7394
45096,8922
45097,10246
45098,7621
45099,7142
45100,6567
45101,5880
45102,12384
45103,9309
45104,8032
45105,6609
45106,8780
45107,9962
45108,9023
45109,7302
45110,9643
45111,5785
45112,7525
45113,19759
45114,7931
45115,10276
45116,8368
45117,7489
45118,7218
45119,6311
45120,5030
45121,6650
45122,10435
45123,14776
45124,9963
45125,9556
45126,13848
45127,11762
45128,12811
45129,9454
45130,7552
45131,5493
45132,11489
45133,13099
45134,9606
45135,9787
45136,10206
45137,7806
45138,4300
45139,12139
45140,8256
45141,8279
45142,7579
45143,3769
45144,15824
45145,14683
45146,15301
45147,7204
45148,6167
45149,5139
45150,6629
45151,7908
45152,9836
45153,8738
45154,5864
45155,6076
45156,8645
45157,4866
45158,3710
45159,8539
45160,16130
45161,8136
45162,19281
45163,5448
45164,6875
45165,8048
45166,6628
45167,6586
45168,5815
45169,4755
45170,5068
45171,9578
45172,8179
45173,4724
45174,10853
45175,7031
45176,8326
45177,5314
45178,11891
45179,9369
45180,11339
45181,6343
45182,8499
45183,4741
45184,6122
45185,6046
45186,16411
45187,12177
45188,7600
45189,6871
45190,6130
45191,7159
45192,6309
45193,12800
45194,4913
45195,16750
45196,5179
45197,6233
45198,6774
45199,10143
45200,9183
45201,5531
45202,8097
45203,9785
45204,8620
45205,9300
45206,6398
45207,5083
45208,12322
45209,5318
45210,4767
45211,6420
45212,8228
45213,7195
45214,7473
45215,10604
45216,10169
45217,8008
45218,8208
45219,5604
45220,9601
45221,7150
45222,5247
45223,8180
45224,8096
45225,7977
45226,11318
45227,7686
45228,7948
45229,7957
45230,7690
45231,6961
45232,8071
45233,8024
45234,8418
45235,7771
45236,7825
45237,11154
45238,7332
45239,5277
45240,13436
45241,7539
45242,3983
45243,9360
45244,10046
45245,14313
45246,5995
45247,7063
45248,7382
45249,4509
45250,6908
45251,8374
45252,8745
45253,6963
45254,8296
45255,11549
45256,4002
45257,8135
45258,7201
45259,6507
45260,6168
45261,7625
45262,10308
45263,6888
45264,6388
45265,9921
45266,9878
45267,9782
45268,10261
45269,5741
45270,8341
45271,8069
45272,9742
45273,10756
45274,10203
45275,6189
45276,9563
45277,8769
45278,9506
45279,10459
45280,5590
45281,4877
45282,14092
45283,9962
45284,10552
45285,7256
45286,8027
45287,9751
45288,4727
45289,8087
45290,6649
45291,9737
45292,8184
45293,8380
45294,9756
45295,7733
45296,10372
45297,12542
45298,17106
45299,8578
45300,5694
45301,7439
45302,5402
45303,3734
45304,12248
45305,10431
45306,6704
45307,9926
45308,6464
45309,12357
45310,5965
45311,7667
45312,7159
45313,11370
45314,6435
45315,7601
45316,6508
45317,6862
45318,8443
45319,6357
45320,8795
45321,8383
45322,10736
45323,10019
45324,8300
45325,6618
45326,13061
45327,5462
45328,6565
45329,11935
45330,8239
45331,10751
45332,9101
45333,15750
45334,7301
45335,6569
45336,6542
45337,7818
45338,9507
45339,12920
45340,8608
45341,9954
45342,9277
45343,4771
45344,8631
45345,9250
45346,8951
45347,9806
45348,7021
45349,5693
45350,6106
45351,4460
45352,6625
45353,10536
45354,9911
45355,12105
45356,19685
45357,8370
45358,6059
45359,9437
45360,7885
45361,10523
45362,5598
45363,7069
45364,5100
45365,11389
45366,7823
45367,6980
45368,15563
45369,12509
45370,6352
45371,8219
45372,4609
45373,5773
45374,6209
45375,10037
45376,5817
45377,5876
45378,6986
45379,8971
45380,8766
45381,5707
45382,6838
45383,8463
45384,7916
45385,9468
45386,4815
45387,12102
45388,19541
45389,4239
45390,8384
45391,10272
45392,9419
45393,5925
45394,3725
45395,5944
45396,9392
45397,5922
45398,9132
45399,10211
45400,5527
45401,6955
45402,8610
45403,7462
45404,5850
45405,7358
45406,9280
45407,10189
45408,9692
45409,11168
45410,6563
45411,4414
45412,7625
45413,6791
45414,10341
45415,7256
45416,5923
45417,22413
45418,8563
45419,6661
45420,13210
45421,8452
45422,9226
45423,7382
45424,8814
45425,5761
45426,10087
45427,14080
45428,6403
45429,6887
45430,7736
45431,16130
45432,7955
45433,6458
45434,7064
45435,6711
45436,7482
45437,4988
45438,10288
45439,4965
45440,8132
45441,3326
45442,20382
45443,10207
45444,5034
45445,5531
45446,11248
45447,7936
45448,8980
45449,9602
45450,7528
45451,6032
45452,5546
45453,11350
45454,6758
45455,8250
45456,8169
45457,9356
45458,5758
45459,8316
45460,7313
45461,4765
45462,9847
45463,10314
45464,5452
45465,8802
45466,9299
45467,6178
45468,10314
45469,7498
45470,7817
45471,7781
45472,9194
45473,4158
45474,5688
45475,6233
45476,0
45477,7673
45478,10061
45479,5254
45480,9853
45481,5412
45482,7503
45483,5190
45484,7405
45485,7186
45486,8113
45487,8574
45488,10267
45489,5319
45490,7626
45491,8809
45492,9316
45493,7829
45494,9936
45495,10895
45496,7739
45497,4153
45498,8635
45499,6111
45500,7179
45501,7937
45502,4454
45503,12589
45504,6414
45505,8143
45506,12793
45507,8216
45508,5070
45509,13898
45510,7252
45511,10962
45512,6326
45513,10840
45514,11908
45515,7410
45516,6025
45517,7773
45518,6224
45519,7215
45520,7062
45521,10144
45522,7998
45523,5700
45524,5447
45525,7757
45526,8859
45527,8023
45528,10588
45529,6773
45530,8105
45531,6080
45532,9084
45533,8947
45534,8031
45535,7369
45536,7401
45537,9166
45538,10299
45539,6637
45540,9226
45541,6445
45542,7837
45543,8234
45544,7974
45545,4865
45546,4945
45547,8972
45548,8573
45549,6531
45550,7052
45551,9952
45552,6806
45553,6859
45554,8021
45555,6472
45556,4235
45557,9722
45558,4381
45559,8535
45560,8789
45561,7384
45562,8349
45563,14235
45564,12252
45565,9698
45566,5496
45567,10481
45568,8567
45569,5007
45570,3603
45571,10340
45572,4018
45573,9666
45574,14060
45575,9739
45576,8351
45577,5752
45578,9000
45579,8461
45580,7517
45581,8822
45582,9671
45583,10242
45584,7898
45585,10568
45586,6350
45587,8259
45588,5347
45589,6349
45590,7660
45591,6270
45592,6284
45593,9220
45594,5979
45595,10388
45596,8083
45597,6141
45598,5436
45599,11512
45600,8584
45601,7366
45602,7743
45603,8166
45604,7104
45605,6986
45606,8573
45607,8778
45608,6720
45609,5635
45610,11356
45611,8734
45612,6975
45613,4538
45614,14013
45615,8041
45616,7137
45617,7634
45618,12979
45619,10264
45620,8762
45621,9317
45622,8835
45623,6899
45624,7014
45625,8261
45626,11110
45627,15566
45628,6411
45629,6555
45630,4588
45631,5802
45632,11066
45633,16420
45634,7859
45635,6243
45636,6266
45637,7860
45638,6977
45639,11602
45640,10722
45641,7037
45642,5296
45643,9264
45644,7739
45645,11938
45646,10858
45647,6028
45648,9116
45649,4609
45650,9103
45651,10421
45652,8829
45653,9980
45654,7788
45655,9154
45656,5247
45657,7738
45658,8627
45659,9667
45660,9306
45661,10310
45662,8340
45663,5231
45664,10908
45665,5337
45666,11495
45667,7441
45668,5583
45669,7403
45670,8710
45671,7500
45672,9123
45673,11123
45674,6535
45675,11109
45676,5271
45677,5611
45678,9717
45679,10061
45680,11745
45681,7090
45682,8150
45683,6334
45684,7330
45685,8509
45686,7566
45687,7758
45688,6699
45689,11107
45690,8246
45691,9559
45692,13145
45693,9846
45694,5402
45695,5576
45696,7553
45697,10398
45698,6163
45699,10636
45700,5835
45701,11710
45702,7604
45703,7187
45704,6425
45705,6764
45706,5917
45707,7722
45708,7394
45709,5857
45710,6227
45711,5593
45712,10800
45713,7892
45714,22606
45715,8718
45716,5207
45717,5823
45718,8890
45719,11835
45720,5611
45721,5873
45722,12034
45723,7456
45724,8924
45725,6572
45726,9230
45727,9797
45728,7219
45729,6751
45730,9090
45731,10506
45732,8201
45733,9505
45734,9527
45735,9995
45736,8367
45737,6064
45738,7221
45739,12996
45740,13189
45741,8841
45742,12437
45743,6137
45744,10135
45745,5079
45746,7356
45747,5735
45748,9701
45749,9307
45750,14034
45751,11255
45752,8770
45753,7681
45754,7306
45755,5360
45756,7568
45757,12756
45758,8079
45759,6996
45760,6927
45761,7507
45762,9808
45763,4010
45764,10135
45765,5849
45766,9674
45767,8831
45768,6948
45769,10789
45770,6253
45771,10457
45772,10080
45773,8892
45774,6925
45775,10655
45776,6284
45777,7729
45778,10447
45779,14809
45780,6561
45781,8192
45782,10654
45783,9971
45784,11544
45785,8599
45786,11716
45787,5892
45788,5602
45789,7731
45790,8044
45791,11589
45792,9940
45793,5314
45794,7327
45795,9505
45796,8920
45797,11494
45798,4685
45799,14782
45800,8451
45801,5909
45802,6653
45803,7769
45804,7699
45805,10534
45806,5712
45807,9017
45808,8065
45809,9263
45810,8415
45811,6369
45812,8711
45813,7072
45814,7520
45815,10023
45816,10117
45817,10167
45818,5688
45819,10324
45820,6924
45821,9978
45822,8908
45823,14869
45824,8235
45825,5611
45826,8885
45827,6802
45828,7381
45829,6708
45830,10142
45831,8201
45832,4685
45833,10681
45834,6925
45835,8925
45836,5690
45837,10453
45838,10075
45839,6867
45840,14061
45841,7890
45842,7064
45843,10270
45844,11420
45845,6275
45846,5125
45847,9171
45848,8169
45849,5046
45850,8092
45851,7537
45852,9874
45853,9291
45854,8923
45855,9279
45856,7739
45857,5366
45858,8340
45859,9459
45860,9755
45861,10808
45862,10162
45863,9516
45864,7403
45865,10604
45866,8831
45867,6951
45868,9093
45869,10901
45870,9323
45871,9124
45872,11243
45873,9982
45874,9940
45875,7282
45876,8673
45877,10131
45878,7443
45879,8569
45880,4969
45881,7172
45882,11572
45883,9955
45884,8003
45885,5265
45886,9978
45887,8487
45888,9828
45889,7643
45890,7053
45891,6372
45892,5095
45893,12484
45894,9481
45895,8544
45896,8375
45897,7240
45898,5917
45899,8223
45900,9126
45901,5132
45902,8574
45903,7277
45904,10525
45905,9839
45906,8067
45907,14706
45908,6132
45909,6810
45910,12622
45911,6724
45912,8784
45913,4173
45914,11203
45915,9742
45916,7299
45917,7486
45918,8505
45919,7139
45920,8388
45921,10114
45922,13035
45923,4053
45924,8483
45925,4664
45926,16314
45927,5694
45928,10915
45929,11528
45930,9515
45931,9381
45932,6010
45933,6506
45934,3705
45935,5556
45936,8069
45937,6204
45938,9352
45939,9725
45940,6936
45941,7772
45942,8037
45943,10454
45944,12340
45945,10273
45946,7195
45947,5652
45948,11012
45949,13724
45950,7383
45951,9522
45952,5282
45953,10184
45954,6898
45955,5652
45956,8409
45957,5494
45958,9545
45959,7508
45960,10470
45961,8952
45962,11420
45963,9999
45964,7009
45965,11764
45966,20192
45967,13432
45968,7136
45969,4502
45970,8379
45971,10678
45972,6010
45973,7725
45974,14146
45975,6679
45976,15494
45977,22111
45978,5162
45979,8219
45980,6370
45981,5008
45982,10835
45983,6720
45984,10971
45985,10603
45986,10245
45987,8404
45988,9460
45989,4973
45990,8966
45991,4728
45992,9069
45993,9033
45994,12979
45995,8880
45996,7413
45997,5217
45998,9148
45999,6993
46000,6527
46001,5298
46002,10143
46003,7735
46004,7644
46005,8801
46006,9905
46007,0
46008,7874
46009,7386
46010,7412
46011,8950
46012,9408
46013,11220
46014,10066
46015,9929
46016,6729
46017,5547
46018,8007
46019,9091
46020,8306
46021,5652
46022,3826
46023,10539
46024,9079
46025,12773
46026,7961
46027,7200
46028,9074
46029,6669
46030,5778
46031,11969
46032,7656
46033,9311
46034,10369
46035,17568
46036,8435
46037,5909
46038,9395
46039,6430
46040,7642
46041,7384
46042,9773
46043,5464
46044,10433
46045,5748
46046,6696
46047,4222
46048,11619
46049,7024
46050,19246
46051,16622
46052,6371
46053,8407
46054,6936
46055,8453
46056,7064
46057,13698
46058,10372
46059,11680
46060,5486
46061,9056
46062,7172
46063,10834
46064,8872
46065,8971
46066,8493
46067,8631
46068,7791
46069,10553
46070,11115
46071,8474
46072,9306
46073,11982
46074,7832
46075,8862
46076,9515
46077,10787
46078,8704
46079,6624
46080,7190
46081,7946
46082,6989
46083,14810
46084,8291
46085,9806
46086,8965
46087,11786
46088,6141
46089,8562
46090,11809
46091,9809
46092,11824
46093,8001
46094,5445
46095,17847
46096,10541
46097,10310
46098,20764
46099,11107
46100,9934
46101,9110
46102,12405
46103,12207
46104,11935
46105,13726
46106,7823
46107,8781
46108,7317
46109,11150
46110,5042
46111,11794
46112,8435
46113,7584
46114,7473
46115,11068
46116,9187
46117,7158
46118,8855
46119,6712
46120,5948
46121,9470
46122,5608
46123,6698
46124,7299
46125,9297
46126,12141
46127,11696
46128,9142
46129,8102
46130,6997
46131,12260
46132,8788
46133,8114
46134,6845
46135,6208
46136,12481
46137,4895
46138,13056
46139,9435
46140,4263
46141,5872
46142,9868
46143,8164
46144,7313
46145,10974
46146,11497
46147,12569
46148,7359
46149,14008
46150,3600
46151,6866
46152,8770
46153,7333
46154,9048
46155,8186
46156,8893
46157,6875
46158,6481
46159,14660
46160,10494
46161,6852
46162,5569
46163,10536
46164,13109
46165,11738
46166,6854
46167,6769
46168,12134
46169,7400
46170,10074
46171,7427
46172,7146
46173,9418
46174,11711
46175,5023
46176,6028
46177,5731
46178,6909
46179,11991
46180,10416
46181,10491
46182,15499
46183,7062
46184,14827
46185,16174
46186,9656
46187,6508
46188,4413
46189,10150
46190,7720
46191,7426
46192,8281
46193,8703
46194,14388
46195,5865
46196,8046
46197,10098
46198,6385
46199,10302
46200,6764
46201,5958
46202,9326
46203,4261
46204,9074
46205,9981
46206,9996
46207,9988
46208,11242
46209,9795
46210,7784
46211,9526
46212,11151
46213,8148
46214,7997
46215,7393
46216,6259
46217,12983
46218,9695
46219,8820
46220,6661
46221,9496
46222,10826
46223,9559
46224,7845
46225,10565
46226,6069
46227,8737
46228,20112
46229,8400
46230,12136
46231,7938
46232,7844
46233,8234
46234,7181
46235,5468
46236,7318
46237,11311
46238,15370
46239,9989
46240,10779
46241,12435
46242,12968
46243,13504
46244,10226
46245,7495
46246,5480
46247,11836
46248,14205
46249,10668
46250,9652
46251,11648
46252,8396
46253,4333
46254,13237
46255,8445
46256,8926
46257,8143
46258,3875
46259,15553
46260,14617
46261,15055
46262,7704
46263,6549
46264,5919
46265,7353
46266,8661
46267,9947
46268,9721
46269,5991
46270,6787
46271,9045
46272,5145
46273,3899
46274,8482
46275,17266
46276,8764
46277,20712
46278,5591
46279,7420
46280,8945
46281,7233
46282,6820
46283,6690
46284,4871
46285,5457
46286,10784
46287,8784
46288,5245
46289,11811
46290,7469
46291,9129
46292,5816
46293,12328
46294,10022
46295,11446
46296,6513
46297,8859
46298,5360
46299,6515
46300,6703
46301,16732
46302,13471
46303,8527
46304,7183
46305,6844
46306,8512
46307,5467
46308,10980
46309,4993
46310,17928
46311,5635
46312,6644
46313,7245
46314,11203
46315,10310
46316,6397
46317,8281
46318,10073
46319,9097
46320,10400
46321,6610
46322,5519
46323,11539
46324,5629
46325,5258
46326,6644
46327,9337
46328,7726
46329,7423
46330,11112
46331,10995
46332,8563
46333,9026
46334,6107
46335,10508
46336,7434
46337,5849
46338,9320
46339,8490
46340,8367
46341,11381
46342,8217
46343,8918
46344,8752
46345,7508
46346,7267
46347,8429
46348,9625
46349,8607
46350,8097
46351,8604
46352,11856
46353,8333
46354,5949
46355,14792
46356,7231
46357,4080
46358,10685
46359,11716
46360,14571
46361,6118
46362,8026
46363,8285
46364,4944
46365,7817
46366,8820
46367,8853
46368,7751
46369,8048
46370,12117
46371,4436
46372,9015
46373,7498
46374,6451
46375,6527
46376,7995
46377,11102
46378,7457
46379,7066
46380,10130
46381,10891
46382,10255
46383,11018
46384,6433
46385,9315
46386,8478
46387,10362
46388,11405
46389,11933
46390,4812
46391,10122
46392,9555
46393,10142
46394,11406
46395,6285
46396,5048
46397,14282
46398,10253
46399,11386
46400,7720
46401,7720
46402,10444
46403,5065
46404,8578
46405,6846
46406,10421
46407,8070
46408,8802
46409,10407
46410,7843
46411,10895
46412,13746
46413,17447
46414,9234
46415,5966
46416,8108
46417,6059
46418,4016
46419,12739
46420,10864
46421,7847
46422,11116
46423,7220
46424,11317
46425,6473
46426,8093
46427,7954
46428,11342
46429,7228
46430,8170
46431,7526
46432,7575
46433,8887
46434,6854
46435,9720
46436,9549
46437,11333
46438,10679
46439,8566
46440,7398
46441,13076
46442,5707
46443,7398
46444,13386
46445,8899
46446,11183
46447,9081
46448,17779
46449,7739
46450,6928
46451,6810
46452,8396
46453,10370
46454,14207
46455,9265
46456,10202
46457,10025
46458,5164
46459,9346
46460,9220
46461,9645
46462,10350
46463,7626
46464,6190
46465,6711
46466,4552
46467,6927
46468,11243
46469,9544
46470,12759
46471,22619
46472,8946
46473,6177
46474,10421
46475,8148
46476,10713
46477,6034
46478,7746
46479,5323
46480,11256
46481,8585
46482,8321
46483,16578
46484,14809
46485,6424
46486,8685
46487,4872
46488,6097
46489,6377
46490,10967
46491,6213
46492,6678
46493,7224
46494,9181
46495,7637
46496,5524
46497,7028
46498,9074
46499,9183
46500,10041
46501,4692
46502,13708
46503,20033
46504,4447
46505,9362
46506,10657
46507,10015
46508,6470
46509,3771
46510,6479
46511,9247
46512,6321
46513,9272
46514,10860
46515,5806
46516,7385
46517,9293
46518,8066
46519,6471
46520,7963
46521,9885
46522,11271
46523,9627
46524,11618
46525,7057
46526,4592
46527,7740
46528,6974
46529,10407
46530,7859
46531,6123
46532,21452
46533,9144
46534,7161
46535,14387
46536,9150
46537,10202
46538,7942
46539,8907
46540,6059
46541,10694
46542,14515
46543,6710
46544,7083
46545,7947
46546,16220
46547,9009
46548,7041
46549,7416
46550,7625
46551,7329
46552,5782
46553,10842
46554,5186
46555,8672
46556,3700
46557,23932
46558,11148
46559,5666
46560,6495
46561,12743
46562,8779
46563,9608
46564,10607
46565,7901
46566,7072
46567,5632
46568,11938
46569,7213
46570,9138
46571,8702
46572,10329
46573,5937
46574,8943
46575,8281
46576,5001
46577,10589
46578,11578
46579,5832
46580,9193
46581,10300
46582,6696
46583,11061
46584,7551
46585,8907
46586,8658
46587,10008
46588,4154
46589,6147
46590,6852
46591,0
46592,8063
46593,10479
46594,5553
46595,10278
46596,5872
46597,8362
46598,5526
46599,7745
46600,7291
46601,8439
46602,8968
46603,11455
46604,5786
46605,8269
46606,9619
46607,9915
46608,8023
46609,11509
46610,11772
46611,8183
46612,5024
46613,8558
46614,6551
46615,7696
46616,8366
46617,4743
46618,14214
46619,7097
46620,8216
46621,13154
46622,8267
46623,5608
46624,14684
46625,7811
46626,11771
46627,6687
46628,11430
46629,11770
46630,9160
46631,6445
46632,8729
46633,6584
46634,7620
46635,7790
46636,10005
46637,8781
46638,5841
46639,5521
46640,9437
46641,9906
46642,8438
46643,11114
46644,7289
46645,8701
46646,5823
46647,10015
46648,9074
46649,9107
46650,7696
46651,7737
46652,9835
46653,10788
46654,7628
46655,9797
46656,6453
46657,8463
46658,8845
46659,8517
46660,5173
46661,5196
46662,9829
46663,9429
46664,6952
46665,7709
46666,10630
46667,7861
46668,6979
46669,8355
46670,6959
46671,4024
46672,10156
46673,4713
46674,8947
46675,9475
46676,8614
46677,9268
46678,12397
46679,12563
46680,10112
46681,5913
46682,10044
46683,8975
46684,4931
46685,3417
46686,10840
46687,4935
46688,10224
46689,14750
46690,9811
46691,8869
46692,6060
46693,9751
46694,9201
46695,8072
46696,9437
46697,9974
46698,10459
46699,8255
46700,11539
46701,6537
46702,9271
46703,5572
46704,6799
46705,8561
46706,7020
46707,6850
46708,9721
46709,6629
46710,11196
46711,7956
46712,6593
46713,5943
46714,12071
46715,9175
46716,7061
46717,8247
46718,9260
46719,7841
46720,7243
46721,9288
46722,9960
46723,7035
46724,5818
46725,12674
46726,9094
46727,7707
46728,5004
46729,15875
46730,8732
46731,7714
46732,7698
46733,14019
46734,11263
46735,9710
46736,9724
46737,9117
46738,7286
46739,8074
46740,8697
46741,13953
46742,16653
46743,7171
46744,6167
46745,4608
46746,5917
46747,11641
46748,16646
46749,7378
46750,6016
46751,6766
46752,7921
46753,7723
46754,12100
46755,11144
46756,7785
46757,5886
46758,10826
46759,8628
46760,11380
46761,11503
46762,6852
46763,9608
46764,4871
46765,9983
46766,10853
46767,9553
46768,10493
46769,8380
46770,9712
46771,5988
46772,8364
46773,10039
46774,10043
46775,10387
46776,10823
46777,8843
46778,5553
46779,11689
46780,5822
46781,11975
46782,8212
46783,6164
46784,7246
46785,9664
46786,7510
46787,9576
46788,11749
46789,7045
46790,11555
46791,5658
46792,6047
46793,10036
46794,10452
46795,12742
46796,7127
46797,7851
46798,6970
46799,7555
46800,9200
46801,7656
46802,8425
46803,6798
46804,12360
46805,8143
46806,10219
46807,13994
46808,10244
46809,5938
46810,5474
46811,8403
46812,10999
46813,6533
46814,10464
46815,6532
46816,12099
46817,8094
46818,7655
46819,6956
46820,7170
46821,6030
46822,8285
46823,7067
46824,6189
46825,6241
46826,5855
46827,11188
46828,7844
46829,23073
46830,9878
