Id,OrderVolume
1,4363
2,2670
3,4328
4,9478
5,2013
6,2783
7,6131
8,3442
9,6811
10,5007
11,5229
12,5978
13,4428
14,3532
15,5600
16,5345
17,2598
18,4741
19,4552
20,5805
21,5023
22,3465
23,4445
24,7547
25,8135
26,5599
27,7327
28,2163
29,7693
30,3485
31,5206
32,2452
33,8101
34,7562
35,8842
36,9520
37,6875
38,6276
39,2915
40,4524
41,6149
42,8025
43,4254
44,3563
45,5668
46,5073
47,5428
48,2519
49,7715
50,4483
51,8117
52,6082
53,3423
54,8801
55,3157
56,9311
57,6157
58,6713
59,2502
60,5334
61,4834
62,3852
63,7547
64,10862
65,2924
66,6093
67,5465
68,8189
69,7087
70,5760
71,6781
72,2475
73,2466
74,4629
75,5931
76,8569
77,7874
78,2506
79,4193
80,8708
81,9028
82,5755
83,3270
84,11029
85,5481
86,3584
87,3620
88,2237
89,4499
90,7372
91,3725
92,5814
93,3157
94,5754
95,3957
96,1857
97,4327
98,5289
99,6029
100,8886
101,6852
102,5550
103,3822
104,11183
105,3453
106,6072
107,7472
108,13263
109,5050
110,2877
111,6740
112,5893
113,6347
114,4888
115,10449
116,5660
117,2226
118,8021
119,4477
120,5881
121,2278
122,7575
123,3746
124,2951
125,8389
126,4473
127,5234
128,7845
129,7397
130,4318
131,4827
132,7445
133,3368
134,3026
135,6768
136,4989
137,7014
138,3202
139,4470
140,6118
141,4258
142,3166
143,5326
144,5770
145,5724
146,7262
147,7961
148,7587
149,4027
150,7649
151,5440
152,3264
153,3771
154,8108
155,7440
156,2927
157,7225
158,9578
159,6840
160,4740
161,7141
162,7506
163,5484
164,4593
165,2830
166,5133
167,5167
168,4655
169,5399
170,3123
171,5794
172,7219
173,6009
174,6827
175,6300
176,2943
177,1595
178,6913
179,6274
180,7130
181,3512
182,5538
183,0
184,5423
185,5546
186,3766
187,4041
188,4826
189,7031
190,6678
191,7595
192,14180
193,3928
194,4670
195,9906
196,3525
197,5166
198,864
199,7957
200,6785
201,5541
202,6729
203,5478
204,4609
205,5148
206,5161
207,7751
208,3117
209,5169
210,2759
211,9011
212,3236
213,7808
214,10068
215,6269
216,5858
217,4409
218,2101
219,1889
220,3506
221,5362
222,3192
223,5347
224,7346
225,3893
226,5296
227,4727
228,8550
229,7773
230,7267
231,5188
232,3191
233,8260
234,9480
235,3634
236,4448
237,3879
238,5284
239,5401
240,4001
241,6672
242,3135
243,4950
244,4859
245,8809
246,5576
247,7165
248,6260
249,4498
250,8508
251,17235
252,8592
253,3800
254,3647
255,6518
256,7228
257,2850
258,4670
259,9463
260,6027
261,6687
262,16979
263,5469
264,5393
265,2690
266,2178
267,10029
268,3528
269,6689
270,9091
271,2793
272,3532
273,6218
274,4027
275,6332
276,1936
277,4959
278,4816
279,10881
280,5857
281,5813
282,3096
283,7852
284,5720
285,6766
286,1663
287,9188
288,5132
289,5957
290,4422
291,4451
292,3404
293,4611
294,3496
295,5439
296,4583
297,4808
298,8499
299,8100
300,7643
301,4049
302,4331
303,4388
304,4876
305,6599
306,2993
307,1306
308,6771
309,5454
310,7415
311,5418
312,4368
313,4501
314,3381
315,2486
316,8977
317,6295
318,4830
319,5322
320,11274
321,6138
322,1965
323,7532
324,1999
325,4099
326,6066
327,6140
328,2543
329,4391
330,4165
331,3690
332,1635
333,8224
334,4555
335,8819
336,10088
337,5880
338,5480
339,4266
340,4899
341,4875
342,11386
343,6534
344,6638
345,3015
346,5803
347,5729
348,8234
349,8754
350,7056
351,5572
352,6433
353,5337
354,8756
355,6090
356,6752
357,6034
358,9336
359,6933
360,4876
361,5663
362,8122
363,6119
364,3456
365,5444
366,3080
367,4982
368,8786
369,6954
370,7307
371,6086
372,8259
373,4717
374,4393
375,4291
376,5979
377,6048
378,6476
379,3232
380,12772
381,4985
382,5459
383,15484
384,5272
385,7577
386,5904
387,6857
388,8345
389,7374
390,9801
391,2787
392,4571
393,5513
394,8847
395,2599
396,5374
397,4514
398,4953
399,5501
400,5591
401,3377
402,5742
403,5171
404,2970
405,3107
406,7199
407,4415
408,4846
409,5619
410,5339
411,9611
412,12196
413,4938
414,7629
415,5535
416,9793
417,4831
418,2874
419,4191
420,5564
421,11859
422,4021
423,8820
424,7349
425,2188
426,3779
427,5855
428,6434
429,5143
430,8840
431,8962
432,7397
433,3889
434,12248
435,2148
436,3697
437,8618
438,4143
439,5467
440,3694
441,7050
442,4778
443,3762
444,13004
445,10350
446,2401
447,5033
448,5562
449,7283
450,9324
451,5187
452,2768
453,8172
454,2111
455,9689
456,4650
457,5669
458,9523
459,5579
460,1528
461,4921
462,2234
463,3916
464,11261
465,7899
466,4456
467,12364
468,6977
469,10396
470,11473
471,6947
472,4224
473,2080
474,4831
475,6373
476,2606
477,5789
478,4434
479,7071
480,2428
481,5415
482,8356
483,1708
484,8981
485,6015
486,2752
487,6876
488,3152
489,3053
490,9358
491,7151
492,7072
493,8137
494,5396
495,4906
496,6915
497,6864
498,7952
499,5556
500,6689
501,3561
502,8405
503,6169
504,5761
505,3978
506,4832
507,8213
508,5800
509,4054
510,5280
511,5304
512,5185
513,15847
514,5102
515,9962
516,4695
517,3555
518,6590
519,5282
520,3061
521,4884
522,9230
523,13957
524,7090
525,9405
526,6857
527,10684
528,8456
529,6900
530,5749
531,4315
532,10509
533,7562
534,7266
535,5395
536,5323
537,4972
538,2282
539,12212
540,6588
541,5735
542,4765
543,1462
544,8501
545,8137
546,12077
547,5842
548,4375
549,3810
550,7093
551,4827
552,4246
553,10450
554,4550
555,4408
556,5276
557,3553
558,2588
559,2277
560,14251
561,4871
562,12909
563,4190
564,5994
565,5141
566,4099
567,3186
568,6155
569,3167
570,2768
571,10653
572,6021
573,2707
574,8459
575,2648
576,5714
577,3502
578,9427
579,7446
580,8112
581,2338
582,4958
583,2653
584,4794
585,3349
586,15644
587,12417
588,4719
589,3012
590,5806
591,4259
592,2598
593,7176
594,2410
595,14265
596,4071
597,4767
598,5660
599,11664
600,6706
601,5023
602,5110
603,5721
604,6442
605,6840
606,3881
607,1204
608,4785
609,2940
610,2966
611,5648
612,6945
613,5605
614,5036
615,7991
616,5732
617,3171
618,7666
619,2198
620,9950
621,4883
622,2750
623,4531
624,4214
625,4683
626,7127
627,6993
628,3883
629,6028
630,2318
631,4634
632,7897
633,8874
634,3388
635,2108
636,5191
637,7362
638,6520
639,2583
640,11094
641,3634
642,3278
643,5573
644,9848
645,9279
646,4316
647,4419
648,5968
649,1543
650,6793
651,7025
652,4626
653,4372
654,2883
655,8378
656,2976
657,4397
658,3743
659,3492
660,2780
661,7518
662,6714
663,5582
664,3726
665,5097
666,7696
667,7540
668,7425
669,5113
670,5197
671,5620
672,7807
673,6930
674,5250
675,1955
676,6090
677,6244
678,6114
679,7714
680,5557
681,2770
682,7482
683,5412
684,10878
685,2765
686,2546
687,9189
688,1562
689,5213
690,4347
691,8003
692,3861
693,4507
694,9028
695,2674
696,6304
697,9851
698,14725
699,6591
700,2450
701,5371
702,3730
703,2251
704,7502
705,4862
706,6582
707,5167
708,5537
709,4999
710,4859
711,4879
712,4570
713,8552
714,5399
715,2367
716,6176
717,3923
718,5741
719,5852
720,5693
721,7648
722,8190
723,8243
724,5787
725,4863
726,5868
727,2932
728,5740
729,8797
730,6615
731,6943
732,6164
733,13692
734,3188
735,3610
736,4729
737,4147
738,8779
739,10272
740,7897
741,7383
742,7569
743,1938
744,7809
745,3139
746,6359
747,5955
748,5305
749,2022
750,5129
751,3624
752,3094
753,6906
754,4605
755,8624
756,16841
757,5431
758,3003
759,4784
760,8367
761,6619
762,4344
763,5403
764,2062
765,6208
766,7028
767,3268
768,10469
769,11907
770,2988
771,5569
772,3826
773,3702
774,4005
775,8804
776,3818
777,4584
778,4503
779,2804
780,2612
781,2482
782,5423
783,5565
784,4612
785,7386
786,1151
787,7522
788,15046
789,3210
790,8273
791,7034
792,4614
793,4376
794,2467
795,4215
796,4790
797,5463
798,3088
799,9482
800,4438
801,3955
802,6140
803,4933
804,5896
805,4862
806,5789
807,10355
808,4528
809,7160
810,5875
811,3628
812,3149
813,4395
814,5649
815,5933
816,3616
817,12853
818,5189
819,4682
820,11615
821,4685
822,6627
823,4456
824,5131
825,5083
826,6737
827,15698
828,2912
829,5356
830,3355
831,9217
832,6957
833,4891
834,3689
835,4241
836,2539
837,2085
838,6662
839,2115
840,3753
841,1283
842,20971
843,8521
844,2182
845,5375
846,6033
847,6489
848,5155
849,8215
850,5496
851,6022
852,2774
853,7594
854,6074
855,4012
856,5982
857,9239
858,4412
859,8547
860,6433
861,3277
862,5514
863,6403
864,2633
865,8927
866,6877
867,4690
868,10122
869,3758
870,5015
871,8591
872,6580
873,2253
874,4943
875,3710
876,3132
877,4774
878,5657
879,3571
880,5969
881,2307
882,5436
883,2951
884,5766
885,5594
886,4798
887,5650
888,9016
889,2663
890,5780
891,6725
892,3132
893,5436
894,6221
895,9229
896,6438
897,3633
898,2085
899,2060
900,5466
901,4650
902,3888
903,11870
904,5392
905,5670
906,8327
907,6744
908,2140
909,8813
910,4429
911,7831
912,6286
913,7231
914,5948
915,8544
916,5087
917,4116
918,2793
919,3322
920,6179
921,4269
922,7989
923,4995
924,2835
925,7514
926,7263
927,4659
928,7247
929,4311
930,6836
931,3139
932,4838
933,3684
934,4780
935,3327
936,6148
937,7645
938,7960
939,6143
940,5378
941,4182
942,6306
943,6957
944,6924
945,2806
946,2869
947,8187
948,6098
949,3016
950,4013
951,7728
952,6532
953,2446
954,6084
955,4722
956,1732
957,5066
958,2765
959,4317
960,6304
961,5897
962,5144
963,4140
964,8004
965,6036
966,3653
967,5449
968,4907
969,3024
970,1176
971,7134
972,1516
973,5507
974,9499
975,5572
976,4418
977,3016
978,5420
979,5155
980,4848
981,5424
982,6146
983,7425
984,6049
985,8622
986,3898
987,3930
988,4186
989,3629
990,5141
991,6634
992,3396
993,5146
994,2731
995,7830
996,4619
997,4258
998,3843
999,5378
1000,7345
1001,3391
1002,6660
1003,4549
1004,5375
1005,5144
1006,5918
1007,7550
1008,4475
1009,3558
1010,9537
1011,6428
1012,6588
1013,1997
1014,4454
1015,5082
1016,4009
1017,4646
1018,10200
1019,7931
1020,9132
1021,9875
1022,6282
1023,5122
1024,5845
1025,6024
1026,7183
1027,10277
1028,3186
1029,1757
1030,1498
1031,4056
1032,4817
1033,9797
1034,2401
1035,1924
1036,5353
1037,5482
1038,5808
1039,8399
1040,6758
1041,6411
1042,2708
1043,7376
1044,5953
1045,6249
1046,6748
1047,3454
1048,6159
1049,2974
1050,6592
1051,5525
1052,5188
1053,6187
1054,3788
1055,6251
1056,5275
1057,6612
1058,4790
1059,8132
1060,5357
1061,8740
1062,5034
1063,3567
1064,8170
1065,2746
1066,10427
1067,6023
1068,4736
1069,3199
1070,6849
1071,4513
1072,4418
1073,6584
1074,4392
1075,12674
1076,2965
1077,3045
1078,5416
1079,6100
1080,10546
1081,2657
1082,4576
1083,6043
1084,5478
1085,4665
1086,3440
1087,6139
1088,3218
1089,10500
1090,2720
1091,6627
1092,13718
1093,7210
1094,6223
1095,3152
1096,5025
1097,7937
1098,2629
1099,6925
1100,2883
1101,8129
1102,6546
1103,5526
1104,5729
1105,4729
1106,2783
1107,5400
1108,2232
1109,3615
1110,3205
1111,2807
1112,7602
1113,5373
1114,21375
1115,7618
1116,0
1117,0
1118,0
1119,0
1120,0
1121,0
1122,0
1123,0
1124,0
1125,0
1126,0
1127,0
1128,0
1129,0
1130,0
1131,0
1132,0
1133,0
1134,0
1135,0
1136,0
1137,0
1138,0
1139,0
1140,0
1141,0
1142,0
1143,0
1144,0
1145,0
1146,0
1147,0
1148,0
1149,0
1150,0
1151,0
1152,0
1153,0
1154,0
1155,0
1156,0
1157,0
1158,0
1159,0
1160,0
1161,0
1162,0
1163,0
1164,0
1165,0
1166,0
1167,0
1168,0
1169,0
1170,0
1171,0
1172,0
1173,0
1174,0
1175,0
1176,0
1177,0
1178,0
1179,0
1180,0
1181,0
1182,0
1183,0
1184,0
1185,0
1186,0
1187,0
1188,0
1189,0
1190,0
1191,0
1192,0
1193,0
1194,0
1195,0
1196,0
1197,0
1198,0
1199,0
1200,11748
1201,0
1202,0
1203,0
1204,0
1205,0
1206,0
1207,0
1208,0
1209,0
1210,0
1211,0
1212,0
1213,0
1214,0
1215,0
1216,0
1217,0
1218,0
1219,0
1220,0
1221,0
1222,0
1223,0
1224,0
1225,0
1226,0
1227,0
1228,0
1229,0
1230,0
1231,0
1232,0
1233,0
1234,0
1235,0
1236,0
1237,3096
1238,0
1239,0
1240,0
1241,0
1242,0
1243,0
1244,0
1245,0
1246,0
1247,0
1248,0
1249,0
1250,0
1251,0
1252,0
1253,0
1254,0
1255,0
1256,0
1257,0
1258,0
1259,0
1260,0
1261,0
1262,0
1263,0
1264,0
1265,0
1266,0
1267,0
1268,0
1269,0
1270,0
1271,0
1272,0
1273,0
1274,0
1275,0
1276,0
1277,0
1278,0
1279,0
1280,0
1281,0
1282,0
1283,0
1284,0
1285,0
1286,0
1287,0
1288,0
1289,0
1290,0
1291,0
1292,0
1293,0
1294,0
1295,0
1296,0
1297,0
1298,0
1299,0
1300,0
1301,0
1302,0
1303,0
1304,0
1305,0
1306,0
1307,0
1308,0
1309,0
1310,0
1311,0
1312,0
1313,0
1314,0
1315,0
1316,0
1317,0
1318,0
1319,0
1320,0
1321,0
1322,0
1323,0
1324,2115
1325,0
1326,0
1327,0
1328,0
1329,0
1330,0
1331,0
1332,0
1333,0
1334,0
1335,0
1336,0
1337,0
1338,0
1339,0
1340,0
1341,0
1342,0
1343,0
1344,0
1345,0
1346,0
1347,0
1348,0
1349,0
1350,0
1351,0
1352,0
1353,0
1354,0
1355,0
1356,0
1357,0
1358,0
1359,0
1360,0
1361,0
1362,0
1363,0
1364,0
1365,0
1366,0
1367,0
1368,0
1369,0
1370,0
1371,0
1372,0
1373,0
1374,16653
1375,0
1376,0
1377,28890
1378,0
1379,0
1380,0
1381,0
1382,0
1383,0
1384,0
1385,0
1386,0
1387,0
1388,0
1389,7539
1390,0
1391,0
1392,0
1393,0
1394,0
1395,0
1396,0
1397,0
1398,0
1399,0
1400,0
1401,0
1402,0
1403,0
1404,0
1405,0
1406,0
1407,0
1408,0
1409,0
1410,0
1411,0
1412,0
1413,0
1414,3836
1415,0
1416,0
1417,0
1418,0
1419,0
1420,0
1421,0
1422,0
1423,0
1424,0
1425,2348
1426,0
1427,0
1428,0
1429,0
1430,0
1431,0
1432,0
1433,0
1434,0
1435,0
1436,0
1437,0
1438,0
1439,0
1440,0
1441,0
1442,0
1443,0
1444,0
1445,0
1446,0
1447,0
1448,0
1449,0
1450,7961
1451,0
1452,0
1453,0
1454,0
1455,0
1456,0
1457,0
1458,0
1459,0
1460,0
1461,0
1462,0
1463,0
1464,0
1465,0
1466,0
1467,0
1468,8754
1469,0
1470,0
1471,0
1472,0
1473,0
1474,0
1475,0
1476,0
1477,0
1478,0
1479,0
1480,0
1481,0
1482,0
1483,0
1484,0
1485,0
1486,0
1487,0
1488,0
1489,0
1490,0
1491,0
1492,0
1493,0
1494,0
1495,0
1496,0
1497,0
1498,0
1499,0
1500,0
1501,0
1502,0
1503,0
1504,0
1505,0
1506,0
1507,0
1508,0
1509,0
1510,0
1511,0
1512,0
1513,0
1514,0
1515,0
1516,0
1517,0
1518,0
1519,0
1520,0
1521,0
1522,0
1523,0
1524,0
1525,0
1526,0
1527,0
1528,0
1529,0
1530,0
1531,0
1532,0
1533,0
1534,0
1535,0
1536,0
1537,0
1538,14438
1539,0
1540,0
1541,0
1542,0
1543,0
1544,0
1545,0
1546,0
1547,0
1548,1635
1549,0
1550,0
1551,0
1552,0
1553,0
1554,0
1555,0
1556,0
1557,0
1558,0
1559,0
1560,0
1561,0
1562,0
1563,0
1564,0
1565,0
1566,0
1567,0
1568,4548
1569,0
1570,0
1571,0
1572,0
1573,0
1574,0
1575,0
1576,0
1577,0
1578,0
1579,0
1580,0
1581,0
1582,0
1583,0
1584,0
1585,0
1586,0
1587,0
1588,0
1589,0
1590,0
1591,0
1592,0
1593,0
1594,0
1595,0
1596,0
1597,0
1598,0
1599,0
1600,0
1601,0
1602,0
1603,0
1604,0
1605,0
1606,0
1607,0
1608,0
1609,7768
1610,0
1611,0
1612,0
1613,0
1614,0
1615,0
1616,0
1617,0
1618,0
1619,0
1620,0
1621,0
1622,0
1623,0
1624,0
1625,0
1626,0
1627,7453
1628,0
1629,0
1630,0
1631,0
1632,0
1633,0
1634,0
1635,0
1636,0
1637,0
1638,0
1639,1959
1640,0
1641,0
1642,0
1643,0
1644,0
1645,4910
1646,0
1647,0
1648,0
1649,0
1650,0
1651,0
1652,0
1653,0
1654,0
1655,0
1656,0
1657,0
1658,0
1659,0
1660,0
1661,0
1662,0
1663,0
1664,0
1665,0
1666,0
1667,0
1668,0
1669,0
1670,0
1671,0
1672,0
1673,0
1674,0
1675,0
1676,0
1677,18501
1678,0
1679,0
1680,0
1681,0
1682,0
1683,0
1684,0
1685,0
1686,0
1687,0
1688,0
1689,0
1690,0
1691,0
1692,0
1693,5291
1694,0
1695,0
1696,0
1697,0
1698,0
1699,0
1700,0
1701,0
1702,0
1703,0
1704,0
1705,0
1706,0
1707,0
1708,0
1709,0
1710,0
1711,0
1712,0
1713,0
1714,0
1715,0
1716,0
1717,0
1718,0
1719,0
1720,0
1721,0
1722,0
1723,0
1724,0
1725,0
1726,0
1727,0
1728,0
1729,0
1730,0
1731,0
1732,0
1733,0
1734,0
1735,0
1736,0
1737,0
1738,0
1739,0
1740,0
1741,0
1742,0
1743,0
1744,0
1745,0
1746,0
1747,0
1748,0
1749,0
1750,0
1751,0
1752,0
1753,0
1754,0
1755,0
1756,0
1757,0
1758,0
1759,0
1760,0
1761,0
1762,0
1763,0
1764,0
1765,0
1766,0
1767,0
1768,0
1769,0
1770,0
1771,0
1772,0
1773,0
1774,0
1775,0
1776,0
1777,0
1778,0
1779,0
1780,0
1781,0
1782,0
1783,0
1784,0
1785,0
1786,0
1787,0
1788,0
1789,0
1790,0
1791,13452
1792,0
1793,0
1794,0
1795,0
1796,0
1797,7048
1798,0
1799,0
1800,0
1801,0
1802,0
1803,0
1804,0
1805,0
1806,0
1807,0
1808,0
1809,0
1810,0
1811,0
1812,0
1813,0
1814,0
1815,0
1816,0
1817,0
1818,0
1819,0
1820,0
1821,0
1822,0
1823,0
1824,0
1825,0
1826,0
1827,0
1828,0
1829,0
1830,0
1831,0
1832,0
1833,0
1834,0
1835,0
1836,0
1837,0
1838,0
1839,0
1840,0
1841,0
1842,0
1843,0
1844,0
1845,0
1846,0
1847,2845
1848,15594
1849,0
1850,0
1851,0
1852,0
1853,0
1854,0
1855,0
1856,0
1857,0
1858,0
1859,0
1860,0
1861,0
1862,0
1863,0
1864,0
1865,0
1866,0
1867,0
1868,0
1869,0
1870,0
1871,0
1872,0
1873,0
1874,0
1875,0
1876,0
1877,0
1878,0
1879,0
1880,0
1881,0
1882,0
1883,0
1884,12056
1885,0
1886,0
1887,0
1888,0
1889,0
1890,0
1891,0
1892,0
1893,0
1894,0
1895,0
1896,0
1897,0
1898,0
1899,0
1900,0
1901,0
1902,0
1903,0
1904,0
1905,0
1906,0
1907,0
1908,0
1909,0
1910,0
1911,0
1912,0
1913,0
1914,0
1915,0
1916,0
1917,0
1918,0
1919,0
1920,0
1921,0
1922,0
1923,0
1924,0
1925,0
1926,0
1927,0
1928,0
1929,0
1930,0
1931,0
1932,0
1933,0
1934,0
1935,0
1936,0
1937,0
1938,0
1939,0
1940,0
1941,0
1942,0
1943,0
1944,0
1945,0
1946,0
1947,0
1948,0
1949,0
1950,0
1951,0
1952,0
1953,0
1954,0
1955,0
1956,0
1957,0
1958,0
1959,0
1960,0
1961,0
1962,0
1963,0
1964,0
1965,0
1966,0
1967,0
1968,0
1969,0
1970,0
1971,0
1972,0
1973,0
1974,0
1975,0
1976,0
1977,0
1978,2220
1979,0
1980,0
1981,0
1982,1862
1983,0
1984,0
1985,0
1986,0
1987,0
1988,0
1989,0
1990,0
1991,0
1992,0
1993,0
1994,0
1995,0
1996,0
1997,0
1998,0
1999,0
2000,0
2001,0
2002,0
2003,0
2004,0
2005,0
2006,0
2007,0
2008,0
2009,0
2010,0
2011,0
2012,0
2013,0
2014,0
2015,0
2016,0
2017,0
2018,0
2019,0
2020,0
2021,0
2022,0
2023,0
2024,0
2025,0
2026,0
2027,0
2028,0
2029,0
2030,0
2031,0
2032,0
2033,0
2034,0
2035,0
2036,0
2037,0
2038,0
2039,0
2040,0
2041,0
2042,0
2043,0
2044,0
2045,0
2046,2183
2047,0
2048,0
2049,0
2050,0
2051,0
2052,0
2053,0
2054,0
2055,0
2056,0
2057,0
2058,0
2059,0
2060,0
2061,0
2062,0
2063,11305
2064,0
2065,0
2066,0
2067,0
2068,0
2069,0
2070,0
2071,0
2072,0
2073,0
2074,0
2075,0
2076,0
2077,0
2078,0
2079,0
2080,0
2081,0
2082,0
2083,0
2084,0
2085,0
2086,0
2087,0
2088,0
2089,0
2090,0
2091,0
2092,0
2093,0
2094,0
2095,0
2096,0
2097,0
2098,0
2099,0
2100,0
2101,0
2102,0
2103,0
2104,0
2105,0
2106,0
2107,0
2108,0
2109,0
2110,0
2111,0
2112,0
2113,0
2114,0
2115,0
2116,0
2117,0
2118,0
2119,0
2120,0
2121,0
2122,0
2123,0
2124,0
2125,0
2126,0
2127,0
2128,0
2129,0
2130,0
2131,0
2132,0
2133,0
2134,0
2135,0
2136,0
2137,0
2138,0
2139,0
2140,0
2141,0
2142,0
2143,0
2144,0
2145,0
2146,0
2147,0
2148,0
2149,0
2150,0
2151,0
2152,0
2153,0
2154,0
2155,0
2156,0
2157,0
2158,0
2159,0
2160,3633
2161,0
2162,0
2163,0
2164,0
2165,0
2166,0
2167,0
2168,0
2169,0
2170,0
2171,0
2172,0
2173,0
2174,0
2175,0
2176,0
2177,0
2178,0
2179,0
2180,0
2181,0
2182,0
2183,0
2184,0
2185,0
2186,0
2187,0
2188,0
2189,0
2190,0
2191,0
2192,0
2193,0
2194,0
2195,0
2196,4779
2197,0
2198,0
2199,0
2200,0
2201,0
2202,0
2203,0
2204,0
2205,0
2206,0
2207,0
2208,0
2209,0
2210,0
2211,0
2212,13405
2213,0
2214,4279
2215,0
2216,0
2217,0
2218,0
2219,0
2220,0
2221,0
2222,0
2223,0
2224,0
2225,0
2226,0
2227,0
2228,0
2229,0
2230,0
2231,3889
2232,4212
2233,5892
2234,8897
2235,4259
2236,4369
2237,8584
2238,5688
2239,6798
2240,5680
2241,6587
2242,6501
2243,3799
2244,5437
2245,5884
2246,7615
2247,5211
2248,6292
2249,6297
2250,8478
2251,4293
2252,4225
2253,4506
2254,8641
2255,10047
2256,5396
2257,8007
2258,4062
2259,6913
2260,3294
2261,4764
2262,3930
2263,7420
2264,7929
2265,9458
2266,9340
2267,4927
2268,4774
2269,4169
2270,3596
2271,5421
2272,8977
2273,5729
2274,4704
2275,4495
2276,4255
2277,6633
2278,3356
2279,6489
2280,3689
2281,6237
2282,5257
2283,4643
2284,6022
2285,4612
2286,7035
2287,7614
2288,6071
2289,5216
2290,7491
2291,4631
2292,6627
2293,5744
2294,9292
2295,4378
2296,5525
2297,7179
2298,6647
2299,7387
2300,5650
2301,7589
2302,3883
2303,4530
2304,5415
2305,5653
2306,8211
2307,6668
2308,3071
2309,4915
2310,6746
2311,6758
2312,7930
2313,3824
2314,11801
2315,6953
2316,3900
2317,6347
2318,5498
2319,6010
2320,7510
2321,3834
2322,5011
2323,5340
2324,6356
2325,5960
2326,4576
2327,5986
2328,4780
2329,4886
2330,7702
2331,6563
2332,5702
2333,4699
2334,10113
2335,4880
2336,8552
2337,7028
2338,11702
2339,6109
2340,4349
2341,5535
2342,6090
2343,5351
2344,4269
2345,7090
2346,7196
2347,3692
2348,6978
2349,5564
2350,6410
2351,4289
2352,7173
2353,7169
2354,4632
2355,11057
2356,4647
2357,4212
2358,6995
2359,7795
2360,5128
2361,4516
2362,6384
2363,5274
2364,4905
2365,5302
2366,4502
2367,7948
2368,6998
2369,6254
2370,7071
2371,4719
2372,4461
2373,5364
2374,6100
2375,6606
2376,7127
2377,7164
2378,8943
2379,4867
2380,7351
2381,6054
2382,4797
2383,5354
2384,8108
2385,5875
2386,5571
2387,8681
2388,6954
2389,6482
2390,4603
2391,6998
2392,6217
2393,6868
2394,5944
2395,3716
2396,4676
2397,7725
2398,6992
2399,4994
2400,3254
2401,7616
2402,6812
2403,7399
2404,6086
2405,5466
2406,4779
2407,3536
2408,8721
2409,6291
2410,6453
2411,5382
2412,4688
2413,0
2414,5884
2415,5317
2416,3524
2417,5619
2418,4228
2419,7344
2420,7262
2421,6380
2422,9897
2423,4140
2424,4348
2425,9362
2426,4805
2427,5505
2428,1953
2429,7098
2430,7438
2431,4372
2432,5790
2433,5688
2434,5481
2435,5645
2436,7379
2437,9795
2438,2488
2439,5560
2440,2652
2441,12654
2442,4094
2443,7235
2444,8030
2445,5091
2446,5768
2447,4533
2448,4672
2449,3201
2450,4190
2451,5253
2452,4850
2453,6093
2454,6318
2455,4410
2456,6442
2457,6081
2458,7251
2459,7665
2460,7286
2461,4090
2462,3165
2463,8924
2464,9055
2465,4551
2466,7274
2467,5044
2468,6803
2469,4526
2470,4861
2471,5813
2472,3233
2473,5378
2474,4145
2475,9201
2476,6609
2477,6955
2478,6783
2479,4828
2480,7255
2481,17938
2482,8367
2483,4884
2484,2415
2485,5367
2486,6772
2487,5016
2488,5652
2489,13128
2490,6227
2491,9058
2492,18755
2493,3883
2494,5987
2495,4665
2496,4046
2497,6846
2498,4361
2499,8092
2500,9614
2501,6693
2502,5377
2503,6811
2504,4565
2505,5758
2506,3477
2507,5271
2508,6708
2509,8095
2510,5531
2511,5007
2512,4521
2513,7033
2514,4511
2515,5062
2516,3186
2517,7666
2518,4685
2519,5392
2520,6541
2521,6865
2522,6144
2523,5256
2524,5571
2525,5059
2526,6234
2527,6333
2528,7654
2529,7658
2530,6609
2531,4833
2532,3068
2533,5339
2534,6227
2535,5499
2536,4492
2537,2057
2538,7220
2539,5574
2540,7124
2541,6401
2542,4622
2543,5747
2544,4592
2545,4210
2546,8611
2547,4843
2548,6078
2549,6735
2550,13283
2551,4694
2552,4545
2553,6809
2554,4808
2555,5161
2556,4787
2557,6791
2558,4413
2559,6358
2560,3551
2561,5303
2562,3787
2563,9151
2564,4659
2565,12785
2566,11332
2567,4644
2568,5962
2569,4928
2570,5672
2571,5211
2572,10314
2573,6457
2574,7680
2575,4059
2576,7036
2577,4558
2578,8084
2579,8912
2580,5817
2581,5355
2582,5694
2583,6697
2584,7174
2585,8395
2586,5539
2587,6743
2588,8896
2589,5981
2590,6354
2591,4551
2592,8869
2593,6975
2594,4773
2595,4420
2596,5513
2597,4464
2598,7910
2599,5336
2600,6657
2601,5473
2602,7966
2603,4107
2604,7222
2605,7876
2606,7344
2607,6856
2608,5903
2609,3694
2610,11749
2611,9335
2612,6206
2613,15522
2614,8572
2615,6061
2616,5708
2617,7407
2618,9222
2619,10178
2620,10307
2621,5016
2622,6902
2623,4931
2624,7416
2625,4022
2626,9596
2627,4961
2628,4242
2629,5710
2630,7852
2631,7161
2632,4684
2633,7437
2634,4735
2635,3638
2636,5893
2637,3917
2638,4084
2639,5055
2640,5440
2641,8090
2642,8265
2643,7009
2644,6046
2645,4944
2646,10016
2647,6093
2648,4506
2649,5025
2650,4768
2651,7944
2652,4207
2653,11014
2654,6842
2655,3309
2656,4393
2657,5996
2658,5740
2659,4487
2660,7736
2661,8966
2662,10921
2663,5114
2664,9252
2665,3151
2666,4854
2667,5787
2668,4589
2669,6243
2670,4816
2671,5683
2672,3439
2673,4319
2674,9461
2675,7573
2676,4164
2677,5254
2678,7967
2679,9495
2680,6955
2681,5110
2682,3772
2683,8836
2684,5448
2685,6703
2686,5275
2687,4728
2688,6335
2689,7524
2690,3126
2691,3828
2692,4391
2693,6193
2694,8929
2695,6716
2696,6940
2697,11584
2698,4429
2699,8841
2700,10305
2701,6211
2702,4653
2703,2992
2704,6635
2705,5575
2706,5485
2707,5253
2708,6015
2709,9718
2710,4805
2711,4844
2712,5974
2713,4517
2714,6264
2715,4756
2716,3999
2717,5696
2718,3189
2719,6123
2720,7863
2721,5891
2722,6863
2723,7407
2724,7236
2725,4505
2726,6920
2727,8153
2728,7048
2729,5280
2730,5648
2731,4361
2732,9320
2733,5241
2734,6143
2735,4747
2736,6135
2737,7512
2738,6084
2739,5442
2740,7766
2741,5284
2742,6259
2743,16103
2744,5409
2745,7699
2746,5193
2747,5033
2748,5070
2749,4271
2750,3889
2751,4284
2752,7879
2753,12678
2754,7325
2755,8634
2756,9037
2757,9749
2758,9131
2759,6892
2760,5773
2761,5129
2762,10933
2763,9535
2764,6160
2765,7802
2766,7341
2767,5686
2768,4082
2769,10491
2770,5982
2771,5881
2772,5641
2773,1909
2774,11560
2775,9306
2776,14263
2777,5577
2778,4254
2779,4497
2780,5579
2781,6205
2782,6273
2783,6224
2784,5525
2785,4046
2786,6440
2787,3491
2788,2725
2789,5501
2790,11934
2791,5946
2792,16777
2793,3972
2794,5521
2795,5851
2796,4875
2797,4690
2798,4742
2799,4935
2800,3506
2801,7255
2802,5902
2803,3420
2804,7914
2805,4498
2806,5364
2807,4373
2808,8584
2809,6454
2810,9529
2811,4481
2812,5870
2813,3940
2814,4220
2815,4050
2816,13221
2817,9148
2818,5693
2819,4429
2820,4629
2821,5358
2822,4194
2823,8414
2824,4578
2825,13192
2826,4102
2827,4840
2828,5439
2829,8496
2830,5994
2831,4213
2832,5836
2833,6065
2834,6199
2835,5928
2836,5411
2837,3051
2838,8582
2839,5033
2840,3640
2841,5533
2842,5421
2843,5656
2844,6108
2845,7939
2846,7575
2847,6040
2848,6330
2849,3892
2850,7860
2851,5070
2852,4071
2853,6453
2854,6480
2855,5882
2856,7394
2857,5560
2858,5599
2859,5818
2860,5135
2861,5297
2862,6812
2863,6271
2864,5735
2865,4886
2866,4927
2867,7907
2868,5411
2869,3762
2870,10379
2871,4691
2872,2998
2873,6379
2874,8040
2875,8639
2876,4880
2877,5074
2878,5751
2879,3353
2880,5788
2881,7101
2882,5724
2883,5122
2884,6377
2885,7387
2886,2866
2887,4806
2888,4945
2889,5021
2890,4413
2891,6562
2892,6697
2893,5587
2894,4431
2895,7025
2896,5555
2897,7361
2898,7797
2899,4378
2900,6111
2901,6227
2902,7008
2903,6778
2904,7482
2905,3037
2906,9136
2907,5941
2908,6654
2909,9664
2910,4303
2911,3442
2912,10808
2913,7655
2914,7380
2915,4887
2916,5554
2917,7968
2918,3038
2919,5763
2920,4885
2921,6807
2922,5596
2923,4645
2924,7176
2925,4711
2926,7949
2927,9600
2928,16530
2929,6420
2930,4140
2931,4828
2932,3562
2933,2893
2934,10959
2935,7303
2936,5031
2937,8130
2938,4769
2939,10517
2940,3977
2941,5129
2942,5368
2943,7585
2944,4681
2945,5430
2946,4927
2947,4166
2948,7104
2949,4467
2950,5939
2951,6917
2952,8408
2953,6557
2954,6858
2955,5116
2956,9472
2957,4306
2958,4819
2959,9487
2960,6160
2961,7784
2962,7147
2963,14658
2964,4720
2965,4371
2966,4389
2967,5377
2968,7690
2969,8984
2970,6052
2971,6878
2972,7025
2973,3287
2974,7187
2975,6406
2976,5471
2977,6624
2978,4712
2979,4444
2980,4303
2981,3997
2982,4240
2983,7252
2984,6216
2985,9680
2986,14376
2987,6126
2988,4582
2989,6048
2990,7855
2991,8811
2992,3688
2993,5235
2994,3623
2995,8484
2996,5809
2997,5355
2998,11394
2999,12172
3000,3947
3001,6722
3002,3653
3003,5091
3004,5494
3005,7830
3006,4247
3007,3932
3008,4899
3009,6382
3010,5808
3011,4225
3012,5245
3013,6297
3014,5669
3015,5895
3016,3370
3017,9474
3018,18031
3019,3942
3020,6557
3021,7489
3022,5584
3023,4009
3024,3506
3025,3582
3026,7045
3027,4486
3028,6849
3029,9103
3030,4096
3031,4688
3032,5391
3033,5059
3034,4341
3035,4875
3036,5656
3037,9558
3038,6844
3039,7950
3040,5060
3041,4016
3042,6186
3043,5805
3044,7403
3045,5640
3046,4424
3047,21656
3048,5705
3049,5298
3050,11012
3051,6432
3052,5801
3053,5602
3054,6587
3055,4299
3056,8782
3057,13710
3058,4755
3059,4862
3060,5785
3061,11133
3062,5346
3063,4627
3064,5660
3065,4859
3066,6064
3067,3749
3068,7750
3069,3637
3070,6469
3071,2309
3072,16842
3073,7625
3074,3717
3075,4300
3076,7932
3077,5402
3078,5867
3079,7024
3080,5261
3081,4993
3082,3929
3083,8638
3084,4980
3085,5269
3086,6385
3087,6918
3088,5079
3089,7476
3090,5278
3091,3610
3092,7487
3093,7316
3094,4237
3095,6932
3096,5807
3097,3969
3098,8857
3099,5174
3100,6879
3101,5769
3102,7175
3103,3857
3104,4486
3105,4188
3106,7988
3107,5697
3108,7610
3109,3453
3110,7457
3111,3428
3112,5713
3113,4803
3114,5547
3115,5783
3116,6283
3117,5705
3118,7600
3119,3382
3120,5519
3121,6529
3122,6427
3123,5939
3124,6718
3125,9312
3126,6324
3127,2546
3128,6036
3129,4839
3130,6035
3131,6306
3132,3828
3133,10426
3134,4561
3135,6259
3136,9273
3137,5695
3138,3531
3139,9323
3140,4914
3141,9159
3142,4955
3143,6989
3144,8175
3145,5546
3146,4953
3147,5747
3148,4789
3149,5152
3150,5437
3151,9629
3152,6643
3153,5348
3154,4232
3155,5670
3156,6416
3157,5761
3158,6166
3159,5487
3160,5935
3161,3842
3162,6797
3163,7064
3164,5966
3165,5210
3166,6133
3167,6436
3168,8675
3169,4958
3170,6757
3171,4789
3172,5310
3173,6526
3174,5682
3175,4209
3176,3993
3177,6518
3178,8187
3179,4642
3180,5165
3181,6915
3182,5305
3183,4812
3184,5330
3185,4272
3186,3162
3187,7530
3188,3990
3189,7022
3190,5659
3191,5624
3192,5675
3193,9749
3194,7636
3195,6410
3196,4759
3197,7236
3198,7605
3199,3658
3200,3179
3201,6982
3202,2958
3203,6061
3204,11808
3205,6763
3206,6236
3207,3812
3208,6725
3209,5574
3210,5575
3211,6286
3212,7068
3213,6868
3214,5063
3215,7162
3216,4167
3217,6464
3218,4744
3219,5176
3220,4979
3221,5110
3222,5366
3223,6675
3224,4242
3225,8749
3226,6293
3227,3896
3228,4253
3229,7438
3230,6446
3231,4916
3232,5874
3233,5948
3234,4524
3235,5700
3236,5455
3237,5649
3238,4582
3239,4692
3240,7437
3241,5802
3242,5192
3243,3507
3244,8899
3245,5604
3246,4531
3247,6185
3248,9541
3249,7193
3250,7482
3251,9244
3252,6277
3253,4799
3254,4988
3255,7166
3256,7623
3257,10570
3258,3986
3259,5870
3260,2977
3261,4147
3262,8065
3263,12857
3264,5676
3265,4230
3266,4494
3267,5599
3268,5000
3269,6800
3270,7590
3271,5265
3272,3749
3273,6380
3274,5016
3275,8010
3276,7646
3277,4306
3278,6114
3279,3594
3280,6120
3281,7101
3282,6556
3283,7488
3284,5552
3285,6385
3286,4023
3287,5317
3288,6356
3289,7465
3290,6524
3291,7138
3292,4984
3293,4227
3294,8651
3295,4244
3296,10548
3297,5627
3298,3964
3299,5558
3300,5528
3301,5788
3302,7191
3303,8337
3304,4184
3305,12114
3306,3866
3307,4232
3308,5721
3309,6961
3310,10177
3311,6582
3312,5469
3313,4984
3314,5868
3315,6164
3316,4538
3317,5639
3318,4674
3319,9098
3320,5706
3321,7500
3322,11765
3323,7453
3324,4431
3325,4536
3326,5276
3327,10542
3328,5377
3329,7467
3330,3826
3331,8877
3332,6355
3333,4639
3334,4368
3335,4059
3336,4731
3337,4949
3338,5108
3339,4389
3340,4147
3341,4438
3342,7513
3343,5671
3344,20515
3345,5659
3346,3630
3347,4117
3348,5839
3349,8111
3350,4050
3351,4019
3352,8335
3353,5521
3354,6230
3355,5380
3356,6164
3357,6011
3358,3503
3359,5031
3360,5541
3361,7228
3362,5265
3363,5696
3364,6049
3365,7687
3366,3994
3367,3918
3368,4175
3369,8199
3370,9013
3371,4918
3372,8007
3373,3926
3374,6438
3375,3541
3376,4396
3377,3599
3378,6843
3379,7195
3380,8857
3381,8391
3382,4591
3383,4587
3384,4135
3385,3647
3386,5092
3387,8551
3388,5468
3389,4403
3390,4021
3391,4038
3392,6257
3393,3124
3394,6256
3395,3322
3396,5785
3397,4875
3398,4361
3399,5523
3400,4346
3401,6815
3402,7053
3403,5833
3404,4884
3405,7350
3406,4232
3407,6207
3408,5182
3409,8666
3410,4469
3411,5117
3412,6783
3413,6056
3414,7376
3415,5388
3416,7454
3417,3741
3418,4436
3419,5153
3420,5080
3421,7713
3422,6046
3423,2992
3424,4601
3425,6159
3426,6295
3427,7551
3428,3559
3429,11569
3430,5823
3431,3794
3432,5750
3433,5496
3434,5607
3435,7111
3436,3653
3437,4810
3438,5153
3439,5896
3440,5899
3441,4570
3442,5562
3443,4461
3444,4750
3445,7018
3446,6288
3447,5373
3448,4317
3449,9449
3450,4471
3451,7932
3452,6501
3453,10528
3454,5657
3455,4181
3456,5144
3457,5542
3458,4880
3459,4109
3460,6711
3461,6274
3462,3348
3463,6337
3464,5294
3465,5711
3466,3979
3467,6670
3468,6812
3469,4654
3470,10238
3471,4330
3472,3877
3473,6580
3474,7623
3475,4645
3476,4231
3477,5925
3478,5194
3479,4493
3480,5004
3481,4286
3482,7615
3483,6762
3484,5670
3485,6521
3486,4439
3487,4149
3488,5015
3489,6093
3490,6156
3491,6712
3492,6562
3493,8322
3494,4556
3495,6600
3496,5810
3497,4601
3498,5276
3499,7266
3500,5517
3501,5551
3502,8793
3503,6636
3504,6158
3505,4357
3506,6724
3507,5831
3508,6319
3509,5618
3510,3452
3511,4467
3512,8021
3513,6425
3514,4820
3515,3262
3516,7162
3517,6167
3518,6735
3519,5704
3520,5240
3521,4517
3522,3324
3523,7985
3524,6155
3525,5855
3526,5137
3527,4423
3528,0
3529,5510
3530,4876
3531,3162
3532,5735
3533,3831
3534,6954
3535,6799
3536,5902
3537,9521
3538,3896
3539,4036
3540,8597
3541,4285
3542,5111
3543,2251
3544,6598
3545,7099
3546,4079
3547,5421
3548,5472
3549,5079
3550,5247
3551,7065
3552,8995
3553,2245
3554,5593
3555,2510
3556,11814
3557,3874
3558,7016
3559,7539
3560,4593
3561,5346
3562,4382
3563,4487
3564,3001
3565,4181
3566,5014
3567,4578
3568,5444
3569,5959
3570,4261
3571,6096
3572,5666
3573,7142
3574,7163
3575,6546
3576,3859
3577,2853
3578,8483
3579,8338
3580,4342
3581,6765
3582,4602
3583,6339
3584,4108
3585,4596
3586,5586
3587,2949
3588,5258
3589,3880
3590,8177
3591,6047
3592,6211
3593,6330
3594,4383
3595,6820
3596,17068
3597,7980
3598,4451
3599,2326
3600,4968
3601,6636
3602,4593
3603,5181
3604,12032
3605,5623
3606,8494
3607,17158
3608,3488
3609,5328
3610,4442
3611,3857
3612,6415
3613,4115
3614,7615
3615,8701
3616,6926
3617,5103
3618,6264
3619,3962
3620,5207
3621,3415
3622,4927
3623,6054
3624,7635
3625,4942
3626,4568
3627,4225
3628,6442
3629,4278
3630,4674
3631,3003
3632,6963
3633,4449
3634,4931
3635,6485
3636,6380
3637,5588
3638,5151
3639,5578
3640,4990
3641,5844
3642,5806
3643,6977
3644,6689
3645,6500
3646,4648
3647,2904
3648,5122
3649,5769
3650,4961
3651,4180
3652,2178
3653,7089
3654,5453
3655,7463
3656,5969
3657,4382
3658,5408
3659,4340
3660,3808
3661,8200
3662,4559
3663,5555
3664,6225
3665,12458
3666,4424
3667,4555
3668,6321
3669,4916
3670,5093
3671,4333
3672,6510
3673,4159
3674,5908
3675,3263
3676,5023
3677,3476
3678,8654
3679,4290
3680,12659
3681,10894
3682,4188
3683,5412
3684,4816
3685,5463
3686,4891
3687,9690
3688,6192
3689,7363
3690,3726
3691,6936
3692,4328
3693,7685
3694,8052
3695,5420
3696,5079
3697,5263
3698,6118
3699,6645
3700,7933
3701,5062
3702,6376
3703,8295
3704,5300
3705,5825
3706,4305
3707,7780
3708,6266
3709,4881
3710,4128
3711,5380
3712,4135
3713,7133
3714,4987
3715,6130
3716,5026
3717,7581
3718,3864
3719,6761
3720,7948
3721,6893
3722,7067
3723,5979
3724,3454
3725,11350
3726,8575
3727,5705
3728,13922
3729,8307
3730,5493
3731,5178
3732,7228
3733,8995
3734,9644
3735,9623
3736,4932
3737,6457
3738,4692
3739,6960
3740,3663
3741,9079
3742,4812
3743,4057
3744,5147
3745,7385
3746,6723
3747,4238
3748,6947
3749,4606
3750,3472
3751,5633
3752,3612
3753,3827
3754,5083
3755,5211
3756,7444
3757,7695
3758,6212
3759,5378
3760,4583
3761,9338
3762,5949
3763,4336
3764,4695
3765,4386
3766,7197
3767,3904
3768,9765
3769,6257
3770,3009
3771,4268
3772,5563
3773,5292
3774,4226
3775,7275
3776,8113
3777,10430
3778,5330
3779,8618
3780,2916
3781,4468
3782,5137
3783,4369
3784,5779
3785,4652
3786,5322
3787,3245
3788,4241
3789,8783
3790,7036
3791,4156
3792,4862
3793,7568
3794,8597
3795,6434
3796,4790
3797,3700
3798,8238
3799,5285
3800,6069
3801,5158
3802,4520
3803,5822
3804,7297
3805,3117
3806,3640
3807,4431
3808,5658
3809,8015
3810,6321
3811,6664
3812,11657
3813,3924
3814,8416
3815,9688
3816,5603
3817,4199
3818,2942
3819,6398
3820,5218
3821,5151
3822,4861
3823,5656
3824,9856
3825,4442
3826,4477
3827,5464
3828,4947
3829,5627
3830,4488
3831,3769
3832,5390
3833,2935
3834,6370
3835,7393
3836,5507
3837,6635
3838,7164
3839,6922
3840,4081
3841,6420
3842,7978
3843,6300
3844,4849
3845,5291
3846,3935
3847,8285
3848,4763
3849,5449
3850,4576
3851,5748
3852,6832
3853,5710
3854,5181
3855,7401
3856,4854
3857,5717
3858,15538
3859,5280
3860,7261
3861,5158
3862,4781
3863,4647
3864,3959
3865,3638
3866,4059
3867,7293
3868,11685
3869,7545
3870,7764
3871,8975
3872,9255
3873,8710
3874,6350
3875,5255
3876,4807
3877,10502
3878,8929
3879,5740
3880,7602
3881,7457
3882,5313
3883,3679
3884,9735
3885,5852
3886,5465
3887,5293
3888,1887
3889,11188
3890,9099
3891,12963
3892,5104
3893,4228
3894,4313
3895,5322
3896,6001
3897,5820
3898,5757
3899,5180
3900,3795
3901,6239
3902,3192
3903,2642
3904,5191
3905,11539
3906,5825
3907,15681
3908,3844
3909,5130
3910,5657
3911,4839
3912,4187
3913,4212
3914,4526
3915,3590
3916,6624
3917,5449
3918,3119
3919,7265
3920,4444
3921,4911
3922,4000
3923,7924
3924,6097
3925,8512
3926,4302
3927,5668
3928,3539
3929,4167
3930,3647
3931,12728
3932,8535
3933,5235
3934,4201
3935,4081
3936,4939
3937,4123
3938,8129
3939,4155
3940,12567
3941,3829
3942,4621
3943,4866
3944,7729
3945,5403
3946,3940
3947,5675
3948,6096
3949,5745
3950,5690
3951,5006
3952,3009
3953,8564
3954,4605
3955,3630
3956,5074
3957,4954
3958,5079
3959,5672
3960,7535
3961,7373
3962,5662
3963,5928
3964,3649
3965,7279
3966,4914
3967,3718
3968,6228
3969,6081
3970,5574
3971,6686
3972,5079
3973,5276
3974,5332
3975,5306
3976,5018
3977,6192
3978,5944
3979,5386
3980,5179
3981,4572
3982,7609
3983,5241
3984,3963
3985,9628
3986,4488
3987,3082
3988,6294
3989,7422
3990,8208
3991,4619
3992,4727
3993,5246
3994,3054
3995,5320
3996,6427
3997,5402
3998,4956
3999,5805
4000,6680
4001,2835
4002,4448
4003,4677
4004,4836
4005,4152
4006,5946
4007,6134
4008,5315
4009,4087
4010,6718
4011,5090
4012,6625
4013,7368
4014,4173
4015,5648
4016,5842
4017,6682
4018,6317
4019,6916
4020,2954
4021,7933
4022,5596
4023,6129
4024,8434
4025,3992
4026,3464
4027,10706
4028,7111
4029,6803
4030,4956
4031,5637
4032,7390
4033,3054
4034,5453
4035,4724
4036,6375
4037,5609
4038,4553
4039,6895
4040,4541
4041,7227
4042,9046
4043,14611
4044,6396
4045,4105
4046,4520
4047,3350
4048,2810
4049,9887
4050,6789
4051,4617
4052,8040
4053,4591
4054,10024
4055,3697
4056,4861
4057,5066
4058,7211
4059,4253
4060,5328
4061,4595
4062,3922
4063,6779
4064,4274
4065,5496
4066,6405
4067,7865
4068,6217
4069,6543
4070,4795
4071,9300
4072,4105
4073,4468
4074,9210
4075,5790
4076,7595
4077,6382
4078,13681
4079,4745
4080,4115
4081,3889
4082,5178
4083,7604
4084,8456
4085,5540
4086,6710
4087,6364
4088,3120
4089,6661
4090,6085
4091,5206
4092,6345
4093,4495
4094,4002
4095,4065
4096,3623
4097,4019
4098,6622
4099,5726
4100,9183
4101,13442
4102,5750
4103,4227
4104,5780
4105,7058
4106,7915
4107,3271
4108,4684
4109,3568
4110,8004
4111,5476
4112,5169
4113,10397
4114,10774
4115,3876
4116,5969
4117,3313
4118,4537
4119,4981
4120,7282
4121,4006
4122,3588
4123,4656
4124,6515
4125,6158
4126,4241
4127,4842
4128,5712
4129,5792
4130,5388
4131,3163
4132,8674
4133,16505
4134,3892
4135,5930
4136,7382
4137,5450
4138,3693
4139,3311
4140,3433
4141,6770
4142,4344
4143,6578
4144,8529
4145,3704
4146,4135
4147,4896
4148,4598
4149,4073
4150,4456
4151,5265
4152,8530
4153,6527
4154,7747
4155,4754
4156,3729
4157,5619
4158,5266
4159,6841
4160,5240
4161,4194
4162,20333
4163,5249
4164,5206
4165,10147
4166,6013
4167,5182
4168,5377
4169,6186
4170,4179
4171,8027
4172,12555
4173,4526
4174,4423
4175,5551
4176,10926
4177,5053
4178,4398
4179,5187
4180,4558
4181,5567
4182,3754
4183,7028
4184,3348
4185,6047
4186,2184
4187,16140
4188,7039
4189,3369
4190,3994
4191,8088
4192,5116
4193,5509
4194,6496
4195,4911
4196,4362
4197,3880
4198,8229
4199,4658
4200,5117
4201,5829
4202,6366
4203,4806
4204,6982
4205,5124
4206,3496
4207,7173
4208,7774
4209,3966
4210,6365
4211,5278
4212,3923
4213,7939
4214,5041
4215,6528
4216,5387
4217,6564
4218,3554
4219,4169
4220,3919
4221,8823
4222,5341
4223,7040
4224,3202
4225,7060
4226,3307
4227,5222
4228,4553
4229,5159
4230,5612
4231,6245
4232,5436
4233,7167
4234,3369
4235,5073
4236,5825
4237,6187
4238,5499
4239,6466
4240,8468
4241,5793
4242,2305
4243,5933
4244,4489
4245,5674
4246,5863
4247,3450
4248,9516
4249,4191
4250,5834
4251,8471
4252,6080
4253,3247
4254,8746
4255,4682
4256,8385
4257,4713
4258,6585
4259,8190
4260,4902
4261,4729
4262,5650
4263,4572
4264,4796
4265,5211
4266,8423
4267,6150
4268,5060
4269,4151
4270,5842
4271,5927
4272,5434
4273,5812
4274,5199
4275,5461
4276,3750
4277,6553
4278,6681
4279,5812
4280,4810
4281,5692
4282,6239
4283,8310
4284,4490
4285,6386
4286,4577
4287,5023
4288,6034
4289,5553
4290,4022
4291,3828
4292,6257
4293,7126
4294,4266
4295,4831
4296,6782
4297,5192
4298,4905
4299,5092
4300,3917
4301,2854
4302,6940
4303,3689
4304,6598
4305,5386
4306,5610
4307,5673
4308,9756
4309,7105
4310,5987
4311,4488
4312,6838
4313,6759
4314,3496
4315,3053
4316,6662
4317,2833
4318,5886
4319,11148
4320,6483
4321,5983
4322,3483
4323,6167
4324,5187
4325,5493
4326,5684
4327,6755
4328,6590
4329,4726
4330,6800
4331,3992
4332,5840
4333,4338
4334,4584
4335,4577
4336,4634
4337,4884
4338,6298
4339,3988
4340,8032
4341,5999
4342,3451
4343,4036
4344,6955
4345,6148
4346,4800
4347,5422
4348,6019
4349,4263
4350,5695
4351,5149
4352,5140
4353,4384
4354,4372
4355,6554
4356,5489
4357,4738
4358,3230
4359,9257
4360,5103
4361,4190
4362,6019
4363,8886
4364,6520
4365,6974
4366,8253
4367,5914
4368,4298
4369,4524
4370,6669
4371,7692
4372,9783
4373,4092
4374,5598
4375,2995
4376,3873
4377,8105
4378,12025
4379,5929
4380,4313
4381,4334
4382,5183
4383,4690
4384,6532
4385,7265
4386,5042
4387,3615
4388,5988
4389,4861
4390,7666
4391,6903
4392,4089
4393,5865
4394,3367
4395,5353
4396,6808
4397,6177
4398,7183
4399,5316
4400,6012
4401,3767
4402,4917
4403,6392
4404,7093
4405,6139
4406,6525
4407,4739
4408,3792
4409,8330
4410,3883
4411,10216
4412,5302
4413,3614
4414,5401
4415,5286
4416,5550
4417,6764
4418,8091
4419,3777
4420,10876
4421,3472
4422,3969
4423,5553
4424,6468
4425,8935
4426,6444
4427,5485
4428,4754
4429,5439
4430,5752
4431,4329
4432,5347
4433,4568
4434,8809
4435,5787
4436,6774
4437,11089
4438,6850
4439,4223
4440,4381
4441,5044
4442,9668
4443,4845
4444,6912
4445,3954
4446,8235
4447,5757
4448,4578
4449,4008
4450,3906
4451,4511
4452,4781
4453,4905
4454,4138
4455,4038
4456,4024
4457,7049
4458,5461
4459,18040
4460,5308
4461,3551
4462,4675
4463,5524
4464,7667
4465,4163
4466,3921
4467,7260
4468,5051
4469,5923
4470,4877
4471,6450
4472,5957
4473,3524
4474,4747
4475,5417
4476,6886
4477,4854
4478,5917
4479,5723
4480,7740
4481,3753
4482,3775
4483,4205
4484,8068
4485,8782
4486,4797
4487,7485
4488,3605
4489,6223
4490,3220
4491,4355
4492,3567
4493,6569
4494,6822
4495,8479
4496,8325
4497,4591
4498,4418
4499,4106
4500,3414
4501,5070
4502,8882
4503,5228
4504,4216
4505,4033
4506,4006
4507,6254
4508,2958
4509,6153
4510,3308
4511,5817
4512,4865
4513,4146
4514,5616
4515,4212
4516,6404
4517,6815
4518,5711
4519,4593
4520,7360
4521,4257
4522,5626
4523,5334
4524,8720
4525,4065
4526,4940
4527,6616
4528,6212
4529,7089
4530,5007
4531,7148
4532,3468
4533,3852
4534,4982
4535,4862
4536,7603
4537,5798
4538,3025
4539,4390
4540,5933
4541,6226
4542,7473
4543,3459
4544,11549
4545,5720
4546,3628
4547,5356
4548,5080
4549,5396
4550,6920
4551,3501
4552,4798
4553,4968
4554,5810
4555,5235
4556,4339
4557,5364
4558,4325
4559,4588
4560,6829
4561,5944
4562,5084
4563,4004
4564,8895
4565,4307
4566,7669
4567,6050
4568,10155
4569,5236
4570,3957
4571,5092
4572,5218
4573,4809
4574,4094
4575,6509
4576,5925
4577,3259
4578,6243
4579,5004
4580,5472
4581,3696
4582,6805
4583,7078
4584,4263
4585,9532
4586,4148
4587,3966
4588,6263
4589,7427
4590,4426
4591,4042
4592,5861
4593,4733
4594,4161
4595,4847
4596,4280
4597,7527
4598,6266
4599,5537
4600,6263
4601,4231
4602,4075
4603,4831
4604,5989
4605,6097
4606,6702
4607,6610
4608,7619
4609,4533
4610,6574
4611,5603
4612,4616
4613,5208
4614,6932
4615,5496
4616,5136
4617,8098
4618,6923
4619,5738
4620,4124
4621,6300
4622,5626
4623,5698
4624,5532
4625,3380
4626,4208
4627,7642
4628,6391
4629,4701
4630,3198
4631,6601
4632,6092
4633,6213
4634,5579
4635,4937
4636,4226
4637,3205
4638,7684
4639,5699
4640,5764
4641,5075
4642,4353
4643,0
4644,5282
4645,4890
4646,3199
4647,4675
4648,3897
4649,6907
4650,6742
4651,5749
4652,9003
4653,4308
4654,4056
4655,8418
4656,4210
4657,5199
4658,1857
4659,6579
4660,6705
4661,4022
4662,5148
4663,6130
4664,5002
4665,4831
4666,6481
4667,8890
4668,2135
4669,5170
4670,2423
4671,10836
4672,4087
4673,6906
4674,7590
4675,4562
4676,5129
4677,4188
4678,4321
4679,2858
4680,3798
4681,4800
4682,4148
4683,5596
4684,5940
4685,4078
4686,5508
4687,5386
4688,6985
4689,7157
4690,6461
4691,3840
4692,2932
4693,7992
4694,8373
4695,4053
4696,6285
4697,4346
4698,5907
4699,3975
4700,4435
4701,5571
4702,2865
4703,5255
4704,3996
4705,7775
4706,5664
4707,6129
4708,6133
4709,4192
4710,6752
4711,16316
4712,7996
4713,4150
4714,2267
4715,5069
4716,6313
4717,4155
4718,5017
4719,11792
4720,5330
4721,8183
4722,16882
4723,3383
4724,5039
4725,4340
4726,3460
4727,6263
4728,4274
4729,7149
4730,8228
4731,6291
4732,4734
4733,5995
4734,3775
4735,5225
4736,3077
4737,4870
4738,5815
4739,7416
4740,4913
4741,4498
4742,3920
4743,6332
4744,4194
4745,4487
4746,2834
4747,6863
4748,4367
4749,4733
4750,5991
4751,6063
4752,5086
4753,4634
4754,4817
4755,5067
4756,5408
4757,5604
4758,6952
4759,6117
4760,5881
4761,4498
4762,2814
4763,4986
4764,5241
4765,4626
4766,4027
4767,1842
4768,6735
4769,5359
4770,7468
4771,5626
4772,4166
4773,4909
4774,4143
4775,3705
4776,7701
4777,4516
4778,5589
4779,6120
4780,11436
4781,4362
4782,3887
4783,6216
4784,4085
4785,4720
4786,4305
4787,6200
4788,4007
4789,5804
4790,3233
4791,4808
4792,3189
4793,8111
4794,4215
4795,12252
4796,10361
4797,4080
4798,5149
4799,4364
4800,5186
4801,4695
4802,9352
4803,6174
4804,6739
4805,3608
4806,6737
4807,4267
4808,7465
4809,7630
4810,5216
4811,4963
4812,5125
4813,5973
4814,6546
4815,7334
4816,5022
4817,6098
4818,8324
4819,5333
4820,5501
4821,4336
4822,7217
4823,5898
4824,4365
4825,4167
4826,4752
4827,4061
4828,7496
4829,4770
4830,5931
4831,4996
4832,7415
4833,3790
4834,6226
4835,7251
4836,6261
4837,6210
4838,5418
4839,3311
4840,11408
4841,8085
4842,5719
4843,13297
4844,7250
4845,5546
4846,5083
4847,6864
4848,8537
4849,8832
4850,9473
4851,4404
4852,6242
4853,4609
4854,6740
4855,3488
4856,8239
4857,4686
4858,4023
4859,5156
4860,7049
4861,6506
4862,4203
4863,6654
4864,4501
4865,3414
4866,5515
4867,3508
4868,3865
4869,4627
4870,5524
4871,7546
4872,7405
4873,6023
4874,5221
4875,4545
4876,8869
4877,5593
4878,4252
4879,4564
4880,4379
4881,7072
4882,3744
4883,9565
4884,6249
4885,2781
4886,4223
4887,5382
4888,5211
4889,4230
4890,7296
4891,7722
4892,9954
4893,4998
4894,8672
4895,2849
4896,4173
4897,5095
4898,4235
4899,5435
4900,4591
4901,5369
4902,3175
4903,4034
4904,8788
4905,6857
4906,3958
4907,4473
4908,7459
4909,8113
4910,6382
4911,4574
4912,3478
4913,8573
4914,5365
4915,6642
4916,4732
4917,4443
4918,5639
4919,6828
4920,2740
4921,3827
4922,3929
4923,5404
4924,7871
4925,6216
4926,6624
4927,10701
4928,3953
4929,7986
4930,9509
4931,5436
4932,4004
4933,2736
4934,6412
4935,4925
4936,4943
4937,4687
4938,5355
4939,8806
4940,4168
4941,4363
4942,5458
4943,3956
4944,5700
4945,4384
4946,3662
4947,5345
4948,2811
4949,5699
4950,7271
4951,5447
4952,6325
4953,6960
4954,6713
4955,4058
4956,6202
4957,7317
4958,6311
4959,4769
4960,5291
4961,4547
4962,8000
4963,4841
4964,5060
4965,4376
4966,5994
4967,6738
4968,5581
4969,4894
4970,7217
4971,4607
4972,5600
4973,13992
4974,5024
4975,7305
4976,4584
4977,4356
4978,4659
4979,3849
4980,3378
4981,4013
4982,7132
4983,11268
4984,7147
4985,7523
4986,8159
4987,9017
4988,8368
4989,6049
4990,4905
4991,4465
4992,9973
4993,8318
4994,5754
4995,7188
4996,6444
4997,5253
4998,3300
4999,9430
5000,5605
5001,5264
5002,5094
5003,1862
5004,10317
5005,8922
5006,12324
5007,4990
5008,3973
5009,3980
5010,5167
5011,5244
5012,5763
5013,5472
5014,4760
5015,3708
5016,5574
5017,3529
5018,2490
5019,4875
5020,11174
5021,5608
5022,15428
5023,3664
5024,5036
5025,5656
5026,4375
5027,4062
5028,4188
5029,4251
5030,3405
5031,6432
5032,5491
5033,3176
5034,7102
5035,4209
5036,4754
5037,3694
5038,7614
5039,5962
5040,7983
5041,4006
5042,5214
5043,3417
5044,3946
5045,3498
5046,12863
5047,8546
5048,5024
5049,3975
5050,3943
5051,4741
5052,3840
5053,7411
5054,3760
5055,12086
5056,3603
5057,4352
5058,4692
5059,7424
5060,5419
5061,3871
5062,5255
5063,5818
5064,5520
5065,5561
5066,4742
5067,2732
5068,7779
5069,4269
5070,3365
5071,5004
5072,4912
5073,4970
5074,5206
5075,7227
5076,6917
5077,5420
5078,5673
5079,3583
5080,7211
5081,4812
5082,3607
5083,5852
5084,5825
5085,5326
5086,6717
5087,4901
5088,4979
5089,5315
5090,4712
5091,4641
5092,5938
5093,5946
5094,5218
5095,4357
5096,4517
5097,7451
5098,5238
5099,3818
5100,9494
5101,4167
5102,3138
5103,5810
5104,7453
5105,8073
5106,4507
5107,4413
5108,4987
5109,2990
5110,5204
5111,6379
5112,5157
5113,4556
5114,5491
5115,6569
5116,2697
5117,4365
5118,4583
5119,4424
5120,3932
5121,5671
5122,6062
5123,5157
5124,4082
5125,6392
5126,5000
5127,6360
5128,7113
5129,4323
5130,5514
5131,5680
5132,6369
5133,6173
5134,7055
5135,2803
5136,7715
5137,5525
5138,5821
5139,8326
5140,3884
5141,3255
5142,10261
5143,6731
5144,6609
5145,4723
5146,4874
5147,7349
5148,2833
5149,5119
5150,4474
5151,6291
5152,4971
5153,4269
5154,6659
5155,4409
5156,6946
5157,8977
5158,14091
5159,5810
5160,3777
5161,4456
5162,3336
5163,2658
5164,8991
5165,6475
5166,4507
5167,7154
5168,4364
5169,9225
5170,3684
5171,4872
5172,4870
5173,7557
5174,4274
5175,5441
5176,4505
5177,3863
5178,6159
5179,4097
5180,5776
5181,6232
5182,7644
5183,5975
5184,6224
5185,4545
5186,8772
5187,3883
5188,4329
5189,8750
5190,5658
5191,7525
5192,6084
5193,13609
5194,4361
5195,4034
5196,3887
5197,4743
5198,7264
5199,8220
5200,5489
5201,6173
5202,6293
5203,3063
5204,6563
5205,6343
5206,4993
5207,5921
5208,4485
5209,3713
5210,4138
5211,3397
5212,3974
5213,6349
5214,5276
5215,8732
5216,13123
5217,5649
5218,4138
5219,5936
5220,6760
5221,7581
5222,3188
5223,4687
5224,3348
5225,7362
5226,5409
5227,4622
5228,10105
5229,11458
5230,3786
5231,5812
5232,3256
5233,4526
5234,4687
5235,7100
5236,3916
5237,3550
5238,4516
5239,5659
5240,4951
5241,3883
5242,4716
5243,5513
5244,5311
5245,5224
5246,2884
5247,8505
5248,15315
5249,3609
5250,5683
5251,6818
5252,5460
5253,3614
5254,3134
5255,3525
5256,6138
5257,4221
5258,6137
5259,8183
5260,3672
5261,4020
5262,4893
5263,4397
5264,3961
5265,4522
5266,5371
5267,8259
5268,6120
5269,7732
5270,4662
5271,3440
5272,5211
5273,4947
5274,6295
5275,5171
5276,3847
5277,19526
5278,4916
5279,4799
5280,9949
5281,5569
5282,5116
5283,4985
5284,6017
5285,4185
5286,7753
5287,12056
5288,4155
5289,4133
5290,5600
5291,10441
5292,4877
5293,4304
5294,4893
5295,4370
5296,5262
5297,3365
5298,6935
5299,3274
5300,5653
5301,2172
5302,15671
5303,6928
5304,3668
5305,4108
5306,7163
5307,4953
5308,5441
5309,6303
5310,4793
5311,4373
5312,3610
5313,7867
5314,4579
5315,4846
5316,5475
5317,6209
5318,4592
5319,6785
5320,4631
5321,3343
5322,6632
5323,6948
5324,3893
5325,6233
5326,5211
5327,3905
5328,7642
5329,4440
5330,6176
5331,5244
5332,6285
5333,3374
5334,3985
5335,3859
5336,7243
5337,5718
5338,6803
5339,3147
5340,6637
5341,3424
5342,5074
5343,4189
5344,5013
5345,5466
5346,5770
5347,5222
5348,6910
5349,3210
5350,5031
5351,5666
5352,5627
5353,5843
5354,6632
5355,8265
5356,5448
5357,2427
5358,5274
5359,4043
5360,5338
5361,5433
5362,3468
5363,9367
5364,4115
5365,5393
5366,8113
5367,5413
5368,3181
5369,8557
5370,4562
5371,8211
5372,4553
5373,6347
5374,6973
5375,4896
5376,4377
5377,5327
5378,4396
5379,4573
5380,5268
5381,7828
5382,5944
5383,4750
5384,3822
5385,5406
5386,5789
5387,4960
5388,5943
5389,4833
5390,5110
5391,3425
5392,6273
5393,6705
5394,5582
5395,4572
5396,5557
5397,5757
5398,7422
5399,4471
5400,6045
5401,4437
5402,4787
5403,6170
5404,5184
5405,3848
5406,3587
5407,7002
5408,7085
5409,4071
5410,4468
5411,6366
5412,5042
5413,4343
5414,5520
5415,3902
5416,2708
5417,6559
5418,3471
5419,6166
5420,5351
5421,5229
5422,4834
5423,8306
5424,7144
5425,6245
5426,4323
5427,6441
5428,6343
5429,3430
5430,2758
5431,6368
5432,2644
5433,5679
5434,10993
5435,6205
5436,5730
5437,3332
5438,5946
5439,5023
5440,5185
5441,5529
5442,6429
5443,6516
5444,4616
5445,6089
5446,3966
5447,5430
5448,4233
5449,4463
5450,4545
5451,4524
5452,4749
5453,5994
5454,3936
5455,7730
5456,5683
5457,3387
5458,3829
5459,6833
5460,6079
5461,4480
5462,5195
5463,5207
5464,4283
5465,5023
5466,5011
5467,5224
5468,4229
5469,4280
5470,6790
5471,5426
5472,4650
5473,3079
5474,7904
5475,4975
5476,3928
5477,5507
5478,8634
5479,6319
5480,6930
5481,7952
5482,5668
5483,4364
5484,4440
5485,6284
5486,7050
5487,9886
5488,3786
5489,5020
5490,2698
5491,3617
5492,7197
5493,11094
5494,5078
5495,3683
5496,4337
5497,5000
5498,4670
5499,6830
5500,7045
5501,4976
5502,3419
5503,5843
5504,4539
5505,7256
5506,7001
5507,4010
5508,5660
5509,3296
5510,5364
5511,6673
5512,5951
5513,6928
5514,4879
5515,5732
5516,3570
5517,4747
5518,5847
5519,6694
5520,5989
5521,6472
5522,4618
5523,3643
5524,7966
5525,3902
5526,9456
5527,5273
5528,3664
5529,6298
5530,5076
5531,4967
5532,6734
5533,7476
5534,3777
5535,10072
5536,3307
5537,3775
5538,5360
5539,6165
5540,9167
5541,5869
5542,4878
5543,4655
5544,4880
5545,5524
5546,4146
5547,5073
5548,4332
5549,8537
5550,5771
5551,6384
5552,10925
5553,6932
5554,4097
5555,4213
5556,4797
5557,9696
5558,4547
5559,6550
5560,3713
5561,7787
5562,5666
5563,4341
5564,3919
5565,3823
5566,4202
5567,4660
5568,4460
5569,4021
5570,3560
5571,3788
5572,6989
5573,5363
5574,17722
5575,5234
5576,3459
5577,3965
5578,5574
5579,7628
5580,3818
5581,3761
5582,7254
5583,5726
5584,5943
5585,4848
5586,5943
5587,5773
5588,3524
5589,4726
5590,5538
5591,6644
5592,4981
5593,5734
5594,5814
5595,8249
5596,3805
5597,3904
5598,4253
5599,7878
5600,8742
5601,5345
5602,7398
5603,4037
5604,6126
5605,3330
5606,4454
5607,3316
5608,6468
5609,6713
5610,8466
5611,8131
5612,5028
5613,4338
5614,3827
5615,3527
5616,5046
5617,8302
5618,5108
5619,4054
5620,4262
5621,3997
5622,6056
5623,2937
5624,5938
5625,3445
5626,5968
5627,5124
5628,4229
5629,5716
5630,4120
5631,6545
5632,6916
5633,5633
5634,4501
5635,7124
5636,3952
5637,5516
5638,5579
5639,9144
5640,4418
5641,5154
5642,6514
5643,5942
5644,7076
5645,5091
5646,7179
5647,3616
5648,4037
5649,4868
5650,5045
5651,7683
5652,6018
5653,2950
5654,4264
5655,6425
5656,5835
5657,7814
5658,3248
5659,10919
5660,5958
5661,3541
5662,5219
5663,5236
5664,5198
5665,6821
5666,3518
5667,4828
5668,5000
5669,5863
5670,5340
5671,4334
5672,5838
5673,4485
5674,4490
5675,6829
5676,5942
5677,5079
5678,3896
5679,8755
5680,4108
5681,7359
5682,6052
5683,10103
5684,5180
5685,3874
5686,5267
5687,5110
5688,4679
5689,3951
5690,6374
5691,5937
5692,3176
5693,6245
5694,4636
5695,5546
5696,3768
5697,6106
5698,6702
5699,3913
5700,9867
5701,4229
5702,3778
5703,6228
5704,7422
5705,4396
5706,4061
5707,5807
5708,4902
5709,4102
5710,4919
5711,4191
5712,7319
5713,6915
5714,5412
5715,6185
5716,4281
5717,3829
5718,4825
5719,6566
5720,5963
5721,6766
5722,6316
5723,7687
5724,4354
5725,6839
5726,5693
5727,4250
5728,5193
5729,7400
5730,5451
5731,6248
5732,8122
5733,6504
5734,5893
5735,4419
5736,6010
5737,5724
5738,5865
5739,5355
5740,3190
5741,4319
5742,7578
5743,6112
5744,4745
5745,3141
5746,6764
5747,5803
5748,6380
5749,5411
5750,4807
5751,4403
5752,3119
5753,8337
5754,5788
5755,5738
5756,5068
5757,4368
5758,0
5759,5157
5760,5061
5761,3153
5762,4902
5763,3846
5764,6973
5765,6441
5766,5561
5767,8878
5768,3760
5769,4027
5770,8107
5771,4087
5772,4711
5773,1928
5774,6745
5775,6514
5776,4499
5777,5284
5778,5202
5779,4967
5780,4843
5781,7209
5782,8721
5783,2123
5784,5348
5785,2431
5786,11136
5787,3665
5788,6761
5789,7338
5790,4674
5791,5077
5792,4067
5793,4444
5794,2685
5795,3790
5796,5041
5797,4221
5798,5347
5799,5831
5800,4410
5801,5424
5802,5088
5803,6959
5804,7439
5805,6372
5806,3859
5807,3070
5808,7969
5809,8213
5810,4201
5811,6089
5812,4273
5813,5999
5814,4200
5815,4131
5816,5381
5817,3104
5818,5243
5819,3803
5820,7791
5821,5758
5822,6265
5823,6243
5824,4424
5825,6707
5826,16195
5827,8068
5828,4111
5829,2215
5830,4951
5831,6395
5832,4302
5833,5130
5834,12465
5835,5317
5836,8836
5837,17142
5838,3326
5839,5095
5840,4334
5841,3794
5842,7889
5843,3729
5844,6990
5845,8282
5846,6340
5847,5067
5848,6033
5849,4175
5850,4907
5851,3177
5852,4690
5853,5771
5854,7293
5855,5120
5856,4772
5857,4076
5858,6293
5859,4028
5860,4327
5861,3048
5862,6678
5863,4536
5864,4785
5865,5663
5866,6257
5867,5207
5868,4767
5869,5062
5870,4617
5871,5665
5872,5418
5873,7063
5874,5957
5875,6062
5876,4397
5877,2803
5878,4960
5879,5481
5880,4765
5881,4024
5882,2349
5883,6695
5884,5492
5885,6627
5886,5571
5887,4389
5888,5506
5889,4317
5890,3797
5891,8025
5892,4373
5893,6090
5894,6133
5895,11882
5896,4689
5897,4537
5898,6324
5899,4516
5900,6338
5901,4566
5902,6246
5903,3932
5904,5842
5905,3192
5906,4778
5907,3173
5908,8369
5909,4280
5910,11613
5911,10364
5912,4220
5913,5098
5914,4315
5915,5171
5916,4548
5917,9347
5918,6321
5919,6960
5920,3637
5921,6638
5922,4305
5923,7320
5924,7342
5925,5421
5926,4975
5927,5415
5928,6266
5929,6450
5930,8008
5931,4892
5932,6396
5933,8045
5934,5514
5935,5516
5936,4671
5937,7274
5938,5991
5939,4475
5940,4103
5941,5158
5942,4172
5943,7351
5944,4892
5945,6442
5946,4850
5947,7415
5948,3817
5949,6294
5950,7496
5951,6421
5952,6633
5953,5757
5954,3395
5955,10774
5956,7978
5957,6252
5958,14158
5959,8256
5960,5346
5961,5090
5962,6946
5963,8667
5964,9104
5965,9029
5966,4542
5967,6172
5968,4654
5969,6874
5970,3452
5971,9517
5972,4695
5973,3932
5974,5109
5975,7142
5976,6494
5977,4212
5978,6445
5979,4315
5980,3483
5981,5580
5982,3658
5983,3669
5984,4848
5985,4977
5986,7617
5987,7330
5988,6223
5989,5515
5990,4596
5991,9372
5992,5619
5993,4207
5994,4455
5995,4236
5996,7168
5997,3671
5998,10104
5999,6083
6000,2934
6001,3892
6002,5522
6003,5264
6004,4153
6005,7217
6006,8535
6007,9983
6008,5038
6009,8890
6010,2676
6011,4230
6012,5094
6013,4269
6014,5311
6015,4358
6016,5361
6017,3314
6018,4258
6019,8400
6020,6470
6021,3955
6022,4312
6023,7276
6024,8449
6025,7533
6026,4611
6027,3665
6028,7231
6029,5070
6030,6001
6031,4719
6032,4524
6033,5548
6034,7509
6035,3130
6036,3524
6037,4164
6038,5133
6039,7510
6040,6111
6041,6346
6042,11124
6043,4024
6044,7856
6045,8928
6046,5678
6047,4043
6048,2881
6049,6211
6050,4705
6051,4928
6052,4960
6053,5405
6054,9080
6055,4085
6056,4532
6057,5380
6058,4678
6059,5821
6060,4271
6061,3893
6062,5610
6063,2685
6064,6279
6065,7031
6066,5236
6067,6307
6068,7020
6069,6696
6070,4213
6071,6087
6072,7183
6073,5968
6074,4570
6075,4922
6076,3791
6077,8042
6078,5597
6079,5354
6080,4246
6081,5597
6082,6842
6083,5710
6084,4801
6085,6752
6086,4559
6087,5961
6088,14767
6089,5059
6090,7457
6091,5030
6092,4641
6093,4573
6094,3917
6095,3299
6096,4278
6097,7281
6098,10911
6099,6911
6100,7525
6101,8729
6102,8969
6103,8512
6104,6529
6105,5028
6106,4507
6107,9382
6108,8600
6109,5700
6110,7068
6111,6667
6112,5010
6113,3267
6114,9279
6115,5486
6116,5247
6117,5051
6118,1839
6119,10510
6120,9113
6121,12518
6122,5179
6123,3975
6124,3953
6125,4977
6126,5351
6127,5854
6128,5766
6129,4715
6130,3684
6131,5943
6132,3046
6133,2479
6134,5315
6135,11170
6136,5711
6137,15425
6138,3709
6139,5080
6140,5278
6141,4462
6142,4114
6143,4175
6144,4179
6145,3338
6146,6618
6147,5639
6148,2989
6149,7075
6150,4189
6151,4828
6152,3705
6153,7446
6154,5891
6155,8426
6156,4048
6157,5370
6158,3478
6159,3994
6160,3599
6161,11890
6162,8454
6163,5329
6164,3983
6165,4050
6166,4673
6167,4482
6168,9093
6169,3799
6170,11804
6171,3543
6172,4255
6173,4638
6174,7389
6175,5634
6176,3798
6177,5398
6178,5778
6179,5677
6180,5604
6181,4673
6182,2884
6183,8400
6184,4133
6185,3332
6186,4782
6187,5064
6188,4797
6189,5246
6190,7169
6191,7201
6192,5501
6193,5839
6194,3435
6195,6951
6196,4636
6197,3660
6198,5864
6199,6110
6200,5399
6201,7234
6202,4804
6203,4927
6204,5398
6205,5060
6206,4693
6207,5835
6208,5917
6209,5493
6210,4878
6211,4395
6212,7661
6213,5223
6214,3716
6215,9468
6216,4644
6217,2887
6218,5927
6219,7363
6220,7957
6221,4447
6222,4617
6223,5039
6224,3026
6225,4997
6226,5854
6227,5687
6228,4739
6229,5489
6230,6904
6231,2705
6232,4302
6233,4747
6234,4407
6235,4061
6236,5543
6237,5773
6238,4939
6239,4040
6240,6451
6241,4972
6242,6570
6243,6872
6244,4322
6245,5379
6246,5584
6247,6457
6248,6329
6249,6549
6250,4193
6251,8336
6252,5508
6253,6095
6254,7933
6255,3803
6256,3218
6257,10084
6258,6811
6259,6529
6260,4731
6261,5490
6262,7191
6263,3029
6264,5319
6265,4410
6266,6570
6267,5247
6268,4618
6269,6550
6270,4698
6271,6965
6272,8956
6273,13889
6274,5739
6275,3958
6276,4392
6277,3401
6278,2673
6279,9162
6280,6573
6281,4525
6282,7241
6283,4451
6284,9387
6285,3785
6286,4909
6287,4903
6288,7067
6289,4048
6290,5100
6291,4343
6292,3768
6293,6012
6294,4216
6295,5616
6296,6274
6297,7604
6298,6103
6299,6406
6300,4884
6301,8892
6302,3785
6303,4491
6304,8578
6305,5515
6306,7415
6307,5920
6308,13576
6309,4389
6310,4040
6311,4071
6312,4767
6313,7350
6314,8082
6315,5528
6316,6466
6317,6373
6318,3112
6319,6204
6320,5926
6321,5091
6322,6556
6323,4649
6324,3759
6325,4070
6326,3298
6327,3948
6328,6639
6329,6007
6330,9235
6331,12950
6332,5438
6333,4125
6334,5659
6335,6810
6336,7576
6337,3280
6338,4776
6339,3542
6340,7613
6341,5311
6342,4744
6343,10308
6344,11466
6345,3838
6346,5987
6347,3203
6348,4295
6349,4577
6350,7271
6351,3790
6352,3471
6353,4396
6354,6077
6355,5988
6356,3785
6357,4832
6358,6146
6359,5248
6360,5509
6361,3036
6362,8337
6363,15056
6364,3566
6365,5740
6366,6918
6367,5498
6368,3662
6369,3249
6370,3325
6371,6510
6372,4099
6373,6271
6374,8113
6375,3757
6376,4187
6377,5022
6378,4590
6379,3855
6380,4550
6381,5281
6382,8011
6383,6584
6384,7505
6385,4796
6386,3526
6387,5200
6388,4939
6389,7179
6390,5186
6391,3861
6392,19389
6393,5125
6394,4890
6395,9585
6396,5769
6397,5087
6398,5141
6399,5882
6400,3996
6401,7676
6402,11877
6403,4292
6404,4184
6405,5278
6406,10326
6407,4954
6408,4239
6409,4967
6410,4242
6411,5163
6412,3468
6413,6898
6414,3221
6415,5777
6416,2112
6417,15470
6418,6649
6419,3261
6420,4212
6421,7525
6422,4875
6423,5295
6424,6333
6425,4794
6426,4243
6427,3775
6428,7753
6429,4530
6430,4867
6431,5410
6432,6004
6433,4386
6434,6694
6435,4712
6436,3218
6437,6945
6438,6785
6439,3739
6440,6476
6441,5540
6442,3854
6443,7687
6444,4596
6445,6230
6446,5300
6447,6632
6448,3260
6449,4016
6450,3928
6451,8701
6452,5011
6453,6740
6454,3355
6455,6581
6456,3096
6457,4924
6458,4087
6459,5026
6460,5269
6461,5606
6462,5427
6463,7072
6464,3570
6465,4967
6466,5606
6467,6107
6468,5431
6469,6232
6470,8091
6471,5613
6472,2440
6473,5729
6474,4103
6475,5287
6476,5566
6477,3319
6478,9431
6479,4057
6480,5610
6481,8073
6482,5986
6483,3155
6484,8397
6485,4820
6486,8187
6487,4437
6488,6290
6489,7888
6490,5060
6491,4174
6492,5290
6493,4441
6494,4484
6495,5018
6496,7905
6497,6001
6498,4719
6499,3983
6500,5189
6501,5822
6502,5111
6503,5945
6504,4864
6505,5264
6506,4023
6507,6372
6508,6450
6509,5507
6510,4927
6511,5254
6512,5738
6513,7630
6514,4449
6515,6165
6516,4349
6517,5076
6518,6247
6519,5270
6520,3746
6521,3579
6522,5979
6523,7532
6524,4052
6525,4386
6526,6584
6527,4831
6528,4690
6529,4903
6530,4054
6531,2868
6532,6374
6533,3430
6534,6108
6535,5301
6536,5183
6537,5004
6538,9349
6539,7060
6540,5760
6541,4155
6542,7405
6543,6256
6544,3323
6545,2835
6546,6628
6547,2778
6548,5700
6549,10408
6550,6888
6551,5644
6552,3408
6553,5762
6554,5455
6555,4973
6556,5821
6557,6513
6558,6608
6559,4432
6560,6408
6561,3918
6562,5424
6563,4179
6564,4384
6565,5032
6566,4605
6567,4562
6568,6240
6569,3877
6570,7773
6571,5895
6572,3527
6573,3675
6574,7388
6575,5844
6576,4813
6577,5129
6578,5267
6579,4238
6580,5166
6581,4975
6582,5104
6583,4123
6584,4173
6585,6815
6586,5443
6587,4809
6588,3002
6589,8219
6590,5206
6591,3985
6592,5703
6593,8468
6594,6507
6595,6330
6596,7722
6597,5612
6598,4359
6599,4413
6600,6108
6601,6852
6602,9476
6603,3859
6604,5229
6605,3068
6606,3644
6607,7571
6608,11591
6609,5344
6610,4135
6611,4618
6612,5362
6613,4703
6614,6255
6615,7256
6616,4819
6617,3614
6618,5715
6619,4662
6620,7666
6621,7347
6622,3938
6623,5878
6624,3305
6625,5470
6626,6675
6627,5901
6628,6756
6629,4932
6630,5717
6631,3512
6632,5170
6633,5580
6634,6697
6635,6084
6636,6726
6637,4865
6638,3559
6639,7836
6640,3771
6641,9405
6642,5295
6643,3459
6644,4902
6645,5161
6646,5215
6647,6360
6648,7459
6649,3962
6650,9919
6651,3337
6652,3915
6653,5370
6654,6240
6655,8844
6656,5758
6657,5333
6658,4485
6659,5084
6660,5520
6661,4296
6662,5226
6663,4485
6664,8527
6665,5420
6666,6406
6667,10463
6668,7092
6669,3931
6670,4034
6671,4721
6672,10031
6673,4418
6674,6760
6675,3702
6676,8147
6677,5608
6678,4236
6679,4075
6680,3827
6681,4188
6682,4511
6683,4689
6684,3882
6685,3947
6686,3721
6687,6987
6688,5813
6689,17440
6690,5353
6691,3763
6692,3920
6693,6003
6694,8178
6695,4129
6696,4040
6697,8422
6698,4966
6699,6440
6700,5346
6701,6147
6702,6097
6703,3992
6704,5064
6705,6302
6706,7153
6707,5103
6708,6935
6709,6343
6710,7068
6711,4367
6712,4419
6713,4863
6714,8965
6715,9418
6716,6064
6717,7940
6718,4085
6719,6777
6720,3145
6721,5251
6722,3501
6723,7241
6724,7230
6725,9406
6726,8910
6727,5947
6728,4864
6729,3959
6730,3555
6731,5689
6732,8734
6733,5729
6734,4514
6735,4695
6736,4440
6737,6137
6738,3149
6739,7037
6740,3828
6741,7058
6742,5664
6743,4611
6744,7066
6745,4359
6746,7567
6747,7563
6748,5950
6749,4903
6750,7425
6751,4155
6752,5925
6753,6547
6754,10019
6755,4754
6756,5838
6757,6663
6758,6646
6759,7944
6760,5710
6761,7865
6762,3739
6763,3958
6764,4996
6765,6037
6766,8715
6767,6797
6768,3342
6769,4694
6770,7328
6771,6797
6772,8211
6773,3723
6774,11426
6775,6304
6776,3873
6777,4987
6778,5402
6779,5577
6780,7323
6781,3652
6782,5360
6783,6035
6784,6442
6785,5749
6786,4111
6787,6190
6788,4990
6789,4847
6790,7678
6791,6583
6792,5604
6793,4353
6794,9264
6795,4477
6796,8064
6797,6743
6798,12000
6799,5813
6800,3925
6801,6192
6802,5627
6803,5408
6804,4555
6805,7647
6806,6333
6807,3460
6808,7011
6809,4987
6810,6230
6811,4062
6812,7173
6813,6873
6814,5121
6815,10505
6816,4881
6817,4267
6818,6844
6819,8059
6820,4492
6821,4328
6822,6273
6823,5224
6824,4386
6825,5576
6826,4555
6827,8562
6828,6679
6829,6206
6830,6378
6831,4516
6832,4265
6833,5423
6834,7052
6835,6073
6836,7756
6837,7371
6838,8135
6839,4880
6840,7658
6841,6627
6842,4667
6843,5340
6844,7984
6845,6289
6846,5503
6847,8741
6848,7630
6849,6697
6850,4912
6851,6990
6852,6646
6853,5982
6854,5913
6855,3497
6856,4521
6857,7805
6858,6642
6859,5445
6860,3443
6861,7209
6862,6094
6863,6758
6864,6062
6865,5174
6866,4527
6867,3169
6868,8933
6869,5958
6870,6133
6871,5265
6872,4939
6873,6805
6874,5847
6875,6143
6876,3288
6877,5852
6878,4291
6879,7764
6880,7169
6881,5931
6882,11173
6883,3748
6884,4581
6885,8919
6886,4570
6887,5936
6888,2102
6889,7649
6890,7309
6891,5251
6892,5746
6893,5606
6894,5490
6895,5146
6896,6903
6897,8892
6898,2582
6899,5778
6900,2665
6901,11228
6902,3990
6903,7558
6904,9028
6905,5399
6906,5521
6907,4395
6908,4150
6909,2950
6910,3886
6911,5653
6912,4331
6913,6532
6914,6480
6915,4623
6916,5870
6917,6091
6918,7910
6919,8417
6920,7112
6921,4453
6922,3857
6923,8612
6924,9159
6925,4674
6926,6821
6927,4467
6928,6378
6929,4676
6930,4425
6931,6355
6932,3599
6933,5262
6934,4481
6935,8105
6936,6458
6937,7043
6938,6558
6939,4948
6940,7374
6941,16762
6942,8584
6943,4310
6944,2786
6945,5716
6946,6712
6947,4370
6948,5891
6949,12604
6950,5555
6951,8990
6952,19454
6953,3723
6954,5262
6955,4484
6956,3398
6957,7444
6958,4296
6959,7091
6960,8711
6961,6516
6962,5209
6963,6407
6964,4667
6965,5606
6966,3369
6967,5746
6968,6328
6969,8226
6970,5780
6971,5600
6972,3928
6973,6762
6974,4335
6975,4953
6976,3195
6977,7327
6978,5137
6979,5265
6980,6617
6981,6593
6982,5280
6983,4919
6984,5057
6985,4754
6986,5912
6987,5950
6988,8267
6989,6701
6990,6726
6991,5008
6992,3338
6993,5276
6994,5855
6995,5113
6996,4265
6997,2329
6998,7186
6999,5665
7000,8603
7001,5754
7002,4830
7003,6352
7004,4404
7005,4096
7006,8796
7007,5354
7008,6769
7009,7451
7010,11742
7011,5431
7012,4152
7013,7048
7014,4076
7015,4972
7016,5231
7017,6642
7018,4240
7019,6781
7020,3461
7021,4801
7022,3201
7023,8554
7024,4815
7025,12322
7026,10637
7027,4958
7028,5668
7029,4811
7030,5659
7031,4918
7032,10303
7033,7202
7034,7095
7035,3836
7036,7211
7037,5070
7038,8365
7039,7802
7040,6268
7041,5671
7042,6176
7043,6414
7044,7800
7045,7860
7046,5870
7047,6581
7048,8931
7049,6303
7050,6262
7051,5505
7052,7398
7053,6241
7054,4795
7055,4344
7056,5624
7057,4504
7058,7953
7059,5837
7060,7062
7061,5438
7062,8458
7063,4336
7064,6418
7065,8290
7066,6739
7067,7124
7068,5816
7069,3682
7070,11728
7071,7904
7072,7175
7073,14214
7074,7728
7075,6311
7076,5779
7077,7299
7078,9080
7079,9055
7080,10015
7081,5150
7082,6622
7083,5283
7084,8082
7085,3962
7086,8721
7087,5046
7088,4641
7089,5679
7090,7084
7091,6577
7092,4766
7093,7203
7094,4327
7095,3694
7096,6259
7097,4214
7098,4039
7099,4976
7100,5440
7101,8726
7102,8696
7103,6054
7104,6189
7105,5177
7106,9015
7107,5679
7108,5204
7109,4778
7110,4625
7111,8980
7112,3952
7113,11345
7114,6703
7115,3092
7116,3977
7117,5700
7118,5804
7119,4961
7120,8097
7121,8945
7122,9936
7123,5474
7124,10460
7125,2821
7126,4853
7127,5927
7128,4717
7129,6095
7130,5007
7131,6408
7132,3744
7133,4806
7134,10463
7135,7947
7136,4272
7137,4633
7138,8380
7139,8191
7140,6894
7141,5095
7142,3976
7143,7967
7144,5289
7145,7168
7146,4806
7147,5229
7148,6382
7149,7064
7150,3340
7151,4188
7152,4067
7153,4988
7154,8475
7155,7042
7156,7391
7157,11217
7158,4979
7159,9668
7160,9904
7161,6476
7162,4487
7163,2933
7164,6973
7165,5307
7166,5296
7167,5548
7168,6046
7169,9584
7170,4054
7171,4966
7172,6555
7173,4006
7174,7602
7175,5087
7176,4008
7177,6563
7178,2977
7179,5930
7180,7437
7181,6093
7182,6817
7183,7855
7184,7034
7185,4686
7186,6618
7187,8238
7188,6357
7189,5086
7190,5733
7191,4250
7192,8488
7193,6410
7194,5637
7195,4426
7196,6020
7197,7790
7198,6622
7199,5202
7200,7871
7201,4951
7202,6833
7203,14670
7204,5439
7205,8967
7206,4828
7207,5050
7208,5467
7209,4549
7210,3645
7211,4817
7212,8466
7213,11699
7214,7643
7215,8415
7216,8199
7217,10343
7218,9444
7219,7496
7220,5114
7221,4579
7222,9946
7223,9537
7224,6818
7225,7400
7226,8001
7227,5476
7228,3232
7229,10047
7230,5587
7231,5583
7232,5556
7233,1910
7234,10466
7235,9233
7236,12477
7237,5588
7238,4411
7239,4624
7240,5373
7241,5712
7242,5903
7243,7039
7244,4697
7245,3978
7246,5977
7247,3165
7248,2715
7249,4970
7250,12061
7251,6485
7252,16612
7253,3703
7254,5785
7255,5881
7256,5108
7257,4262
7258,5060
7259,4270
7260,3569
7261,7831
7262,6269
7263,3343
7264,7976
7265,4441
7266,5200
7267,4056
7268,8608
7269,6557
7270,8347
7271,4245
7272,5788
7273,4075
7274,4394
7275,4046
7276,12552
7277,9967
7278,6052
7279,4188
7280,4794
7281,5712
7282,3929
7283,7748
7284,3963
7285,12774
7286,3848
7287,4484
7288,4869
7289,8856
7290,6844
7291,4409
7292,5567
7293,5743
7294,6413
7295,6457
7296,4979
7297,3223
7298,8286
7299,4443
7300,3714
7301,5155
7302,6032
7303,5062
7304,5427
7305,7621
7306,7835
7307,6310
7308,6759
7309,3651
7310,7887
7311,4981
7312,4097
7313,6883
7314,6544
7315,5765
7316,7943
7317,5377
7318,5453
7319,6034
7320,4761
7321,4984
7322,6249
7323,7316
7324,5849
7325,5247
7326,4877
7327,8365
7328,6094
7329,4172
7330,10629
7331,4466
7332,2900
7333,6705
7334,8651
7335,8094
7336,4511
7337,5263
7338,5960
7339,3416
7340,5574
7341,6517
7342,6006
7343,5362
7344,5435
7345,7659
7346,2830
7347,4770
7348,4979
7349,4417
7350,4355
7351,6216
7352,6607
7353,5373
7354,4599
7355,6783
7356,5863
7357,7215
7358,7762
7359,5021
7360,5797
7361,6013
7362,6838
7363,6862
7364,8197
7365,3069
7366,8792
7367,5951
7368,6598
7369,9146
7370,4408
7371,3346
7372,10361
7373,7184
7374,7510
7375,4897
7376,5220
7377,8150
7378,3434
7379,5959
7380,4472
7381,7633
7382,5175
7383,4894
7384,7061
7385,4748
7386,7533
7387,9966
7388,14560
7389,6371
7390,4090
7391,4808
7392,3914
7393,2848
7394,10004
7395,6964
7396,5428
7397,8492
7398,5274
7399,8712
7400,4388
7401,5381
7402,5528
7403,7401
7404,4777
7405,5695
7406,5295
7407,4173
7408,6312
7409,4804
7410,6288
7411,7187
7412,7928
7413,6714
7414,6895
7415,5514
7416,9408
7417,4197
7418,5306
7419,10158
7420,6172
7421,7843
7422,6334
7423,15194
7424,4765
7425,4398
7426,4244
7427,5131
7428,8376
7429,9605
7430,6463
7431,6580
7432,7352
7433,3550
7434,6680
7435,6240
7436,5603
7437,7276
7438,5395
7439,4273
7440,4658
7441,3357
7442,4228
7443,7207
7444,5914
7445,10471
7446,14496
7447,5857
7448,4163
7449,6506
7450,7271
7451,7957
7452,3678
7453,5473
7454,3890
7455,7799
7456,6132
7457,5692
7458,11060
7459,12840
7460,3978
7461,6491
7462,3395
7463,4621
7464,4722
7465,7887
7466,4344
7467,4236
7468,4492
7469,6554
7470,5292
7471,3809
7472,5239
7473,7036
7474,6153
7475,6045
7476,2712
7477,9962
7478,15748
7479,3772
7480,6879
7481,7526
7482,5998
7483,4125
7484,3339
7485,3762
7486,6740
7487,4614
7488,6461
7489,9078
7490,4226
7491,4689
7492,5933
7493,4999
7494,4529
7495,4842
7496,5638
7497,9077
7498,6805
7499,8160
7500,5419
7501,3589
7502,5359
7503,5012
7504,7901
7505,5442
7506,4381
7507,18847
7508,5415
7509,5295
7510,10447
7511,6104
7512,5830
7513,5653
7514,6026
7515,4144
7516,8465
7517,12804
7518,4650
7519,4447
7520,5530
7521,10336
7522,5849
7523,4704
7524,5226
7525,4961
7526,5109
7527,4085
7528,7565
7529,3262
7530,5721
7531,2674
7532,18397
7533,7344
7534,3670
7535,5186
7536,8695
7537,5420
7538,5700
7539,7240
7540,5438
7541,4938
7542,3772
7543,8339
7544,5176
7545,5310
7546,5702
7547,6903
7548,4550
7549,7501
7550,5653
7551,3492
7552,7091
7553,8588
7554,3910
7555,7388
7556,6454
7557,4651
7558,8982
7559,4629
7560,6159
7561,6197
7562,7390
7563,3338
7564,4680
7565,4550
7566,7543
7567,5325
7568,7448
7569,3810
7570,7180
7571,3356
7572,5644
7573,4520
7574,5442
7575,5250
7576,6279
7577,6231
7578,8562
7579,4195
7580,5689
7581,6228
7582,6862
7583,5460
7584,7736
7585,8690
7586,5943
7587,2901
7588,5935
7589,4441
7590,5792
7591,5789
7592,3315
7593,10950
7594,4607
7595,5678
7596,9007
7597,6256
7598,3495
7599,9129
7600,5400
7601,8896
7602,4898
7603,6809
7604,7668
7605,6326
7606,4663
7607,6381
7608,4822
7609,4769
7610,5609
7611,7764
7612,7150
7613,4847
7614,4092
7615,6401
7616,6997
7617,5341
7618,6722
7619,5164
7620,5701
7621,3820
7622,7062
7623,6704
7624,6565
7625,5204
7626,5654
7627,6517
7628,8083
7629,5406
7630,6902
7631,4383
7632,5650
7633,6971
7634,5786
7635,4005
7636,3896
7637,6317
7638,8185
7639,4454
7640,5034
7641,7223
7642,5875
7643,4691
7644,5203
7645,4484
7646,2750
7647,7161
7648,3613
7649,6619
7650,5921
7651,6343
7652,5835
7653,8487
7654,7327
7655,6265
7656,4454
7657,7272
7658,6684
7659,3272
7660,2613
7661,7098
7662,3158
7663,6074
7664,10680
7665,7048
7666,6254
7667,3583
7668,6548
7669,5993
7670,5673
7671,6649
7672,7446
7673,6596
7674,4905
7675,7615
7676,4153
7677,6067
7678,4182
7679,4798
7680,6199
7681,5541
7682,4949
7683,6691
7684,4386
7685,8757
7686,6129
7687,4026
7688,4048
7689,8317
7690,6285
7691,4875
7692,5488
7693,6323
7694,4730
7695,5519
7696,5517
7697,6372
7698,4288
7699,4268
7700,8287
7701,5772
7702,5564
7703,3285
7704,9720
7705,5825
7706,4593
7707,5572
7708,9445
7709,7103
7710,6990
7711,8360
7712,6113
7713,4992
7714,5280
7715,6676
7716,8508
7717,10262
7718,4314
7719,4775
7720,3095
7721,4080
7722,8351
7723,12159
7724,5326
7725,4033
7726,5195
7727,5337
7728,5420
7729,6799
7730,7945
7731,5272
7732,3803
7733,7044
7734,4915
7735,7920
7736,8284
7737,4595
7738,6527
7739,3441
7740,6359
7741,6957
7742,6561
7743,7095
7744,5358
7745,6325
7746,4101
7747,5718
7748,6856
7749,7201
7750,6744
7751,7576
7752,5190
7753,3920
7754,8705
7755,4064
7756,10172
7757,6060
7758,4154
7759,4900
7760,5593
7761,5282
7762,6988
7763,7676
7764,4622
7765,10415
7766,3502
7767,4363
7768,5725
7769,7010
7770,9543
7771,5622
7772,5088
7773,5082
7774,5251
7775,6300
7776,4289
7777,5981
7778,4618
7779,9695
7780,5265
7781,7321
7782,11358
7783,8097
7784,4486
7785,4151
7786,5357
7787,10260
7788,4637
7789,6945
7790,4097
7791,8728
7792,5734
7793,4694
7794,4604
7795,4292
7796,4328
7797,5126
7798,4662
7799,4193
7800,4042
7801,4070
7802,7479
7803,5712
7804,19376
7805,6107
7806,4533
7807,2726
7808,4288
7809,9969
7810,2014
7811,2848
7812,6406
7813,3418
7814,6942
7815,5066
7816,5518
7817,6329
7818,4622
7819,3532
7820,5853
7821,5515
7822,2684
7823,4969
7824,4548
7825,5989
7826,5307
7827,3522
7828,4533
7829,7901
7830,8529
7831,5802
7832,7632
7833,2172
7834,7956
7835,3606
7836,5399
7837,2418
7838,8342
7839,7748
7840,8859
7841,9714
7842,7172
7843,6515
7844,3005
7845,4686
7846,6292
7847,8430
7848,4300
7849,3697
7850,5692
7851,5252
7852,5818
7853,2591
7854,7960
7855,4527
7856,8270
7857,6277
7858,3516
7859,9269
7860,3171
7861,9362
7862,6373
7863,6805
7864,2539
7865,5523
7866,4979
7867,3884
7868,8059
7869,11024
7870,3010
7871,6277
7872,5638
7873,8686
7874,7409
7875,5940
7876,6955
7877,2423
7878,2485
7879,4779
7880,6136
7881,8776
7882,8388
7883,2570
7884,4311
7885,8893
7886,9297
7887,5936
7888,3275
7889,11180
7890,5635
7891,3733
7892,3611
7893,2209
7894,4581
7895,7622
7896,3848
7897,6124
7898,3135
7899,5882
7900,4001
7901,1861
7902,4435
7903,5446
7904,6123
7905,8982
7906,7195
7907,5833
7908,3738
7909,11413
7910,3332
7911,6240
7912,7765
7913,13139
7914,5287
7915,2946
7916,6895
7917,6035
7918,6471
7919,5027
7920,10597
7921,5889
7922,2235
7923,8346
7924,4636
7925,6036
7926,2266
7927,7582
7928,3848
7929,2927
7930,8619
7931,4643
7932,5378
7933,8252
7934,7626
7935,4421
7936,4901
7937,7587
7938,3396
7939,3040
7940,7023
7941,5190
7942,7221
7943,3245
7944,4549
7945,6453
7946,4380
7947,3197
7948,5469
7949,5876
7950,5932
7951,7552
7952,8209
7953,7844
7954,4076
7955,8044
7956,5606
7957,3272
7958,3759
7959,8363
7960,7752
7961,2943
7962,7447
7963,9722
7964,6900
7965,4877
7966,7411
7967,7798
7968,5646
7969,4646
7970,2835
7971,5393
7972,5447
7973,4774
7974,5504
7975,3202
7976,5950
7977,7583
7978,6193
7979,6871
7980,6480
7981,2920
7982,1621
7983,7285
7984,6662
7985,7284
7986,3524
7987,5721
7988,4702
7989,5504
7990,5676
7991,3845
7992,4133
7993,5048
7994,7144
7995,6876
7996,7676
7997,14089
7998,4055
7999,4822
8000,10305
8001,3675
8002,5388
8003,832
8004,8216
8005,6950
8006,5577
8007,6878
8008,5795
8009,4675
8010,5280
8011,5283
8012,7978
8013,3254
8014,5262
8015,2835
8016,9238
8017,3292
8018,8128
8019,10253
8020,6576
8021,6248
8022,4505
8023,2154
8024,1866
8025,3585
8026,5561
8027,3198
8028,5590
8029,7599
8030,4016
8031,5376
8032,4823
8033,8771
8034,7989
8035,7647
8036,5361
8037,3053
8038,8482
8039,9664
8040,3712
8041,4566
8042,3913
8043,5490
8044,5598
8045,4075
8046,7012
8047,3115
8048,5151
8049,5093
8050,8994
8051,5761
8052,7553
8053,6600
8054,4678
8055,8926
8056,17493
8057,8757
8058,3924
8059,3672
8060,6841
8061,7623
8062,2878
8063,4719
8064,9473
8065,6226
8066,6961
8067,17089
8068,5576
8069,5529
8070,2646
8071,2196
8072,10679
8073,3563
8074,6686
8075,9290
8076,2891
8077,3523
8078,6390
8079,3848
8080,6507
8081,1957
8082,5064
8083,4936
8084,11080
8085,5996
8086,6007
8087,3123
8088,8110
8089,5993
8090,6914
8091,1668
8092,9460
8093,5215
8094,6073
8095,4405
8096,4546
8097,3398
8098,4873
8099,3557
8100,5492
8101,4755
8102,4947
8103,8538
8104,8175
8105,8102
8106,4194
8107,4478
8108,4492
8109,5047
8110,6517
8111,2976
8112,1286
8113,6991
8114,5534
8115,7732
8116,5550
8117,4432
8118,4618
8119,3433
8120,2475
8121,9098
8122,6395
8123,4976
8124,5581
8125,11815
8126,6337
8127,1960
8128,7858
8129,2035
8130,4242
8131,6168
8132,6529
8133,2526
8134,4378
8135,4337
8136,3753
8137,1659
8138,8498
8139,4655
8140,9251
8141,10467
8142,6051
8143,5711
8144,4365
8145,5063
8146,5020
8147,11508
8148,6722
8149,6972
8150,3073
8151,5820
8152,5771
8153,8432
8154,8991
8155,7175
8156,5729
8157,6618
8158,5272
8159,9109
8160,6386
8161,7032
8162,6349
8163,9574
8164,7112
8165,4968
8166,5929
8167,8503
8168,6347
8169,3304
8170,5680
8171,3143
8172,5112
8173,9148
8174,7105
8175,7367
8176,6340
8177,8478
8178,4865
8179,4421
8180,4487
8181,6201
8182,6420
8183,6756
8184,3278
8185,13131
8186,5148
8187,5685
8188,15968
8189,5576
8190,7866
8191,6216
8192,7202
8193,8574
8194,7817
8195,10123
8196,2870
8197,4640
8198,5570
8199,9022
8200,2598
8201,5646
8202,4709
8203,5265
8204,5558
8205,5968
8206,3444
8207,6092
8208,5178
8209,2956
8210,3150
8211,7413
8212,4418
8213,5034
8214,5796
8215,5513
8216,9789
8217,12459
8218,5156
8219,7993
8220,5742
8221,10195
8222,4945
8223,2936
8224,4320
8225,5552
8226,12421
8227,4123
8228,8948
8229,7724
8230,2179
8231,3894
8232,6114
8233,6417
8234,5214
8235,9010
8236,9261
8237,7766
8238,4031
8239,12352
8240,2130
8241,3807
8242,9221
8243,4334
8244,5747
8245,3813
8246,7374
8247,5081
8248,3848
8249,13894
8250,10758
8251,2444
8252,5136
8253,5728
8254,7593
8255,9653
8256,5297
8257,2816
8258,8176
8259,2076
8260,9945
8261,4778
8262,5730
8263,9715
8264,5948
8265,1515
8266,5067
8267,2248
8268,3940
8269,11976
8270,8225
8271,4477
8272,12729
8273,7352
8274,11136
8275,12138
8276,7093
8277,4348
8278,2095
8279,4945
8280,6634
8281,2577
8282,5897
8283,4586
8284,7412
8285,2468
8286,5604
8287,8861
8288,1762
8289,9389
8290,6084
8291,2757
8292,7303
8293,3248
8294,3074
8295,9699
8296,7409
8297,7400
8298,8411
8299,5550
8300,4933
8301,7036
8302,7192
8303,8126
8304,5814
8305,6807
8306,3691
8307,8712
8308,6499
8309,5987
8310,4016
8311,4951
8312,8480
8313,6079
8314,4094
8315,5280
8316,5428
8317,5097
8318,16232
8319,5251
8320,10261
8321,4825
8322,3598
8323,6757
8324,5568
8325,3040
8326,4926
8327,9340
8328,14517
8329,7483
8330,9867
8331,7257
8332,10980
8333,8613
8334,7252
8335,5313
8336,4444
8337,10714
8338,7876
8339,7534
8340,5422
8341,5521
8342,5128
8343,2275
8344,12593
8345,6575
8346,6064
8347,4835
8348,1444
8349,8743
8350,8383
8351,12259
8352,5964
8353,4456
8354,3903
8355,6908
8356,5051
8357,4278
8358,10783
8359,4497
8360,4502
8361,5561
8362,3695
8363,2629
8364,2318
8365,14725
8366,4903
8367,13233
8368,4353
8369,6051
8370,5311
8371,4204
8372,3213
8373,6384
8374,3202
8375,2839
8376,10924
8377,6123
8378,2740
8379,8609
8380,2621
8381,6179
8382,3598
8383,9600
8384,7605
8385,8379
8386,2303
8387,5115
8388,2667
8389,4829
8390,3500
8391,16342
8392,12476
8393,4893
8394,2963
8395,6002
8396,4339
8397,2572
8398,7448
8399,2382
8400,14809
8401,4273
8402,4894
8403,5835
8404,11907
8405,7079
8406,5108
8407,5210
8408,6017
8409,6517
8410,7080
8411,3994
8412,1191
8413,4988
8414,2964
8415,2986
8416,5737
8417,7151
8418,5930
8419,5201
8420,8290
8421,5879
8422,3196
8423,7843
8424,2195
8425,10025
8426,5082
8427,2782
8428,4549
8429,4233
8430,4758
8431,7407
8432,7258
8433,3996
8434,6088
8435,2371
8436,4750
8437,8207
8438,8962
8439,3423
8440,2119
8441,5242
8442,7422
8443,6504
8444,2561
8445,11344
8446,3724
8447,3362
8448,5911
8449,10377
8450,9635
8451,4382
8452,4532
8453,6200
8454,1524
8455,6933
8456,7282
8457,4763
8458,4462
8459,2913
8460,8769
8461,3060
8462,4697
8463,3840
8464,3519
8465,2771
8466,7665
8467,6972
8468,5589
8469,3863
8470,5216
8471,8162
8472,7818
8473,7845
8474,5061
8475,5354
8476,5730
8477,8256
8478,7183
8479,5442
8480,1918
8481,6100
8482,6390
8483,6441
8484,8029
8485,5804
8486,2704
8487,7749
8488,5569
8489,11086
8490,2744
8491,2523
8492,9414
8493,1546
8494,5296
8495,4494
8496,8193
8497,3873
8498,4633
8499,9394
8500,2666
8501,6576
8502,10035
8503,14941
8504,6889
8505,2434
8506,5542
8507,3786
8508,2258
8509,7865
8510,5028
8511,6578
8512,5205
8513,5369
8514,5165
8515,4990
8516,5019
8517,4654
8518,8972
8519,5474
8520,2399
8521,6319
8522,4164
8523,5596
8524,5878
8525,5928
8526,7927
8527,8402
8528,8572
8529,5958
8530,5050
8531,6153
8532,2927
8533,5853
8534,9049
8535,6934
8536,7078
8537,5965
8538,13906
8539,3186
8540,3756
8541,4897
8542,4319
8543,8979
8544,10439
8545,8163
8546,7752
8547,7927
8548,1948
8549,7949
8550,3172
8551,6452
8552,6231
8553,5409
8554,2003
8555,5243
8556,3648
8557,3127
8558,7121
8559,4806
8560,8883
8561,17495
8562,5598
8563,3071
8564,4927
8565,8509
8566,6864
8567,4407
8568,5614
8569,1925
8570,6480
8571,7095
8572,3306
8573,10838
8574,11898
8575,3093
8576,5641
8577,3844
8578,3841
8579,4129
8580,8787
8581,3948
8582,4624
8583,4651
8584,2798
8585,2598
8586,2535
8587,5589
8588,5791
8589,4734
8590,7829
8591,1169
8592,7942
8593,15383
8594,3156
8595,8452
8596,7164
8597,4680
8598,4397
8599,2508
8600,4326
8601,4857
8602,5346
8603,3067
8604,9716
8605,4513
8606,4027
8607,6485
8608,5007
8609,6086
8610,4918
8611,6042
8612,10543
8613,4614
8614,7213
8615,5963
8616,3693
8617,3183
8618,4489
8619,5795
8620,6154
8621,3747
8622,13182
8623,5285
8624,4814
8625,11892
8626,4816
8627,6928
8628,4575
8629,5281
8630,5228
8631,6980
8632,15898
8633,2973
8634,5592
8635,3388
8636,9438
8637,7141
8638,4898
8639,3700
8640,4359
8641,2517
8642,2026
8643,7008
8644,2159
8645,3849
8646,1278
8647,21168
8648,8842
8649,2147
8650,5391
8651,6316
8652,6947
8653,5438
8654,8593
8655,5757
8656,6010
8657,2865
8658,7834
8659,6410
8660,4167
8661,6214
8662,9557
8663,4444
8664,8662
8665,6733
8666,3144
8667,5797
8668,6527
8669,2655
8670,9220
8671,7212
8672,4805
8673,10340
8674,3871
8675,5135
8676,8790
8677,6629
8678,2250
8679,4987
8680,3774
8681,3185
8682,5020
8683,5905
8684,3584
8685,6179
8686,2347
8687,5688
8688,2922
8689,5825
8690,5675
8691,4747
8692,5762
8693,9237
8694,2691
8695,5815
8696,7134
8697,3157
8698,5596
8699,6322
8700,9469
8701,6732
8702,3888
8703,2022
8704,2069
8705,5566
8706,4794
8707,3929
8708,12062
8709,5638
8710,5760
8711,8548
8712,7024
8713,2128
8714,9116
8715,4588
8716,8114
8717,6612
8718,7462
8719,6359
8720,8987
8721,5273
8722,4109
8723,2794
8724,3363
8725,6389
8726,4349
8727,8218
8728,5057
8729,2827
8730,7961
8731,7526
8732,4783
8733,7727
8734,4436
8735,7082
8736,3037
8737,4884
8738,3766
8739,4907
8740,3404
8741,6375
8742,7990
8743,8200
8744,6354
8745,5631
8746,4296
8747,6447
8748,7153
8749,7268
8750,2833
8751,2854
8752,8570
8753,6131
8754,2996
8755,4038
8756,8092
8757,6634
8758,2422
8759,6462
8760,4853
8761,1738
8762,5311
8763,2812
8764,4358
8765,6522
8766,6050
8767,5290
8768,4317
8769,8413
8770,6332
8771,3679
8772,5627
8773,5037
8774,2990
8775,1179
8776,7502
8777,1508
8778,5830
8779,9742
8780,5665
8781,4428
8782,3029
8783,5647
8784,5318
8785,4925
8786,5686
8787,6363
8788,7781
8789,6463
8790,9083
8791,4050
8792,4028
8793,4281
8794,3670
8795,5324
8796,6890
8797,3379
8798,5445
8799,2706
8800,8079
8801,4672
8802,4375
8803,3921
8804,5564
8805,7487
8806,3483
8807,6922
8808,4604
8809,5504
8810,5222
8811,6311
8812,8019
8813,4651
8814,3616
8815,10032
8816,6745
8817,6762
8818,2030
8819,4743
8820,5165
8821,4209
8822,4834
8823,10842
8824,8076
8825,9411
8826,9967
8827,6604
8828,5341
8829,6139
8830,6121
8831,7503
8832,10655
8833,3277
8834,1767
8835,1490
8836,4138
8837,5093
8838,10149
8839,2423
8840,1896
8841,5444
8842,5745
8843,5835
8844,8893
8845,7073
8846,6595
8847,2727
8848,7856
8849,6330
8850,6280
8851,7040
8852,3488
8853,6518
8854,3067
8855,6735
8856,5674
8857,5329
8858,6430
8859,3887
8860,6554
8861,5202
8862,6995
8863,4961
8864,8579
8865,5556
8866,8924
8867,5181
8868,3668
8869,8486
8870,2776
8871,10604
8872,6016
8873,4945
8874,3288
8875,7361
8876,4607
8877,4406
8878,6455
8879,4583
8880,12926
8881,3027
8882,3048
8883,5794
8884,6240
8885,10765
8886,2578
8887,4766
8888,6230
8889,5659
8890,4815
8891,3510
8892,6362
8893,3271
8894,10665
8895,2794
8896,6973
8897,14081
8898,7529
8899,6329
8900,3224
8901,5054
8902,8101
8903,2629
8904,7102
8905,2915
8906,8494
8907,6715
8908,5731
8909,5868
8910,4868
8911,2826
8912,5554
8913,2243
8914,3664
8915,3335
8916,2835
8917,7765
8918,5588
8919,21793
8920,7835
8921,0
8922,0
8923,0
8924,0
8925,0
8926,0
8927,0
8928,0
8929,0
8930,0
8931,0
8932,0
8933,0
8934,0
8935,0
8936,0
8937,0
8938,0
8939,0
8940,0
8941,0
8942,0
8943,0
8944,0
8945,0
8946,0
8947,0
8948,0
8949,0
8950,0
8951,0
8952,0
8953,0
8954,0
8955,0
8956,0
8957,0
8958,0
8959,0
8960,0
8961,0
8962,0
8963,0
8964,0
8965,0
8966,0
8967,0
8968,0
8969,0
8970,0
8971,0
8972,0
8973,0
8974,0
8975,0
8976,0
8977,0
8978,0
8979,0
8980,0
8981,0
8982,0
8983,0
8984,0
8985,0
8986,0
8987,0
8988,0
8989,0
8990,0
8991,0
8992,0
8993,0
8994,0
8995,0
8996,0
8997,0
8998,0
8999,0
9000,0
9001,0
9002,0
9003,0
9004,0
9005,11959
9006,0
9007,0
9008,0
9009,0
9010,0
9011,0
9012,0
9013,0
9014,0
9015,0
9016,0
9017,0
9018,0
9019,0
9020,0
9021,0
9022,0
9023,0
9024,0
9025,0
9026,0
9027,0
9028,0
9029,0
9030,0
9031,0
9032,0
9033,0
9034,0
9035,0
9036,0
9037,0
9038,0
9039,0
9040,0
9041,0
9042,3200
9043,0
9044,0
9045,0
9046,0
9047,0
9048,0
9049,0
9050,0
9051,0
9052,0
9053,0
9054,0
9055,0
9056,0
9057,0
9058,0
9059,0
9060,0
9061,0
9062,0
9063,0
9064,0
9065,0
9066,0
9067,0
9068,0
9069,0
9070,0
9071,0
9072,0
9073,0
9074,0
9075,0
9076,0
9077,0
9078,0
9079,0
9080,0
9081,0
9082,0
9083,0
9084,0
9085,0
9086,0
9087,0
9088,0
9089,0
9090,0
9091,0
9092,0
9093,0
9094,0
9095,0
9096,0
9097,0
9098,0
9099,0
9100,0
9101,0
9102,0
9103,0
9104,0
9105,0
9106,0
9107,0
9108,0
9109,0
9110,0
9111,0
9112,0
9113,0
9114,0
9115,0
9116,0
9117,0
9118,0
9119,0
9120,0
9121,0
9122,0
9123,0
9124,0
9125,0
9126,0
9127,0
9128,0
9129,2288
9130,0
9131,0
9132,0
9133,0
9134,0
9135,0
9136,0
9137,0
9138,0
9139,0
9140,0
9141,0
9142,0
9143,0
9144,0
9145,0
9146,0
9147,0
9148,0
9149,0
9150,0
9151,0
9152,0
9153,0
9154,0
9155,0
9156,0
9157,0
9158,0
9159,0
9160,0
9161,0
9162,0
9163,0
9164,0
9165,0
9166,0
9167,0
9168,0
9169,0
9170,0
9171,0
9172,0
9173,0
9174,0
9175,0
9176,0
9177,0
9178,0
9179,16565
9180,0
9181,0
9182,28849
9183,0
9184,0
9185,0
9186,0
9187,0
9188,0
9189,0
9190,0
9191,0
9192,0
9193,0
9194,7510
9195,0
9196,0
9197,0
9198,0
9199,0
9200,0
9201,0
9202,0
9203,0
9204,0
9205,0
9206,0
9207,0
9208,0
9209,0
9210,0
9211,0
9212,0
9213,0
9214,0
9215,0
9216,0
9217,0
9218,0
9219,3888
9220,0
9221,0
9222,0
9223,0
9224,0
9225,0
9226,0
9227,0
9228,0
9229,0
9230,2600
9231,0
9232,0
9233,0
9234,0
9235,0
9236,0
9237,0
9238,0
9239,0
9240,0
9241,0
9242,0
9243,0
9244,0
9245,0
9246,0
9247,0
9248,0
9249,0
9250,0
9251,0
9252,0
9253,0
9254,0
9255,8697
9256,0
9257,0
9258,0
9259,0
9260,0
9261,0
9262,0
9263,0
9264,0
9265,0
9266,0
9267,0
9268,0
9269,0
9270,0
9271,0
9272,0
9273,8821
9274,0
9275,0
9276,0
9277,0
9278,0
9279,0
9280,0
9281,0
9282,0
9283,0
9284,0
9285,0
9286,0
9287,0
9288,0
9289,0
9290,0
9291,0
9292,0
9293,0
9294,0
9295,0
9296,0
9297,0
9298,0
9299,0
9300,0
9301,0
9302,0
9303,0
9304,0
9305,0
9306,0
9307,0
9308,0
9309,0
9310,0
9311,0
9312,0
9313,0
9314,0
9315,0
9316,0
9317,0
9318,0
9319,0
9320,0
9321,0
9322,0
9323,0
9324,0
9325,0
9326,0
9327,0
9328,0
9329,0
9330,0
9331,0
9332,0
9333,0
9334,0
9335,0
9336,0
9337,0
9338,0
9339,0
9340,0
9341,0
9342,0
9343,14576
9344,0
9345,0
9346,0
9347,0
9348,0
9349,0
9350,0
9351,0
9352,0
9353,1758
9354,0
9355,0
9356,0
9357,0
9358,0
9359,0
9360,0
9361,0
9362,0
9363,0
9364,0
9365,0
9366,0
9367,0
9368,0
9369,0
9370,0
9371,0
9372,0
9373,4614
9374,0
9375,0
9376,0
9377,0
9378,0
9379,0
9380,0
9381,0
9382,0
9383,0
9384,0
9385,0
9386,0
9387,0
9388,0
9389,0
9390,0
9391,0
9392,0
9393,0
9394,0
9395,0
9396,0
9397,0
9398,0
9399,0
9400,0
9401,0
9402,0
9403,0
9404,0
9405,0
9406,0
9407,0
9408,0
9409,0
9410,0
9411,0
9412,0
9413,0
9414,8304
9415,0
9416,0
9417,0
9418,0
9419,0
9420,0
9421,0
9422,0
9423,0
9424,0
9425,0
9426,0
9427,0
9428,0
9429,0
9430,0
9431,0
9432,7515
9433,0
9434,0
9435,0
9436,0
9437,0
9438,0
9439,0
9440,0
9441,0
9442,0
9443,0
9444,2171
9445,0
9446,0
9447,0
9448,0
9449,0
9450,4604
9451,0
9452,0
9453,0
9454,0
9455,0
9456,0
9457,0
9458,0
9459,0
9460,0
9461,0
9462,0
9463,0
9464,0
9465,0
9466,0
9467,0
9468,0
9469,0
9470,0
9471,0
9472,0
9473,0
9474,0
9475,0
9476,0
9477,0
9478,0
9479,0
9480,0
9481,0
9482,19269
9483,0
9484,0
9485,0
9486,0
9487,0
9488,0
9489,0
9490,0
9491,0
9492,0
9493,0
9494,0
9495,0
9496,0
9497,0
9498,5570
9499,0
9500,0
9501,0
9502,0
9503,0
9504,0
9505,0
9506,0
9507,0
9508,0
9509,0
9510,0
9511,0
9512,0
9513,0
9514,0
9515,0
9516,0
9517,0
9518,0
9519,0
9520,0
9521,0
9522,0
9523,0
9524,0
9525,0
9526,0
9527,0
9528,0
9529,0
9530,0
9531,0
9532,0
9533,0
9534,0
9535,0
9536,0
9537,0
9538,0
9539,0
9540,0
9541,0
9542,0
9543,0
9544,0
9545,0
9546,0
9547,0
9548,0
9549,0
9550,0
9551,0
9552,0
9553,0
9554,0
9555,0
9556,0
9557,0
9558,0
9559,0
9560,0
9561,0
9562,0
9563,0
9564,0
9565,0
9566,0
9567,0
9568,0
9569,0
9570,0
9571,0
9572,0
9573,0
9574,0
9575,0
9576,0
9577,0
9578,0
9579,0
9580,0
9581,0
9582,0
9583,0
9584,0
9585,0
9586,0
9587,0
9588,0
9589,0
9590,0
9591,0
9592,0
9593,0
9594,0
9595,0
9596,13149
9597,0
9598,0
9599,0
9600,0
9601,0
9602,7453
9603,0
9604,0
9605,0
9606,0
9607,0
9608,0
9609,0
9610,0
9611,0
9612,0
9613,0
9614,0
9615,0
9616,0
9617,0
9618,0
9619,0
9620,0
9621,0
9622,0
9623,0
9624,0
9625,0
9626,0
9627,0
9628,0
9629,0
9630,0
9631,0
9632,0
9633,0
9634,0
9635,0
9636,0
9637,0
9638,0
9639,0
9640,0
9641,0
9642,0
9643,0
9644,0
9645,0
9646,0
9647,0
9648,0
9649,0
9650,0
9651,0
9652,2867
9653,16142
9654,0
9655,0
9656,0
9657,0
9658,0
9659,0
9660,0
9661,0
9662,0
9663,0
9664,0
9665,0
9666,0
9667,0
9668,0
9669,0
9670,0
9671,0
9672,0
9673,0
9674,0
9675,0
9676,0
9677,0
9678,0
9679,0
9680,0
9681,0
9682,0
9683,0
9684,0
9685,0
9686,0
9687,0
9688,0
9689,12213
9690,0
9691,0
9692,0
9693,0
9694,0
9695,0
9696,0
9697,0
9698,0
9699,0
9700,0
9701,0
9702,0
9703,0
9704,0
9705,0
9706,0
9707,0
9708,0
9709,0
9710,0
9711,0
9712,0
9713,0
9714,0
9715,0
9716,0
9717,0
9718,0
9719,0
9720,0
9721,0
9722,0
9723,0
9724,0
9725,0
9726,0
9727,0
9728,0
9729,0
9730,0
9731,0
9732,0
9733,0
9734,0
9735,0
9736,0
9737,0
9738,0
9739,0
9740,0
9741,0
9742,0
9743,0
9744,0
9745,0
9746,0
9747,0
9748,0
9749,0
9750,0
9751,0
9752,0
9753,0
9754,0
9755,0
9756,0
9757,0
9758,0
9759,0
9760,0
9761,0
9762,0
9763,0
9764,0
9765,0
9766,0
9767,0
9768,0
9769,0
9770,0
9771,0
9772,0
9773,0
9774,0
9775,0
9776,0
9777,0
9778,0
9779,0
9780,0
9781,0
9782,0
9783,2348
9784,0
9785,0
9786,0
9787,2018
9788,0
9789,0
9790,0
9791,0
9792,0
9793,0
9794,0
9795,0
9796,0
9797,0
9798,0
9799,0
9800,0
9801,0
9802,0
9803,0
9804,0
9805,0
9806,0
9807,0
9808,0
9809,0
9810,0
9811,0
9812,0
9813,0
9814,0
9815,0
9816,0
9817,0
9818,0
9819,0
9820,0
9821,0
9822,0
9823,0
9824,0
9825,0
9826,0
9827,0
9828,0
9829,0
9830,0
9831,0
9832,0
9833,0
9834,0
9835,0
9836,0
9837,0
9838,0
9839,0
9840,0
9841,0
9842,0
9843,0
9844,0
9845,0
9846,0
9847,0
9848,0
9849,0
9850,0
9851,2200
9852,0
9853,0
9854,0
9855,0
9856,0
9857,0
9858,0
9859,0
9860,0
9861,0
9862,0
9863,0
9864,0
9865,0
9866,0
9867,0
9868,11301
9869,0
9870,0
9871,0
9872,0
9873,0
9874,0
9875,0
9876,0
9877,0
9878,0
9879,0
9880,0
9881,0
9882,0
9883,0
9884,0
9885,0
9886,0
9887,0
9888,0
9889,0
9890,0
9891,0
9892,0
9893,0
9894,0
9895,0
9896,0
9897,0
9898,0
9899,0
9900,0
9901,0
9902,0
9903,0
9904,0
9905,0
9906,0
9907,0
9908,0
9909,0
9910,0
9911,0
9912,0
9913,0
9914,0
9915,0
9916,0
9917,0
9918,0
9919,0
9920,0
9921,0
9922,0
9923,0
9924,0
9925,0
9926,0
9927,0
9928,0
9929,0
9930,0
9931,0
9932,0
9933,0
9934,0
9935,0
9936,0
9937,0
9938,0
9939,0
9940,0
9941,0
9942,0
9943,0
9944,0
9945,0
9946,0
9947,0
9948,0
9949,0
9950,0
9951,0
9952,0
9953,0
9954,0
9955,0
9956,0
9957,0
9958,0
9959,0
9960,0
9961,0
9962,0
9963,0
9964,0
9965,3965
9966,0
9967,0
9968,0
9969,0
9970,0
9971,0
9972,0
9973,0
9974,0
9975,0
9976,0
9977,0
9978,0
9979,0
9980,0
9981,0
9982,0
9983,0
9984,0
9985,0
9986,0
9987,0
9988,0
9989,0
9990,0
9991,0
9992,0
9993,0
9994,0
9995,0
9996,0
9997,0
9998,0
9999,0
10000,0
10001,4908
10002,0
10003,0
10004,0
10005,0
10006,0
10007,0
10008,0
10009,0
10010,0
10011,0
10012,0
10013,0
10014,0
10015,0
10016,0
10017,13386
10018,0
10019,4622
10020,0
10021,0
10022,0
10023,0
10024,0
10025,0
10026,0
10027,0
10028,0
10029,0
10030,0
10031,0
10032,0
10033,0
10034,0
10035,0
10036,5552
10037,7780
10038,10673
10039,12359
10040,7517
10041,6508
10042,12863
10043,9896
10044,10961
10045,7846
10046,9840
10047,12036
10048,8050
10049,8434
10050,10576
10051,11545
10052,10351
10053,11176
10054,10616
10055,10850
10056,9584
10057,6750
10058,8546
10059,15823
10060,14795
10061,10758
10062,15451
10063,7567
10064,13839
10065,5941
10066,7594
10067,6489
10068,10948
10069,10891
10070,18027
10071,11688
10072,8815
10073,10114
10074,9173
10075,5364
10076,8610
10077,15432
10078,9986
10079,8145
10080,7397
10081,9281
10082,10700
10083,4813
10084,10607
10085,6836
10086,9806
10087,9556
10088,7587
10089,10461
10090,7883
10091,10570
10092,14329
10093,11852
10094,9220
10095,14169
10096,7353
10097,9389
10098,10857
10099,16518
10100,8560
10101,8316
10102,12313
10103,8592
10104,11969
10105,9897
10106,13957
10107,8392
10108,6876
10109,9036
10110,8037
10111,12777
10112,12572
10113,5945
10114,8790
10115,10956
10116,9621
10117,14627
10118,5593
10119,17940
10120,8971
10121,7384
10122,8766
10123,10217
10124,8511
10125,11426
10126,6615
10127,10883
10128,8953
10129,11575
10130,10318
10131,9646
10132,10672
10133,8537
10134,8265
10135,10470
10136,10307
10137,10841
10138,6315
10139,12116
10140,7842
10141,11507
10142,9574
10143,15854
10144,9026
10145,5948
10146,10215
10147,7416
10148,7448
10149,7290
10150,10262
10151,9904
10152,5396
10153,13616
10154,8560
10155,10821
10156,6310
10157,10333
10158,12832
10159,6246
10160,16234
10161,8414
10162,8631
10163,13000
10164,11804
10165,7312
10166,7047
10167,10702
10168,9015
10169,6171
10170,9255
10171,8937
10172,11609
10173,11943
10174,10118
10175,10528
10176,8019
10177,6088
10178,10111
10179,9344
10180,10075
10181,13271
10182,11726
10183,11903
10184,8232
10185,12573
10186,10802
10187,8523
10188,11145
10189,13825
10190,10562
10191,11250
10192,14126
10193,9765
10194,11967
10195,7901
10196,9803
10197,12126
10198,8671
10199,11261
10200,5385
10201,7267
10202,14096
10203,11476
10204,8731
10205,5625
10206,13640
10207,8977
10208,11398
10209,8188
10210,8029
10211,8442
10212,6414
10213,15903
10214,11380
10215,9925
10216,10460
10217,8308
10218,9770
10219,9873
10220,10047
10221,5884
10222,8842
10223,8817
10224,11276
10225,10889
10226,8268
10227,15064
10228,7937
10229,6691
10230,14612
10231,8444
10232,9217
10233,5733
10234,12923
10235,10000
10236,7144
10237,9089
10238,9676
10239,7910
10240,9718
10241,12374
10242,17477
10243,4032
10244,8893
10245,4784
10246,19667
10247,6314
10248,13501
10249,13451
10250,9631
10251,10370
10252,6394
10253,6636
10254,4471
10255,6741
10256,8611
10257,7958
10258,11549
10259,11362
10260,7889
10261,9536
10262,9464
10263,11057
10264,13300
10265,10515
10266,7731
10267,5259
10268,12409
10269,18075
10270,9387
10271,10806
10272,6283
10273,10760
10274,8029
10275,6972
10276,9655
10277,7536
10278,10384
10279,10054
10280,11552
10281,9461
10282,13020
10283,10577
10284,7445
10285,15004
10286,25176
10287,16168
10288,9904
10289,4594
10290,9336
10291,12154
10292,6944
10293,8374
10294,13925
10295,7549
10296,21976
10297,21780
10298,5704
10299,9890
10300,8779
10301,5717
10302,10749
10303,7291
10304,15129
10305,12591
10306,14472
10307,10514
10308,12480
10309,4922
10310,9276
10311,5217
10312,8812
10313,9970
10314,17353
10315,8106
10316,7871
10317,6493
10318,10092
10319,8592
10320,7161
10321,6614
10322,10526
10323,8608
10324,8792
10325,11234
10326,12000
10327,8955
10328,9417
10329,8864
10330,7958
10331,10289
10332,10787
10333,11371
10334,9816
10335,10215
10336,7157
10337,5574
10338,9073
10339,9333
10340,9192
10341,6238
10342,4340
10343,12967
10344,11387
10345,13042
10346,9503
10347,8519
10348,11028
10349,8177
10350,5922
10351,15188
10352,7606
10353,10433
10354,9641
10355,19160
10356,8003
10357,9129
10358,10606
10359,9181
10360,8766
10361,7882
10362,11639
10363,6285
10364,10528
10365,5718
10366,8180
10367,5732
10368,13273
10369,7195
10370,22963
10371,18636
10372,6838
10373,9967
10374,7012
10375,10027
10376,8047
10377,14823
10378,12191
10379,14311
10380,6443
10381,10432
10382,6653
10383,11310
10384,10572
10385,10622
10386,10202
10387,8468
10388,7609
10389,12299
10390,11992
10391,8263
10392,11350
10393,15309
10394,8453
10395,10159
10396,8890
10397,13076
10398,9858
10399,6711
10400,7838
10401,9942
10402,8792
10403,17743
10404,8430
10405,11248
10406,10613
10407,14196
10408,6377
10409,10348
10410,15256
10411,12235
10412,11206
10413,9561
10414,6161
10415,19055
10416,13699
10417,12138
10418,20567
10419,14685
10420,11248
10421,10527
10422,13810
10423,15519
10424,14762
10425,16612
10426,9074
10427,12334
10428,8632
10429,12178
10430,5436
10431,15488
10432,10025
10433,8528
10434,8826
10435,14883
10436,12762
10437,8289
10438,10438
10439,7529
10440,8674
10441,10537
10442,6077
10443,7343
10444,8913
10445,10577
10446,14502
10447,11790
10448,9759
10449,9568
10450,7874
10451,15497
10452,10921
10453,9076
10454,7798
10455,7159
10456,11450
10457,5667
10458,12641
10459,11077
10460,4943
10461,7478
10462,12219
10463,8253
10464,7609
10465,11414
10466,12989
10467,15224
10468,8054
10469,13118
10470,4565
10471,7962
10472,9900
10473,10296
10474,10990
10475,8144
10476,9331
10477,7176
10478,8105
10479,13324
10480,10112
10481,7682
10482,7048
10483,12534
10484,15150
10485,10939
10486,8158
10487,7339
10488,11596
10489,9096
10490,9279
10491,8648
10492,8248
10493,9947
10494,14009
10495,6212
10496,6443
10497,6830
10498,9432
10499,12182
10500,12348
10501,12261
10502,17379
10503,7007
10504,15317
10505,16541
10506,9598
10507,6876
10508,5151
10509,11344
10510,8961
10511,9719
10512,9064
10513,10286
10514,15848
10515,7526
10516,9644
10517,10224
10518,8024
10519,9363
10520,7502
10521,7473
10522,10447
10523,5188
10524,12926
10525,10101
10526,10618
10527,10874
10528,13896
10529,10697
10530,9180
10531,11560
10532,11803
10533,8640
10534,8120
10535,7597
10536,6652
10537,14771
10538,11074
10539,8961
10540,7925
10541,11515
10542,12970
10543,11766
10544,9804
10545,11711
10546,6685
10547,7279
10548,22522
10549,10195
10550,11623
10551,9724
10552,9255
10553,10185
10554,7950
10555,5620
10556,6975
10557,11849
10558,17073
10559,11332
10560,12560
10561,16127
10562,14268
10563,16665
10564,11213
10565,6884
10566,6617
10567,13516
10568,15712
10569,12365
10570,12212
10571,12356
10572,9307
10573,5954
10574,13800
10575,11531
10576,10336
10577,8861
10578,4978
10579,21456
10580,17090
10581,18463
10582,7993
10583,8311
10584,6436
10585,8124
10586,8681
10587,14612
10588,9433
10589,6925
10590,6745
10591,10984
10592,6149
10593,4146
10594,10108
10595,18366
10596,10046
10597,21423
10598,6455
10599,8607
10600,10446
10601,8301
10602,8138
10603,7235
10604,6087
10605,6170
10606,11340
10607,10719
10608,5808
10609,13106
10610,11178
10611,9897
10612,6398
10613,12405
10614,11454
10615,12316
10616,8221
10617,9996
10618,6535
10619,7216
10620,6414
10621,19995
10622,14762
10623,8678
10624,8931
10625,7448
10626,7829
10627,6171
10628,12064
10629,6276
10630,21541
10631,6160
10632,7093
10633,7550
10634,12479
10635,10666
10636,7147
10637,9395
10638,11034
10639,10045
10640,11099
10641,8100
10642,7144
10643,15995
10644,6599
10645,6897
10646,7519
10647,9887
10648,9068
10649,8330
10650,12867
10651,11668
10652,10655
10653,10088
10654,7062
10655,10828
10656,8224
10657,6087
10658,10314
10659,10351
10660,10741
10661,14188
10662,9654
10663,9005
10664,8976
10665,8977
10666,7870
10667,9521
10668,8853
10669,11426
10670,10162
10671,11786
10672,12200
10673,7959
10674,6665
10675,16893
10676,8358
10677,4551
10678,10472
10679,11518
10680,14541
10681,6715
10682,8779
10683,9325
10684,6222
10685,8101
10686,10050
10687,11558
10688,8852
10689,11300
10690,14763
10691,4624
10692,9902
10693,8935
10694,8071
10695,8301
10696,9316
10697,13524
10698,7367
10699,8346
10700,11794
10701,10971
10702,13186
10703,12352
10704,6665
10705,9720
10706,9848
10707,10734
10708,11589
10709,12680
10710,6035
10711,10019
10712,10299
10713,12123
10714,14225
10715,5988
10716,5283
10717,16549
10718,12577
10719,14011
10720,10195
10721,10460
10722,12399
10723,5839
10724,9698
10725,7668
10726,11974
10727,10760
10728,13213
10729,10556
10730,10745
10731,11703
10732,16379
10733,19871
10734,10188
10735,7430
10736,9962
10737,6186
10738,4914
10739,15698
10740,12895
10741,7675
10742,12763
10743,7858
10744,14133
10745,7720
10746,9422
10747,8647
10748,13847
10749,7547
10750,9841
10751,7892
10752,9551
10753,10038
10754,6756
10755,10105
10756,9254
10757,12312
10758,11830
10759,9733
10760,7422
10761,17460
10762,6641
10763,7107
10764,16162
10765,9708
10766,14065
10767,9500
10768,16930
10769,8370
10770,9889
10771,7267
10772,9915
10773,11790
10774,17104
10775,10547
10776,11462
10777,12212
10778,7100
10779,9690
10780,12984
10781,10364
10782,11396
10783,9404
10784,7686
10785,7875
10786,5951
10787,9102
10788,12488
10789,10520
10790,15434
10791,20947
10792,10262
10793,6867
10794,12056
10795,9029
10796,12836
10797,6544
10798,8539
10799,5211
10800,12258
10801,9486
10802,8919
10803,19380
10804,13494
10805,7915
10806,9691
10807,5370
10808,6611
10809,7444
10810,11813
10811,8104
10812,6489
10813,7707
10814,11710
10815,10187
10816,7650
10817,8474
10818,10088
10819,10484
10820,12178
10821,5826
10822,14877
10823,23670
10824,4397
10825,10004
10826,13411
10827,11864
10828,9229
10829,4093
10830,7312
10831,11933
10832,7067
10833,12110
10834,13228
10835,6867
10836,8204
10837,10060
10838,8803
10839,6551
10840,8407
10841,11255
10842,12703
10843,10777
10844,14709
10845,7852
10846,5223
10847,9991
10848,7748
10849,13225
10850,8480
10851,6679
10852,26273
10853,10929
10854,7887
10855,15257
10856,10127
10857,10813
10858,9045
10859,10421
10860,6956
10861,12619
10862,16003
10863,8334
10864,7690
10865,10490
10866,17881
10867,9575
10868,7882
10869,9045
10870,8515
10871,10105
10872,5899
10873,12663
10874,6174
10875,9156
10876,4216
10877,23464
10878,11371
10879,6894
10880,6495
10881,14771
10882,8944
10883,10166
10884,11208
10885,10443
10886,6703
10887,6737
10888,12979
10889,8621
10890,9741
10891,9453
10892,10073
10893,7146
10894,10240
10895,8266
10896,5131
10897,11082
10898,11350
10899,6190
10900,10321
10901,11140
10902,6898
10903,13693
10904,10537
10905,8844
10906,8830
10907,10449
10908,5173
10909,6942
10910,7763
10911,15482
10912,8316
10913,12443
10914,6299
10915,10698
10916,6931
10917,7986
10918,6802
10919,9393
10920,8112
10921,9816
10922,10918
10923,11505
10924,6257
10925,10262
10926,9993
10927,11758
10928,8408
10929,13226
10930,13094
10931,8391
10932,4282
10933,11160
10934,9393
10935,8951
10936,10280
10937,4775
10938,14481
10939,7995
10940,9592
10941,14388
10942,8204
10943,7466
10944,15887
10945,10065
10946,14010
10947,7015
10948,12156
10949,12737
10950,8334
10951,7230
10952,9401
10953,7947
10954,8246
10955,7924
10956,13203
10957,9835
10958,6602
10959,7413
10960,8243
10961,12071
10962,9852
10963,13967
10964,7947
10965,9402
10966,5632
10967,10376
10968,10854
10969,10556
10970,8281
10971,8737
10972,11604
10973,12999
10974,8688
10975,11226
10976,8253
10977,10050
10978,9569
10979,8969
10980,5705
10981,6251
10982,9749
10983,8859
10984,8912
10985,8587
10986,12413
10987,7505
10988,8326
10989,10580
10990,7751
10991,5001
10992,13579
10993,5154
10994,10577
10995,10876
10996,8861
10997,11028
10998,18406
10999,12799
11000,11441
11001,6544
11002,11571
11003,10474
11004,5438
11005,4981
11006,12243
11007,5900
11008,11205
11009,15692
11010,10936
11011,10957
11012,8725
11013,11204
11014,11408
11015,10177
11016,10887
11017,13368
11018,12901
11019,10358
11020,11672
11021,7292
11022,10093
11023,6239
11024,7906
11025,9057
11026,7694
11027,7607
11028,12070
11029,9651
11030,13344
11031,12893
11032,8085
11033,6228
11034,15229
11035,9520
11036,10236
11037,9422
11038,11890
11039,8607
11040,8536
11041,10209
11042,10222
11043,8228
11044,6361
11045,13194
11046,10575
11047,7928
11048,6268
11049,17685
11050,9021
11051,9763
11052,9081
11053,14891
11054,13958
11055,10900
11056,11357
11057,11893
11058,8915
11059,7795
11060,9565
11061,14324
11062,19945
11063,9318
11064,8119
11065,5611
11066,8041
11067,14161
11068,19853
11069,10574
11070,7650
11071,7721
11072,8679
11073,7964
11074,10603
11075,13850
11076,7594
11077,6158
11078,10277
11079,8747
11080,11003
11081,13899
11082,7926
11083,11898
11084,5218
11085,10064
11086,11806
11087,11336
11088,13408
11089,9904
11090,10342
11091,7149
11092,8504
11093,10520
11094,11543
11095,11113
11096,11373
11097,9868
11098,7119
11099,12822
11100,5869
11101,13946
11102,8669
11103,6879
11104,10465
11105,9945
11106,8408
11107,11145
11108,12832
11109,8737
11110,14224
11111,6510
11112,7088
11113,12175
11114,12648
11115,14139
11116,9083
11117,8967
11118,7739
11119,8442
11120,10357
11121,10145
11122,9208
11123,8536
11124,13997
11125,10708
11126,12739
11127,15091
11128,10478
11129,6438
11130,7648
11131,9008
11132,12022
11133,8000
11134,11340
11135,8388
11136,15292
11137,8977
11138,8707
11139,7473
11140,9337
11141,7590
11142,10853
11143,10365
11144,7750
11145,8261
11146,8030
11147,15121
11148,8483
11149,24270
11150,10136
11151,5427
11152,7688
11153,10971
11154,11904
11155,6712
11156,6270
11157,12652
11158,9051
11159,9077
11160,7219
11161,10375
11162,12043
11163,7598
11164,7878
11165,10421
11166,11028
11167,10866
11168,10720
11169,9607
11170,11748
11171,9394
11172,6363
11173,7323
11174,14279
11175,14219
11176,9137
11177,15266
11178,6759
11179,10891
11180,5768
11181,7200
11182,6218
11183,9901
11184,10675
11185,16664
11186,11889
11187,8013
11188,8130
11189,7695
11190,5447
11191,7761
11192,14656
11193,9427
11194,7500
11195,6558
11196,8529
11197,11470
11198,4398
11199,9732
11200,5775
11201,8884
11202,8949
11203,6936
11204,10258
11205,7233
11206,10390
11207,13332
11208,10836
11209,8909
11210,12980
11211,6857
11212,8669
11213,10344
11214,15721
11215,8440
11216,8021
11217,11539
11218,8882
11219,12605
11220,8695
11221,12560
11222,7424
11223,6750
11224,7915
11225,7341
11226,11475
11227,11626
11228,5483
11229,7915
11230,9933
11231,9120
11232,13552
11233,4880
11234,16241
11235,8724
11236,6604
11237,8277
11238,9319
11239,8413
11240,10415
11241,6587
11242,9755
11243,8868
11244,10166
11245,10250
11246,9556
11247,9522
11248,7763
11249,7560
11250,9462
11251,10472
11252,9676
11253,5719
11254,11784
11255,6598
11256,11189
11257,9148
11258,14364
11259,8814
11260,5601
11261,9741
11262,6870
11263,7021
11264,6800
11265,10389
11266,9171
11267,4628
11268,11172
11269,8121
11270,10484
11271,5992
11272,9328
11273,11911
11274,6147
11275,16053
11276,7897
11277,7890
11278,12589
11279,11986
11280,7103
11281,6232
11282,10352
11283,8891
11284,5896
11285,8633
11286,8375
11287,11826
11288,11162
11289,10092
11290,10936
11291,7737
11292,5243
11293,9038
11294,8494
11295,10655
11296,12237
11297,10281
11298,11659
11299,8193
11300,11318
11301,9779
11302,7634
11303,10717
11304,12118
11305,10032
11306,10789
11307,13062
11308,10406
11309,10404
11310,7449
11311,9118
11312,11800
11313,8407
11314,10906
11315,5279
11316,6940
11317,14327
11318,10637
11319,8328
11320,5046
11321,11213
11322,9099
11323,10941
11324,7818
11325,7909
11326,6873
11327,5905
11328,13869
11329,9728
11330,9351
11331,10083
11332,7462
11333,8849
11334,8289
11335,8818
11336,5441
11337,9087
11338,7849
11339,11171
11340,11403
11341,8358
11342,15586
11343,7272
11344,6313
11345,13014
11346,7675
11347,8874
11348,5878
11349,11496
11350,9558
11351,6129
11352,8213
11353,9263
11354,7544
11355,8846
11356,12096
11357,15593
11358,3813
11359,8550
11360,4562
11361,18351
11362,5970
11363,13139
11364,12690
11365,9645
11366,9829
11367,6188
11368,6708
11369,3883
11370,6265
11371,7935
11372,7339
11373,10646
11374,10766
11375,7023
11376,9451
11377,8439
11378,11006
11379,13289
11380,10286
11381,6977
11382,4617
11383,12443
11384,15397
11385,8879
11386,10565
11387,5823
11388,10375
11389,6745
11390,6437
11391,8495
11392,6055
11393,10827
11394,8559
11395,11433
11396,9179
11397,12122
11398,10709
11399,6853
11400,13861
11401,22636
11402,15221
11403,8457
11404,4331
11405,8557
11406,11262
11407,6635
11408,7811
11409,14309
11410,7128
11411,18750
11412,21781
11413,5112
11414,9244
11415,7838
11416,5566
11417,10262
11418,6773
11419,13080
11420,12264
11421,15158
11422,10250
11423,10511
11424,4689
11425,8905
11426,5057
11427,8642
11428,9541
11429,15014
11430,7349
11431,7132
11432,5977
11433,10180
11434,8481
11435,6639
11436,5816
11437,10641
11438,7637
11439,7663
11440,10061
11441,10960
11442,8407
11443,8873
11444,8910
11445,7966
11446,10709
11447,9789
11448,10114
11449,8731
11450,10971
11451,6825
11452,5023
11453,8790
11454,9355
11455,7857
11456,6106
11457,4171
11458,12715
11459,10683
11460,12431
11461,9410
11462,7545
11463,9740
11464,6999
11465,5495
11466,13238
11467,7079
11468,9515
11469,9670
11470,19479
11471,7637
11472,9157
11473,10355
11474,10061
11475,8302
11476,6714
11477,10819
11478,5509
11479,9599
11480,5112
11481,7888
11482,5250
11483,13335
11484,6482
11485,24323
11486,19036
11487,6471
11488,9795
11489,7204
11490,9135
11491,7195
11492,14903
11493,12074
11494,14533
11495,6284
11496,9841
11497,5960
11498,11669
11499,10413
11500,10023
11501,9094
11502,7808
11503,7758
11504,10796
11505,11589
11506,7923
11507,10591
11508,12903
11509,7708
11510,9473
11511,8654
11512,12678
11513,9511
11514,6779
11515,7559
11516,9227
11517,7447
11518,16041
11519,7608
11520,10522
11521,9680
11522,13385
11523,5850
11524,10009
11525,16712
11526,11491
11527,12698
11528,8596
11529,5524
11530,18202
11531,13293
11532,10523
11533,21073
11534,15580
11535,10003
11536,9793
11537,13110
11538,13193
11539,14505
11540,15508
11541,7971
11542,10014
11543,7314
11544,11396
11545,4923
11546,14766
11547,9330
11548,8127
11549,8514
11550,14887
11551,12274
11552,7859
11553,9362
11554,7239
11555,7025
11556,9901
11557,5445
11558,6781
11559,9146
11560,9466
11561,12402
11562,12005
11563,9394
11564,8738
11565,7128
11566,14244
11567,10618
11568,8141
11569,7407
11570,6471
11571,11217
11572,5234
11573,12545
11574,10373
11575,4091
11576,6752
11577,11432
11578,7438
11579,6836
11580,10622
11581,12130
11582,14889
11583,7905
11584,12944
11585,3877
11586,7345
11587,9621
11588,9117
11589,10016
11590,7982
11591,8350
11592,6556
11593,7075
11594,12975
11595,9502
11596,6782
11597,6465
11598,10911
11599,15679
11600,10790
11601,7678
11602,7099
11603,10972
11604,8525
11605,9004
11606,7932
11607,7202
11608,8982
11609,15144
11610,5571
11611,6165
11612,6895
11613,8190
11614,11509
11615,10752
11616,10720
11617,16532
11618,6331
11619,15363
11620,15710
11621,9419
11622,6532
11623,4422
11624,10952
11625,7788
11626,8579
11627,8527
11628,9554
11629,17235
11630,6827
11631,8268
11632,9600
11633,9113
11634,8747
11635,6890
11636,6085
11637,10267
11638,4534
11639,13595
11640,10485
11641,9754
11642,11834
11643,12972
11644,10844
11645,8059
11646,10197
11647,11804
11648,8682
11649,7597
11650,7340
11651,6249
11652,15106
11653,10203
11654,8295
11655,7570
11656,10268
11657,12116
11658,10847
11659,9835
11660,10719
11661,6392
11662,7293
11663,21980
11664,9724
11665,11428
11666,8907
11667,8531
11668,9166
11669,7227
11670,5193
11671,6512
11672,11446
11673,16724
11674,10905
11675,11164
11676,16130
11677,13507
11678,15837
11679,10386
11680,6116
11681,6341
11682,12711
11683,14267
11684,11673
11685,10761
11686,12290
11687,9157
11688,5390
11689,13913
11690,9942
11691,8808
11692,9033
11693,4757
11694,21992
11695,15961
11696,18103
11697,7372
11698,7694
11699,6051
11700,7450
11701,9180
11702,13461
11703,9047
11704,6325
11705,6277
11706,10611
11707,5101
11708,4034
11709,10144
11710,17770
11711,8814
11712,21016
11713,5878
11714,7732
11715,8847
11716,8208
11717,7722
11718,6618
11719,5703
11720,5467
11721,10967
11722,9764
11723,5731
11724,11745
11725,10395
11726,9317
11727,5978
11728,11426
11729,10484
11730,12373
11731,7738
11732,9669
11733,5620
11734,6586
11735,6291
11736,18467
11737,14289
11738,8015
11739,7993
11740,6505
11741,7316
11742,5490
11743,11741
11744,5944
11745,20110
11746,5889
11747,7138
11748,7524
11749,11404
11750,9945
11751,6647
11752,9230
11753,12107
11754,9086
11755,11100
11756,7772
11757,6572
11758,17249
11759,6323
11760,5525
11761,7199
11762,9055
11763,9052
11764,8310
11765,12697
11766,11218
11767,10253
11768,9255
11769,6670
11770,10828
11771,7552
11772,5452
11773,9807
11774,8688
11775,10065
11776,12036
11777,8427
11778,8620
11779,8088
11780,8999
11781,7916
11782,9035
11783,8806
11784,9775
11785,9556
11786,10854
11787,12163
11788,7620
11789,5870
11790,15125
11791,7664
11792,4575
11793,11710
11794,11942
11795,15576
11796,6609
11797,7904
11798,8471
11799,5364
11800,8065
11801,9003
11802,9761
11803,8457
11804,10449
11805,12644
11806,4867
11807,9040
11808,8084
11809,7885
11810,7558
11811,8678
11812,12348
11813,6930
11814,7344
11815,12382
11816,9991
11817,11212
11818,12105
11819,6133
11820,9847
11821,10190
11822,10793
11823,11311
11824,11557
11825,5173
11826,10406
11827,9738
11828,11402
11829,12871
11830,5975
11831,5185
11832,16653
11833,12165
11834,12986
11835,9162
11836,9462
11837,11085
11838,5740
11839,8890
11840,7069
11841,11132
11842,9409
11843,12419
11844,11035
11845,9136
11846,11467
11847,15505
11848,20118
11849,11123
11850,6937
11851,9640
11852,5903
11853,4263
11854,14637
11855,11808
11856,6924
11857,11526
11858,6952
11859,14095
11860,6609
11861,9020
11862,8494
11863,13000
11864,6823
11865,8811
11866,7627
11867,8676
11868,9905
11869,6404
11870,9794
11871,9231
11872,11860
11873,11162
11874,8811
11875,6970
11876,16525
11877,6547
11878,6687
11879,14427
11880,9439
11881,13237
11882,8235
11883,16674
11884,7561
11885,8050
11886,7190
11887,9056
11888,10940
11889,16079
11890,9707
11891,10882
11892,10181
11893,5982
11894,9965
11895,12133
11896,9204
11897,10966
11898,8357
11899,6994
11900,7276
11901,4967
11902,7470
11903,11329
11904,10528
11905,13924
11906,22065
11907,9350
11908,6304
11909,10963
11910,8877
11911,12313
11912,5457
11913,7624
11914,5160
11915,12713
11916,8154
11917,7943
11918,17398
11919,13999
11920,6403
11921,8797
11922,4841
11923,6428
11924,7019
11925,11207
11926,7095
11927,5578
11928,8109
11929,11220
11930,10556
11931,7328
11932,7953
11933,8978
11934,10086
11935,10445
11936,5704
11937,13883
11938,22383
11939,4406
11940,9023
11941,11120
11942,10850
11943,7055
11944,3903
11945,6611
11946,10648
11947,6703
11948,11216
11949,11635
11950,6234
11951,6883
11952,9537
11953,8130
11954,6288
11955,7349
11956,10883
11957,11954
11958,11446
11959,13243
11960,7202
11961,4915
11962,8993
11963,7279
11964,11574
11965,8449
11966,6265
11967,25917
11968,9964
11969,7540
11970,15407
11971,9652
11972,9853
11973,8421
11974,9998
11975,6800
11976,11502
11977,15233
11978,7628
11979,7673
11980,10178
11981,18291
11982,9490
11983,7485
11984,8248
11985,7070
11986,8926
11987,5325
11988,11712
11989,5674
11990,9008
11991,3814
11992,22151
11993,11180
11994,5733
11995,5973
11996,15071
11997,8796
11998,10350
11999,10369
12000,9325
12001,5941
12002,6790
12003,12539
12004,8442
12005,9506
12006,9186
12007,10064
12008,6721
12009,9482
12010,8411
12011,5022
12012,11850
12013,11392
12014,6061
12015,9551
12016,10614
12017,5942
12018,12970
12019,10384
12020,8821
12021,7618
12022,9609
12023,4852
12024,5976
12025,7172
12026,16371
12027,8154
12028,11655
12029,5456
12030,10380
12031,5774
12032,7219
12033,5989
12034,8135
12035,7250
12036,9179
12037,10311
12038,11072
12039,5676
12040,8939
12041,9132
12042,10745
12043,8667
12044,11170
12045,12391
12046,8168
12047,4201
12048,10829
12049,9218
12050,8909
12051,9479
12052,4731
12053,13064
12054,7149
12055,8460
12056,14434
12057,8279
12058,6513
12059,16235
12060,9203
12061,12507
12062,6923
12063,12605
12064,13710
12065,7728
12066,6560
12067,8334
12068,7252
12069,8354
12070,8147
12071,13009
12072,8633
12073,6602
12074,6693
12075,9471
12076,11461
12077,8221
12078,12152
12079,7710
12080,8258
12081,5685
12082,10824
12083,10392
12084,9825
12085,7643
12086,7835
12087,11947
12088,11875
12089,7257
12090,10754
12091,8286
12092,9696
12093,8688
12094,9008
12095,5467
12096,6060
12097,9972
12098,8876
12099,7865
12100,7809
12101,12067
12102,7133
12103,8376
12104,9425
12105,6310
12106,4426
12107,12202
12108,4913
12109,10420
12110,10618
12111,8150
12112,10090
12113,17464
12114,12398
12115,11096
12116,5928
12117,10971
12118,10267
12119,5331
12120,4945
12121,11847
12122,4938
12123,10799
12124,16027
12125,10483
12126,9430
12127,7443
12128,10326
12129,10669
12130,8707
12131,9793
12132,11322
12133,11236
12134,9881
12135,11436
12136,6846
12137,9590
12138,5890
12139,7865
12140,7981
12141,6596
12142,6744
12143,11872
12144,7555
12145,12536
12146,12492
12147,7104
12148,6041
12149,14118
12150,9980
12151,9823
12152,8599
12153,10872
12154,7346
12155,7734
12156,10225
12157,9358
12158,7610
12159,6329
12160,12836
12161,9870
12162,7230
12163,5027
12164,15558
12165,8331
12166,8386
12167,9137
12168,14473
12169,12455
12170,10458
12171,10874
12172,9750
12173,8023
12174,7530
12175,9493
12176,13419
12177,18839
12178,7818
12179,8183
12180,5416
12181,6835
12182,15135
12183,19858
12184,10163
12185,7288
12186,6733
12187,7592
12188,7057
12189,10610
12190,12468
12191,7968
12192,5494
12193,10627
12194,8927
12195,10706
12196,12275
12197,7006
12198,11737
12199,5205
12200,9238
12201,12794
12202,10432
12203,12622
12204,9710
12205,10155
12206,5935
12207,7651
12208,10347
12209,11287
12210,10370
12211,10086
12212,9495
12213,6067
12214,12220
12215,5589
12216,13087
12217,7721
12218,6246
12219,10648
12220,9474
12221,8410
12222,11074
12223,12948
12224,7619
12225,13366
12226,5314
12227,6004
12228,12410
12229,13081
12230,13682
12231,9081
12232,9082
12233,7569
12234,8667
12235,9906
12236,9454
12237,8312
12238,7744
12239,12957
12240,10910
12241,11362
12242,15118
12243,10320
12244,6036
12245,7489
12246,7726
12247,12498
12248,7362
12249,10457
12250,7773
12251,13764
12252,8981
12253,8173
12254,7060
12255,7304
12256,7402
12257,10392
12258,9298
12259,7341
12260,7312
12261,6920
12262,12939
12263,8085
12264,23738
12265,9217
12266,5017
12267,6314
12268,7702
12269,10719
12270,6195
12271,5945
12272,10720
12273,7846
12274,8054
12275,6288
12276,8613
12277,8947
12278,6028
12279,5547
12280,7448
12281,9959
12282,7221
12283,8087
12284,8087
12285,9420
12286,5970
12287,5137
12288,6638
12289,10949
12290,12532
12291,8216
12292,10504
12293,5584
12294,9468
12295,4467
12296,6768
12297,5312
12298,8805
12299,9464
12300,11906
12301,10337
12302,7606
12303,7273
12304,5717
12305,4353
12306,6255
12307,11747
12308,6882
12309,6805
12310,6124
12311,5938
12312,9249
12313,4124
12314,9037
12315,5147
12316,7076
12317,7124
12318,6255
12319,9130
12320,6280
12321,8978
12322,10727
12323,7580
12324,6130
12325,11615
12326,5636
12327,7242
12328,8677
12329,12150
12330,5605
12331,6386
12332,10341
12333,8758
12334,9568
12335,7704
12336,10766
12337,5166
12338,5550
12339,6976
12340,6733
12341,10509
12342,8772
12343,4553
12344,6658
12345,8990
12346,7405
12347,10061
12348,4362
12349,15855
12350,8132
12351,4794
12352,7387
12353,8063
12354,6670
12355,9631
12356,5000
12357,7652
12358,6331
12359,8852
12360,8606
12361,6441
12362,8475
12363,5777
12364,6715
12365,9125
12366,9131
12367,7943
12368,5167
12369,10953
12370,5940
12371,10569
12372,8072
12373,12925
12374,7643
12375,5314
12376,7190
12377,6431
12378,6807
12379,6207
12380,8233
12381,8574
12382,4025
12383,9966
12384,7460
12385,7617
12386,5321
12387,9294
12388,10803
12389,4987
12390,14034
12391,6587
12392,5865
12393,8957
12394,9777
12395,5482
12396,5135
12397,7556
12398,7743
12399,5356
12400,6651
12401,6662
12402,8985
12403,9524
12404,7344
12405,8490
12406,6523
12407,4802
12408,7828
12409,8426
12410,9179
12411,9437
12412,9490
12413,10246
12414,6209
12415,10329
12416,8642
12417,6563
12418,8547
12419,10592
12420,7450
12421,8463
12422,11305
12423,9496
12424,8988
12425,6525
12426,7966
12427,8321
12428,7775
12429,7541
12430,4358
12431,5676
12432,12694
12433,9747
12434,7086
12435,4147
12436,9759
12437,7578
12438,9782
12439,6537
12440,6984
12441,5841
12442,4886
12443,12629
12444,8185
12445,8589
12446,7105
12447,6410
12448,7567
12449,7804
12450,8225
12451,4398
12452,7093
12453,6427
12454,10475
12455,8727
12456,6943
12457,12086
12458,7237
12459,5622
12460,12038
12461,5600
12462,8726
12463,3321
12464,10251
12465,8467
12466,5746
12467,7438
12468,9453
12469,6071
12470,7993
12471,8067
12472,14010
12473,3356
12474,7057
12475,3838
12476,16073
12477,6183
12478,9923
12479,10127
12480,7750
12481,7755
12482,5600
12483,5871
12484,3305
12485,5300
12486,7090
12487,6164
12488,8082
12489,8011
12490,6024
12491,8237
12492,7531
12493,9279
12494,10030
12495,9344
12496,5896
12497,4052
12498,11209
12499,13815
12500,6139
12501,9181
12502,5240
12503,8312
12504,6126
12505,5901
12506,7543
12507,4314
12508,8600
12509,6019
12510,10453
12511,8511
12512,10104
12513,8517
12514,6059
12515,10958
12516,20574
12517,11907
12518,6409
12519,3613
12520,7213
12521,9501
12522,6034
12523,6085
12524,13628
12525,6819
12526,13835
12527,20748
12528,4128
12529,8356
12530,6052
12531,4858
12532,9339
12533,6454
12534,11116
12535,11121
12536,9815
12537,7185
12538,9030
12539,3936
12540,7686
12541,4467
12542,7225
12543,8777
12544,10989
12545,6996
12546,6669
12547,5426
12548,8069
12549,6227
12550,6073
12551,4994
12552,8614
12553,6457
12554,7080
12555,8354
12556,9654
12557,7239
12558,7634
12559,7250
12560,6980
12561,8336
12562,8718
12563,9657
12564,8378
12565,7858
12566,6500
12567,4376
12568,7482
12569,8389
12570,6927
12571,4982
12572,3170
12573,9508
12574,8432
12575,11269
12576,8507
12577,6472
12578,8127
12579,5686
12580,5049
12581,11518
12582,5578
12583,8827
12584,8798
12585,16954
12586,6859
12587,5615
12588,8767
12589,6067
12590,6707
12591,5882
12592,9475
12593,4882
12594,8194
12595,4516
12596,6710
12597,4570
12598,11938
12599,5973
12600,17863
12601,16449
12602,5394
12603,7227
12604,6227
12605,8117
12606,6193
12607,12184
12608,8874
12609,10088
12610,4736
12611,8686
12612,5526
12613,9882
12614,9599
12615,7227
12616,7022
12617,7370
12618,7052
12619,9790
12620,10654
12621,6930
12622,9627
12623,11901
12624,7533
12625,8507
12626,7458
12627,11134
12628,8591
12629,5822
12630,6328
12631,7551
12632,6616
12633,13172
12634,7049
12635,7925
12636,8246
12637,10302
12638,4842
12639,8808
12640,10716
12641,10324
12642,9591
12643,7342
12644,4774
12645,17006
12646,11029
12647,9537
12648,19079
12649,10013
12650,9034
12651,7880
12652,11175
12653,12010
12654,13169
12655,14235
12656,6028
12657,8525
12658,6493
12659,10028
12660,4197
12661,12507
12662,7059
12663,6037
12664,6603
12665,10361
12666,8915
12667,5923
12668,8244
12669,6438
12670,4922
12671,7886
12672,4594
12673,5728
12674,6459
12675,8540
12676,11270
12677,9411
12678,8650
12679,6664
12680,6448
12681,13175
12682,7786
12683,5771
12684,6479
12685,5288
12686,10119
12687,5064
12688,11834
12689,7943
12690,3455
12691,5669
12692,8199
12693,7040
12694,5613
12695,9869
12696,10877
12697,13947
12698,6921
12699,10879
12700,3437
12701,6449
12702,7207
12703,6354
12704,8730
12705,6511
12706,7650
12707,5317
12708,6223
12709,12103
12710,8637
12711,5314
12712,5871
12713,9961
12714,11772
12715,9862
12716,5746
12717,5551
12718,11457
12719,7930
12720,9113
12721,6883
12722,5561
12723,8353
12724,11483
12725,4497
12726,5224
12727,5690
12728,7011
12729,10688
12730,9905
12731,9317
12732,14704
12733,6140
12734,12998
12735,14362
12736,7927
12737,5985
12738,3546
12739,9565
12740,7058
12741,7469
12742,6394
12743,8483
12744,13241
12745,6299
12746,6707
12747,8649
12748,5566
12749,8161
12750,5392
12751,4744
12752,7917
12753,4197
12754,8869
12755,8709
12756,8503
12757,8881
12758,9267
12759,9724
12760,6043
12761,9486
12762,10607
12763,7249
12764,6711
12765,5922
12766,6626
12767,11211
12768,7455
12769,7260
12770,6222
12771,8627
12772,9070
12773,7626
12774,6790
12775,9888
12776,5798
12777,6776
12778,19893
12779,7104
12780,9925
12781,6909
12782,7322
12783,6539
12784,5444
12785,4676
12786,5860
12787,9186
12788,15123
12789,9680
12790,10343
12791,13089
12792,12476
12793,11648
12794,9404
12795,5987
12796,5646
12797,11924
12798,12501
12799,8413
12800,9361
12801,9182
12802,6787
12803,4625
12804,11835
12805,7420
12806,7795
12807,6612
12808,3591
12809,14306
12810,13377
12811,15757
12812,6528
12813,6145
12814,5469
12815,7109
12816,7662
12817,9570
12818,6984
12819,5837
12820,5688
12821,8712
12822,4783
12823,3665
12824,7562
12825,15945
12826,7854
12827,19736
12828,4814
12829,6159
12830,8167
12831,5988
12832,5915
12833,5194
12834,5247
12835,4513
12836,8341
12837,7386
12838,4620
12839,10852
12840,6464
12841,8225
12842,5267
12843,10960
12844,9158
12845,10752
12846,6836
12847,8449
12848,5096
12849,5751
12850,5686
12851,17942
12852,11097
12853,7266
12854,6299
12855,5338
12856,6777
12857,4736
12858,10660
12859,5184
12860,17341
12861,5215
12862,6036
12863,6183
12864,10807
12865,8428
12866,5009
12867,7740
12868,8539
12869,8358
12870,7870
12871,7214
12872,4526
12873,11030
12874,5438
12875,4506
12876,6134
12877,6732
12878,6628
12879,7610
12880,10868
12881,9595
12882,7420
12883,8191
12884,5453
12885,8853
12886,6725
12887,5130
12888,6795
12889,7805
12890,7698
12891,11071
12892,7561
12893,7658
12894,7806
12895,7803
12896,6636
12897,8355
12898,7150
12899,8588
12900,7440
12901,7265
12902,10125
12903,7144
12904,5106
12905,14191
12906,6647
12907,4145
12908,8829
12909,9422
12910,12664
12911,5914
12912,6993
12913,7662
12914,4652
12915,6649
12916,8164
12917,8403
12918,6617
12919,8567
12920,10208
12921,3536
12922,6630
12923,6190
12924,6985
12925,5702
12926,8012
12927,10739
12928,6346
12929,6162
12930,9197
12931,8607
12932,10302
12933,10816
12934,5225
12935,7970
12936,7246
12937,9743
12938,8978
12939,9367
12940,3694
12941,9952
12942,8255
12943,8198
12944,12050
12945,5411
12946,4612
12947,14515
12948,10549
12949,9539
12950,6482
12951,7710
12952,10223
12953,4244
12954,8095
12955,6073
12956,8344
12957,7537
12958,7673
12959,9092
12960,6040
12961,10395
12962,12250
12963,18412
12964,8211
12965,5240
12966,6572
12967,5098
12968,3437
12969,12964
12970,9242
12971,6272
12972,9374
12973,5462
12974,12845
12975,5098
12976,6793
12977,6257
12978,10929
12979,5386
12980,8648
12981,5943
12982,5956
12983,8814
12984,5538
12985,8775
12986,8617
12987,10879
12988,8871
12989,7850
12990,6269
12991,13866
12992,5557
12993,5386
12994,12661
12995,8536
12996,10243
12997,7734
12998,16702
12999,6598
13000,6991
13001,5362
13002,6444
13003,9761
13004,11894
13005,8856
13006,9233
13007,9282
13008,4440
13009,8249
13010,9152
13011,8106
13012,9441
13013,5893
13014,5453
13015,5472
13016,4534
13017,5904
13018,9899
13019,8781
13020,12487
13021,17391
13022,8419
13023,6098
13024,8457
13025,8168
13026,10996
13027,4843
13028,7185
13029,4667
13030,9672
13031,7617
13032,7210
13033,15986
13034,12667
13035,5745
13036,8021
13037,4522
13038,6167
13039,6471
13040,8959
13041,5279
13042,5098
13043,6610
13044,8888
13045,7926
13046,6222
13047,6026
13048,8047
13049,7414
13050,8135
13051,4665
13052,12788
13053,21235
13054,3948
13055,8170
13056,9487
13057,8764
13058,5823
13059,3550
13060,5664
13061,8960
13062,5384
13063,9526
13064,10752
13065,5762
13066,5988
13067,8035
13068,7276
13069,5229
13070,7034
13071,8803
13072,11065
13073,9102
13074,12088
13075,6773
13076,4460
13077,8097
13078,6828
13079,10127
13080,7129
13081,5234
13082,24550
13083,8101
13084,7137
13085,12538
13086,8559
13087,8673
13088,7468
13089,9170
13090,5390
13091,10332
13092,14288
13093,6244
13094,6873
13095,7572
13096,15572
13097,7444
13098,6537
13099,7294
13100,6074
13101,7717
13102,4607
13103,10259
13104,5121
13105,8190
13106,3479
13107,20667
13108,10203
13109,4960
13110,4988
13111,9984
13112,7280
13113,7745
13114,9509
13115,6922
13116,5682
13117,4805
13118,11356
13119,6450
13120,7297
13121,8509
13122,8881
13123,5497
13124,8591
13125,7139
13126,4596
13127,8720
13128,9841
13129,5370
13130,8657
13131,8284
13132,5772
13133,10200
13134,6588
13135,8066
13136,7116
13137,8693
13138,4587
13139,5328
13140,6147
13141,11931
13142,8280
13143,10556
13144,4574
13145,9311
13146,4606
13147,6600
13148,4934
13149,7257
13150,6498
13151,8072
13152,7520
13153,9847
13154,4916
13155,6579
13156,7583
13157,9180
13158,7522
13159,10184
13160,11342
13161,7472
13162,3658
13163,8695
13164,5787
13165,6776
13166,8416
13167,4351
13168,12644
13169,5578
13170,7418
13171,12314
13172,7053
13173,4668
13174,13319
13175,6449
13176,11753
13177,6352
13178,10874
13179,10668
13180,6485
13181,5864
13182,7295
13183,6401
13184,6734
13185,6426
13186,10943
13187,8244
13188,6102
13189,4903
13190,7003
13191,7991
13192,7215
13193,9635
13194,7070
13195,7477
13196,4548
13197,7982
13198,9639
13199,7172
13200,6758
13201,7412
13202,8365
13203,10427
13204,6651
13205,9277
13206,6102
13207,6666
13208,8392
13209,7992
13210,5262
13211,4929
13212,8764
13213,8435
13214,6704
13215,6994
13216,8893
13217,6734
13218,6398
13219,7785
13220,5646
13221,3636
13222,10384
13223,4592
13224,8893
13225,8573
13226,7287
13227,7894
13228,13373
13229,11110
13230,10455
13231,5122
13232,8312
13233,8903
13234,4642
13235,3488
13236,9700
13237,4226
13238,7772
13239,13771
13240,8058
13241,8199
13242,5162
13243,8975
13244,7341
13245,7519
13246,8750
13247,9919
13248,9111
13249,7119
13250,8727
13251,6037
13252,8275
13253,5374
13254,5835
13255,7374
13256,6059
13257,6204
13258,8601
13259,5320
13260,11579
13261,7888
13262,5175
13263,5135
13264,10267
13265,8076
13266,6466
13267,7760
13268,7310
13269,6837
13270,6727
13271,7779
13272,8638
13273,6862
13274,5212
13275,10755
13276,8080
13277,5897
13278,4167
13279,11382
13280,7326
13281,6632
13282,8022
13283,12729
13284,9218
13285,9892
13286,9716
13287,8418
13288,6201
13289,7064
13290,8741
13291,11151
13292,14853
13293,5344
13294,6958
13295,4584
13296,5734
13297,10002
13298,16757
13299,8062
13300,5748
13301,5507
13302,7194
13303,6442
13304,10439
13305,9468
13306,6512
13307,4536
13308,9493
13309,6638
13310,9909
13311,11145
13312,5417
13313,8252
13314,4272
13315,8304
13316,9409
13317,8125
13318,10979
13319,7457
13320,9253
13321,4558
13322,7110
13323,8019
13324,10200
13325,8222
13326,9417
13327,7854
13328,5471
13329,10814
13330,5158
13331,11632
13332,7089
13333,5021
13334,8944
13335,8280
13336,7324
13337,8736
13338,9799
13339,5481
13340,12440
13341,4094
13342,5008
13343,8584
13344,9309
13345,11734
13346,8262
13347,7666
13348,6151
13349,6402
13350,8861
13351,7650
13352,7400
13353,5551
13354,11313
13355,7948
13356,9970
13357,12978
13358,9995
13359,5138
13360,5440
13361,6619
13362,11858
13363,6434
13364,8848
13365,5139
13366,12098
13367,7289
13368,6414
13369,5410
13370,5650
13371,5537
13372,7041
13373,7562
13374,5608
13375,5877
13376,5104
13377,11283
13378,7595
13379,22832
13380,8198
13381,4647
13382,5460
13383,7378
13384,10196
13385,5333
13386,5365
13387,10145
13388,8194
13389,7612
13390,6016
13391,8014
13392,8577
13393,5459
13394,5559
13395,7609
13396,9182
13397,7096
13398,7575
13399,7817
13400,9758
13401,6186
13402,5080
13403,6298
13404,10522
13405,12117
13406,8326
13407,10342
13408,5658
13409,8811
13410,4533
13411,6303
13412,4694
13413,8388
13414,8759
13415,12032
13416,9981
13417,7716
13418,6456
13419,5197
13420,4348
13421,6337
13422,11059
13423,7088
13424,6082
13425,6143
13426,5960
13427,8445
13428,3879
13429,8272
13430,4865
13431,7466
13432,7457
13433,5874
13434,8583
13435,5813
13436,8816
13437,10304
13438,7466
13439,5930
13440,10623
13441,5144
13442,6802
13443,8362
13444,12733
13445,5894
13446,6522
13447,9501
13448,7804
13449,9453
13450,7054
13451,10219
13452,5157
13453,5446
13454,6400
13455,6737
13456,10078
13457,8861
13458,4169
13459,6218
13460,9019
13461,7029
13462,10510
13463,4116
13464,14092
13465,7447
13466,4648
13467,6770
13468,7447
13469,6423
13470,8822
13471,4949
13472,7239
13473,6332
13474,8580
13475,8296
13476,6179
13477,8403
13478,6054
13479,6309
13480,9142
13481,8560
13482,7287
13483,4995
13484,10514
13485,5602
13486,9722
13487,7740
13488,12736
13489,7039
13490,5041
13491,7545
13492,6070
13493,6381
13494,5666
13495,7868
13496,7944
13497,3779
13498,9284
13499,6498
13500,7763
13501,4989
13502,8431
13503,9489
13504,4585
13505,13272
13506,6438
13507,5546
13508,8636
13509,9650
13510,5390
13511,5034
13512,7723
13513,7372
13514,5005
13515,6738
13516,6183
13517,8633
13518,9707
13519,7242
13520,8304
13521,6163
13522,4518
13523,7294
13524,8679
13525,8528
13526,9373
13527,8692
13528,9784
13529,6089
13530,9662
13531,8173
13532,5566
13533,7977
13534,10496
13535,7424
13536,9319
13537,10598
13538,8833
13539,8579
13540,6537
13541,7547
13542,8711
13543,7357
13544,7304
13545,4089
13546,5506
13547,11592
13548,8865
13549,6690
13550,4038
13551,9137
13552,7273
13553,9258
13554,6376
13555,6509
13556,5502
13557,4459
13558,12270
13559,7755
13560,8152
13561,7156
13562,6290
13563,6817
13564,7030
13565,8043
13566,4303
13567,6787
13568,5908
13569,9883
13570,8267
13571,6875
13572,11937
13573,5792
13574,5340
13575,11267
13576,5536
13577,7550
13578,3379
13579,9847
13580,8095
13581,6208
13582,7092
13583,7326
13584,5979
13585,7383
13586,8653
13587,12696
13588,3215
13589,7614
13590,3618
13591,15329
13592,5106
13593,9556
13594,9753
13595,7127
13596,7244
13597,5431
13598,5683
13599,3151
13600,4856
13601,6879
13602,5875
13603,7653
13604,7786
13605,6134
13606,7588
13607,7051
13608,8967
13609,10344
13610,8783
13611,5543
13612,4141
13613,10464
13614,12182
13615,6428
13616,8348
13617,4997
13618,7915
13619,6083
13620,5357
13621,7001
13622,4577
13623,8005
13624,5752
13625,9858
13626,7961
13627,9842
13628,8327
13629,6194
13630,10011
13631,20441
13632,11224
13633,5779
13634,3424
13635,6733
13636,9044
13637,5674
13638,6266
13639,13879
13640,6476
13641,14282
13642,20908
13643,3889
13644,7847
13645,5830
13646,4820
13647,10431
13648,5359
13649,9986
13650,10622
13651,9413
13652,7375
13653,8468
13654,4329
13655,7103
13656,4381
13657,6605
13658,8100
13659,10527
13660,6959
13661,6596
13662,5196
13663,7858
13664,5823
13665,5534
13666,4790
13667,8532
13668,6497
13669,6718
13670,7720
13671,9160
13672,6881
13673,6995
13674,7043
13675,6121
13676,7933
13677,8034
13678,9607
13679,8008
13680,8167
13681,6116
13682,4184
13683,6746
13684,7909
13685,6644
13686,4967
13687,3410
13688,9346
13689,8199
13690,10602
13691,7732
13692,6466
13693,8164
13694,5586
13695,4989
13696,11226
13697,5483
13698,8775
13699,8277
13700,16290
13701,6947
13702,6174
13703,8458
13704,6233
13705,8072
13706,6142
13707,8836
13708,4555
13709,7923
13710,4358
13711,6553
13712,4218
13713,11730
13714,5701
13715,16523
13716,15696
13717,5429
13718,7250
13719,5824
13720,7585
13721,5905
13722,12187
13723,8928
13724,10199
13725,4770
13726,8264
13727,5590
13728,9779
13729,9064
13730,7603
13731,6793
13732,7247
13733,7072
13734,9156
13735,10507
13736,6537
13737,9122
13738,10799
13739,7424
13740,7917
13741,7199
13742,10240
13743,8024
13744,5835
13745,5846
13746,7416
13747,6204
13748,12055
13749,6951
13750,8557
13751,7540
13752,9814
13753,4782
13754,8233
13755,10901
13756,9435
13757,9433
13758,7089
13759,4576
13760,15426
13761,10549
13762,9660
13763,18964
13764,10905
13765,8269
13766,7668
13767,10369
13768,11501
13769,12410
13770,12957
13771,5802
13772,7891
13773,6209
13774,9808
13775,4055
13776,13155
13777,6417
13778,5853
13779,6555
13780,10093
13781,8650
13782,5820
13783,7725
13784,5841
13785,4791
13786,7654
13787,4565
13788,5303
13789,6693
13790,7184
13791,10987
13792,9173
13793,8312
13794,7070
13795,6031
13796,12896
13797,7731
13798,5359
13799,5930
13800,5107
13801,9585
13802,4764
13803,11695
13804,7775
13805,3386
13806,5011
13807,8160
13808,6775
13809,5608
13810,9667
13811,11087
13812,12869
13813,6821
13814,11128
13815,3160
13816,6082
13817,6779
13818,6217
13819,7844
13820,5957
13821,7334
13822,5137
13823,6154
13824,11174
13825,8090
13826,4976
13827,5349
13828,9256
13829,11506
13830,10960
13831,5790
13832,5612
13833,9682
13834,6926
13835,8048
13836,6488
13837,5655
13838,7849
13839,11060
13840,4584
13841,4776
13842,5626
13843,6502
13844,10006
13845,9031
13846,8624
13847,14373
13848,5741
13849,11684
13850,12776
13851,7634
13852,5623
13853,3684
13854,8753
13855,6452
13856,6840
13857,6667
13858,7704
13859,12533
13860,5702
13861,6573
13862,8143
13863,6141
13864,8191
13865,5206
13866,4893
13867,7985
13868,3728
13869,9269
13870,8525
13871,7805
13872,8516
13873,9262
13874,9201
13875,6373
13876,8751
13877,10041
13878,6885
13879,6134
13880,5651
13881,5556
13882,11060
13883,8398
13884,6961
13885,5861
13886,7685
13887,9332
13888,7693
13889,6646
13890,8890
13891,5531
13892,6975
13893,20094
13894,6938
13895,9699
13896,6854
13897,6860
13898,6428
13899,5403
13900,4254
13901,6122
13902,9434
13903,14416
13904,9514
13905,9927
13906,12936
13907,11802
13908,11753
13909,9249
13910,6091
13911,5537
13912,11274
13913,12169
13914,8280
13915,8986
13916,8897
13917,6660
13918,4327
13919,11365
13920,7039
13921,7084
13922,6674
13923,3399
13924,14424
13925,12853
13926,15887
13927,6367
13928,5748
13929,5208
13930,6563
13931,7153
13932,8996
13933,7278
13934,5478
13935,5471
13936,8283
13937,4050
13938,3588
13939,7436
13940,15191
13941,7635
13942,18677
13943,4790
13944,6310
13945,6999
13946,6129
13947,5632
13948,5267
13949,4901
13950,4080
13951,8390
13952,7634
13953,4292
13954,10099
13955,6264
13956,7473
13957,5027
13958,10693
13959,8544
13960,10377
13961,6141
13962,8071
13963,4784
13964,5539
13965,5268
13966,15591
13967,11204
13968,7170
13969,6087
13970,5399
13971,6318
13972,5329
13973,11910
13974,4805
13975,16391
13976,4806
13977,5650
13978,6115
13979,10368
13980,8246
13981,4885
13982,7439
13983,8449
13984,8335
13985,7970
13986,6393
13987,4576
13988,11226
13989,5195
13990,4174
13991,5951
13992,7214
13993,6353
13994,7032
13995,10016
13996,9285
13997,7431
13998,7783
13999,4916
14000,8499
14001,6114
14002,4986
14003,6929
14004,7512
14005,7180
14006,11011
14007,6968
14008,6888
14009,7449
14010,7689
14011,6359
14012,7776
14013,7167
14014,8125
14015,7337
14016,6836
14017,10288
14018,6763
14019,4617
14020,13303
14021,6598
14022,3628
14023,8351
14024,9147
14025,12073
14026,5688
14027,6611
14028,7262
14029,4270
14030,6304
14031,7414
14032,8387
14033,6428
14034,8022
14035,9778
14036,3529
14037,6263
14038,6303
14039,6228
14040,5672
14041,7507
14042,9574
14043,5956
14044,5886
14045,9135
14046,8116
14047,9862
14048,9779
14049,5198
14050,7305
14051,7092
14052,8976
14053,8809
14054,8444
14055,5116
14056,9994
14057,8054
14058,8221
14059,10735
14060,4853
14061,4294
14062,14059
14063,9941
14064,9275
14065,6404
14066,7749
14067,9654
14068,4281
14069,8059
14070,5655
14071,9051
14072,7237
14073,7731
14074,8696
14075,6222
14076,9743
14077,11909
14078,16956
14079,8006
14080,5176
14081,6410
14082,4818
14083,3246
14084,12403
14085,8713
14086,6093
14087,8926
14088,5739
14089,12367
14090,5231
14091,6943
14092,6285
14093,9863
14094,5158
14095,7498
14096,5820
14097,5831
14098,8449
14099,5653
14100,8038
14101,8366
14102,10055
14103,8524
14104,7859
14105,6467
14106,13024
14107,5216
14108,5665
14109,11663
14110,7841
14111,9897
14112,7608
14113,16568
14114,6270
14115,6238
14116,5706
14117,6256
14118,9436
14119,11793
14120,8244
14121,9051
14122,8665
14123,4344
14124,7800
14125,8602
14126,7699
14127,9510
14128,6257
14129,5311
14130,5418
14131,4137
14132,5553
14133,9648
14134,8975
14135,12557
14136,17014
14137,7728
14138,5670
14139,7575
14140,7963
14141,10211
14142,4817
14143,6747
14144,4578
14145,9880
14146,7136
14147,6723
14148,15277
14149,12447
14150,5426
14151,7847
14152,4276
14153,5639
14154,5890
14155,9219
14156,5142
14157,4918
14158,6205
14159,8745
14160,8484
14161,5544
14162,6348
14163,8235
14164,7333
14165,7853
14166,4350
14167,11760
14168,19641
14169,3869
14170,8017
14171,8942
14172,8342
14173,5353
14174,3561
14175,4941
14176,8726
14177,5151
14178,8797
14179,10132
14180,5517
14181,5915
14182,7751
14183,6668
14184,5188
14185,6636
14186,8030
14187,10300
14188,9100
14189,10799
14190,6427
14191,4304
14192,7464
14193,6336
14194,10447
14195,7092
14196,5047
14197,23138
14198,7795
14199,6571
14200,12160
14201,7890
14202,8037
14203,7082
14204,8282
14205,5219
14206,9837
14207,13831
14208,6030
14209,6401
14210,6908
14211,14329
14212,7097
14213,6110
14214,6798
14215,5608
14216,7037
14217,4454
14218,9614
14219,4722
14220,7608
14221,3206
14222,19847
14223,9557
14224,4236
14225,5081
14226,10345
14227,6639
14228,7574
14229,8701
14230,6808
14231,5301
14232,4932
14233,10650
14234,6284
14235,6862
14236,7893
14237,8031
14238,5208
14239,8060
14240,6828
14241,4192
14242,8671
14243,9681
14244,4933
14245,8496
14246,8342
14247,5611
14248,10289
14249,6463
14250,7674
14251,7091
14252,8896
14253,4242
14254,5274
14255,5758
14256,12730
14257,6796
14258,9913
14259,4566
14260,9011
14261,3965
14262,6135
14263,4742
14264,6948
14265,6159
14266,7685
14267,7824
14268,9471
14269,5112
14270,6782
14271,7038
14272,9059
14273,6958
14274,8538
14275,10607
14276,7238
14277,3525
14278,8559
14279,5694
14280,6561
14281,7813
14282,4172
14283,12102
14284,5646
14285,7138
14286,11857
14287,7172
14288,4679
14289,0
14290,6582
14291,11071
14292,5800
14293,10154
14294,10933
14295,6530
14296,5264
14297,6832
14298,6021
14299,6284
14300,6317
14301,10379
14302,7896
14303,5709
14304,4969
14305,6615
14306,8019
14307,6835
14308,8994
14309,6485
14310,7014
14311,5220
14312,8262
14313,8486
14314,7170
14315,6824
14316,6838
14317,8186
14318,10187
14319,6139
14320,8707
14321,5773
14322,7209
14323,8130
14324,7366
14325,4888
14326,4745
14327,7675
14328,8590
14329,6207
14330,6364
14331,9019
14332,6441
14333,6344
14334,6751
14335,5526
14336,3491
14337,9204
14338,4370
14339,8137
14340,7879
14341,6846
14342,7387
14343,13650
14344,10297
14345,8985
14346,4773
14347,9214
14348,8361
14349,4278
14350,3563
14351,9714
14352,3919
14353,7698
14354,12915
14355,8782
14356,7613
14357,5163
14358,8289
14359,7804
14360,6908
14361,8499
14362,9425
14363,8881
14364,6670
14365,9040
14366,5503
14367,7581
14368,5188
14369,5667
14370,7479
14371,5933
14372,5569
14373,8615
14374,5094
14375,11029
14376,7883
14377,5353
14378,4763
14379,10663
14380,7651
14381,6610
14382,7221
14383,7095
14384,6261
14385,6316
14386,7260
14387,8019
14388,6296
14389,5101
14390,10135
14391,7449
14392,6228
14393,3834
14394,11449
14395,7353
14396,6285
14397,7710
14398,11804
14399,9179
14400,8672
14401,9343
14402,7918
14403,6155
14404,6540
14405,8236
14406,10101
14407,14136
14408,5209
14409,6665
14410,4450
14411,5340
14412,10185
14413,16667
14414,7699
14415,5897
14416,5802
14417,6940
14418,6460
14419,9236
14420,9607
14421,6379
14422,4462
14423,8462
14424,6633
14425,10568
14426,10682
14427,5023
14428,8207
14429,4201
14430,8328
14431,9061
14432,7818
14433,9779
14434,6857
14435,8562
14436,4267
14437,7277
14438,7530
14439,9562
14440,7926
14441,9349
14442,7627
14443,5086
14444,10171
14445,4851
14446,11159
14447,6931
14448,4678
14449,6588
14450,7551
14451,6936
14452,8116
14453,9351
14454,5866
14455,11787
14456,4071
14457,4833
14458,8098
14459,9410
14460,11139
14461,7435
14462,7624
14463,5623
14464,6604
14465,8405
14466,7444
14467,7204
14468,5720
14469,10869
14470,7361
14471,9470
14472,12374
14473,9502
14474,4801
14475,5182
14476,6253
14477,11690
14478,5949
14479,9064
14480,5005
14481,11805
14482,7094
14483,6128
14484,5674
14485,5372
14486,5511
14487,6717
14488,7138
14489,5259
14490,5768
14491,5144
14492,10602
14493,7595
14494,22384
14495,7800
14496,4420
14497,4823
14498,7228
14499,9476
14500,5081
14501,5268
14502,9901
14503,6492
14504,7590
14505,5912
14506,7305
14507,8123
14508,5736
14509,5598
14510,7811
14511,8740
14512,6623
14513,8272
14514,7560
14515,8302
14516,6543
14517,5356
14518,6346
14519,10985
14520,10695
14521,7746
14522,10027
14523,5200
14524,8580
14525,3708
14526,6232
14527,4589
14528,8186
14529,8240
14530,11877
14531,9855
14532,7289
14533,6345
14534,4876
14535,4029
14536,6426
14537,10738
14538,7090
14539,5854
14540,5976
14541,6161
14542,7894
14543,3820
14544,8424
14545,4845
14546,8333
14547,7455
14548,5750
14549,8761
14550,5712
14551,8957
14552,9229
14553,7643
14554,5945
14555,9629
14556,5208
14557,6326
14558,8314
14559,12675
14560,5749
14561,6719
14562,8692
14563,7526
14564,9386
14565,7058
14566,10033
14567,5015
14568,4849
14569,5888
14570,6662
14571,10219
14572,8886
14573,4145
14574,6001
14575,8965
14576,7710
14577,10007
14578,4058
14579,13135
14580,7472
14581,4439
14582,5931
14583,6859
14584,6521
14585,8386
14586,4753
14587,7070
14588,7103
14589,8109
14590,7724
14591,5488
14592,7904
14593,6249
14594,6322
14595,9125
14596,8397
14597,6941
14598,5128
14599,10055
14600,5565
14601,9540
14602,7632
14603,13036
14604,7034
14605,4415
14606,7879
14607,5883
14608,6358
14609,5622
14610,8619
14611,7653
14612,3745
14613,9172
14614,6059
14615,7912
14616,4924
14617,7823
14618,8681
14619,5534
14620,11941
14621,6144
14622,5883
14623,8706
14624,9681
14625,5271
14626,4798
14627,7634
14628,6832
14629,4766
14630,6911
14631,6210
14632,9383
14633,8377
14634,7625
14635,7729
14636,5872
14637,4576
14638,7071
14639,8405
14640,7855
14641,9479
14642,8813
14643,9243
14644,6361
14645,9248
14646,7901
14647,5427
14648,7408
14649,9692
14650,7983
14651,7416
14652,10084
14653,8737
14654,8686
14655,6280
14656,7676
14657,8868
14658,6752
14659,7484
14660,4350
14661,5181
14662,10156
14663,8400
14664,6674
14665,4216
14666,8738
14667,6956
14668,8435
14669,6738
14670,6393
14671,5192
14672,4069
14673,11585
14674,7004
14675,7564
14676,7193
14677,6226
14678,6353
14679,6911
14680,8391
14681,4377
14682,7151
14683,5871
14684,9657
14685,8584
14686,6940
14687,12602
14688,5023
14689,5474
14690,10770
14691,5427
14692,7740
14693,3483
14694,9658
14695,8037
14696,6130
14697,6944
14698,6603
14699,6231
14700,6916
14701,7760
14702,11305
14703,3304
14704,7074
14705,3697
14706,14346
14707,4887
14708,9571
14709,10353
14710,7601
14711,6958
14712,5123
14713,5218
14714,3078
14715,4499
14716,6766
14717,5407
14718,8348
14719,7991
14720,5715
14721,7265
14722,7075
14723,8995
14724,10718
14725,8412
14726,5921
14727,4614
14728,9986
14729,11589
14730,6307
14731,8143
14732,4868
14733,7440
14734,6043
14735,5213
14736,7365
14737,4816
14738,7267
14739,6011
14740,9296
14741,7758
14742,9358
14743,7735
14744,5954
14745,9750
14746,18708
14747,10663
14748,5386
14749,3658
14750,6706
14751,8258
14752,5314
14753,6635
14754,13965
14755,6006
14756,13743
14757,22066
14758,4222
14759,7077
14760,5547
14761,4162
14762,8342
14763,5418
14764,8888
14765,9908
14766,8877
14767,7102
14768,8230
14769,4960
14770,7472
14771,4120
14772,7229
14773,7496
14774,11046
14775,7058
14776,6700
14777,4588
14778,7974
14779,6067
14780,5828
14781,4681
14782,8567
14783,6259
14784,6702
14785,7648
14786,8549
14787,6351
14788,6306
14789,6521
14790,5835
14791,7387
14792,7823
14793,10136
14794,7596
14795,8150
14796,6120
14797,4522
14798,6531
14799,7215
14800,6555
14801,4957
14802,3191
14803,8928
14804,7470
14805,10680
14806,7117
14807,6327
14808,7973
14809,5184
14810,4721
14811,10920
14812,6243
14813,8513
14814,8654
14815,14946
14816,6974
14817,5317
14818,8368
14819,5195
14820,5942
14821,6395
14822,7948
14823,4482
14824,8430
14825,4327
14826,5835
14827,3849
14828,10540
14829,5721
14830,15359
14831,14239
14832,5622
14833,7370
14834,5611
14835,7329
14836,5664
14837,12115
14838,9024
14839,9046
14840,4691
14841,8253
14842,5898
14843,9919
14844,8608
14845,7917
14846,6770
14847,7244
14848,7328
14849,9326
14850,9175
14851,6757
14852,8208
14853,10467
14854,7224
14855,7718
14856,7331
14857,9276
14858,7429
14859,5672
14860,5689
14861,6887
14862,6064
14863,11793
14864,6930
14865,8695
14866,7146
14867,10056
14868,5068
14869,7661
14870,10332
14871,8836
14872,9003
14873,6298
14874,4235
14875,14780
14876,9461
14877,9256
14878,17740
14879,9248
14880,8618
14881,7460
14882,9669
14883,10793
14884,11402
14885,12479
14886,5839
14887,7461
14888,6067
14889,10164
14890,4146
14891,10371
14892,6291
14893,6149
14894,6701
14895,9157
14896,8086
14897,5765
14898,7675
14899,5329
14900,4722
14901,7697
14902,4795
14903,5321
14904,6517
14905,7223
14906,10986
14907,9793
14908,7581
14909,7150
14910,5927
14911,11351
14912,7120
14913,5839
14914,5521
14915,5222
14916,9808
14917,4569
14918,12771
14919,7761
14920,3241
14921,4674
14922,8150
14923,6687
14924,6128
14925,9587
14926,10494
14927,11810
14928,6528
14929,12136
14930,3047
14931,5971
14932,6953
14933,6426
14934,7611
14935,6306
14936,7684
14937,5227
14938,5896
14939,11461
14940,8349
14941,4878
14942,5166
14943,9398
14944,10426
14945,8665
14946,6002
14947,5399
14948,8899
14949,6431
14950,8175
14951,5801
14952,6267
14953,7986
14954,9379
14955,4177
14956,4927
14957,4944
14958,5872
14959,9744
14960,9083
14961,8982
14962,12531
14963,5642
14964,11349
14965,12375
14966,7801
14967,5454
14968,3394
14969,8501
14970,6117
14971,6548
14972,7125
14973,7303
14974,11994
14975,5046
14976,6605
14977,7849
14978,4912
14979,8850
14980,5812
14981,4533
14982,8065
14983,3826
14984,7880
14985,8411
14986,7897
14987,8317
14988,9322
14989,8589
14990,6405
14991,8429
14992,10047
14993,6933
14994,6328
14995,6256
14996,5378
14997,10465
14998,8251
14999,6302
15000,5504
15001,7353
15002,9419
15003,7731
15004,6740
15005,8924
15006,5334
15007,7518
15008,17875
15009,7006
15010,10517
15011,6110
15012,6438
15013,7047
15014,5690
15015,4301
15016,6075
15017,9880
15018,13489
15019,8731
15020,9742
15021,10851
15022,11690
15023,11567
15024,9090
15025,5600
15026,5094
15027,10684
15028,12168
15029,9006
15030,8085
15031,9152
15032,6757
15033,3871
15034,11463
15035,7054
15036,6675
15037,6827
15038,3079
15039,13455
15040,11618
15041,14507
15042,6313
15043,5670
15044,5618
15045,6812
15046,6639
15047,8447
15048,7730
15049,5050
15050,5443
15051,7522
15052,3744
15053,3365
15054,6428
15055,14280
15056,7496
15057,18786
15058,4335
15059,6484
15060,7045
15061,6396
15062,5224
15063,5905
15064,4565
15065,3790
15066,9227
15067,7671
15068,4506
15069,10108
15070,6379
15071,6954
15072,4967
15073,10341
15074,8049
15075,9143
15076,5752
15077,7499
15078,4814
15079,5497
15080,5151
15081,14562
15082,11958
15083,7273
15084,5739
15085,5626
15086,6869
15087,4220
15088,8948
15089,4479
15090,15700
15091,4556
15092,5451
15093,6010
15094,10510
15095,8334
15096,5562
15097,7079
15098,7762
15099,7922
15100,8555
15101,6044
15102,4537
15103,10085
15104,5194
15105,4099
15106,5971
15107,7812
15108,6084
15109,6487
15110,9372
15111,9135
15112,7645
15113,8096
15114,4834
15115,8997
15116,5847
15117,4884
15118,7050
15119,7261
15120,6865
15121,10174
15122,6895
15123,6598
15124,7471
15125,6767
15126,6073
15127,7538
15128,8165
15129,7547
15130,6965
15131,7098
15132,10108
15133,7200
15134,4794
15135,13251
15136,5766
15137,3485
15138,8387
15139,9731
15140,10896
15141,5453
15142,6652
15143,7376
15144,4323
15145,6695
15146,7229
15147,7732
15148,6547
15149,7130
15150,9502
15151,3554
15152,6021
15153,6139
15154,5552
15155,5746
15156,7494
15157,9166
15158,5937
15159,5863
15160,8656
15161,8211
15162,9316
15163,9390
15164,5665
15165,7549
15166,7232
15167,8472
15168,8494
15169,8961
15170,3765
15171,9968
15172,7788
15173,7977
15174,10867
15175,4786
15176,4085
15177,13022
15178,9114
15179,9638
15180,6306
15181,6743
15182,9422
15183,4151
15184,7812
15185,5391
15186,9022
15187,6347
15188,7654
15189,8893
15190,6082
15191,9131
15192,11995
15193,16296
15194,7923
15195,5140
15196,6617
15197,5052
15198,3176
15199,11981
15200,8169
15201,6406
15202,9073
15203,6265
15204,10760
15205,5618
15206,6891
15207,6866
15208,9018
15209,5772
15210,7255
15211,6422
15212,5933
15213,8118
15214,5474
15215,7739
15216,8533
15217,9201
15218,8560
15219,7556
15220,6385
15221,11920
15222,5120
15223,6002
15224,11937
15225,7372
15226,9353
15227,6903
15228,16861
15229,5925
15230,5969
15231,5521
15232,5802
15233,9616
15234,12438
15235,8325
15236,8017
15237,8607
15238,4505
15239,7934
15240,8036
15241,7611
15242,9064
15243,6301
15244,5417
15245,5748
15246,3865
15247,5298
15248,9153
15249,7662
15250,12178
15251,17766
15252,7663
15253,5270
15254,7541
15255,7727
15256,9324
15257,4741
15258,6723
15259,4547
15260,9346
15261,7379
15262,7192
15263,14213
15264,13555
15265,5022
15266,7776
15267,4085
15268,5542
15269,5520
15270,9418
15271,5145
15272,5177
15273,5889
15274,8334
15275,6809
15276,4898
15277,6358
15278,8176
15279,7424
15280,7669
15281,3600
15282,12128
15283,18639
15284,3808
15285,8232
15286,8679
15287,7791
15288,5367
15289,3316
15290,4861
15291,8028
15292,5366
15293,8116
15294,9961
15295,5320
15296,5862
15297,7601
15298,6531
15299,5384
15300,6498
15301,7794
15302,10578
15303,8289
15304,10517
15305,6440
15306,3975
15307,6837
15308,6090
15309,9822
15310,6908
15311,4797
15312,21268
15313,7455
15314,6306
15315,12302
15316,7324
15317,7774
15318,6982
15319,7449
15320,5188
15321,9645
15322,13420
15323,5775
15324,5882
15325,6875
15326,12718
15327,7447
15328,6216
15329,6380
15330,5989
15331,6294
15332,4954
15333,9229
15334,4415
15335,6717
15336,3300
15337,22850
15338,9091
15339,4158
15340,5718
15341,10888
15342,6330
15343,7447
15344,8775
15345,6667
15346,5666
15347,4624
15348,10099
15349,6351
15350,6799
15351,7362
15352,8089
15353,5266
15354,8202
15355,7230
15356,4048
15357,8331
15358,10205
15359,4755
15360,8293
15361,8297
15362,5677
15363,10621
15364,5777
15365,7272
15366,7459
15367,8602
15368,3936
15369,5235
15370,5702
15371,10012
15372,6188
15373,9463
15374,4545
15375,8707
15376,3713
15377,6142
15378,4711
15379,6797
15380,5810
15381,7515
15382,7771
15383,9724
15384,5303
15385,7145
15386,6622
15387,9105
15388,6544
15389,9055
15390,10488
15391,6806
15392,3776
15393,7657
15394,5758
15395,6738
15396,7173
15397,4079
15398,12390
15399,5801
15400,6616
15401,10938
15402,6856
15403,4817
15404,0
15405,6613
15406,10650
15407,5466
15408,9449
15409,9439
15410,7587
15411,5283
15412,7049
15413,5932
15414,6059
15415,6624
15416,9381
15417,8052
15418,5446
15419,4890
15420,7817
15421,8530
15422,6193
15423,8638
15424,6128
15425,6605
15426,4413
15427,8715
15428,7909
15429,7607
15430,6353
15431,6606
15432,8488
15433,9405
15434,6493
15435,8546
15436,5515
15437,7299
15438,8059
15439,6672
15440,4543
15441,4563
15442,7544
15443,9009
15444,5931
15445,6477
15446,9084
15447,6648
15448,5841
15449,6337
15450,5653
15451,3062
15452,8707
15453,4076
15454,7746
15455,7817
15456,7373
15457,7408
15458,11113
15459,9571
15460,8209
15461,4818
15462,8146
15463,7997
15464,3959
15465,3141
15466,8841
15467,4096
15468,7583
15469,12649
15470,8351
15471,7316
15472,5150
15473,8192
15474,7966
15475,6940
15476,8211
15477,9053
15478,8247
15479,6530
15480,9192
15481,5190
15482,7341
15483,4688
15484,5784
15485,7747
15486,6087
15487,5587
15488,8343
15489,5533
15490,11198
15491,7366
15492,5476
15493,4794
15494,10731
15495,7694
15496,6188
15497,6927
15498,7427
15499,6601
15500,6011
15501,6882
15502,8187
15503,5911
15504,4958
15505,10345
15506,7088
15507,6397
15508,3765
15509,11833
15510,7174
15511,6228
15512,6740
15513,11009
15514,9371
15515,8636
15516,9193
15517,7354
15518,6168
15519,6566
15520,7947
15521,11124
15522,13829
15523,5337
15524,5760
15525,3974
15526,5036
15527,10064
15528,15459
15529,6827
15530,5333
15531,5988
15532,6240
15533,6550
15534,8942
15535,9105
15536,6512
15537,4162
15538,8622
15539,6457
15540,9075
15541,10466
15542,5207
15543,8189
15544,4138
15545,8297
15546,8777
15547,7601
15548,8868
15549,6616
15550,7982
15551,4931
15552,6945
15553,8094
15554,9121
15555,7624
15556,9118
15557,7250
15558,4877
15559,9947
15560,4893
15561,10725
15562,7146
15563,5030
15564,5929
15565,7016
15566,6275
15567,7925
15568,9170
15569,5947
15570,11344
15571,3957
15572,4930
15573,7981
15574,9165
15575,11453
15576,6853
15577,6261
15578,5904
15579,6135
15580,8096
15581,6705
15582,7074
15583,5525
15584,11091
15585,6678
15586,9268
15587,12405
15588,9359
15589,5040
15590,4878
15591,6304
15592,11660
15593,5751
15594,8192
15595,5162
15596,11138
15597,6980
15598,6198
15599,5871
15600,5266
15601,5265
15602,6968
15603,6310
15604,5400
15605,5353
15606,5024
15607,9865
15608,6605
15609,21803
15610,8082
15611,4390
15612,2805
15613,4413
15614,9510
15615,2104
15616,2887
15617,6429
15618,3283
15619,6837
15620,4847
15621,5468
15622,6077
15623,4560
15624,3500
15625,5660
15626,5559
15627,2735
15628,4851
15629,4518
15630,5921
15631,5273
15632,3527
15633,4527
15634,7842
15635,8483
15636,5687
15637,7676
15638,2286
15639,7794
15640,3694
15641,5347
15642,2529
15643,8209
15644,7449
15645,8835
15646,9563
15647,7142
15648,6443
15649,3061
15650,4775
15651,6154
15652,8295
15653,4372
15654,3647
15655,5785
15656,5141
15657,5661
15658,2563
15659,7842
15660,4444
15661,8097
15662,6417
15663,3515
15664,9000
15665,3130
15666,9101
15667,6425
15668,6608
15669,2594
15670,5465
15671,4887
15672,3898
15673,7667
15674,10880
15675,2978
15676,6109
15677,5702
15678,8913
15679,7245
15680,5507
15681,6921
15682,2548
15683,2547
15684,4757
15685,6170
15686,8727
15687,8004
15688,2644
15689,4303
15690,8807
15691,9030
15692,5833
15693,3229
15694,11114
15695,5612
15696,3723
15697,3543
15698,2311
15699,4630
15700,7652
15701,3882
15702,6024
15703,3215
15704,5892
15705,4072
15706,1898
15707,4430
15708,5387
15709,6053
15710,9453
15711,6952
15712,5751
15713,3819
15714,11126
15715,3317
15716,6243
15717,7407
15718,12998
15719,5174
15720,3145
15721,6658
15722,5712
15723,6635
15724,4968
15725,10032
15726,5778
15727,2318
15728,8119
15729,4570
15730,5826
15731,2357
15732,8171
15733,3900
15734,2966
15735,8442
15736,4685
15737,5262
15738,7879
15739,7703
15740,4230
15741,4523
15742,7400
15743,3526
15744,3021
15745,6713
15746,5060
15747,6900
15748,3293
15749,4588
15750,6211
15751,4375
15752,3233
15753,5405
15754,5972
15755,6067
15756,7478
15757,8042
15758,7591
15759,4116
15760,7788
15761,5520
15762,3330
15763,3818
15764,8171
15765,7547
15766,2983
15767,7415
15768,9611
15769,6935
15770,4837
15771,7191
15772,7634
15773,5595
15774,4566
15775,2879
15776,5404
15777,5396
15778,4837
15779,5634
15780,3374
15781,5864
15782,7369
15783,6063
15784,6760
15785,6202
15786,2979
15787,1654
15788,7058
15789,6526
15790,7109
15791,3606
15792,5554
15793,4537
15794,5506
15795,5848
15796,3886
15797,4178
15798,4950
15799,7268
15800,6718
15801,7606
15802,13503
15803,4121
15804,4776
15805,10341
15806,3561
15807,5316
15808,909
15809,8168
15810,6986
15811,5636
15812,6593
15813,5632
15814,4668
15815,5223
15816,5187
15817,7916
15818,3159
15819,5643
15820,2882
15821,9046
15822,3331
15823,8064
15824,10100
15825,6465
15826,6105
15827,4352
15828,2223
15829,1892
15830,3614
15831,5481
15832,3090
15833,5518
15834,7371
15835,4004
15836,5249
15837,4814
15838,8525
15839,7998
15840,7384
15841,5243
15842,3088
15843,8196
15844,9650
15845,3732
15846,4509
15847,3749
15848,5478
15849,5625
15850,3930
15851,6754
15852,3119
15853,5257
15854,5068
15855,8718
15856,5563
15857,7367
15858,6595
15859,4618
15860,8521
15861,17318
15862,8674
15863,3876
15864,3678
15865,6544
15866,7705
15867,2917
15868,4760
15869,9320
15870,6036
15871,6971
15872,17019
15873,5454
15874,5483
15875,2744
15876,2302
15877,10364
15878,3454
15879,6699
15880,8946
15881,2937
15882,3577
15883,6378
15884,3656
15885,6641
15886,2053
15887,5143
15888,4953
15889,10576
15890,5998
15891,5915
15892,2984
15893,7960
15894,6012
15895,6687
15896,1745
15897,9230
15898,5092
15899,5919
15900,4494
15901,4587
15902,3323
15903,4730
15904,3551
15905,5527
15906,4611
15907,4933
15908,8561
15909,8831
15910,7786
15911,4165
15912,4372
15913,4549
15914,4865
15915,6486
15916,3062
15917,1320
15918,7054
15919,5542
15920,7916
15921,5371
15922,4442
15923,4608
15924,3429
15925,2636
15926,9051
15927,6210
15928,4982
15929,5474
15930,11487
15931,6291
15932,2017
15933,7627
15934,2105
15935,4235
15936,6100
15937,6333
15938,2605
15939,4434
15940,4427
15941,3823
15942,1668
15943,8288
15944,4672
15945,9363
15946,10139
15947,5809
15948,5546
15949,4354
15950,5035
15951,5022
15952,11556
15953,6643
15954,6652
15955,3151
15956,5842
15957,5756
15958,9162
15959,8665
15960,6859
15961,5713
15962,6461
15963,5090
15964,8858
15965,6216
15966,6845
15967,6203
15968,9468
15969,6977
15970,4853
15971,5881
15972,8133
15973,6082
15974,3317
15975,5649
15976,3161
15977,4982
15978,8947
15979,6948
15980,7395
15981,6065
15982,8394
15983,4781
15984,4328
15985,4462
15986,6061
15987,6323
15988,6685
15989,3099
15990,13229
15991,5079
15992,5551
15993,15791
15994,5440
15995,7641
15996,6205
15997,7193
15998,8466
15999,7592
16000,9828
16001,2933
16002,4627
16003,5537
16004,8647
16005,2687
16006,5472
16007,4716
16008,5130
16009,5533
16010,5754
16011,3428
16012,5930
16013,5056
16014,3030
16015,3195
16016,7246
16017,4307
16018,4943
16019,5656
16020,5575
16021,9377
16022,12301
16023,5129
16024,7516
16025,5557
16026,9939
16027,5039
16028,2930
16029,4082
16030,5414
16031,12395
16032,3980
16033,8808
16034,7532
16035,2233
16036,3892
16037,6045
16038,6221
16039,5190
16040,8833
16041,9063
16042,7544
16043,4153
16044,12190
16045,2184
16046,3787
16047,8894
16048,4124
16049,5546
16050,3731
16051,7177
16052,4996
16053,3796
16054,13629
16055,10918
16056,2534
16057,4961
16058,5637
16059,7375
16060,9659
16061,5151
16062,2877
16063,8819
16064,2184
16065,9718
16066,4790
16067,5562
16068,9488
16069,5719
16070,1604
16071,4937
16072,2389
16073,3904
16074,11476
16075,7962
16076,4462
16077,12769
16078,7354
16079,10708
16080,12025
16081,7014
16082,4284
16083,2195
16084,4902
16085,6612
16086,2635
16087,5898
16088,4451
16089,7320
16090,2533
16091,5355
16092,8630
16093,1729
16094,9060
16095,5904
16096,2832
16097,6991
16098,3238
16099,3136
16100,9425
16101,7188
16102,7400
16103,8224
16104,5454
16105,4956
16106,7000
16107,7048
16108,7946
16109,5771
16110,6624
16111,3768
16112,8535
16113,6302
16114,5698
16115,3870
16116,4999
16117,8403
16118,6025
16119,4059
16120,5292
16121,5242
16122,5137
16123,16236
16124,5198
16125,10011
16126,4831
16127,3667
16128,6518
16129,5478
16130,3160
16131,5005
16132,9148
16133,14336
16134,7432
16135,9350
16136,7072
16137,10797
16138,8596
16139,7062
16140,5924
16141,4300
16142,10511
16143,7717
16144,7316
16145,5471
16146,5415
16147,5094
16148,2329
16149,12278
16150,6402
16151,5937
16152,4886
16153,1428
16154,8683
16155,8360
16156,11737
16157,5809
16158,4258
16159,3790
16160,6802
16161,4989
16162,4302
16163,10494
16164,4237
16165,4560
16166,5409
16167,3730
16168,2635
16169,2425
16170,14476
16171,4969
16172,13025
16173,4479
16174,6031
16175,5280
16176,4025
16177,3236
16178,6157
16179,3075
16180,2927
16181,10401
16182,6022
16183,2791
16184,8634
16185,2691
16186,5747
16187,3592
16188,10136
16189,7688
16190,8110
16191,2423
16192,5078
16193,2727
16194,4716
16195,3537
16196,16561
16197,12175
16198,4832
16199,2988
16200,6000
16201,4351
16202,2650
16203,7493
16204,2441
16205,14538
16206,4178
16207,4946
16208,5812
16209,11789
16210,6786
16211,4951
16212,5089
16213,5977
16214,6690
16215,6870
16216,3884
16217,1295
16218,4822
16219,2964
16220,2983
16221,5821
16222,6917
16223,5752
16224,5260
16225,7965
16226,5806
16227,3244
16228,7549
16229,2331
16230,9702
16231,5093
16232,2836
16233,4543
16234,4286
16235,4767
16236,7501
16237,6976
16238,3837
16239,6140
16240,2435
16241,4723
16242,7932
16243,8917
16244,3486
16245,2208
16246,5202
16247,7390
16248,6350
16249,2687
16250,11283
16251,3737
16252,3344
16253,5696
16254,10037
16255,9419
16256,4407
16257,4470
16258,5937
16259,1572
16260,6783
16261,7256
16262,4793
16263,4418
16264,2933
16265,8627
16266,2991
16267,4672
16268,3879
16269,3466
16270,2912
16271,7444
16272,6682
16273,5521
16274,3759
16275,5242
16276,7944
16277,7726
16278,7594
16279,4924
16280,5360
16281,5628
16282,8005
16283,7037
16284,5395
16285,2066
16286,5986
16287,6522
16288,6296
16289,7876
16290,5715
16291,2866
16292,7660
16293,5489
16294,10699
16295,2863
16296,2606
16297,9337
16298,1596
16299,5247
16300,4593
16301,8039
16302,3947
16303,4521
16304,9187
16305,2809
16306,6364
16307,9948
16308,14816
16309,6737
16310,2497
16311,5453
16312,3814
16313,2325
16314,7664
16315,5074
16316,6459
16317,5196
16318,5053
16319,4971
16320,4876
16321,4951
16322,4672
16323,9113
16324,5207
16325,2508
16326,6223
16327,4100
16328,5654
16329,5790
16330,5817
16331,7634
16332,8140
16333,8211
16334,5896
16335,4962
16336,5961
16337,2947
16338,5897
16339,8957
16340,6881
16341,7083
16342,6568
16343,14288
16344,3291
16345,3608
16346,4864
16347,4369
16348,8778
16349,10121
16350,7959
16351,7342
16352,7809
16353,1965
16354,7949
16355,3200
16356,6325
16357,6061
16358,5378
16359,2117
16360,5184
16361,3600
16362,3214
16363,7046
16364,4819
16365,8673
16366,17846
16367,5567
16368,3163
16369,4891
16370,8295
16371,6550
16372,4321
16373,5554
16374,1942
16375,6380
16376,6914
16377,3419
16378,10653
16379,11768
16380,3191
16381,5650
16382,3779
16383,3797
16384,4036
16385,8639
16386,3903
16387,4455
16388,4710
16389,2853
16390,2648
16391,2597
16392,5513
16393,5685
16394,4945
16395,7594
16396,1227
16397,7727
16398,15063
16399,3137
16400,8083
16401,7123
16402,4708
16403,4383
16404,2531
16405,4200
16406,4915
16407,5084
16408,3129
16409,9440
16410,4547
16411,4010
16412,6216
16413,4886
16414,6060
16415,4996
16416,5885
16417,10148
16418,4680
16419,7329
16420,5873
16421,3616
16422,3219
16423,4445
16424,5763
16425,6355
16426,3663
16427,12934
16428,5137
16429,4767
16430,11606
16431,4746
16432,6839
16433,4442
16434,5276
16435,5179
16436,6777
16437,15618
16438,2994
16439,5422
16440,3393
16441,9423
16442,6889
16443,4838
16444,3647
16445,4324
16446,2578
16447,2080
16448,6769
16449,2240
16450,3777
16451,1332
16452,21266
16453,8418
16454,2265
16455,5381
16456,6217
16457,6768
16458,5381
16459,8031
16460,5730
16461,5825
16462,2865
16463,7881
16464,6134
16465,4118
16466,6057
16467,9159
16468,4427
16469,8299
16470,6563
16471,3198
16472,5712
16473,6821
16474,2685
16475,9006
16476,6892
16477,5122
16478,9698
16479,3738
16480,5048
16481,8585
16482,6688
16483,2318
16484,4785
16485,3708
16486,3222
16487,5188
16488,5951
16489,3523
16490,6092
16491,2474
16492,5689
16493,2964
16494,5724
16495,5532
16496,4844
16497,5702
16498,8972
16499,2735
16500,5781
16501,7103
16502,3240
16503,5570
16504,6319
16505,9198
16506,6617
16507,3789
16508,2172
16509,2090
16510,5498
16511,4752
16512,4076
16513,11886
16514,5484
16515,5948
16516,8334
16517,7023
16518,2185
16519,0
16520,4456
16521,7982
16522,6241
16523,7584
16524,6068
16525,8761
16526,5291
16527,4186
16528,2875
16529,3443
16530,6148
16531,4351
16532,8096
16533,4944
16534,2902
16535,7915
16536,7244
16537,4825
16538,7551
16539,4387
16540,6979
16541,3599
16542,4936
16543,3773
16544,4867
16545,3416
16546,6371
16547,7713
16548,7955
16549,6148
16550,5678
16551,4220
16552,6258
16553,6984
16554,7008
16555,2867
16556,2869
16557,8338
16558,6141
16559,3077
16560,4098
16561,7928
16562,6617
16563,2520
16564,6262
16565,4835
16566,1822
16567,5148
16568,2813
16569,4283
16570,6296
16571,5880
16572,5362
16573,4343
16574,8326
16575,6196
16576,3634
16577,5629
16578,4998
16579,2999
16580,1174
16581,7362
16582,1593
16583,5700
16584,9626
16585,5688
16586,4506
16587,3165
16588,5623
16589,5265
16590,5029
16591,5541
16592,6233
16593,8060
16594,6405
16595,8803
16596,4142
16597,3895
16598,4217
16599,3668
16600,5344
16601,6697
16602,3442
16603,5350
16604,2804
16605,7958
16606,4382
16607,4335
16608,3859
16609,5494
16610,7526
16611,3428
16612,6671
16613,4624
16614,5453
16615,5190
16616,6059
16617,7726
16618,4601
16619,3661
16620,9548
16621,6837
16622,6648
16623,2111
16624,4698
16625,5114
16626,4097
16627,4818
16628,10464
16629,7918
16630,9073
16631,9707
16632,6413
16633,5334
16634,5992
16635,6059
16636,7487
16637,10656
16638,3304
16639,1787
16640,1550
16641,4112
16642,4998
16643,10037
16644,2454
16645,2005
16646,5391
16647,5662
16648,5844
16649,9773
16650,6908
16651,6449
16652,2776
16653,7684
16654,6254
16655,6853
16656,6927
16657,3474
16658,6317
16659,3101
16660,6605
16661,5712
16662,5252
16663,6020
16664,3864
16665,6368
16666,4899
16667,6680
16668,4938
16669,8227
16670,5383
16671,8882
16672,5186
16673,3591
16674,8368
16675,2835
16676,10437
16677,5948
16678,4920
16679,3286
16680,6867
16681,4500
16682,4382
16683,6321
16684,4472
16685,12358
16686,3102
16687,2982
16688,5748
16689,6143
16690,10493
16691,2588
16692,4768
16693,6031
16694,5520
16695,4848
16696,3547
16697,6018
16698,3317
16699,10597
16700,2816
16701,6790
16702,13757
16703,7506
16704,6267
16705,3168
16706,5042
16707,7930
16708,2702
16709,7500
16710,3012
16711,8254
16712,6627
16713,5486
16714,5806
16715,4677
16716,2866
16717,5485
16718,2378
16719,3715
16720,3245
16721,2883
16722,7770
16723,5420
16724,21320
16725,7531
16726,0
16727,0
16728,0
16729,0
16730,0
16731,0
16732,0
16733,0
16734,0
16735,0
16736,0
16737,0
16738,0
16739,0
16740,0
16741,0
16742,0
16743,0
16744,0
16745,0
16746,0
16747,0
16748,0
16749,0
16750,0
16751,0
16752,0
16753,0
16754,0
16755,0
16756,0
16757,0
16758,0
16759,0
16760,0
16761,0
16762,0
16763,0
16764,0
16765,0
16766,0
16767,0
16768,0
16769,0
16770,0
16771,0
16772,0
16773,0
16774,0
16775,0
16776,0
16777,0
16778,0
16779,0
16780,0
16781,0
16782,0
16783,0
16784,0
16785,0
16786,0
16787,0
16788,0
16789,0
16790,0
16791,0
16792,0
16793,0
16794,0
16795,0
16796,0
16797,0
16798,0
16799,0
16800,0
16801,0
16802,0
16803,0
16804,0
16805,0
16806,0
16807,0
16808,0
16809,0
16810,11873
16811,0
16812,0
16813,0
16814,0
16815,0
16816,0
16817,0
16818,0
16819,0
16820,0
16821,0
16822,0
16823,0
16824,0
16825,0
16826,0
16827,0
16828,0
16829,0
16830,0
16831,0
16832,0
16833,0
16834,0
16835,0
16836,0
16837,0
16838,0
16839,0
16840,0
16841,0
16842,0
16843,0
16844,0
16845,0
16846,0
16847,3369
16848,0
16849,0
16850,0
16851,0
16852,0
16853,0
16854,0
16855,0
16856,0
16857,0
16858,0
16859,0
16860,0
16861,0
16862,0
16863,0
16864,0
16865,0
16866,0
16867,0
16868,0
16869,0
16870,0
16871,0
16872,0
16873,0
16874,0
16875,0
16876,0
16877,0
16878,0
16879,0
16880,0
16881,0
16882,0
16883,0
16884,0
16885,0
16886,0
16887,0
16888,0
16889,0
16890,0
16891,0
16892,0
16893,0
16894,0
16895,0
16896,0
16897,0
16898,0
16899,0
16900,0
16901,0
16902,0
16903,0
16904,0
16905,0
16906,0
16907,0
16908,0
16909,0
16910,0
16911,0
16912,0
16913,0
16914,0
16915,0
16916,0
16917,0
16918,0
16919,0
16920,0
16921,0
16922,0
16923,0
16924,0
16925,0
16926,0
16927,0
16928,0
16929,0
16930,0
16931,0
16932,0
16933,0
16934,2537
16935,0
16936,0
16937,0
16938,0
16939,0
16940,0
16941,0
16942,0
16943,0
16944,0
16945,0
16946,0
16947,0
16948,0
16949,0
16950,0
16951,0
16952,0
16953,0
16954,0
16955,0
16956,0
16957,0
16958,0
16959,0
16960,0
16961,0
16962,0
16963,0
16964,0
16965,0
16966,0
16967,0
16968,0
16969,0
16970,0
16971,0
16972,0
16973,0
16974,0
16975,0
16976,0
16977,0
16978,0
16979,0
16980,0
16981,0
16982,0
16983,0
16984,16675
16985,0
16986,0
16987,28466
16988,0
16989,0
16990,0
16991,0
16992,0
16993,0
16994,0
16995,0
16996,0
16997,0
16998,0
16999,7417
17000,0
17001,0
17002,0
17003,0
17004,0
17005,0
17006,0
17007,0
17008,0
17009,0
17010,0
17011,0
17012,0
17013,0
17014,0
17015,0
17016,0
17017,0
17018,0
17019,0
17020,0
17021,0
17022,0
17023,0
17024,4327
17025,0
17026,0
17027,0
17028,0
17029,0
17030,0
17031,0
17032,0
17033,0
17034,0
17035,2518
17036,0
17037,0
17038,0
17039,0
17040,0
17041,0
17042,0
17043,0
17044,0
17045,0
17046,0
17047,0
17048,0
17049,0
17050,0
17051,0
17052,0
17053,0
17054,0
17055,0
17056,0
17057,0
17058,0
17059,0
17060,8538
17061,0
17062,0
17063,0
17064,0
17065,0
17066,0
17067,0
17068,0
17069,0
17070,0
17071,0
17072,0
17073,0
17074,0
17075,0
17076,0
17077,0
17078,8841
17079,0
17080,0
17081,0
17082,0
17083,0
17084,0
17085,0
17086,0
17087,0
17088,0
17089,0
17090,0
17091,0
17092,0
17093,0
17094,0
17095,0
17096,0
17097,0
17098,0
17099,0
17100,0
17101,0
17102,0
17103,0
17104,0
17105,0
17106,0
17107,0
17108,0
17109,0
17110,0
17111,0
17112,0
17113,0
17114,0
17115,0
17116,0
17117,0
17118,0
17119,0
17120,0
17121,0
17122,0
17123,0
17124,0
17125,0
17126,0
17127,0
17128,0
17129,0
17130,0
17131,0
17132,0
17133,0
17134,0
17135,0
17136,0
17137,0
17138,0
17139,0
17140,0
17141,0
17142,0
17143,0
17144,0
17145,0
17146,0
17147,0
17148,14510
17149,0
17150,0
17151,0
17152,0
17153,0
17154,0
17155,0
17156,0
17157,0
17158,1712
17159,0
17160,0
17161,0
17162,0
17163,0
17164,0
17165,0
17166,0
17167,0
17168,0
17169,0
17170,0
17171,0
17172,0
17173,0
17174,0
17175,0
17176,0
17177,0
17178,4996
17179,0
17180,0
17181,0
17182,0
17183,0
17184,0
17185,0
17186,0
17187,0
17188,0
17189,0
17190,0
17191,0
17192,0
17193,0
17194,0
17195,0
17196,0
17197,0
17198,0
17199,0
17200,0
17201,0
17202,0
17203,0
17204,0
17205,0
17206,0
17207,0
17208,0
17209,0
17210,0
17211,0
17212,0
17213,0
17214,0
17215,0
17216,0
17217,0
17218,0
17219,7903
17220,0
17221,0
17222,0
17223,0
17224,0
17225,0
17226,0
17227,0
17228,0
17229,0
17230,0
17231,0
17232,0
17233,0
17234,0
17235,0
17236,0
17237,7603
17238,0
17239,0
17240,0
17241,0
17242,0
17243,0
17244,0
17245,0
17246,0
17247,0
17248,0
17249,2139
17250,0
17251,0
17252,0
17253,0
17254,0
17255,4920
17256,0
17257,0
17258,0
17259,0
17260,0
17261,0
17262,0
17263,0
17264,0
17265,0
17266,0
17267,0
17268,0
17269,0
17270,0
17271,0
17272,0
17273,0
17274,0
17275,0
17276,0
17277,0
17278,0
17279,0
17280,0
17281,0
17282,0
17283,0
17284,0
17285,0
17286,0
17287,18393
17288,0
17289,0
17290,0
17291,0
17292,0
17293,0
17294,0
17295,0
17296,0
17297,0
17298,0
17299,0
17300,0
17301,0
17302,0
17303,5613
17304,0
17305,0
17306,0
17307,0
17308,0
17309,0
17310,0
17311,0
17312,0
17313,0
17314,0
17315,0
17316,0
17317,0
17318,0
17319,0
17320,0
17321,0
17322,0
17323,0
17324,0
17325,0
17326,0
17327,0
17328,0
17329,0
17330,0
17331,0
17332,0
17333,0
17334,0
17335,0
17336,0
17337,0
17338,0
17339,0
17340,0
17341,0
17342,0
17343,0
17344,0
17345,0
17346,0
17347,0
17348,0
17349,0
17350,0
17351,0
17352,0
17353,0
17354,0
17355,0
17356,0
17357,0
17358,0
17359,0
17360,0
17361,0
17362,0
17363,0
17364,0
17365,0
17366,0
17367,0
17368,0
17369,0
17370,0
17371,0
17372,0
17373,0
17374,0
17375,0
17376,0
17377,0
17378,0
17379,0
17380,0
17381,0
17382,0
17383,0
17384,0
17385,0
17386,0
17387,0
17388,0
17389,0
17390,0
17391,0
17392,0
17393,0
17394,0
17395,0
17396,0
17397,0
17398,0
17399,0
17400,0
17401,13296
17402,0
17403,0
17404,0
17405,0
17406,0
17407,7148
17408,0
17409,0
17410,0
17411,0
17412,0
17413,0
17414,0
17415,0
17416,0
17417,0
17418,0
17419,0
17420,0
17421,0
17422,0
17423,0
17424,0
17425,0
17426,0
17427,0
17428,0
17429,0
17430,0
17431,0
17432,0
17433,0
17434,0
17435,0
17436,0
17437,0
17438,0
17439,0
17440,0
17441,0
17442,0
17443,0
17444,0
17445,0
17446,0
17447,0
17448,0
17449,0
17450,0
17451,0
17452,0
17453,0
17454,0
17455,0
17456,0
17457,3046
17458,16159
17459,0
17460,0
17461,0
17462,0
17463,0
17464,0
17465,0
17466,0
17467,0
17468,0
17469,0
17470,0
17471,0
17472,0
17473,0
17474,0
17475,0
17476,0
17477,0
17478,0
17479,0
17480,0
17481,0
17482,0
17483,0
17484,0
17485,0
17486,0
17487,0
17488,0
17489,0
17490,0
17491,0
17492,0
17493,0
17494,11999
17495,0
17496,0
17497,0
17498,0
17499,0
17500,0
17501,0
17502,0
17503,0
17504,0
17505,0
17506,0
17507,0
17508,0
17509,0
17510,0
17511,0
17512,0
17513,0
17514,0
17515,0
17516,0
17517,0
17518,0
17519,0
17520,0
17521,0
17522,0
17523,0
17524,0
17525,0
17526,0
17527,0
17528,0
17529,0
17530,0
17531,0
17532,0
17533,0
17534,0
17535,0
17536,0
17537,0
17538,0
17539,0
17540,0
17541,0
17542,0
17543,0
17544,0
17545,0
17546,0
17547,0
17548,0
17549,0
17550,0
17551,0
17552,0
17553,0
17554,0
17555,0
17556,0
17557,0
17558,0
17559,0
17560,0
17561,0
17562,0
17563,0
17564,0
17565,0
17566,0
17567,0
17568,0
17569,0
17570,0
17571,0
17572,0
17573,0
17574,0
17575,0
17576,0
17577,0
17578,0
17579,0
17580,0
17581,0
17582,0
17583,0
17584,0
17585,0
17586,0
17587,0
17588,2443
17589,0
17590,0
17591,0
17592,2053
17593,0
17594,0
17595,0
17596,0
17597,0
17598,0
17599,0
17600,0
17601,0
17602,3733
17603,0
17604,0
17605,0
17606,0
17607,0
17608,0
17609,0
17610,0
17611,0
17612,0
17613,0
17614,0
17615,0
17616,0
17617,0
17618,0
17619,0
17620,0
17621,0
17622,0
17623,0
17624,0
17625,0
17626,0
17627,0
17628,0
17629,0
17630,0
17631,0
17632,0
17633,0
17634,0
17635,0
17636,0
17637,0
17638,0
17639,0
17640,0
17641,0
17642,0
17643,0
17644,0
17645,0
17646,0
17647,0
17648,0
17649,0
17650,0
17651,0
17652,0
17653,0
17654,0
17655,0
17656,2433
17657,0
17658,0
17659,0
17660,0
17661,0
17662,0
17663,0
17664,0
17665,0
17666,0
17667,0
17668,0
17669,0
17670,0
17671,0
17672,0
17673,11407
17674,0
17675,0
17676,0
17677,0
17678,0
17679,0
17680,0
17681,0
17682,0
17683,0
17684,0
17685,0
17686,0
17687,0
17688,0
17689,0
17690,0
17691,0
17692,0
17693,0
17694,0
17695,0
17696,0
17697,0
17698,0
17699,0
17700,0
17701,0
17702,0
17703,0
17704,0
17705,0
17706,0
17707,0
17708,0
17709,0
17710,0
17711,0
17712,0
17713,0
17714,0
17715,0
17716,0
17717,0
17718,0
17719,0
17720,0
17721,0
17722,0
17723,0
17724,0
17725,0
17726,0
17727,0
17728,0
17729,0
17730,0
17731,0
17732,0
17733,0
17734,0
17735,0
17736,0
17737,0
17738,0
17739,0
17740,0
17741,0
17742,0
17743,0
17744,0
17745,0
17746,0
17747,0
17748,0
17749,0
17750,0
17751,0
17752,0
17753,0
17754,0
17755,0
17756,0
17757,0
17758,0
17759,0
17760,0
17761,0
17762,0
17763,0
17764,0
17765,0
17766,0
17767,0
17768,0
17769,0
17770,4250
17771,0
17772,0
17773,0
17774,0
17775,0
17776,0
17777,0
17778,0
17779,0
17780,0
17781,0
17782,0
17783,0
17784,0
17785,0
17786,0
17787,0
17788,0
17789,0
17790,0
17791,0
17792,0
17793,0
17794,0
17795,0
17796,0
17797,0
17798,0
17799,0
17800,0
17801,0
17802,0
17803,0
17804,0
17805,0
17806,4637
17807,0
17808,0
17809,0
17810,0
17811,0
17812,0
17813,0
17814,0
17815,0
17816,0
17817,0
17818,0
17819,0
17820,0
17821,0
17822,13464
17823,0
17824,4595
17825,0
17826,0
17827,0
17828,0
17829,0
17830,0
17831,0
17832,0
17833,0
17834,0
17835,0
17836,0
17837,0
17838,0
17839,0
17840,0
17841,4048
17842,4435
17843,6256
17844,9290
17845,4434
17846,4636
17847,9248
17848,5823
17849,7244
17850,5720
17851,7139
17852,6852
17853,4030
17854,5664
17855,6086
17856,8117
17857,5543
17858,6550
17859,6530
17860,8935
17861,4554
17862,4383
17863,4706
17864,9270
17865,10872
17866,5663
17867,8753
17868,4344
17869,7351
17870,3570
17871,5102
17872,4056
17873,7975
17874,8039
17875,9892
17876,9660
17877,5311
17878,5153
17879,4510
17880,3990
17881,5686
17882,9649
17883,6152
17884,5012
17885,4687
17886,4397
17887,7109
17888,3484
17889,6860
17890,3728
17891,6413
17892,5718
17893,4970
17894,6559
17895,4828
17896,7150
17897,8249
17898,6259
17899,5413
17900,7956
17901,4807
17902,6992
17903,6033
17904,9943
17905,4513
17906,5782
17907,7693
17908,7482
17909,7846
17910,5746
17911,8215
17912,3949
17913,4807
17914,5848
17915,6062
17916,8695
17917,6950
17918,3250
17919,5187
17920,7108
17921,7038
17922,8491
17923,3975
17924,12568
17925,7014
17926,4205
17927,6584
17928,5680
17929,6268
17930,8080
17931,4085
17932,5368
17933,5601
17934,6742
17935,6260
17936,4829
17937,6250
17938,5049
17939,5062
17940,8631
17941,7075
17942,6161
17943,4959
17944,10448
17945,4977
17946,9140
17947,7239
17948,12323
17949,6568
17950,4816
17951,5690
17952,6202
17953,5755
17954,4521
17955,7243
17956,7647
17957,3867
17958,7337
17959,5983
17960,6509
17961,4490
17962,8477
17963,7676
17964,4828
17965,11608
17966,5071
17967,4374
17968,7311
17969,8262
17970,5159
17971,4407
17972,6584
17973,5574
17974,5082
17975,5476
17976,4714
17977,7666
17978,7379
17979,6530
17980,7423
17981,5068
17982,4819
17983,5667
17984,6584
17985,7100
17986,7616
17987,7612
17988,9161
17989,5106
17990,7894
17991,6345
17992,5062
17993,5660
17994,8465
17995,6107
17996,5834
17997,9465
17998,7474
17999,6813
18000,4855
18001,7470
18002,6496
18003,7247
18004,6046
18005,3855
18006,5212
18007,8276
18008,7396
18009,5527
18010,3654
18011,8119
18012,7155
18013,7791
18014,6198
18015,5552
18016,5007
18017,3751
18018,9109
18019,6751
18020,6619
18021,5568
18022,4815
18023,6956
18024,6292
18025,5761
18026,3694
18027,6068
18028,4468
18029,7855
18030,7548
18031,6660
18032,10330
18033,4441
18034,4606
18035,10178
18036,5054
18037,5844
18038,2017
18039,7599
18040,7995
18041,4603
18042,5949
18043,6055
18044,5625
18045,5873
18046,7816
18047,10400
18048,2611
18049,6348
18050,2784
18051,13265
18052,4393
18053,7805
18054,8459
18055,5419
18056,6258
18057,4601
18058,4911
18059,3324
18060,4544
18061,5616
18062,4965
18063,6483
18064,6708
18065,4675
18066,6547
18067,6412
18068,7693
18069,8157
18070,7755
18071,4292
18072,3237
18073,9122
18074,9779
18075,4747
18076,7589
18077,5165
18078,7390
18079,4808
18080,4978
18081,6187
18082,3249
18083,5791
18084,4315
18085,9312
18086,6936
18087,7447
18088,7378
18089,5136
18090,7661
18091,18327
18092,9036
18093,5220
18094,2530
18095,5698
18096,7470
18097,5275
18098,5838
18099,13140
18100,6565
18101,9674
18102,18654
18103,3951
18104,6209
18105,4732
18106,4265
18107,7341
18108,4491
18109,8510
18110,9818
18111,7062
18112,5476
18113,7228
18114,4370
18115,6242
18116,3687
18117,5655
18118,7257
18119,8463
18120,5868
18121,5374
18122,4571
18123,7274
18124,4741
18125,5066
18126,3417
18127,8002
18128,4836
18129,5593
18130,6858
18131,7321
18132,6324
18133,5622
18134,5784
18135,5245
18136,6405
18137,6665
18138,8114
18139,8658
18140,6863
18141,5239
18142,3178
18143,5745
18144,6506
18145,5573
18146,4645
18147,2145
18148,7771
18149,5932
18150,7806
18151,6519
18152,4796
18153,6085
18154,4859
18155,4524
18156,9164
18157,4959
18158,6508
18159,7240
18160,14294
18161,4987
18162,4698
18163,7206
18164,4999
18165,5605
18166,4908
18167,7304
18168,4639
18169,6720
18170,3883
18171,5627
18172,3976
18173,9583
18174,5021
18175,13379
18176,12014
18177,4696
18178,6190
18179,5292
18180,6045
18181,5558
18182,10969
18183,6752
18184,7981
18185,4257
18186,7422
18187,4724
18188,9026
18189,9222
18190,5886
18191,5685
18192,6056
18193,6735
18194,7581
18195,8984
18196,5891
18197,7146
18198,9477
18199,6341
18200,6578
18201,4954
18202,9225
18203,7209
18204,4891
18205,4742
18206,5862
18207,4579
18208,8548
18209,5644
18210,7031
18211,5657
18212,8416
18213,4262
18214,7521
18215,8317
18216,7742
18217,7530
18218,6423
18219,3780
18220,12491
18221,9835
18222,6585
18223,16282
18224,9149
18225,6294
18226,6221
18227,8173
18228,9862
18229,10695
18230,10877
18231,5289
18232,7225
18233,5158
18234,7604
18235,4240
18236,10071
18237,5449
18238,4512
18239,5838
18240,8418
18241,7518
18242,5011
18243,7587
18244,5017
18245,3868
18246,6233
18247,3936
18248,4294
18249,5229
18250,5758
18251,8375
18252,8661
18253,7435
18254,6201
18255,5145
18256,10562
18257,6613
18258,4735
18259,5143
18260,4770
18261,8650
18262,4391
18263,11167
18264,7284
18265,3478
18266,4691
18267,6460
18268,5885
18269,4712
18270,8187
18271,9602
18272,11528
18273,5435
18274,9656
18275,3275
18276,5129
18277,6200
18278,4796
18279,6585
18280,5125
18281,5997
18282,3638
18283,4497
18284,10233
18285,8250
18286,4470
18287,5474
18288,8492
18289,9824
18290,7553
18291,5199
18292,4031
18293,9998
18294,5709
18295,7144
18296,5725
18297,4782
18298,6536
18299,8152
18300,3329
18301,3996
18302,4682
18303,6367
18304,9520
18305,6970
18306,7410
18307,12414
18308,4813
18309,9484
18310,11266
18311,6561
18312,4902
18313,3202
18314,7063
18315,6079
18316,5712
18317,5552
18318,6258
18319,10450
18320,5067
18321,4979
18322,6415
18323,4799
18324,6717
18325,4823
18326,4134
18327,6025
18328,3371
18329,6386
18330,8197
18331,6214
18332,7315
18333,7894
18334,7397
18335,4670
18336,7161
18337,8587
18338,7366
18339,5594
18340,5715
18341,4675
18342,9769
18343,5651
18344,6399
18345,4860
18346,6682
18347,7997
18348,6552
18349,5557
18350,8212
18351,5434
18352,6347
18353,16872
18354,5668
18355,8161
18356,5593
18357,5351
18358,5197
18359,4556
18360,4130
18361,4472
18362,8201
18363,13493
18364,7890
18365,8955
18366,9651
18367,10451
18368,9815
18369,7385
18370,6156
18371,5334
18372,11483
18373,10092
18374,6423
18375,8250
18376,7981
18377,5978
18378,4244
18379,10960
18380,6082
18381,6357
18382,5898
18383,1961
18384,12240
18385,10014
18386,14468
18387,5781
18388,4406
18389,4638
18390,5586
18391,6654
18392,6333
18393,6498
18394,5528
18395,4303
18396,6840
18397,3808
18398,2812
18399,5895
18400,12526
18401,6418
18402,16793
18403,4358
18404,5748
18405,6242
18406,5002
18407,4985
18408,4834
18409,5080
18410,3773
18411,7584
18412,6187
18413,3517
18414,8465
18415,4596
18416,5628
18417,4681
18418,9463
18419,6896
18420,9873
18421,4685
18422,6206
18423,4129
18424,4293
18425,4441
18426,14659
18427,9652
18428,6055
18429,4586
18430,4850
18431,5720
18432,4430
18433,9087
18434,4684
18435,14034
18436,4367
18437,5176
18438,5712
18439,8904
18440,6315
18441,4222
18442,5973
18443,6381
18444,6622
18445,6197
18446,5648
18447,3246
18448,8927
18449,5236
18450,3826
18451,5776
18452,5757
18453,5962
18454,6460
18455,8341
18456,8156
18457,6228
18458,6482
18459,4091
18460,8124
18461,5547
18462,4331
18463,6719
18464,6904
18465,6172
18466,7934
18467,5746
18468,5855
18469,6148
18470,5679
18471,5632
18472,6996
18473,6624
18474,6046
18475,5125
18476,5016
18477,8314
18478,5611
18479,3993
18480,11200
18481,5079
18482,3151
18483,6762
18484,8507
18485,9111
18486,5141
18487,5363
18488,5993
18489,3480
18490,5988
18491,7626
18492,5961
18493,5533
18494,6646
18495,8006
18496,2927
18497,5278
18498,5373
18499,5163
18500,4564
18501,6785
18502,6934
18503,5873
18504,4705
18505,7452
18506,5908
18507,7807
18508,8169
18509,4388
18510,6426
18511,6404
18512,7476
18513,7117
18514,8086
18515,3182
18516,9305
18517,6344
18518,7113
18519,10166
18520,4631
18521,3631
18522,11158
18523,7995
18524,7690
18525,5271
18526,5870
18527,8509
18528,3080
18529,5924
18530,5352
18531,7159
18532,6033
18533,4757
18534,7623
18535,4948
18536,8414
18537,10074
18538,16843
18539,6695
18540,4206
18541,5026
18542,3745
18543,3029
18544,11365
18545,7930
18546,5235
18547,8655
18548,4643
18549,11054
18550,4105
18551,5282
18552,5584
18553,8292
18554,4648
18555,5779
18556,5199
18557,4560
18558,7181
18559,4708
18560,6416
18561,7379
18562,8717
18563,6748
18564,7310
18565,5434
18566,10078
18567,4385
18568,4994
18569,10106
18570,6589
18571,8173
18572,8210
18573,15390
18574,5121
18575,4553
18576,4665
18577,5831
18578,8170
18579,9521
18580,6244
18581,7137
18582,7451
18583,3389
18584,7547
18585,6736
18586,5671
18587,7078
18588,4913
18589,4602
18590,4454
18591,4120
18592,4528
18593,7777
18594,6765
18595,10236
18596,15710
18597,6505
18598,4884
18599,6454
18600,8113
18601,9040
18602,3838
18603,5671
18604,3643
18605,8884
18606,6028
18607,5774
18608,12188
18609,12263
18610,4560
18611,6994
18612,3803
18613,5304
18614,5909
18615,8139
18616,4477
18617,4023
18618,5178
18619,6699
18620,6048
18621,4487
18622,5508
18623,6663
18624,6200
18625,6371
18626,3566
18627,9999
18628,18617
18629,3979
18630,6744
18631,8071
18632,5994
18633,4165
18634,3640
18635,3620
18636,7450
18637,4375
18638,7280
18639,9552
18640,4329
18641,4913
18642,5747
18643,5251
18644,4570
18645,5210
18646,5895
18647,9624
18648,7218
18649,8513
18650,5335
18651,4201
18652,6543
18653,6103
18654,7833
18655,6090
18656,4755
18657,21738
18658,5823
18659,5617
18660,11416
18661,6757
18662,6238
18663,5852
18664,7015
18665,4474
18666,9281
18667,13893
18668,5050
18669,5059
18670,5989
18671,12127
18672,5536
18673,4870
18674,5817
18675,5147
18676,6294
18677,3857
18678,8204
18679,3882
18680,6752
18681,2406
18682,18295
18683,7964
18684,3878
18685,4413
18686,8600
18687,5940
18688,6275
18689,7270
18690,5597
18691,5142
18692,4086
18693,9161
18694,5155
18695,5573
18696,6672
18697,7098
18698,5243
18699,7557
18700,5531
18701,3699
18702,8046
18703,8293
18704,4420
18705,7301
18706,6012
18707,4425
18708,9017
18709,5330
18710,7200
18711,5950
18712,7505
18713,3991
18714,4499
18715,4389
18716,8340
18717,6214
18718,8090
18719,3546
18720,7901
18721,3645
18722,6311
18723,5034
18724,5771
18725,6074
18726,6616
18727,5947
18728,8047
18729,3510
18730,5734
18731,7182
18732,6766
18733,6261
18734,7199
18735,9666
18736,6875
18737,2697
18738,6281
18739,5001
18740,6199
18741,6725
18742,4122
18743,11183
18744,4730
18745,6765
18746,9539
18747,6158
18748,3583
18749,0
18750,5113
18751,9757
18752,5173
18753,7471
18754,8742
18755,5859
18756,5391
18757,6177
18758,5013
18759,5476
18760,5648
18761,10072
18762,6971
18763,5459
18764,4406
18765,6032
18766,6675
18767,6197
18768,6593
18769,5859
18770,6528
18771,4229
18772,7165
18773,7492
18774,6289
18775,5568
18776,6667
18777,6557
18778,8970
18779,5239
18780,7253
18781,4975
18782,5437
18783,6880
18784,6000
18785,4482
18786,4044
18787,6935
18788,8312
18789,4848
18790,5425
18791,7435
18792,5566
18793,5058
18794,5779
18795,4500
18796,3340
18797,7897
18798,4183
18799,7308
18800,5836
18801,5953
18802,6043
18803,10468
18804,8279
18805,6816
18806,5061
18807,7797
18808,8015
18809,3769
18810,3230
18811,7555
18812,3165
18813,6596
18814,12362
18815,7349
18816,6631
18817,4003
18818,7152
18819,5844
18820,5965
18821,6737
18822,7439
18823,7675
18824,5482
18825,7707
18826,4583
18827,6810
18828,4941
18829,5426
18830,5309
18831,5410
18832,5713
18833,7119
18834,4345
18835,9179
18836,6087
18837,4060
18838,4424
18839,7790
18840,6794
18841,5071
18842,6088
18843,6178
18844,4690
18845,6072
18846,5828
18847,6010
18848,4815
18849,4961
18850,7856
18851,6349
18852,5467
18853,3657
18854,9822
18855,5859
18856,4870
18857,6541
18858,10258
18859,7539
18860,7818
18861,9475
18862,6708
18863,5098
18864,5403
18865,7508
18866,8174
18867,11426
18868,4223
18869,6138
18870,3140
18871,4365
18872,8691
18873,13479
18874,5978
18875,4404
18876,4710
18877,6096
18878,5251
18879,8635
18880,8143
18881,5514
18882,3988
18883,6906
18884,5417
18885,9422
18886,8158
18887,4560
18888,6497
18889,3737
18890,6423
18891,7445
18892,6991
18893,7618
18894,5864
18895,6718
18896,3893
18897,5716
18898,6863
18899,7851
18900,6975
18901,7584
18902,5312
18903,4423
18904,9268
18905,4402
18906,11125
18907,5797
18908,4193
18909,5862
18910,5762
18911,6090
18912,7421
18913,8618
18914,4317
18915,12295
18916,4107
18917,4349
18918,6243
18919,7175
18920,10385
18921,6516
18922,5789
18923,5038
18924,6073
18925,6478
18926,4848
18927,5807
18928,4903
18929,9604
18930,5937
18931,8025
18932,12125
18933,7977
18934,4534
18935,4697
18936,5592
18937,10488
18938,5621
18939,8440
18940,4078
18941,9458
18942,6629
18943,4723
18944,4648
18945,4259
18946,5053
18947,5168
18948,5333
18949,4553
18950,4340
18951,4680
18952,8064
18953,6071
18954,20920
18955,5913
18956,3731
18957,4248
18958,5732
18959,8299
18960,4153
18961,4184
18962,8798
18963,5532
18964,6021
18965,5274
18966,6603
18967,6187
18968,3662
18969,4838
18970,5612
18971,7558
18972,5464
18973,5814
18974,5858
18975,8044
18976,4205
18977,4046
18978,4272
18979,8278
18980,8962
18981,5062
18982,7936
18983,4085
18984,6471
18985,3411
18986,4610
18987,3673
18988,6755
18989,7144
18990,9022
18991,8648
18992,4812
18993,4625
18994,3955
18995,3587
18996,5131
18997,8596
18998,5425
18999,4543
19000,4104
19001,4142
19002,6521
19003,3150
19004,6422
19005,3314
19006,5872
19007,5122
19008,4549
19009,5894
19010,4421
19011,6743
19012,7378
19013,5899
19014,4968
19015,7654
19016,4243
19017,5836
19018,5365
19019,8988
19020,4528
19021,5221
19022,7052
19023,6627
19024,7603
19025,5269
19026,7745
19027,3785
19028,4585
19029,5027
19030,5376
19031,8090
19032,6197
19033,3093
19034,4738
19035,6336
19036,6404
19037,7689
19038,3385
19039,11420
19040,5913
19041,3586
19042,5826
19043,5602
19044,5784
19045,6788
19046,3834
19047,4785
19048,5174
19049,6045
19050,6074
19051,4707
19052,5722
19053,4504
19054,4817
19055,7551
19056,6558
19057,5171
19058,4444
19059,9477
19060,4443
19061,8237
19062,6491
19063,10884
19064,5912
19065,4461
19066,5211
19067,5541
19068,5191
19069,4273
19070,6737
19071,6491
19072,3115
19073,6484
19074,5496
19075,5728
19076,4065
19077,7705
19078,7184
19079,4399
19080,10433
19081,4370
19082,3968
19083,6708
19084,7924
19085,4628
19086,3852
19087,5933
19088,5357
19089,4564
19090,5047
19091,4410
19092,7362
19093,6986
19094,5850
19095,6657
19096,4621
19097,3883
19098,5101
19099,6343
19100,6503
19101,6917
19102,6634
19103,8365
19104,4699
19105,6897
19106,5989
19107,4263
19108,5348
19109,7514
19110,5692
19111,5751
19112,8698
19113,6854
19114,6292
19115,4530
19116,6406
19117,6041
19118,6492
19119,5689
19120,3532
19121,4500
19122,8295
19123,6677
19124,4944
19125,3190
19126,7064
19127,6351
19128,6902
19129,5780
19130,5149
19131,4338
19132,3446
19133,8196
19134,5762
19135,5850
19136,5247
19137,4498
19138,6285
19139,5424
19140,5177
19141,3266
19142,6066
19143,3952
19144,7174
19145,6965
19146,6014
19147,9570
19148,4066
19149,4186
19150,8379
19151,4397
19152,5294
19153,2310
19154,6817
19155,6794
19156,4133
19157,5405
19158,5728
19159,5179
19160,5272
19161,6795
19162,9273
19163,2308
19164,6193
19165,2612
19166,12030
19167,4045
19168,7321
19169,7559
19170,4917
19171,5445
19172,4386
19173,4704
19174,2798
19175,3994
19176,5244
19177,4538
19178,5687
19179,6110
19180,4421
19181,6050
19182,5471
19183,7251
19184,7364
19185,6801
19186,3996
19187,2921
19188,8512
19189,8581
19190,4424
19191,6902
19192,4554
19193,6308
19194,4040
19195,4535
19196,5569
19197,2947
19198,5566
19199,3867
19200,8154
19201,6149
19202,6577
19203,6778
19204,4545
19205,6979
19206,16513
19207,8361
19208,4241
19209,2401
19210,5012
19211,6632
19212,4701
19213,5260
19214,11981
19215,5764
19216,8908
19217,17194
19218,3459
19219,5383
19220,4440
19221,3970
19222,6782
19223,4126
19224,7121
19225,8663
19226,7155
19227,5156
19228,6177
19229,3678
19230,5416
19231,3551
19232,5181
19233,6329
19234,7725
19235,5083
19236,4786
19237,4148
19238,6525
19239,4455
19240,4577
19241,3123
19242,7186
19243,4484
19244,4969
19245,6180
19246,6683
19247,5598
19248,5324
19249,5691
19250,5052
19251,5854
19252,5972
19253,7211
19254,7603
19255,6623
19256,4881
19257,2999
19258,5175
19259,5789
19260,4925
19261,4257
19262,2252
19263,7261
19264,5660
19265,7994
19266,5935
19267,4480
19268,5647
19269,4203
19270,3998
19271,8384
19272,4558
19273,5785
19274,6532
19275,13044
19276,4680
19277,4655
19278,6498
19279,5049
19280,4996
19281,4333
19282,6849
19283,3847
19284,5762
19285,3316
19286,5159
19287,3599
19288,8785
19289,4348
19290,13097
19291,11158
19292,4173
19293,5485
19294,5029
19295,5656
19296,4582
19297,10092
19298,6260
19299,7421
19300,3854
19301,6821
19302,4366
19303,8481
19304,8266
19305,5439
19306,4925
19307,5467
19308,6058
19309,6787
19310,8253
19311,5276
19312,6562
19313,8247
19314,5469
19315,5864
19316,4584
19317,7929
19318,6246
19319,4942
19320,4360
19321,5618
19322,4156
19323,7534
19324,5076
19325,6309
19326,5068
19327,7620
19328,3940
19329,6849
19330,8276
19331,7059
19332,7591
19333,5851
19334,3456
19335,11380
19336,8856
19337,5960
19338,14228
19339,8743
19340,5663
19341,5370
19342,7464
19343,8799
19344,9965
19345,9887
19346,4733
19347,6151
19348,4588
19349,7016
19350,3432
19351,9364
19352,4652
19353,4226
19354,5188
19355,7706
19356,6898
19357,4474
19358,6362
19359,4768
19360,3467
19361,5682
19362,3600
19363,3960
19364,5085
19365,5115
19366,7570
19367,7986
19368,6406
19369,5380
19370,4794
19371,9589
19372,5841
19373,4054
19374,4646
19375,4253
19376,7716
19377,3959
19378,9888
19379,6375
19380,2733
19381,3948
19382,5899
19383,5287
19384,4337
19385,7628
19386,8218
19387,10727
19388,5552
19389,8850
19390,2719
19391,4631
19392,5401
19393,4431
19394,5931
19395,4878
19396,5304
19397,3388
19398,4319
19399,9391
19400,6836
19401,3841
19402,4887
19403,7505
19404,8733
19405,6860
19406,4746
19407,3888
19408,9224
19409,5438
19410,6324
19411,5038
19412,4443
19413,5941
19414,7621
19415,3277
19416,3692
19417,4667
19418,5338
19419,8422
19420,6430
19421,6408
19422,11473
19423,4238
19424,8800
19425,9702
19426,5807
19427,4293
19428,2729
19429,6681
19430,4974
19431,5294
19432,5021
19433,5749
19434,10255
19435,4565
19436,4544
19437,5740
19438,5166
19439,5900
19440,4457
19441,3584
19442,5592
19443,3032
19444,6511
19445,7646
19446,5626
19447,6959
19448,7245
19449,6945
19450,4137
19451,6384
19452,8230
19453,6470
19454,4992
19455,5277
19456,4156
19457,8426
19458,5003
19459,5517
19460,4590
19461,5631
19462,6957
19463,5634
19464,5215
19465,7310
19466,4816
19467,5735
19468,15794
19469,5411
19470,7393
19471,4965
19472,5000
19473,4694
19474,4124
19475,3826
19476,4195
19477,7452
19478,12237
19479,7919
19480,7898
19481,9400
19482,9447
19483,8935
19484,6612
19485,5801
19486,4911
19487,10155
19488,9296
19489,5903
19490,7205
19491,7501
19492,5407
19493,3754
19494,10006
19495,5761
19496,5465
19497,5447
19498,1916
19499,11528
19500,9011
19501,12827
19502,5246
19503,4249
19504,4322
19505,5156
19506,6263
19507,5876
19508,5888
19509,5085
19510,3894
19511,6387
19512,3107
19513,2674
19514,5444
19515,11865
19516,5836
19517,15480
19518,3851
19519,5021
19520,5416
19521,4879
19522,4191
19523,4164
19524,4534
19525,3332
19526,6752
19527,5630
19528,3179
19529,7518
19530,4503
19531,5058
19532,4159
19533,8605
19534,6272
19535,8638
19536,4403
19537,5866
19538,3620
19539,4190
19540,3918
19541,12693
19542,8879
19543,5439
19544,4258
19545,4181
19546,5122
19547,3783
19548,8512
19549,4183
19550,12791
19551,3962
19552,4776
19553,5012
19554,7807
19555,5653
19556,3883
19557,5664
19558,6306
19559,5925
19560,5848
19561,5047
19562,3117
19563,8778
19564,4644
19565,3397
19566,5246
19567,5086
19568,5261
19569,5898
19570,7657
19571,7359
19572,5789
19573,5941
19574,3783
19575,7348
19576,4686
19577,3868
19578,5820
19579,5960
19580,5307
19581,7136
19582,5084
19583,5346
19584,5434
19585,5728
19586,5242
19587,6236
19588,6155
19589,5633
19590,5344
19591,4637
19592,7845
19593,5366
19594,3651
19595,10052
19596,4479
19597,3006
19598,6556
19599,7777
19600,8495
19601,4774
19602,4826
19603,5298
19604,3125
19605,5413
19606,6069
19607,5560
19608,4980
19609,5973
19610,6786
19611,2846
19612,4496
19613,4747
19614,4884
19615,4265
19616,5959
19617,6246
19618,5475
19619,4221
19620,6886
19621,5319
19622,6870
19623,7587
19624,4111
19625,5883
19626,5973
19627,6958
19628,6555
19629,6776
19630,2837
19631,7924
19632,5766
19633,6215
19634,8641
19635,4170
19636,3573
19637,11017
19638,7243
19639,6881
19640,4785
19641,5863
19642,7573
19643,3083
19644,5507
19645,4466
19646,6265
19647,5458
19648,4594
19649,7180
19650,4280
19651,7454
19652,9160
19653,14831
19654,6521
19655,4101
19656,4630
19657,3453
19658,2545
19659,10124
19660,6717
19661,4737
19662,7942
19663,4398
19664,10249
19665,3709
19666,5017
19667,5232
19668,7354
19669,4167
19670,5569
19671,4749
19672,3995
19673,6697
19674,4365
19675,5758
19676,6662
19677,7944
19678,6305
19679,6508
19680,4953
19681,9683
19682,4128
19683,4534
19684,9309
19685,6002
19686,7488
19687,7078
19688,14366
19689,4587
19690,4166
19691,4084
19692,4984
19693,7646
19694,8803
19695,5649
19696,6849
19697,6377
19698,3192
19699,6873
19700,6299
19701,5278
19702,6635
19703,4430
19704,4122
19705,4156
19706,3391
19707,3859
19708,6727
19709,6042
19710,9476
19711,13591
19712,5990
19713,4398
19714,5397
19715,7139
19716,7921
19717,3297
19718,4946
19719,3565
19720,8280
19721,5540
19722,5444
19723,10858
19724,10953
19725,3812
19726,6086
19727,3362
19728,4631
19729,5122
19730,7433
19731,4000
19732,3582
19733,4869
19734,6724
19735,6335
19736,4343
19737,4948
19738,5932
19739,5683
19740,5347
19741,3294
19742,8913
19743,16567
19744,3883
19745,5985
19746,7205
19747,5671
19748,3626
19749,3375
19750,3255
19751,6611
19752,4140
19753,6870
19754,8433
19755,3808
19756,4261
19757,5059
19758,4657
19759,4189
19760,4634
19761,5500
19762,8547
19763,6775
19764,7830
19765,4822
19766,3794
19767,5838
19768,5401
19769,7106
19770,5583
19771,4112
19772,20172
19773,5245
19774,5323
19775,10334
19776,6110
19777,5502
19778,5484
19779,6435
19780,4245
19781,8006
19782,12456
19783,4690
19784,4474
19785,5653
19786,10686
19787,5144
19788,4474
19789,5144
19790,4359
19791,5692
19792,3786
19793,7361
19794,3498
19795,6167
19796,2269
19797,16984
19798,7069
19799,3185
19800,3967
19801,8370
19802,5259
19803,5795
19804,6580
19805,5056
19806,4389
19807,3960
19808,8502
19809,4721
19810,5288
19811,5941
19812,6414
19813,4867
19814,6902
19815,5265
19816,3512
19817,7489
19818,8579
19819,4062
19820,6333
19821,5415
19822,4239
19823,7963
19824,5028
19825,6658
19826,5440
19827,6439
19828,3622
19829,4035
19830,4012
19831,9100
19832,5755
19833,7309
19834,3256
19835,7327
19836,3065
19837,5041
19838,4263
19839,5204
19840,5096
19841,6170
19842,5559
19843,7300
19844,3456
19845,5116
19846,5787
19847,6419
19848,5743
19849,6127
19850,8637
19851,6132
19852,2439
19853,6103
19854,4585
19855,5783
19856,6086
19857,3615
19858,9991
19859,4288
19860,5715
19861,8533
19862,5773
19863,3256
19864,0
19865,4760
19866,8662
19867,4797
19868,6776
19869,8545
19870,5152
19871,4561
19872,5378
19873,4692
19874,5016
19875,5295
19876,8695
19877,6261
19878,5027
19879,4013
19880,6082
19881,5839
19882,5165
19883,5921
19884,5385
19885,5331
19886,4106
19887,6800
19888,6934
19889,5725
19890,5026
19891,5463
19892,6296
19893,8339
19894,4496
19895,6690
19896,4691
19897,4975
19898,6163
19899,5625
19900,4157
19901,3821
19902,6419
19903,7202
19904,4327
19905,4983
19906,6906
19907,5353
19908,5097
19909,4909
19910,3903
19911,2776
19912,7111
19913,3743
19914,6672
19915,5501
19916,5619
19917,5573
19918,10186
19919,7424
19920,6210
19921,4166
19922,6827
19923,6973
19924,3495
19925,3044
19926,7026
19927,2962
19928,5976
19929,11450
19930,6543
19931,5755
19932,3609
19933,6369
19934,5243
19935,5319
19936,5916
19937,6958
19938,6587
19939,4843
19940,7129
19941,4066
19942,5957
19943,4366
19944,4742
19945,4814
19946,4481
19947,4692
19948,6528
19949,3714
19950,8257
19951,5743
19952,3517
19953,4129
19954,7290
19955,6318
19956,4843
19957,5453
19958,5535
19959,4397
19960,5578
19961,5421
19962,5367
19963,4413
19964,4522
19965,6761
19966,5567
19967,4916
19968,3036
19969,9360
19970,5246
19971,4233
19972,6201
19973,9234
19974,6711
19975,7006
19976,8335
19977,5808
19978,4485
19979,4765
19980,6808
19981,7779
19982,10420
19983,3922
19984,5738
19985,3107
19986,3893
19987,8539
19988,12264
19989,6088
19990,4419
19991,4306
19992,5088
19993,4799
19994,7648
19995,7119
19996,5172
19997,3493
19998,6325
19999,5088
20000,8805
20001,7205
20002,3928
20003,6082
20004,3496
20005,5584
20006,6975
20007,6041
20008,7116
20009,5505
20010,6208
20011,3596
20012,5156
20013,6316
20014,7332
20015,5905
20016,6764
20017,4915
20018,3886
20019,8059
20020,3988
20021,9841
20022,5326
20023,3738
20024,5589
20025,5404
20026,5647
20027,6480
20028,7797
20029,3860
20030,10863
20031,3313
20032,3783
20033,5875
20034,6612
20035,9128
20036,6331
20037,5648
20038,4756
20039,5540
20040,5929
20041,4450
20042,5337
20043,4195
20044,8707
20045,5943
20046,7034
20047,11311
20048,7221
20049,4236
20050,4418
20051,4833
20052,9649
20053,4925
20054,7566
20055,3809
20056,8496
20057,5946
20058,4614
20059,4145
20060,3825
20061,4716
20062,4887
20063,4991
20064,4260
20065,4132
20066,3964
20067,7162
20068,5714
20069,18267
20070,5318
20071,3567
20072,4806
20073,5217
20074,7679
20075,4195
20076,4000
20077,7622
20078,5053
20079,5695
20080,4741
20081,6776
20082,6060
20083,3604
20084,4288
20085,5452
20086,7106
20087,4990
20088,6021
20089,5239
20090,7985
20091,3874
20092,3816
20093,4231
20094,7739
20095,8306
20096,4858
20097,7100
20098,3682
20099,6191
20100,2931
20101,4490
20102,3586
20103,6257
20104,6741
20105,8467
20106,8363
20107,4750
20108,4326
20109,3506
20110,3261
20111,5083
20112,8364
20113,5005
20114,4322
20115,4059
20116,4031
20117,6440
20118,2937
20119,6263
20120,3233
20121,5785
20122,5042
20123,4305
20124,5904
20125,4270
20126,6460
20127,6925
20128,5649
20129,4650
20130,7603
20131,4203
20132,4790
20133,5446
20134,8651
20135,4081
20136,4928
20137,6849
20138,6739
20139,7181
20140,4903
20141,7295
20142,3453
20143,3912
20144,4542
20145,5091
20146,7769
20147,5912
20148,3083
20149,4468
20150,6085
20151,6281
20152,7299
20153,3156
20154,10947
20155,5795
20156,3227
20157,5392
20158,5136
20159,5544
20160,6308
20161,3594
20162,4678
20163,4717
20164,5820
20165,5317
20166,4354
20167,5476
20168,4255
20169,4606
20170,7318
20171,6159
20172,4599
20173,4059
20174,8842
20175,4297
20176,7824
20177,6021
20178,10420
20179,5448
20180,4183
20181,5105
20182,5183
20183,4980
20184,4220
20185,6459
20186,6080
20187,2779
20188,6325
20189,5159
20190,5432
20191,3757
20192,7746
20193,7326
20194,3700
20195,9544
20196,4051
20197,4010
20198,6353
20199,7535
20200,4335
20201,3622
20202,5839
20203,4856
20204,4182
20205,4821
20206,4317
20207,7137
20208,6405
20209,5620
20210,6347
20211,4364
20212,3575
20213,4859
20214,6168
20215,6330
20216,6717
20217,6531
20218,7663
20219,4575
20220,6789
20221,5729
20222,3933
20223,5157
20224,7072
20225,5580
20226,5274
20227,7534
20228,7079
20229,5847
20230,4224
20231,5692
20232,5758
20233,5788
20234,5538
20235,3392
20236,4086
20237,7841
20238,6598
20239,4699
20240,2967
20241,6171
20242,6150
20243,6247
20244,5557
20245,4822
20246,3767
20247,3254
20248,7786
20249,5096
20250,5794
20251,5133
20252,4347
20253,5679
20254,5101
20255,5144
20256,3224
20257,4858
20258,3938
20259,7045
20260,6809
20261,5777
20262,9078
20263,4406
20264,4147
20265,7805
20266,4278
20267,5351
20268,1956
20269,6739
20270,6091
20271,4014
20272,5085
20273,6391
20274,5006
20275,4852
20276,5635
20277,9053
20278,2179
20279,5629
20280,2498
20281,10918
20282,4243
20283,7047
20284,7326
20285,4760
20286,5091
20287,4169
20288,4444
20289,2439
20290,3465
20291,4962
20292,4092
20293,5763
20294,5981
20295,4212
20296,5509
20297,4846
20298,6959
20299,7189
20300,6626
20301,3883
20302,2967
20303,7981
20304,8218
20305,4091
20306,6368
20307,4276
20308,5507
20309,3830
20310,4376
20311,5370
20312,2794
20313,5449
20314,3840
20315,7737
20316,5740
20317,6343
20318,6443
20319,4290
20320,6818
20321,15323
20322,8025
20323,3769
20324,2304
20325,4978
20326,5996
20327,4219
20328,5029
20329,11683
20330,5409
20331,8466
20332,16816
20333,3327
20334,5081
20335,4324
20336,3527
20337,6566
20338,4254
20339,6365
20340,8189
20341,6374
20342,4729
20343,5819
20344,3564
20345,5327
20346,3164
20347,5017
20348,6058
20349,7446
20350,5051
20351,4626
20352,3817
20353,6381
20354,4287
20355,4334
20356,2896
20357,6956
20358,4344
20359,4742
20360,5467
20361,6292
20362,5045
20363,4759
20364,4858
20365,5110
20366,5467
20367,5734
20368,7043
20369,6746
20370,5903
20371,4673
20372,2853
20373,4824
20374,5280
20375,4664
20376,4042
20377,1897
20378,6772
20379,5489
20380,7930
20381,5642
20382,4210
20383,5066
20384,3768
20385,3874
20386,7647
20387,4438
20388,5748
20389,6422
20390,11618
20391,4566
20392,3927
20393,6302
20394,4152
20395,4396
20396,4241
20397,6401
20398,3432
20399,5398
20400,3233
20401,4915
20402,3243
20403,8120
20404,4218
20405,12090
20406,10422
20407,3980
20408,5177
20409,4510
20410,5321
20411,4205
20412,9401
20413,6095
20414,6693
20415,3664
20416,6500
20417,4255
20418,8090
20419,7765
20420,5174
20421,4791
20422,5313
20423,5910
20424,6525
20425,7589
20426,5117
20427,6259
20428,7831
20429,5484
20430,5557
20431,4495
20432,7276
20433,5817
20434,4398
20435,4295
20436,4946
20437,4039
20438,7770
20439,4827
20440,5982
20441,4973
20442,7196
20443,3800
20444,6238
20445,7450
20446,6339
20447,6468
20448,5102
20449,3254
20450,10890
20451,8224
20452,5914
20453,13402
20454,7483
20455,5601
20456,5142
20457,6856
20458,7971
20459,9001
20460,9527
20461,3848
20462,5519
20463,4432
20464,6706
20465,3027
20466,8399
20467,4275
20468,4143
20469,5097
20470,7183
20471,6619
20472,4353
20473,5736
20474,4605
20475,3257
20476,5528
20477,3412
20478,3924
20479,4575
20480,5169
20481,7549
20482,7538
20483,6128
20484,5148
20485,4636
20486,8944
20487,5271
20488,3685
20489,4531
20490,4237
20491,7468
20492,3784
20493,9518
20494,6186
20495,2333
20496,3547
20497,5601
20498,5150
20499,4250
20500,7462
20501,7529
20502,10080
20503,5147
20504,8661
20505,2457
20506,4281
20507,5281
20508,4254
20509,5557
20510,4771
20511,5263
20512,3260
20513,4071
20514,9178
20515,6270
20516,3299
20517,4476
20518,6989
20519,8192
20520,6721
20521,4435
20522,3593
20523,9402
20524,5492
20525,6841
20526,4322
20527,4327
20528,5744
20529,7027
20530,2843
20531,3847
20532,4023
20533,4735
20534,8062
20535,6298
20536,5859
20537,10312
20538,4149
20539,8239
20540,9129
20541,5569
20542,4051
20543,2366
20544,6707
20545,4568
20546,5019
20547,4755
20548,5453
20549,9003
20550,4231
20551,4366
20552,5682
20553,4017
20554,5893
20555,4253
20556,3276
20557,5481
20558,2842
20559,5797
20560,7295
20561,5528
20562,6499
20563,6812
20564,6700
20565,4042
20566,6171
20567,7442
20568,6384
20569,4896
20570,5271
20571,4672
20572,8032
20573,4973
20574,5124
20575,4297
20576,5435
20577,6711
20578,5241
20579,4863
20580,6724
20581,4550
20582,5732
20583,14063
20584,5060
20585,7255
20586,4276
20587,4445
20588,4621
20589,3954
20590,3543
20591,4093
20592,7129
20593,11507
20594,7401
20595,7528
20596,8375
20597,8905
20598,8244
20599,6275
20600,5448
20601,4503
20602,9148
20603,8525
20604,5849
20605,6296
20606,6189
20607,5250
20608,3316
20609,9413
20610,5544
20611,5113
20612,5161
20613,1861
20614,10455
20615,8447
20616,12075
20617,5052
20618,3926
20619,3971
20620,4992
20621,5440
20622,5765
20623,5589
20624,4647
20625,3785
20626,5670
20627,2975
20628,2491
20629,5019
20630,11171
20631,5410
20632,15149
20633,3414
20634,4868
20635,5123
20636,4341
20637,3875
20638,4068
20639,4185
20640,2844
20641,6498
20642,5534
20643,3192
20644,7230
20645,4167
20646,4857
20647,3800
20648,8255
20649,6020
20650,7972
20651,4060
20652,5296
20653,3459
20654,3915
20655,3643
20656,12487
20657,8593
20658,5208
20659,3947
20660,3976
20661,4866
20662,3241
20663,7697
20664,3753
20665,12110
20666,3662
20667,4448
20668,4702
20669,7429
20670,5603
20671,3744
20672,5248
20673,5953
20674,5686
20675,5648
20676,4753
20677,2797
20678,7859
20679,4263
20680,2979
20681,5091
20682,4989
20683,5086
20684,5375
20685,7238
20686,6562
20687,5488
20688,5621
20689,3633
20690,7206
20691,4271
20692,3728
20693,5081
20694,5400
20695,4824
20696,7046
20697,4892
20698,5041
20699,5342
20700,4974
20701,4833
20702,5929
20703,6019
20704,5361
20705,4440
20706,4516
20707,7549
20708,5246
20709,3248
20710,9489
20711,4034
20712,2965
20713,5962
20714,7552
20715,8185
20716,4603
20717,4486
20718,5008
20719,3004
20720,5275
20721,5636
20722,5251
20723,4519
20724,5604
20725,6505
20726,2671
20727,4219
20728,4436
20729,4432
20730,3983
20731,5683
20732,6176
20733,5284
20734,4169
20735,6465
20736,5155
20737,6537
20738,7235
20739,4206
20740,5654
20741,5735
20742,6559
20743,6330
20744,6301
20745,2620
20746,7775
20747,5667
20748,5752
20749,8392
20750,3995
20751,3292
20752,10359
20753,6858
20754,6666
20755,4319
20756,5003
20757,7316
20758,2832
20759,5177
20760,4016
20761,6031
20762,4514
20763,4197
20764,6785
20765,3863
20766,7104
20767,8694
20768,14004
20769,5863
20770,3680
20771,4481
20772,3394
20773,2328
20774,9136
20775,5918
20776,4521
20777,6471
20778,4205
20779,9294
20780,3622
20781,4912
20782,4950
20783,7378
20784,4185
20785,5651
20786,4554
20787,3855
20788,6037
20789,4091
20790,6000
20791,6420
20792,7657
20793,6046
20794,5906
20795,4666
20796,8981
20797,3875
20798,4300
20799,8517
20800,5822
20801,7124
20802,6645
20803,13791
20804,3941
20805,4060
20806,4008
20807,4193
20808,7117
20809,8375
20810,5498
20811,6199
20812,6130
20813,3071
20814,6671
20815,6500
20816,5081
20817,6100
20818,4318
20819,3755
20820,4125
20821,3020
20822,3534
20823,6277
20824,5499
20825,8868
20826,12781
20827,5807
20828,4232
20829,5068
20830,6736
20831,7537
20832,3205
20833,4857
20834,3366
20835,7504
20836,5418
20837,4840
20838,10334
20839,11110
20840,3374
20841,5915
20842,3296
20843,4573
20844,4771
20845,7103
20846,3803
20847,3590
20848,4622
20849,5835
20850,5015
20851,3943
20852,4751
20853,5651
20854,5027
20855,5107
20856,2950
20857,8707
20858,15343
20859,3568
20860,5701
20861,6503
20862,5481
20863,3449
20864,3138
20865,3207
20866,5703
20867,4057
20868,6333
20869,7763
20870,3729
20871,4099
20872,4993
20873,4370
20874,4020
20875,4608
20876,5462
20877,8147
20878,6304
20879,7417
20880,4651
20881,3442
20882,5349
20883,5027
20884,6527
20885,5349
20886,3564
20887,19225
20888,4874
20889,4882
20890,9962
20891,5667
20892,5404
20893,5071
20894,6223
20895,4143
20896,7452
20897,11950
20898,4276
20899,4140
20900,5675
20901,9563
20902,4927
20903,4287
20904,4845
20905,4046
20906,5342
20907,3328
20908,7174
20909,3339
20910,5697
20911,2239
20912,16019
20913,6915
20914,3191
20915,4017
20916,7318
20917,4969
20918,5649
20919,6294
20920,4853
20921,4383
20922,3642
20923,8052
20924,4615
20925,4906
20926,5575
20927,6263
20928,4600
20929,6626
20930,4716
20931,3368
20932,6857
20933,7542
20934,3941
20935,6067
20936,5240
20937,4163
20938,7505
20939,4437
20940,6220
20941,5228
20942,6096
20943,3388
20944,3821
20945,3895
20946,7402
20947,6131
20948,7001
20949,3140
20950,6830
20951,2803
20952,4647
20953,3567
20954,5006
20955,4677
20956,5543
20957,5271
20958,6940
20959,3271
20960,4988
20961,5402
20962,5779
20963,5961
20964,5887
20965,8318
20966,5717
20967,2515
20968,5352
20969,4062
20970,5349
20971,5600
20972,3525
20973,9553
20974,4135
20975,4940
20976,8106
20977,4951
20978,3134
20979,0
20980,4603
20981,8378
20982,4562
20983,6484
20984,7225
20985,5044
20986,4052
20987,4799
20988,4470
20989,4682
20990,5278
20991,8008
20992,5940
20993,4702
20994,3538
20995,5554
20996,5538
20997,4443
20998,5798
20999,4949
21000,4870
21001,3595
21002,6415
21003,6888
21004,5272
21005,4764
21006,5015
21007,5777
21008,7355
21009,4413
21010,6268
21011,4471
21012,4669
21013,6168
21014,5208
21015,3953
21016,3548
21017,7129
21018,7171
21019,4098
21020,4540
21021,6275
21022,5145
21023,4440
21024,4857
21025,3782
21026,2503
21027,6704
21028,3478
21029,6184
21030,5410
21031,5140
21032,4726
21033,8577
21034,7292
21035,6441
21036,3765
21037,6103
21038,6474
21039,3386
21040,2660
21041,6581
21042,2716
21043,5518
21044,11068
21045,6029
21046,5259
21047,3401
21048,6136
21049,5035
21050,4957
21051,5698
21052,6574
21053,6076
21054,4559
21055,6266
21056,3779
21057,5535
21058,4217
21059,4534
21060,4695
21061,4338
21062,4179
21063,6096
21064,3434
21065,7852
21066,5437
21067,3388
21068,3843
21069,7069
21070,6200
21071,4497
21072,5196
21073,4640
21074,4349
21075,4667
21076,5172
21077,5380
21078,4250
21079,4368
21080,6946
21081,5281
21082,4725
21083,2679
21084,7401
21085,5072
21086,3905
21087,5590
21088,8829
21089,6412
21090,6865
21091,7914
21092,5274
21093,4487
21094,4585
21095,6371
21096,6918
21097,10124
21098,3476
21099,5081
21100,2748
21101,3550
21102,7420
21103,11238
21104,5189
21105,3723
21106,4210
21107,4670
21108,4688
21109,7450
21110,6564
21111,5042
21112,3114
21113,6064
21114,4648
21115,8158
21116,7219
21117,3666
21118,5799
21119,3349
21120,5514
21121,6747
21122,5479
21123,6783
21124,5027
21125,5894
21126,3419
21127,4914
21128,5327
21129,6863
21130,5352
21131,6650
21132,4682
21133,3681
21134,7348
21135,3968
21136,8697
21137,5240
21138,3717
21139,6457
21140,5165
21141,5029
21142,6278
21143,6932
21144,3823
21145,9894
21146,2957
21147,3428
21148,5578
21149,6210
21150,9136
21151,5744
21152,5006
21153,4595
21154,4862
21155,5669
21156,4217
21157,5049
21158,3708
21159,8091
21160,5852
21161,6602
21162,10861
21163,7201
21164,4076
21165,4231
21166,4397
21167,9571
21168,4596
21169,7017
21170,3419
21171,7914
21172,5746
21173,4322
21174,3964
21175,3594
21176,4328
21177,4659
21178,4515
21179,4071
21180,3597
21181,3510
21182,6898
21183,5567
21184,17710
21185,5214
21186,3399
21187,4066
21188,5249
21189,7591
21190,3829
21191,3807
21192,7595
21193,5772
21194,5752
21195,4631
21196,6276
21197,5880
21198,3569
21199,4270
21200,5590
21201,6881
21202,5104
21203,5820
21204,5372
21205,8454
21206,3947
21207,3932
21208,4271
21209,7641
21210,8330
21211,5413
21212,7123
21213,4138
21214,6140
21215,2934
21216,4608
21217,3351
21218,6173
21219,6571
21220,8385
21221,8201
21222,5205
21223,4334
21224,3448
21225,3269
21226,5040
21227,7935
21228,4978
21229,4135
21230,4268
21231,3988
21232,6248
21233,2912
21234,6023
21235,3347
21236,5935
21237,5269
21238,4388
21239,5958
21240,4187
21241,6505
21242,7036
21243,5538
21244,4542
21245,7357
21246,3877
21247,4807
21248,5674
21249,8996
21250,4451
21251,5194
21252,6786
21253,6426
21254,7101
21255,4922
21256,7307
21257,3588
21258,4133
21259,4503
21260,5281
21261,7813
21262,6017
21263,3022
21264,4348
21265,6492
21266,5820
21267,7607
21268,3082
21269,10446
21270,5919
21271,3253
21272,5197
21273,5307
21274,5270
21275,6328
21276,3579
21277,4711
21278,4770
21279,5865
21280,5454
21281,4337
21282,5936
21283,4393
21284,4499
21285,7364
21286,6130
21287,4612
21288,3890
21289,8681
21290,4110
21291,7429
21292,5988
21293,10354
21294,5362
21295,4096
21296,5187
21297,5015
21298,4827
21299,4027
21300,6274
21301,6048
21302,2777
21303,6260
21304,4755
21305,5440
21306,3791
21307,6808
21308,7009
21309,3498
21310,9868
21311,4145
21312,3772
21313,6241
21314,7572
21315,4211
21316,3637
21317,5742
21318,5055
21319,4065
21320,4790
21321,4160
21322,6994
21323,7062
21324,5461
21325,6199
21326,4382
21327,3440
21328,4803
21329,6804
21330,6196
21331,6764
21332,6238
21333,7668
21334,4386
21335,7075
21336,5830
21337,3861
21338,5119
21339,7461
21340,5466
21341,6405
21342,7648
21343,6601
21344,5961
21345,4455
21346,5595
21347,5809
21348,5931
21349,5328
21350,3196
21351,4078
21352,7833
21353,6360
21354,4673
21355,2964
21356,6290
21357,5851
21358,6412
21359,5364
21360,4651
21361,3947
21362,3187
21363,8380
21364,5212
21365,5726
21366,5114
21367,4285
21368,5513
21369,5026
21370,5311
21371,3171
21372,5113
21373,3856
21374,7091
21375,6527
21376,5583
21377,9003
21378,3863
21379,4099
21380,7585
21381,4118
21382,4771
21383,2010
21384,6889
21385,6026
21386,4430
21387,5119
21388,5399
21389,4922
21390,4784
21391,6468
21392,8899
21393,2144
21394,5787
21395,2462
21396,11220
21397,3773
21398,6919
21399,7184
21400,4809
21401,5040
21402,4013
21403,4546
21404,2345
21405,3416
21406,5176
21407,4138
21408,5450
21409,5847
21410,4570
21411,5365
21412,4729
21413,6940
21414,7458
21415,6570
21416,3865
21417,3071
21418,7843
21419,8100
21420,4192
21421,6166
21422,4165
21423,5720
21424,4058
21425,4050
21426,5245
21427,3021
21428,5424
21429,3690
21430,7673
21431,5829
21432,6354
21433,6535
21434,4522
21435,6626
21436,15318
21437,8030
21438,3775
21439,2224
21440,4874
21441,6063
21442,4317
21443,5104
21444,12274
21445,5335
21446,9158
21447,16904
21448,3275
21449,5036
21450,4275
21451,3834
21452,8154
21453,3658
21454,6275
21455,8196
21456,6425
21457,5050
21458,5806
21459,3971
21460,4999
21461,3225
21462,4795
21463,6016
21464,7286
21465,5243
21466,4898
21467,3906
21468,6332
21469,4049
21470,4104
21471,3133
21472,6750
21473,4489
21474,4703
21475,5372
21476,6487
21477,5176
21478,4825
21479,5054
21480,4631
21481,5622
21482,5521
21483,7155
21484,6643
21485,6054
21486,4563
21487,2802
21488,4861
21489,5486
21490,4827
21491,4033
21492,2399
21493,6752
21494,5583
21495,7049
21496,5524
21497,4378
21498,5673
21499,3935
21500,3966
21501,7928
21502,4255
21503,6269
21504,6425
21505,12253
21506,4795
21507,4568
21508,6433
21509,4568
21510,5765
21511,4489
21512,6493
21513,3424
21514,5487
21515,3180
21516,4868
21517,3244
21518,8376
21519,4245
21520,11544
21521,10332
21522,4050
21523,5046
21524,4436
21525,5323
21526,4108
21527,9415
21528,6222
21529,6930
21530,3672
21531,6467
21532,4308
21533,8083
21534,7387
21535,5264
21536,4761
21537,5549
21538,6280
21539,6409
21540,8275
21541,4953
21542,6524
21543,7643
21544,5659
21545,5530
21546,4821
21547,7285
21548,5940
21549,4481
21550,4176
21551,5376
21552,4130
21553,7566
21554,4909
21555,6376
21556,4701
21557,7202
21558,3828
21559,6321
21560,7702
21561,6447
21562,6981
21563,5341
21564,3336
21565,10613
21566,8139
21567,6489
21568,14121
21569,8525
21570,5359
21571,5110
21572,6958
21573,8150
21574,9259
21575,9076
21576,4024
21577,5560
21578,4431
21579,6756
21580,3031
21581,9724
21582,4284
21583,3999
21584,5001
21585,7315
21586,6590
21587,4312
21588,5654
21589,4365
21590,3311
21591,5569
21592,3574
21593,3725
21594,4691
21595,4754
21596,7521
21597,7446
21598,6290
21599,5419
21600,4662
21601,9466
21602,5337
21603,3668
21604,4340
21605,4059
21606,7491
21607,3721
21608,9965
21609,6040
21610,2474
21611,3516
21612,5720
21613,5183
21614,4157
21615,7344
21616,8173
21617,10103
21618,5150
21619,8899
21620,2402
21621,4285
21622,5231
21623,4264
21624,5371
21625,4484
21626,5256
21627,3401
21628,4303
21629,8711
21630,6150
21631,3343
21632,4286
21633,6935
21634,8502
21635,7845
21636,4432
21637,3783
21638,8099
21639,5153
21640,6106
21641,4356
21642,4394
21643,5586
21644,7716
21645,3228
21646,3526
21647,4308
21648,4587
21649,7648
21650,6115
21651,5750
21652,10696
21653,4191
21654,7996
21655,8787
21656,5761
21657,4079
21658,2437
21659,6468
21660,4474
21661,4993
21662,5024
21663,5474
21664,9317
21665,4144
21666,4507
21667,5557
21668,4776
21669,5973
21670,4127
21671,3467
21672,5748
21673,2708
21674,6420
21675,7057
21676,5266
21677,6488
21678,6890
21679,6659
21680,4196
21681,6105
21682,7214
21683,6013
21684,4661
21685,4900
21686,3890
21687,8011
21688,5765
21689,5372
21690,4179
21691,5248
21692,6772
21693,5394
21694,4698
21695,6398
21696,4466
21697,6050
21698,14730
21699,5035
21700,7344
21701,4570
21702,4697
21703,4503
21704,3979
21705,3496
21706,4365
21707,7288
21708,11121
21709,7162
21710,7465
21711,8972
21712,8861
21713,8363
21714,6748
21715,5747
21716,4523
21717,8697
21718,8798
21719,5755
21720,6304
21721,6325
21722,4998
21723,3273
21724,9297
21725,5413
21726,5112
21727,5093
21728,1822
21729,10658
21730,8636
21731,12234
21732,5209
21733,3861
21734,3934
21735,4828
21736,5529
21737,5820
21738,5856
21739,4588
21740,3723
21741,6019
21742,2904
21743,2460
21744,5485
21745,11043
21746,5540
21747,15054
21748,3445
21749,4881
21750,4855
21751,4446
21752,3948
21753,4007
21754,4081
21755,2854
21756,6597
21757,5660
21758,2981
21759,7227
21760,4157
21761,4873
21762,3803
21763,8098
21764,5954
21765,8466
21766,4098
21767,5460
21768,3542
21769,3933
21770,3748
21771,11534
21772,8484
21773,5494
21774,3925
21775,4058
21776,4770
21777,3870
21778,9388
21779,3771
21780,11844
21781,3588
21782,4345
21783,4632
21784,7333
21785,5774
21786,3618
21787,5324
21788,5906
21789,5799
21790,5663
21791,4681
21792,2979
21793,8480
21794,4102
21795,3005
21796,4806
21797,5076
21798,4857
21799,5389
21800,7105
21801,6860
21802,5539
21803,5752
21804,3501
21805,6941
21806,4175
21807,3775
21808,5115
21809,5756
21810,4909
21811,7469
21812,4685
21813,4961
21814,5444
21815,5415
21816,4812
21817,5807
21818,5970
21819,5627
21820,4975
21821,4375
21822,7759
21823,5204
21824,3247
21825,9425
21826,4406
21827,2751
21828,6130
21829,7405
21830,8101
21831,4540
21832,4685
21833,4989
21834,3075
21835,4994
21836,5470
21837,5797
21838,4670
21839,5584
21840,6810
21841,2650
21842,4155
21843,4616
21844,4361
21845,4109
21846,5476
21847,5783
21848,5091
21849,4113
21850,6494
21851,5131
21852,6670
21853,6962
21854,4239
21855,5513
21856,5606
21857,6598
21858,6475
21859,5996
21860,3780
21861,8333
21862,5645
21863,6025
21864,7948
21865,3866
21866,3278
21867,10123
21868,6911
21869,6572
21870,4395
21871,5629
21872,7175
21873,3035
21874,5351
21875,3986
21876,6257
21877,4789
21878,4471
21879,6675
21880,4147
21881,7113
21882,8698
21883,13642
21884,5619
21885,3832
21886,4361
21887,3411
21888,2335
21889,9222
21890,6092
21891,4516
21892,6654
21893,4373
21894,9456
21895,3700
21896,4958
21897,4997
21898,6972
21899,3960
21900,5306
21901,4350
21902,3796
21903,5966
21904,4207
21905,5829
21906,6414
21907,7568
21908,6070
21909,6170
21910,4995
21911,9096
21912,3728
21913,4480
21914,8370
21915,5615
21916,7077
21917,6594
21918,13756
21919,3958
21920,4054
21921,4137
21922,4174
21923,7260
21924,8167
21925,5449
21926,6553
21927,6214
21928,3085
21929,6297
21930,6058
21931,5112
21932,6772
21933,4439
21934,3779
21935,4028
21936,2992
21937,3586
21938,6529
21939,6294
21940,9426
21941,12590
21942,5544
21943,4239
21944,4988
21945,6748
21946,7518
21947,3314
21948,4951
21949,3573
21950,7756
21951,5291
21952,4941
21953,10561
21954,11142
21955,3512
21956,6052
21957,3249
21958,4250
21959,4659
21960,7247
21961,3736
21962,3492
21963,4471
21964,6219
21965,6095
21966,3855
21967,4834
21968,6288
21969,5027
21970,5400
21971,3106
21972,8507
21973,15053
21974,3540
21975,5662
21976,6623
21977,5529
21978,3536
21979,3243
21980,3058
21981,6136
21982,3944
21983,6426
21984,7731
21985,3809
21986,4240
21987,5100
21988,4489
21989,3882
21990,4601
21991,5336
21992,7832
21993,6765
21994,7323
21995,4788
21996,3570
21997,5292
21998,5019
21999,7378
22000,5401
22001,3554
22002,19131
22003,5009
22004,4963
22005,9655
22006,5826
22007,5279
22008,5195
22009,6081
22010,3967
22011,7407
22012,11745
22013,4406
22014,4104
22015,5256
22016,9610
22017,4887
22018,4203
22019,4887
22020,4055
22021,5201
22022,3421
22023,7082
22024,3264
22025,5774
22026,2178
22027,15743
22028,6583
22029,2924
22030,4122
22031,7526
22032,4854
22033,5453
22034,6285
22035,4848
22036,4221
22037,3758
22038,7969
22039,4513
22040,4931
22041,5483
22042,5974
22043,4360
22044,6513
22045,4738
22046,3214
22047,7181
22048,7386
22049,3772
22050,6301
22051,5503
22052,4118
22053,7416
22054,4532
22055,6231
22056,5222
22057,6415
22058,3240
22059,3846
22060,3939
22061,8880
22062,5427
22063,6958
22064,3339
22065,6776
22066,2689
22067,4588
22068,3559
22069,4990
22070,4659
22071,5430
22072,5446
22073,7100
22074,3619
22075,4890
22076,5376
22077,6257
22078,5530
22079,5692
22080,8105
22081,5891
22082,2489
22083,5845
22084,4097
22085,5257
22086,5732
22087,3375
22088,9581
22089,4055
22090,5098
22091,8006
22092,5541
22093,3075
22094,0
22095,4845
22096,8343
22097,4403
22098,6425
22099,8141
22100,5165
22101,3974
22102,4826
22103,4487
22104,4586
22105,4982
22106,8065
22107,6030
22108,4634
22109,3646
22110,5329
22111,5576
22112,4533
22113,5873
22114,4967
22115,5055
22116,4492
22117,6510
22118,6613
22119,5272
22120,5147
22121,4999
22122,5671
22123,7529
22124,4422
22125,6349
22126,4360
22127,4886
22128,6254
22129,5221
22130,3842
22131,3536
22132,6043
22133,7622
22134,4041
22135,4444
22136,6535
22137,4897
22138,4777
22139,4556
22140,3939
22141,2635
22142,6532
22143,3425
22144,6108
22145,5267
22146,5100
22147,4879
22148,9611
22149,7197
22150,5864
22151,3681
22152,6994
22153,6369
22154,3282
22155,2693
22156,6833
22157,2877
22158,5587
22159,10503
22160,6664
22161,5252
22162,3473
22163,5915
22164,5461
22165,4882
22166,6048
22167,6633
22168,6189
22169,4403
22170,6589
22171,3753
22172,5502
22173,4153
22174,4419
22175,5114
22176,4402
22177,4116
22178,6366
22179,3440
22180,7833
22181,5608
22182,3489
22183,3670
22184,7526
22185,5957
22186,4812
22187,5073
22188,4636
22189,4271
22190,4847
22191,5102
22192,5221
22193,4116
22194,4231
22195,6892
22196,5263
22197,4881
22198,2661
22199,7764
22200,5297
22201,3956
22202,5809
22203,8558
22204,6542
22205,6202
22206,7579
22207,5340
22208,4424
22209,4536
22210,6226
22211,6742
22212,9647
22213,3595
22214,5337
22215,3129
22216,3592
22217,7810
22218,11645
22219,5433
22220,4155
22221,4440
22222,4939
22223,4691
22224,7326
22225,6792
22226,4839
22227,3287
22228,5918
22229,4715
22230,8638
22231,7546
22232,3677
22233,6007
22234,3342
22235,5562
22236,6760
22237,5538
22238,6492
22239,5042
22240,5860
22241,3387
22242,5346
22243,5258
22244,6842
22245,5581
22246,6925
22247,4893
22248,3587
22249,7338
22250,3813
22251,8677
22252,5227
22253,3517
22254,5031
22255,5190
22256,5241
22257,5949
22258,7084
22259,3966
22260,9745
22261,3014
22262,3525
22263,5518
22264,6250
22265,8840
22266,5616
22267,5484
22268,4380
22269,5049
22270,5671
22271,4300
22272,5200
22273,3894
22274,8164
22275,5453
22276,6577
22277,10466
22278,7325
22279,3850
22280,4040
22281,4397
22282,9898
22283,4417
22284,7326
22285,3379
22286,8284
22287,5671
22288,4213
22289,4083
22290,3632
22291,4291
22292,4452
22293,4712
22294,3907
22295,3971
22296,3500
22297,6899
22298,5981
22299,17330
22300,5244
22301,3778
22302,4025
22303,6254
22304,8097
22305,4192
22306,4153
22307,8762
22308,5039
22309,6595
22310,5289
22311,6391
22312,6092
22313,4033
22314,5181
22315,6218
22316,7320
22317,5242
22318,6871
22319,6361
22320,7073
22321,4476
22322,4467
22323,4936
22324,8953
22325,9586
22326,6117
22327,8097
22328,4190
22329,6943
22330,3292
22331,5428
22332,3549
22333,7286
22334,7070
22335,9261
22336,8881
22337,6064
22338,4967
22339,4125
22340,3844
22341,5709
22342,8937
22343,5699
22344,4592
22345,4785
22346,4415
22347,6235
22348,3143
22349,7025
22350,3777
22351,6939
22352,5802
22353,4796
22354,7286
22355,4455
22356,7511
22357,7665
22358,5918
22359,4953
22360,7490
22361,4101
22362,6167
22363,6562
22364,9983
22365,4786
22366,5809
22367,6787
22368,7107
22369,7962
22370,5540
22371,8001
22372,3730
22373,4009
22374,5234
22375,6257
22376,8763
22377,6747
22378,3420
22379,4816
22380,7435
22381,6773
22382,8355
22383,3747
22384,11516
22385,6223
22386,4100
22387,4996
22388,5497
22389,5686
22390,7620
22391,3686
22392,5464
22393,6250
22394,6451
22395,5815
22396,4187
22397,6236
22398,4976
22399,4854
22400,8141
22401,6714
22402,5803
22403,4487
22404,9105
22405,4597
22406,8208
22407,6731
22408,12289
22409,5897
22410,4139
22411,6112
22412,5597
22413,5577
22414,4656
22415,7519
22416,6412
22417,3588
22418,6999
22419,5099
22420,6120
22421,4159
22422,8025
22423,7067
22424,5332
22425,10397
22426,4996
22427,4257
22428,6769
22429,8155
22430,4403
22431,4023
22432,6271
22433,5316
22434,4427
22435,5551
22436,4505
22437,7946
22438,6751
22439,6154
22440,6316
22441,4575
22442,4535
22443,5476
22444,7243
22445,6322
22446,7736
22447,7323
22448,8011
22449,4896
22450,7787
22451,6636
22452,4947
22453,5489
22454,7951
22455,6241
22456,5600
22457,8829
22458,7681
22459,6791
22460,5000
22461,6989
22462,6637
22463,5983
22464,5846
22465,3523
22466,4822
22467,7961
22468,6808
22469,5533
22470,3726
22471,7391
22472,6094
22473,6736
22474,6042
22475,5071
22476,4723
22477,3235
22478,9057
22479,6302
22480,6057
22481,5300
22482,4958
22483,5410
22484,5893
22485,6403
22486,3391
22487,6040
22488,4280
22489,7913
22490,7172
22491,5953
22492,11348
22493,3898
22494,4684
22495,9218
22496,4634
22497,6015
22498,2212
22499,7720
22500,7685
22501,5384
22502,5715
22503,5714
22504,5517
22505,5148
22506,7114
22507,8993
22508,2588
22509,6359
22510,2697
22511,11130
22512,4117
22513,7570
22514,8810
22515,5497
22516,5762
22517,4374
22518,4276
22519,3066
22520,4079
22521,5850
22522,4284
22523,6518
22524,6463
22525,4800
22526,5729
22527,6249
22528,7731
22529,8382
22530,7243
22531,4412
22532,3938
22533,8448
22534,9029
22535,4751
22536,6829
22537,4405
22538,6639
22539,4757
22540,4372
22541,6271
22542,3603
22543,5445
22544,4512
22545,7999
22546,6424
22547,7072
22548,6797
22549,5046
22550,7230
22551,16580
22552,8472
22553,4492
22554,2794
22555,5726
22556,7117
22557,4393
22558,5896
22559,12560
22560,5535
22561,9237
22562,19229
22563,3845
22564,5201
22565,4545
22566,3481
22567,7635
22568,4316
22569,7317
22570,8497
22571,6468
22572,5237
22573,6473
22574,4674
22575,5750
22576,3441
22577,5781
22578,6488
22579,8168
22580,5884
22581,5728
22582,3782
22583,6692
22584,4442
22585,4827
22586,3265
22587,7368
22588,5123
22589,5322
22590,6689
22591,6772
22592,5304
22593,5015
22594,5142
22595,4809
22596,5865
22597,6018
22598,8331
22599,7676
22600,6719
22601,5177
22602,3383
22603,5543
22604,5813
22605,5292
22606,4289
22607,2416
22608,7355
22609,5709
22610,9032
22611,5642
22612,4915
22613,6469
22614,4501
22615,4274
22616,8674
22617,5277
22618,6877
22619,7648
22620,12080
22621,5639
22622,4207
22623,7009
22624,4092
22625,5130
22626,5162
22627,6777
22628,4352
22629,6912
22630,3702
22631,4881
22632,3299
22633,8464
22634,4868
22635,12555
22636,10487
22637,4941
22638,5603
22639,4937
22640,5753
22641,5229
22642,10397
22643,7161
22644,6998
22645,3871
22646,7301
22647,5088
22648,9171
22649,7824
22650,6094
22651,5672
22652,6216
22653,6414
22654,7648
22655,8115
22656,5940
22657,6634
22658,8814
22659,6330
22660,6162
22661,5652
22662,7402
22663,6121
22664,4932
22665,4474
22666,5760
22667,4509
22668,8017
22669,5877
22670,6998
22671,5386
22672,8259
22673,4376
22674,6333
22675,8339
22676,6737
22677,7430
22678,6205
22679,3686
22680,11712
22681,8002
22682,7325
22683,14260
22684,7865
22685,6254
22686,5761
22687,7534
22688,9116
22689,9237
22690,10057
22691,5357
22692,6726
22693,5356
22694,8003
22695,4071
22696,8901
22697,5375
22698,4727
22699,5586
22700,7134
22701,6600
22702,4931
22703,7213
22704,4365
22705,3838
22706,6327
22707,4154
22708,4092
22709,4900
22710,5599
22711,8560
22712,8610
22713,6085
22714,6068
22715,5187
22716,9111
22717,5864
22718,5379
22719,4682
22720,4555
22721,9210
22722,3981
22723,11209
22724,6716
22725,3218
22726,4261
22727,5818
22728,5779
22729,5017
22730,8167
22731,9007
22732,10007
22733,5661
22734,10460
22735,2866
22736,4987
22737,6026
22738,4748
22739,6141
22740,5079
22741,6331
22742,3817
22743,4928
22744,10876
22745,8226
22746,4454
22747,4630
22748,8491
22749,8267
22750,7122
22751,5015
22752,4055
22753,8875
22754,5402
22755,7313
22756,5111
22757,5176
22758,6426
22759,7139
22760,3532
22761,4156
22762,4215
22763,5145
22764,8731
22765,6990
22766,7517
22767,11524
22768,5112
22769,9689
22770,10399
22771,6529
22772,4530
22773,3136
22774,7073
22775,5570
22776,5388
22777,5588
22778,6042
22779,9771
22780,4103
22781,4998
22782,6777
22783,4073
22784,7759
22785,4969
22786,4051
22787,6617
22788,3034
22789,5961
22790,7435
22791,6061
22792,6928
22793,7768
22794,7074
22795,4658
22796,6792
22797,8337
22798,6332
22799,5197
22800,5788
22801,4387
22802,8449
22803,6440
22804,5677
22805,4358
22806,6195
22807,7695
22808,6754
22809,5242
22810,8074
22811,4990
22812,6890
22813,14598
22814,5441
22815,8806
22816,5099
22817,5240
22818,5412
22819,4650
22820,3821
22821,4969
22822,8350
22823,11812
22824,7847
22825,8394
22826,8296
22827,10163
22828,9392
22829,7611
22830,5950
22831,4630
22832,9941
22833,9724
22834,6696
22835,7669
22836,8137
22837,5440
22838,3268
22839,10056
22840,5640
22841,5937
22842,5631
22843,1915
22844,10504
22845,9272
22846,12124
22847,5648
22848,4352
22849,4705
22850,5464
22851,5847
22852,5880
22853,7013
22854,4640
22855,4059
22856,5969
22857,3281
22858,2712
22859,5090
22860,12024
22861,6561
22862,16344
22863,3931
22864,5731
22865,6112
22866,5156
22867,4448
22868,4959
22869,4204
22870,3746
22871,7796
22872,6148
22873,3391
22874,8024
22875,4422
22876,5186
22877,4131
22878,9278
22879,6785
22880,8277
22881,4337
22882,5895
22883,4146
22884,4382
22885,4157
22886,12993
22887,9890
22888,6122
22889,4212
22890,4812
22891,5836
22892,4041
22893,8038
22894,3953
22895,12941
22896,3909
22897,4624
22898,4954
22899,8843
22900,6933
22901,4307
22902,5509
22903,5809
22904,6569
22905,6383
22906,5024
22907,3376
22908,8225
22909,4471
22910,3822
22911,5249
22912,6004
22913,5121
22914,5540
22915,7579
22916,7947
22917,6276
22918,6701
22919,3732
22920,7826
22921,5295
22922,4242
22923,6954
22924,6680
22925,5809
22926,8194
22927,5348
22928,5492
22929,6103
22930,4997
22931,5049
22932,6222
22933,7336
22934,5968
22935,5386
22936,4800
22937,8375
22938,6071
22939,4348
22940,10627
22941,4671
22942,2916
22943,6825
22944,8649
22945,8142
22946,4644
22947,5407
22948,5933
22949,3503
22950,5617
22951,6850
22952,6090
22953,5395
22954,5561
22955,7670
22956,2818
22957,4992
22958,5198
22959,4470
22960,4404
22961,6135
22962,6545
22963,5595
22964,4735
22965,6855
22966,5924
22967,7319
22968,7762
22969,4928
22970,5869
22971,6015
22972,6919
22973,6907
22974,8345
22975,3130
22976,8885
22977,6106
22978,6695
22979,9172
22980,4545
22981,3498
22982,10341
22983,7171
22984,7485
22985,5055
22986,5365
22987,7999
22988,3507
22989,5962
22990,4872
22991,7426
22992,5538
22993,4779
22994,7163
22995,4868
22996,7509
22997,9619
22998,14473
22999,6395
23000,4057
23001,4751
23002,3937
23003,2987
23004,10014
23005,7316
23006,5471
23007,8605
23008,5408
23009,8662
23010,4312
23011,5296
23012,5579
23013,7923
23014,4859
23015,5839
23016,5334
23017,4279
23018,6535
23019,4864
23020,6366
23021,7285
23022,7899
23023,6681
23024,6931
23025,5633
23026,9660
23027,4212
23028,5356
23029,10134
23030,6264
23031,7914
23032,7175
23033,15192
23034,5036
23035,4418
23036,4286
23037,5413
23038,8150
23039,9572
23040,6402
23041,6600
23042,7366
23043,3598
23044,6732
23045,6310
23046,5716
23047,7378
23048,5366
23049,4357
23050,4638
23051,3297
23052,4371
23053,7256
23054,6060
23055,10581
23056,15049
23057,5944
23058,4315
23059,6669
23060,7235
23061,7777
23062,3726
23063,5608
23064,4051
23065,7906
23066,6184
23067,5945
23068,11286
23069,12371
23070,4315
23071,6523
23072,3479
23073,4681
23074,4817
23075,7844
23076,4507
23077,4302
23078,4617
23079,6623
23080,5384
23081,3880
23082,5289
23083,7051
23084,6416
23085,6107
23086,2784
23087,10088
23088,15646
23089,3785
23090,6820
23091,7703
23092,6143
23093,4159
23094,3399
23095,3663
23096,6816
23097,4641
23098,6558
23099,8895
23100,4270
23101,4866
23102,5987
23103,5002
23104,4577
23105,4981
23106,5681
23107,8900
23108,6881
23109,8166
23110,5485
23111,3610
23112,5445
23113,5116
23114,8049
23115,5589
23116,4488
23117,18550
23118,5328
23119,5351
23120,10452
23121,6119
23122,6008
23123,5738
23124,6133
23125,4234
23126,8502
23127,12926
23128,4756
23129,4489
23130,5562
23131,10503
23132,5833
23133,4700
23134,5245
23135,5125
23136,5160
23137,4201
23138,7632
23139,3323
23140,5771
23141,2742
23142,18595
23143,7202
23144,3800
23145,5223
23146,8861
23147,5563
23148,5782
23149,7167
23150,5560
23151,4950
23152,3801
23153,8480
23154,5165
23155,5416
23156,5734
23157,6881
23158,4558
23159,7304
23160,5760
23161,3558
23162,7190
23163,9326
23164,3916
23165,7179
23166,6386
23167,4964
23168,8700
23169,4582
23170,6105
23171,6259
23172,7511
23173,3409
23174,4618
23175,4595
23176,7652
23177,5743
23178,7598
23179,3832
23180,7291
23181,3556
23182,5861
23183,4639
23184,5483
23185,5533
23186,6434
23187,6254
23188,8589
23189,4245
23190,5712
23191,6617
23192,7000
23193,5526
23194,7951
23195,8703
23196,6090
23197,2962
23198,5986
23199,4469
23200,5817
23201,5885
23202,3424
23203,11153
23204,4593
23205,5900
23206,8956
23207,6631
23208,3486
23209,0
23210,5466
23211,8982
23212,4964
23213,6915
23214,7783
23215,6309
23216,4979
23217,6669
23218,4936
23219,4890
23220,5598
23221,7842
23222,7107
23223,4782
23224,4172
23225,6439
23226,6813
23227,5658
23228,6800
23229,5274
23230,5910
23231,4278
23232,7134
23233,6777
23234,6585
23235,5430
23236,5816
23237,6493
23238,8027
23239,5437
23240,7089
23241,4378
23242,5572
23243,6934
23244,5830
23245,4114
23246,3904
23247,6349
23248,8200
23249,4511
23250,5150
23251,7186
23252,5896
23253,4795
23254,5424
23255,4650
23256,2889
23257,7165
23258,3605
23259,6515
23260,5913
23261,6250
23262,5956
23263,8775
23264,7408
23265,6359
23266,4688
23267,7493
23268,6774
23269,3348
23270,2576
23271,7205
23272,3356
23273,6421
23274,10798
23275,7295
23276,6381
23277,3635
23278,6631
23279,5940
23280,5789
23281,6774
23282,7507
23283,6992
23284,5224
23285,7693
23286,4339
23287,6068
23288,4179
23289,4825
23290,6297
23291,5544
23292,5166
23293,6793
23294,4379
23295,8891
23296,5738
23297,4059
23298,4025
23299,8389
23300,6344
23301,4866
23302,5449
23303,6260
23304,4742
23305,5646
23306,5576
23307,6500
23308,4345
23309,4345
23310,8318
23311,6188
23312,5574
23313,3345
23314,10230
23315,5902
23316,4707
23317,5632
23318,9649
23319,7101
23320,6925
23321,8200
23322,6307
23323,5104
23324,5489
23325,6760
23326,8726
23327,10496
23328,4536
23329,4853
23330,3225
23331,4185
23332,8487
23333,12278
23334,5421
23335,4130
23336,5226
23337,5537
23338,5495
23339,8462
23340,7966
23341,5338
23342,3837
23343,7287
23344,5020
23345,8797
23346,8408
23347,4774
23348,6560
23349,3490
23350,6463
23351,6833
23352,6556
23353,6789
23354,5494
23355,6425
23356,4102
23357,5844
23358,7063
23359,7325
23360,6775
23361,7666
23362,5258
23363,3977
23364,9019
23365,4104
23366,10102
23367,6045
23368,4183
23369,5015
23370,5589
23371,5307
23372,6977
23373,7776
23374,4666
23375,10245
23376,3789
23377,4411
23378,5816
23379,7022
23380,9568
23381,5532
23382,5170
23383,5076
23384,5291
23385,6410
23386,4305
23387,5929
23388,4709
23389,9438
23390,5300
23391,7450
23392,11352
23393,8277
23394,4476
23395,4123
23396,5610
23397,10034
23398,4721
23399,7454
23400,4306
23401,8847
23402,5807
23403,4769
23404,4629
23405,4494
23406,4452
23407,5127
23408,4732
23409,4229
23410,4057
23411,4108
23412,7360
23413,5807
23414,19296
23415,6054
23416,4444
23417,2745
23418,4375
23419,9568
23420,2040
23421,2794
23422,6554
23423,3339
23424,6925
23425,4933
23426,5444
23427,6074
23428,4561
23429,3479
23430,5665
23431,5515
23432,2678
23433,4818
23434,4479
23435,5855
23436,5265
23437,3489
23438,4551
23439,7771
23440,8392
23441,5726
23442,7526
23443,2198
23444,8002
23445,3577
23446,5435
23447,2445
23448,8282
23449,7438
23450,9062
23451,9552
23452,7219
23453,6531
23454,2978
23455,4758
23456,6168
23457,8268
23458,4342
23459,3582
23460,5808
23461,5098
23462,5574
23463,2491
23464,7885
23465,4492
23466,8021
23467,6366
23468,3507
23469,9126
23470,3145
23471,9198
23472,6192
23473,6703
23474,2518
23475,5394
23476,4869
23477,3888
23478,7778
23479,11076
23480,2939
23481,6198
23482,5663
23483,8909
23484,7297
23485,5667
23486,6977
23487,2470
23488,2485
23489,4762
23490,6235
23491,8671
23492,8015
23493,2558
23494,4284
23495,8849
23496,9071
23497,5879
23498,3240
23499,11135
23500,5515
23501,3685
23502,3538
23503,2254
23504,4554
23505,7568
23506,3806
23507,6056
23508,3189
23509,5910
23510,3967
23511,1855
23512,4362
23513,5409
23514,6072
23515,9509
23516,7042
23517,5736
23518,3758
23519,11031
23520,3437
23521,6201
23522,7422
23523,13287
23524,5176
23525,3121
23526,6763
23527,5846
23528,6566
23529,5045
23530,10345
23531,5733
23532,2251
23533,8160
23534,4545
23535,5918
23536,2284
23537,8427
23538,3871
23539,2926
23540,8312
23541,4600
23542,5274
23543,8002
23544,7609
23545,4276
23546,4491
23547,7481
23548,3408
23549,2966
23550,6812
23551,5011
23552,6734
23553,3225
23554,4487
23555,6193
23556,4384
23557,3185
23558,5448
23559,5920
23560,5980
23561,7428
23562,8170
23563,7590
23564,4055
23565,7838
23566,5486
23567,3314
23568,3800
23569,8211
23570,7584
23571,2935
23572,7424
23573,9741
23574,6968
23575,4897
23576,7274
23577,7655
23578,5503
23579,4519
23580,2812
23581,5444
23582,5340
23583,4822
23584,5524
23585,3294
23586,5888
23587,7334
23588,6015
23589,6775
23590,6183
23591,2945
23592,1619
23593,7020
23594,6513
23595,7126
23596,3557
23597,5617
23598,4030
23599,5571
23600,5760
23601,3877
23602,4184
23603,4984
23604,7234
23605,6702
23606,7624
23607,14090
23608,4090
23609,4830
23610,10278
23611,3527
23612,5275
23613,871
23614,8208
23615,6974
23616,5686
23617,6682
23618,5672
23619,4632
23620,5190
23621,5153
23622,7923
23623,3164
23624,5637
23625,2835
23626,8939
23627,3327
23628,8056
23629,10218
23630,6525
23631,6159
23632,4369
23633,2163
23634,1873
23635,3581
23636,5557
23637,3044
23638,5480
23639,7488
23640,4007
23641,5254
23642,4739
23643,8697
23644,7979
23645,7433
23646,5259
23647,3185
23648,8207
23649,9661
23650,3700
23651,4419
23652,3724
23653,5506
23654,5583
23655,3888
23656,6818
23657,3117
23658,5192
23659,5022
23660,8739
23661,5554
23662,7396
23663,6641
23664,4633
23665,8584
23666,17172
23667,8809
23668,3826
23669,3647
23670,6664
23671,7690
23672,2818
23673,4690
23674,9411
23675,6089
23676,6967
23677,16739
23678,5576
23679,5345
23680,2711
23681,2208
23682,10534
23683,3496
23684,6623
23685,8881
23686,2839
23687,3544
23688,6390
23689,3876
23690,6611
23691,1961
23692,5095
23693,4974
23694,10878
23695,6052
23696,5993
23697,2916
23698,7908
23699,5906
23700,6739
23701,1662
23702,9277
23703,5104
23704,6033
23705,4425
23706,4538
23707,0
23708,4684
23709,3530
23710,5461
23711,4592
23712,4922
23713,8550
23714,9235
23715,7809
23716,4125
23717,4421
23718,4507
23719,4817
23720,6658
23721,2984
23722,1309
23723,7007
23724,5597
23725,7923
23726,5386
23727,4419
23728,4594
23729,3417
23730,2592
23731,9161
23732,6205
23733,4963
23734,5489
23735,11561
23736,6370
23737,1962
23738,7691
23739,2015
23740,4211
23741,6094
23742,6307
23743,2559
23744,4383
23745,4398
23746,3762
23747,1653
23748,8197
23749,4705
23750,9173
23751,10165
23752,5900
23753,5563
23754,4321
23755,5001
23756,4988
23757,11460
23758,6641
23759,6629
23760,3061
23761,5854
23762,5753
23763,9173
23764,8739
23765,6996
23766,5736
23767,6559
23768,5209
23769,9005
23770,6299
23771,6933
23772,6118
23773,9496
23774,7074
23775,4778
23776,5943
23777,8156
23778,6070
23779,3465
23780,5656
23781,3153
23782,5006
23783,9071
23784,7101
23785,7436
23786,6148
23787,8340
23788,4819
23789,4260
23790,4390
23791,5973
23792,6338
23793,6683
23794,3192
23795,13089
23796,5043
23797,5629
23798,15752
23799,5392
23800,7636
23801,6122
23802,7127
23803,8488
23804,7515
23805,9844
23806,2842
23807,4579
23808,5589
23809,8750
23810,2606
23811,5475
23812,4675
23813,5175
23814,5444
23815,5709
23816,3358
23817,6064
23818,5054
23819,2962
23820,3180
23821,7387
23822,4374
23823,4971
23824,5664
23825,5493
23826,9486
23827,12125
23828,4996
23829,7588
23830,5645
23831,9891
23832,4979
23833,2902
23834,4037
23835,5492
23836,12412
23837,4011
23838,8757
23839,7571
23840,2171
23841,3869
23842,6072
23843,6284
23844,5211
23845,8948
23846,9161
23847,7408
23848,4103
23849,12105
23850,2118
23851,3764
23852,9046
23853,4137
23854,5534
23855,3735
23856,7174
23857,5007
23858,3778
23859,13884
23860,10806
23861,2456
23862,5021
23863,5653
23864,7337
23865,9786
23866,5192
23867,2837
23868,9062
23869,2121
23870,10036
23871,4806
23872,5638
23873,9611
23874,5695
23875,1594
23876,4977
23877,2315
23878,3887
23879,11714
23880,8032
23881,4438
23882,12785
23883,7366
23884,10716
23885,12171
23886,7068
23887,4278
23888,2123
23889,4911
23890,6610
23891,2593
23892,5887
23893,4417
23894,7295
23895,2441
23896,5485
23897,8871
23898,1729
23899,9185
23900,5952
23901,2733
23902,7087
23903,3219
23904,3096
23905,9458
23906,7279
23907,7261
23908,8299
23909,5376
23910,4942
23911,6896
23912,7069
23913,7948
23914,5762
23915,6779
23916,3696
23917,8567
23918,6375
23919,5793
23920,3872
23921,4950
23922,8383
23923,5981
23924,4071
23925,5342
23926,5331
23927,5088
23928,15974
23929,5156
23930,10239
23931,4766
23932,3639
23933,6544
23934,5496
23935,3176
23936,5036
23937,9147
23938,14195
23939,7408
23940,9423
23941,7088
23942,10872
23943,8627
23944,7123
23945,6249
23946,4291
23947,10541
23948,7699
23949,7356
23950,5439
23951,5407
23952,5055
23953,2244
23954,12385
23955,6604
23956,5992
23957,4823
23958,1429
23959,8648
23960,8282
23961,11723
23962,5897
23963,4275
23964,3751
23965,6846
23966,4952
23967,4249
23968,10713
23969,4401
23970,4494
23971,5273
23972,3685
23973,2603
23974,2363
23975,14296
23976,4987
23977,12815
23978,4373
23979,6046
23980,5240
23981,4058
23982,3225
23983,6191
23984,3027
23985,2815
23986,10696
23987,6104
23988,2737
23989,8608
23990,2622
23991,5782
23992,3546
23993,10183
23994,7668
23995,8187
23996,2347
23997,5081
23998,2639
23999,4785
24000,3429
24001,16346
24002,12199
24003,4836
24004,2980
24005,5989
24006,4344
24007,2598
24008,7567
24009,2372
24010,14364
24011,4172
24012,4925
24013,5802
24014,11644
24015,6954
24016,4948
24017,5070
24018,5914
24019,6597
24020,6978
24021,3840
24022,1259
24023,4758
24024,2878
24025,2935
24026,5798
24027,7033
24028,5795
24029,5204
24030,8116
24031,5853
24032,3181
24033,7621
24034,2235
24035,9795
24036,5041
24037,2814
24038,4505
24039,4275
24040,4732
24041,7483
24042,7006
24043,3847
24044,6095
24045,2342
24046,4721
24047,7906
24048,8876
24049,3445
24050,2141
24051,5118
24052,7438
24053,6451
24054,2605
24055,11399
24056,3721
24057,3329
24058,5725
24059,10144
24060,9489
24061,4369
24062,4466
24063,6004
24064,1554
24065,6857
24066,7238
24067,4733
24068,4458
24069,2908
24070,8701
24071,2970
24072,4584
24073,3892
24074,3463
24075,2831
24076,7498
24077,6797
24078,5725
24079,3744
24080,5210
24081,8023
24082,7783
24083,7535
24084,4981
24085,5319
24086,5659
24087,8222
24088,7118
24089,5315
24090,1972
24091,6067
24092,6428
24093,6287
24094,7778
24095,5795
24096,2833
24097,7481
24098,5358
24099,10952
24100,2789
24101,2528
24102,9420
24103,1587
24104,5279
24105,4527
24106,8116
24107,3927
24108,4462
24109,9207
24110,2718
24111,6272
24112,10009
24113,14565
24114,6730
24115,2433
24116,5433
24117,3786
24118,2249
24119,7518
24120,5024
24121,6515
24122,5145
24123,5452
24124,4920
24125,4814
24126,4926
24127,4644
24128,9065
24129,5471
24130,2439
24131,6251
24132,4046
24133,5651
24134,5810
24135,5899
24136,7737
24137,8090
24138,8356
24139,5859
24140,5022
24141,5934
24142,2896
24143,5879
24144,8992
24145,6814
24146,7103
24147,6822
24148,13909
24149,3213
24150,3565
24151,4813
24152,4256
24153,8932
24154,10346
24155,7986
24156,7425
24157,7783
24158,1937
24159,7924
24160,3153
24161,6440
24162,6112
24163,5406
24164,2030
24165,5159
24166,3583
24167,3151
24168,7124
24169,4723
24170,8812
24171,17498
24172,5594
24173,3127
24174,4809
24175,8310
24176,6451
24177,4387
24178,5626
24179,2032
24180,6364
24181,7039
24182,3411
24183,10682
24184,11913
24185,3096
24186,5630
24187,3826
24188,3738
24189,4013
24190,8708
24191,3889
24192,4613
24193,4660
24194,2807
24195,2579
24196,2510
24197,5563
24198,5695
24199,4786
24200,7708
24201,1196
24202,7621
24203,14948
24204,3161
24205,8203
24206,7210
24207,4719
24208,4393
24209,2445
24210,4199
24211,4889
24212,5345
24213,3045
24214,9536
24215,4537
24216,4110
24217,6326
24218,4929
24219,6060
24220,4949
24221,5917
24222,10249
24223,4636
24224,7301
24225,5974
24226,3641
24227,3154
24228,4441
24229,5785
24230,6178
24231,3620
24232,12693
24233,5143
24234,4778
24235,11681
24236,4686
24237,7024
24238,4435
24239,5255
24240,5215
24241,6791
24242,15688
24243,2961
24244,5520
24245,3352
24246,9374
24247,7053
24248,4887
24249,3601
24250,4258
24251,2502
24252,2083
24253,6771
24254,2143
24255,3761
24256,1286
24257,20944
24258,8439
24259,2207
24260,5400
24261,6226
24262,6866
24263,5359
24264,8125
24265,5713
24266,5864
24267,2793
24268,7843
24269,6229
24270,4090
24271,6046
24272,9310
24273,4405
24274,8214
24275,6590
24276,3222
24277,5716
24278,6877
24279,2641
24280,9124
24281,6995
24282,4991
24283,9885
24284,3676
24285,4945
24286,8680
24287,6660
24288,2249
24289,4825
24290,3761
24291,3212
24292,5180
24293,5880
24294,3570
24295,6107
24296,2362
24297,5714
24298,2925
24299,5751
24300,5595
24301,4829
24302,5732
24303,9047
24304,2681
24305,5800
24306,7111
24307,3147
24308,5552
24309,6242
24310,9282
24311,6664
24312,3793
24313,2098
24314,2024
24315,5471
24316,4759
24317,4056
24318,12015
24319,5473
24320,5718
24321,8388
24322,6895
24323,2117
24324,0
24325,4452
24326,8000
24327,6358
24328,7523
24329,6114
24330,8807
24331,5306
24332,4175
24333,2813
24334,3400
24335,6204
24336,4266
24337,8184
24338,4925
24339,2868
24340,7785
24341,7303
24342,4710
24343,7564
24344,4361
24345,7024
24346,3740
24347,4910
24348,3704
24349,4855
24350,3411
24351,6381
24352,7758
24353,8036
24354,6284
24355,5597
24356,4180
24357,6251
24358,7094
24359,7057
24360,2848
24361,2858
24362,8431
24363,6139
24364,3016
24365,4077
24366,7949
24367,6600
24368,2446
24369,6283
24370,4870
24371,1743
24372,5086
24373,2726
24374,4199
24375,6424
24376,5967
24377,5268
24378,4316
24379,8415
24380,6285
24381,3621
24382,5597
24383,4914
24384,3023
24385,1123
24386,7397
24387,1589
24388,5742
24389,9663
24390,5702
24391,4479
24392,3063
24393,5491
24394,5156
24395,4984
24396,5577
24397,6203
24398,7834
24399,6366
24400,8891
24401,3997
24402,3833
24403,4202
24404,3606
24405,5335
24406,6773
24407,3407
24408,5294
24409,2692
24410,7968
24411,4325
24412,4345
24413,3863
24414,5501
24415,7534
24416,3370
24417,6626
24418,4509
24419,5442
24420,5223
24421,6107
24422,7816
24423,4579
24424,3610
24425,9756
24426,6834
24427,6686
24428,2031
24429,4550
24430,5180
24431,4086
24432,4716
24433,10579
24434,8033
24435,9208
24436,9708
24437,6436
24438,5341
24439,6106
24440,6105
24441,7405
24442,10620
24443,3217
24444,1769
24445,1539
24446,4129
24447,4965
24448,9894
24449,2391
24450,1930
24451,5408
24452,5678
24453,5829
24454,10022
24455,6914
24456,6503
24457,2706
24458,7798
24459,6243
24460,7003
24461,6956
24462,3490
24463,6331
24464,3027
24465,6732
24466,5609
24467,5255
24468,5960
24469,3872
24470,6359
24471,5153
24472,6834
24473,4901
24474,8273
24475,5383
24476,8976
24477,5202
24478,3576
24479,8360
24480,2766
24481,10514
24482,5966
24483,4913
24484,3216
24485,6999
24486,4480
24487,4391
24488,6446
24489,4439
24490,12458
24491,3046
24492,2953
24493,5723
24494,6193
24495,10559
24496,2513
24497,4687
24498,6091
24499,5600
24500,4748
24501,3465
24502,6147
24503,3241
24504,10618
24505,2747
24506,6878
24507,13826
24508,7499
24509,6263
24510,3127
24511,5101
24512,7806
24513,2639
24514,7477
24515,2957
24516,8298
24517,6709
24518,5667
24519,5847
24520,4871
24521,2827
24522,5452
24523,2292
24524,3672
24525,3167
24526,2813
24527,7734
24528,5535
24529,21180
24530,7620
24531,0
24532,0
24533,0
24534,0
24535,0
24536,0
24537,0
24538,0
24539,0
24540,0
24541,0
24542,0
24543,0
24544,0
24545,0
24546,0
24547,0
24548,0
24549,0
24550,0
24551,0
24552,0
24553,0
24554,0
24555,0
24556,0
24557,0
24558,0
24559,0
24560,0
24561,0
24562,0
24563,0
24564,0
24565,0
24566,0
24567,0
24568,0
24569,0
24570,0
24571,0
24572,0
24573,0
24574,0
24575,0
24576,0
24577,0
24578,0
24579,0
24580,0
24581,0
24582,0
24583,0
24584,0
24585,0
24586,0
24587,0
24588,0
24589,0
24590,0
24591,0
24592,0
24593,0
24594,0
24595,0
24596,0
24597,0
24598,0
24599,0
24600,0
24601,0
24602,0
24603,0
24604,0
24605,0
24606,0
24607,0
24608,0
24609,0
24610,0
24611,0
24612,0
24613,0
24614,0
24615,11850
24616,0
24617,0
24618,0
24619,0
24620,0
24621,0
24622,0
24623,0
24624,0
24625,0
24626,0
24627,0
24628,0
24629,0
24630,0
24631,0
24632,0
24633,0
24634,0
24635,0
24636,0
24637,0
24638,0
24639,0
24640,0
24641,0
24642,0
24643,0
24644,0
24645,0
24646,0
24647,0
24648,0
24649,0
24650,0
24651,0
24652,3950
24653,0
24654,0
24655,0
24656,0
24657,0
24658,0
24659,0
24660,0
24661,0
24662,0
24663,0
24664,0
24665,0
24666,0
24667,0
24668,0
24669,0
24670,0
24671,0
24672,0
24673,0
24674,0
24675,0
24676,0
24677,0
24678,0
24679,0
24680,0
24681,0
24682,0
24683,0
24684,0
24685,0
24686,0
24687,0
24688,0
24689,0
24690,0
24691,0
24692,0
24693,0
24694,0
24695,0
24696,0
24697,0
24698,0
24699,0
24700,0
24701,0
24702,0
24703,0
24704,0
24705,0
24706,0
24707,0
24708,0
24709,0
24710,0
24711,0
24712,0
24713,0
24714,0
24715,0
24716,0
24717,0
24718,0
24719,0
24720,0
24721,0
24722,0
24723,0
24724,0
24725,0
24726,0
24727,0
24728,0
24729,0
24730,0
24731,0
24732,0
24733,0
24734,0
24735,0
24736,0
24737,0
24738,0
24739,2785
24740,0
24741,0
24742,0
24743,0
24744,0
24745,0
24746,0
24747,0
24748,0
24749,0
24750,0
24751,0
24752,0
24753,0
24754,0
24755,0
24756,0
24757,0
24758,0
24759,0
24760,0
24761,0
24762,0
24763,0
24764,0
24765,0
24766,0
24767,0
24768,0
24769,0
24770,0
24771,0
24772,0
24773,0
24774,0
24775,0
24776,0
24777,0
24778,0
24779,0
24780,0
24781,0
24782,0
24783,0
24784,0
24785,0
24786,0
24787,0
24788,0
24789,16689
24790,0
24791,0
24792,28508
24793,0
24794,0
24795,0
24796,0
24797,0
24798,0
24799,0
24800,0
24801,0
24802,0
24803,0
24804,7542
24805,0
24806,0
24807,0
24808,0
24809,0
24810,0
24811,0
24812,0
24813,0
24814,0
24815,0
24816,0
24817,0
24818,0
24819,0
24820,0
24821,0
24822,0
24823,0
24824,0
24825,0
24826,0
24827,0
24828,0
24829,5101
24830,0
24831,0
24832,0
24833,0
24834,0
24835,0
24836,0
24837,0
24838,0
24839,0
24840,2719
24841,0
24842,0
24843,0
24844,0
24845,0
24846,0
24847,0
24848,0
24849,0
24850,0
24851,0
24852,0
24853,0
24854,0
24855,0
24856,0
24857,0
24858,0
24859,0
24860,0
24861,0
24862,0
24863,0
24864,0
24865,8367
24866,0
24867,0
24868,0
24869,0
24870,0
24871,0
24872,0
24873,0
24874,0
24875,0
24876,0
24877,0
24878,0
24879,0
24880,0
24881,0
24882,0
24883,8881
24884,0
24885,0
24886,0
24887,0
24888,0
24889,0
24890,0
24891,0
24892,0
24893,0
24894,0
24895,0
24896,0
24897,0
24898,0
24899,0
24900,0
24901,0
24902,0
24903,0
24904,0
24905,0
24906,0
24907,0
24908,0
24909,0
24910,0
24911,0
24912,0
24913,0
24914,0
24915,0
24916,0
24917,0
24918,0
24919,0
24920,0
24921,0
24922,0
24923,0
24924,0
24925,0
24926,0
24927,0
24928,0
24929,0
24930,0
24931,0
24932,0
24933,0
24934,0
24935,0
24936,0
24937,0
24938,0
24939,0
24940,0
24941,0
24942,0
24943,0
24944,0
24945,0
24946,0
24947,0
24948,0
24949,0
24950,0
24951,0
24952,0
24953,14381
24954,0
24955,0
24956,0
24957,0
24958,0
24959,0
24960,0
24961,0
24962,0
24963,1780
24964,0
24965,0
24966,0
24967,0
24968,0
24969,0
24970,0
24971,0
24972,0
24973,0
24974,0
24975,0
24976,0
24977,0
24978,0
24979,0
24980,0
24981,0
24982,0
24983,5619
24984,0
24985,0
24986,0
24987,0
24988,0
24989,0
24990,0
24991,0
24992,0
24993,0
24994,0
24995,0
24996,0
24997,0
24998,0
24999,0
25000,0
25001,0
25002,0
25003,0
25004,0
25005,0
25006,0
25007,0
25008,0
25009,0
25010,0
25011,0
25012,0
25013,0
25014,0
25015,0
25016,0
25017,0
25018,0
25019,0
25020,0
25021,0
25022,0
25023,0
25024,7892
25025,0
25026,0
25027,0
25028,0
25029,0
25030,0
25031,0
25032,0
25033,0
25034,0
25035,0
25036,0
25037,0
25038,0
25039,0
25040,0
25041,0
25042,7473
25043,0
25044,0
25045,0
25046,0
25047,0
25048,0
25049,0
25050,0
25051,0
25052,0
25053,0
25054,2271
25055,0
25056,0
25057,0
25058,0
25059,0
25060,5525
25061,0
25062,0
25063,0
25064,0
25065,0
25066,0
25067,0
25068,0
25069,0
25070,0
25071,0
25072,0
25073,0
25074,0
25075,0
25076,0
25077,0
25078,0
25079,0
25080,0
25081,0
25082,0
25083,0
25084,0
25085,0
25086,0
25087,0
25088,0
25089,0
25090,0
25091,0
25092,18509
25093,0
25094,0
25095,0
25096,0
25097,0
25098,0
25099,0
25100,0
25101,0
25102,0
25103,0
25104,0
25105,0
25106,0
25107,0
25108,6024
25109,0
25110,0
25111,0
25112,0
25113,0
25114,0
25115,0
25116,0
25117,0
25118,0
25119,0
25120,0
25121,0
25122,0
25123,0
25124,0
25125,0
25126,0
25127,0
25128,0
25129,0
25130,0
25131,0
25132,0
25133,0
25134,0
25135,0
25136,0
25137,0
25138,0
25139,0
25140,0
25141,0
25142,0
25143,0
25144,0
25145,0
25146,0
25147,0
25148,0
25149,0
25150,0
25151,0
25152,0
25153,0
25154,0
25155,0
25156,0
25157,0
25158,0
25159,0
25160,0
25161,0
25162,0
25163,0
25164,0
25165,0
25166,0
25167,0
25168,0
25169,0
25170,0
25171,0
25172,0
25173,0
25174,0
25175,0
25176,0
25177,0
25178,0
25179,0
25180,0
25181,0
25182,0
25183,0
25184,0
25185,0
25186,0
25187,0
25188,0
25189,0
25190,0
25191,0
25192,0
25193,0
25194,0
25195,0
25196,0
25197,0
25198,0
25199,0
25200,0
25201,0
25202,0
25203,0
25204,0
25205,0
25206,13408
25207,0
25208,0
25209,0
25210,0
25211,0
25212,7084
25213,0
25214,0
25215,0
25216,0
25217,0
25218,0
25219,0
25220,0
25221,0
25222,0
25223,0
25224,0
25225,0
25226,0
25227,0
25228,0
25229,0
25230,0
25231,0
25232,0
25233,0
25234,0
25235,0
25236,0
25237,0
25238,0
25239,0
25240,0
25241,0
25242,0
25243,0
25244,0
25245,0
25246,0
25247,0
25248,0
25249,0
25250,0
25251,0
25252,0
25253,0
25254,0
25255,0
25256,0
25257,0
25258,0
25259,0
25260,0
25261,0
25262,3506
25263,16072
25264,0
25265,0
25266,0
25267,0
25268,0
25269,0
25270,0
25271,0
25272,0
25273,0
25274,0
25275,0
25276,0
25277,0
25278,0
25279,0
25280,0
25281,0
25282,0
25283,0
25284,0
25285,0
25286,0
25287,0
25288,0
25289,0
25290,0
25291,0
25292,0
25293,0
25294,0
25295,0
25296,0
25297,0
25298,0
25299,12142
25300,0
25301,0
25302,0
25303,0
25304,0
25305,0
25306,0
25307,0
25308,0
25309,0
25310,0
25311,0
25312,0
25313,0
25314,0
25315,0
25316,0
25317,0
25318,0
25319,0
25320,0
25321,0
25322,0
25323,0
25324,0
25325,0
25326,0
25327,0
25328,0
25329,0
25330,0
25331,0
25332,0
25333,0
25334,0
25335,0
25336,0
25337,0
25338,0
25339,0
25340,0
25341,0
25342,0
25343,0
25344,0
25345,0
25346,0
25347,0
25348,0
25349,0
25350,0
25351,0
25352,0
25353,0
25354,0
25355,0
25356,0
25357,0
25358,0
25359,0
25360,0
25361,0
25362,0
25363,0
25364,0
25365,0
25366,0
25367,0
25368,0
25369,0
25370,0
25371,0
25372,0
25373,0
25374,0
25375,0
25376,0
25377,0
25378,0
25379,0
25380,0
25381,0
25382,0
25383,0
25384,0
25385,0
25386,0
25387,0
25388,0
25389,0
25390,0
25391,0
25392,0
25393,2554
25394,0
25395,0
25396,0
25397,2188
25398,0
25399,0
25400,0
25401,0
25402,0
25403,0
25404,0
25405,0
25406,0
25407,0
25408,0
25409,0
25410,0
25411,0
25412,0
25413,0
25414,0
25415,0
25416,0
25417,0
25418,0
25419,0
25420,0
25421,0
25422,0
25423,0
25424,0
25425,0
25426,0
25427,0
25428,0
25429,0
25430,0
25431,0
25432,0
25433,0
25434,0
25435,0
25436,0
25437,0
25438,0
25439,0
25440,0
25441,0
25442,0
25443,0
25444,0
25445,0
25446,0
25447,0
25448,0
25449,0
25450,0
25451,0
25452,0
25453,0
25454,0
25455,0
25456,0
25457,0
25458,0
25459,0
25460,0
25461,2667
25462,0
25463,0
25464,0
25465,0
25466,0
25467,0
25468,0
25469,0
25470,0
25471,0
25472,0
25473,0
25474,0
25475,0
25476,0
25477,0
25478,11494
25479,0
25480,0
25481,0
25482,0
25483,0
25484,0
25485,0
25486,0
25487,0
25488,0
25489,0
25490,0
25491,0
25492,0
25493,0
25494,0
25495,0
25496,0
25497,0
25498,0
25499,0
25500,0
25501,0
25502,0
25503,0
25504,0
25505,0
25506,0
25507,0
25508,0
25509,0
25510,0
25511,0
25512,0
25513,0
25514,0
25515,0
25516,0
25517,0
25518,0
25519,0
25520,0
25521,0
25522,0
25523,0
25524,0
25525,0
25526,0
25527,0
25528,0
25529,0
25530,0
25531,0
25532,0
25533,0
25534,0
25535,0
25536,0
25537,0
25538,0
25539,0
25540,0
25541,0
25542,0
25543,0
25544,0
25545,0
25546,0
25547,0
25548,0
25549,0
25550,0
25551,0
25552,0
25553,0
25554,0
25555,0
25556,0
25557,0
25558,0
25559,0
25560,0
25561,0
25562,0
25563,0
25564,0
25565,0
25566,0
25567,0
25568,0
25569,0
25570,0
25571,0
25572,0
25573,0
25574,0
25575,4881
25576,0
25577,0
25578,0
25579,0
25580,0
25581,0
25582,0
25583,0
25584,0
25585,0
25586,0
25587,0
25588,0
25589,0
25590,0
25591,0
25592,0
25593,0
25594,0
25595,0
25596,0
25597,0
25598,0
25599,0
25600,0
25601,0
25602,0
25603,0
25604,0
25605,0
25606,0
25607,0
25608,0
25609,0
25610,0
25611,4665
25612,0
25613,0
25614,0
25615,0
25616,0
25617,0
25618,0
25619,0
25620,0
25621,0
25622,0
25623,0
25624,0
25625,0
25626,0
25627,13361
25628,0
25629,4737
25630,0
25631,0
25632,0
25633,0
25634,0
25635,0
25636,0
25637,0
25638,0
25639,0
25640,0
25641,0
25642,0
25643,0
25644,0
25645,0
25646,5382
25647,7240
25648,10315
25649,12084
25650,7462
25651,6546
25652,13298
25653,9914
25654,11151
25655,7705
25656,9567
25657,11432
25658,7627
25659,7951
25660,9783
25661,11515
25662,10056
25663,10311
25664,10562
25665,10570
25666,8926
25667,6394
25668,8713
25669,15105
25670,14517
25671,10712
25672,14541
25673,7776
25674,14075
25675,5941
25676,7581
25677,6131
25678,10989
25679,10733
25680,17948
25681,11263
25682,8822
25683,10082
25684,8425
25685,5325
25686,8153
25687,14854
25688,9618
25689,8179
25690,7516
25691,8358
25692,10147
25693,4682
25694,10626
25695,6752
25696,9267
25697,9361
25698,7474
25699,10202
25700,7777
25701,10612
25702,14072
25703,11198
25704,8500
25705,14217
25706,6798
25707,9336
25708,10239
25709,16045
25710,7795
25711,7941
25712,12402
25713,8586
25714,11461
25715,9822
25716,14026
25717,7995
25718,6700
25719,9034
25720,7990
25721,12910
25722,11936
25723,5431
25724,8696
25725,11098
25726,9054
25727,14090
25728,5501
25729,18010
25730,8549
25731,6794
25732,8815
25733,10485
25734,8209
25735,11473
25736,6473
25737,10520
25738,8696
25739,11751
25740,10330
25741,9160
25742,10545
25743,7834
25744,8193
25745,11023
25746,10259
25747,11025
25748,6234
25749,11848
25750,7784
25751,11657
25752,9489
25753,16405
25754,8930
25755,5985
25756,9744
25757,7271
25758,7528
25759,7253
25760,9714
25761,9838
25762,5341
25763,13683
25764,8633
25765,10404
25766,6190
25767,11170
25768,13145
25769,5950
25770,15922
25771,8166
25772,7949
25773,12369
25774,11512
25775,6735
25776,6472
25777,10128
25778,9265
25779,6069
25780,8415
25781,8474
25782,10306
25783,11923
25784,9459
25785,10058
25786,8147
25787,6022
25788,10266
25789,9366
25790,9983
25791,12675
25792,11900
25793,11771
25794,7857
25795,12508
25796,10690
25797,8530
25798,10851
25799,13972
25800,10029
25801,11307
25802,14025
25803,9494
25804,12184
25805,7924
25806,9695
25807,11744
25808,8564
25809,10689
25810,5221
25811,7110
25812,14140
25813,11663
25814,8408
25815,5683
25816,13640
25817,8657
25818,11307
25819,7689
25820,7673
25821,8423
25822,5968
25823,15569
25824,11452
25825,9832
25826,9902
25827,8154
25828,8012
25829,10019
25830,10166
25831,5581
25832,8903
25833,8457
25834,11391
25835,10514
25836,8030
25837,14686
25838,8067
25839,6214
25840,14736
25841,7645
25842,9078
25843,5485
25844,12948
25845,9950
25846,7048
25847,8993
25848,9631
25849,7441
25850,9611
25851,11687
25852,17344
25853,3835
25854,9142
25855,4511
25856,19462
25857,6384
25858,12977
25859,13190
25860,9492
25861,10180
25862,6091
25863,6710
25864,4325
25865,6708
25866,8550
25867,7874
25868,10873
25869,10810
25870,7817
25871,9398
25872,9319
25873,10824
25874,12953
25875,10402
25876,7234
25877,5163
25878,12430
25879,18147
25880,9032
25881,10744
25882,6092
25883,10588
25884,7905
25885,6772
25886,9528
25887,7111
25888,10237
25889,9149
25890,11569
25891,9331
25892,12763
25893,10396
25894,7263
25895,14267
25896,23683
25897,15731
25898,9515
25899,4445
25900,8803
25901,12310
25902,6959
25903,7935
25904,13761
25905,7416
25906,20714
25907,20552
25908,5554
25909,9741
25910,8580
25911,5615
25912,10487
25913,7214
25914,14394
25915,12383
25916,13505
25917,10204
25918,12597
25919,4770
25920,9128
25921,5180
25922,8663
25923,10166
25924,16524
25925,8153
25926,7824
25927,6280
25928,9760
25929,8042
25930,6879
25931,6693
25932,10246
25933,8592
25934,8969
25935,11340
25936,12111
25937,0
25938,9315
25939,8729
25940,7874
25941,9758
25942,10832
25943,11560
25944,10726
25945,9378
25946,7105
25947,5345
25948,8797
25949,9314
25950,9486
25951,5988
25952,4234
25953,12485
25954,11143
25955,13542
25956,9356
25957,8680
25958,11009
25959,7777
25960,5906
25961,15506
25962,6992
25963,10535
25964,9722
25965,18895
25966,7831
25967,8552
25968,10337
25969,8618
25970,8503
25971,7424
25972,11457
25973,6179
25974,10520
25975,5561
25976,8022
25977,5524
25978,13122
25979,7196
25980,22004
25981,18336
25982,6321
25983,9443
25984,6929
25985,9928
25986,7894
25987,14597
25988,11898
25989,13701
25990,6177
25991,10461
25992,6418
25993,11986
25994,10451
25995,10167
25996,9578
25997,8517
25998,6984
25999,12442
26000,12145
26001,7780
26002,11089
26003,15349
26004,8474
26005,10021
26006,8581
26007,13014
26008,9777
26009,6666
26010,7478
26011,10005
26012,8621
26013,17124
26014,8405
26015,10984
26016,10147
26017,13988
26018,5925
26019,10308
26020,14622
26021,12242
26022,10834
26023,9489
26024,5973
26025,19203
26026,13086
26027,12117
26028,20244
26029,13936
26030,11204
26031,10214
26032,13934
26033,15643
26034,14753
26035,16383
26036,8703
26037,12304
26038,8668
26039,12110
26040,5247
26041,15403
26042,9409
26043,7892
26044,8279
26045,14003
26046,12052
26047,7893
26048,10247
26049,7341
26050,8286
26051,10062
26052,5765
26053,6840
26054,8127
26055,10475
26056,14667
26057,11334
26058,9712
26059,8607
26060,7733
26061,15323
26062,10698
26063,8369
26064,7502
26065,6804
26066,11332
26067,5556
26068,12295
26069,10420
26070,4697
26071,7421
26072,11827
26073,8360
26074,7355
26075,11519
26076,13091
26077,15153
26078,8087
26079,12760
26080,4533
26081,7951
26082,9766
26083,9237
26084,10917
26085,7605
26086,9185
26087,6669
26088,7971
26089,13524
26090,10172
26091,7395
26092,6962
26093,12678
26094,14552
26095,11058
26096,7492
26097,7171
26098,12519
26099,9225
26100,9224
26101,8629
26102,7759
26103,10031
26104,13628
26105,6240
26106,5978
26107,7011
26108,9329
26109,11942
26110,12340
26111,12221
26112,17492
26113,6842
26114,14890
26115,16509
26116,9514
26117,6680
26118,5067
26119,11527
26120,8964
26121,9637
26122,8730
26123,10177
26124,15347
26125,7532
26126,9109
26127,10360
26128,7515
26129,9153
26130,6879
26131,7007
26132,9935
26133,5146
26134,12586
26135,9681
26136,10703
26137,10562
26138,13350
26139,10248
26140,8569
26141,11655
26142,11971
26143,8306
26144,7680
26145,7115
26146,6733
26147,13917
26148,10533
26149,8689
26150,7489
26151,11094
26152,12714
26153,11272
26154,9501
26155,11869
26156,6504
26157,6841
26158,21989
26159,9506
26160,11380
26161,9796
26162,9332
26163,9579
26164,7390
26165,5599
26166,6943
26167,11313
26168,16491
26169,11269
26170,12197
26171,16288
26172,14310
26173,16222
26174,11241
26175,7828
26176,6301
26177,13309
26178,15817
26179,11961
26180,12288
26181,12013
26182,8606
26183,5839
26184,13400
26185,11067
26186,10383
26187,8468
26188,4663
26189,20094
26190,16649
26191,17921
26192,7772
26193,8135
26194,6138
26195,8281
26196,8612
26197,14147
26198,8649
26199,6705
26200,6843
26201,10843
26202,6102
26203,4017
26204,9811
26205,17883
26206,10134
26207,20132
26208,6293
26209,8070
26210,10415
26211,7664
26212,7836
26213,6605
26214,5876
26215,6207
26216,10907
26217,10226
26218,5635
26219,13407
26220,10572
26221,9600
26222,6447
26223,12962
26224,11640
26225,12138
26226,8375
26227,10148
26228,6400
26229,6961
26230,6354
26231,20108
26232,14424
26233,8564
26234,8558
26235,6917
26236,7961
26237,6033
26238,12271
26239,6108
26240,20753
26241,5942
26242,6868
26243,7348
26244,12313
26245,10273
26246,6580
26247,9290
26248,10456
26249,10102
26250,10568
26251,8016
26252,7025
26253,14983
26254,6397
26255,6801
26256,7462
26257,9464
26258,8621
26259,8387
26260,12715
26261,11760
26262,9992
26263,10058
26264,6742
26265,10476
26266,7981
26267,5979
26268,9652
26269,10455
26270,10144
26271,14220
26272,9596
26273,8932
26274,9024
26275,9264
26276,7744
26277,9249
26278,8461
26279,11541
26280,10266
26281,11335
26282,12014
26283,7934
26284,6728
26285,17116
26286,8577
26287,4391
26288,10111
26289,10884
26290,14132
26291,6606
26292,8709
26293,9301
26294,6058
26295,7895
26296,10132
26297,11445
26298,8410
26299,11219
26300,14520
26301,4179
26302,9390
26303,8740
26304,8056
26305,7854
26306,9396
26307,13426
26308,7261
26309,8165
26310,11471
26311,11065
26312,13268
26313,12150
26314,6287
26315,9531
26316,9100
26317,10795
26318,11231
26319,12074
26320,5795
26321,9797
26322,10049
26323,11580
26324,14101
26325,5714
26326,5246
26327,16015
26328,12364
26329,13878
26330,9902
26331,10490
26332,12470
26333,5529
26334,9717
26335,7677
26336,11548
26337,10732
26338,12708
26339,10221
26340,10122
26341,11535
26342,15770
26343,19507
26344,9714
26345,6906
26346,9299
26347,6017
26348,4675
26349,15694
26350,12613
26351,7659
26352,12790
26353,7660
26354,14168
26355,7205
26356,8959
26357,8397
26358,13416
26359,7060
26360,10152
26361,7525
26362,8893
26363,10325
26364,6376
26365,9882
26366,9083
26367,11924
26368,11271
26369,9628
26370,7302
26371,17093
26372,6514
26373,6687
26374,16463
26375,9444
26376,13744
26377,10226
26378,16741
26379,8664
26380,9683
26381,6823
26382,9601
26383,11862
26384,16383
26385,10646
26386,11350
26387,12278
26388,6295
26389,9560
26390,12515
26391,10624
26392,11312
26393,8803
26394,7607
26395,7161
26396,5806
26397,8821
26398,12642
26399,10646
26400,15654
26401,20142
26402,10375
26403,6850
26404,11438
26405,8929
26406,12734
26407,6307
26408,8527
26409,5345
26410,11790
26411,9524
26412,9099
26413,19337
26414,13221
26415,7804
26416,9715
26417,5126
26418,6599
26419,7483
26420,11347
26421,7447
26422,6339
26423,7498
26424,11752
26425,10212
26426,7529
26427,7799
26428,9974
26429,10556
26430,11743
26431,5479
26432,14668
26433,23047
26434,4234
26435,10031
26436,13462
26437,11591
26438,9263
26439,3892
26440,7147
26441,11971
26442,6762
26443,12122
26444,13199
26445,6895
26446,8273
26447,9844
26448,8927
26449,6264
26450,8631
26451,11119
26452,12770
26453,10632
26454,14937
26455,7978
26456,5146
26457,9779
26458,7800
26459,13345
26460,8395
26461,6532
26462,25268
26463,11067
26464,7931
26465,14738
26466,10117
26467,11098
26468,8874
26469,10415
26470,6519
26471,12686
26472,16142
26473,8157
26474,7668
26475,9715
26476,17818
26477,9316
26478,8012
26479,8954
26480,8344
26481,9894
26482,5816
26483,12661
26484,6201
26485,9134
26486,4103
26487,23653
26488,10909
26489,6574
26490,6181
26491,14267
26492,8710
26493,9763
26494,10897
26495,9991
26496,6447
26497,6255
26498,13160
26499,8319
26500,9076
26501,9365
26502,9906
26503,6834
26504,9820
26505,8145
26506,5034
26507,10733
26508,11696
26509,5916
26510,10294
26511,10380
26512,6907
26513,13132
26514,9555
26515,8740
26516,8777
26517,10631
26518,5004
26519,6669
26520,7730
26521,15393
26522,8387
26523,12523
26524,6080
26525,10731
26526,6569
26527,8045
26528,6681
26529,9531
26530,7876
26531,9866
26532,10705
26533,11475
26534,6045
26535,9651
26536,9789
26537,11890
26538,8094
26539,13170
26540,13238
26541,8380
26542,3924
26543,11260
26544,8679
26545,8392
26546,10402
26547,4795
26548,14513
26549,7580
26550,9529
26551,14367
26552,8141
26553,6959
26554,0
26555,9105
26556,13941
26557,6612
26558,12249
26559,12531
26560,7917
26561,7129
26562,9454
26563,7659
26564,8072
26565,7442
26566,13088
26567,9999
26568,6400
26569,7038
26570,7797
26571,11503
26572,9923
26573,13608
26574,7995
26575,9420
26576,5612
26577,10134
26578,10818
26579,10018
26580,8142
26581,8714
26582,11082
26583,12868
26584,8744
26585,11114
26586,7685
26587,9260
26588,9612
26589,8718
26590,5691
26591,6058
26592,9272
26593,8509
26594,9062
26595,8693
26596,11847
26597,7462
26598,8267
26599,10364
26600,7602
26601,4906
26602,13504
26603,5009
26604,10503
26605,10558
26606,8878
26607,11034
26608,18305
26609,12519
26610,11616
26611,6390
26612,11401
26613,10407
26614,5096
26615,4635
26616,12151
26617,6000
26618,10593
26619,15332
26620,10690
26621,11023
26622,8368
26623,11153
26624,10451
26625,10267
26626,10892
26627,13551
26628,12456
26629,9704
26630,11094
26631,7073
26632,9902
26633,6155
26634,7296
26635,9092
26636,7556
26637,7618
26638,11447
26639,8872
26640,13090
26641,11276
26642,7692
26643,5884
26644,14463
26645,9292
26646,9185
26647,9190
26648,11158
26649,8522
26650,8587
26651,9626
26652,10043
26653,8087
26654,6270
26655,12601
26656,10355
26657,7483
26658,6005
26659,16786
26660,8999
26661,9805
26662,8922
26663,14654
26664,13238
26665,10798
26666,11259
26667,12012
26668,8538
26669,7840
26670,9740
26671,14409
26672,19054
26673,8756
26674,8044
26675,5553
26676,8151
26677,13566
26678,19648
26679,10579
26680,7774
26681,7099
26682,8765
26683,8099
26684,11692
26685,13389
26686,7376
26687,5842
26688,10470
26689,8515
26690,11803
26691,14036
26692,7419
26693,11385
26694,5010
26695,10277
26696,11201
26697,11028
26698,12930
26699,9510
26700,10236
26701,6684
26702,8358
26703,10820
26704,11320
26705,10755
26706,11618
26707,9642
26708,6908
26709,12916
26710,5800
26711,13952
26712,8704
26713,6307
26714,9736
26715,9752
26716,8401
26717,10860
26718,12785
26719,7733
26720,13893
26721,6051
26722,6960
26723,11862
26724,12373
26725,13821
26726,8872
26727,8911
26728,7127
26729,8024
26730,10218
26731,9971
26732,9009
26733,7943
26734,14059
26735,9969
26736,12911
26737,14652
26738,10495
26739,6179
26740,6925
26741,9005
26742,11619
26743,7881
26744,11539
26745,8071
26746,15278
26747,8948
26748,8134
26749,7129
26750,8760
26751,7163
26752,10345
26753,10350
26754,7381
26755,8165
26756,7850
26757,15231
26758,8420
26759,23472
26760,10143
26761,4905
26762,6278
26763,9259
26764,10241
26765,5964
26766,5612
26767,11715
26768,8365
26769,8700
26770,6487
26771,8591
26772,9630
26773,6209
26774,6812
26775,8170
26776,9939
26777,8755
26778,8241
26779,8704
26780,9720
26781,7386
26782,5519
26783,6728
26784,12005
26785,12522
26786,8030
26787,12564
26788,6279
26789,10251
26790,5628
26791,6469
26792,5365
26793,9395
26794,9374
26795,13808
26796,10217
26797,7249
26798,7729
26799,6505
26800,5177
26801,6623
26802,12722
26803,8102
26804,6725
26805,5925
26806,6713
26807,9099
26808,3984
26809,8773
26810,5201
26811,7394
26812,7645
26813,6242
26814,8518
26815,6471
26816,9089
26817,11355
26818,8682
26819,6939
26820,11577
26821,5846
26822,8475
26823,8207
26824,13019
26825,6506
26826,6711
26827,10364
26828,7889
26829,10440
26830,7726
26831,11496
26832,6160
26833,5995
26834,7629
26835,6684
26836,10420
26837,9226
26838,4431
26839,7199
26840,9103
26841,7680
26842,11527
26843,4728
26844,15595
26845,7445
26846,5921
26847,7523
26848,8608
26849,7226
26850,10080
26851,5568
26852,8152
26853,7637
26854,9225
26855,9083
26856,7643
26857,8315
26858,6419
26859,6721
26860,9192
26861,8928
26862,9007
26863,5268
26864,10542
26865,6192
26866,10245
26867,8071
26868,13401
26869,7715
26870,5206
26871,7839
26872,6280
26873,6505
26874,6028
26875,8622
26876,8155
26877,4625
26878,9932
26879,7368
26880,8470
26881,5387
26882,9128
26883,10920
26884,5839
26885,13967
26886,6953
26887,6337
26888,9823
26889,10460
26890,5810
26891,5321
26892,8438
26893,8010
26894,5426
26895,6970
26896,6870
26897,9095
26898,9865
26899,7987
26900,8793
26901,6928
26902,5188
26903,8240
26904,8053
26905,9278
26906,9910
26907,9355
26908,10280
26909,6710
26910,9977
26911,8570
26912,7510
26913,9011
26914,10871
26915,7950
26916,9389
26917,12339
26918,8865
26919,9521
26920,6740
26921,8727
26922,9579
26923,7581
26924,8739
26925,4687
26926,6303
26927,13001
26928,9701
26929,7169
26930,4781
26931,10742
26932,7748
26933,9618
26934,6793
26935,6844
26936,6588
26937,4937
26938,12297
26939,9553
26940,8183
26941,8135
26942,6608
26943,6671
26944,7972
26945,8005
26946,4855
26947,8079
26948,6606
26949,10086
26950,9454
26951,7376
26952,13154
26953,6776
26954,5412
26955,12601
26956,6064
26957,7755
26958,4805
26959,10095
26960,9189
26961,5738
26962,7424
26963,8136
26964,6427
26965,7847
26966,9920
26967,13735
26968,3304
26969,7856
26970,3891
26971,16543
26972,5443
26973,10559
26974,10698
26975,7962
26976,8348
26977,5411
26978,6191
26979,3858
26980,6105
26981,7140
26982,6549
26983,8410
26984,8620
26985,6171
26986,8339
26987,8090
26988,9302
26989,10720
26990,8820
26991,5978
26992,4237
26993,11206
26994,14014
26995,7295
26996,9188
26997,5231
26998,9145
26999,6349
27000,5790
27001,7969
27002,4997
27003,8896
27004,6936
27005,10222
27006,7976
27007,9975
27008,8988
27009,6058
27010,10992
27011,21842
27012,12517
27013,7498
27014,3792
27015,7270
27016,10556
27017,6023
27018,6639
27019,13184
27020,6566
27021,15536
27022,19447
27023,4886
27024,8152
27025,6780
27026,5082
27027,8880
27028,6065
27029,11768
27030,10801
27031,11815
27032,8358
27033,9764
27034,4389
27035,7944
27036,4614
27037,7375
27038,8518
27039,12288
27040,6718
27041,6437
27042,5351
27043,8534
27044,7008
27045,6045
27046,5214
27047,9147
27048,6726
27049,6977
27050,9435
27051,9905
27052,0
27053,7783
27054,8034
27055,7069
27056,8745
27057,8797
27058,9430
27059,8695
27060,8696
27061,6121
27062,4494
27063,7670
27064,8135
27065,7305
27066,5426
27067,3636
27068,10870
27069,8863
27070,10932
27071,8360
27072,6945
27073,8564
27074,6248
27075,5086
27076,12311
27077,5881
27078,8429
27079,8428
27080,16797
27081,6677
27082,7101
27083,8535
27084,7831
27085,7471
27086,5797
27087,9421
27088,5455
27089,8748
27090,4924
27091,6973
27092,4647
27093,11952
27094,5936
27095,20141
27096,16658
27097,5457
27098,8062
27099,6564
27100,8057
27101,6962
27102,12884
27103,9652
27104,11661
27105,5399
27106,9172
27107,5445
27108,10629
27109,9349
27110,8081
27111,7590
27112,7080
27113,6768
27114,9788
27115,10450
27116,6820
27117,9227
27118,12100
27119,7144
27120,8299
27121,7226
27122,11186
27123,8398
27124,6369
27125,6321
27126,8103
27127,6545
27128,13042
27129,6931
27130,8648
27131,7985
27132,11246
27133,4970
27134,8800
27135,12906
27136,10280
27137,10426
27138,8349
27139,4787
27140,16918
27141,10958
27142,9320
27143,18022
27144,12316
27145,8909
27146,8222
27147,11899
27148,12709
27149,13181
27150,13698
27151,7188
27152,9545
27153,6926
27154,10136
27155,4821
27156,12971
27157,8054
27158,6512
27159,7181
27160,11867
27161,9681
27162,6456
27163,8807
27164,6473
27165,6213
27166,8127
27167,4789
27168,5778
27169,7340
27170,8475
27171,11100
27172,9893
27173,8328
27174,6913
27175,6407
27176,12889
27177,9177
27178,6910
27179,6322
27180,5752
27181,9597
27182,4820
27183,11147
27184,8290
27185,4020
27186,6708
27187,9580
27188,6971
27189,5843
27190,9661
27191,11177
27192,13366
27193,7167
27194,10917
27195,3926
27196,6498
27197,7846
27198,7107
27199,8744
27200,6582
27201,7833
27202,5450
27203,6233
27204,11587
27205,9443
27206,6173
27207,5827
27208,10374
27209,12716
27210,9546
27211,6306
27212,5994
27213,10679
27214,7746
27215,8057
27216,7625
27217,6205
27218,8172
27219,12341
27220,5051
27221,5141
27222,6354
27223,7723
27224,10212
27225,9707
27226,10195
27227,16145
27228,5521
27229,12705
27230,14995
27231,7992
27232,5702
27233,4365
27234,9436
27235,7778
27236,7637
27237,7138
27238,8317
27239,14628
27240,6224
27241,6954
27242,8478
27243,7283
27244,7553
27245,5814
27246,5488
27247,8218
27248,4226
27249,10981
27250,8993
27251,8559
27252,9552
27253,10446
27254,9265
27255,6616
27256,9142
27257,10815
27258,7539
27259,6552
27260,6417
27261,5778
27262,12027
27263,7984
27264,7127
27265,6382
27266,8757
27267,9936
27268,9087
27269,8012
27270,10147
27271,5792
27272,6522
27273,19799
27274,7882
27275,9614
27276,8306
27277,7740
27278,7288
27279,5846
27280,4897
27281,5851
27282,9521
27283,14524
27284,9673
27285,9966
27286,14682
27287,12326
27288,13372
27289,9243
27290,6205
27291,5739
27292,12133
27293,12863
27294,9425
27295,10483
27296,10689
27297,7469
27298,4927
27299,12298
27300,8392
27301,8326
27302,7527
27303,3869
27304,17514
27305,14160
27306,16105
27307,6549
27308,6802
27309,5392
27310,6945
27311,8001
27312,11070
27313,7373
27314,5901
27315,5643
27316,9240
27317,5024
27318,3683
27319,8067
27320,15607
27321,8338
27322,18345
27323,5395
27324,6665
27325,8560
27326,6887
27327,6527
27328,5510
27329,5130
27330,5370
27331,8896
27332,7987
27333,5038
27334,10808
27335,8085
27336,7921
27337,5389
27338,10831
27339,9462
27340,10725
27341,7230
27342,8720
27343,4998
27344,5982
27345,5423
27346,17775
27347,11894
27348,7153
27349,6787
27350,5502
27351,6746
27352,5451
27353,10875
27354,5387
27355,16910
27356,5176
27357,6333
27358,6612
27359,10224
27360,8081
27361,5461
27362,7979
27363,9760
27364,8356
27365,8723
27366,6966
27367,5691
27368,13106
27369,5699
27370,5352
27371,6516
27372,7375
27373,7233
27374,7515
27375,11078
27376,10140
27377,8049
27378,8233
27379,5727
27380,9086
27381,7394
27382,4940
27383,8370
27384,8285
27385,8450
27386,10877
27387,7644
27388,7568
27389,7527
27390,8213
27391,6921
27392,7943
27393,7490
27394,8685
27395,8686
27396,8648
27397,10186
27398,6986
27399,5775
27400,14116
27401,7392
27402,4208
27403,9512
27404,9603
27405,12795
27406,5986
27407,7052
27408,7552
27409,4671
27410,7174
27411,8825
27412,8493
27413,7223
27414,9110
27415,10585
27416,3931
27417,7393
27418,7126
27419,7073
27420,6404
27421,7947
27422,10873
27423,6613
27424,6312
27425,10183
27426,8641
27427,10153
27428,10426
27429,5340
27430,8225
27431,8243
27432,9744
27433,9134
27434,9709
27435,4644
27436,9472
27437,8211
27438,9064
27439,11553
27440,5226
27441,4925
27442,14586
27443,10547
27444,10685
27445,8166
27446,8502
27447,10346
27448,4688
27449,8111
27450,7103
27451,9136
27452,8877
27453,9681
27454,9468
27455,7715
27456,10087
27457,13051
27458,17464
27459,9114
27460,5855
27461,7574
27462,5171
27463,4238
27464,13141
27465,10174
27466,6324
27467,10796
27468,6195
27469,12915
27470,5497
27471,7294
27472,7196
27473,11299
27474,5891
27475,8029
27476,6423
27477,7103
27478,9104
27479,5494
27480,8131
27481,8042
27482,10444
27483,8889
27484,8227
27485,6303
27486,14473
27487,5863
27488,5718
27489,13599
27490,8234
27491,11622
27492,8029
27493,15415
27494,7490
27495,6988
27496,6001
27497,7854
27498,10063
27499,13146
27500,8748
27501,9517
27502,9425
27503,4669
27504,8646
27505,9842
27506,8205
27507,9636
27508,6949
27509,6151
27510,5895
27511,4912
27512,6729
27513,10184
27514,8991
27515,12626
27516,19147
27517,8633
27518,5752
27519,9332
27520,8047
27521,10731
27522,4900
27523,6832
27524,4988
27525,10466
27526,7517
27527,7365
27528,15492
27529,12215
27530,6037
27531,8095
27532,4453
27533,5837
27534,6349
27535,9319
27536,6045
27537,5153
27538,7071
27539,10086
27540,9448
27541,6534
27542,6542
27543,7896
27544,8917
27545,8715
27546,4772
27547,12205
27548,20181
27549,4062
27550,8097
27551,10703
27552,9043
27553,6628
27554,3443
27555,6028
27556,9949
27557,6065
27558,9969
27559,10963
27560,5497
27561,6218
27562,7826
27563,7393
27564,5507
27565,6727
27566,8890
27567,10869
27568,9391
27569,12574
27570,6554
27571,4482
27572,7988
27573,6683
27574,10447
27575,7467
27576,5742
27577,23889
27578,8693
27579,6882
27580,13438
27581,8447
27582,8790
27583,7520
27584,8933
27585,6020
27586,10743
27587,14181
27588,6552
27589,6937
27590,7959
27591,17447
27592,7797
27593,6764
27594,7400
27595,6689
27596,7831
27597,5103
27598,10108
27599,4995
27600,7927
27601,3347
27602,19773
27603,9464
27604,5261
27605,5262
27606,12384
27607,7488
27608,8428
27609,8997
27610,7729
27611,5372
27612,5569
27613,11449
27614,6873
27615,7623
27616,8085
27617,8660
27618,5986
27619,8322
27620,7583
27621,4745
27622,9760
27623,10519
27624,5273
27625,8761
27626,8224
27627,5468
27628,10680
27629,7684
27630,8031
27631,6914
27632,8982
27633,4389
27634,5348
27635,6295
27636,14122
27637,7370
27638,10429
27639,4808
27640,9343
27641,5255
27642,7088
27643,5865
27644,7547
27645,7236
27646,8609
27647,8482
27648,9662
27649,4986
27650,7403
27651,8114
27652,9662
27653,7513
27654,10837
27655,11291
27656,7363
27657,3526
27658,9719
27659,7041
27660,7371
27661,8442
27662,4430
27663,11980
27664,6005
27665,8090
27666,12523
27667,8294
27668,5444
27669,0
27670,7181
27671,11327
27672,5966
27673,11324
27674,11542
27675,6732
27676,6432
27677,8148
27678,6317
27679,7085
27680,6959
27681,11358
27682,8125
27683,5962
27684,5848
27685,7788
27686,9118
27687,8074
27688,10045
27689,6994
27690,8020
27691,5225
27692,8947
27693,9102
27694,8177
27695,6742
27696,7846
27697,9319
27698,10722
27699,6744
27700,9319
27701,6878
27702,7623
27703,7979
27704,7598
27705,5040
27706,5342
27707,8449
27708,8053
27709,7204
27710,7169
27711,9872
27712,6612
27713,7207
27714,8313
27715,5941
27716,3953
27717,10630
27718,4477
27719,9062
27720,8598
27721,7582
27722,9378
27723,15927
27724,10657
27725,9923
27726,5807
27727,9506
27728,8890
27729,4737
27730,4065
27731,9938
27732,4527
27733,8884
27734,14297
27735,8891
27736,9006
27737,6212
27738,8966
27739,8195
27740,8383
27741,8533
27742,10062
27743,10178
27744,8248
27745,9298
27746,6138
27747,8193
27748,5357
27749,6390
27750,7136
27751,6306
27752,6680
27753,9360
27754,6526
27755,11053
27756,8893
27757,5850
27758,5229
27759,11376
27760,8550
27761,7551
27762,7582
27763,9357
27764,6632
27765,7514
27766,8016
27767,8121
27768,6793
27769,5672
27770,10043
27771,8773
27772,6214
27773,4698
27774,14157
27775,7323
27776,7618
27777,8077
27778,12367
27779,10240
27780,9283
27781,9823
27782,9156
27783,6639
27784,6712
27785,8684
27786,12474
27787,15768
27788,6924
27789,7355
27790,4801
27791,6413
27792,11962
27793,17505
27794,9088
27795,6584
27796,5738
27797,7401
27798,6526
27799,10722
27800,10751
27801,6981
27802,4961
27803,9325
27804,7342
27805,10302
27806,10955
27807,6179
27808,9314
27809,4579
27810,8118
27811,10108
27812,8827
27813,10872
27814,7864
27815,8830
27816,5305
27817,6804
27818,9562
27819,9806
27820,8598
27821,9247
27822,7979
27823,5472
27824,11880
27825,5184
27826,12752
27827,7151
27828,5200
27829,8172
27830,8038
27831,7554
27832,9249
27833,11627
27834,5857
27835,11975
27836,4946
27837,5657
27838,9980
27839,10788
27840,11914
27841,7976
27842,7968
27843,6356
27844,7221
27845,8608
27846,7886
27847,7347
27848,6835
27849,11964
27850,8406
27851,10164
27852,13578
27853,9344
27854,5428
27855,6028
27856,7242
27857,11161
27858,6487
27859,9192
27860,6854
27861,12419
27862,7988
27863,6863
27864,5944
27865,6485
27866,6185
27867,8238
27868,8227
27869,6269
27870,6452
27871,6179
27872,11574
27873,7248
27874,21734
27875,8139
27876,4672
27877,6323
27878,8173
27879,9614
27880,5695
27881,5226
27882,9904
27883,7334
27884,7773
27885,6008
27886,8583
27887,9070
27888,5829
27889,5960
27890,7454
27891,9197
27892,7227
27893,7844
27894,7758
27895,9143
27896,6321
27897,5109
27898,6246
27899,11206
27900,11642
27901,7336
27902,10880
27903,5115
27904,9021
27905,4474
27906,6126
27907,5114
27908,8533
27909,8702
27910,12344
27911,9950
27912,6806
27913,6780
27914,5900
27915,4548
27916,6402
27917,12324
27918,7179
27919,6176
27920,5730
27921,6134
27922,8971
27923,3728
27924,8427
27925,4881
27926,7261
27927,7294
27928,5790
27929,8347
27930,5789
27931,8411
27932,9581
27933,7934
27934,6080
27935,10587
27936,5674
27937,7267
27938,7972
27939,12134
27940,5536
27941,6388
27942,9594
27943,8122
27944,9541
27945,7142
27946,10141
27947,5306
27948,5139
27949,6761
27950,6319
27951,9762
27952,8625
27953,4099
27954,6292
27955,8319
27956,7386
27957,10378
27958,4287
27959,15049
27960,7310
27961,5266
27962,6781
27963,7303
27964,6612
27965,9220
27966,5009
27967,7368
27968,6617
27969,8202
27970,7610
27971,6315
27972,7416
27973,5863
27974,6405
27975,8884
27976,8365
27977,7971
27978,4984
27979,10015
27980,5873
27981,9861
27982,7492
27983,12655
27984,6919
27985,4958
27986,7357
27987,6026
27988,6178
27989,5653
27990,8236
27991,7665
27992,4118
27993,9201
27994,6768
27995,7791
27996,4836
27997,9093
27998,10035
27999,5086
28000,12667
28001,6316
28002,6002
28003,9050
28004,9652
28005,5521
28006,4814
28007,7877
28008,6854
28009,5067
28010,6663
28011,6377
28012,8499
28013,8585
28014,7593
28015,8257
28016,6101
28017,4828
28018,7311
28019,7923
28020,8717
28021,9182
28022,8866
28023,9358
28024,6413
28025,9382
28026,7629
28027,6721
28028,8086
28029,9848
28030,7632
28031,7676
28032,10792
28033,8924
28034,8579
28035,6088
28036,7817
28037,8706
28038,7004
28039,7744
28040,4383
28041,5791
28042,11580
28043,9173
28044,6430
28045,4420
28046,9252
28047,7414
28048,8818
28049,6630
28050,6392
28051,5823
28052,4352
28053,11296
28054,8108
28055,7703
28056,7437
28057,6102
28058,5938
28059,7287
28060,7383
28061,4367
28062,6406
28063,6052
28064,9640
28065,8582
28066,6860
28067,12730
28068,6700
28069,5376
28070,11696
28071,5499
28072,7687
28073,3400
28074,9495
28075,8425
28076,5551
28077,6972
28078,8479
28079,6064
28080,7146
28081,8627
28082,12695
28083,3130
28084,7176
28085,3653
28086,14388
28087,5754
28088,9581
28089,9891
28090,7402
28091,7455
28092,5188
28093,5605
28094,3473
28095,5220
28096,6610
28097,5666
28098,7867
28099,8234
28100,5479
28101,7440
28102,7200
28103,8707
28104,9996
28105,8383
28106,5690
28107,3997
28108,10374
28109,12773
28110,6468
28111,8369
28112,4962
28113,8268
28114,5763
28115,5547
28116,7158
28117,4445
28118,8023
28119,6252
28120,9748
28121,7511
28122,9324
28123,8350
28124,5602
28125,10207
28126,19587
28127,11383
28128,6311
28129,3516
28130,6805
28131,9287
28132,5513
28133,6262
28134,13091
28135,6296
28136,13869
28137,18975
28138,4524
28139,7436
28140,6058
28141,4448
28142,8590
28143,6132
28144,10161
28145,10091
28146,9597
28147,7469
28148,8585
28149,4241
28150,7455
28151,3964
28152,6853
28153,7932
28154,11448
28155,6499
28156,6146
28157,4936
28158,7901
28159,6290
28160,5811
28161,4454
28162,8510
28163,6221
28164,6622
28165,8076
28166,8752
28167,0
28168,6870
28169,6796
28170,6589
28171,7731
28172,8039
28173,9229
28174,8376
28175,7847
28176,5975
28177,4241
28178,7265
28179,7346
28180,6818
28181,4932
28182,2981
28183,9793
28184,7899
28185,10507
28186,7753
28187,6183
28188,7217
28189,5575
28190,4736
28191,10620
28192,5636
28193,7889
28194,8082
28195,15205
28196,6157
28197,5611
28198,8088
28199,5979
28200,6559
28201,5611
28202,8370
28203,4955
28204,7820
28205,4529
28206,6444
28207,4094
28208,10782
28209,5579
28210,17901
28211,15042
28212,5221
28213,7486
28214,5871
28215,7305
28216,6249
28217,11952
28218,8779
28219,10094
28220,4801
28221,8252
28222,5302
28223,10163
28224,8902
28225,7500
28226,6648
28227,6786
28228,6676
28229,9036
28230,9622
28231,6588
28232,8388
28233,11207
28234,6926
28235,7551
28236,6774
28237,10216
28238,7704
28239,5643
28240,6053
28241,6647
28242,6065
28243,12436
28244,6515
28245,8036
28246,7617
28247,9861
28248,4825
28249,8004
28250,10722
28251,9283
28252,8886
28253,7362
28254,4486
28255,16356
28256,9952
28257,8718
28258,17872
28259,9791
28260,8477
28261,7606
28262,10383
28263,11484
28264,12169
28265,13011
28266,6016
28267,8394
28268,6173
28269,9444
28270,4258
28271,11173
28272,7050
28273,6191
28274,6734
28275,10260
28276,8660
28277,6065
28278,7932
28279,6130
28280,5311
28281,7620
28282,4491
28283,5487
28284,6520
28285,8108
28286,10407
28287,9388
28288,7862
28289,6650
28290,5953
28291,12000
28292,7976
28293,5976
28294,5904
28295,5506
28296,9396
28297,4702
28298,10933
28299,7980
28300,3610
28301,5972
28302,8574
28303,6634
28304,5605
28305,9331
28306,10270
28307,12759
28308,6487
28309,10605
28310,3568
28311,5771
28312,7538
28313,6258
28314,7822
28315,6216
28316,7151
28317,5034
28318,5610
28319,11527
28320,8964
28321,5483
28322,5463
28323,9446
28324,11758
28325,9173
28326,5962
28327,5303
28328,11164
28329,7135
28330,8536
28331,6556
28332,5744
28333,7812
28334,10532
28335,4155
28336,5161
28337,5216
28338,6925
28339,10004
28340,9253
28341,9243
28342,14185
28343,5451
28344,11594
28345,14095
28346,7590
28347,5325
28348,3721
28349,8686
28350,6935
28351,6723
28352,6602
28353,7576
28354,12097
28355,5823
28356,6470
28357,7974
28358,5443
28359,7453
28360,5478
28361,4888
28362,7793
28363,3877
28364,8858
28365,8446
28366,7919
28367,8655
28368,9372
28369,8766
28370,6157
28371,8470
28372,9665
28373,7097
28374,6339
28375,6167
28376,6146
28377,11211
28378,7438
28379,6589
28380,5849
28381,8408
28382,9154
28383,7995
28384,7181
28385,9451
28386,5490
28387,6360
28388,17957
28389,7247
28390,9253
28391,6905
28392,6785
28393,6680
28394,5514
28395,4535
28396,5555
28397,9278
28398,13312
28399,8892
28400,9520
28401,11945
28402,11503
28403,11834
28404,8547
28405,6115
28406,5322
28407,11491
28408,11812
28409,8869
28410,9185
28411,8762
28412,6931
28413,4250
28414,11475
28415,7915
28416,7437
28417,6789
28418,3528
28419,14528
28420,12951
28421,14398
28422,6290
28423,5894
28424,5079
28425,6649
28426,6858
28427,10041
28428,7101
28429,5643
28430,5358
28431,7792
28432,4971
28433,3403
28434,6851
28435,14347
28436,7457
28437,18217
28438,4868
28439,6122
28440,7861
28441,5972
28442,5810
28443,5268
28444,4895
28445,4701
28446,8383
28447,7423
28448,4580
28449,9993
28450,6824
28451,7348
28452,4874
28453,10422
28454,8695
28455,9898
28456,6350
28457,7706
28458,4502
28459,5563
28460,5005
28461,17538
28462,11430
28463,6601
28464,6131
28465,5284
28466,6340
28467,4838
28468,9838
28469,4826
28470,15409
28471,4767
28472,5754
28473,6008
28474,9795
28475,7819
28476,5154
28477,7303
28478,8545
28479,7898
28480,8096
28481,6485
28482,4466
28483,11004
28484,5091
28485,4495
28486,6140
28487,7035
28488,6640
28489,6873
28490,10106
28491,9047
28492,7265
28493,7681
28494,5291
28495,8723
28496,6687
28497,4733
28498,7330
28499,7405
28500,7431
28501,10069
28502,7132
28503,6973
28504,7284
28505,6786
28506,6187
28507,7655
28508,7277
28509,7650
28510,6645
28511,7548
28512,9552
28513,6850
28514,5121
28515,13248
28516,6290
28517,3951
28518,8202
28519,9315
28520,11783
28521,5630
28522,6349
28523,7016
28524,4212
28525,6531
28526,8173
28527,7382
28528,6168
28529,7630
28530,9702
28531,3568
28532,6757
28533,6462
28534,6428
28535,5722
28536,7440
28537,9859
28538,6206
28539,5521
28540,9252
28541,8095
28542,9349
28543,9684
28544,5316
28545,7540
28546,7535
28547,9100
28548,8547
28549,9122
28550,3947
28551,9227
28552,7942
28553,8200
28554,10894
28555,4984
28556,4482
28557,13452
28558,9471
28559,9857
28560,7020
28561,6879
28562,9561
28563,4078
28564,7463
28565,6182
28566,8595
28567,7330
28568,8073
28569,8866
28570,6656
28571,9429
28572,12117
28573,17048
28574,8124
28575,5301
28576,6793
28577,4908
28578,3596
28579,11961
28580,9086
28581,5960
28582,9142
28583,5661
28584,11881
28585,5197
28586,7009
28587,6527
28588,11072
28589,5747
28590,7685
28591,6058
28592,6307
28593,8096
28594,5273
28595,8008
28596,7873
28597,9908
28598,8535
28599,7395
28600,5811
28601,12491
28602,5270
28603,5438
28604,11891
28605,7749
28606,10475
28607,7708
28608,15169
28609,6442
28610,6254
28611,5509
28612,6669
28613,9114
28614,12415
28615,8256
28616,8469
28617,8733
28618,4275
28619,8059
28620,9096
28621,7767
28622,8579
28623,6170
28624,5391
28625,5671
28626,4416
28627,5883
28628,9211
28629,7901
28630,11311
28631,17605
28632,7911
28633,5671
28634,8533
28635,7633
28636,9886
28637,4612
28638,6544
28639,4660
28640,9678
28641,7330
28642,6601
28643,14345
28644,12392
28645,5527
28646,7552
28647,4301
28648,5612
28649,5926
28650,9014
28651,5400
28652,4919
28653,6404
28654,8000
28655,7064
28656,5531
28657,6190
28658,7149
28659,7517
28660,7809
28661,4137
28662,11469
28663,19360
28664,3843
28665,7587
28666,9295
28667,8306
28668,5609
28669,3245
28670,5496
28671,8564
28672,5683
28673,8501
28674,10134
28675,5251
28676,5680
28677,7381
28678,6841
28679,5198
28680,6602
28681,8387
28682,10395
28683,8332
28684,11561
28685,6237
28686,4147
28687,7150
28688,6326
28689,9148
28690,6951
28691,4994
28692,22675
28693,7729
28694,6409
28695,12257
28696,7650
28697,8266
28698,6827
28699,8376
28700,5420
28701,9632
28702,13529
28703,5604
28704,6206
28705,7501
28706,15190
28707,7142
28708,6161
28709,6647
28710,5986
28711,6874
28712,4487
28713,9283
28714,4626
28715,7437
28716,3194
28717,19215
28718,9110
28719,5106
28720,5052
28721,10218
28722,6811
28723,7831
28724,8761
28725,6774
28726,5361
28727,4917
28728,10472
28729,6463
28730,6878
28731,7599
28732,8265
28733,5540
28734,7967
28735,6561
28736,4412
28737,8688
28738,9174
28739,5100
28740,8090
28741,7705
28742,5401
28743,10010
28744,6450
28745,7438
28746,6778
28747,8405
28748,4147
28749,5057
28750,5714
28751,11206
28752,7652
28753,9415
28754,4447
28755,8561
28756,4902
28757,6492
28758,5008
28759,6878
28760,6762
28761,7693
28762,7779
28763,9062
28764,4438
28765,6859
28766,7485
28767,8417
28768,7455
28769,10135
28770,10539
28771,6791
28772,3421
28773,7721
28774,5789
28775,6817
28776,7579
28777,4204
28778,11864
28779,5705
28780,7244
28781,11469
28782,7116
28783,4877
28784,0
28785,6339
28786,10780
28787,5760
28788,10009
28789,9681
28790,6423
28791,5829
28792,7144
28793,5808
28794,6452
28795,6537
28796,9859
28797,7652
28798,5707
28799,5129
28800,6879
28801,8277
28802,7086
28803,9126
28804,6393
28805,7250
28806,4942
28807,8411
28808,8545
28809,7387
28810,6281
28811,7162
28812,8464
28813,9667
28814,6189
28815,8305
28816,6129
28817,6837
28818,7705
28819,7040
28820,4830
28821,4752
28822,8767
28823,7917
28824,6330
28825,6472
28826,8867
28827,6278
28828,5873
28829,8077
28830,5510
28831,3593
28832,9464
28833,4173
28834,8063
28835,8067
28836,6748
28837,7538
28838,12265
28839,10370
28840,9756
28841,5227
28842,8585
28843,7924
28844,4662
28845,3489
28846,8830
28847,3923
28848,8021
28849,13443
28850,8294
28851,7910
28852,5394
28853,7987
28854,7278
28855,7193
28856,7713
28857,9023
28858,9366
28859,7277
28860,8884
28861,5733
28862,7311
28863,4977
28864,5953
28865,6680
28866,5804
28867,6100
28868,8213
28869,5866
28870,10388
28871,7561
28872,5437
28873,4807
28874,10409
28875,7942
28876,6443
28877,7057
28878,7668
28879,6534
28880,6403
28881,7099
28882,7731
28883,6350
28884,5207
28885,9893
28886,8112
28887,5991
28888,4126
28889,12200
28890,6859
28891,6427
28892,7066
28893,11533
28894,9444
28895,9048
28896,9175
28897,8148
28898,6226
28899,6286
28900,8101
28901,10432
28902,14932
28903,5780
28904,6123
28905,4091
28906,5451
28907,9664
28908,15170
28909,7069
28910,5228
28911,5396
28912,6927
28913,6117
28914,10630
28915,9439
28916,6457
28917,4389
28918,8667
28919,6649
28920,9418
28921,10034
28922,5470
28923,8393
28924,4234
28925,7813
28926,9349
28927,7804
28928,9935
28929,6909
28930,8319
28931,5065
28932,6459
28933,7986
28934,9167
28935,7903
28936,8842
28937,7235
28938,4997
28939,10473
28940,4915
28941,11388
28942,6820
28943,4998
28944,8745
28945,7462
28946,6722
28947,8378
28948,10186
28949,5452
28950,11477
28951,4419
28952,5001
28953,8903
28954,9647
28955,11540
28956,7466
28957,6793
28958,5970
28959,6369
28960,8081
28961,7167
28962,6811
28963,5982
28964,10701
28965,7791
28966,9208
28967,12653
28968,9053
28969,5077
28970,5348
28971,6543
28972,10960
28973,5769
28974,8610
28975,5639
28976,10971
28977,7221
28978,6276
28979,5532
28980,5696
28981,5527
28982,7263
28983,6811
28984,5666
28985,5441
28986,5287
28987,10686
28988,6944
28989,20959
28990,7720
28991,4464
28992,5409
28993,7673
28994,9740
28995,5072
28996,4996
28997,9689
28998,7913
28999,7570
29000,5932
29001,7774
29002,8497
29003,5393
29004,5917
29005,7521
29006,8746
29007,7004
29008,7409
29009,7708
29010,9574
29011,6350
29012,5020
29013,6161
29014,10606
29015,11508
29016,7724
29017,10513
29018,5304
29019,8662
29020,4719
29021,6103
29022,4588
29023,8310
29024,8331
29025,12325
29026,9615
29027,7173
29028,6319
29029,5520
29030,4652
29031,6455
29032,11333
29033,7113
29034,5801
29035,6027
29036,6035
29037,8207
29038,3614
29039,7972
29040,4778
29041,7584
29042,7433
29043,5677
29044,8173
29045,5518
29046,8580
29047,9569
29048,7696
29049,5842
29050,10014
29051,5128
29052,7060
29053,7981
29054,12733
29055,5766
29056,6571
29057,9047
29058,7530
29059,9375
29060,6885
29061,9872
29062,5187
29063,5212
29064,6410
29065,6527
29066,9623
29067,8661
29068,3946
29069,6040
29070,8662
29071,6986
29072,10709
29073,4135
29074,13534
29075,7050
29076,5072
29077,6454
29078,6999
29079,6390
29080,8820
29081,4894
29082,7143
29083,6536
29084,8185
29085,7562
29086,5983
29087,7781
29088,6063
29089,6144
29090,9017
29091,8159
29092,7590
29093,4929
29094,9793
29095,5703
29096,9197
29097,7426
29098,12675
29099,6682
29100,4795
29101,7532
29102,5926
29103,6006
29104,5348
29105,7935
29106,7435
29107,4018
29108,8899
29109,6194
29110,7714
29111,4666
29112,8374
29113,8986
29114,4831
29115,12393
29116,6363
29117,5585
29118,8717
29119,9490
29120,5433
29121,4844
29122,7971
29123,6861
29124,4815
29125,6733
29126,6036
29127,8122
29128,9024
29129,7340
29130,8036
29131,6010
29132,4645
29133,7095
29134,8300
29135,8170
29136,9064
29137,8414
29138,9211
29139,6169
29140,9225
29141,7584
29142,5950
29143,7689
29144,10046
29145,7452
29146,8707
29147,10420
29148,8520
29149,8363
29150,6331
29151,7638
29152,8765
29153,6952
29154,7409
29155,4098
29156,5695
29157,10811
29158,8559
29159,6368
29160,4272
29161,8994
29162,7193
29163,8590
29164,6398
29165,6199
29166,5666
29167,4115
29168,11420
29169,7905
29170,7643
29171,7273
29172,6166
29173,5532
29174,6909
29175,7597
29176,4298
29177,6487
29178,5739
29179,9336
29180,8175
29181,6774
29182,12601
29183,5503
29184,5230
29185,11181
29186,5433
29187,7002
29188,3398
29189,9437
29190,8243
29191,6175
29192,6953
29193,6968
29194,5933
29195,6950
29196,9102
29197,11824
29198,3118
29199,7676
29200,3564
29201,14206
29202,4892
29203,9188
29204,9512
29205,6981
29206,7211
29207,5186
29208,5517
29209,3394
29210,5030
29211,6706
29212,5619
29213,7340
29214,7988
29215,5811
29216,7197
29217,6919
29218,8675
29219,10244
29220,8286
29221,5456
29222,4207
29223,9957
29224,11573
29225,6532
29226,7858
29227,4804
29228,7989
29229,5963
29230,5182
29231,6852
29232,4579
29233,7620
29234,5825
29235,9360
29236,7426
29237,9425
29238,8083
29239,5988
29240,9630
29241,19714
29242,10866
29243,5903
29244,3387
29245,6577
29246,9100
29247,5378
29248,6376
29249,13466
29250,6182
29251,14121
29252,19352
29253,4255
29254,7303
29255,5820
29256,4564
29257,10044
29258,5183
29259,9449
29260,9968
29261,9078
29262,7488
29263,8317
29264,4637
29265,6861
29266,4011
29267,6432
29268,7686
29269,10876
29270,6727
29271,6352
29272,4899
29273,7730
29274,5796
29275,5395
29276,4471
29277,8427
29278,6401
29279,6518
29280,7531
29281,8562
29282,0
29283,6674
29284,6778
29285,5906
29286,7615
29287,7676
29288,9302
29289,8313
29290,8094
29291,5879
29292,4155
29293,6695
29294,7243
29295,6707
29296,4893
29297,3288
29298,9372
29299,7823
29300,10108
29301,7358
29302,6337
29303,7603
29304,5685
29305,4800
29306,10679
29307,5484
29308,8177
29309,7891
29310,15191
29311,6466
29312,6037
29313,8125
29314,6028
29315,8140
29316,5992
29317,8208
29318,4732
29319,7785
29320,4476
29321,6328
29322,3926
29323,10977
29324,5585
29325,16640
29326,14571
29327,5352
29328,7288
29329,5626
29330,7179
29331,6168
29332,11865
29333,8736
29334,10088
29335,4693
29336,8008
29337,5480
29338,9983
29339,8571
29340,7652
29341,6670
29342,6958
29343,6833
29344,8687
29345,10030
29346,6409
29347,8326
29348,10486
29349,7132
29350,7386
29351,6819
29352,9792
29353,7542
29354,5717
29355,5678
29356,6917
29357,5955
29358,11671
29359,6680
29360,8498
29361,7265
29362,9546
29363,4802
29364,7713
29365,10596
29366,8830
29367,9009
29368,7404
29369,4446
29370,14460
29371,9722
29372,9073
29373,17837
29374,10698
29375,7949
29376,7424
29377,9892
29378,11295
29379,11720
29380,12074
29381,5991
29382,7973
29383,6178
29384,9467
29385,4250
29386,12202
29387,6628
29388,5886
29389,6599
29390,9770
29391,8348
29392,5898
29393,7613
29394,5651
29395,5115
29396,7632
29397,4557
29398,5181
29399,6704
29400,7010
29401,10528
29402,9129
29403,7825
29404,7025
29405,5879
29406,12175
29407,7797
29408,5711
29409,5672
29410,5306
29411,9184
29412,4535
29413,11034
29414,7722
29415,3671
29416,5375
29417,8226
29418,6608
29419,5545
29420,9340
29421,10924
29422,12153
29423,6561
29424,10965
29425,3339
29426,5726
29427,6978
29428,6030
29429,7419
29430,5870
29431,7059
29432,5006
29433,5799
29434,10927
29435,8572
29436,5343
29437,5170
29438,9052
29439,11268
29440,10563
29441,5882
29442,5497
29443,9404
29444,6471
29445,7809
29446,6491
29447,5775
29448,7598
29449,10547
29450,4322
29451,4657
29452,5352
29453,6570
29454,10140
29455,8698
29456,8673
29457,14019
29458,5368
29459,11175
29460,12981
29461,7481
29462,5300
29463,3986
29464,8242
29465,6533
29466,6416
29467,6768
29468,7258
29469,11825
29470,5401
29471,6499
29472,7780
29473,5916
29474,7822
29475,5291
29476,5087
29477,7872
29478,3583
29479,9031
29480,8222
29481,7498
29482,8305
29483,9233
29484,8551
29485,6383
29486,8133
29487,9471
29488,6780
29489,5908
29490,5890
29491,5269
29492,10928
29493,8231
29494,6652
29495,5630
29496,7571
29497,9139
29498,7976
29499,6831
29500,8744
29501,5402
29502,6616
29503,18482
29504,6989
29505,9262
29506,7001
29507,6647
29508,6468
29509,5430
29510,4278
29511,6039
29512,9480
29513,13282
29514,8975
29515,9431
29516,12125
29517,11169
29518,11691
29519,8808
29520,6366
29521,5223
29522,11130
29523,11765
29524,8451
29525,9093
29526,8759
29527,6707
29528,4119
29529,10996
29530,7394
29531,7077
29532,6721
29533,3371
29534,14217
29535,12664
29536,14789
29537,6327
29538,5674
29539,4915
29540,6389
29541,6769
29542,9244
29543,7242
29544,5411
29545,5270
29546,7742
29547,4205
29548,3407
29549,6955
29550,14159
29551,7464
29552,17442
29553,4862
29554,6291
29555,7116
29556,6108
29557,5638
29558,5338
29559,4626
29560,4370
29561,8430
29562,7539
29563,4266
29564,9584
29565,6433
29566,7123
29567,4782
29568,10253
29569,8309
29570,9885
29571,5937
29572,7676
29573,4377
29574,5447
29575,4916
29576,15393
29577,11422
29578,6861
29579,6016
29580,5373
29581,6143
29582,5563
29583,11374
29584,4601
29585,15129
29586,4584
29587,5489
29588,5958
29589,9741
29590,7942
29591,4999
29592,7166
29593,8372
29594,7973
29595,8029
29596,6076
29597,4448
29598,10974
29599,4991
29600,4348
29601,5896
29602,7346
29603,6336
29604,6648
29605,9532
29606,8989
29607,7218
29608,7592
29609,4810
29610,8487
29611,6320
29612,4777
29613,7351
29614,7451
29615,7092
29616,10356
29617,6826
29618,6562
29619,7075
29620,7013
29621,6148
29622,7357
29623,7243
29624,7621
29625,6885
29626,7016
29627,9890
29628,6667
29629,4805
29630,12705
29631,6593
29632,3571
29633,7985
29634,9020
29635,11342
29636,5470
29637,6333
29638,6963
29639,4046
29640,6212
29641,7695
29642,7746
29643,6224
29644,7402
29645,9504
29646,3572
29647,6435
29648,6485
29649,6043
29650,5617
29651,7270
29652,9089
29653,5971
29654,5544
29655,9040
29656,7779
29657,9344
29658,9182
29659,5323
29660,7113
29661,7270
29662,8675
29663,8596
29664,8530
29665,5548
29666,9460
29667,7811
29668,8141
29669,10098
29670,4663
29671,4294
29672,13039
29673,9312
29674,9473
29675,6739
29676,7184
29677,9275
29678,4149
29679,7657
29680,5994
29681,9032
29682,7237
29683,7849
29684,8510
29685,6695
29686,9153
29687,11736
29688,16004
29689,7842
29690,5189
29691,6551
29692,4697
29693,3504
29694,11924
29695,8777
29696,5916
29697,8934
29698,5963
29699,11762
29700,5290
29701,6990
29702,6373
29703,9893
29704,5523
29705,6891
29706,5816
29707,6056
29708,7950
29709,5512
29710,7643
29711,7943
29712,9494
29713,8411
29714,7695
29715,6222
29716,12055
29717,5075
29718,5729
29719,11380
29720,7563
29721,9930
29722,7695
29723,15240
29724,6392
29725,5913
29726,5756
29727,6577
29728,9055
29729,12069
29730,7913
29731,8659
29732,8443
29733,4248
29734,7669
29735,8405
29736,7579
29737,8964
29738,6365
29739,5208
29740,5548
29741,4166
29742,5708
29743,9168
29744,8407
29745,11713
29746,17164
29747,7443
29748,5469
29749,7833
29750,7595
29751,9520
29752,4705
29753,6513
29754,4653
29755,9788
29756,7120
29757,6509
29758,14109
29759,12112
29760,5505
29761,7589
29762,4179
29763,5396
29764,5633
29765,9151
29766,5205
29767,4934
29768,6066
29769,8116
29770,7927
29771,5143
29772,6412
29773,7662
29774,7293
29775,7825
29776,4013
29777,10958
29778,18135
29779,3845
29780,7720
29781,8977
29782,8045
29783,5300
29784,3363
29785,4912
29786,8556
29787,5498
29788,8127
29789,9805
29790,5273
29791,5805
29792,7412
29793,6482
29794,5136
29795,6423
29796,7776
29797,9800
29798,8549
29799,10567
29800,6224
29801,4115
29802,6948
29803,6144
29804,9749
29805,6849
29806,5043
29807,21659
29808,7592
29809,6257
29810,11778
29811,7405
29812,7793
29813,6817
29814,7891
29815,5237
29816,9517
29817,13567
29818,5614
29819,6107
29820,6833
29821,14226
29822,6988
29823,5917
29824,6469
29825,5746
29826,6515
29827,4520
29828,8965
29829,4492
29830,7143
29831,3087
29832,18772
29833,9110
29834,4415
29835,5138
29836,10419
29837,6542
29838,7531
29839,8349
29840,6682
29841,5167
29842,4955
29843,10084
29844,6160
29845,6675
29846,7327
29847,7858
29848,5245
29849,7669
29850,6563
29851,4161
29852,8538
29853,9302
29854,4731
29855,8180
29856,8030
29857,5381
29858,10094
29859,6283
29860,7320
29861,7011
29862,8709
29863,3974
29864,5161
29865,5565
29866,0
29867,6509
29868,9161
29869,4561
29870,8569
29871,4283
29872,6261
29873,4942
29874,6775
29875,6491
29876,7500
29877,7863
29878,9082
29879,4784
29880,6943
29881,7196
29882,8590
29883,6894
29884,8830
29885,10091
29886,6895
29887,3410
29888,7916
29889,5606
29890,6595
29891,7429
29892,3976
29893,11541
29894,5699
29895,7165
29896,11241
29897,7404
29898,4765
29899,0
29900,6431
29901,10493
29902,5556
29903,9602
29904,10465
29905,6506
29906,5461
29907,7007
29908,5656
29909,6163
29910,6352
29911,9555
29912,7601
29913,5465
29914,5117
29915,6525
29916,8092
29917,6977
29918,8741
29919,6201
29920,7018
29921,5353
29922,8433
29923,7837
29924,7245
29925,6554
29926,6813
29927,8237
29928,9710
29929,6018
29930,8129
29931,5713
29932,7236
29933,7726
29934,6775
29935,4601
29936,4615
29937,7602
29938,8277
29939,6039
29940,6156
29941,8925
29942,6190
29943,5977
29944,7037
29945,5603
29946,3604
29947,8712
29948,4063
29949,7693
29950,7622
29951,6604
29952,7288
29953,12658
29954,9896
29955,8604
29956,5028
29957,9409
29958,7704
29959,4392
29960,3506
29961,9001
29962,3792
29963,7872
29964,12703
29965,8920
29966,7547
29967,5236
29968,7693
29969,7579
29970,6928
29971,7861
29972,8855
29973,9148
29974,6771
29975,8984
29976,5406
29977,7127
29978,4944
29979,5668
29980,6971
29981,5883
29982,5702
29983,8235
29984,5530
29985,10191
29986,7479
29987,5431
29988,4592
29989,10609
29990,7513
29991,6525
29992,6888
29993,7397
29994,6125
29995,6314
29996,6948
29997,7585
29998,6047
29999,5045
30000,9633
30001,7581
30002,6268
30003,3923
30004,12003
30005,7168
30006,6232
30007,7074
30008,11343
30009,9127
30010,8097
30011,8979
30012,7901
30013,6068
30014,6233
30015,7829
30016,9741
30017,13835
30018,5579
30019,6094
30020,4123
30021,5257
30022,9830
30023,15614
30024,7083
30025,5571
30026,5719
30027,7033
30028,6283
30029,9612
30030,9562
30031,6303
30032,4448
30033,8068
30034,6540
30035,10232
30036,9960
30037,5206
30038,8210
30039,4172
30040,8054
30041,8933
30042,7747
30043,8984
30044,6630
30045,8091
30046,4822
30047,7008
30048,7593
30049,8909
30050,7837
30051,9079
30052,7291
30053,4832
30054,10210
30055,4715
30056,11077
30057,6851
30058,4703
30059,6448
30060,7201
30061,6640
30062,7894
30063,9664
30064,5708
30065,11020
30066,4476
30067,4939
30068,8285
30069,9416
30070,11003
30071,6859
30072,7074
30073,5605
30074,6622
30075,7895
30076,6973
30077,6952
30078,6083
30079,10579
30080,7171
30081,9070
30082,12102
30083,8970
30084,4842
30085,5050
30086,6411
30087,11094
30088,5545
30089,8831
30090,5416
30091,11139
30092,6994
30093,6139
30094,5690
30095,5599
30096,5466
30097,6785
30098,6668
30099,5241
30100,5528
30101,5244
30102,10294
30103,7314
30104,20759
30105,7584
30106,4516
30107,4785
30108,7491
30109,9784
30110,4957
30111,5037
30112,10064
30113,6476
30114,7748
30115,6102
30116,7317
30117,8179
30118,5852
30119,5881
30120,7855
30121,8728
30122,6446
30123,8047
30124,7680
30125,8214
30126,6688
30127,5336
30128,6349
30129,11038
30130,10632
30131,7437
30132,10124
30133,5021
30134,8611
30135,3921
30136,6446
30137,4622
30138,8348
30139,8317
30140,12064
30141,9829
30142,7156
30143,6392
30144,5216
30145,4381
30146,6556
30147,10962
30148,7143
30149,5836
30150,6094
30151,6324
30152,7849
30153,3703
30154,8543
30155,4949
30156,8392
30157,7488
30158,5798
30159,8646
30160,5484
30161,9069
30162,8958
30163,7829
30164,5820
30165,9328
30166,5224
30167,6798
30168,8372
30169,12631
30170,5653
30171,6871
30172,8715
30173,7643
30174,9698
30175,7215
30176,9941
30177,5044
30178,4837
30179,6021
30180,6864
30181,10171
30182,8992
30183,3995
30184,6077
30185,8987
30186,7857
30187,10111
30188,4241
30189,13003
30190,7363
30191,4803
30192,5949
30193,6626
30194,6548
30195,8703
30196,4734
30197,7117
30198,7175
30199,7986
30200,7344
30201,5340
30202,7560
30203,6208
30204,6345
30205,9380
30206,8462
30207,7389
30208,5237
30209,9908
30210,5790
30211,9397
30212,7724
30213,13388
30214,7033
30215,4449
30216,7991
30217,6123
30218,6304
30219,5481
30220,8887
30221,7471
30222,4054
30223,9267
30224,6099
30225,8042
30226,4743
30227,8425
30228,8431
30229,5850
30230,11756
30231,6221
30232,5957
30233,8953
30234,9626
30235,5440
30236,4693
30237,7884
30238,6518
30239,4768
30240,7060
30241,6232
30242,9075
30243,8032
30244,7683
30245,7713
30246,5912
30247,4841
30248,7159
30249,8405
30250,7737
30251,9420
30252,8708
30253,9102
30254,6382
30255,9389
30256,7532
30257,5919
30258,7374
30259,9842
30260,8145
30261,7138
30262,10145
30263,8973
30264,8817
30265,6352
30266,7862
30267,9108
30268,6713
30269,7504
30270,4322
30271,5379
30272,9720
30273,8510
30274,6638
30275,4464
30276,8884
30277,6977
30278,8317
30279,6813
30280,6357
30281,5400
30282,3924
30283,11084
30284,7395
30285,7399
30286,7152
30287,6326
30288,5449
30289,6989
30290,8292
30291,4406
30292,7097
30293,5913
30294,9568
30295,8534
30296,6882
30297,13459
30298,4996
30299,5559
30300,11121
30301,5320
30302,7572
30303,3449
30304,9707
30305,8294
30306,6241
30307,7080
30308,6582
30309,6286
30310,6791
30311,8217
30312,11174
30313,3296
30314,7240
30315,3730
30316,13830
30317,4885
30318,9420
30319,10392
30320,7548
30321,7106
30322,5081
30323,5127
30324,3378
30325,4703
30326,6889
30327,5360
30328,7975
30329,8205
30330,5582
30331,7188
30332,7215
30333,8948
30334,10842
30335,8388
30336,6002
30337,4654
30338,9972
30339,11518
30340,6400
30341,8018
30342,4847
30343,7730
30344,6016
30345,5157
30346,7397
30347,4910
30348,7125
30349,6068
30350,9268
30351,7556
30352,9422
30353,7708
30354,6035
30355,9892
30356,18463
30357,10611
30358,5568
30359,3695
30360,6798
30361,8560
30362,5214
30363,6744
30364,13699
30365,6066
30366,13266
30367,21270
30368,4714
30369,6895
30370,5613
30371,4041
30372,8740
30373,5473
30374,8866
30375,9729
30376,8645
30377,7267
30378,8151
30379,5105
30380,7461
30381,3914
30382,7171
30383,7483
30384,11544
30385,7114
30386,6773
30387,4543
30388,7850
30389,6110
30390,5976
30391,4462
30392,8717
30393,6330
30394,6804
30395,7750
30396,8228
30397,0
30398,6359
30399,6524
30400,5854
30401,7399
30402,7810
30403,10159
30404,8474
30405,8218
30406,6153
30407,4545
30408,6650
30409,7046
30410,6780
30411,4961
30412,3177
30413,8959
30414,7323
30415,10549
30416,7116
30417,6426
30418,7638
30419,5306
30420,4806
30421,10675
30422,6404
30423,8231
30424,8673
30425,14593
30426,6736
30427,5209
30428,8366
30429,5051
30430,6120
30431,6387
30432,7753
30433,4735
30434,8455
30435,4565
30436,5751
30437,3721
30438,10326
30439,5730
30440,15408
30441,13681
30442,5822
30443,7451
30444,5624
30445,7300
30446,6021
30447,12072
30448,8980
30449,9245
30450,4653
30451,8127
30452,5969
30453,10314
30454,8525
30455,8116
30456,6855
30457,7367
30458,7160
30459,9214
30460,9234
30461,6898
30462,7786
30463,10441
30464,7309
30465,7566
30466,7071
30467,9410
30468,7276
30469,5769
30470,5783
30471,6587
30472,6096
30473,11722
30474,7111
30475,8658
30476,7184
30477,10103
30478,5235
30479,7417
30480,9958
30481,8661
30482,8969
30483,6716
30484,4352
30485,14443
30486,8958
30487,8964
30488,17508
30489,9128
30490,8676
30491,7484
30492,9530
30493,10965
30494,11290
30495,12210
30496,6152
30497,7769
30498,6262
30499,10323
30500,4386
30501,9925
30502,6527
30503,6320
30504,6705
30505,8965
30506,7871
30507,5840
30508,7923
30509,5360
30510,4941
30511,7832
30512,4859
30513,5403
30514,6617
30515,7206
30516,11151
30517,10046
30518,7459
30519,7358
30520,6149
30521,11180
30522,7278
30523,6281
30524,5487
30525,5458
30526,10228
30527,4683
30528,12570
30529,7759
30530,3624
30531,5040
30532,8172
30533,6751
30534,6246
30535,9748
30536,10558
30537,11751
30538,6393
30539,12173
30540,3297
30541,5712
30542,7335
30543,6171
30544,7537
30545,6330
30546,7648
30547,5271
30548,5743
30549,11839
30550,8954
30551,5234
30552,5265
30553,9552
30554,10494
30555,8750
30556,6154
30557,5421
30558,9339
30559,6187
30560,8271
30561,5920
30562,6375
30563,8206
30564,9327
30565,4087
30566,4985
30567,4817
30568,6063
30569,10200
30570,9244
30571,9250
30572,12814
30573,5749
30574,11370
30575,12752
30576,7934
30577,5425
30578,3746
30579,8275
30580,6403
30581,6258
30582,7172
30583,7230
30584,11552
30585,4969
30586,6656
30587,7948
30588,4769
30589,9139
30590,5954
30591,4722
30592,8183
30593,3833
30594,7654
30595,8390
30596,7937
30597,8255
30598,9459
30599,8375
30600,6476
30601,8272
30602,9995
30603,6934
30604,6284
30605,6507
30606,5273
30607,10590
30608,8050
30609,6388
30610,5451
30611,7423
30612,9386
30613,7970
30614,6955
30615,9109
30616,5546
30617,7282
30618,17364
30619,7117
30620,10315
30621,6375
30622,6524
30623,7138
30624,5883
30625,4480
30626,6204
30627,9997
30628,13209
30629,8562
30630,10017
30631,10418
30632,11562
30633,11618
30634,9170
30635,6161
30636,5031
30637,10948
30638,12055
30639,9215
30640,8492
30641,9229
30642,6824
30643,3872
30644,11483
30645,7398
30646,6821
30647,6865
30648,3158
30649,12894
30650,11735
30651,13955
30652,6437
30653,5770
30654,5480
30655,6888
30656,6593
30657,8770
30658,8010
30659,5220
30660,5429
30661,7456
30662,4012
30663,3346
30664,6173
30665,13936
30666,7622
30667,18568
30668,4494
30669,6469
30670,7226
30671,6374
30672,5311
30673,6086
30674,4555
30675,4149
30676,9410
30677,7574
30678,4490
30679,10112
30680,6510
30681,6989
30682,4906
30683,10597
30684,8148
30685,9158
30686,5716
30687,7436
30688,4578
30689,5601
30690,4968
30691,14649
30692,12290
30693,7305
30694,5863
30695,5817
30696,6813
30697,4482
30698,9056
30699,4464
30700,15055
30701,4583
30702,5470
30703,6026
30704,10530
30705,8465
30706,5696
30707,7063
30708,7709
30709,7971
30710,8724
30711,6011
30712,4393
30713,9856
30714,5119
30715,4333
30716,6054
30717,8005
30718,6146
30719,6327
30720,9471
30721,9197
30722,7300
30723,8191
30724,4891
30725,9081
30726,6214
30727,4923
30728,7612
30729,7418
30730,7012
30731,9805
30732,7038
30733,6624
30734,7494
30735,6410
30736,6104
30737,7359
30738,8446
30739,7249
30740,6701
30741,7217
30742,10089
30743,7343
30744,5041
30745,13096
30746,5837
30747,3464
30748,8390
30749,10181
30750,10766
30751,5363
30752,6682
30753,7304
30754,4162
30755,6749
30756,7724
30757,7379
30758,6505
30759,6800
30760,9474
30761,3652
30762,6258
30763,6262
30764,5636
30765,5711
30766,7601
30767,9250
30768,6157
30769,5613
30770,8670
30771,8204
30772,9456
30773,9362
30774,5783
30775,7437
30776,7382
30777,8625
30778,8633
30779,9052
30780,3956
30781,9782
30782,7825
30783,7919
30784,10599
30785,4897
30786,4207
30787,12666
30788,8933
30789,9826
30790,6494
30791,6455
30792,9358
30793,4070
30794,7837
30795,5757
30796,9103
30797,6545
30798,7767
30799,8850
30800,6439
30801,9015
30802,11922
30803,15910
30804,8032
30805,5254
30806,6745
30807,5047
30808,3512
30809,11914
30810,8502
30811,6531
30812,9352
30813,6466
30814,10603
30815,5659
30816,6945
30817,6911
30818,9308
30819,6084
30820,6838
30821,6540
30822,6036
30823,8031
30824,5597
30825,7717
30826,8757
30827,9282
30828,8706
30829,7579
30830,6466
30831,11415
30832,5145
30833,6171
30834,11896
30835,7537
30836,9590
30837,7574
30838,16032
30839,6190
30840,5777
30841,5633
30842,6155
30843,9543
30844,12687
30845,8401
30846,8139
30847,8631
30848,4395
30849,7900
30850,7885
30851,7710
30852,8891
30853,6464
30854,5394
30855,5916
30856,3988
30857,5466
30858,9074
30859,7417
30860,11685
30861,17820
30862,7704
30863,5260
30864,7980
30865,7675
30866,9170
30867,4826
30868,6850
30869,4732
30870,9434
30871,7631
30872,7186
30873,13957
30874,13129
30875,5265
30876,7676
30877,4161
30878,5555
30879,5507
30880,9529
30881,5190
30882,5302
30883,5822
30884,7945
30885,6584
30886,4668
30887,6490
30888,7851
30889,7691
30890,7751
30891,3470
30892,11572
30893,18045
30894,3896
30895,8374
30896,8922
30897,7752
30898,5438
30899,3248
30900,4953
30901,8054
30902,5678
30903,7748
30904,9924
30905,5250
30906,6006
30907,7647
30908,6644
30909,5496
30910,6529
30911,7818
30912,10540
30913,8051
30914,10485
30915,6493
30916,4031
30917,6535
30918,6128
30919,9512
30920,6831
30921,4893
30922,20561
30923,7509
30924,6290
30925,12164
30926,7187
30927,7888
30928,7005
30929,7445
30930,5275
30931,9679
30932,13797
30933,5533
30934,5886
30935,6763
30936,12972
30937,7513
30938,6231
30939,6332
30940,6132
30941,6034
30942,5022
30943,8950
30944,4300
30945,6766
30946,3172
30947,22191
30948,9129
30949,4467
30950,5769
30951,10883
30952,6500
30953,7543
30954,9002
30955,6629
30956,5732
30957,4677
30958,10045
30959,6311
30960,6861
30961,7116
30962,8252
30963,5307
30964,8044
30965,7148
30966,4149
30967,8322
30968,10255
30969,4753
30970,8319
30971,8380
30972,5686
30973,10719
30974,5692
30975,7202
30976,7691
30977,8846
30978,3859
30979,5339
30980,5725
30981,0
30982,6245
30983,9056
30984,4654
30985,8683
30986,4090
30987,6450
30988,4997
30989,6842
30990,6199
30991,7582
30992,7965
30993,9807
30994,5061
30995,7205
30996,7077
30997,8776
30998,6503
30999,9612
31000,10508
31001,6819
31002,3871
31003,7302
31004,5593
31005,6819
31006,7196
31007,3989
31008,12664
31009,5889
31010,6869
31011,10980
31012,7306
31013,4928
31014,0
31015,6514
31016,10585
31017,5667
31018,9327
31019,9533
31020,7733
31021,5549
31022,7414
31023,5733
31024,6103
31025,6735
31026,8851
31027,8035
31028,5448
31029,4964
31030,7736
31031,8638
31032,6563
31033,8746
31034,6165
31035,6765
31036,4837
31037,8861
31038,7460
31039,7721
31040,6410
31041,6689
31042,8777
31043,9562
31044,6576
31045,8269
31046,5564
31047,7411
31048,7845
31049,6731
31050,4576
31051,4574
31052,7589
31053,8783
31054,5964
31055,6466
31056,9128
31057,6752
31058,5672
31059,6681
31060,5764
31061,3208
31062,8650
31063,3986
31064,7620
31065,7895
31066,7292
31067,7496
31068,10578
31069,9546
31070,8237
31071,5145
31072,8483
31073,7641
31074,4130
31075,3137
31076,8542
31077,4043
31078,7698
31079,12618
31080,8487
31081,7565
31082,5146
31083,7775
31084,7672
31085,7039
31086,7915
31087,8817
31088,8539
31089,6655
31090,9386
31091,5262
31092,7241
31093,4660
31094,5823
31095,7417
31096,6259
31097,5789
31098,8151
31099,5840
31100,10570
31101,7053
31102,5629
31103,4757
31104,10395
31105,7671
31106,6092
31107,6885
31108,7942
31109,6629
31110,6158
31111,6806
31112,8209
31113,5904
31114,4982
31115,10485
31116,7427
31117,6628
31118,3909
31119,12524
31120,7254
31121,6308
31122,6590
31123,11295
31124,9503
31125,8610
31126,9157
31127,7527
31128,6044
31129,6680
31130,7914
31131,10934
31132,13672
31133,5717
31134,5434
31135,3835
31136,5106
31137,9729
31138,14784
31139,6529
31140,5090
31141,5944
31142,6416
31143,6638
31144,9569
31145,9312
31146,6644
31147,4250
31148,8564
31149,6476
31150,9347
31151,10028
31152,5520
31153,8302
31154,4148
31155,8458
31156,8818
31157,7802
31158,8676
31159,6726
31160,7991
31161,5384
31162,7086
31163,8383
31164,8986
31165,7856
31166,9226
31167,7154
31168,4833
31169,10270
31170,4892
31171,11039
31172,7180
31173,5140
31174,5902
31175,7164
31176,6301
31177,7988
31178,9410
31179,5780
31180,11147
31181,4364
31182,5054
31183,8151
31184,9321
31185,11449
31186,6503
31187,6188
31188,6096
31189,6230
31190,8027
31191,6605
31192,7196
31193,5840
31194,11131
31195,6532
31196,9352
31197,12416
31198,9103
31199,5193
31200,4757
31201,6554
31202,11359
31203,5465
31204,8218
31205,5463
31206,11041
31207,6956
31208,6335
31209,5937
31210,5552
31211,5341
31212,6990
31213,6065
31214,5420
31215,5327
31216,5144
31217,9965
31218,6756
31219,21203
31220,8131
31221,4357
31222,2743
31223,4318
31224,9373
31225,2046
31226,2773
31227,6485
31228,3302
31229,6791
31230,4881
31231,5347
31232,5956
31233,4493
31234,3443
31235,5495
31236,5474
31237,2640
31238,4764
31239,4426
31240,5799
31241,5076
31242,3463
31243,4461
31244,7606
31245,8275
31246,5602
31247,7383
31248,2208
31249,7822
31250,3533
31251,5237
31252,2458
31253,8103
31254,7338
31255,8812
31256,9351
31257,7023
31258,6323
31259,3004
31260,4664
31261,6062
31262,8093
31263,4284
31264,3546
31265,5685
31266,4971
31267,5497
31268,2500
31269,7712
31270,4403
31271,7917
31272,6291
31273,3461
31274,8909
31275,3147
31276,9021
31277,6109
31278,6585
31279,2492
31280,5344
31281,4729
31282,3847
31283,7566
31284,10789
31285,2915
31286,6073
31287,5607
31288,8732
31289,7137
31290,5577
31291,6901
31292,2447
31293,2458
31294,4663
31295,6131
31296,8532
31297,7849
31298,2550
31299,4257
31300,8642
31301,8890
31302,5807
31303,3202
31304,10924
31305,5445
31306,3631
31307,3506
31308,2242
31309,4503
31310,7453
31311,3742
31312,5826
31313,3135
31314,5793
31315,3942
31316,1861
31317,4305
31318,5261
31319,5931
31320,9570
31321,6831
31322,5613
31323,3806
31324,10907
31325,3465
31326,6169
31327,7379
31328,13161
31329,5069
31330,3107
31331,6636
31332,5786
31333,6491
31334,4911
31335,10133
31336,5624
31337,2226
31338,7988
31339,4463
31340,5805
31341,2276
31342,8426
31343,3817
31344,2913
31345,8176
31346,4552
31347,5155
31348,7847
31349,7462
31350,4240
31351,4328
31352,7317
31353,3402
31354,2924
31355,6662
31356,4936
31357,6531
31358,3230
31359,4463
31360,6115
31361,4286
31362,3165
31363,5309
31364,5878
31365,5960
31366,7249
31367,7941
31368,7378
31369,4075
31370,7645
31371,5411
31372,3262
31373,3780
31374,8072
31375,7419
31376,2896
31377,7281
31378,9533
31379,6869
31380,4794
31381,7088
31382,7581
31383,5439
31384,4490
31385,2809
31386,5267
31387,5276
31388,4753
31389,5443
31390,3242
31391,5813
31392,7180
31393,5918
31394,6651
31395,6062
31396,2904
31397,1632
31398,6907
31399,6362
31400,6932
31401,3501
31402,5480
31403,3714
31404,5432
31405,5655
31406,3793
31407,4101
31408,4869
31409,7064
31410,6580
31411,7487
31412,14005
31413,4027
31414,4724
31415,10104
31416,3502
31417,5178
31418,879
31419,8003
31420,6870
31421,5552
31422,6584
31423,5554
31424,4591
31425,5076
31426,5131
31427,7777
31428,3082
31429,5574
31430,2786
31431,8750
31432,3263
31433,7829
31434,9931
31435,6419
31436,6007
31437,4289
31438,2136
31439,1877
31440,3528
31441,5375
31442,3022
31443,5397
31444,7296
31445,3974
31446,5187
31447,4680
31448,8537
31449,7771
31450,7254
31451,5171
31452,3170
31453,8055
31454,9409
31455,3677
31456,4407
31457,3695
31458,5457
31459,5434
31460,3842
31461,6647
31462,3070
31463,5128
31464,4853
31465,8636
31466,5438
31467,7228
31468,6436
31469,4505
31470,8433
31471,16974
31472,8607
31473,3791
31474,3580
31475,6501
31476,7523
31477,2798
31478,4716
31479,9414
31480,5956
31481,6872
31482,16548
31483,5474
31484,5265
31485,2675
31486,2191
31487,10248
31488,3467
31489,6411
31490,8730
31491,2779
31492,3550
31493,6235
31494,3852
31495,6481
31496,1968
31497,5031
31498,4892
31499,10664
31500,5933
31501,5828
31502,2883
31503,7725
31504,5801
31505,6622
31506,1665
31507,9158
31508,5000
31509,5965
31510,4379
31511,4509
31512,0
31513,4626
31514,3532
31515,5416
31516,4556
31517,4844
31518,8410
31519,9131
31520,7742
31521,4048
31522,4320
31523,4501
31524,4745
31525,6476
31526,3003
31527,1305
31528,6890
31529,5498
31530,7738
31531,5361
31532,4399
31533,4544
31534,3371
31535,2581
31536,8877
31537,6102
31538,4898
31539,5395
31540,11312
31541,6222
31542,1961
31543,7516
31544,2002
31545,4139
31546,5953
31547,6181
31548,2528
31549,4303
31550,4327
31551,3697
31552,1641
31553,8053
31554,4593
31555,9014
31556,10040
31557,5795
31558,5455
31559,4275
31560,4904
31561,4904
31562,11411
31563,6464
31564,6551
31565,3044
31566,5741
31567,5611
31568,9121
31569,8606
31570,6861
31571,5590
31572,6390
31573,5175
31574,8755
31575,6202
31576,6753
31577,6018
31578,9282
31579,6885
31580,4744
31581,5786
31582,8064
31583,5951
31584,3466
31585,5557
31586,3106
31587,4858
31588,8815
31589,6990
31590,7263
31591,6010
31592,8115
31593,4742
31594,4219
31595,4334
31596,5888
31597,6259
31598,6492
31599,3176
31600,12890
31601,5008
31602,5572
31603,15611
31604,5380
31605,7512
31606,5972
31607,7044
31608,8314
31609,7386
31610,9606
31611,2782
31612,4506
31613,5430
31614,8602
31615,2595
31616,5405
31617,4626
31618,5005
31619,5349
31620,5702
31621,3349
31622,5884
31623,4973
31624,2952
31625,3127
31626,7188
31627,4299
31628,4867
31629,5516
31630,5372
31631,9334
31632,12093
31633,4919
31634,7455
31635,5584
31636,9697
31637,4929
31638,2864
31639,3981
31640,5382
31641,12258
31642,3899
31643,8656
31644,7384
31645,2163
31646,3831
31647,5921
31648,6170
31649,5118
31650,8795
31651,8899
31652,7327
31653,4008
31654,12046
31655,2113
31656,3717
31657,8812
31658,4124
31659,5464
31660,3743
31661,6985
31662,4852
31663,3748
31664,13661
31665,10702
31666,2432
31667,4861
31668,5572
31669,7254
31670,9610
31671,5075
31672,2850
31673,9029
31674,2095
31675,9704
31676,4724
31677,5547
31678,9538
31679,5623
31680,1585
31681,4820
31682,2309
31683,3831
31684,11496
31685,7837
31686,4387
31687,12617
31688,7089
31689,10446
31690,11987
31691,6999
31692,4174
31693,2109
31694,4862
31695,6449
31696,2570
31697,5747
31698,4358
31699,7166
31700,2410
31701,5395
31702,8581
31703,1707
31704,8996
31705,5822
31706,2715
31707,6893
31708,3133
31709,3076
31710,9282
31711,7122
31712,7120
31713,8027
31714,5309
31715,4848
31716,6691
31717,6959
31718,7814
31719,5646
31720,6648
31721,3670
31722,8410
31723,6248
31724,5708
31725,3855
31726,4887
31727,8159
31728,5838
31729,4086
31730,5257
31731,5264
31732,5005
31733,15699
31734,5066
31735,10008
31736,4730
31737,3612
31738,6375
31739,5338
31740,3194
31741,4930
31742,9000
31743,13961
31744,7284
31745,9306
31746,6971
31747,10612
31748,8428
31749,6926
31750,6250
31751,4231
31752,10324
31753,7596
31754,7234
31755,5409
31756,5357
31757,4958
31758,2227
31759,12154
31760,6465
31761,5825
31762,4815
31763,1431
31764,8515
31765,8110
31766,11561
31767,5772
31768,4254
31769,3716
31770,6691
31771,4830
31772,4250
31773,10387
31774,4390
31775,4482
31776,5221
31777,3584
31778,2562
31779,2334
31780,14227
31781,4915
31782,12930
31783,4304
31784,5895
31785,5160
31786,4066
31787,3176
31788,6045
31789,3016
31790,2795
31791,10513
31792,5967
31793,2729
31794,8410
31795,2608
31796,5691
31797,3480
31798,10103
31799,7464
31800,7975
31801,2334
31802,5077
31803,2631
31804,4692
31805,3396
31806,16130
31807,12019
31808,4743
31809,3002
31810,5817
31811,4260
31812,2563
31813,7400
31814,2359
31815,14027
31816,4078
31817,4810
31818,5665
31819,11495
31820,6828
31821,4846
31822,5000
31823,5757
31824,6518
31825,6835
31826,3803
31827,1263
31828,4725
31829,2880
31830,2932
31831,5687
31832,6897
31833,5625
31834,5152
31835,7930
31836,5768
31837,3163
31838,7511
31839,2245
31840,9708
31841,4941
31842,2782
31843,4459
31844,4182
31845,4663
31846,7307
31847,6880
31848,3832
31849,6013
31850,2331
31851,4650
31852,7723
31853,8792
31854,3453
31855,2124
31856,5067
31857,7305
31858,6357
31859,2577
31860,11118
31861,3664
31862,3255
31863,5635
31864,9952
31865,9358
31866,4322
31867,4367
31868,5853
31869,1547
31870,6726
31871,7090
31872,4687
31873,4367
31874,2878
31875,8461
31876,2941
31877,4468
31878,3831
31879,3434
31880,2835
31881,7381
31882,6659
31883,5659
31884,3725
31885,5186
31886,7798
31887,7561
31888,7361
31889,4904
31890,5296
31891,5538
31892,7994
31893,6985
31894,5297
31895,1977
31896,6046
31897,6368
31898,6140
31899,7630
31900,5620
31901,2819
31902,7366
31903,5307
31904,10715
31905,2769
31906,2533
31907,9184
31908,1570
31909,5253
31910,4459
31911,7877
31912,3899
31913,4427
31914,9032
31915,2671
31916,6208
31917,9653
31918,14356
31919,6624
31920,2433
31921,5285
31922,3739
31923,2232
31924,7418
31925,4976
31926,6440
31927,5122
31928,5388
31929,4884
31930,4737
31931,4872
31932,4617
31933,8911
31934,5355
31935,2410
31936,6144
31937,3975
31938,5587
31939,5777
31940,5732
31941,7557
31942,8132
31943,8148
31944,5746
31945,4873
31946,5890
31947,2907
31948,5720
31949,8730
31950,6640
31951,7012
31952,6801
31953,13625
31954,3175
31955,3547
31956,4697
31957,4204
31958,8707
31959,10080
31960,7862
31961,7309
31962,7585
31963,1933
31964,7739
31965,3146
31966,6321
31967,6051
31968,5266
31969,2038
31970,5091
31971,3508
31972,3092
31973,6989
31974,4704
31975,8618
31976,17287
31977,5472
31978,3084
31979,4763
31980,8148
31981,6404
31982,4307
31983,5453
31984,2002
31985,6323
31986,6946
31987,3356
31988,10446
31989,11745
31990,3049
31991,5562
31992,3766
31993,3723
31994,3941
31995,8528
31996,3818
31997,4571
31998,4554
31999,2775
32000,2575
32001,2485
32002,5402
32003,5595
32004,4699
32005,7466
32006,1183
32007,7504
32008,14691
32009,3144
32010,8096
32011,7086
32012,4664
32013,4302
32014,2435
32015,4086
32016,4797
32017,5238
32018,3039
32019,9302
32020,4425
32021,4088
32022,6127
32023,4891
32024,5922
32025,4883
32026,5793
32027,10094
32028,4589
32029,7176
32030,5789
32031,3543
32032,3117
32033,4359
32034,5730
32035,6066
32036,3572
32037,12581
32038,5114
32039,4645
32040,11421
32041,4640
32042,6787
32043,4354
32044,5181
32045,5085
32046,6701
32047,15543
32048,2927
32049,5381
32050,3338
32051,9229
32052,6981
32053,4802
32054,3569
32055,4241
32056,2492
32057,2051
32058,6701
32059,2156
32060,3781
32061,1290
32062,20834
32063,8302
32064,2188
32065,5302
32066,6165
32067,6633
32068,5239
32069,8124
32070,5566
32071,5749
32072,2776
32073,7702
32074,6055
32075,4079
32076,5891
32077,9187
32078,4426
32079,8052
32080,6439
32081,3196
32082,5598
32083,6762
32084,2620
32085,8914
32086,6925
32087,4955
32088,9666
32089,3647
32090,4933
32091,8535
32092,6588
32093,2241
32094,4749
32095,3711
32096,0
32097,5072
32098,5803
32099,3532
32100,6060
32101,2338
32102,5579
32103,2905
32104,5640
32105,5471
32106,4810
32107,5703
32108,8874
32109,2664
32110,5690
32111,6898
32112,3170
32113,5454
32114,6230
32115,9059
32116,6493
32117,3661
32118,2085
32119,2023
32120,5372
32121,4681
32122,3995
32123,11798
32124,5332
32125,5657
32126,8236
32127,6771
32128,2099
32129,9614
32130,4379
32131,7808
32132,6178
32133,7388
32134,6000
32135,8633
32136,5164
32137,4100
32138,2790
32139,3398
32140,6062
32141,4250
32142,7926
32143,4839
32144,2824
32145,7615
32146,7104
32147,4674
32148,7327
32149,4271
32150,6835
32151,3725
32152,4875
32153,3697
32154,4758
32155,3337
32156,6200
32157,7675
32158,7870
32159,6044
32160,5579
32161,4138
32162,6131
32163,6959
32164,6904
32165,2812
32166,2830
32167,8175
32168,6103
32169,2999
32170,4039
32171,7730
32172,6553
32173,2430
32174,6121
32175,4745
32176,1751
32177,5040
32178,2726
32179,4145
32180,6366
32181,5816
32182,5197
32183,4289
32184,8202
32185,6172
32186,3586
32187,5549
32188,4892
32189,3009
32190,1128
32191,7190
32192,1580
32193,5581
32194,9485
32195,5596
32196,4410
32197,3042
32198,5459
32199,5089
32200,4912
32201,5487
32202,6159
32203,7703
32204,6172
32205,8698
32206,3952
32207,3786
32208,4129
32209,3591
32210,5243
32211,6581
32212,3346
32213,5254
32214,2675
32215,7799
32216,4261
32217,4272
32218,3802
32219,5451
32220,7373
32221,3341
32222,6501
32223,4478
32224,5360
32225,5113
32226,5979
32227,7575
32228,4470
32229,3558
32230,9521
32231,6627
32232,6571
32233,1991
32234,4480
32235,5059
32236,4033
32237,4651
32238,10373
32239,7833
32240,9090
32241,9597
32242,6279
32243,5216
32244,5935
32245,6022
32246,7278
32247,10474
32248,3187
32249,1744
32250,1516
32251,4066
32252,4883
32253,9695
32254,2377
32255,1934
32256,5252
32257,5562
32258,5772
32259,9861
32260,6794
32261,6400
32262,2695
32263,7511
32264,6047
32265,6958
32266,6865
32267,3450
32268,6175
32269,2976
32270,6635
32271,5604
32272,5166
32273,5857
32274,3814
32275,6234
32276,5090
32277,6633
32278,4830
32279,8116
32280,5310
32281,8767
32282,5097
32283,3540
32284,8205
32285,2758
32286,10300
32287,5833
32288,4828
32289,3222
32290,6919
32291,4394
32292,4355
32293,6433
32294,4352
32295,12200
32296,3040
32297,2949
32298,5595
32299,6171
32300,10309
32301,2468
32302,4624
32303,5958
32304,5533
32305,4676
32306,3467
32307,6034
32308,3210
32309,10330
32310,2721
32311,6746
32312,13619
32313,7384
32314,6132
32315,3103
32316,4991
32317,7692
32318,2618
32319,7358
32320,2897
32321,8102
32322,6495
32323,5522
32324,5692
32325,4732
32326,2801
32327,5340
32328,2260
32329,3633
32330,3173
32331,2803
32332,7588
32333,5379
32334,20967
32335,7447
32336,0
32337,0
32338,0
32339,0
32340,0
32341,0
32342,0
32343,0
32344,0
32345,0
32346,0
32347,0
32348,0
32349,0
32350,0
32351,0
32352,0
32353,0
32354,0
32355,0
32356,0
32357,0
32358,0
32359,0
32360,0
32361,0
32362,0
32363,0
32364,0
32365,0
32366,0
32367,0
32368,0
32369,0
32370,0
32371,0
32372,0
32373,0
32374,0
32375,0
32376,0
32377,0
32378,0
32379,0
32380,0
32381,0
32382,0
32383,0
32384,0
32385,0
32386,0
32387,0
32388,0
32389,0
32390,0
32391,0
32392,0
32393,0
32394,0
32395,0
32396,0
32397,0
32398,0
32399,0
32400,0
32401,0
32402,0
32403,0
32404,0
32405,0
32406,0
32407,0
32408,0
32409,0
32410,0
32411,0
32412,0
32413,0
32414,0
32415,0
32416,0
32417,0
32418,0
32419,0
32420,11549
32421,0
32422,0
32423,0
32424,0
32425,0
32426,0
32427,0
32428,0
32429,0
32430,0
32431,0
32432,0
32433,0
32434,0
32435,0
32436,0
32437,0
32438,0
32439,0
32440,0
32441,0
32442,0
32443,0
32444,0
32445,0
32446,0
32447,0
32448,0
32449,0
32450,0
32451,0
32452,0
32453,0
32454,0
32455,0
32456,0
32457,3714
32458,0
32459,0
32460,0
32461,0
32462,0
32463,0
32464,0
32465,0
32466,0
32467,0
32468,0
32469,0
32470,0
32471,0
32472,0
32473,0
32474,0
32475,0
32476,0
32477,0
32478,0
32479,0
32480,0
32481,0
32482,0
32483,0
32484,0
32485,0
32486,0
32487,0
32488,0
32489,0
32490,0
32491,0
32492,0
32493,0
32494,0
32495,0
32496,0
32497,0
32498,0
32499,0
32500,0
32501,0
32502,0
32503,0
32504,0
32505,0
32506,0
32507,0
32508,0
32509,0
32510,0
32511,0
32512,0
32513,0
32514,0
32515,0
32516,0
32517,0
32518,0
32519,0
32520,0
32521,0
32522,0
32523,0
32524,0
32525,0
32526,0
32527,0
32528,0
32529,0
32530,0
32531,0
32532,0
32533,0
32534,0
32535,0
32536,0
32537,0
32538,0
32539,0
32540,0
32541,0
32542,0
32543,0
32544,2584
32545,0
32546,0
32547,0
32548,0
32549,0
32550,0
32551,0
32552,0
32553,0
32554,0
32555,0
32556,0
32557,0
32558,0
32559,0
32560,0
32561,0
32562,0
32563,0
32564,0
32565,0
32566,0
32567,0
32568,0
32569,0
32570,0
32571,0
32572,0
32573,0
32574,0
32575,0
32576,0
32577,0
32578,0
32579,0
32580,0
32581,0
32582,0
32583,0
32584,0
32585,0
32586,0
32587,0
32588,0
32589,0
32590,0
32591,0
32592,0
32593,0
32594,16435
32595,0
32596,0
32597,28360
32598,0
32599,0
32600,0
32601,0
32602,0
32603,0
32604,0
32605,0
32606,0
32607,0
32608,0
32609,7440
32610,0
32611,0
32612,0
32613,0
32614,0
32615,0
32616,0
32617,0
32618,0
32619,0
32620,0
32621,0
32622,0
32623,0
32624,0
32625,0
32626,0
32627,0
32628,0
32629,0
32630,0
32631,0
32632,0
32633,0
32634,4836
32635,0
32636,0
32637,0
32638,0
32639,0
32640,0
32641,0
32642,0
32643,0
32644,0
32645,2528
32646,0
32647,0
32648,0
32649,0
32650,0
32651,0
32652,0
32653,0
32654,0
32655,0
32656,0
32657,0
32658,0
32659,0
32660,0
32661,0
32662,0
32663,0
32664,0
32665,0
32666,0
32667,0
32668,0
32669,0
32670,8134
32671,0
32672,0
32673,0
32674,0
32675,0
32676,0
32677,0
32678,0
32679,0
32680,0
32681,0
32682,0
32683,0
32684,0
32685,0
32686,0
32687,0
32688,8636
32689,0
32690,0
32691,0
32692,0
32693,0
32694,0
32695,0
32696,0
32697,0
32698,0
32699,0
32700,0
32701,0
32702,0
32703,0
32704,0
32705,0
32706,0
32707,0
32708,0
32709,0
32710,0
32711,0
32712,0
32713,0
32714,0
32715,0
32716,0
32717,0
32718,0
32719,0
32720,0
32721,0
32722,0
32723,0
32724,0
32725,0
32726,0
32727,0
32728,0
32729,0
32730,0
32731,0
32732,0
32733,0
32734,0
32735,0
32736,0
32737,0
32738,0
32739,0
32740,0
32741,0
32742,0
32743,0
32744,0
32745,0
32746,0
32747,0
32748,0
32749,0
32750,0
32751,0
32752,0
32753,0
32754,0
32755,0
32756,0
32757,0
32758,14106
32759,0
32760,0
32761,0
32762,0
32763,0
32764,0
32765,0
32766,0
32767,0
32768,1680
32769,0
32770,0
32771,0
32772,0
32773,0
32774,0
32775,0
32776,0
32777,0
32778,0
32779,0
32780,0
32781,0
32782,0
32783,0
32784,0
32785,0
32786,0
32787,0
32788,5354
32789,0
32790,0
32791,0
32792,0
32793,0
32794,0
32795,0
32796,0
32797,0
32798,0
32799,0
32800,0
32801,0
32802,0
32803,0
32804,0
32805,0
32806,0
32807,0
32808,0
32809,0
32810,0
32811,0
32812,0
32813,0
32814,0
32815,0
32816,0
32817,0
32818,0
32819,0
32820,0
32821,0
32822,0
32823,0
32824,0
32825,0
32826,0
32827,0
32828,0
32829,7614
32830,0
32831,0
32832,0
32833,0
32834,0
32835,0
32836,0
32837,0
32838,0
32839,0
32840,0
32841,0
32842,0
32843,0
32844,0
32845,0
32846,0
32847,7282
32848,0
32849,0
32850,0
32851,0
32852,0
32853,0
32854,0
32855,0
32856,0
32857,0
32858,0
32859,2129
32860,0
32861,0
32862,0
32863,0
32864,0
32865,5347
32866,0
32867,0
32868,0
32869,0
32870,0
32871,0
32872,0
32873,0
32874,0
32875,0
32876,0
32877,0
32878,0
32879,0
32880,0
32881,0
32882,0
32883,0
32884,0
32885,0
32886,0
32887,0
32888,0
32889,0
32890,0
32891,0
32892,0
32893,0
32894,0
32895,0
32896,0
32897,18282
32898,0
32899,0
32900,0
32901,0
32902,0
32903,0
32904,0
32905,0
32906,0
32907,0
32908,0
32909,0
32910,0
32911,0
32912,0
32913,5758
32914,0
32915,0
32916,0
32917,0
32918,0
32919,0
32920,0
32921,0
32922,0
32923,0
32924,0
32925,0
32926,0
32927,0
32928,0
32929,0
32930,0
32931,0
32932,0
32933,0
32934,0
32935,0
32936,0
32937,0
32938,0
32939,0
32940,0
32941,0
32942,0
32943,0
32944,0
32945,0
32946,0
32947,0
32948,0
32949,0
32950,0
32951,0
32952,0
32953,0
32954,0
32955,0
32956,0
32957,0
32958,0
32959,0
32960,0
32961,0
32962,0
32963,0
32964,0
32965,0
32966,0
32967,0
32968,0
32969,0
32970,0
32971,0
32972,0
32973,0
32974,0
32975,0
32976,0
32977,0
32978,0
32979,0
32980,0
32981,0
32982,0
32983,0
32984,0
32985,0
32986,0
32987,0
32988,0
32989,0
32990,0
32991,0
32992,0
32993,0
32994,0
32995,0
32996,0
32997,0
32998,0
32999,0
33000,0
33001,0
33002,0
33003,0
33004,0
33005,0
33006,0
33007,0
33008,0
33009,0
33010,0
33011,13207
33012,0
33013,0
33014,0
33015,0
33016,0
33017,6908
33018,0
33019,0
33020,0
33021,0
33022,0
33023,0
33024,0
33025,0
33026,0
33027,0
33028,0
33029,0
33030,0
33031,0
33032,0
33033,0
33034,0
33035,0
33036,0
33037,0
33038,0
33039,0
33040,0
33041,0
33042,0
33043,0
33044,0
33045,0
33046,0
33047,0
33048,0
33049,0
33050,0
33051,0
33052,0
33053,0
33054,0
33055,0
33056,0
33057,0
33058,0
33059,0
33060,0
33061,0
33062,0
33063,0
33064,0
33065,0
33066,0
33067,3316
33068,15649
33069,0
33070,0
33071,0
33072,0
33073,0
33074,0
33075,0
33076,0
33077,0
33078,0
33079,0
33080,0
33081,0
33082,0
33083,0
33084,0
33085,0
33086,0
33087,0
33088,0
33089,0
33090,0
33091,0
33092,0
33093,0
33094,0
33095,0
33096,0
33097,0
33098,0
33099,0
33100,0
33101,0
33102,0
33103,0
33104,11949
33105,0
33106,0
33107,0
33108,0
33109,0
33110,0
33111,0
33112,0
33113,0
33114,0
33115,0
33116,0
33117,0
33118,0
33119,0
33120,0
33121,0
33122,0
33123,0
33124,0
33125,0
33126,0
33127,0
33128,0
33129,0
33130,0
33131,0
33132,0
33133,0
33134,0
33135,0
33136,0
33137,0
33138,0
33139,0
33140,0
33141,0
33142,0
33143,0
33144,0
33145,0
33146,0
33147,0
33148,0
33149,0
33150,0
33151,0
33152,0
33153,0
33154,0
33155,0
33156,0
33157,0
33158,0
33159,0
33160,0
33161,0
33162,0
33163,0
33164,0
33165,0
33166,0
33167,0
33168,0
33169,0
33170,0
33171,0
33172,0
33173,0
33174,0
33175,0
33176,0
33177,0
33178,0
33179,0
33180,0
33181,0
33182,0
33183,0
33184,0
33185,0
33186,0
33187,0
33188,0
33189,0
33190,0
33191,0
33192,0
33193,0
33194,0
33195,0
33196,0
33197,0
33198,2442
33199,0
33200,0
33201,0
33202,2077
33203,0
33204,0
33205,0
33206,0
33207,0
33208,0
33209,0
33210,0
33211,0
33212,0
33213,0
33214,0
33215,0
33216,0
33217,0
33218,0
33219,0
33220,0
33221,0
33222,0
33223,0
33224,0
33225,0
33226,0
33227,0
33228,0
33229,0
33230,0
33231,0
33232,0
33233,0
33234,0
33235,0
33236,0
33237,0
33238,0
33239,0
33240,0
33241,0
33242,0
33243,0
33244,0
33245,0
33246,0
33247,0
33248,0
33249,0
33250,0
33251,0
33252,0
33253,0
33254,0
33255,0
33256,0
33257,0
33258,0
33259,0
33260,0
33261,0
33262,0
33263,0
33264,0
33265,0
33266,2576
33267,0
33268,0
33269,0
33270,0
33271,0
33272,0
33273,0
33274,0
33275,0
33276,0
33277,0
33278,0
33279,0
33280,0
33281,0
33282,0
33283,11179
33284,0
33285,0
33286,0
33287,0
33288,0
33289,0
33290,0
33291,0
33292,0
33293,0
33294,0
33295,0
33296,0
33297,0
33298,0
33299,0
33300,0
33301,0
33302,0
33303,0
33304,0
33305,0
33306,0
33307,0
33308,0
33309,0
33310,0
33311,0
33312,0
33313,0
33314,0
33315,0
33316,0
33317,0
33318,0
33319,0
33320,0
33321,0
33322,0
33323,0
33324,0
33325,0
33326,0
33327,0
33328,0
33329,0
33330,0
33331,0
33332,0
33333,0
33334,0
33335,0
33336,0
33337,0
33338,0
33339,0
33340,0
33341,0
33342,0
33343,0
33344,0
33345,0
33346,0
33347,0
33348,0
33349,0
33350,0
33351,0
33352,0
33353,0
33354,0
33355,0
33356,0
33357,0
33358,0
33359,0
33360,0
33361,0
33362,0
33363,0
33364,0
33365,0
33366,0
33367,0
33368,0
33369,0
33370,0
33371,0
33372,0
33373,0
33374,0
33375,0
33376,0
33377,0
33378,0
33379,0
33380,4617
33381,0
33382,0
33383,0
33384,0
33385,0
33386,0
33387,0
33388,0
33389,0
33390,0
33391,0
33392,0
33393,0
33394,0
33395,0
33396,0
33397,0
33398,0
33399,0
33400,0
33401,0
33402,0
33403,0
33404,0
33405,0
33406,0
33407,0
33408,0
33409,0
33410,0
33411,0
33412,0
33413,0
33414,0
33415,0
33416,4514
33417,0
33418,0
33419,0
33420,0
33421,0
33422,0
33423,0
33424,0
33425,0
33426,0
33427,0
33428,0
33429,0
33430,0
33431,0
33432,13113
33433,0
33434,4575
33435,0
33436,0
33437,0
33438,0
33439,0
33440,0
33441,0
33442,0
33443,0
33444,0
33445,0
33446,0
33447,0
33448,0
33449,0
33450,0
33451,3972
33452,4297
33453,5934
33454,9016
33455,4298
33456,4455
33457,9271
33458,5521
33459,6854
33460,5670
33461,6837
33462,6500
33463,3945
33464,5320
33465,5839
33466,7781
33467,5369
33468,6289
33469,6202
33470,8598
33471,4444
33472,4277
33473,4532
33474,8717
33475,10229
33476,5456
33477,8149
33478,4201
33479,6988
33480,3380
33481,4884
33482,4002
33483,7517
33484,7718
33485,9604
33486,9377
33487,5232
33488,4868
33489,4230
33490,3837
33491,5478
33492,9068
33493,5849
33494,4717
33495,4578
33496,4267
33497,6702
33498,3324
33499,6627
33500,3647
33501,6212
33502,5562
33503,4748
33504,6409
33505,4571
33506,6972
33507,7633
33508,6062
33509,5158
33510,7477
33511,4604
33512,6526
33513,5833
33514,9416
33515,4327
33516,5621
33517,7362
33518,7474
33519,7587
33520,5670
33521,7779
33522,3869
33523,4444
33524,5459
33525,5913
33526,8352
33527,6747
33528,3133
33529,5021
33530,6867
33531,6855
33532,8014
33533,3787
33534,11907
33535,6656
33536,3941
33537,6163
33538,5570
33539,6110
33540,7592
33541,3949
33542,5045
33543,5364
33544,6438
33545,6032
33546,4627
33547,5932
33548,4784
33549,4877
33550,8481
33551,6654
33552,5792
33553,4818
33554,9915
33555,4950
33556,8632
33557,7095
33558,11924
33559,6170
33560,4762
33561,5569
33562,6137
33563,5579
33564,4365
33565,7080
33566,7168
33567,3638
33568,6965
33569,5612
33570,6393
33571,4250
33572,9143
33573,7342
33574,4610
33575,11000
33576,4840
33577,4260
33578,7047
33579,7956
33580,5084
33581,4109
33582,6370
33583,5381
33584,4854
33585,5368
33586,4491
33587,7277
33588,7055
33589,6332
33590,7119
33591,4837
33592,4478
33593,5479
33594,6364
33595,6919
33596,7179
33597,7214
33598,8728
33599,4977
33600,7502
33601,6036
33602,4793
33603,5528
33604,8251
33605,5979
33606,5637
33607,8852
33608,7187
33609,6622
33610,4787
33611,6978
33612,6354
33613,6894
33614,5857
33615,3766
33616,4909
33617,7910
33618,7170
33619,5249
33620,3463
33621,7616
33622,6908
33623,7354
33624,6047
33625,5264
33626,4711
33627,3598
33628,8680
33629,6347
33630,6291
33631,5451
33632,4710
33633,5813
33634,5962
33635,5589
33636,3586
33637,5823
33638,4348
33639,7542
33640,7303
33641,6531
33642,10046
33643,4284
33644,4476
33645,9537
33646,4831
33647,5561
33648,2058
33649,7213
33650,7580
33651,4523
33652,5842
33653,5900
33654,5535
33655,5587
33656,7257
33657,9850
33658,2531
33659,6346
33660,2713
33661,12433
33662,4242
33663,7450
33664,8009
33665,5261
33666,5980
33667,4466
33668,4811
33669,3162
33670,4261
33671,5374
33672,4711
33673,6111
33674,6409
33675,4608
33676,6362
33677,6056
33678,7329
33679,7728
33680,7302
33681,4153
33682,3231
33683,8951
33684,9143
33685,4678
33686,7090
33687,4911
33688,6994
33689,4542
33690,4727
33691,5867
33692,3244
33693,5659
33694,4077
33695,9171
33696,6508
33697,7225
33698,7073
33699,4890
33700,7357
33701,17473
33702,8681
33703,4914
33704,2426
33705,5442
33706,7027
33707,4997
33708,5766
33709,12997
33710,6291
33711,9440
33712,18327
33713,3921
33714,5837
33715,4674
33716,4046
33717,7533
33718,4426
33719,7561
33720,9382
33721,6603
33722,5482
33723,6879
33724,4382
33725,6067
33726,3525
33727,5530
33728,6836
33729,8110
33730,5678
33731,5094
33732,4282
33733,7061
33734,4654
33735,4997
33736,3328
33737,7704
33738,4668
33739,5551
33740,6469
33741,7015
33742,0
33743,5373
33744,5724
33745,5164
33746,6275
33747,6439
33748,7780
33749,9353
33750,6751
33751,4957
33752,3130
33753,5524
33754,6129
33755,5505
33756,4600
33757,2139
33758,7451
33759,5677
33760,7453
33761,6426
33762,4754
33763,5849
33764,4596
33765,4480
33766,8644
33767,4792
33768,6241
33769,6946
33770,13459
33771,4804
33772,4567
33773,6884
33774,4815
33775,5322
33776,4724
33777,6959
33778,4397
33779,6309
33780,3760
33781,5405
33782,3737
33783,9075
33784,4765
33785,12896
33786,11500
33787,4619
33788,6064
33789,5045
33790,5743
33791,5251
33792,10531
33793,6452
33794,7581
33795,4167
33796,7020
33797,4555
33798,8949
33799,8765
33800,5772
33801,5415
33802,5751
33803,6532
33804,7137
33805,8632
33806,5635
33807,6584
33808,8928
33809,6070
33810,6217
33811,4812
33812,9057
33813,6830
33814,4865
33815,4602
33816,5645
33817,4398
33818,8141
33819,5534
33820,6684
33821,5554
33822,7930
33823,4170
33824,6993
33825,7987
33826,7264
33827,7183
33828,6057
33829,3720
33830,11971
33831,9236
33832,6480
33833,15850
33834,8685
33835,6131
33836,5901
33837,7636
33838,9305
33839,10227
33840,10245
33841,4983
33842,6775
33843,4871
33844,7379
33845,3971
33846,9655
33847,5096
33848,4337
33849,5660
33850,7962
33851,7088
33852,4891
33853,7100
33854,4804
33855,3681
33856,6049
33857,3865
33858,4178
33859,5080
33860,5429
33861,8106
33862,8264
33863,7068
33864,6055
33865,5064
33866,9986
33867,6303
33868,4458
33869,4873
33870,4657
33871,8794
33872,4158
33873,10769
33874,6861
33875,3279
33876,4426
33877,6175
33878,5720
33879,4551
33880,7832
33881,9072
33882,10888
33883,5268
33884,9394
33885,3129
33886,4892
33887,6119
33888,4471
33889,6232
33890,4958
33891,5727
33892,3573
33893,4312
33894,10314
33895,7866
33896,4208
33897,5177
33898,7966
33899,9547
33900,7283
33901,5090
33902,3936
33903,10476
33904,5473
33905,6887
33906,5400
33907,4621
33908,6544
33909,7662
33910,3299
33911,3836
33912,4551
33913,5997
33914,9462
33915,6780
33916,6947
33917,11949
33918,4808
33919,9227
33920,10676
33921,6388
33922,4661
33923,3026
33924,6724
33925,5651
33926,5425
33927,5384
33928,5943
33929,9979
33930,4731
33931,4904
33932,6404
33933,4499
33934,6551
33935,4689
33936,3951
33937,5800
33938,3199
33939,6273
33940,7948
33941,6000
33942,6965
33943,7394
33944,7031
33945,4561
33946,6754
33947,8351
33948,7143
33949,5413
33950,5662
33951,4519
33952,9433
33953,5389
33954,6257
33955,4723
33956,6255
33957,7523
33958,6149
33959,5501
33960,7724
33961,5355
33962,6108
33963,16106
33964,5440
33965,7836
33966,5288
33967,5281
33968,4931
33969,4397
33970,4229
33971,4404
33972,7821
33973,13031
33974,7539
33975,8653
33976,9146
33977,9851
33978,9256
33979,6986
33980,6729
33981,4958
33982,10856
33983,9691
33984,6216
33985,7725
33986,7471
33987,5705
33988,3909
33989,10560
33990,5974
33991,6016
33992,5790
33993,1934
33994,11577
33995,9433
33996,13935
33997,5590
33998,4255
33999,4382
34000,5380
34001,6262
34002,6331
34003,6370
34004,5356
34005,4166
34006,6403
34007,3560
34008,2716
34009,5615
34010,12099
34011,6073
34012,16689
34013,4159
34014,5444
34015,5915
34016,4830
34017,4775
34018,4733
34019,4824
34020,3551
34021,7272
34022,5894
34023,3449
34024,8081
34025,4515
34026,5443
34027,4454
34028,9871
34029,6663
34030,9563
34031,4568
34032,6098
34033,3925
34034,4256
34035,4241
34036,13644
34037,9219
34038,5763
34039,4527
34040,4671
34041,5490
34042,4146
34043,8774
34044,4396
34045,12986
34046,4249
34047,4961
34048,5551
34049,8524
34050,6205
34051,4184
34052,5851
34053,6140
34054,6391
34055,6025
34056,5379
34057,3203
34058,8533
34059,4937
34060,3611
34061,5653
34062,5556
34063,5754
34064,6254
34065,8009
34066,7657
34067,5961
34068,6384
34069,4010
34070,7803
34071,5190
34072,4149
34073,6288
34074,6484
34075,5786
34076,7609
34077,5650
34078,5705
34079,5907
34080,5371
34081,5330
34082,6635
34083,6419
34084,5887
34085,5034
34086,4841
34087,8035
34088,5432
34089,3799
34090,10624
34091,4811
34092,2983
34093,6550
34094,8149
34095,8748
34096,4962
34097,5083
34098,5699
34099,3371
34100,5860
34101,7121
34102,5774
34103,5220
34104,6302
34105,7541
34106,2923
34107,4955
34108,5136
34109,5085
34110,4499
34111,6582
34112,6760
34113,5709
34114,4478
34115,7261
34116,5716
34117,7408
34118,7802
34119,4336
34120,6329
34121,6266
34122,7338
34123,6898
34124,7510
34125,3076
34126,8960
34127,6169
34128,6719
34129,9601
34130,4542
34131,3573
34132,10412
34133,7553
34134,7432
34135,5006
34136,5629
34137,8019
34138,3061
34139,5911
34140,5037
34141,6787
34142,5667
34143,4618
34144,7325
34145,4656
34146,7916
34147,9488
34148,16170
34149,6540
34150,4189
34151,4825
34152,3673
34153,2881
34154,10831
34155,7426
34156,5080
34157,8098
34158,4565
34159,10413
34160,3942
34161,5227
34162,5540
34163,8011
34164,4644
34165,5584
34166,5045
34167,4286
34168,6978
34169,4526
34170,6112
34171,6939
34172,8586
34173,6676
34174,6886
34175,5162
34176,9581
34177,4376
34178,4814
34179,9629
34180,6367
34181,7819
34182,8457
34183,14694
34184,4818
34185,4339
34186,4482
34187,5489
34188,7687
34189,9025
34190,6159
34191,6910
34192,7072
34193,3273
34194,7263
34195,6442
34196,5546
34197,6832
34198,4661
34199,4504
34200,4355
34201,3857
34202,4277
34203,7408
34204,6439
34205,9769
34206,14759
34207,6256
34208,4728
34209,6084
34210,7771
34211,8514
34212,3683
34213,5399
34214,3660
34215,8597
34216,5830
34217,5545
34218,11413
34219,11956
34220,4215
34221,6821
34222,3632
34223,5213
34224,5525
34225,7840
34226,4288
34227,3902
34228,5074
34229,6373
34230,5835
34231,4194
34232,5285
34233,6365
34234,5891
34235,6006
34236,3368
34237,9537
34238,17784
34239,3887
34240,6574
34241,7605
34242,5779
34243,3985
34244,3483
34245,3496
34246,7004
34247,4363
34248,6858
34249,9029
34250,4186
34251,5066
34252,5491
34253,5155
34254,4401
34255,5098
34256,5757
34257,9492
34258,6877
34259,7955
34260,5126
34261,4032
34262,6119
34263,5894
34264,7516
34265,5856
34266,4468
34267,21063
34268,5740
34269,5317
34270,11069
34271,6388
34272,6091
34273,5570
34274,6653
34275,4386
34276,8746
34277,13996
34278,4718
34279,4958
34280,5723
34281,11346
34282,5485
34283,4693
34284,5484
34285,4848
34286,5890
34287,3743
34288,7799
34289,3756
34290,6699
34291,2399
34292,17223
34293,7679
34294,3701
34295,4366
34296,8115
34297,5616
34298,6041
34299,7090
34300,5324
34301,4948
34302,4003
34303,8842
34304,5019
34305,5387
34306,6314
34307,6952
34308,5184
34309,7215
34310,5334
34311,3560
34312,7679
34313,8169
34314,4263
34315,6899
34316,5940
34317,4431
34318,8775
34319,5064
34320,6869
34321,5862
34322,7232
34323,3839
34324,4460
34325,4277
34326,0
34327,6149
34328,7684
34329,3475
34330,7593
34331,3454
34332,5957
34333,4705
34334,5531
34335,5749
34336,6339
34337,5927
34338,7601
34339,3419
34340,5522
34341,6848
34342,6616
34343,6028
34344,6805
34345,9384
34346,6457
34347,2629
34348,6027
34349,4750
34350,6052
34351,6403
34352,4014
34353,10608
34354,4631
34355,6340
34356,9277
34357,5862
34358,3553
34359,9492
34360,4874
34361,9243
34362,4938
34363,7204
34364,8375
34365,5657
34366,5068
34367,5812
34368,4768
34369,5346
34370,5474
34371,9520
34372,6595
34373,5215
34374,4238
34375,5807
34376,6322
34377,5808
34378,6237
34379,5520
34380,6151
34381,4608
34382,6960
34383,7075
34384,5959
34385,5308
34386,6210
34387,6584
34388,8757
34389,5003
34390,7002
34391,4761
34392,5285
34393,6599
34394,5745
34395,4243
34396,3960
34397,6627
34398,8050
34399,4655
34400,5289
34401,6995
34402,5406
34403,4824
34404,5393
34405,4289
34406,3226
34407,7371
34408,4027
34409,6840
34410,5815
34411,5657
34412,5723
34413,9929
34414,7974
34415,6687
34416,4749
34417,7451
34418,7600
34419,3669
34420,3167
34421,7153
34422,3126
34423,6214
34424,11911
34425,6893
34426,6253
34427,3911
34428,6750
34429,5574
34430,5658
34431,6409
34432,7124
34433,7157
34434,5174
34435,7314
34436,4300
34437,6371
34438,4731
34439,5231
34440,5105
34441,5130
34442,5369
34443,6687
34444,4117
34445,8677
34446,5732
34447,3978
34448,4306
34449,7570
34450,6654
34451,4847
34452,5832
34453,5796
34454,4545
34455,5723
34456,5624
34457,5796
34458,4570
34459,4766
34460,7572
34461,6069
34462,5312
34463,3498
34464,9193
34465,5676
34466,4603
34467,6236
34468,9909
34469,7284
34470,7630
34471,9110
34472,6320
34473,4978
34474,5164
34475,7222
34476,7723
34477,10883
34478,4005
34479,5669
34480,3059
34481,4197
34482,8142
34483,12715
34484,5675
34485,4281
34486,4491
34487,5780
34488,5115
34489,8576
34490,7640
34491,5404
34492,3739
34493,6733
34494,5179
34495,9681
34496,7803
34497,4356
34498,6165
34499,3622
34500,6339
34501,7183
34502,6582
34503,7178
34504,5613
34505,6454
34506,3871
34507,5425
34508,6491
34509,7373
34510,6515
34511,7237
34512,5160
34513,4195
34514,8774
34515,4303
34516,10612
34517,5534
34518,4090
34519,5653
34520,5681
34521,5759
34522,7063
34523,8298
34524,4119
34525,11719
34526,3881
34527,4165
34528,6009
34529,7086
34530,10103
34531,5973
34532,5620
34533,4958
34534,5983
34535,6258
34536,4720
34537,5715
34538,4614
34539,9076
34540,5676
34541,7632
34542,11725
34543,7678
34544,4460
34545,4481
34546,5341
34547,10194
34548,5265
34549,8319
34550,3896
34551,8919
34552,6474
34553,4691
34554,4498
34555,4104
34556,4757
34557,4965
34558,5076
34559,4432
34560,4146
34561,4449
34562,7646
34563,5812
34564,20456
34565,5723
34566,3665
34567,4151
34568,5786
34569,8145
34570,4077
34571,4037
34572,8957
34573,5297
34574,6127
34575,5273
34576,6348
34577,5958
34578,3578
34579,4877
34580,5362
34581,7335
34582,5325
34583,5653
34584,5888
34585,7740
34586,4097
34587,3934
34588,4162
34589,8109
34590,9029
34591,4838
34592,8013
34593,4033
34594,6420
34595,3571
34596,4444
34597,3633
34598,6795
34599,6945
34600,8732
34601,8372
34602,4845
34603,4610
34604,4166
34605,3820
34606,4994
34607,8585
34608,5466
34609,4380
34610,4045
34611,3978
34612,6283
34613,3015
34614,6290
34615,3232
34616,5649
34617,5040
34618,4405
34619,5713
34620,4256
34621,6669
34622,7029
34623,5729
34624,4779
34625,7248
34626,4107
34627,6137
34628,5141
34629,8516
34630,4334
34631,5102
34632,6919
34633,6678
34634,7463
34635,5285
34636,7523
34637,3705
34638,4321
34639,5183
34640,5334
34641,7797
34642,6081
34643,3023
34644,4653
34645,6132
34646,6331
34647,7503
34648,3440
34649,11373
34650,5590
34651,3790
34652,5562
34653,5526
34654,5626
34655,7105
34656,3686
34657,4728
34658,5124
34659,5863
34660,5917
34661,4526
34662,5495
34663,4350
34664,4673
34665,7630
34666,6227
34667,5414
34668,4347
34669,9117
34670,4491
34671,7887
34672,6484
34673,10548
34674,5609
34675,4519
34676,5109
34677,5538
34678,5096
34679,4146
34680,6601
34681,6170
34682,3314
34683,6244
34684,5202
34685,5637
34686,3942
34687,8279
34688,7001
34689,4592
34690,10067
34691,4414
34692,3847
34693,6601
34694,7697
34695,4579
34696,3794
34697,5830
34698,5242
34699,4418
34700,4967
34701,4229
34702,7045
34703,6765
34704,5691
34705,6484
34706,4483
34707,4142
34708,4946
34709,6274
34710,6368
34711,6552
34712,6447
34713,7988
34714,4602
34715,6589
34716,5747
34717,4572
34718,5352
34719,7302
34720,5552
34721,5573
34722,8741
34723,6636
34724,6218
34725,4462
34726,6597
34727,5883
34728,6229
34729,5481
34730,3448
34731,4628
34732,8025
34733,6579
34734,4929
34735,3403
34736,7088
34737,6173
34738,6623
34739,5656
34740,4945
34741,4454
34742,3376
34743,7868
34744,6163
34745,5613
34746,5153
34747,4381
34748,5386
34749,5425
34750,5007
34751,3204
34752,5874
34753,3865
34754,6963
34755,6776
34756,5929
34757,9417
34758,4001
34759,4112
34760,8706
34761,4231
34762,5085
34763,2304
34764,6604
34765,7153
34766,4130
34767,5347
34768,5626
34769,5088
34770,5180
34771,6905
34772,8984
34773,2241
34774,6238
34775,2527
34776,11554
34777,3918
34778,7076
34779,7266
34780,4743
34781,5513
34782,4284
34783,4597
34784,2984
34785,4185
34786,5021
34787,4378
34788,5377
34789,5897
34790,4361
34791,5963
34792,5590
34793,7014
34794,7028
34795,6522
34796,3876
34797,2901
34798,8467
34799,8268
34800,4370
34801,6619
34802,4376
34803,6518
34804,4035
34805,4334
34806,5461
34807,2912
34808,5474
34809,3760
34810,8169
34811,5855
34812,6357
34813,6517
34814,4377
34815,6850
34816,16710
34817,8088
34818,4415
34819,2286
34820,4898
34821,6804
34822,4546
34823,5212
34824,11857
34825,5613
34826,8690
34827,16772
34828,3480
34829,5209
34830,4398
34831,3855
34832,6939
34833,4097
34834,7077
34835,8410
34836,6756
34837,5156
34838,6225
34839,3721
34840,5406
34841,3447
34842,5096
34843,6082
34844,7520
34845,5028
34846,4561
34847,3947
34848,6446
34849,4391
34850,4552
34851,3094
34852,7027
34853,4337
34854,4975
34855,6369
34856,6528
34857,0
34858,5169
34859,5672
34860,5033
34861,5894
34862,5843
34863,7019
34864,8116
34865,6605
34866,4634
34867,2917
34868,5256
34869,5614
34870,4875
34871,4192
34872,2229
34873,7228
34874,5446
34875,7639
34876,5939
34877,4445
34878,5442
34879,4330
34880,4028
34881,8062
34882,4415
34883,5630
34884,6296
34885,12432
34886,4474
34887,4514
34888,6315
34889,4866
34890,5125
34891,4221
34892,6566
34893,4116
34894,5819
34895,3448
34896,4973
34897,3464
34898,8485
34899,4296
34900,12706
34901,10916
34902,4128
34903,5428
34904,4834
34905,5416
34906,4851
34907,9755
34908,6063
34909,7206
34910,3773
34911,6789
34912,4263
34913,8417
34914,7858
34915,5332
34916,5041
34917,5246
34918,5915
34919,6454
34920,7988
34921,5129
34922,6255
34923,8173
34924,5286
34925,5665
34926,4494
34927,7855
34928,6085
34929,4934
34930,4267
34931,5443
34932,4001
34933,7240
34934,5069
34935,6003
34936,4989
34937,7291
34938,3875
34939,6523
34940,7913
34941,6728
34942,7297
34943,6060
34944,3449
34945,11382
34946,8473
34947,5872
34948,14111
34949,8326
34950,5482
34951,5238
34952,7344
34953,8872
34954,9548
34955,9428
34956,4886
34957,6329
34958,4560
34959,6845
34960,3605
34961,9032
34962,4885
34963,4068
34964,5037
34965,7429
34966,6596
34967,4369
34968,6542
34969,4647
34970,3487
34971,5584
34972,3542
34973,3917
34974,4987
34975,5113
34976,7358
34977,7606
34978,6184
34979,5260
34980,4675
34981,9187
34982,6059
34983,4271
34984,4478
34985,4185
34986,7850
34987,3743
34988,9588
34989,6118
34990,2954
34991,4257
34992,5660
34993,5207
34994,4235
34995,7324
34996,8043
34997,10365
34998,5413
34999,8635
35000,2882
35001,4475
35002,5341
35003,4172
35004,5773
35005,4762
35006,5203
35007,3324
35008,4161
35009,9558
35010,7333
35011,4157
35012,4658
35013,7480
35014,8581
35015,6701
35016,4671
35017,3827
35018,9962
35019,5297
35020,6154
35021,5234
35022,4337
35023,5944
35024,7294
35025,3255
35026,3555
35027,4587
35028,5476
35029,8484
35030,6322
35031,6572
35032,11817
35033,4123
35034,8636
35035,9970
35036,5723
35037,4106
35038,2962
35039,6401
35040,5244
35041,5100
35042,4913
35043,5521
35044,9936
35045,4356
35046,4475
35047,5816
35048,4865
35049,5718
35050,4367
35051,3678
35052,5334
35053,2878
35054,6347
35055,7427
35056,5496
35057,6724
35058,6942
35059,6631
35060,4073
35061,6116
35062,8062
35063,6319
35064,4903
35065,5270
35066,4013
35067,8266
35068,4813
35069,5484
35070,4485
35071,5825
35072,6642
35073,5679
35074,5191
35075,7300
35076,4876
35077,5530
35078,15398
35079,5231
35080,7167
35081,5176
35082,4954
35083,4473
35084,3996
35085,3947
35086,4128
35087,7104
35088,11943
35089,7688
35090,7672
35091,9055
35092,9157
35093,8601
35094,6342
35095,6592
35096,4562
35097,10219
35098,8991
35099,5699
35100,7493
35101,7429
35102,5220
35103,3544
35104,9657
35105,5659
35106,5575
35107,5382
35108,1889
35109,11132
35110,8997
35111,12543
35112,5063
35113,4157
35114,4085
35115,5008
35116,5965
35117,5819
35118,5792
35119,4956
35120,3843
35121,6131
35122,3189
35123,2611
35124,5283
35125,11504
35126,5815
35127,15437
35128,3961
35129,4904
35130,5661
35131,4724
35132,4214
35133,4112
35134,4379
35135,3575
35136,6589
35137,5345
35138,3141
35139,7313
35140,4407
35141,4955
35142,3979
35143,9077
35144,6207
35145,8464
35146,4314
35147,5847
35148,3512
35149,4147
35150,3765
35151,13000
35152,8451
35153,5233
35154,4236
35155,4059
35156,4979
35157,4070
35158,8370
35159,4013
35160,12153
35161,3903
35162,4660
35163,4920
35164,7488
35165,5476
35166,3799
35167,5622
35168,6099
35169,5900
35170,5709
35171,4882
35172,3088
35173,8374
35174,4470
35175,3573
35176,5157
35177,4925
35178,5142
35179,5755
35180,7508
35181,7302
35182,5545
35183,5855
35184,3740
35185,7147
35186,4952
35187,3754
35188,6037
35189,6010
35190,5481
35191,6887
35192,5026
35193,5293
35194,5316
35195,5512
35196,4964
35197,5997
35198,5991
35199,5513
35200,5228
35201,4482
35202,7618
35203,5217
35204,3947
35205,9604
35206,4532
35207,3002
35208,6362
35209,7447
35210,8260
35211,4668
35212,4672
35213,5050
35214,3078
35215,5324
35216,6388
35217,5386
35218,4884
35219,5754
35220,6626
35221,2842
35222,4539
35223,4783
35224,4849
35225,4186
35226,5933
35227,6181
35228,5342
35229,4082
35230,6863
35231,5139
35232,6558
35233,7347
35234,4050
35235,5792
35236,5809
35237,7000
35238,6406
35239,6988
35240,2985
35241,7729
35242,5731
35243,6102
35244,8263
35245,4106
35246,3556
35247,10370
35248,6944
35249,6695
35250,4975
35251,5652
35252,7236
35253,3064
35254,5519
35255,4798
35256,6145
35257,5590
35258,4435
35259,6987
35260,4416
35261,7170
35262,8752
35263,14385
35264,6442
35265,4095
35266,4430
35267,3407
35268,2776
35269,9735
35270,6887
35271,4609
35272,7966
35273,4308
35274,9875
35275,3575
35276,4934
35277,5171
35278,7501
35279,4177
35280,5436
35281,4622
35282,3952
35283,6572
35284,4265
35285,5521
35286,6284
35287,7926
35288,6246
35289,6482
35290,4754
35291,9261
35292,4113
35293,4431
35294,9124
35295,5943
35296,7545
35297,7478
35298,13613
35299,4776
35300,4020
35301,3914
35302,5237
35303,7396
35304,8369
35305,5581
35306,6772
35307,6273
35308,3110
35309,6691
35310,6100
35311,5162
35312,6459
35313,4352
35314,4028
35315,4075
35316,3474
35317,4012
35318,6578
35319,5845
35320,9108
35321,13703
35322,5795
35323,4299
35324,5741
35325,6988
35326,7594
35327,3215
35328,4721
35329,3584
35330,8015
35331,5420
35332,5352
35333,10307
35334,10497
35335,4016
35336,6014
35337,3251
35338,4580
35339,4927
35340,7225
35341,4031
35342,3523
35343,4772
35344,6428
35345,6129
35346,4148
35347,4747
35348,5700
35349,5852
35350,5313
35351,3147
35352,8592
35353,15956
35354,3823
35355,5849
35356,7395
35357,5546
35358,3604
35359,3243
35360,3222
35361,6650
35362,4134
35363,6575
35364,8278
35365,3707
35366,4439
35367,4858
35368,4570
35369,4089
35370,4533
35371,5335
35372,8485
35373,6534
35374,7661
35375,4683
35376,3714
35377,5576
35378,5265
35379,6872
35380,5428
35381,4143
35382,19667
35383,5165
35384,5078
35385,10105
35386,5914
35387,5383
35388,5242
35389,6218
35390,4234
35391,7879
35392,12676
35393,4469
35394,4418
35395,5441
35396,10913
35397,5118
35398,4325
35399,4982
35400,4538
35401,5417
35402,3704
35403,7005
35404,3402
35405,6211
35406,2268
35407,16232
35408,6976
35409,3371
35410,4002
35411,8152
35412,5269
35413,5560
35414,6505
35415,4858
35416,4248
35417,3892
35418,8339
35419,4605
35420,5167
35421,5686
35422,6388
35423,4850
35424,6706
35425,5108
35426,3430
35427,7185
35428,8423
35429,3958
35430,6139
35431,5344
35432,4301
35433,7790
35434,4853
35435,6437
35436,5360
35437,6584
35438,3510
35439,4034
35440,3959
35441,0
35442,5745
35443,7087
35444,3223
35445,7137
35446,3315
35447,5348
35448,4467
35449,5032
35450,5518
35451,6243
35452,5546
35453,6987
35454,3372
35455,5014
35456,6097
35457,6355
35458,5575
35459,6440
35460,8425
35461,5882
35462,2335
35463,5852
35464,4361
35465,5663
35466,5858
35467,3538
35468,9551
35469,4187
35470,5911
35471,8420
35472,6164
35473,3210
35474,8898
35475,4562
35476,8314
35477,4614
35478,6682
35479,8252
35480,4949
35481,4788
35482,5638
35483,4553
35484,4919
35485,5196
35486,8339
35487,5992
35488,4844
35489,4105
35490,5885
35491,5687
35492,5431
35493,5796
35494,5115
35495,5601
35496,4459
35497,6638
35498,6650
35499,5676
35500,4831
35501,5678
35502,6339
35503,8282
35504,4392
35505,6585
35506,4533
35507,4848
35508,5981
35509,5491
35510,3993
35511,3755
35512,6298
35513,7010
35514,4256
35515,4884
35516,6657
35517,5245
35518,4875
35519,5052
35520,3872
35521,2939
35522,6779
35523,3653
35524,6411
35525,5477
35526,5462
35527,5641
35528,9794
35529,7273
35530,6171
35531,4419
35532,6919
35533,6726
35534,3460
35535,2979
35536,6716
35537,2977
35538,5955
35539,11116
35540,6459
35541,5926
35542,3529
35543,6176
35544,5011
35545,5544
35546,5693
35547,6747
35548,6755
35549,4773
35550,6859
35551,4028
35552,5741
35553,4286
35554,4597
35555,4657
35556,4495
35557,4812
35558,6224
35559,3798
35560,7841
35561,5359
35562,3436
35563,4035
35564,6963
35565,6282
35566,4649
35567,5234
35568,5796
35569,4242
35570,5630
35571,5258
35572,5159
35573,4327
35574,4391
35575,6579
35576,5699
35577,4795
35578,3186
35579,9416
35580,5067
35581,4171
35582,5962
35583,9060
35584,6531
35585,6928
35586,8144
35587,5867
35588,4408
35589,4586
35590,6672
35591,7704
35592,9957
35593,4052
35594,5388
35595,3036
35596,3861
35597,8086
35598,11780
35599,5856
35600,4330
35601,4175
35602,5277
35603,4742
35604,8099
35605,7151
35606,5105
35607,3595
35608,6297
35609,4936
35610,9229
35611,6981
35612,4098
35613,5764
35614,3375
35615,5490
35616,6819
35617,6108
35618,6830
35619,5301
35620,6079
35621,3579
35622,4917
35623,6440
35624,7009
35625,6035
35626,6552
35627,4792
35628,3707
35629,8296
35630,3910
35631,10038
35632,5148
35633,3704
35634,5383
35635,5379
35636,5435
35637,6591
35638,7904
35639,3678
35640,10313
35641,3494
35642,3891
35643,5728
35644,6529
35645,8912
35646,5857
35647,5558
35648,4722
35649,5521
35650,5814
35651,4374
35652,5297
35653,4439
35654,8621
35655,5723
35656,6788
35657,10939
35658,6962
35659,4198
35660,4284
35661,4987
35662,9298
35663,4773
35664,7780
35665,3973
35666,8142
35667,5839
35668,4590
35669,4049
35670,3866
35671,4495
35672,4686
35673,4822
35674,4153
35675,3962
35676,3988
35677,7058
35678,5478
35679,17969
35680,5201
35681,3635
35682,4672
35683,5422
35684,7680
35685,4200
35686,3960
35687,7745
35688,4911
35689,5845
35690,4950
35691,6519
35692,5869
35693,3634
35694,4616
35695,5196
35696,7050
35697,4907
35698,5791
35699,5553
35700,7825
35701,3847
35702,3800
35703,4227
35704,7781
35705,8666
35706,4730
35707,7324
35708,3708
35709,6166
35710,3250
35711,4397
35712,3628
35713,6493
35714,6588
35715,8221
35716,8314
35717,4759
35718,4390
35719,4105
35720,3581
35721,5072
35722,8683
35723,5179
35724,4203
35725,4103
35726,3964
35727,6218
35728,2825
35729,6197
35730,3229
35731,5682
35732,5062
35733,4190
35734,5755
35735,4157
35736,6455
35737,6771
35738,5633
35739,4505
35740,7172
35741,4171
35742,5533
35743,5268
35744,8363
35745,3939
35746,4938
35747,6822
35748,6760
35749,7285
35750,5040
35751,7106
35752,3455
35753,3734
35754,5015
35755,5112
35756,7689
35757,5908
35758,3036
35759,4497
35760,5957
35761,6298
35762,7283
35763,3323
35764,11308
35765,5522
35766,3608
35767,5263
35768,5088
35769,5492
35770,6870
35771,3543
35772,4688
35773,4883
35774,5682
35775,5298
35776,4254
35777,5273
35778,4177
35779,4576
35780,7440
35781,5876
35782,5157
35783,4064
35784,8603
35785,4443
35786,7563
35787,6211
35788,10308
35789,5198
35790,4223
35791,5152
35792,5392
35793,5033
35794,4128
35795,6397
35796,5836
35797,3222
35798,6036
35799,4910
35800,5494
35801,3664
35802,8324
35803,7127
35804,4196
35805,9395
35806,4190
35807,3966
35808,6371
35809,7522
35810,4426
35811,3630
35812,5828
35813,4820
35814,4102
35815,4914
35816,4231
35817,6956
35818,6275
35819,5603
35820,6374
35821,4318
35822,4031
35823,4810
35824,6243
35825,6347
35826,6424
35827,6489
35828,7306
35829,4616
35830,6491
35831,5476
35832,4571
35833,5187
35834,7077
35835,5558
35836,5164
35837,7936
35838,6948
35839,5838
35840,4305
35841,6120
35842,5770
35843,5618
35844,5457
35845,3399
35846,4361
35847,7639
35848,6599
35849,4769
35850,3286
35851,6466
35852,6117
35853,6151
35854,5574
35855,4646
35856,4178
35857,3230
35858,7455
35859,5675
35860,5562
35861,5144
35862,4375
35863,5166
35864,5169
35865,5007
35866,3251
35867,4853
35868,3934
35869,6988
35870,6760
35871,5852
35872,9122
35873,4442
35874,4143
35875,8403
35876,4119
35877,5162
35878,1927
35879,6565
35880,6729
35881,4094
35882,5181
35883,6209
35884,5059
35885,4799
35886,6305
35887,8754
35888,2144
35889,5718
35890,2461
35891,10629
35892,4117
35893,6799
35894,7208
35895,4746
35896,5252
35897,4080
35898,4487
35899,2819
35900,3802
35901,4812
35902,4019
35903,5436
35904,5870
35905,4192
35906,5620
35907,5292
35908,6759
35909,6957
35910,6359
35911,3865
35912,2979
35913,8150
35914,8129
35915,4149
35916,6159
35917,4110
35918,6040
35919,3885
35920,4188
35921,5394
35922,2840
35923,5474
35924,3820
35925,7924
35926,5504
35927,6338
35928,6298
35929,4187
35930,6810
35931,15846
35932,7900
35933,4060
35934,2248
35935,4935
35936,6498
35937,4167
35938,5084
35939,11741
35940,5383
35941,8211
35942,16389
35943,3424
35944,4935
35945,4376
35946,3444
35947,6645
35948,4396
35949,6606
35950,7931
35951,6114
35952,4848
35953,5920
35954,3686
35955,5413
35956,3105
35957,5026
35958,5813
35959,7339
35960,5045
35961,4494
35962,3665
35963,6390
35964,4327
35965,4480
35966,2923
35967,6923
35968,4283
35969,4880
35970,5834
35971,6154
35972,0
35973,4702
35974,5066
35975,5165
35976,5610
35977,5728
35978,6977
35979,7128
35980,6096
35981,4439
35982,2871
35983,5074
35984,5285
35985,4770
35986,4090
35987,1886
35988,6839
35989,5274
35990,7582
35991,5763
35992,4323
35993,4975
35994,4093
35995,3914
35996,7418
35997,4366
35998,5575
35999,6173
36000,11475
36001,4422
36002,3867
36003,6223
36004,4041
36005,4748
36006,4229
36007,6173
36008,3955
36009,5648
36010,3413
36011,4867
36012,3194
36013,7877
36014,4202
36015,12116
36016,10631
36017,4079
36018,5260
36019,4431
36020,5120
36021,4656
36022,9434
36023,5961
36024,6547
36025,3688
36026,6554
36027,4227
36028,8163
36029,7345
36030,5211
36031,4885
36032,5110
36033,5828
36034,6280
36035,7401
36036,5073
36037,5966
36038,8056
36039,5373
36040,5366
36041,4433
36042,7394
36043,5740
36044,4522
36045,4315
36046,4851
36047,3922
36048,7526
36049,4952
36050,5776
36051,5073
36052,6997
36053,3814
36054,5978
36055,7148
36056,6137
36057,6385
36058,5540
36059,3363
36060,11313
36061,7889
36062,5839
36063,13810
36064,7196
36065,5567
36066,5108
36067,6930
36068,8282
36069,8668
36070,9141
36071,4380
36072,6074
36073,4490
36074,6736
36075,3419
36076,8140
36077,4751
36078,3999
36079,5085
36080,6950
36081,6353
36082,4302
36083,6218
36084,4589
36085,3373
36086,5548
36087,3423
36088,3930
36089,4622
36090,5460
36091,7565
36092,7316
36093,6057
36094,5190
36095,4653
36096,8676
36097,5661
36098,4148
36099,4385
36100,4254
36101,7547
36102,3559
36103,9285
36104,6064
36105,2729
36106,4227
36107,5500
36108,5174
36109,4251
36110,7360
36111,7521
36112,9825
36113,5022
36114,8637
36115,2775
36116,4197
36117,5325
36118,4016
36119,5423
36120,4711
36121,5193
36122,3250
36123,3969
36124,9342
36125,7165
36126,3941
36127,4323
36128,7254
36129,8273
36130,6651
36131,4540
36132,3578
36133,10057
36134,5322
36135,6760
36136,4821
36137,4315
36138,5884
36139,6758
36140,2862
36141,3766
36142,4021
36143,5242
36144,8204
36145,6319
36146,6460
36147,10830
36148,4112
36149,8245
36150,9729
36151,5576
36152,3933
36153,2754
36154,6352
36155,5007
36156,4909
36157,4745
36158,5224
36159,8806
36160,4102
36161,4423
36162,5741
36163,3919
36164,5758
36165,4277
36166,3549
36167,5229
36168,2742
36169,5664
36170,7297
36171,5485
36172,6427
36173,6622
36174,6410
36175,4052
36176,5863
36177,7601
36178,6352
36179,4895
36180,5326
36181,4707
36182,8116
36183,4833
36184,5248
36185,4317
36186,5936
36187,6520
36188,5481
36189,4985
36190,7078
36191,4753
36192,5555
36193,13996
36194,5011
36195,7084
36196,4591
36197,4602
36198,4498
36199,3865
36200,3679
36201,4129
36202,6961
36203,11444
36204,7318
36205,7386
36206,8172
36207,8761
36208,8092
36209,6026
36210,6171
36211,4208
36212,9571
36213,8387
36214,5708
36215,7052
36216,6411
36217,5204
36218,3178
36219,9431
36220,5600
36221,5333
36222,5221
36223,1884
36224,10348
36225,8637
36226,11908
36227,5020
36228,3972
36229,3758
36230,5011
36231,5233
36232,5831
36233,5560
36234,4582
36235,3822
36236,5517
36237,3478
36238,2443
36239,4936
36240,10999
36241,5544
36242,15338
36243,3743
36244,4777
36245,5628
36246,4261
36247,4063
36248,4144
36249,4091
36250,3365
36251,6404
36252,5292
36253,3214
36254,7162
36255,4210
36256,4857
36257,3676
36258,8646
36259,6043
36260,7962
36261,4095
36262,5499
36263,3382
36264,3984
36265,3568
36266,13035
36267,8410
36268,5026
36269,4070
36270,3947
36271,4845
36272,3783
36273,7670
36274,3657
36275,11747
36276,3678
36277,4476
36278,4746
36279,7212
36280,5421
36281,3790
36282,5329
36283,5842
36284,5733
36285,5575
36286,4619
36287,2793
36288,7571
36289,4163
36290,3291
36291,5126
36292,4927
36293,4988
36294,5338
36295,7352
36296,6817
36297,5285
36298,5712
36299,3691
36300,7129
36301,4852
36302,3613
36303,5683
36304,5714
36305,5202
36306,6825
36307,4967
36308,5152
36309,5383
36310,4890
36311,4584
36312,5776
36313,5993
36314,5296
36315,4406
36316,4437
36317,7457
36318,5257
36319,3770
36320,9264
36321,4200
36322,3039
36323,5896
36324,7442
36325,8125
36326,4601
36327,4385
36328,4848
36329,2990
36330,5300
36331,6293
36332,5130
36333,4511
36334,5442
36335,6436
36336,2740
36337,4425
36338,4630
36339,4574
36340,4037
36341,5798
36342,6202
36343,5279
36344,4028
36345,6664
36346,5091
36347,6275
36348,7034
36349,4235
36350,5705
36351,5694
36352,6645
36353,6244
36354,6989
36355,2804
36356,7689
36357,5700
36358,5705
36359,8065
36360,3986
36361,3377
36362,9785
36363,6594
36364,6558
36365,4729
36366,4964
36367,7081
36368,2833
36369,5312
36370,4537
36371,6009
36372,5018
36373,4211
36374,6766
36375,4249
36376,6916
36377,8481
36378,13828
36379,5968
36380,3822
36381,4380
36382,3409
36383,2627
36384,8744
36385,6467
36386,4527
36387,7035
36388,4144
36389,9080
36390,3559
36391,4946
36392,4989
36393,7777
36394,4284
36395,5471
36396,4542
36397,3857
36398,6164
36399,4106
36400,5710
36401,6076
36402,7883
36403,6123
36404,6022
36405,4526
36406,8653
36407,4002
36408,4287
36409,8461
36410,5818
36411,7330
36412,7139
36413,13324
36414,4358
36415,3930
36416,3917
36417,4764
36418,6955
36419,8167
36420,5603
36421,6317
36422,6149
36423,3035
36424,6632
36425,6287
36426,5094
36427,5971
36428,4280
36429,3786
36430,4153
36431,3206
36432,3913
36433,6284
36434,5419
36435,8506
36436,13311
36437,5718
36438,4264
36439,5789
36440,6680
36441,7261
36442,3188
36443,4715
36444,3453
36445,7440
36446,5444
36447,4809
36448,9956
36449,10835
36450,3937
36451,5910
36452,3222
36453,4691
36454,4614
36455,7040
36456,3885
36457,3602
36458,4659
36459,5651
36460,4975
36461,3804
36462,4653
36463,5469
36464,5394
36465,5119
36466,2888
36467,8324
36468,14899
36469,3599
36470,5764
36471,6827
36472,5459
36473,3457
36474,3044
36475,3269
36476,6004
36477,4158
36478,6128
36479,7856
36480,3703
36481,4243
36482,4851
36483,4488
36484,3985
36485,4654
36486,5476
36487,8363
36488,6025
36489,7486
36490,4638
36491,3416
36492,5184
36493,5021
36494,6306
36495,5364
36496,3773
36497,18874
36498,4902
36499,4695
36500,9999
36501,5491
36502,5287
36503,4862
36504,6032
36505,4236
36506,7514
36507,12307
36508,4105
36509,4227
36510,5444
36511,10330
36512,5036
36513,4246
36514,4749
36515,4365
36516,5126
36517,3390
36518,6793
36519,3367
36520,5928
36521,2220
36522,15670
36523,6837
36524,3631
36525,4018
36526,7135
36527,5050
36528,5542
36529,6452
36530,4741
36531,4347
36532,3681
36533,8021
36534,4511
36535,4921
36536,5389
36537,6339
36538,4692
36539,6580
36540,4599
36541,3369
36542,6675
36543,7607
36544,3907
36545,5905
36546,5337
36547,4203
36548,7576
36549,4331
36550,6037
36551,5335
36552,6327
36553,3335
36554,3973
36555,3917
36556,0
36557,6083
36558,6765
36559,3173
36560,6789
36561,3406
36562,5187
36563,4077
36564,4975
36565,5420
36566,5746
36567,5398
36568,6669
36569,3201
36570,4995
36571,5899
36572,5747
36573,5924
36574,6522
36575,8256
36576,5543
36577,2472
36578,5223
36579,3934
36580,5389
36581,5415
36582,3548
36583,9437
36584,4104
36585,5505
36586,8250
36587,5490
36588,3188
36589,8691
36590,4423
36591,8024
36592,4501
36593,6534
36594,6978
36595,4959
36596,4455
36597,5324
36598,4384
36599,4721
36600,5290
36601,7742
36602,5758
36603,4566
36604,3733
36605,5453
36606,5490
36607,4997
36608,5829
36609,4749
36610,5256
36611,3881
36612,6433
36613,6620
36614,5396
36615,4598
36616,5527
36617,5948
36618,7605
36619,4381
36620,6131
36621,4430
36622,4674
36623,6019
36624,5207
36625,3803
36626,3570
36627,6981
36628,7010
36629,4086
36630,4599
36631,6142
36632,5171
36633,4315
36634,5450
36635,3892
36636,2774
36637,6416
36638,3417
36639,5962
36640,5513
36641,5096
36642,4832
36643,8377
36644,7310
36645,6592
36646,4232
36647,6559
36648,6254
36649,3444
36650,2713
36651,6317
36652,2761
36653,5722
36654,11018
36655,6110
36656,5625
36657,3399
36658,5936
36659,4826
36660,5221
36661,5494
36662,6353
36663,6677
36664,4650
36665,6175
36666,3998
36667,5368
36668,4133
36669,4527
36670,4634
36671,4380
36672,4679
36673,5866
36674,3766
36675,7460
36676,5069
36677,3420
36678,3831
36679,6755
36680,6287
36681,4341
36682,5036
36683,5024
36684,4323
36685,4993
36686,5028
36687,5236
36688,4196
36689,4352
36690,6702
36691,5628
36692,4722
36693,3010
36694,7972
36695,4999
36696,3906
36697,5458
36698,8790
36699,6342
36700,7062
36701,7763
36702,5583
36703,4426
36704,4505
36705,6375
36706,6977
36707,10083
36708,3757
36709,4876
36710,2742
36711,3591
36712,7087
36713,10901
36714,5053
36715,3730
36716,4162
36717,5075
36718,4760
36719,8218
36720,6835
36721,5089
36722,3356
36723,6130
36724,4599
36725,8566
36726,6924
36727,3988
36728,5520
36729,3317
36730,5566
36731,6716
36732,5812
36733,6711
36734,4892
36735,5795
36736,3493
36737,4761
36738,5777
36739,6537
36740,5810
36741,6510
36742,4717
36743,3586
36744,7830
36745,3992
36746,9207
36747,5193
36748,3747
36749,6177
36750,5307
36751,4889
36752,6495
36753,7403
36754,3687
36755,9594
36756,3333
36757,3665
36758,5558
36759,6313
36760,9115
36761,5335
36762,4998
36763,4708
36764,5046
36765,5613
36766,4259
36767,5142
36768,4191
36769,8208
36770,5678
36771,6392
36772,10834
36773,6942
36774,4098
36775,4113
36776,4771
36777,9323
36778,4479
36779,7231
36780,3727
36781,7559
36782,5789
36783,4458
36784,3966
36785,3774
36786,4151
36787,4594
36788,4428
36789,4065
36790,3513
36791,3727
36792,6968
36793,5324
36794,17528
36795,5249
36796,3537
36797,4019
36798,5482
36799,7613
36800,3881
36801,3829
36802,7699
36803,5546
36804,5867
36805,4807
36806,6090
36807,5691
36808,3615
36809,4578
36810,5327
36811,6832
36812,5022
36813,5644
36814,5663
36815,8276
36816,3898
36817,3930
36818,4288
36819,7639
36820,8627
36821,5310
36822,7258
36823,4156
36824,6093
36825,3377
36826,4496
36827,3381
36828,6423
36829,6489
36830,8197
36831,8105
36832,5173
36833,4362
36834,3879
36835,3692
36836,5019
36837,8130
36838,5098
36839,4079
36840,4346
36841,3932
36842,6043
36843,2816
36844,5989
36845,3376
36846,5835
36847,5312
36848,4290
36849,5903
36850,4070
36851,6606
36852,6890
36853,5556
36854,4411
36855,7003
36856,3849
36857,5474
36858,5520
36859,8854
36860,4300
36861,5172
36862,6729
36863,6521
36864,7278
36865,5103
36866,7142
36867,3599
36868,3965
36869,4916
36870,5295
36871,7739
36872,6152
36873,3004
36874,4399
36875,6474
36876,5897
36877,7678
36878,3141
36879,10704
36880,5713
36881,3555
36882,5131
36883,5207
36884,5282
36885,6799
36886,3574
36887,4723
36888,4916
36889,5788
36890,5417
36891,4294
36892,5732
36893,4357
36894,4482
36895,7454
36896,5893
36897,5138
36898,3987
36899,8470
36900,4234
36901,7298
36902,6176
36903,10231
36904,5145
36905,4177
36906,5326
36907,5270
36908,4895
36909,4008
36910,6274
36911,5840
36912,3172
36913,6112
36914,4576
36915,5577
36916,3749
36917,7250
36918,6840
36919,3877
36920,9716
36921,4287
36922,3760
36923,6331
36924,7518
36925,4381
36926,3644
36927,5753
36928,4984
36929,4055
36930,4989
36931,4109
36932,6793
36933,6882
36934,5468
36935,6267
36936,4364
36937,3835
36938,4810
36939,6799
36940,6208
36941,6561
36942,6193
36943,7360
36944,4435
36945,6806
36946,5605
36947,4260
36948,5193
36949,7567
36950,5494
36951,6179
36952,7964
36953,6514
36954,5987
36955,4629
36956,5896
36957,5852
36958,5775
36959,5243
36960,3204
36961,4450
36962,7625
36963,6339
36964,4761
36965,3253
36966,6665
36967,5829
36968,6326
36969,5392
36970,4557
36971,4342
36972,3171
36973,8097
36974,5806
36975,5544
36976,5114
36977,4386
36978,4916
36979,5103
36980,5208
36981,3208
36982,5056
36983,3863
36984,7039
36985,6446
36986,5660
36987,9001
36988,3923
36989,4125
36990,8098
36991,4019
36992,4705
36993,1995
36994,6792
36995,6579
36996,4552
36997,5336
36998,5383
36999,5012
37000,4848
37001,6932
37002,8620
37003,2138
37004,5967
37005,2444
37006,10909
37007,3693
37008,6713
37009,7065
37010,4832
37011,5201
37012,3988
37013,4595
37014,2673
37015,3788
37016,5056
37017,4079
37018,5199
37019,5797
37020,4520
37021,5520
37022,5064
37023,6770
37024,7307
37025,6311
37026,3869
37027,3145
37028,8081
37029,8019
37030,4286
37031,5999
37032,4051
37033,6146
37034,4129
37035,3924
37036,5248
37037,3072
37038,5466
37039,3652
37040,7900
37041,5588
37042,6481
37043,6378
37044,4404
37045,6741
37046,15710
37047,7980
37048,4028
37049,2185
37050,4821
37051,6530
37052,4317
37053,5183
37054,12449
37055,5349
37056,8878
37057,16520
37058,3335
37059,4991
37060,4361
37061,3821
37062,8055
37063,3795
37064,6607
37065,7976
37066,6190
37067,5173
37068,5984
37069,4070
37070,5103
37071,3204
37072,4866
37073,5801
37074,7157
37075,5252
37076,4747
37077,3806
37078,6331
37079,4147
37080,4327
37081,3109
37082,6763
37083,4479
37084,4947
37085,5582
37086,6364
37087,0
37088,4806
37089,5249
37090,4727
37091,5835
37092,5543
37093,7094
37094,6985
37095,6266
37096,4366
37097,2851
37098,5097
37099,5510
37100,4914
37101,4082
37102,2388
37103,6809
37104,5418
37105,6930
37106,5666
37107,4548
37108,5501
37109,4288
37110,4039
37111,7751
37112,4214
37113,6067
37114,6187
37115,11840
37116,4749
37117,4485
37118,6339
37119,4451
37120,6276
37121,4502
37122,6253
37123,3914
37124,5739
37125,3379
37126,4809
37127,3208
37128,8118
37129,4257
37130,11516
37131,10599
37132,4225
37133,5225
37134,4381
37135,5131
37136,4547
37137,9393
37138,6160
37139,6802
37140,3706
37141,6520
37142,4284
37143,8009
37144,7081
37145,5384
37146,4911
37147,5354
37148,6123
37149,6188
37150,8077
37151,4965
37152,6252
37153,7789
37154,5565
37155,5394
37156,4797
37157,7462
37158,5846
37159,4604
37160,4230
37161,5242
37162,4058
37163,7361
37164,5106
37165,6223
37166,4918
37167,7057
37168,3841
37169,6089
37170,7402
37171,6301
37172,6831
37173,5886
37174,3436
37175,10834
37176,7822
37177,6349
37178,14590
37179,8156
37180,5343
37181,5107
37182,6992
37183,8440
37184,8876
37185,8753
37186,4510
37187,6070
37188,4548
37189,6882
37190,3413
37191,9350
37192,4785
37193,3915
37194,5030
37195,7071
37196,6372
37197,4333
37198,6099
37199,4406
37200,3441
37201,5617
37202,3592
37203,3751
37204,4836
37205,4891
37206,7647
37207,7229
37208,6227
37209,5541
37210,4715
37211,9142
37212,5703
37213,4125
37214,4281
37215,4085
37216,7595
37217,3504
37218,9724
37219,5882
37220,2883
37221,3935
37222,5615
37223,5222
37224,4188
37225,7271
37226,8310
37227,9849
37228,5141
37229,8847
37230,2634
37231,4243
37232,5337
37233,4025
37234,5335
37235,4483
37236,5183
37237,3395
37238,4190
37239,8982
37240,6763
37241,3951
37242,4168
37243,7131
37244,8586
37245,7723
37246,4601
37247,3798
37248,8696
37249,5048
37250,6110
37251,4831
37252,4399
37253,5803
37254,7441
37255,3226
37256,3451
37257,4307
37258,5007
37259,7918
37260,6220
37261,6242
37262,11186
37263,4204
37264,8123
37265,9133
37266,5790
37267,3965
37268,2893
37269,6193
37270,4783
37271,4929
37272,5014
37273,5297
37274,9108
37275,4049
37276,4587
37277,5673
37278,4558
37279,5918
37280,4176
37281,3775
37282,5507
37283,2643
37284,6192
37285,7067
37286,5257
37287,6424
37288,6740
37289,6448
37290,4203
37291,5904
37292,7422
37293,6011
37294,4668
37295,4967
37296,3906
37297,8152
37298,5579
37299,5541
37300,4186
37301,5623
37302,6594
37303,5648
37304,4869
37305,6664
37306,4669
37307,5910
37308,14651
37309,5020
37310,7213
37311,5040
37312,4901
37313,4395
37314,3971
37315,3632
37316,4391
37317,7131
37318,11132
37319,7047
37320,7385
37321,8709
37322,8690
37323,8278
37324,6496
37325,6345
37326,4257
37327,9041
37328,8665
37329,5615
37330,6984
37331,6607
37332,4951
37333,3155
37334,9261
37335,5414
37336,5308
37337,5181
37338,1858
37339,10460
37340,8864
37341,12049
37342,5204
37343,3965
37344,3740
37345,4913
37346,5338
37347,5905
37348,5807
37349,4541
37350,3795
37351,5872
37352,3048
37353,2458
37354,5319
37355,10998
37356,5678
37357,15322
37358,3812
37359,4861
37360,5290
37361,4352
37362,4122
37363,4130
37364,4046
37365,3306
37366,6555
37367,5422
37368,3017
37369,7156
37370,4193
37371,4921
37372,3691
37373,8529
37374,5975
37375,8277
37376,4136
37377,5647
37378,3463
37379,4061
37380,3716
37381,12088
37382,8315
37383,5328
37384,4048
37385,4067
37386,4774
37387,4412
37388,9277
37389,3714
37390,11510
37391,3624
37392,4379
37393,4704
37394,7219
37395,5659
37396,3724
37397,5460
37398,5781
37399,5870
37400,5607
37401,4588
37402,2936
37403,8150
37404,4046
37405,3274
37406,4891
37407,5087
37408,4841
37409,5401
37410,7265
37411,7074
37412,5382
37413,5904
37414,3565
37415,6901
37416,4689
37417,3693
37418,5683
37419,6050
37420,5275
37421,7263
37422,4858
37423,5093
37424,5471
37425,5226
37426,4647
37427,5715
37428,5949
37429,5609
37430,4919
37431,4280
37432,7650
37433,5232
37434,3700
37435,9285
37436,4674
37437,2782
37438,5989
37439,7312
37440,7978
37441,4538
37442,4618
37443,4959
37444,3061
37445,5089
37446,5841
37447,5645
37448,4661
37449,5471
37450,6768
37451,2747
37452,4366
37453,4798
37454,4539
37455,4175
37456,5663
37457,5883
37458,5060
37459,4024
37460,6712
37461,5060
37462,6442
37463,6844
37464,4241
37465,5574
37466,5583
37467,6744
37468,6412
37469,6568
37470,4146
37471,8247
37472,5672
37473,5988
37474,7755
37475,3924
37476,3366
37477,9626
37478,6681
37479,6443
37480,4752
37481,5500
37482,6939
37483,3015
37484,5524
37485,4516
37486,6248
37487,5266
37488,4504
37489,6680
37490,4536
37491,6937
37492,8484
37493,13561
37494,5878
37495,3979
37496,4291
37497,3439
37498,2651
37499,8910
37500,6617
37501,4565
37502,7158
37503,4337
37504,9224
37505,3657
37506,4982
37507,5044
37508,7284
37509,4031
37510,5201
37511,4369
37512,3760
37513,6121
37514,4237
37515,5601
37516,6119
37517,7865
37518,6272
37519,6262
37520,4820
37521,8792
37522,3874
37523,4460
37524,8307
37525,5687
37526,7260
37527,7004
37528,13340
37529,4399
37530,3951
37531,4080
37532,4796
37533,7045
37534,7973
37535,5638
37536,6634
37537,6263
37538,3096
37539,6325
37540,5925
37541,5220
37542,6607
37543,4465
37544,3812
37545,4091
37546,3124
37547,3915
37548,6553
37549,6107
37550,8989
37551,13044
37552,5521
37553,4257
37554,5575
37555,6708
37556,7288
37557,3296
37558,4801
37559,3635
37560,7662
37561,5353
37562,4935
37563,10159
37564,10813
37565,4007
37566,6075
37567,3163
37568,4444
37569,4533
37570,7191
37571,3775
37572,3501
37573,4535
37574,6037
37575,5956
37576,3728
37577,4797
37578,6049
37579,5355
37580,5430
37581,3031
37582,8159
37583,14677
37584,3558
37585,5811
37586,6946
37587,5540
37588,3537
37589,3154
37590,3084
37591,6424
37592,4004
37593,6271
37594,7776
37595,3782
37596,4443
37597,4995
37598,4682
37599,3871
37600,4670
37601,5383
37602,8071
37603,6523
37604,7323
37605,4789
37606,3505
37607,5191
37608,5013
37609,7160
37610,5377
37611,3792
37612,18668
37613,5099
37614,4780
37615,9652
37616,5720
37617,5268
37618,5045
37619,5971
37620,4060
37621,7495
37622,12081
37623,4247
37624,4280
37625,5163
37626,10240
37627,5101
37628,4187
37629,4832
37630,4239
37631,5081
37632,3465
37633,6760
37634,3318
37635,6047
37636,2184
37637,15509
37638,6635
37639,3266
37640,4137
37641,7452
37642,4944
37643,5375
37644,6493
37645,4715
37646,4209
37647,3843
37648,7898
37649,4446
37650,4952
37651,5335
37652,6142
37653,4468
37654,6506
37655,4663
37656,3230
37657,6925
37658,7461
37659,3753
37660,6190
37661,5694
37662,4209
37663,7592
37664,4438
37665,6107
37666,5436
37667,6615
37668,3243
37669,4000
37670,3990
37671,0
37672,5409
37673,6744
37674,3381
37675,6748
37676,3106
37677,5056
37678,4004
37679,4975
37680,5209
37681,5634
37682,5598
37683,6874
37684,3565
37685,4939
37686,5824
37687,6216
37688,5539
37689,6170
37690,8062
37691,5670
37692,2468
37693,5627
37694,3999
37695,5326
37696,5543
37697,3449
37698,9487
37699,4061
37700,5707
37701,8178
37702,6037
37703,3156
37704,8505
37705,4716
37706,8042
37707,4391
37708,6472
37709,7901
37710,5111
37711,4263
37712,5312
37713,4444
37714,4638
37715,5039
37716,7838
37717,5851
37718,4554
37719,3896
37720,5194
37721,5506
37722,5100
37723,5884
37724,4778
37725,5380
37726,4734
37727,6494
37728,6440
37729,5357
37730,4962
37731,5269
37732,5934
37733,7773
37734,4374
37735,6298
37736,4345
37737,4984
37738,6140
37739,5465
37740,3719
37741,3558
37742,5989
37743,7408
37744,4077
37745,4517
37746,6377
37747,4940
37748,4658
37749,4899
37750,4066
37751,2909
37752,6285
37753,3400
37754,5926
37755,5444
37756,5070
37757,4990
37758,9352
37759,7210
37760,6062
37761,4109
37762,7392
37763,6209
37764,3327
37765,2753
37766,6625
37767,2911
37768,5738
37769,10389
37770,6769
37771,5577
37772,3481
37773,5769
37774,5255
37775,5091
37776,5761
37777,6480
37778,6738
37779,4463
37780,6484
37781,3957
37782,5366
37783,4103
37784,4439
37785,5064
37786,4461
37787,4558
37788,6133
37789,3719
37790,7522
37791,5254
37792,3568
37793,3675
37794,7285
37795,6033
37796,4660
37797,4971
37798,5048
37799,4252
37800,5144
37801,5021
37802,5144
37803,4122
37804,4236
37805,6733
37806,5635
37807,4884
37808,2950
37809,8291
37810,5214
37811,3965
37812,5683
37813,8615
37814,6527
37815,6419
37816,7572
37817,5550
37818,4443
37819,4488
37820,6205
37821,6785
37822,9644
37823,3808
37824,5060
37825,3082
37826,3630
37827,7464
37828,11380
37829,5299
37830,4175
37831,4435
37832,5372
37833,4775
37834,7761
37835,7068
37836,4923
37837,3562
37838,6038
37839,4710
37840,9009
37841,7328
37842,3947
37843,5760
37844,3334
37845,5690
37846,6686
37847,5790
37848,6549
37849,4957
37850,5801
37851,3435
37852,5150
37853,5574
37854,6591
37855,5929
37856,6785
37857,4956
37858,3510
37859,7726
37860,3843
37861,9134
37862,5217
37863,3552
37864,4893
37865,5420
37866,5099
37867,6182
37868,7445
37869,3836
37870,9487
37871,3362
37872,3823
37873,5530
37874,6388
37875,8814
37876,5285
37877,5417
37878,4526
37879,5257
37880,5628
37881,4381
37882,5340
37883,4353
37884,8208
37885,5356
37886,6430
37887,10373
37888,7147
37889,3902
37890,3961
37891,4689
37892,9702
37893,4377
37894,7547
37895,3711
37896,7946
37897,5724
37898,4347
37899,4126
37900,3781
37901,4163
37902,4400
37903,4651
37904,3919
37905,3897
37906,3673
37907,6969
37908,5760
37909,17228
37910,5351
37911,3760
37912,3864
37913,5727
37914,7875
37915,4080
37916,4020
37917,8651
37918,4761
37919,6148
37920,5143
37921,6069
37922,5740
37923,3984
37924,4766
37925,5805
37926,7154
37927,4940
37928,6538
37929,5967
37930,6892
37931,4365
37932,4378
37933,4833
37934,8437
37935,8970
37936,5771
37937,7539
37938,4129
37939,6531
37940,3089
37941,5046
37942,3509
37943,6873
37944,6776
37945,8987
37946,8727
37947,5835
37948,4718
37949,3895
37950,3601
37951,5560
37952,8313
37953,5429
37954,4372
37955,4702
37956,4286
37957,5866
37958,2951
37959,6857
37960,3705
37961,6736
37962,5744
37963,4501
37964,6869
37965,4208
37966,7360
37967,7224
37968,5740
37969,4636
37970,7042
37971,3956
37972,5642
37973,6149
37974,9475
37975,4492
37976,5670
37977,6632
37978,6966
37979,7901
37980,5502
37981,7574
37982,3637
37983,3748
37984,4868
37985,6037
37986,8599
37987,6650
37988,3267
37989,4721
37990,7223
37991,6687
37992,7827
37993,3563
37994,10861
37995,5809
37996,3751
37997,4779
37998,5279
37999,5543
38000,7046
38001,3611
38002,5083
38003,5772
38004,6077
38005,5652
38006,4008
38007,5865
38008,4767
38009,4752
38010,8070
38011,6240
38012,5340
38013,4383
38014,8714
38015,4564
38016,7758
38017,6623
38018,12155
38019,5484
38020,4106
38021,6018
38022,5591
38023,5524
38024,4430
38025,7368
38026,6009
38027,3360
38028,6609
38029,4734
38030,6035
38031,3952
38032,8261
38033,6740
38034,4954
38035,10030
38036,4788
38037,4160
38038,6654
38039,7968
38040,4384
38041,3763
38042,6064
38043,5121
38044,4225
38045,5476
38046,4388
38047,7664
38048,6505
38049,6046
38050,6206
38051,4470
38052,4173
38053,5305
38054,7113
38055,6201
38056,7293
38057,6951
38058,7514
38059,4849
38060,7335
38061,6232
38062,4539
38063,5186
38064,7890
38065,6135
38066,5339
38067,8284
38068,7525
38069,6666
38070,4946
38071,6517
38072,6537
38073,5713
38074,5655
38075,3457
38076,4482
38077,7537
38078,6644
38079,5323
38080,3497
38081,6841
38082,5957
38083,6444
38084,5931
38085,4789
38086,4379
38087,3161
38088,8434
38089,5719
38090,5690
38091,5162
38092,4913
38093,4869
38094,5518
38095,6150
38096,3288
38097,5704
38098,4216
38099,7680
38100,6989
38101,5894
38102,11176
38103,3807
38104,4590
38105,8641
38106,4380
38107,5662
38108,2137
38109,7505
38110,7105
38111,5170
38112,5684
38113,5525
38114,5465
38115,4939
38116,6418
38117,8562
38118,2510
38119,6116
38120,2617
38121,10612
38122,3930
38123,7243
38124,8390
38125,5392
38126,5367
38127,4159
38128,4210
38129,2876
38130,3796
38131,5473
38132,4105
38133,6054
38134,6231
38135,4616
38136,5699
38137,5810
38138,7433
38139,8126
38140,6781
38141,4360
38142,3856
38143,8462
38144,8613
38145,4659
38146,6429
38147,4170
38148,6262
38149,4466
38150,4128
38151,5900
38152,3522
38153,5372
38154,4167
38155,8026
38156,5980
38157,7005
38158,6409
38159,4770
38160,7181
38161,15620
38162,8195
38163,4169
38164,2706
38165,5370
38166,6606
38167,4233
38168,5865
38169,12580
38170,5300
38171,8803
38172,18117
38173,3719
38174,4956
38175,4452
38176,3369
38177,7342
38178,4256
38179,6724
38180,8101
38181,6070
38182,5168
38183,6069
38184,4594
38185,5689
38186,3313
38187,5745
38188,6074
38189,7861
38190,5764
38191,5335
38192,3571
38193,6576
38194,4387
38195,4837
38196,3204
38197,7231
38198,4991
38199,5327
38200,6252
38201,6437
38202,0
38203,4794
38204,5113
38205,4771
38206,5820
38207,5864
38208,8151
38209,7751
38210,6660
38211,4785
38212,3334
38213,5156
38214,5680
38215,5216
38216,4264
38217,2336
38218,6950
38219,5419
38220,8335
38221,5608
38222,4868
38223,6094
38224,4258
38225,4140
38226,8238
38227,5138
38228,6526
38229,7189
38230,11407
38231,5281
38232,4033
38233,6826
38234,3961
38235,4787
38236,5101
38237,6425
38238,4100
38239,6430
38240,3539
38241,4696
38242,3139
38243,8014
38244,4620
38245,11824
38246,10467
38247,4940
38248,5567
38249,4811
38250,5345
38251,4789
38252,10283
38253,6705
38254,6690
38255,3822
38256,6840
38257,4973
38258,8968
38259,7321
38260,5999
38261,5377
38262,5847
38263,6239
38264,7248
38265,7654
38266,5806
38267,6178
38268,8376
38269,6189
38270,5816
38271,5375
38272,7388
38273,5826
38274,4879
38275,4395
38276,5453
38277,4274
38278,7839
38279,5840
38280,6644
38281,5342
38282,7835
38283,4289
38284,5935
38285,7801
38286,6391
38287,7078
38288,5703
38289,3612
38290,11236
38291,7503
38292,6987
38293,14317
38294,7448
38295,6178
38296,5552
38297,7087
38298,8561
38299,8639
38300,9429
38301,4997
38302,6190
38303,5002
38304,7901
38305,3793
38306,8336
38307,4987
38308,4462
38309,5489
38310,6824
38311,6206
38312,4679
38313,6703
38314,4296
38315,3563
38316,6192
38317,4116
38318,4036
38319,4861
38320,5147
38321,8505
38322,8369
38323,5931
38324,6009
38325,5113
38326,8610
38327,5556
38328,4952
38329,4464
38330,4418
38331,8892
38332,3702
38333,10597
38334,6233
38335,2985
38336,3936
38337,5600
38338,5694
38339,4909
38340,8002
38341,8525
38342,9533
38343,5380
38344,10306
38345,2717
38346,4693
38347,5795
38348,4393
38349,5807
38350,4991
38351,5989
38352,3738
38353,4607
38354,10469
38355,7902
38356,4160
38357,4360
38358,7962
38359,8120
38360,6969
38361,4964
38362,4006
38363,9277
38364,5151
38365,7109
38366,4745
38367,5027
38368,6467
38369,6781
38370,3379
38371,4013
38372,4102
38373,4731
38374,8417
38375,6917
38376,7027
38377,10961
38378,4946
38379,9320
38380,9717
38381,6453
38382,4270
38383,2882
38384,6675
38385,5146
38386,5119
38387,5473
38388,5704
38389,9268
38390,3904
38391,4913
38392,6463
38393,3869
38394,7380
38395,4891
38396,3779
38397,6147
38398,2830
38399,5692
38400,7341
38401,5946
38402,6745
38403,7310
38404,6617
38405,4561
38406,6321
38407,8307
38408,6238
38409,5081
38410,5708
38411,4303
38412,8345
38413,6094
38414,5655
38415,4296
38416,5805
38417,7288
38418,6243
38419,5161
38420,7518
38421,4939
38422,6716
38423,13975
38424,5278
38425,8435
38426,4700
38427,5141
38428,5255
38429,4388
38430,3834
38431,4880
38432,8174
38433,11462
38434,7475
38435,8065
38436,7967
38437,9745
38438,8888
38439,7144
38440,6310
38441,4231
38442,9413
38443,9472
38444,6495
38445,7105
38446,7642
38447,5295
38448,3055
38449,9905
38450,5519
38451,5415
38452,5593
38453,1887
38454,10026
38455,8770
38456,11724
38457,5536
38458,4310
38459,4323
38460,5304
38461,5474
38462,5826
38463,6806
38464,4443
38465,4023
38466,5679
38467,3065
38468,2626
38469,4915
38470,11434
38471,6216
38472,16284
38473,3718
38474,5470
38475,5586
38476,4923
38477,4163
38478,4908
38479,4031
38480,3450
38481,7593
38482,5822
38483,3313
38484,7833
38485,4336
38486,4994
38487,3928
38488,9302
38489,6429
38490,7938
38491,4241
38492,5836
38493,3918
38494,4363
38495,4053
38496,12368
38497,9627
38498,5794
38499,4178
38500,4698
38501,5694
38502,3783
38503,7695
38504,3754
38505,12054
38506,3792
38507,4518
38508,4900
38509,8345
38510,6553
38511,4256
38512,5441
38513,5578
38514,6443
38515,6227
38516,4750
38517,3215
38518,7756
38519,4252
38520,3542
38521,5193
38522,5888
38523,4881
38524,5276
38525,7484
38526,7446
38527,5950
38528,6618
38529,3692
38530,7691
38531,4831
38532,3981
38533,6472
38534,6232
38535,5409
38536,7676
38537,5329
38538,5468
38539,5995
38540,4821
38541,4768
38542,5869
38543,7198
38544,5721
38545,5130
38546,4647
38547,8196
38548,5963
38549,4050
38550,10140
38551,4394
38552,2755
38553,6468
38554,8466
38555,7946
38556,4567
38557,5082
38558,5557
38559,3334
38560,5526
38561,6262
38562,5732
38563,5120
38564,5273
38565,7269
38566,2809
38567,4587
38568,4863
38569,4420
38570,4354
38571,6091
38572,6512
38573,5425
38574,4488
38575,6814
38576,5745
38577,6835
38578,7374
38579,4841
38580,5838
38581,5864
38582,6797
38583,6763
38584,7764
38585,2979
38586,8687
38587,6000
38588,6184
38589,8667
38590,4392
38591,3424
38592,9554
38593,6784
38594,7215
38595,4794
38596,5107
38597,7651
38598,3341
38599,5968
38600,4438
38601,7042
38602,5068
38603,4693
38604,7003
38605,4521
38606,7167
38607,9135
38608,13752
38609,6291
38610,4032
38611,4631
38612,3876
38613,2752
38614,9451
38615,6764
38616,5399
38617,8077
38618,5072
38619,8276
38620,4205
38621,5270
38622,5528
38623,7402
38624,4736
38625,5588
38626,5246
38627,4033
38628,6429
38629,4754
38630,5981
38631,6778
38632,8033
38633,6643
38634,6514
38635,5230
38636,8999
38637,4194
38638,5211
38639,9649
38640,6044
38641,7392
38642,7253
38643,14517
38644,4651
38645,4201
38646,4171
38647,4965
38648,7800
38649,9293
38650,6369
38651,6483
38652,6965
38653,3427
38654,6590
38655,5982
38656,5609
38657,7040
38658,5078
38659,4254
38660,4573
38661,3115
38662,4097
38663,6849
38664,5817
38665,9955
38666,14047
38667,5781
38668,4222
38669,6124
38670,6940
38671,7370
38672,3606
38673,5228
38674,3952
38675,7709
38676,6075
38677,5651
38678,10562
38679,11949
38680,4049
38681,6431
38682,3270
38683,4642
38684,4574
38685,7677
38686,4191
38687,4196
38688,4542
38689,6286
38690,5136
38691,3645
38692,5094
38693,6694
38694,6019
38695,5763
38696,2646
38697,9478
38698,14778
38699,3718
38700,6765
38701,7284
38702,5788
38703,3964
38704,3232
38705,3439
38706,6345
38707,4517
38708,6224
38709,8404
38710,4170
38711,4856
38712,5573
38713,4979
38714,4457
38715,4867
38716,5574
38717,8917
38718,6467
38719,7762
38720,5312
38721,3491
38722,5154
38723,4992
38724,7631
38725,5441
38726,4183
38727,17540
38728,5245
38729,5007
38730,10288
38731,5789
38732,5709
38733,5384
38734,5849
38735,4176
38736,8021
38737,12656
38738,4472
38739,4463
38740,5234
38741,9909
38742,5788
38743,4580
38744,4940
38745,4852
38746,4871
38747,4036
38748,7161
38749,3289
38750,5864
38751,2697
38752,18219
38753,6949
38754,3545
38755,4996
38756,8339
38757,5214
38758,5555
38759,7162
38760,5177
38761,4864
38762,3742
38763,8313
38764,4865
38765,5299
38766,5379
38767,6813
38768,4581
38769,7176
38770,5440
38771,3445
38772,6804
38773,8928
38774,3833
38775,6789
38776,6373
38777,4823
38778,8686
38779,4335
38780,5811
38781,6168
38782,7106
38783,3260
38784,4588
38785,4530
38786,0
38787,5495
38788,7193
38789,3777
38790,7137
38791,3262
38792,5453
38793,4331
38794,5342
38795,5101
38796,6068
38797,6234
38798,8084
38799,4071
38800,5559
38801,6171
38802,6767
38803,5419
38804,7385
38805,8549
38806,5772
38807,2846
38808,5706
38809,4236
38810,5718
38811,5533
38812,3428
38813,10985
38814,4499
38815,5588
38816,8891
38817,6091
38818,3403
38819,9044
38820,5142
38821,8446
38822,4678
38823,6787
38824,7377
38825,6180
38826,4589
38827,6122
38828,4708
38829,4849
38830,5504
38831,7402
38832,6710
38833,4562
38834,3913
38835,6261
38836,6377
38837,5166
38838,6374
38839,4932
38840,5565
38841,4365
38842,7016
38843,6433
38844,6164
38845,5024
38846,5413
38847,6529
38848,7951
38849,5116
38850,6792
38851,4275
38852,5430
38853,6590
38854,5821
38855,3877
38856,3827
38857,6154
38858,7943
38859,4378
38860,5041
38861,6742
38862,5853
38863,4570
38864,4993
38865,4378
38866,2735
38867,6718
38868,3475
38869,6152
38870,5863
38871,5930
38872,5539
38873,8266
38874,7282
38875,6291
38876,4311
38877,6985
38878,6394
38879,3217
38880,2501
38881,6835
38882,3224
38883,5891
38884,10593
38885,6746
38886,5933
38887,3537
38888,6243
38889,5556
38890,5495
38891,6321
38892,7110
38893,6528
38894,4796
38895,7501
38896,4083
38897,5735
38898,4025
38899,4713
38900,5969
38901,5166
38902,4786
38903,6340
38904,4110
38905,8218
38906,5266
38907,3998
38908,3987
38909,7903
38910,6305
38911,4638
38912,5170
38913,5772
38914,4667
38915,5247
38916,5313
38917,6058
38918,4146
38919,4246
38920,7839
38921,5749
38922,5478
38923,3146
38924,9411
38925,5705
38926,4419
38927,5352
38928,9245
38929,6963
38930,6928
38931,7889
38932,5763
38933,4816
38934,5119
38935,6655
38936,8202
38937,10287
38938,4191
38939,4583
38940,3057
38941,3966
38942,7895
38943,11530
38944,5140
38945,3999
38946,4938
38947,5149
38948,5434
38949,7782
38950,7455
38951,5303
38952,3636
38953,6962
38954,4853
38955,8902
38956,7962
38957,4483
38958,6117
38959,3397
38960,6424
38961,6733
38962,6154
38963,6583
38964,5176
38965,6141
38966,3969
38967,5444
38968,6603
38969,6824
38970,6316
38971,7421
38972,5135
38973,3736
38974,8396
38975,4058
38976,9675
38977,5893
38978,4136
38979,4721
38980,5638
38981,4996
38982,6579
38983,7336
38984,4367
38985,9670
38986,3437
38987,4163
38988,5724
38989,6936
38990,9426
38991,5110
38992,5025
38993,5051
38994,5260
38995,6170
38996,4250
38997,5829
38998,4393
38999,9063
39000,5019
39001,6995
39002,11180
39003,7813
39004,4412
39005,3931
39006,5227
39007,9842
39008,4482
39009,7388
39010,3974
39011,8277
39012,5717
39013,4743
39014,4556
39015,4218
39016,4163
39017,4964
39018,4541
39019,4138
39020,3886
39021,3908
39022,7130
39023,5421
39024,18503
39025,5955
39026,4420
39027,2644
39028,4198
39029,9486
39030,1984
39031,2736
39032,6421
39033,3199
39034,6679
39035,4709
39036,5254
39037,5864
39038,4508
39039,3335
39040,5433
39041,5351
39042,2579
39043,4614
39044,4290
39045,5680
39046,5056
39047,3393
39048,4407
39049,7466
39050,8177
39051,5542
39052,7263
39053,2157
39054,7715
39055,3481
39056,5228
39057,2388
39058,8110
39059,7365
39060,8699
39061,9395
39062,7038
39063,6316
39064,2913
39065,4647
39066,5981
39067,8049
39068,4186
39069,3465
39070,5648
39071,4898
39072,5382
39073,2467
39074,7652
39075,4368
39076,7778
39077,6249
39078,3366
39079,8879
39080,3038
39081,9144
39082,6036
39083,6489
39084,2404
39085,5209
39086,4670
39087,3729
39088,7542
39089,10733
39090,2802
39091,6028
39092,5505
39093,8798
39094,7204
39095,5480
39096,6792
39097,2360
39098,2372
39099,4632
39100,6127
39101,8467
39102,7918
39103,2478
39104,4184
39105,8596
39106,8946
39107,5645
39108,3160
39109,10843
39110,5367
39111,3539
39112,3430
39113,2167
39114,4438
39115,7362
39116,3727
39117,5861
39118,3043
39119,5688
39120,3879
39121,1789
39122,4174
39123,5171
39124,5902
39125,9376
39126,6814
39127,5562
39128,3760
39129,11014
39130,3360
39131,6111
39132,7133
39133,13089
39134,5012
39135,3060
39136,6626
39137,5716
39138,6410
39139,4902
39140,10196
39141,5607
39142,2164
39143,7954
39144,4397
39145,5811
39146,2205
39147,8288
39148,3750
39149,2817
39150,8178
39151,4478
39152,5104
39153,7880
39154,7409
39155,4258
39156,4241
39157,7232
39158,3306
39159,2890
39160,6700
39161,4846
39162,6386
39163,3124
39164,4371
39165,6140
39166,4247
39167,3115
39168,5262
39169,5832
39170,5916
39171,7128
39172,7911
39173,7352
39174,3985
39175,7656
39176,5298
39177,3173
39178,3726
39179,8096
39180,7379
39181,2842
39182,7167
39183,9558
39184,6751
39185,4791
39186,7029
39187,7486
39188,5401
39189,4340
39190,2765
39191,5274
39192,5181
39193,4655
39194,5384
39195,3233
39196,5675
39197,7195
39198,5895
39199,6619
39200,6025
39201,2820
39202,1591
39203,6826
39204,6269
39205,6914
39206,3408
39207,5542
39208,3562
39209,5370
39210,5646
39211,3765
39212,4031
39213,4849
39214,6998
39215,6508
39216,7489
39217,14121
39218,3974
39219,4696
39220,10079
39221,3410
39222,5143
39223,835
39224,7972
39225,6760
39226,5505
39227,6620
39228,5503
39229,4564
39230,5058
39231,4934
39232,7673
39233,3101
39234,5487
39235,2741
39236,8683
39237,3221
39238,7772
39239,9913
39240,6386
39241,5980
39242,4244
39243,2121
39244,1807
39245,3473
39246,5322
39247,2927
39248,5244
39249,7200
39250,3887
39251,5200
39252,4557
39253,8497
39254,7637
39255,7174
39256,5131
39257,3106
39258,8193
39259,9338
39260,3632
39261,4263
39262,3675
39263,5396
39264,5384
39265,3796
39266,6611
39267,3032
39268,5108
39269,4747
39270,8737
39271,5399
39272,7289
39273,6355
39274,4458
39275,8538
39276,16884
39277,8554
39278,3675
39279,3555
39280,6447
39281,7437
39282,2738
39283,4635
39284,9344
39285,6033
39286,6769
39287,16458
39288,5393
39289,5247
39290,2583
39291,2142
39292,10343
39293,3381
39294,6293
39295,8769
39296,2724
39297,3438
39298,6136
39299,3798
39300,6469
39301,1915
39302,5000
39303,4789
39304,10600
39305,5898
39306,5799
39307,2836
39308,7709
39309,5786
39310,6667
39311,1634
39312,9153
39313,4956
39314,6010
39315,4223
39316,4391
39317,0
39318,4580
39319,3475
39320,5397
39321,4558
39322,4767
39323,8316
39324,8974
39325,7727
39326,3996
39327,4359
39328,4424
39329,4697
39330,6609
39331,2933
39332,1246
39333,6798
39334,5441
39335,7682
39336,5364
39337,4317
39338,4443
39339,3300
39340,2528
39341,8782
39342,6021
39343,4812
39344,5344
39345,11249
39346,6159
39347,1872
39348,7456
39349,1961
39350,4079
39351,5909
39352,6108
39353,2463
39354,4186
39355,4321
39356,3611
39357,1596
39358,8025
39359,4555
39360,8847
39361,10131
39362,5846
39363,5485
39364,4166
39365,4820
39366,4828
39367,11327
39368,6339
39369,6405
39370,3010
39371,5616
39372,5564
39373,8883
39374,8533
39375,6885
39376,5552
39377,6371
39378,5095
39379,8730
39380,6138
39381,6737
39382,5969
39383,9273
39384,6867
39385,4661
39386,5758
39387,8214
39388,5917
39389,3345
39390,5520
39391,3031
39392,4813
39393,8736
39394,7011
39395,7185
39396,6072
39397,8055
39398,4682
39399,4117
39400,4234
39401,5816
39402,6214
39403,6405
39404,3098
39405,12879
39406,4898
39407,5497
39408,15771
39409,5221
39410,7508
39411,5942
39412,6955
39413,8230
39414,7362
39415,9575
39416,2718
39417,4387
39418,5388
39419,8632
39420,2513
39421,5260
39422,4526
39423,4951
39424,5276
39425,5558
39426,3231
39427,5848
39428,4867
39429,2826
39430,3036
39431,7166
39432,4275
39433,4833
39434,5523
39435,5304
39436,9363
39437,11984
39438,4821
39439,7494
39440,5584
39441,9729
39442,4835
39443,2791
39444,3936
39445,5305
39446,12294
39447,3893
39448,8600
39449,7252
39450,2072
39451,3746
39452,5864
39453,6188
39454,5074
39455,8727
39456,8888
39457,7307
39458,3945
39459,12015
39460,2061
39461,3646
39462,8814
39463,3996
39464,5402
39465,3663
39466,6954
39467,4862
39468,3655
39469,13631
39470,10692
39471,2378
39472,4857
39473,5446
39474,7289
39475,9618
39476,5094
39477,2800
39478,8846
39479,2028
39480,9755
39481,4674
39482,5439
39483,9601
39484,5554
39485,1536
39486,4785
39487,2232
39488,3718
39489,11555
39490,7892
39491,4237
39492,12542
39493,7140
39494,10529
39495,12018
39496,6929
39497,4135
39498,2046
39499,4738
39500,6429
39501,2492
39502,5730
39503,4268
39504,7131
39505,2365
39506,5412
39507,8597
39508,1661
39509,9008
39510,5797
39511,2599
39512,6811
39513,3110
39514,3000
39515,9393
39516,7087
39517,7027
39518,7983
39519,5262
39520,4763
39521,6552
39522,6993
39523,7825
39524,5597
39525,6620
39526,3599
39527,8418
39528,6126
39529,5646
39530,3791
39531,4844
39532,8111
39533,5734
39534,4001
39535,5144
39536,5109
39537,4961
39538,15674
39539,4970
39540,10005
39541,4611
39542,3516
39543,6351
39544,5256
39545,3158
39546,4898
39547,8888
39548,13976
39549,7144
39550,9515
39551,6904
39552,10628
39553,8325
39554,6864
39555,6064
39556,4182
39557,10362
39558,7465
39559,7134
39560,5253
39561,5207
39562,4874
39563,2154
39564,12242
39565,6454
39566,5763
39567,4766
39568,1410
39569,8387
39570,7985
39571,11628
39572,5754
39573,4238
39574,3671
39575,6632
39576,4762
39577,4176
39578,10442
39579,4341
39580,4446
39581,5148
39582,3533
39583,2532
39584,2276
39585,14098
39586,4814
39587,12991
39588,4300
39589,5827
39590,5069
39591,3942
39592,3128
39593,6071
39594,2974
39595,2722
39596,10539
39597,5862
39598,2687
39599,8360
39600,2523
39601,5723
39602,3438
39603,10002
39604,7436
39605,7956
39606,2266
39607,5048
39608,2569
39609,4719
39610,3346
39611,16144
39612,12013
39613,4664
39614,2939
39615,5752
39616,4228
39617,2491
39618,7354
39619,2273
39620,13876
39621,4080
39622,4761
39623,5692
39624,11488
39625,6750
39626,4858
39627,4996
39628,5677
39629,6443
39630,6735
39631,3731
39632,1203
39633,4602
39634,2789
39635,2852
39636,5687
39637,6871
39638,5637
39639,5116
39640,7978
39641,5678
39642,3053
39643,7517
39644,2171
39645,9646
39646,4877
39647,2723
39648,4298
39649,4103
39650,4545
39651,7208
39652,6944
39653,3779
39654,5987
39655,2325
39656,4579
39657,7706
39658,8753
39659,3342
39660,2067
39661,4966
39662,7199
39663,6290
39664,2529
39665,11090
39666,3587
39667,3226
39668,5623
39669,9955
39670,9365
39671,4283
39672,4298
39673,5879
39674,1493
39675,6732
39676,7050
39677,4520
39678,4313
39679,2793
39680,8465
39681,2945
39682,4441
39683,3752
39684,3402
39685,2737
39686,7452
39687,6596
39688,5502
39689,3632
39690,5134
39691,7768
39692,7542
39693,7373
39694,4853
39695,5261
39696,5468
39697,8080
39698,6923
39699,5137
39700,1883
39701,5928
39702,6315
39703,5994
39704,7627
39705,5654
39706,2721
39707,7304
39708,5234
39709,10658
39710,2707
39711,2449
39712,9161
39713,1516
39714,5200
39715,4378
39716,7857
39717,3800
39718,4384
39719,8977
39720,2564
39721,6096
39722,9616
39723,14391
39724,6672
39725,2361
39726,5227
39727,3711
39728,2163
39729,7363
39730,4838
39731,6416
39732,4929
39733,5285
39734,4795
39735,4669
39736,4879
39737,4536
39738,8804
39739,5265
39740,2359
39741,6127
39742,3892
39743,5508
39744,5710
39745,5679
39746,7610
39747,8212
39748,8276
39749,5648
39750,4827
39751,5744
39752,2863
39753,5662
39754,8642
39755,6606
39756,6890
39757,6647
39758,13593
39759,3087
39760,3435
39761,4639
39762,4074
39763,8672
39764,10043
39765,7855
39766,7149
39767,7530
39768,1855
39769,7691
39770,3066
39771,6353
39772,5954
39773,5192
39774,1959
39775,5042
39776,3462
39777,3025
39778,6919
39779,4617
39780,8562
39781,17154
39782,5405
39783,3010
39784,4647
39785,8199
39786,6288
39787,4229
39788,5417
39789,1919
39790,6202
39791,6875
39792,3261
39793,10402
39794,11682
39795,3005
39796,5505
39797,3722
39798,3710
39799,3907
39800,8460
39801,3761
39802,4486
39803,4556
39804,2700
39805,2496
39806,2425
39807,5326
39808,5522
39809,4635
39810,7449
39811,1154
39812,7448
39813,14685
39814,3076
39815,8139
39816,6993
39817,4561
39818,4232
39819,2392
39820,4059
39821,4647
39822,5164
39823,2954
39824,9345
39825,4395
39826,4011
39827,6149
39828,4881
39829,5868
39830,4811
39831,5783
39832,10258
39833,4487
39834,6984
39835,5767
39836,3556
39837,3048
39838,4339
39839,5583
39840,5991
39841,3529
39842,12433
39843,5072
39844,4649
39845,11509
39846,4546
39847,6827
39848,4273
39849,5080
39850,5082
39851,6590
39852,15379
39853,2828
39854,5468
39855,3223
39856,9096
39857,6961
39858,4727
39859,3471
39860,4136
39861,2416
39862,1982
39863,6583
39864,2131
39865,3751
39866,1245
39867,20523
39868,8335
39869,2120
39870,5236
39871,6028
39872,6653
39873,5168
39874,7995
39875,5463
39876,5770
39877,2742
39878,7670
39879,6078
39880,3966
39881,5874
39882,9305
39883,4377
39884,8059
39885,6385
39886,3109
39887,5521
39888,6761
39889,2572
39890,8892
39891,6920
39892,4942
39893,9857
39894,3540
39895,4841
39896,8604
39897,6517
39898,2186
39899,4650
39900,3666
39901,0
39902,5106
39903,5683
39904,3495
39905,5951
39906,2255
39907,5567
39908,2826
39909,5540
39910,5415
39911,4704
39912,5675
39913,8846
39914,2596
39915,5634
39916,6904
39917,3083
39918,5434
39919,6066
39920,9077
39921,6513
39922,3652
39923,1991
39924,1947
39925,5322
39926,4629
39927,4035
39928,11798
39929,5386
39930,5544
39931,8261
39932,6665
39933,2058
39934,8762
39935,4273
39936,7785
39937,6178
39938,7331
39939,5936
39940,8616
39941,5141
39942,4021
39943,2689
39944,3317
39945,6056
39946,4193
39947,7903
39948,4813
39949,2769
39950,7563
39951,6989
39952,4526
39953,7323
39954,4224
39955,6873
39956,3599
39957,4759
39958,3569
39959,4625
39960,3238
39961,6222
39962,7678
39963,7806
39964,6065
39965,5514
39966,4077
39967,6130
39968,6864
39969,6857
39970,2757
39971,2775
39972,8201
39973,5952
39974,2917
39975,3968
39976,7666
39977,6521
39978,2349
39979,6111
39980,4688
39981,1679
39982,4877
39983,2697
39984,4035
39985,6305
39986,5748
39987,5048
39988,4172
39989,8263
39990,6233
39991,3529
39992,5469
39993,4785
39994,2900
39995,1104
39996,7124
39997,1537
39998,5545
39999,9470
40000,5455
40001,4284
40002,2972
40003,5326
40004,4943
40005,4870
40006,5397
40007,6041
40008,7511
40009,6132
40010,8659
40011,3878
40012,3698
40013,4110
40014,3493
40015,5184
40016,6563
40017,3275
40018,5095
40019,2534
40020,7752
40021,3995
40022,4245
40023,3779
40024,5299
40025,7404
40026,3204
40027,6445
40028,4344
40029,5304
40030,5035
40031,5912
40032,7561
40033,4420
40034,3511
40035,9574
40036,6592
40037,6545
40038,1949
40039,4422
40040,4997
40041,3947
40042,4592
40043,10372
40044,7819
40045,9219
40046,9669
40047,6154
40048,5180
40049,5911
40050,5984
40051,7201
40052,10372
40053,3062
40054,1703
40055,1469
40056,4026
40057,4775
40058,9679
40059,2311
40060,1876
40061,5185
40062,5515
40063,5744
40064,9744
40065,6670
40066,6427
40067,2618
40068,7577
40069,6077
40070,6786
40071,6733
40072,3374
40073,6044
40074,2953
40075,6656
40076,5473
40077,5058
40078,5673
40079,3713
40080,6197
40081,4983
40082,6628
40083,4716
40084,8108
40085,5182
40086,8732
40087,5058
40088,3489
40089,8130
40090,2695
40091,10415
40092,5777
40093,4774
40094,3103
40095,6874
40096,4350
40097,4219
40098,6207
40099,4258
40100,12329
40101,2914
40102,2861
40103,5563
40104,6133
40105,10441
40106,2409
40107,4614
40108,6047
40109,5512
40110,4643
40111,3433
40112,5875
40113,3087
40114,10328
40115,2652
40116,6668
40117,13657
40118,7255
40119,6108
40120,3021
40121,4895
40122,7641
40123,2540
40124,7340
40125,2822
40126,8052
40127,6561
40128,5578
40129,5730
40130,4697
40131,2708
40132,5249
40133,2199
40134,3568
40135,3082
40136,2733
40137,7522
40138,5364
40139,21042
40140,7527
40141,0
40142,0
40143,0
40144,0
40145,0
40146,0
40147,0
40148,0
40149,0
40150,0
40151,0
40152,0
40153,0
40154,0
40155,0
40156,0
40157,0
40158,0
40159,0
40160,0
40161,0
40162,0
40163,0
40164,0
40165,0
40166,0
40167,0
40168,0
40169,0
40170,0
40171,0
40172,0
40173,0
40174,0
40175,0
40176,0
40177,0
40178,0
40179,0
40180,0
40181,0
40182,0
40183,0
40184,0
40185,0
40186,0
40187,0
40188,0
40189,0
40190,0
40191,0
40192,0
40193,0
40194,0
40195,0
40196,0
40197,0
40198,0
40199,0
40200,0
40201,0
40202,0
40203,0
40204,0
40205,0
40206,0
40207,0
40208,0
40209,0
40210,0
40211,0
40212,0
40213,0
40214,0
40215,0
40216,0
40217,0
40218,0
40219,0
40220,0
40221,0
40222,0
40223,0
40224,0
40225,11543
40226,0
40227,0
40228,0
40229,0
40230,0
40231,0
40232,0
40233,0
40234,0
40235,0
40236,0
40237,0
40238,0
40239,0
40240,0
40241,0
40242,0
40243,0
40244,0
40245,0
40246,0
40247,0
40248,0
40249,0
40250,0
40251,0
40252,0
40253,0
40254,0
40255,0
40256,0
40257,0
40258,0
40259,0
40260,0
40261,0
40262,3814
40263,0
40264,0
40265,0
40266,0
40267,0
40268,0
40269,0
40270,0
40271,0
40272,0
40273,0
40274,0
40275,0
40276,0
40277,0
40278,0
40279,0
40280,0
40281,0
40282,0
40283,0
40284,0
40285,0
40286,0
40287,0
40288,0
40289,0
40290,0
40291,0
40292,0
40293,0
40294,0
40295,0
40296,0
40297,0
40298,0
40299,0
40300,0
40301,0
40302,0
40303,0
40304,0
40305,0
40306,0
40307,0
40308,0
40309,0
40310,0
40311,0
40312,0
40313,0
40314,0
40315,0
40316,0
40317,0
40318,0
40319,0
40320,0
40321,0
40322,0
40323,0
40324,0
40325,0
40326,0
40327,0
40328,0
40329,0
40330,0
40331,0
40332,0
40333,0
40334,0
40335,0
40336,0
40337,0
40338,0
40339,0
40340,0
40341,0
40342,0
40343,0
40344,0
40345,0
40346,0
40347,0
40348,0
40349,2670
40350,0
40351,0
40352,0
40353,0
40354,0
40355,0
40356,0
40357,0
40358,0
40359,0
40360,0
40361,0
40362,0
40363,0
40364,0
40365,0
40366,0
40367,0
40368,0
40369,0
40370,0
40371,0
40372,0
40373,0
40374,0
40375,0
40376,0
40377,0
40378,0
40379,0
40380,0
40381,0
40382,0
40383,0
40384,0
40385,0
40386,0
40387,0
40388,0
40389,0
40390,0
40391,0
40392,0
40393,0
40394,0
40395,0
40396,0
40397,0
40398,0
40399,16297
40400,0
40401,0
40402,28179
40403,0
40404,0
40405,0
40406,0
40407,0
40408,0
40409,0
40410,0
40411,0
40412,0
40413,0
40414,7326
40415,0
40416,0
40417,0
40418,0
40419,0
40420,0
40421,0
40422,0
40423,0
40424,0
40425,0
40426,0
40427,0
40428,0
40429,0
40430,0
40431,0
40432,0
40433,0
40434,0
40435,0
40436,0
40437,0
40438,0
40439,4963
40440,0
40441,0
40442,0
40443,0
40444,0
40445,0
40446,0
40447,0
40448,0
40449,0
40450,2664
40451,0
40452,0
40453,0
40454,0
40455,0
40456,0
40457,0
40458,0
40459,0
40460,0
40461,0
40462,0
40463,0
40464,0
40465,0
40466,0
40467,0
40468,0
40469,0
40470,0
40471,0
40472,0
40473,0
40474,0
40475,8113
40476,0
40477,0
40478,0
40479,0
40480,0
40481,0
40482,0
40483,0
40484,0
40485,0
40486,0
40487,0
40488,0
40489,0
40490,0
40491,0
40492,0
40493,8609
40494,0
40495,0
40496,0
40497,0
40498,0
40499,0
40500,0
40501,0
40502,0
40503,0
40504,0
40505,0
40506,0
40507,0
40508,0
40509,0
40510,0
40511,0
40512,0
40513,0
40514,0
40515,0
40516,0
40517,0
40518,0
40519,0
40520,0
40521,0
40522,0
40523,0
40524,0
40525,0
40526,0
40527,0
40528,0
40529,0
40530,0
40531,0
40532,0
40533,0
40534,0
40535,0
40536,0
40537,0
40538,0
40539,0
40540,0
40541,0
40542,0
40543,0
40544,0
40545,0
40546,0
40547,0
40548,0
40549,0
40550,0
40551,0
40552,0
40553,0
40554,0
40555,0
40556,0
40557,0
40558,0
40559,0
40560,0
40561,0
40562,0
40563,14112
40564,0
40565,0
40566,0
40567,0
40568,0
40569,0
40570,0
40571,0
40572,0
40573,1688
40574,0
40575,0
40576,0
40577,0
40578,0
40579,0
40580,0
40581,0
40582,0
40583,0
40584,0
40585,0
40586,0
40587,0
40588,0
40589,0
40590,0
40591,0
40592,0
40593,5414
40594,0
40595,0
40596,0
40597,0
40598,0
40599,0
40600,0
40601,0
40602,0
40603,0
40604,0
40605,0
40606,0
40607,0
40608,0
40609,0
40610,0
40611,0
40612,0
40613,0
40614,0
40615,0
40616,0
40617,0
40618,0
40619,0
40620,0
40621,0
40622,0
40623,0
40624,0
40625,0
40626,0
40627,0
40628,0
40629,0
40630,0
40631,0
40632,0
40633,0
40634,7771
40635,0
40636,0
40637,0
40638,0
40639,0
40640,0
40641,0
40642,0
40643,0
40644,0
40645,0
40646,0
40647,0
40648,0
40649,0
40650,0
40651,0
40652,7298
40653,0
40654,0
40655,0
40656,0
40657,0
40658,0
40659,0
40660,0
40661,0
40662,0
40663,0
40664,2219
40665,0
40666,0
40667,0
40668,0
40669,0
40670,5332
40671,0
40672,0
40673,0
40674,0
40675,0
40676,0
40677,0
40678,0
40679,0
40680,0
40681,0
40682,0
40683,0
40684,0
40685,0
40686,0
40687,0
40688,0
40689,0
40690,0
40691,0
40692,0
40693,0
40694,0
40695,0
40696,0
40697,0
40698,0
40699,0
40700,0
40701,0
40702,17942
40703,0
40704,0
40705,0
40706,0
40707,0
40708,0
40709,0
40710,0
40711,0
40712,0
40713,0
40714,0
40715,0
40716,0
40717,0
40718,5876
40719,0
40720,0
40721,0
40722,0
40723,0
40724,0
40725,0
40726,0
40727,0
40728,0
40729,0
40730,0
40731,0
40732,0
40733,0
40734,0
40735,0
40736,0
40737,0
40738,0
40739,0
40740,0
40741,0
40742,0
40743,0
40744,0
40745,0
40746,0
40747,0
40748,0
40749,0
40750,0
40751,0
40752,0
40753,0
40754,0
40755,0
40756,0
40757,0
40758,0
40759,0
40760,0
40761,0
40762,0
40763,0
40764,0
40765,0
40766,0
40767,0
40768,0
40769,0
40770,0
40771,0
40772,0
40773,0
40774,0
40775,0
40776,0
40777,0
40778,0
40779,0
40780,0
40781,0
40782,0
40783,0
40784,0
40785,0
40786,0
40787,0
40788,0
40789,0
40790,0
40791,0
40792,0
40793,0
40794,0
40795,0
40796,0
40797,0
40798,0
40799,0
40800,0
40801,0
40802,0
40803,0
40804,0
40805,0
40806,0
40807,0
40808,0
40809,0
40810,0
40811,0
40812,0
40813,0
40814,0
40815,0
40816,13006
40817,0
40818,0
40819,0
40820,0
40821,0
40822,6945
40823,0
40824,0
40825,0
40826,0
40827,0
40828,0
40829,0
40830,0
40831,0
40832,0
40833,0
40834,0
40835,0
40836,0
40837,0
40838,0
40839,0
40840,0
40841,0
40842,0
40843,0
40844,0
40845,0
40846,0
40847,0
40848,0
40849,0
40850,0
40851,0
40852,0
40853,0
40854,0
40855,0
40856,0
40857,0
40858,0
40859,0
40860,0
40861,0
40862,0
40863,0
40864,0
40865,0
40866,0
40867,0
40868,0
40869,0
40870,0
40871,0
40872,3384
40873,15595
40874,0
40875,0
40876,0
40877,0
40878,0
40879,0
40880,0
40881,0
40882,0
40883,0
40884,0
40885,0
40886,0
40887,0
40888,0
40889,0
40890,0
40891,0
40892,0
40893,0
40894,0
40895,0
40896,0
40897,0
40898,0
40899,0
40900,0
40901,0
40902,0
40903,0
40904,0
40905,0
40906,0
40907,0
40908,0
40909,11868
40910,0
40911,0
40912,0
40913,0
40914,0
40915,0
40916,0
40917,0
40918,0
40919,0
40920,0
40921,0
40922,0
40923,0
40924,0
40925,0
40926,0
40927,0
40928,0
40929,0
40930,0
40931,0
40932,0
40933,0
40934,0
40935,0
40936,0
40937,0
40938,0
40939,0
40940,0
40941,0
40942,0
40943,0
40944,0
40945,0
40946,0
40947,0
40948,0
40949,0
40950,0
40951,0
40952,0
40953,0
40954,0
40955,0
40956,0
40957,0
40958,0
40959,0
40960,0
40961,0
40962,0
40963,0
40964,0
40965,0
40966,0
40967,0
40968,0
40969,0
40970,0
40971,0
40972,0
40973,0
40974,0
40975,0
40976,0
40977,0
40978,0
40979,0
40980,0
40981,0
40982,0
40983,0
40984,0
40985,0
40986,0
40987,0
40988,0
40989,0
40990,0
40991,0
40992,0
40993,0
40994,0
40995,0
40996,0
40997,0
40998,0
40999,0
41000,0
41001,0
41002,0
41003,2489
41004,0
41005,0
41006,0
41007,2141
41008,0
41009,0
41010,0
41011,0
41012,0
41013,0
41014,0
41015,0
41016,0
41017,0
41018,0
41019,0
41020,0
41021,0
41022,0
41023,0
41024,0
41025,0
41026,0
41027,0
41028,0
41029,0
41030,0
41031,0
41032,0
41033,0
41034,0
41035,0
41036,0
41037,0
41038,0
41039,0
41040,0
41041,0
41042,0
41043,0
41044,0
41045,0
41046,0
41047,0
41048,0
41049,0
41050,0
41051,0
41052,0
41053,0
41054,0
41055,0
41056,0
41057,0
41058,0
41059,0
41060,0
41061,0
41062,0
41063,0
41064,0
41065,0
41066,0
41067,0
41068,0
41069,0
41070,0
41071,2593
41072,0
41073,0
41074,0
41075,0
41076,0
41077,0
41078,0
41079,0
41080,0
41081,0
41082,0
41083,0
41084,0
41085,0
41086,0
41087,0
41088,11046
41089,0
41090,0
41091,0
41092,0
41093,0
41094,0
41095,0
41096,0
41097,0
41098,0
41099,0
41100,0
41101,0
41102,0
41103,0
41104,0
41105,0
41106,0
41107,0
41108,0
41109,0
41110,0
41111,0
41112,0
41113,0
41114,0
41115,0
41116,0
41117,0
41118,0
41119,0
41120,0
41121,0
41122,0
41123,0
41124,0
41125,0
41126,0
41127,0
41128,0
41129,0
41130,0
41131,0
41132,0
41133,0
41134,0
41135,0
41136,0
41137,0
41138,0
41139,0
41140,0
41141,0
41142,0
41143,0
41144,0
41145,0
41146,0
41147,0
41148,0
41149,0
41150,0
41151,0
41152,0
41153,0
41154,0
41155,0
41156,0
41157,0
41158,0
41159,0
41160,0
41161,0
41162,0
41163,0
41164,0
41165,0
41166,0
41167,0
41168,0
41169,0
41170,0
41171,0
41172,0
41173,0
41174,0
41175,0
41176,0
41177,0
41178,0
41179,0
41180,0
41181,0
41182,0
41183,0
41184,0
41185,4768
41186,0
41187,0
41188,0
41189,0
41190,0
41191,0
41192,0
41193,0
41194,0
41195,0
41196,0
41197,0
41198,0
41199,0
41200,0
41201,0
41202,0
41203,0
41204,0
41205,0
41206,0
41207,0
41208,0
41209,0
41210,0
41211,0
41212,0
41213,0
41214,0
41215,0
41216,0
41217,0
41218,0
41219,0
41220,0
41221,4564
41222,0
41223,0
41224,0
41225,0
41226,0
41227,0
41228,0
41229,0
41230,0
41231,0
41232,0
41233,0
41234,0
41235,0
41236,0
41237,12923
41238,0
41239,4653
41240,0
41241,0
41242,0
41243,0
41244,0
41245,0
41246,0
41247,0
41248,0
41249,0
41250,0
41251,0
41252,0
41253,0
41254,0
41255,0
41256,5458
41257,7156
41258,10121
41259,11991
41260,7470
41261,6615
41262,13328
41263,9681
41264,10771
41265,7300
41266,9538
41267,11081
41268,7719
41269,7787
41270,9535
41271,11380
41272,10012
41273,10142
41274,10330
41275,10468
41276,8873
41277,6436
41278,8419
41279,14591
41280,14263
41281,10488
41282,14116
41283,7822
41284,13488
41285,6103
41286,7478
41287,6271
41288,10823
41289,10595
41290,17188
41291,11204
41292,8814
41293,9848
41294,8440
41295,5486
41296,7991
41297,14443
41298,9436
41299,8040
41300,7377
41301,8311
41302,9939
41303,4817
41304,10486
41305,6617
41306,9105
41307,9312
41308,7403
41309,10215
41310,7681
41311,10305
41312,13808
41313,10860
41314,8508
41315,13756
41316,6750
41317,9196
41318,10125
41319,15526
41320,7713
41321,7866
41322,12207
41323,8825
41324,11430
41325,9578
41326,13710
41327,7899
41328,6606
41329,8823
41330,7988
41331,12649
41332,11527
41333,5470
41334,8743
41335,10680
41336,9001
41337,13707
41338,5439
41339,17424
41340,8459
41341,6769
41342,8643
41343,10278
41344,8181
41345,11257
41346,6590
41347,10390
41348,8545
41349,11472
41350,10235
41351,8943
41352,10369
41353,7716
41354,8118
41355,10765
41356,10029
41357,10808
41358,6285
41359,11605
41360,7820
41361,11351
41362,9118
41363,15876
41364,8721
41365,6283
41366,9567
41367,7162
41368,7519
41369,7242
41370,9608
41371,9566
41372,5314
41373,13115
41374,8332
41375,10077
41376,6306
41377,11548
41378,12682
41379,5896
41380,15483
41381,8198
41382,7945
41383,11973
41384,11364
41385,6757
41386,5962
41387,9839
41388,9237
41389,6038
41390,8354
41391,8416
41392,9612
41393,11658
41394,9414
41395,9782
41396,8091
41397,5938
41398,9920
41399,9352
41400,10051
41401,12354
41402,11680
41403,11430
41404,7817
41405,12194
41406,10398
41407,8441
41408,10764
41409,13462
41410,9856
41411,11160
41412,13680
41413,9435
41414,11934
41415,7825
41416,9551
41417,11412
41418,8453
41419,10443
41420,5266
41421,7114
41422,13741
41423,11498
41424,8394
41425,5830
41426,13260
41427,8605
41428,11094
41429,7681
41430,7636
41431,8351
41432,6139
41433,15184
41434,11153
41435,9539
41436,9839
41437,8005
41438,8206
41439,9744
41440,9907
41441,5614
41442,8795
41443,8318
41444,11096
41445,10314
41446,8014
41447,14488
41448,8030
41449,6356
41450,14407
41451,7542
41452,8988
41453,5470
41454,12603
41455,9813
41456,7149
41457,8730
41458,9530
41459,7420
41460,9372
41461,11261
41462,16816
41463,3828
41464,9187
41465,4543
41466,18607
41467,6391
41468,12662
41469,12802
41470,9410
41471,10068
41472,6092
41473,6836
41474,4295
41475,6679
41476,8391
41477,7651
41478,10622
41479,10536
41480,7810
41481,9175
41482,9151
41483,10595
41484,12539
41485,10112
41486,7317
41487,5152
41488,12099
41489,17498
41490,8798
41491,10361
41492,5981
41493,10451
41494,7751
41495,6654
41496,9408
41497,6903
41498,10241
41499,8901
41500,11405
41501,9135
41502,12619
41503,10288
41504,7308
41505,13859
41506,23220
41507,15508
41508,9457
41509,4396
41510,8716
41511,12078
41512,6878
41513,7925
41514,13398
41515,7388
41516,20176
41517,20300
41518,5550
41519,9478
41520,8204
41521,5669
41522,10672
41523,7089
41524,13712
41525,12079
41526,12902
41527,9945
41528,12193
41529,4543
41530,9166
41531,5340
41532,8686
41533,9844
41534,15861
41535,8149
41536,7704
41537,6136
41538,9680
41539,7999
41540,6836
41541,6781
41542,10165
41543,8483
41544,8773
41545,11018
41546,11907
41547,0
41548,9135
41549,8652
41550,7846
41551,9637
41552,10770
41553,11292
41554,11281
41555,9311
41556,7078
41557,5375
41558,8796
41559,9020
41560,9201
41561,6115
41562,4201
41563,12233
41564,10881
41565,13168
41566,9058
41567,8486
41568,10857
41569,7731
41570,6061
41571,14924
41572,7044
41573,10360
41574,9596
41575,18196
41576,7887
41577,8453
41578,10050
41579,8604
41580,8404
41581,7403
41582,11232
41583,6112
41584,10292
41585,5685
41586,7836
41587,5506
41588,12762
41589,7205
41590,21648
41591,17912
41592,6310
41593,9211
41594,6982
41595,9594
41596,7820
41597,14437
41598,11504
41599,13217
41600,6235
41601,10210
41602,6484
41603,11621
41604,10034
41605,9862
41606,9443
41607,8388
41608,7023
41609,12004
41610,11837
41611,7787
41612,10780
41613,14848
41614,8252
41615,9747
41616,8559
41617,12709
41618,9539
41619,6686
41620,7567
41621,9906
41622,8404
41623,16514
41624,8255
41625,10678
41626,10075
41627,13517
41628,5944
41629,9902
41630,14213
41631,11803
41632,10773
41633,9226
41634,5870
41635,18694
41636,12878
41637,11909
41638,19929
41639,13444
41640,10978
41641,10080
41642,13821
41643,15150
41644,14256
41645,15713
41646,8693
41647,11968
41648,8505
41649,11730
41650,5187
41651,14903
41652,9338
41653,7818
41654,8243
41655,13696
41656,11712
41657,7931
41658,9921
41659,7439
41660,8014
41661,9896
41662,5739
41663,6959
41664,7942
41665,10283
41666,14163
41667,11048
41668,9598
41669,8399
41670,7785
41671,14759
41672,10564
41673,8301
41674,7354
41675,6727
41676,11640
41677,5482
41678,12216
41679,10207
41680,4698
41681,7323
41682,11523
41683,8290
41684,7262
41685,11272
41686,12759
41687,14637
41688,7964
41689,12514
41690,4435
41691,7876
41692,9674
41693,9011
41694,10630
41695,7695
41696,9032
41697,6776
41698,7881
41699,13298
41700,10057
41701,7366
41702,6854
41703,12254
41704,14246
41705,11027
41706,7380
41707,7219
41708,12847
41709,9118
41710,9137
41711,8531
41712,7625
41713,10009
41714,13397
41715,6235
41716,5966
41717,7013
41718,9169
41719,12210
41720,12001
41721,11968
41722,16985
41723,7083
41724,14833
41725,16269
41726,9458
41727,6638
41728,5039
41729,11376
41730,8809
41731,9525
41732,8561
41733,9950
41734,15062
41735,7310
41736,8894
41737,10269
41738,7459
41739,9136
41740,6856
41741,6922
41742,9701
41743,5077
41744,12186
41745,9673
41746,10592
41747,10381
41748,12832
41749,10122
41750,8440
41751,11039
41752,11746
41753,8288
41754,7718
41755,7058
41756,6787
41757,13680
41758,10299
41759,8587
41760,7537
41761,10889
41762,12177
41763,10890
41764,9227
41765,11588
41766,6352
41767,6889
41768,21462
41769,9303
41770,11148
41771,9747
41772,9151
41773,9567
41774,7396
41775,5904
41776,6963
41777,11059
41778,16350
41779,11136
41780,12110
41781,16046
41782,13948
41783,15699
41784,10998
41785,8352
41786,6144
41787,12966
41788,15370
41789,11673
41790,12045
41791,11881
41792,8481
41793,5591
41794,13228
41795,10642
41796,10124
41797,8430
41798,4629
41799,19413
41800,16108
41801,17384
41802,7772
41803,8033
41804,6020
41805,7854
41806,8411
41807,13510
41808,8586
41809,6710
41810,6951
41811,10603
41812,6075
41813,3996
41814,9840
41815,17427
41816,9934
41817,19511
41818,6415
41819,7936
41820,10223
41821,7548
41822,7777
41823,6548
41824,5789
41825,6182
41826,10713
41827,9954
41828,5681
41829,13052
41830,10295
41831,9443
41832,6504
41833,13265
41834,11426
41835,11978
41836,8154
41837,9981
41838,6370
41839,6876
41840,6468
41841,19432
41842,13889
41843,8423
41844,8362
41845,6910
41846,7929
41847,5942
41848,12108
41849,5966
41850,19816
41851,5952
41852,6899
41853,7398
41854,12129
41855,10161
41856,6564
41857,9133
41858,10240
41859,10032
41860,10350
41861,7801
41862,6936
41863,14567
41864,6363
41865,6738
41866,7439
41867,9300
41868,8518
41869,8357
41870,12549
41871,11634
41872,9861
41873,9863
41874,6869
41875,10322
41876,7965
41877,5924
41878,9472
41879,10230
41880,9944
41881,13981
41882,9379
41883,8794
41884,8914
41885,9228
41886,7666
41887,9005
41888,8406
41889,11341
41890,10046
41891,11000
41892,11864
41893,7847
41894,6722
41895,16536
41896,8528
41897,4413
41898,9999
41899,10675
41900,13943
41901,6677
41902,8508
41903,9064
41904,5980
41905,7865
41906,9902
41907,11202
41908,8362
41909,10927
41910,14013
41911,4209
41912,9277
41913,8641
41914,7939
41915,7829
41916,8999
41917,12900
41918,7105
41919,8024
41920,11271
41921,10838
41922,12825
41923,11896
41924,6258
41925,9459
41926,9054
41927,10809
41928,11166
41929,11806
41930,5829
41931,9474
41932,10042
41933,11237
41934,13687
41935,5901
41936,5172
41937,15354
41938,11983
41939,13467
41940,9668
41941,10338
41942,12174
41943,5555
41944,9599
41945,7601
41946,11254
41947,10509
41948,12185
41949,10124
41950,9832
41951,11300
41952,15114
41953,18673
41954,9578
41955,6755
41956,9196
41957,6070
41958,4622
41959,15173
41960,12380
41961,7720
41962,12428
41963,7588
41964,13839
41965,7151
41966,8907
41967,8368
41968,13172
41969,6968
41970,9910
41971,7503
41972,8827
41973,9754
41974,6463
41975,9706
41976,8882
41977,12084
41978,11102
41979,9479
41980,7220
41981,16613
41982,6484
41983,6720
41984,15883
41985,9487
41986,13477
41987,10682
41988,16537
41989,8568
41990,9536
41991,6882
41992,9429
41993,11549
41994,15695
41995,10286
41996,10998
41997,11954
41998,6205
41999,9429
42000,12112
42001,10408
42002,11171
42003,8612
42004,7577
42005,7147
42006,5730
42007,8773
42008,12444
42009,10623
42010,15175
42011,19523
42012,10193
42013,6887
42014,11276
42015,8807
42016,12298
42017,6325
42018,8357
42019,5306
42020,11644
42021,9393
42022,8975
42023,18407
42024,13016
42025,7792
42026,9662
42027,5040
42028,6620
42029,7310
42030,11206
42031,7425
42032,6346
42033,7506
42034,11516
42035,10086
42036,7403
42037,7612
42038,9857
42039,10346
42040,11466
42041,5521
42042,14370
42043,22287
42044,4243
42045,9834
42046,13094
42047,11423
42048,8944
42049,3850
42050,7166
42051,11631
42052,6754
42053,11851
42054,12855
42055,6790
42056,8704
42057,9653
42058,8861
42059,6224
42060,8576
42061,10925
42062,12537
42063,10476
42064,14417
42065,7766
42066,5160
42067,9765
42068,7802
42069,12980
42070,8255
42071,6564
42072,24719
42073,10519
42074,7749
42075,14451
42076,9843
42077,11004
42078,8665
42079,10170
42080,6544
42081,12319
42082,15931
42083,8128
42084,7630
42085,9622
42086,17263
42087,9141
42088,7812
42089,8776
42090,8303
42091,9767
42092,5724
42093,12456
42094,6311
42095,9096
42096,4150
42097,22674
42098,10904
42099,6540
42100,6171
42101,13850
42102,8660
42103,9669
42104,10682
42105,9736
42106,6500
42107,6319
42108,12920
42109,8240
42110,9139
42111,9158
42112,10005
42113,6947
42114,9601
42115,7985
42116,4955
42117,10574
42118,11324
42119,5986
42120,9982
42121,10225
42122,7022
42123,12741
42124,9483
42125,8603
42126,8703
42127,10504
42128,5085
42129,6569
42130,7576
42131,0
42132,8494
42133,12152
42134,6067
42135,10634
42136,6620
42137,7996
42138,6657
42139,9305
42140,7841
42141,9680
42142,10440
42143,11186
42144,5996
42145,9465
42146,9773
42147,11648
42148,8056
42149,12898
42150,12910
42151,8220
42152,3967
42153,10948
42154,8610
42155,8335
42156,10126
42157,4909
42158,14128
42159,7494
42160,9381
42161,14080
42162,8038
42163,6798
42164,15365
42165,9005
42166,13487
42167,6678
42168,11960
42169,12473
42170,7913
42171,7123
42172,9288
42173,7703
42174,8076
42175,7464
42176,12826
42177,9733
42178,6453
42179,6980
42180,7727
42181,11064
42182,9694
42183,13346
42184,7789
42185,9349
42186,5823
42187,9944
42188,10638
42189,9731
42190,8079
42191,8594
42192,10734
42193,12264
42194,8563
42195,10985
42196,7612
42197,9000
42198,9465
42199,9340
42200,5615
42201,5927
42202,9159
42203,8521
42204,8808
42205,8676
42206,11523
42207,7427
42208,8243
42209,10107
42210,7608
42211,5052
42212,12957
42213,5100
42214,10233
42215,10273
42216,8750
42217,10829
42218,17743
42219,12501
42220,11427
42221,6380
42222,11137
42223,10225
42224,5023
42225,4469
42226,11877
42227,5991
42228,10364
42229,14924
42230,10452
42231,10789
42232,8272
42233,10879
42234,10235
42235,10017
42236,10652
42237,13114
42238,12245
42239,9583
42240,10932
42241,7075
42242,9787
42243,6181
42244,7301
42245,9028
42246,7462
42247,7473
42248,11316
42249,8536
42250,12747
42251,10385
42252,7503
42253,5905
42254,14227
42255,9299
42256,9130
42257,9003
42258,10925
42259,8460
42260,8440
42261,9598
42262,9883
42263,8017
42264,6301
42265,12446
42266,10274
42267,7463
42268,6022
42269,16385
42270,8783
42271,9667
42272,8924
42273,14488
42274,13041
42275,10699
42276,11080
42277,11650
42278,8487
42279,7732
42280,9426
42281,14270
42282,18545
42283,8554
42284,7924
42285,5509
42286,7958
42287,13296
42288,18772
42289,10378
42290,7677
42291,7044
42292,8664
42293,8000
42294,11389
42295,13043
42296,7389
42297,5828
42298,10351
42299,8448
42300,12029
42301,13602
42302,7345
42303,10907
42304,5036
42305,10165
42306,11070
42307,10848
42308,12320
42309,9484
42310,10151
42311,6619
42312,8193
42313,10583
42314,10921
42315,10574
42316,11292
42317,9424
42318,6802
42319,12565
42320,5906
42321,13698
42322,8543
42323,6297
42324,9649
42325,9765
42326,8217
42327,10631
42328,12332
42329,7705
42330,13465
42331,5953
42332,6977
42333,11556
42334,12022
42335,13462
42336,8433
42337,8967
42338,7077
42339,7928
42340,10137
42341,9659
42342,8784
42343,7812
42344,13680
42345,9814
42346,12368
42347,14253
42348,10360
42349,6181
42350,6969
42351,8963
42352,11133
42353,7801
42354,11523
42355,7958
42356,14724
42357,8902
42358,8111
42359,7078
42360,8672
42361,7120
42362,10181
42363,10101
42364,7329
42365,7971
42366,7732
42367,14886
42368,8280
42369,23277
42370,9795
42371,5066
42372,6357
42373,9134
42374,10362
42375,6154
42376,5811
42377,11896
42378,8189
42379,8653
42380,6201
42381,8807
42382,9428
42383,6439
42384,6867
42385,8096
42386,9945
42387,8792
42388,8280
42389,8726
42390,9654
42391,7534
42392,5630
42393,6637
42394,11740
42395,12441
42396,7987
42397,12287
42398,6432
42399,10033
42400,5850
42401,6545
42402,5565
42403,9337
42404,9169
42405,13468
42406,10166
42407,7372
42408,7638
42409,6841
42410,5420
42411,6790
42412,12537
42413,8100
42414,6699
42415,5964
42416,6912
42417,9082
42418,4018
42419,8818
42420,5164
42421,7390
42422,7841
42423,6311
42424,8717
42425,6518
42426,9065
42427,11377
42428,8622
42429,7030
42430,11444
42431,5944
42432,8383
42433,8321
42434,12767
42435,6604
42436,6841
42437,10325
42438,8194
42439,10562
42440,7603
42441,11422
42442,6285
42443,5898
42444,7607
42445,6820
42446,10359
42447,9050
42448,4572
42449,7310
42450,8795
42451,7792
42452,11353
42453,4747
42454,15015
42455,7530
42456,5937
42457,7383
42458,8443
42459,7322
42460,9900
42461,5848
42462,8238
42463,7566
42464,9150
42465,9102
42466,7578
42467,8325
42468,6507
42469,6935
42470,9215
42471,8836
42472,9037
42473,5350
42474,10395
42475,6389
42476,9966
42477,7886
42478,13181
42479,7659
42480,5544
42481,7705
42482,6287
42483,6697
42484,6239
42485,8680
42486,7935
42487,4649
42488,9698
42489,7207
42490,8344
42491,5549
42492,10069
42493,10808
42494,5864
42495,13676
42496,7195
42497,6490
42498,9708
42499,10419
42500,5870
42501,5101
42502,8408
42503,8064
42504,5408
42505,6995
42506,7077
42507,8387
42508,9854
42509,8028
42510,8635
42511,7120
42512,5199
42513,8036
42514,8160
42515,9521
42516,9848
42517,9299
42518,9979
42519,6949
42520,9857
42521,8486
42522,7498
42523,9161
42524,10621
42525,8050
42526,9415
42527,12092
42528,8892
42529,9453
42530,6748
42531,8679
42532,9381
42533,7523
42534,8606
42535,4729
42536,6455
42537,12673
42538,9631
42539,7459
42540,4934
42541,10608
42542,7884
42543,9483
42544,6857
42545,6834
42546,6654
42547,5165
42548,12165
42549,9420
42550,7933
42551,8055
42552,6684
42553,6835
42554,7886
42555,7992
42556,4889
42557,8057
42558,6687
42559,9871
42560,9321
42561,7419
42562,13078
42563,6766
42564,5682
42565,12354
42566,6201
42567,7680
42568,4801
42569,10016
42570,9029
42571,5926
42572,7322
42573,8154
42574,6551
42575,7710
42576,9795
42577,13360
42578,3340
42579,8089
42580,3995
42581,15970
42582,5468
42583,10461
42584,10593
42585,8117
42586,8527
42587,5396
42588,6342
42589,3946
42590,6130
42591,7115
42592,6458
42593,8376
42594,8642
42595,6376
42596,8196
42597,8083
42598,9222
42599,10471
42600,8701
42601,6204
42602,4279
42603,10897
42604,13654
42605,7270
42606,9000
42607,5204
42608,9198
42609,6396
42610,5692
42611,8001
42612,4927
42613,9149
42614,7000
42615,10047
42616,7830
42617,10059
42618,9166
42619,6179
42620,10880
42621,21404
42622,12477
42623,7589
42624,3800
42625,7324
42626,10554
42627,6030
42628,6827
42629,12840
42630,6563
42631,15474
42632,19512
42633,4869
42634,8087
42635,6642
42636,5262
42637,9306
42638,6015
42639,11564
42640,10606
42641,11468
42642,8119
42643,9630
42644,4203
42645,8091
42646,4867
42647,7521
42648,8316
42649,12010
42650,6936
42651,6456
42652,5268
42653,8522
42654,7114
42655,6054
42656,5472
42657,9073
42658,6935
42659,6902
42660,9299
42661,9928
42662,0
42663,7752
42664,7973
42665,7275
42666,8808
42667,8838
42668,9331
42669,9330
42670,8704
42671,6201
42672,4598
42673,7762
42674,8015
42675,7373
42676,5594
42677,3660
42678,10763
42679,8884
42680,10988
42681,8123
42682,6894
42683,8538
42684,6389
42685,5179
42686,12031
42687,6022
42688,8461
42689,8477
42690,16369
42691,6934
42692,7149
42693,8497
42694,7860
42695,7514
42696,5867
42697,9372
42698,5491
42699,8745
42700,5066
42701,6953
42702,4716
42703,11666
42704,6134
42705,19905
42706,16344
42707,5554
42708,7949
42709,6715
42710,7949
42711,7055
42712,12745
42713,9505
42714,11448
42715,5506
42716,9095
42717,5613
42718,10426
42719,9039
42720,7923
42721,7747
42722,7084
42723,7030
42724,9724
42725,10309
42726,7068
42727,9102
42728,11858
42729,7052
42730,8157
42731,7330
42732,11133
42733,8224
42734,6454
42735,6652
42736,8116
42737,6522
42738,13042
42739,6998
42740,8532
42741,8067
42742,11108
42743,5177
42744,8474
42745,12636
42746,10086
42747,10510
42748,8286
42749,4794
42750,16463
42751,10950
42752,9325
42753,17887
42754,12084
42755,8907
42756,8463
42757,11889
42758,12369
42759,12671
42760,13238
42761,7291
42762,9416
42763,6918
42764,9905
42765,4867
42766,12638
42767,8159
42768,6614
42769,7238
42770,11749
42771,9600
42772,6680
42773,8636
42774,6679
42775,6237
42776,8339
42777,4857
42778,6038
42779,7321
42780,8534
42781,10892
42782,9851
42783,8384
42784,6964
42785,6552
42786,12497
42787,9202
42788,7098
42789,6370
42790,5748
42791,10139
42792,4748
42793,11294
42794,8350
42795,4103
42796,6771
42797,9581
42798,7028
42799,5961
42800,9597
42801,11050
42802,13020
42803,7211
42804,10861
42805,3983
42806,6636
42807,8007
42808,7203
42809,8616
42810,6883
42811,7778
42812,5706
42813,6324
42814,12020
42815,9386
42816,6364
42817,5790
42818,10239
42819,12584
42820,9709
42821,6306
42822,6234
42823,11651
42824,7662
42825,8187
42826,7650
42827,6306
42828,8177
42829,12221
42830,5089
42831,5308
42832,6403
42833,7703
42834,10747
42835,9509
42836,10137
42837,15677
42838,5936
42839,12818
42840,14962
42841,8142
42842,5749
42843,4426
42844,9399
42845,7671
42846,7602
42847,7128
42848,8211
42849,14399
42850,6144
42851,7025
42852,8641
42853,7304
42854,7710
42855,5897
42856,5496
42857,8134
42858,4171
42859,10744
42860,8996
42861,8773
42862,9475
42863,10347
42864,9243
42865,6784
42866,8699
42867,10645
42868,7621
42869,6802
42870,6562
42871,5902
42872,11958
42873,8012
42874,7211
42875,6592
42876,8881
42877,9779
42878,8946
42879,7838
42880,10024
42881,5729
42882,6801
42883,19335
42884,7852
42885,9692
42886,8457
42887,7667
42888,7444
42889,6010
42890,5118
42891,5959
42892,9416
42893,14862
42894,9826
42895,10037
42896,14449
42897,12132
42898,13016
42899,9048
42900,6847
42901,5600
42902,11931
42903,12725
42904,9347
42905,10346
42906,10740
42907,7520
42908,4775
42909,12125
42910,8408
42911,8256
42912,7578
42913,3974
42914,17119
42915,13898
42916,15619
42917,6799
42918,6759
42919,5272
42920,6677
42921,7886
42922,10760
42923,7506
42924,5899
42925,5872
42926,9158
42927,5062
42928,3718
42929,8139
42930,15268
42931,8228
42932,18114
42933,5636
42934,6763
42935,8540
42936,6843
42937,6693
42938,5541
42939,5111
42940,5386
42941,8889
42942,7913
42943,5118
42944,10726
42945,8148
42946,7955
42947,5464
42948,11402
42949,9521
42950,10866
42951,6956
42952,8639
42953,5031
42954,6004
42955,5745
42956,17241
42957,11706
42958,7194
42959,6853
42960,5657
42961,6939
42962,5476
42963,10870
42964,5254
42965,16235
42966,5301
42967,6492
42968,6770
42969,10156
42970,8198
42971,5539
42972,8042
42973,9690
42974,8545
42975,8755
42976,6892
42977,5702
42978,12701
42979,5662
42980,5393
42981,6662
42982,7417
42983,7382
42984,7538
42985,11119
42986,10129
42987,8045
42988,8229
42989,5922
42990,9101
42991,7475
42992,4903
42993,8283
42994,8209
42995,8501
42996,10881
42997,7589
42998,7539
42999,7724
43000,8331
43001,7007
43002,7790
43003,7554
43004,8683
43005,8592
43006,8625
43007,10251
43008,7078
43009,5829
43010,13714
43011,7501
43012,4308
43013,9575
43014,9702
43015,12897
43016,6154
43017,7057
43018,7385
43019,4718
43020,7182
43021,8712
43022,8469
43023,7380
43024,8972
43025,10606
43026,4059
43027,7528
43028,7177
43029,7071
43030,6518
43031,7757
43032,10617
43033,6664
43034,6358
43035,10144
43036,8786
43037,9938
43038,10359
43039,5330
43040,8336
43041,8230
43042,9863
43043,9264
43044,9719
43045,4827
43046,9264
43047,8508
43048,8985
43049,11271
43050,5519
43051,4891
43052,14233
43053,10408
43054,10496
43055,8129
43056,8467
43057,10200
43058,4764
43059,8040
43060,7100
43061,9084
43062,8765
43063,9436
43064,9375
43065,7671
43066,9964
43067,12618
43068,16835
43069,9148
43070,5791
43071,7662
43072,5314
43073,4292
43074,12768
43075,10221
43076,6538
43077,10700
43078,6246
43079,12532
43080,5594
43081,7515
43082,7249
43083,11211
43084,5991
43085,7927
43086,6606
43087,7235
43088,8639
43089,5738
43090,8107
43091,7950
43092,10753
43093,8943
43094,8263
43095,6381
43096,14092
43097,5832
43098,5925
43099,13252
43100,8470
43101,11382
43102,8644
43103,15387
43104,7556
43105,7087
43106,6200
43107,7872
43108,9961
43109,12845
43110,8471
43111,9358
43112,9308
43113,4748
43114,8613
43115,9733
43116,8282
43117,9597
43118,7019
43119,6242
43120,6064
43121,4928
43122,6849
43123,10247
43124,9232
43125,12342
43126,18592
43127,8621
43128,5918
43129,9353
43130,7960
43131,10495
43132,5016
43133,6864
43134,4997
43135,10453
43136,7567
43137,7319
43138,14898
43139,12080
43140,6239
43141,8096
43142,4364
43143,5919
43144,6391
43145,9304
43146,6158
43147,5289
43148,7151
43149,9970
43150,9388
43151,6531
43152,6563
43153,7954
43154,8940
43155,8893
43156,4828
43157,12089
43158,19459
43159,4111
43160,8079
43161,10581
43162,9257
43163,6568
43164,3487
43165,6106
43166,9833
43167,6074
43168,9857
43169,10858
43170,5572
43171,6622
43172,7794
43173,7410
43174,5583
43175,6920
43176,8980
43177,10695
43178,9418
43179,12226
43180,6582
43181,4521
43182,7911
43183,6886
43184,10327
43185,7584
43186,5867
43187,23406
43188,8539
43189,6732
43190,13171
43191,8287
43192,8988
43193,7445
43194,8853
43195,6070
43196,10626
43197,14034
43198,6692
43199,6928
43200,8007
43201,16931
43202,7656
43203,6815
43204,7242
43205,6843
43206,7810
43207,5030
43208,10129
43209,5184
43210,8133
43211,3448
43212,19100
43213,9632
43214,5361
43215,5332
43216,12132
43217,7671
43218,8486
43219,8991
43220,7731
43221,5614
43222,5605
43223,11443
43224,6990
43225,7876
43226,7881
43227,8889
43228,6166
43229,8247
43230,7519
43231,4722
43232,9719
43233,10458
43234,5456
43235,8666
43236,8314
43237,5660
43238,10529
43239,7723
43240,7898
43241,7034
43242,9135
43243,4481
43244,5292
43245,6261
43246,0
43247,7582
43248,10361
43249,4902
43250,9344
43251,5400
43252,7122
43253,5883
43254,7535
43255,7291
43256,8624
43257,8380
43258,9542
43259,5070
43260,7449
43261,8366
43262,9645
43263,7524
43264,10731
43265,11237
43266,7341
43267,3755
43268,9548
43269,7097
43270,7387
43271,8283
43272,4643
43273,11826
43274,6209
43275,8249
43276,12342
43277,8318
43278,5393
43279,13699
43280,7268
43281,11108
43282,6123
43283,11110
43284,11631
43285,6869
43286,6536
43287,8090
43288,6515
43289,7212
43290,7089
43291,11211
43292,8039
43293,5999
43294,5936
43295,7946
43296,8995
43297,7997
43298,10182
43299,6887
43300,7979
43301,5571
43302,8867
43303,9054
43304,8078
43305,6875
43306,7782
43307,9163
43308,10314
43309,6753
43310,9333
43311,6873
43312,7574
43313,8023
43314,8295
43315,4975
43316,5290
43317,8610
43318,8163
43319,7074
43320,7237
43321,9781
43322,6697
43323,7362
43324,8254
43325,6078
43326,4161
43327,10424
43328,4532
43329,8902
43330,8475
43331,7558
43332,9300
43333,15434
43334,10945
43335,9943
43336,5908
43337,9463
43338,8857
43339,4706
43340,4021
43341,9925
43342,4586
43343,8856
43344,13933
43345,8730
43346,8924
43347,6295
43348,8943
43349,8175
43350,8346
43351,8517
43352,10009
43353,10132
43354,8272
43355,9347
43356,6303
43357,8118
43358,5461
43359,6557
43360,7201
43361,6350
43362,6652
43363,9301
43364,6517
43365,10908
43366,8421
43367,5842
43368,5403
43369,11395
43370,8559
43371,7634
43372,7517
43373,9252
43374,6823
43375,7447
43376,8229
43377,8119
43378,6866
43379,5738
43380,10236
43381,9090
43382,6386
43383,4842
43384,14059
43385,7428
43386,7773
43387,8191
43388,12468
43389,10290
43390,9252
43391,9650
43392,9051
43393,6716
43394,6689
43395,8362
43396,12499
43397,15417
43398,6939
43399,7282
43400,4793
43401,6394
43402,11723
43403,16698
43404,9069
43405,6688
43406,5831
43407,7410
43408,6635
43409,10494
43410,10545
43411,7056
43412,5085
43413,9466
43414,7503
43415,11067
43416,10824
43417,6308
43418,9060
43419,4634
43420,8302
43421,10071
43422,8885
43423,10430
43424,8000
43425,8861
43426,5396
43427,6821
43428,9533
43429,9582
43430,8688
43431,9106
43432,7843
43433,5420
43434,11652
43435,5370
43436,12492
43437,7195
43438,5414
43439,8188
43440,8197
43441,7552
43442,9263
43443,11209
43444,6024
43445,11595
43446,4893
43447,5775
43448,9926
43449,10637
43450,11794
43451,7809
43452,8068
43453,6503
43454,7229
43455,8705
43456,8004
43457,7244
43458,6901
43459,11786
43460,8400
43461,9879
43462,13289
43463,9257
43464,5490
43465,6104
43466,7369
43467,10737
43468,6587
43469,9691
43470,6859
43471,12019
43472,7947
43473,6990
43474,6070
43475,6673
43476,6187
43477,8207
43478,8166
43479,6371
43480,6442
43481,6263
43482,11538
43483,7177
43484,21449
43485,8244
43486,4818
43487,6554
43488,8256
43489,9922
43490,5940
43491,5527
43492,10172
43493,7328
43494,7981
43495,5938
43496,8863
43497,9056
43498,6577
43499,6194
43500,7627
43501,9463
43502,7482
43503,8207
43504,8219
43505,9563
43506,6915
43507,5481
43508,6287
43509,11371
43510,11649
43511,7583
43512,11054
43513,5536
43514,9285
43515,4954
43516,6289
43517,5529
43518,8608
43519,8564
43520,12494
43521,10383
43522,7102
43523,7019
43524,6547
43525,4991
43526,6868
43527,12383
43528,7397
43529,6216
43530,5877
43531,6675
43532,9152
43533,3696
43534,8829
43535,5034
43536,7664
43537,7750
43538,5909
43539,8841
43540,6040
43541,8778
43542,9749
43543,8360
43544,6399
43545,10779
43546,6035
43547,7342
43548,8486
43549,12278
43550,5825
43551,6808
43552,9905
43553,8572
43554,9747
43555,7111
43556,10427
43557,5660
43558,5142
43559,6876
43560,6509
43561,10012
43562,8824
43563,4422
43564,6662
43565,8291
43566,7920
43567,10445
43568,4394
43569,14624
43570,7468
43571,5527
43572,6678
43573,7317
43574,7013
43575,9282
43576,5462
43577,7920
43578,6719
43579,8515
43580,7828
43581,6666
43582,7741
43583,6170
43584,7013
43585,9089
43586,8563
43587,8504
43588,5056
43589,9942
43590,6296
43591,9459
43592,7598
43593,12852
43594,6945
43595,5258
43596,7353
43597,6081
43598,6482
43599,6031
43600,8777
43601,7482
43602,4238
43603,9209
43604,6598
43605,7787
43606,5159
43607,10009
43608,10010
43609,5349
43610,12455
43611,6816
43612,6462
43613,9316
43614,10010
43615,5589
43616,4795
43617,8400
43618,7124
43619,4959
43620,6869
43621,7021
43622,8201
43623,8829
43624,7984
43625,8313
43626,6667
43627,4917
43628,7285
43629,8127
43630,9422
43631,9596
43632,9035
43633,9146
43634,6840
43635,9451
43636,7897
43637,6857
43638,8452
43639,9806
43640,8209
43641,7993
43642,10726
43643,9076
43644,8720
43645,6232
43646,8003
43647,8777
43648,6943
43649,8121
43650,4504
43651,6139
43652,11485
43653,9401
43654,6971
43655,4768
43656,9355
43657,7882
43658,8684
43659,7059
43660,6496
43661,6012
43662,4684
43663,11378
43664,8367
43665,7466
43666,7616
43667,6466
43668,6296
43669,7382
43670,7602
43671,4609
43672,6657
43673,6433
43674,9387
43675,9074
43676,7189
43677,13080
43678,6903
43679,5904
43680,11570
43681,5797
43682,7598
43683,3508
43684,9755
43685,8446
43686,5957
43687,6992
43688,8620
43689,6511
43690,7098
43691,9098
43692,12203
43693,3209
43694,7573
43695,3822
43696,13943
43697,5731
43698,9915
43699,10087
43700,8085
43701,8045
43702,5237
43703,6039
43704,3565
43705,5388
43706,6782
43707,5693
43708,8043
43709,8661
43710,5807
43711,7338
43712,7409
43713,9036
43714,10070
43715,8408
43716,6309
43717,4170
43718,10104
43719,12608
43720,6517
43721,8294
43722,4902
43723,8564
43724,6074
43725,5448
43726,7419
43727,4544
43728,8590
43729,6662
43730,9595
43731,7333
43732,9654
43733,8649
43734,5841
43735,10444
43736,19321
43737,11685
43738,6731
43739,3654
43740,7242
43741,9778
43742,5513
43743,6739
43744,12589
43745,6338
43746,14031
43747,19251
43748,4737
43749,7449
43750,6120
43751,4741
43752,9110
43753,6093
43754,10151
43755,9934
43756,9876
43757,7265
43758,8878
43759,4053
43760,7823
43761,4274
43762,7376
43763,7739
43764,11731
43765,7065
43766,6267
43767,4877
43768,8347
43769,6820
43770,5878
43771,4747
43772,8919
43773,6912
43774,6621
43775,8257
43776,8896
43777,0
43778,6925
43779,6836
43780,7175
43781,8035
43782,8283
43783,9395
43784,8994
43785,8217
43786,6022
43787,4461
43788,7592
43789,7262
43790,7126
43791,5256
43792,3055
43793,10047
43794,8233
43795,10641
43796,7635
43797,6295
43798,7386
43799,5949
43800,4853
43801,10698
43802,6057
43803,8046
43804,8180
43805,14982
43806,6722
43807,5953
43808,8353
43809,6256
43810,6937
43811,5928
43812,8601
43813,5133
43814,8205
43815,4834
43816,6457
43817,4225
43818,10540
43819,5977
43820,18033
43821,14680
43822,5470
43823,7497
43824,6142
43825,7254
43826,6551
43827,12237
43828,9186
43829,10242
43830,5077
43831,8510
43832,5776
43833,10299
43834,8663
43835,7529
43836,7226
43837,6933
43838,7175
43839,9255
43840,9543
43841,7226
43842,8447
43843,11163
43844,6890
43845,7424
43846,7219
43847,10250
43848,7589
43849,5890
43850,6663
43851,6847
43852,6226
43853,13156
43854,6638
43855,8189
43856,7852
43857,10264
43858,5263
43859,7695
43860,10741
43861,9075
43862,9328
43863,7611
43864,4568
43865,16272
43866,10147
43867,8945
43868,17664
43869,10036
43870,8786
43871,8065
43872,10734
43873,11379
43874,11713
43875,12419
43876,6345
43877,8605
43878,6494
43879,9443
43880,4405
43881,11062
43882,7634
43883,6486
43884,7173
43885,10517
43886,9054
43887,6479
43888,7973
43889,6691
43890,5581
43891,8090
43892,4754
43893,6086
43894,6764
43895,8706
43896,10355
43897,9890
43898,8175
43899,6965
43900,6279
43901,11594
43902,8229
43903,6424
43904,6012
43905,5830
43906,10224
43907,4569
43908,10993
43909,8437
43910,3735
43911,6175
43912,8885
43913,7037
43914,5971
43915,9578
43916,10393
43917,12288
43918,6584
43919,11112
43920,3663
43921,6042
43922,8016
43923,6699
43924,7720
43925,6909
43926,7454
43927,5694
43928,5843
43929,12049
43930,9142
43931,5885
43932,5396
43933,9579
43934,11702
43935,9752
43936,6094
43937,5648
43938,11921
43939,7229
43940,8979
43941,6758
43942,6116
43943,7857
43944,10580
43945,4257
43946,5510
43947,5388
43948,7043
43949,10570
43950,9221
43951,9371
43952,13997
43953,5889
43954,12031
43955,14255
43956,8128
43957,5369
43958,3890
43959,8953
43960,7068
43961,6811
43962,7009
43963,7430
43964,12193
43965,5781
43966,6815
43967,8331
43968,5841
43969,7660
43970,5856
43971,5160
43972,8028
43973,3826
43974,8970
43975,8897
43976,8699
43977,9070
43978,9793
43979,8782
43980,6720
43981,8287
43982,9543
43983,7490
43984,6905
43985,6563
43986,6407
43987,11352
43988,7852
43989,6723
43990,6345
43991,8748
43992,9382
43993,8425
43994,6979
43995,9486
43996,5480
43997,6828
43998,17620
43999,7694
44000,9667
44001,7463
44002,6785
44003,7296
44004,5803
44005,4803
44006,5827
44007,9653
44008,13741
44009,9147
44010,9623
44011,12027
44012,11474
44013,11772
44014,8543
44015,6759
44016,5179
44017,11374
44018,12131
44019,9295
44020,9234
44021,9178
44022,7412
44023,4185
44024,11706
44025,8406
44026,7693
44027,7147
44028,3524
44029,14512
44030,13057
44031,13915
44032,6919
44033,6009
44034,5063
44035,6493
44036,6864
44037,9734
44038,7708
44039,5689
44040,5876
44041,7946
44042,5100
44043,3371
44044,7283
44045,14195
44046,7536
44047,18094
44048,5213
44049,6471
44050,8125
44051,6166
44052,6230
44053,5434
44054,4818
44055,4949
44056,9005
44057,7652
44058,4816
44059,10212
44060,7338
44061,7694
44062,5094
44063,10941
44064,8983
44065,10108
44066,6256
44067,7655
44068,4590
44069,5808
44070,5340
44071,17059
44072,11849
44073,6790
44074,6309
44075,5728
44076,6886
44077,4992
44078,9953
44079,4756
44080,14946
44081,4952
44082,5999
44083,6412
44084,9769
44085,8342
44086,5322
44087,7474
44088,9074
44089,8205
44090,8654
44091,6351
44092,4608
44093,11135
44094,5124
44095,4657
44096,6493
44097,7464
44098,6984
44099,7015
44100,10133
44101,9292
44102,7496
44103,7835
44104,5670
44105,9252
44106,6887
44107,4686
44108,7495
44109,7500
44110,7876
44111,10223
44112,7278
44113,6863
44114,7764
44115,7067
44116,6411
44117,7685
44118,7647
44119,7864
44120,6840
44121,7966
44122,9943
44123,7243
44124,5307
44125,13059
44126,6697
44127,4102
44128,8482
44129,9996
44130,12338
44131,5856
44132,6505
44133,7009
44134,4337
44135,6889
44136,8215
44137,7643
44138,6693
44139,7899
44140,10303
44141,3669
44142,7272
44143,6689
44144,6371
44145,6084
44146,7307
44147,9700
44148,6433
44149,5794
44150,9187
44151,8947
44152,9309
44153,9665
44154,5621
44155,7999
44156,7992
44157,9392
44158,9387
44159,9470
44160,4186
44161,9155
44162,8593
44163,8636
44164,10541
44165,5372
44166,4553
44167,13056
44168,9373
44169,10391
44170,7176
44171,7038
44172,9691
44173,4257
44174,7442
44175,6413
44176,8807
44177,7458
44178,8029
44179,9337
44180,7021
44181,9446
44182,12194
44183,16364
44184,8256
44185,5404
44186,7301
44187,5347
44188,3722
44189,11632
44190,9555
44191,6503
44192,9334
44193,5976
44194,11442
44195,5649
44196,7499
44197,6839
44198,11145
44199,6109
44200,7740
44201,6503
44202,6761
44203,7660
44204,5742
44205,8052
44206,7865
44207,10128
44208,8963
44209,7652
44210,5933
44211,12334
44212,5243
44213,5850
44214,11920
44215,7942
44216,10476
44217,8267
44218,15181
44219,6743
44220,6602
44221,6029
44222,6992
44223,9278
44224,12720
44225,8263
44226,8601
44227,8966
44228,4520
44229,8380
44230,9236
44231,8148
44232,8822
44233,6565
44234,5561
44235,6098
44236,4485
44237,6270
44238,9614
44239,8361
44240,11278
44241,17627
44242,8241
44243,5986
44244,9058
44245,7594
44246,9730
44247,5018
44248,6657
44249,4710
44250,10134
44251,7721
44252,6622
44253,13746
44254,12339
44255,5850
44256,7810
44257,4292
44258,5649
44259,5937
44260,9350
44261,5744
44262,5357
44263,6727
44264,8211
44265,7241
44266,5703
44267,6378
44268,7437
44269,7799
44270,8551
44271,4340
44272,11470
44273,18630
44274,3977
44275,7650
44276,9527
44277,8725
44278,5907
44279,3338
44280,5880
44281,8806
44282,6067
44283,8549
44284,10193
44285,5441
44286,6246
44287,7642
44288,7074
44289,5563
44290,7115
44291,9007
44292,10139
44293,8781
44294,11356
44295,6341
44296,4174
44297,7202
44298,6625
44299,9337
44300,7358
44301,5199
44302,21960
44303,7849
44304,6351
44305,12549
44306,7447
44307,8689
44308,6946
44309,8376
44310,5739
44311,9782
44312,13688
44313,5876
44314,6334
44315,7842
44316,14856
44317,7312
44318,6457
44319,6585
44320,6463
44321,7017
44322,4563
44323,9742
44324,4852
44325,7465
44326,3282
44327,18993
44328,9309
44329,5382
44330,5307
44331,10433
44332,7272
44333,8322
44334,8913
44335,7169
44336,5795
44337,5022
44338,10721
44339,6736
44340,7612
44341,7404
44342,8842
44343,5845
44344,8216
44345,6789
44346,4530
44347,8893
44348,9338
44349,5486
44350,8329
44351,8242
44352,5610
44353,9934
44354,6729
44355,7284
44356,7079
44357,8796
44358,4266
44359,5237
44360,5910
44361,0
44362,7857
44363,9506
44364,4806
44365,8867
44366,5237
44367,6640
44368,5158
44369,7289
44370,6952
44371,7974
44372,7826
44373,9299
44374,4622
44375,7367
44376,7977
44377,8512
44378,7716
44379,10110
44380,10791
44381,6940
44382,3724
44383,7834
44384,6108
44385,7265
44386,7463
44387,4520
44388,11942
44389,6142
44390,7601
44391,11181
44392,7385
44393,4839
44394,13105
44395,6767
44396,10516
44397,5959
44398,9893
44399,10111
44400,7041
44401,6073
44402,7238
44403,6138
44404,6993
44405,6953
44406,9844
44407,7722
44408,5651
44409,5349
44410,7328
44411,8677
44412,7163
44413,9796
44414,6383
44415,7433
44416,5245
44417,8604
44418,8678
44419,7568
44420,6415
44421,7214
44422,8691
44423,9452
44424,6481
44425,8645
44426,6502
44427,7081
44428,7953
44429,7426
44430,4758
44431,4698
44432,9192
44433,8244
44434,6326
44435,6789
44436,9281
44437,6556
44438,6283
44439,8244
44440,5982
44441,3873
44442,9355
44443,4148
44444,8009
44445,8237
44446,6987
44447,7793
44448,12105
44449,10939
44450,9683
44451,5373
44452,8900
44453,8150
44454,4817
44455,3441
44456,9292
44457,4054
44458,8426
44459,13606
44460,8347
44461,8021
44462,5759
44463,8325
44464,7649
44465,7353
44466,7963
44467,9172
44468,9526
44469,7677
44470,9434
44471,6098
44472,7235
44473,5032
44474,6336
44475,6964
44476,6088
44477,6257
44478,8489
44479,6141
44480,10471
44481,7536
44482,5622
44483,5172
44484,10609
44485,8320
44486,6859
44487,7185
44488,7838
44489,7139
44490,6574
44491,7667
44492,7971
44493,6502
44494,5447
44495,10393
44496,8724
44497,6422
44498,4393
44499,12374
44500,7196
44501,7039
44502,7281
44503,11650
44504,9890
44505,8975
44506,9103
44507,8406
44508,6536
44509,6387
44510,7742
44511,10869
44512,15227
44513,6133
44514,6301
44515,4200
44516,5700
44517,9820
44518,14476
44519,7386
44520,5458
44521,5683
44522,7073
44523,6443
44524,10694
44525,9709
44526,6805
44527,4621
44528,9051
44529,7034
44530,10314
44531,10206
44532,5875
44533,8563
44534,4446
44535,8151
44536,9764
44537,8171
44538,9432
44539,7191
44540,8360
44541,5414
44542,6619
44543,8434
44544,9042
44545,8326
44546,9119
44547,7412
44548,5104
44549,10531
44550,5313
44551,11256
44552,7189
44553,5457
44554,8811
44555,7773
44556,6878
44557,8878
44558,10382
44559,5894
44560,11053
44561,4617
44562,5428
44563,9482
44564,9541
44565,11803
44566,7253
44567,7066
44568,6312
44569,6531
44570,8137
44571,7422
44572,6948
44573,6377
44574,10752
44575,8050
44576,9098
44577,12955
44578,9241
44579,5394
44580,5607
44581,7059
44582,10485
44583,5967
44584,9131
44585,5908
44586,10742
44587,7561
44588,6714
44589,5910
44590,6142
44591,5618
44592,7613
44593,7067
44594,6054
44595,5693
44596,5564
44597,10820
44598,6871
44599,20742
44600,8127
44601,4964
44602,6171
44603,8464
44604,10714
44605,5777
44606,5764
44607,10928
44608,8520
44609,8304
44610,6265
44611,8877
44612,9651
44613,6690
44614,6612
44615,8369
44616,9807
44617,8036
44618,8553
44619,9088
44620,10870
44621,7383
44622,5661
44623,6651
44624,11739
44625,13197
44626,8558
44627,11762
44628,6131
44629,9658
44630,5586
44631,6779
44632,5615
44633,9218
44634,9076
44635,13333
44636,10779
44637,8021
44638,7100
44639,6710
44640,5502
44641,7267
44642,12569
44643,7806
44644,6413
44645,6652
44646,7137
44647,9564
44648,3853
44649,9049
44650,5363
44651,8609
44652,8572
44653,6411
44654,9884
44655,6089
44656,9968
44657,10947
44658,8773
44659,6646
44660,10944
44661,5841
44662,7737
44663,9539
44664,13945
44665,6549
44666,7386
44667,10098
44668,9057
44669,10452
44670,7495
44671,11128
44672,5902
44673,5697
44674,7148
44675,7290
44676,10528
44677,9774
44678,4750
44679,6829
44680,9271
44681,8005
44682,11525
44683,4553
44684,14832
44685,7826
44686,5777
44687,6983
44688,7572
44689,7273
44690,9903
44691,5793
44692,8455
44693,7144
44694,9180
44695,8392
44696,6886
44697,8748
44698,6807
44699,7100
44700,9791
44701,9517
44702,9265
44703,5321
44704,10371
44705,6576
44706,9664
44707,8226
44708,13774
44709,7481
44710,5593
44711,8197
44712,6412
44713,6842
44714,6288
44715,9023
44716,8095
44717,4525
44718,9986
44719,6825
44720,8458
44721,5466
44722,9804
44723,9908
44724,5452
44725,13752
44726,7567
44727,6685
44728,9929
44729,10703
44730,6012
44731,5240
44732,9099
44733,7914
44734,5071
44735,7507
44736,7250
44737,8528
44738,9977
44739,8408
44740,9202
44741,7147
44742,5127
44743,7719
44744,8951
44745,9785
44746,10348
44747,9536
44748,9719
44749,7041
44750,10173
44751,8569
44752,6681
44753,8900
44754,10733
44755,8601
44756,10173
44757,11209
44758,9706
44759,9150
44760,6914
44761,8481
44762,9657
44763,7562
44764,8456
44765,4547
44766,6602
44767,11770
44768,9404
44769,7627
44770,4940
44771,9912
44772,8211
44773,9551
44774,7220
44775,6852
44776,6334
44777,5014
44778,12472
44779,9057
44780,8320
44781,8086
44782,7072
44783,6175
44784,7616
44785,8505
44786,4860
44787,7284
44788,6701
44789,9893
44790,9378
44791,7611
44792,13968
44793,6255
44794,6134
44795,12331
44796,6341
44797,7887
44798,3901
44799,10852
44800,9160
44801,7203
44802,7387
44803,7992
44804,6736
44805,7726
44806,10729
44807,13043
44808,3456
44809,8568
44810,4087
44811,15713
44812,5436
44813,10485
44814,10576
44815,8620
44816,8739
44817,5694
44818,6592
44819,3651
44820,5583
44821,7389
44822,6257
44823,8345
44824,9070
44825,6692
44826,7699
44827,7670
44828,9865
44829,11179
44830,9404
44831,6550
44832,4747
44833,10509
44834,12896
44835,7008
44836,8898
44837,5077
44838,9425
44839,6665
44840,5524
44841,7701
44842,5058
44843,9320
44844,6711
44845,10079
44846,8216
44847,10817
44848,9254
44849,6739
44850,11162
44851,20863
44852,12761
44853,7010
44854,3885
44855,7759
44856,10362
44857,5926
44858,7267
44859,13778
44860,6687
44861,15665
44862,20395
44863,4578
44864,7929
44865,6430
44866,5322
44867,11221
44868,5811
44869,10389
44870,10545
44871,10279
44872,7982
44873,9380
44874,4650
44875,7824
44876,4843
44877,7780
44878,8447
44879,11984
44880,7957
44881,6989
44882,5326
44883,8713
44884,6707
44885,5881
44886,5115
44887,9554
44888,7713
44889,7053
44890,8410
44891,9476
44892,0
44893,7476
44894,7490
44895,6811
44896,8920
44897,8507
44898,10042
44899,9650
44900,9325
44901,6468
44902,4820
44903,7753
44904,7935
44905,7564
44906,5514
44907,3706
44908,10261
44909,9101
44910,11492
44911,7956
44912,6812
44913,8481
44914,6658
44915,5379
44916,11537
44917,6252
44918,9029
44919,9053
44920,17152
44921,7713
44922,6972
44923,9273
44924,6883
44925,9516
44926,6740
44927,9419
44928,5231
44929,9112
44930,5343
44931,6986
44932,4408
44933,11631
44934,6496
44935,18732
44936,16308
44937,5992
44938,7925
44939,6464
44940,7912
44941,6932
44942,13437
44943,10015
44944,11456
44945,5287
44946,8875
44947,6319
44948,10770
44949,9221
44950,8285
44951,8057
44952,7860
44953,7439
44954,9704
44955,10863
44956,7472
44957,9342
44958,11405
44959,7673
44960,8141
44961,8063
44962,10706
44963,8311
44964,6412
44965,6946
44966,7776
44967,6622
44968,13952
44969,7379
44970,9415
44971,8454
44972,10759
44973,5505
44974,8374
44975,11484
44976,9646
44977,10701
44978,8288
44979,4996
44980,16549
44981,11043
44982,9910
44983,20313
44984,11947
44985,8981
44986,8518
44987,11215
44988,12293
44989,12539
44990,13042
44991,6970
44992,8975
44993,6954
44994,10263
44995,4753
44996,13438
44997,7826
44998,6810
44999,7366
45000,11289
45001,9567
45002,6736
45003,8336
45004,6471
45005,5808
45006,8869
45007,5177
45008,6231
45009,7389
45010,8500
45011,11232
45012,10336
45013,8950
45014,7932
45015,6763
45016,12953
45017,8712
45018,6729
45019,6457
45020,5915
45021,11149
45022,4763
45023,11573
45024,8984
45025,4032
45026,6083
45027,9326
45028,7481
45029,6370
45030,10198
45031,11770
45032,12896
45033,7167
45034,12193
45035,3620
45036,6474
45037,8014
45038,6845
45039,8338
45040,7102
45041,7910
45042,6184
45043,6560
45044,12910
45045,9488
45046,6373
45047,5546
45048,9948
45049,12814
45050,12183
45051,6516
45052,6486
45053,11233
45054,7214
45055,9021
45056,7364
45057,6376
45058,8360
45059,11921
45060,4949
45061,5370
45062,5991
45063,7337
45064,11054
45065,9677
45066,9729
45067,15510
45068,6392
45069,13255
45070,14699
45071,8916
45072,5982
45073,4471
45074,9718
45075,7231
45076,7102
45077,7664
45078,8029
45079,13558
45080,6007
45081,7340
45082,9080
45083,6847
45084,8884
45085,5948
45086,5784
45087,8804
45088,3813
45089,10082
45090,9455
45091,9132
45092,9769
45093,10515
45094,9545
45095,7321
45096,8973
45097,10304
45098,7688
45099,6933
45100,6522
45101,6036
45102,12643
45103,9380
45104,7631
45105,6517
45106,8936
45107,10124
45108,9126
45109,7234
45110,9675
45111,5838
45112,7491
45113,19914
45114,7948
45115,10571
45116,8456
45117,7243
45118,7499
45119,6209
45120,4991
45121,6848
45122,10616
45123,15228
45124,9955
45125,10060
45126,13902
45127,12088
45128,12886
45129,9690
45130,7395
45131,5571
45132,12133
45133,13068
45134,9736
45135,10034
45136,10213
45137,7580
45138,4482
45139,12207
45140,8343
45141,8152
45142,7617
45143,3775
45144,15935
45145,14230
45146,15853
45147,7428
45148,6207
45149,5327
45150,6600
45151,7679
45152,9754
45153,8394
45154,5836
45155,6478
45156,8708
45157,4859
45158,3652
45159,8297
45160,15884
45161,8138
45162,19677
45163,5690
45164,7044
45165,8156
45166,6714
45167,6722
45168,5886
45169,4966
45170,5047
45171,9669
45172,8393
45173,4907
45174,10485
45175,7429
45176,8254
45177,5514
45178,11596
45179,9541
45180,10993
45181,6416
45182,8401
45183,4917
45184,6231
45185,5909
45186,16740
45187,12736
45188,7630
45189,6773
45190,6027
45191,7126
45192,6162
45193,12566
45194,4961
45195,16610
45196,5184
45197,6261
45198,6802
45199,10283
45200,9329
45201,5550
45202,8210
45203,9649
45204,8848
45205,9197
45206,6607
45207,5158
45208,12008
45209,5388
45210,4892
45211,6582
45212,8345
45213,7305
45214,7412
45215,10517
45216,10334
45217,8086
45218,8391
45219,5906
45220,9582
45221,7206
45222,5175
45223,8222
45224,8226
45225,8397
45226,11163
45227,7562
45228,7289
45229,8181
45230,7926
45231,6979
45232,8160
45233,8200
45234,8478
45235,7645
45236,8194
45237,11322
45238,7481
45239,5378
45240,13748
45241,7568
45242,4119
45243,9452
45244,10381
45245,13793
45246,6066
45247,7076
45248,7566
45249,4543
45250,6989
45251,8572
45252,8708
45253,7280
45254,8301
45255,11455
45256,3992
45257,7762
45258,7209
45259,6539
45260,6301
45261,7739
45262,9868
45263,6544
45264,6246
45265,10019
45266,9684
45267,9921
45268,10239
45269,5910
45270,8456
45271,8269
45272,9706
45273,10615
45274,10235
45275,6319
45276,10108
45277,9250
45278,9652
45279,10701
45280,5654
45281,4809
45282,14202
45283,9974
45284,10734
45285,7441
45286,7970
45287,10106
45288,4772
45289,8123
45290,6748
45291,10056
45292,8027
45293,8512
45294,9883
45295,7683
45296,10300
45297,12985
45298,17350
45299,8724
45300,5653
45301,7676
45302,5646
45303,3847
45304,12559
45305,10566
45306,6925
45307,10054
45308,6540
45309,12513
45310,6004
45311,8090
45312,7231
45313,11358
45314,6282
45315,7637
45316,6587
45317,7055
45318,8330
45319,6564
45320,8754
45321,8968
45322,10404
45323,10007
45324,8572
45325,6819
45326,13175
45327,5465
45328,6547
45329,12367
45330,8333
45331,10805
45332,8986
45333,16191
45334,7299
45335,6770
45336,6716
45337,7655
45338,9910
45339,13282
45340,8718
45341,9755
45342,9595
45343,4923
45344,8665
45345,9396
45346,8851
45347,9861
45348,7168
45349,5923
45350,6294
45351,4604
45352,6664
45353,10700
45354,10001
45355,12532
45356,19684
45357,8280
45358,6104
45359,9522
45360,8216
45361,10426
45362,5432
45363,7167
45364,5173
45365,11080
45366,7925
45367,7067
45368,15508
45369,12870
45370,6416
45371,8414
45372,4577
45373,5908
45374,6253
45375,10174
45376,5947
45377,5853
45378,6969
45379,9033
45380,8910
45381,5781
45382,7085
45383,8526
45384,8214
45385,9597
45386,4795
45387,12146
45388,20282
45389,4120
45390,8443
45391,10062
45392,9504
45393,6066
45394,3691
45395,5950
45396,9547
45397,6128
45398,9103
45399,10576
45400,5970
45401,6867
45402,8611
45403,7358
45404,5806
45405,7706
45406,9619
45407,10396
45408,10073
45409,11122
45410,6765
45411,4517
45412,7666
45413,6748
45414,10498
45415,7760
45416,5878
45417,22358
45418,8623
45419,6706
45420,13234
45421,8201
45422,9335
45423,7573
45424,8847
45425,5884
45426,10315
45427,14580
45428,6385
45429,6788
45430,7752
45431,15811
45432,7980
45433,6806
45434,7054
45435,6691
45436,7286
45437,4863
45438,10609
45439,5082
45440,8032
45441,3505
45442,20719
45443,10077
45444,5276
45445,5694
45446,11289
45447,7800
45448,8679
45449,9429
45450,7695
45451,5966
45452,5547
45453,11060
45454,6935
45455,8047
45456,8093
45457,9491
45458,5756
45459,8470
45460,7414
45461,4710
45462,9630
45463,10362
45464,5543
45465,9144
45466,9519
45467,6067
45468,10737
45469,7248
45470,7825
45471,7746
45472,9705
45473,4388
45474,5649
45475,6405
45476,0
45477,7538
45478,9880
45479,5349
45480,9542
45481,5424
45482,6999
45483,5444
45484,7560
45485,7140
45486,8361
45487,8500
45488,10428
45489,5374
45490,7881
45491,8684
45492,9469
45493,7827
45494,9862
45495,10872
45496,7610
45497,4041
45498,8837
45499,6404
45500,7394
45501,8074
45502,4574
45503,12725
45504,6571
45505,8233
45506,12697
45507,8243
45508,5216
45509,14378
45510,7355
45511,11159
45512,6415
45513,10462
45514,12133
45515,7495
45516,6046
45517,7705
45518,6382
45519,7354
45520,7165
45521,10499
45522,8251
45523,5868
45524,5699
45525,7628
45526,9178
45527,7766
45528,10676
45529,6811
45530,7947
45531,5983
45532,9360
45533,8988
45534,8091
45535,7411
45536,7491
45537,9272
45538,10140
45539,6693
45540,9286
45541,6396
45542,8071
45543,8533
45544,7894
45545,5017
45546,5050
45547,8602
45548,8679
45549,6560
45550,6854
45551,10212
45552,6876
45553,7136
45554,8061
45555,6495
45556,4357
45557,9816
45558,4438
45559,8510
45560,8918
45561,7348
45562,8329
45563,13817
45564,11597
45565,9466
45566,5573
45567,10417
45568,8764
45569,4820
45570,3730
45571,10659
45572,4146
45573,9202
45574,14009
45575,9895
45576,8378
45577,5970
45578,8962
45579,8629
45580,7671
45581,8895
45582,9751
45583,10084
45584,7999
45585,10319
45586,6354
45587,8068
45588,5371
45589,6516
45590,7752
45591,6647
45592,6358
45593,9446
45594,6156
45595,10877
45596,8077
45597,6106
45598,5310
45599,11524
45600,8440
45601,7505
45602,7683
45603,8166
45604,7291
45605,6973
45606,8456
45607,8699
45608,6821
45609,5606
45610,11373
45611,9179
45612,7140
45613,4742
45614,13570
45615,8273
45616,7395
45617,7898
45618,12802
45619,10431
45620,8934
45621,9674
45622,9088
45623,6927
45624,7001
45625,8280
45626,11296
45627,15817
45628,6421
45629,6768
45630,4681
45631,5904
45632,10899
45633,16788
45634,7967
45635,6243
45636,6361
45637,7825
45638,6977
45639,10905
45640,10722
45641,7116
45642,5269
45643,9219
45644,7559
45645,11836
45646,10879
45647,6164
45648,9251
45649,4789
45650,9371
45651,10472
45652,9127
45653,9440
45654,7823
45655,9102
45656,5341
45657,7705
45658,9040
45659,9878
45660,9476
45661,10039
45662,8209
45663,5415
45664,11096
45665,5556
45666,11849
45667,7536
45668,5540
45669,7618
45670,8421
45671,7534
45672,9271
45673,10916
45674,6714
45675,11473
45676,5130
45677,5857
45678,9658
45679,10114
45680,12022
45681,7316
45682,8087
45683,6365
45684,7337
45685,8649
45686,8289
45687,7686
45688,6941
45689,11428
45690,8185
45691,9805
45692,13677
45693,9941
45694,5384
45695,5754
45696,7568
45697,10978
45698,6215
45699,10271
45700,6187
45701,11902
45702,7823
45703,7139
45704,6550
45705,6674
45706,6042
45707,7847
45708,7506
45709,6000
45710,6170
45711,5957
45712,11483
45713,7965
45714,21812
45715,8897
45716,5226
45717,5967
45718,8745
45719,11157
45720,5882
45721,6113
45722,11527
45723,7325
45724,8899
45725,6599
45726,9013
45727,9958
45728,7540
45729,7101
45730,8907
45731,10198
45732,7956
45733,9556
45734,9433
45735,9807
45736,7993
45737,6254
45738,7073
45739,12505
45740,13008
45741,8646
45742,11999
45743,6134
45744,9977
45745,5178
45746,7307
45747,5803
45748,9643
45749,9440
45750,13362
45751,11417
45752,8387
45753,7491
45754,6893
45755,5524
45756,7476
45757,12681
45758,8153
45759,6748
45760,6818
45761,7720
45762,9587
45763,4168
45764,9729
45765,5599
45766,9589
45767,9017
45768,6866
45769,10607
45770,6293
45771,10548
45772,10813
45773,9040
45774,7001
45775,10660
45776,6249
45777,7937
45778,10093
45779,14390
45780,6684
45781,7772
45782,10191
45783,9676
45784,10912
45785,8167
45786,11359
45787,5958
45788,5604
45789,7412
45790,7908
45791,11461
45792,10077
45793,5133
45794,7049
45795,9783
45796,9129
45797,11396
45798,4864
45799,14904
45800,8553
45801,5960
45802,6879
45803,7586
45804,7783
45805,10232
45806,5910
45807,8815
45808,8308
45809,9293
45810,8593
45811,6390
45812,8838
45813,7075
45814,7628
45815,10332
45816,9985
45817,9656
45818,5788
45819,10692
45820,6743
45821,10197
45822,8673
45823,15001
45824,8136
45825,5434
45826,8822
45827,6709
45828,7449
45829,6817
45830,10316
45831,8509
45832,4871
45833,10418
45834,7053
45835,8957
45836,5815
45837,10158
45838,10010
45839,6809
45840,13445
45841,7857
45842,7306
45843,10396
45844,11347
45845,6241
45846,5329
45847,9257
45848,8090
45849,5266
45850,8010
45851,7730
45852,9913
45853,9333
45854,8971
45855,9193
45856,7389
45857,5585
45858,8007
45859,9497
45860,9937
45861,10851
45862,10106
45863,9887
45864,7537
45865,10416
45866,8889
45867,7079
45868,9130
45869,10673
45870,9413
45871,8822
45872,11358
45873,10200
45874,10003
45875,7174
45876,9163
45877,10175
45878,7761
45879,8824
45880,4921
45881,6838
45882,11155
45883,9701
45884,8327
45885,5474
45886,10213
45887,8448
45888,9789
45889,7939
45890,7234
45891,6448
45892,5044
45893,12525
45894,9143
45895,8607
45896,8235
45897,7320
45898,6211
45899,8115
45900,9301
45901,5165
45902,8297
45903,7028
45904,10289
45905,9947
45906,8174
45907,15133
45908,6009
45909,6608
45910,12804
45911,6667
45912,8807
45913,4163
45914,11210
45915,9617
45916,7550
45917,7744
45918,8210
45919,7369
45920,8151
45921,10051
45922,12909
45923,3895
45924,8296
45925,4455
45926,15855
45927,5707
45928,10965
45929,11500
45930,9546
45931,9252
45932,5887
45933,6422
45934,3869
45935,5702
45936,7800
45937,6228
45938,9375
45939,9434
45940,6715
45941,8010
45942,8298
45943,10418
45944,11739
45945,9870
45946,7273
45947,5478
45948,10846
45949,13095
45950,7118
45951,9419
45952,5328
45953,9806
45954,7004
45955,5754
45956,8604
45957,5441
45958,9365
45959,7321
45960,10229
45961,8765
45962,11175
45963,9451
45964,6970
45965,11505
45966,20637
45967,12930
45968,7247
45969,4393
45970,8391
45971,10408
45972,6111
45973,7915
45974,14192
45975,6899
45976,15232
45977,22292
45978,5207
45979,8141
45980,6316
45981,5183
45982,10436
45983,6238
45984,10501
45985,10676
45986,10253
45987,7967
45988,9602
45989,5243
45990,8828
45991,4965
45992,8815
45993,8664
45994,13306
45995,8557
45996,7566
45997,5276
45998,9197
45999,7240
46000,6569
46001,5365
46002,10215
46003,7870
46004,7582
46005,9008
46006,9655
46007,0
46008,7739
46009,7384
46010,7125
46011,8948
46012,9013
46013,11172
46014,9777
46015,9700
46016,7001
46017,5439
46018,8112
46019,8187
46020,7739
46021,5723
46022,3781
46023,10382
46024,8978
46025,12088
46026,8147
46027,7159
46028,8990
46029,6745
46030,5569
46031,11871
46032,7565
46033,9374
46034,10215
46035,17174
46036,8314
46037,6278
46038,9638
46039,6352
46040,7705
46041,7295
46042,9486
46043,5537
46044,10401
46045,5742
46046,7042
46047,4438
46048,11383
46049,7014
46050,18256
46051,15888
46052,6552
46053,8433
46054,6682
46055,8330
46056,7146
46057,13811
46058,10623
46059,11037
46060,5423
46061,9439
46062,6886
46063,11571
46064,9381
46065,8914
46066,8542
46067,8576
46068,7978
46069,10474
46070,10603
46071,8043
46072,9444
46073,11947
46074,8050
46075,8736
46076,8894
46077,10741
46078,8547
46079,6724
46080,7396
46081,7802
46082,6997
46083,14164
46084,8041
46085,9868
46086,8662
46087,11794
46088,5864
46089,8542
46090,11242
46091,9967
46092,10944
46093,7892
46094,5032
46095,17155
46096,10937
46097,10071
46098,20381
46099,10993
46100,10025
46101,9050
46102,11386
46103,12445
46104,12324
46105,13484
46106,7578
46107,9158
46108,7298
46109,11019
46110,5220
46111,11355
46112,8131
46113,7614
46114,7750
46115,10978
46116,9216
46117,7028
46118,9010
46119,6412
46120,5883
46121,9273
46122,5650
46123,6518
46124,7427
46125,9245
46126,11729
46127,11681
46128,9062
46129,8332
46130,7138
46131,12497
46132,8830
46133,7836
46134,6623
46135,6196
46136,12004
46137,5141
46138,13211
46139,9505
46140,4240
46141,6112
46142,9791
46143,7922
46144,7177
46145,10883
46146,11729
46147,12989
46148,7289
46149,13915
46150,3760
46151,6896
46152,8793
46153,7248
46154,8926
46155,7823
46156,8861
46157,6526
46158,6731
46159,14016
46160,10304
46161,6771
46162,5759
46163,10779
46164,12611
46165,11010
46166,6929
46167,6756
46168,11458
46169,7320
46170,9660
46171,7373
46172,7144
46173,9247
46174,11443
46175,4823
46176,5820
46177,5821
46178,7444
46179,11603
46180,10208
46181,10570
46182,14897
46183,7036
46184,13880
46185,15271
46186,9671
46187,6329
46188,4526
46189,10049
46190,7624
46191,7339
46192,8312
46193,8422
46194,14059
46195,5840
46196,7603
46197,9666
46198,5989
46199,10186
46200,6741
46201,5727
46202,9286
46203,4257
46204,8938
46205,10011
46206,9729
46207,10219
46208,10963
46209,9680
46210,7519
46211,9419
46212,10875
46213,8195
46214,7721
46215,7348
46216,6383
46217,12584
46218,9430
46219,7861
46220,6625
46221,9345
46222,10780
46223,9460
46224,7558
46225,10380
46226,6080
46227,8578
46228,20268
46229,8438
46230,11826
46231,8047
46232,7423
46233,8476
46234,6913
46235,5419
46236,7232
46237,11347
46238,15604
46239,10051
46240,10886
46241,12489
46242,12981
46243,12937
46244,10093
46245,7207
46246,5542
46247,12455
46248,13741
46249,10618
46250,10101
46251,11328
46252,7902
46253,4508
46254,13108
46255,8400
46256,8425
46257,7994
46258,3675
46259,15444
46260,14005
46261,15324
46262,7765
46263,6451
46264,6080
46265,7284
46266,8001
46267,9636
46268,9326
46269,5798
46270,6969
46271,8767
46272,5075
46273,3801
46274,7959
46275,15820
46276,8808
46277,20294
46278,5608
46279,7417
46280,8640
46281,7276
46282,6794
46283,6632
46284,5140
46285,5326
46286,10912
46287,8680
46288,5243
46289,11114
46290,7742
46291,8471
46292,5903
46293,12088
46294,9849
46295,10790
46296,6559
46297,8536
46298,5378
46299,6450
46300,6428
46301,16844
46302,13982
46303,8415
46304,6850
46305,6450
46306,8102
46307,5392
46308,10579
46309,5035
46310,16872
46311,5403
46312,6511
46313,7209
46314,11172
46315,10059
46316,6443
46317,8364
46318,9487
46319,9194
46320,9955
46321,6906
46322,5316
46323,11395
46324,5735
46325,5181
46326,6867
46327,9259
46328,7716
46329,7518
46330,10777
46331,11013
46332,8517
46333,9188
46334,6159
46335,10491
46336,7554
46337,5554
46338,9227
46339,8644
46340,8699
46341,10904
46342,7920
46343,7809
46344,8984
46345,7665
46346,7141
46347,8606
46348,9715
46349,8530
46350,7777
46351,8627
46352,11823
46353,8374
46354,6008
46355,14529
46356,7248
46357,4282
46358,10362
46359,11960
46360,13766
46361,6209
46362,7709
46363,8233
46364,4930
46365,7771
46366,9140
46367,8710
46368,7939
46369,8054
46370,11691
46371,4257
46372,8085
46373,7402
46374,6498
46375,6608
46376,8234
46377,10391
46378,6885
46379,6732
46380,9988
46381,10282
46382,10339
46383,10784
46384,6435
46385,9395
46386,8706
46387,10181
46388,10741
46389,11207
46390,4937
46391,10689
46392,9821
46393,9964
46394,11426
46395,6114
46396,4964
46397,14003
46398,10088
46399,11523
46400,7625
46401,7569
46402,10459
46403,4818
46404,8547
46405,6996
46406,10574
46407,7888
46408,8696
46409,10402
46410,7715
46411,10599
46412,13618
46413,17705
46414,9391
46415,5904
46416,8178
46417,5990
46418,4093
46419,12828
46420,10763
46421,7967
46422,10942
46423,7303
46424,11627
46425,6443
46426,8230
46427,7968
46428,11014
46429,6772
46430,8035
46431,7650
46432,7520
46433,8706
46434,6904
46435,9201
46436,9837
46437,10640
46438,10472
46439,8812
46440,7281
46441,13022
46442,5747
46443,7112
46444,13432
46445,8765
46446,10983
46447,8915
46448,17647
46449,7603
46450,6974
46451,6697
46452,7865
46453,10671
46454,14439
46455,9278
46456,9640
46457,10106
46458,5224
46459,9458
46460,9212
46461,9144
46462,10076
46463,7619
46464,6299
46465,6754
46466,4703
46467,6820
46468,10991
46469,9412
46470,12904
46471,21445
46472,8709
46473,6101
46474,10196
46475,8578
46476,10449
46477,5641
46478,7646
46479,5482
46480,10736
46481,8597
46482,8128
46483,15839
46484,14838
46485,6471
46486,8893
46487,4745
46488,6336
46489,6393
46490,10996
46491,6255
46492,6262
46493,7181
46494,9236
46495,7924
46496,5762
46497,7317
46498,9143
46499,9123
46500,9773
46501,4462
46502,13419
46503,20666
46504,4305
46505,9276
46506,10464
46507,9671
46508,6366
46509,3765
46510,6254
46511,9384
46512,6477
46513,9211
46514,11090
46515,6216
46516,7241
46517,9051
46518,7708
46519,6381
46520,8087
46521,10029
46522,11040
46523,9898
46524,11437
46525,7134
46526,4626
46527,7683
46528,6968
46529,10605
46530,8085
46531,6108
46532,22053
46533,8699
46534,6987
46535,14052
46536,8510
46537,9767
46538,7996
46539,8702
46540,6139
46541,10752
46542,15013
46543,6646
46544,7012
46545,7915
46546,15322
46547,8777
46548,7402
46549,7240
46550,7613
46551,7203
46552,5608
46553,10890
46554,5239
46555,7991
46556,3716
46557,23682
46558,10614
46559,5619
46560,6604
46561,12246
46562,8356
46563,9020
46564,10139
46565,8014
46566,6918
46567,5459
46568,11384
46569,7479
46570,8604
46571,8442
46572,10049
46573,5959
46574,9058
46575,8310
46576,4934
46577,9886
46578,11267
46579,5713
46580,9603
46581,9988
46582,6463
46583,11277
46584,7310
46585,8054
46586,8518
46587,10265
46588,4464
46589,5923
46590,6739
46591,0
46592,7739
46593,10225
46594,5610
46595,9878
46596,5692
46597,7643
46598,5800
46599,7826
46600,7170
46601,8705
46602,8781
46603,11244
46604,5917
46605,8427
46606,9095
46607,10003
46608,7911
46609,10992
46610,11305
46611,7927
46612,4685
46613,8601
46614,6719
46615,7986
46616,8286
46617,4810
46618,14082
46619,6924
46620,8387
46621,12671
46622,8506
46623,5512
46624,14949
46625,7782
46626,11390
46627,6832
46628,10686
46629,11427
46630,9039
46631,6535
46632,8733
46633,6827
46634,7620
46635,7864
46636,10267
46637,9097
46638,6036
46639,5807
46640,9256
46641,10084
46642,7999
46643,10923
46644,7122
46645,8258
46646,5546
46647,10181
46648,9021
46649,9025
46650,7494
46651,7830
46652,10052
46653,10441
46654,7564
46655,9779
46656,6490
46657,8411
46658,8955
46659,8095
46660,5216
46661,5289
46662,9128
46663,9547
46664,6787
46665,7322
46666,10588
46667,7741
46668,7028
46669,8407
46670,6930
46671,4133
46672,10201
46673,4577
46674,8852
46675,9346
46676,8455
46677,9015
46678,12059
46679,11729
46680,9604
46681,5994
46682,10017
46683,9083
46684,4767
46685,3527
46686,10698
46687,4698
46688,9493
46689,14486
46690,9778
46691,8847
46692,6131
46693,9522
46694,9067
46695,8210
46696,9389
46697,9974
46698,10026
46699,8355
46700,10958
46701,6683
46702,8619
46703,5379
46704,6949
46705,8638
46706,7316
46707,6896
46708,9764
46709,6760
46710,11502
46711,7924
46712,6369
46713,5669
46714,11552
46715,9024
46716,7332
46717,7990
46718,9286
46719,8099
46720,7291
46721,8766
46722,9604
46723,6896
46724,5751
46725,12272
46726,9508
46727,7580
46728,4988
46729,14847
46730,8602
46731,7780
46732,7941
46733,13222
46734,11183
46735,9889
46736,9988
46737,9215
46738,7186
46739,7671
46740,8751
46741,13375
46742,16503
46743,6998
46744,6467
46745,4534
46746,5973
46747,11302
46748,16446
46749,7790
46750,6117
46751,6858
46752,7871
46753,7547
46754,11293
46755,10954
46756,7687
46757,5438
46758,10321
46759,7978
46760,11405
46761,11237
46762,6947
46763,9523
46764,4974
46765,9937
46766,10701
46767,9698
46768,9672
46769,8196
46770,9430
46771,6137
46772,8036
46773,10285
46774,10233
46775,10059
46776,10408
46777,8496
46778,5615
46779,11594
46780,5921
46781,12244
46782,8207
46783,5992
46784,7592
46785,8875
46786,7653
46787,9652
46788,11131
46789,7058
46790,11894
46791,5314
46792,6246
46793,9674
46794,10253
46795,12850
46796,7320
46797,7742
46798,6904
46799,7397
46800,9166
46801,8331
46802,8104
46803,6898
46804,12342
46805,8021
46806,10166
46807,14084
46808,10323
46809,5911
46810,5835
46811,8002
46812,11452
46813,6569
46814,10061
46815,6648
46816,12014
46817,8251
46818,7373
46819,7005
46820,6941
46821,6174
46822,8340
46823,7217
46824,6348
46825,6250
46826,6212
46827,11671
46828,7750
46829,22577
46830,9560
