PROGRESS {"tag": "M_backtest_gap7", "iter": 1, "total": 8000, "metrics": {"train-rmse": 0.2885602636409671, "valid-rmse": 0.26858981538730503}}
PROGRESS {"tag": "M_backtest_gap7", "iter": 51, "total": 8000, "metrics": {"train-rmse": 0.12026627732974561, "valid-rmse": 0.096499756901343}}
PROGRESS {"tag": "M_backtest_gap7", "iter": 101, "total": 8000, "metrics": {"train-rmse": 0.10861439345828984, "valid-rmse": 0.09276667763215009}}
PROGRESS {"tag": "M_backtest_gap7", "iter": 151, "total": 8000, "metrics": {"train-rmse": 0.10211631076558181, "valid-rmse": 0.09094216490212041}}
PROGRESS {"tag": "M_backtest_gap7", "iter": 201, "total": 8000, "metrics": {"train-rmse": 0.09842381266371825, "valid-rmse": 0.0901257077998665}}
PROGRESS {"tag": "M_backtest_gap7", "iter": 251, "total": 8000, "metrics": {"train-rmse": 0.09583241833562518, "valid-rmse": 0.08929739048505243}}
PROGRESS {"tag": "M_backtest_gap7", "iter": 301, "total": 8000, "metrics": {"train-rmse": 0.09392077174609165, "valid-rmse": 0.08881344964969401}}
PROGRESS {"tag": "M_backtest_gap7", "iter": 351, "total": 8000, "metrics": {"train-rmse": 0.09233901653716053, "valid-rmse": 0.08842815188901322}}
PROGRESS {"tag": "M_backtest_gap7", "iter": 401, "total": 8000, "metrics": {"train-rmse": 0.09094518577074699, "valid-rmse": 0.08812000306104001}}
PROGRESS {"tag": "M_backtest_gap7", "iter": 451, "total": 8000, "metrics": {"train-rmse": 0.0897819248636451, "valid-rmse": 0.08781320753510355}}
PROGRESS {"tag": "M_backtest_gap7", "iter": 501, "total": 8000, "metrics": {"train-rmse": 0.08876024523025022, "valid-rmse": 0.08759233041770624}}
PROGRESS {"tag": "M_backtest_gap7", "iter": 551, "total": 8000, "metrics": {"train-rmse": 0.08787121160756851, "valid-rmse": 0.08726995737986021}}
PROGRESS {"tag": "M_backtest_gap7", "iter": 601, "total": 8000, "metrics": {"train-rmse": 0.08709747163370868, "valid-rmse": 0.08724067901448078}}
PROGRESS {"tag": "M_backtest_gap7", "iter": 651, "total": 8000, "metrics": {"train-rmse": 0.08631707701074803, "valid-rmse": 0.08710406497462987}}
PROGRESS {"tag": "M_backtest_gap7", "iter": 701, "total": 8000, "metrics": {"train-rmse": 0.08560419100931255, "valid-rmse": 0.08706848078463986}}
PROGRESS {"tag": "M_backtest_gap7", "iter": 751, "total": 8000, "metrics": {"train-rmse": 0.08498409326270921, "valid-rmse": 0.08703472799495421}}
PROGRESS {"tag": "M_backtest_gap7", "iter": 801, "total": 8000, "metrics": {"train-rmse": 0.08441774447062356, "valid-rmse": 0.08689599817268133}}
PROGRESS {"tag": "M_backtest_gap7", "iter": 851, "total": 8000, "metrics": {"train-rmse": 0.08386824956444133, "valid-rmse": 0.0868607824652537}}
PROGRESS {"tag": "M_backtest_gap7", "iter": 901, "total": 8000, "metrics": {"train-rmse": 0.08330779764826167, "valid-rmse": 0.08680415702873492}}
PROGRESS {"tag": "M_backtest_gap7", "iter": 951, "total": 8000, "metrics": {"train-rmse": 0.08281985342806303, "valid-rmse": 0.08675642993332083}}
PROGRESS {"tag": "M_backtest_gap7", "iter": 1001, "total": 8000, "metrics": {"train-rmse": 0.0823393890350801, "valid-rmse": 0.08663713593763492}}
PROGRESS {"tag": "M_backtest_gap7", "iter": 1051, "total": 8000, "metrics": {"train-rmse": 0.08186743291552853, "valid-rmse": 0.08654036124462226}}
PROGRESS {"tag": "M_backtest_gap7", "iter": 1101, "total": 8000, "metrics": {"train-rmse": 0.08144812527018461, "valid-rmse": 0.08655886825314127}}
PROGRESS {"tag": "M_backtest_gap7", "iter": 1151, "total": 8000, "metrics": {"train-rmse": 0.08105223930182569, "valid-rmse": 0.08652502131280466}}
PROGRESS {"tag": "M_backtest_gap7", "iter": 1201, "total": 8000, "metrics": {"train-rmse": 0.08064882867981742, "valid-rmse": 0.08641464351330774}}
PROGRESS {"tag": "M_backtest_gap7", "iter": 1251, "total": 8000, "metrics": {"train-rmse": 0.0802757593185495, "valid-rmse": 0.0863829227479458}}
PROGRESS {"tag": "M_backtest_gap7", "iter": 1301, "total": 8000, "metrics": {"train-rmse": 0.07989658358501896, "valid-rmse": 0.08633471092766704}}
PROGRESS {"tag": "M_backtest_gap7", "iter": 1351, "total": 8000, "metrics": {"train-rmse": 0.0795308079753589, "valid-rmse": 0.08628266671720951}}
PROGRESS {"tag": "M_backtest_gap7", "iter": 1401, "total": 8000, "metrics": {"train-rmse": 0.07917748795233458, "valid-rmse": 0.08626646632953673}}
PROGRESS {"tag": "M_backtest_gap7", "iter": 1451, "total": 8000, "metrics": {"train-rmse": 0.07883317678109154, "valid-rmse": 0.0863199610737775}}
PROGRESS {"tag": "M_backtest_gap7", "iter": 1501, "total": 8000, "metrics": {"train-rmse": 0.07846514704362732, "valid-rmse": 0.0863988152441447}}
PROGRESS {"tag": "M_backtest_gap7", "iter": 1551, "total": 8000, "metrics": {"train-rmse": 0.07814080869592434, "valid-rmse": 0.08640119244291262}}
PROGRESS {"tag": "M_backtest_gap7", "iter": 1601, "total": 8000, "metrics": {"train-rmse": 0.07780699197986161, "valid-rmse": 0.08637084495549877}}
DONE {"tag": "M_backtest_gap7", "best_iteration": 1419, "best_score": 0.08625697312811591, "seconds": 185.4}
WORKER_DONE {"device": "cuda:0", "jobs": 1}
PROGRESS {"tag": "M_backtest_gap21", "iter": 1, "total": 8000, "metrics": {"train-rmse": 0.2941606746985021, "valid-rmse": 0.27188283773824107}}
PROGRESS {"tag": "M_backtest_gap21", "iter": 51, "total": 8000, "metrics": {"train-rmse": 0.12807533643113056, "valid-rmse": 0.09903526168804686}}
PROGRESS {"tag": "M_backtest_gap21", "iter": 101, "total": 8000, "metrics": {"train-rmse": 0.11242213937621545, "valid-rmse": 0.09396592382188852}}
PROGRESS {"tag": "M_backtest_gap21", "iter": 151, "total": 8000, "metrics": {"train-rmse": 0.10486411742914649, "valid-rmse": 0.09253225422725052}}
PROGRESS {"tag": "M_backtest_gap21", "iter": 201, "total": 8000, "metrics": {"train-rmse": 0.10075810481912108, "valid-rmse": 0.09173852687806977}}
PROGRESS {"tag": "M_backtest_gap21", "iter": 251, "total": 8000, "metrics": {"train-rmse": 0.09797278693373318, "valid-rmse": 0.09121526095472936}}
PROGRESS {"tag": "M_backtest_gap21", "iter": 301, "total": 8000, "metrics": {"train-rmse": 0.09585888251048874, "valid-rmse": 0.09055522074317388}}
PROGRESS {"tag": "M_backtest_gap21", "iter": 351, "total": 8000, "metrics": {"train-rmse": 0.09409364793989128, "valid-rmse": 0.09027133619867536}}
PROGRESS {"tag": "M_backtest_gap21", "iter": 401, "total": 8000, "metrics": {"train-rmse": 0.09266117695011956, "valid-rmse": 0.08989538434846041}}
PROGRESS {"tag": "M_backtest_gap21", "iter": 451, "total": 8000, "metrics": {"train-rmse": 0.09137960361276043, "valid-rmse": 0.08985990090066241}}
PROGRESS {"tag": "M_backtest_gap21", "iter": 501, "total": 8000, "metrics": {"train-rmse": 0.09025680427547034, "valid-rmse": 0.0895411854394956}}
PROGRESS {"tag": "M_backtest_gap21", "iter": 551, "total": 8000, "metrics": {"train-rmse": 0.0891885903084349, "valid-rmse": 0.08943099433775449}}
PROGRESS {"tag": "M_backtest_gap21", "iter": 601, "total": 8000, "metrics": {"train-rmse": 0.0882969100366138, "valid-rmse": 0.08926889445828894}}
PROGRESS {"tag": "M_backtest_gap21", "iter": 651, "total": 8000, "metrics": {"train-rmse": 0.08741577706290951, "valid-rmse": 0.08912212461128792}}
PROGRESS {"tag": "M_backtest_gap21", "iter": 701, "total": 8000, "metrics": {"train-rmse": 0.08667229810654582, "valid-rmse": 0.08901781978186549}}
PROGRESS {"tag": "M_backtest_gap21", "iter": 751, "total": 8000, "metrics": {"train-rmse": 0.0859663551184859, "valid-rmse": 0.08878954273956008}}
PROGRESS {"tag": "M_backtest_gap21", "iter": 801, "total": 8000, "metrics": {"train-rmse": 0.08530472030360196, "valid-rmse": 0.08870347935095615}}
PROGRESS {"tag": "M_backtest_gap21", "iter": 851, "total": 8000, "metrics": {"train-rmse": 0.08470389165930178, "valid-rmse": 0.08865497903551778}}
PROGRESS {"tag": "M_backtest_gap21", "iter": 901, "total": 8000, "metrics": {"train-rmse": 0.08412364162292787, "valid-rmse": 0.08861279954957382}}
PROGRESS {"tag": "M_backtest_gap21", "iter": 951, "total": 8000, "metrics": {"train-rmse": 0.08361206065592394, "valid-rmse": 0.08856271069286763}}
PROGRESS {"tag": "M_backtest_gap21", "iter": 1001, "total": 8000, "metrics": {"train-rmse": 0.08309498435318688, "valid-rmse": 0.08848481618124723}}
PROGRESS {"tag": "M_backtest_gap21", "iter": 1051, "total": 8000, "metrics": {"train-rmse": 0.08260295466779675, "valid-rmse": 0.08844266080942284}}
PROGRESS {"tag": "M_backtest_gap21", "iter": 1101, "total": 8000, "metrics": {"train-rmse": 0.08212949381964033, "valid-rmse": 0.08839618098772295}}
PROGRESS {"tag": "M_backtest_gap21", "iter": 1151, "total": 8000, "metrics": {"train-rmse": 0.08168123816640752, "valid-rmse": 0.08825008934862921}}
PROGRESS {"tag": "M_backtest_gap21", "iter": 1201, "total": 8000, "metrics": {"train-rmse": 0.08127733384114215, "valid-rmse": 0.08821020181023624}}
PROGRESS {"tag": "M_backtest_gap21", "iter": 1251, "total": 8000, "metrics": {"train-rmse": 0.08088614600519083, "valid-rmse": 0.08814161875646917}}
PROGRESS {"tag": "M_backtest_gap21", "iter": 1301, "total": 8000, "metrics": {"train-rmse": 0.08048940186411987, "valid-rmse": 0.08808448856583936}}
PROGRESS {"tag": "M_backtest_gap21", "iter": 1351, "total": 8000, "metrics": {"train-rmse": 0.08010934531020335, "valid-rmse": 0.08805968399741045}}
PROGRESS {"tag": "M_backtest_gap21", "iter": 1401, "total": 8000, "metrics": {"train-rmse": 0.0797497643580084, "valid-rmse": 0.08807287441717496}}
PROGRESS {"tag": "M_backtest_gap21", "iter": 1451, "total": 8000, "metrics": {"train-rmse": 0.07940409111631425, "valid-rmse": 0.08804109719903733}}
PROGRESS {"tag": "M_backtest_gap21", "iter": 1501, "total": 8000, "metrics": {"train-rmse": 0.07907229277863027, "valid-rmse": 0.08807024275366025}}
PROGRESS {"tag": "M_backtest_gap21", "iter": 1551, "total": 8000, "metrics": {"train-rmse": 0.07873050897892568, "valid-rmse": 0.0879822406674385}}
PROGRESS {"tag": "M_backtest_gap21", "iter": 1601, "total": 8000, "metrics": {"train-rmse": 0.07840800448543084, "valid-rmse": 0.08800583547916707}}
PROGRESS {"tag": "M_backtest_gap21", "iter": 1651, "total": 8000, "metrics": {"train-rmse": 0.07806778150160992, "valid-rmse": 0.08798033898207212}}
PROGRESS {"tag": "M_backtest_gap21", "iter": 1701, "total": 8000, "metrics": {"train-rmse": 0.07774178088106705, "valid-rmse": 0.08789443750665642}}
PROGRESS {"tag": "M_backtest_gap21", "iter": 1751, "total": 8000, "metrics": {"train-rmse": 0.07742737442748578, "valid-rmse": 0.08796775118464596}}
PROGRESS {"tag": "M_backtest_gap21", "iter": 1801, "total": 8000, "metrics": {"train-rmse": 0.07712627908747217, "valid-rmse": 0.08784673841948079}}
PROGRESS {"tag": "M_backtest_gap21", "iter": 1851, "total": 8000, "metrics": {"train-rmse": 0.07682557904859254, "valid-rmse": 0.08786278340413763}}
PROGRESS {"tag": "M_backtest_gap21", "iter": 1901, "total": 8000, "metrics": {"train-rmse": 0.07653830768432575, "valid-rmse": 0.08787346369429515}}
PROGRESS {"tag": "M_backtest_gap21", "iter": 1951, "total": 8000, "metrics": {"train-rmse": 0.07626141199904161, "valid-rmse": 0.08790791094776806}}
DONE {"tag": "M_backtest_gap21", "best_iteration": 1799, "best_score": 0.08784629509109737, "seconds": 217.1}
WORKER_DONE {"device": "cuda:0", "jobs": 1}
PROGRESS {"tag": "K_backtest_gap14", "iter": 0, "total": 8000, "metrics": {}}
PROGRESS {"tag": "K_backtest_gap14", "iter": 1588, "total": 8000, "metrics": {"valid-rmse": 0.08843909253615177}}
DONE {"tag": "K_backtest_gap14", "best_iteration": 1587, "best_score": 0.08843909253615177, "seconds": 444.0}
WORKER_DONE {"device": "cuda:0", "jobs": 1}
PROGRESS {"tag": "M_backtest_gap35", "iter": 1, "total": 8000, "metrics": {"train-rmse": 0.2993655947770749, "valid-rmse": 0.27075875702914315}}
PROGRESS {"tag": "M_backtest_gap35", "iter": 51, "total": 8000, "metrics": {"train-rmse": 0.13297030909117108, "valid-rmse": 0.10173511593400478}}
PROGRESS {"tag": "M_backtest_gap35", "iter": 101, "total": 8000, "metrics": {"train-rmse": 0.11425004424351419, "valid-rmse": 0.09671952943286498}}
PROGRESS {"tag": "M_backtest_gap35", "iter": 151, "total": 8000, "metrics": {"train-rmse": 0.10610652604393118, "valid-rmse": 0.09474313096517423}}
PROGRESS {"tag": "M_backtest_gap35", "iter": 201, "total": 8000, "metrics": {"train-rmse": 0.1017951697915455, "valid-rmse": 0.09352159644069093}}
PROGRESS {"tag": "M_backtest_gap35", "iter": 251, "total": 8000, "metrics": {"train-rmse": 0.09882622943233509, "valid-rmse": 0.09292268813091055}}
PROGRESS {"tag": "M_backtest_gap35", "iter": 301, "total": 8000, "metrics": {"train-rmse": 0.0964151061302224, "valid-rmse": 0.09227121247889777}}
PROGRESS {"tag": "M_backtest_gap35", "iter": 351, "total": 8000, "metrics": {"train-rmse": 0.09457191400892155, "valid-rmse": 0.09165158660902938}}
PROGRESS {"tag": "M_backtest_gap35", "iter": 401, "total": 8000, "metrics": {"train-rmse": 0.09305950038664448, "valid-rmse": 0.09131893605300108}}
PROGRESS {"tag": "M_backtest_gap35", "iter": 451, "total": 8000, "metrics": {"train-rmse": 0.09172512635857119, "valid-rmse": 0.09103738443770132}}
PROGRESS {"tag": "M_backtest_gap35", "iter": 501, "total": 8000, "metrics": {"train-rmse": 0.0905778242102555, "valid-rmse": 0.09078310826604455}}
PROGRESS {"tag": "M_backtest_gap35", "iter": 551, "total": 8000, "metrics": {"train-rmse": 0.08950244561949976, "valid-rmse": 0.09051242929923559}}
PROGRESS {"tag": "M_backtest_gap35", "iter": 601, "total": 8000, "metrics": {"train-rmse": 0.08855651552065927, "valid-rmse": 0.09026826127609452}}
PROGRESS {"tag": "M_backtest_gap35", "iter": 651, "total": 8000, "metrics": {"train-rmse": 0.08770795888654122, "valid-rmse": 0.09020783434306119}}
PROGRESS {"tag": "M_backtest_gap35", "iter": 701, "total": 8000, "metrics": {"train-rmse": 0.08692999307741109, "valid-rmse": 0.09004496134036206}}
PROGRESS {"tag": "M_backtest_gap35", "iter": 751, "total": 8000, "metrics": {"train-rmse": 0.08623968500007487, "valid-rmse": 0.08989778508537145}}
PROGRESS {"tag": "M_backtest_gap35", "iter": 801, "total": 8000, "metrics": {"train-rmse": 0.08553207467700125, "valid-rmse": 0.08975167566292426}}
PROGRESS {"tag": "M_backtest_gap35", "iter": 851, "total": 8000, "metrics": {"train-rmse": 0.0849173424383427, "valid-rmse": 0.08966059270548343}}
PROGRESS {"tag": "M_backtest_gap35", "iter": 901, "total": 8000, "metrics": {"train-rmse": 0.08425373501283992, "valid-rmse": 0.08954339366055528}}
PROGRESS {"tag": "M_backtest_gap35", "iter": 951, "total": 8000, "metrics": {"train-rmse": 0.08370260661894474, "valid-rmse": 0.08953675994584104}}
PROGRESS {"tag": "M_backtest_gap35", "iter": 1001, "total": 8000, "metrics": {"train-rmse": 0.08315910178209573, "valid-rmse": 0.08946903892137344}}
PROGRESS {"tag": "M_backtest_gap35", "iter": 1051, "total": 8000, "metrics": {"train-rmse": 0.08265878436192148, "valid-rmse": 0.08945282176802195}}
PROGRESS {"tag": "M_backtest_gap35", "iter": 1101, "total": 8000, "metrics": {"train-rmse": 0.08219772922477091, "valid-rmse": 0.08934839219595317}}
PROGRESS {"tag": "M_backtest_gap35", "iter": 1151, "total": 8000, "metrics": {"train-rmse": 0.08176174970257744, "valid-rmse": 0.0892854547157704}}
PROGRESS {"tag": "M_backtest_gap35", "iter": 1201, "total": 8000, "metrics": {"train-rmse": 0.0813182424616626, "valid-rmse": 0.0893575009483761}}
PROGRESS {"tag": "M_backtest_gap35", "iter": 1251, "total": 8000, "metrics": {"train-rmse": 0.08091374027933182, "valid-rmse": 0.08931873636618139}}
PROGRESS {"tag": "M_backtest_gap35", "iter": 1301, "total": 8000, "metrics": {"train-rmse": 0.08052186330609383, "valid-rmse": 0.08925868190291626}}
PROGRESS {"tag": "M_backtest_gap35", "iter": 1351, "total": 8000, "metrics": {"train-rmse": 0.08011487995569022, "valid-rmse": 0.08916565135500247}}
PROGRESS {"tag": "M_backtest_gap35", "iter": 1401, "total": 8000, "metrics": {"train-rmse": 0.07974706468375876, "valid-rmse": 0.08913000541536155}}
PROGRESS {"tag": "M_backtest_gap35", "iter": 1451, "total": 8000, "metrics": {"train-rmse": 0.07938950006681522, "valid-rmse": 0.08902939906210408}}
PROGRESS {"tag": "M_backtest_gap35", "iter": 1501, "total": 8000, "metrics": {"train-rmse": 0.07904354254263177, "valid-rmse": 0.08897775447814191}}
PROGRESS {"tag": "M_backtest_gap35", "iter": 1551, "total": 8000, "metrics": {"train-rmse": 0.07871719589141653, "valid-rmse": 0.08895263672103855}}
PROGRESS {"tag": "M_backtest_gap35", "iter": 1601, "total": 8000, "metrics": {"train-rmse": 0.07837730769729273, "valid-rmse": 0.08897879890478917}}
PROGRESS {"tag": "M_backtest_gap35", "iter": 1651, "total": 8000, "metrics": {"train-rmse": 0.07805992545848366, "valid-rmse": 0.08898463551462957}}
PROGRESS {"tag": "M_backtest_gap35", "iter": 1701, "total": 8000, "metrics": {"train-rmse": 0.07772908301711826, "valid-rmse": 0.08894696702747638}}
PROGRESS {"tag": "M_backtest_gap35", "iter": 1751, "total": 8000, "metrics": {"train-rmse": 0.07742055524100883, "valid-rmse": 0.08892022231592615}}
PROGRESS {"tag": "M_backtest_gap35", "iter": 1801, "total": 8000, "metrics": {"train-rmse": 0.07709703263787397, "valid-rmse": 0.08887511432436009}}
PROGRESS {"tag": "M_backtest_gap35", "iter": 1851, "total": 8000, "metrics": {"train-rmse": 0.076815968662128, "valid-rmse": 0.08885518142546768}}
PROGRESS {"tag": "M_backtest_gap35", "iter": 1901, "total": 8000, "metrics": {"train-rmse": 0.07653283237472472, "valid-rmse": 0.08887252076848445}}
PROGRESS {"tag": "M_backtest_gap35", "iter": 1951, "total": 8000, "metrics": {"train-rmse": 0.07624037483356338, "valid-rmse": 0.08887602570231075}}
PROGRESS {"tag": "M_backtest_gap35", "iter": 2001, "total": 8000, "metrics": {"train-rmse": 0.07596032995965737, "valid-rmse": 0.08883302908051985}}
PROGRESS {"tag": "M_backtest_gap35", "iter": 2051, "total": 8000, "metrics": {"train-rmse": 0.07565253189800208, "valid-rmse": 0.08880748823341397}}
PROGRESS {"tag": "M_backtest_gap35", "iter": 2101, "total": 8000, "metrics": {"train-rmse": 0.07538681287775108, "valid-rmse": 0.08872138069662233}}
PROGRESS {"tag": "M_backtest_gap35", "iter": 2151, "total": 8000, "metrics": {"train-rmse": 0.07511727277570437, "valid-rmse": 0.08875555669372927}}
PROGRESS {"tag": "M_backtest_gap35", "iter": 2201, "total": 8000, "metrics": {"train-rmse": 0.07484699669058846, "valid-rmse": 0.08873371687524437}}
PROGRESS {"tag": "M_backtest_gap35", "iter": 2251, "total": 8000, "metrics": {"train-rmse": 0.0745896942973751, "valid-rmse": 0.08867492644610186}}
PROGRESS {"tag": "M_backtest_gap35", "iter": 2301, "total": 8000, "metrics": {"train-rmse": 0.0743317827811564, "valid-rmse": 0.0888413379035138}}
PROGRESS {"tag": "M_backtest_gap35", "iter": 2351, "total": 8000, "metrics": {"train-rmse": 0.07407003232576105, "valid-rmse": 0.08879395885230132}}
PROGRESS {"tag": "M_backtest_gap35", "iter": 2401, "total": 8000, "metrics": {"train-rmse": 0.07383652070130081, "valid-rmse": 0.0888146145700421}}
PROGRESS {"tag": "M_backtest_gap35", "iter": 2451, "total": 8000, "metrics": {"train-rmse": 0.07357536873169801, "valid-rmse": 0.08881991790591404}}
DONE {"tag": "M_backtest_gap35", "best_iteration": 2268, "best_score": 0.08866029862543322, "seconds": 461.6}
WORKER_DONE {"device": "cuda:0", "jobs": 1}
PROGRESS {"tag": "M_backtest_gap42", "iter": 1, "total": 8000, "metrics": {"train-rmse": 0.3016819532954744, "valid-rmse": 0.2739968914777926}}
PROGRESS {"tag": "M_backtest_gap42", "iter": 51, "total": 8000, "metrics": {"train-rmse": 0.13397499303912408, "valid-rmse": 0.10195823558903949}}
PROGRESS {"tag": "M_backtest_gap42", "iter": 101, "total": 8000, "metrics": {"train-rmse": 0.11468003298067223, "valid-rmse": 0.09742571057648221}}
PROGRESS {"tag": "M_backtest_gap42", "iter": 151, "total": 8000, "metrics": {"train-rmse": 0.10624286297187731, "valid-rmse": 0.09538205266683762}}
PROGRESS {"tag": "M_backtest_gap42", "iter": 201, "total": 8000, "metrics": {"train-rmse": 0.10197085213514126, "valid-rmse": 0.09420374223779497}}
PROGRESS {"tag": "M_backtest_gap42", "iter": 251, "total": 8000, "metrics": {"train-rmse": 0.0991499522007379, "valid-rmse": 0.09358729824276928}}
PROGRESS {"tag": "M_backtest_gap42", "iter": 301, "total": 8000, "metrics": {"train-rmse": 0.09680529777977952, "valid-rmse": 0.09299575570938366}}
PROGRESS {"tag": "M_backtest_gap42", "iter": 351, "total": 8000, "metrics": {"train-rmse": 0.09486711520032355, "valid-rmse": 0.09241033141520404}}
PROGRESS {"tag": "M_backtest_gap42", "iter": 401, "total": 8000, "metrics": {"train-rmse": 0.09333977397197689, "valid-rmse": 0.09212220821030581}}
PROGRESS {"tag": "M_backtest_gap42", "iter": 451, "total": 8000, "metrics": {"train-rmse": 0.09198465355673492, "valid-rmse": 0.09170095129558523}}
PROGRESS {"tag": "M_backtest_gap42", "iter": 501, "total": 8000, "metrics": {"train-rmse": 0.09080732285470468, "valid-rmse": 0.09146429303723824}}
PROGRESS {"tag": "M_backtest_gap42", "iter": 551, "total": 8000, "metrics": {"train-rmse": 0.08969467430246306, "valid-rmse": 0.09128772832669442}}
PROGRESS {"tag": "M_backtest_gap42", "iter": 601, "total": 8000, "metrics": {"train-rmse": 0.08878878644341885, "valid-rmse": 0.09116847964281824}}
PROGRESS {"tag": "M_backtest_gap42", "iter": 651, "total": 8000, "metrics": {"train-rmse": 0.08789897914589705, "valid-rmse": 0.09107613437816689}}
PROGRESS {"tag": "M_backtest_gap42", "iter": 701, "total": 8000, "metrics": {"train-rmse": 0.08713955637902725, "valid-rmse": 0.09095451312282914}}
PROGRESS {"tag": "M_backtest_gap42", "iter": 751, "total": 8000, "metrics": {"train-rmse": 0.08642338066566413, "valid-rmse": 0.09082620659757283}}
PROGRESS {"tag": "M_backtest_gap42", "iter": 801, "total": 8000, "metrics": {"train-rmse": 0.08572858409452386, "valid-rmse": 0.09073963441137542}}
PROGRESS {"tag": "M_backtest_gap42", "iter": 851, "total": 8000, "metrics": {"train-rmse": 0.08511463032402523, "valid-rmse": 0.09065851241613591}}
PROGRESS {"tag": "M_backtest_gap42", "iter": 901, "total": 8000, "metrics": {"train-rmse": 0.08449171447283067, "valid-rmse": 0.09052167498858527}}
PROGRESS {"tag": "M_backtest_gap42", "iter": 951, "total": 8000, "metrics": {"train-rmse": 0.08394473015764456, "valid-rmse": 0.09039332981406653}}
PROGRESS {"tag": "M_backtest_gap42", "iter": 1001, "total": 8000, "metrics": {"train-rmse": 0.08341813861626284, "valid-rmse": 0.09024184137281206}}
PROGRESS {"tag": "M_backtest_gap42", "iter": 1051, "total": 8000, "metrics": {"train-rmse": 0.08292577791306809, "valid-rmse": 0.09014967463920917}}
PROGRESS {"tag": "M_backtest_gap42", "iter": 1101, "total": 8000, "metrics": {"train-rmse": 0.08242395446830236, "valid-rmse": 0.09006798361741242}}
PROGRESS {"tag": "M_backtest_gap42", "iter": 1151, "total": 8000, "metrics": {"train-rmse": 0.08196730029378778, "valid-rmse": 0.08998962297165213}}
PROGRESS {"tag": "M_backtest_gap42", "iter": 1201, "total": 8000, "metrics": {"train-rmse": 0.08150818524541115, "valid-rmse": 0.08997592726861185}}
PROGRESS {"tag": "M_backtest_gap42", "iter": 1251, "total": 8000, "metrics": {"train-rmse": 0.08109765276989815, "valid-rmse": 0.08991109652190937}}
PROGRESS {"tag": "M_backtest_gap42", "iter": 1301, "total": 8000, "metrics": {"train-rmse": 0.08072049824368344, "valid-rmse": 0.08986593338282486}}
PROGRESS {"tag": "M_backtest_gap42", "iter": 1351, "total": 8000, "metrics": {"train-rmse": 0.0803107667957949, "valid-rmse": 0.08980224807837306}}
PROGRESS {"tag": "M_backtest_gap42", "iter": 1401, "total": 8000, "metrics": {"train-rmse": 0.0799589570545437, "valid-rmse": 0.08977525557098433}}
PROGRESS {"tag": "M_backtest_gap42", "iter": 1451, "total": 8000, "metrics": {"train-rmse": 0.07955511562046934, "valid-rmse": 0.0897662697803849}}
PROGRESS {"tag": "M_backtest_gap42", "iter": 1501, "total": 8000, "metrics": {"train-rmse": 0.07919931649532341, "valid-rmse": 0.08976893752237165}}
PROGRESS {"tag": "M_backtest_gap42", "iter": 1551, "total": 8000, "metrics": {"train-rmse": 0.07883573934087112, "valid-rmse": 0.08970761039242225}}
PROGRESS {"tag": "M_backtest_gap42", "iter": 1601, "total": 8000, "metrics": {"train-rmse": 0.07847031930856381, "valid-rmse": 0.08971062757214034}}
PROGRESS {"tag": "M_backtest_gap42", "iter": 1651, "total": 8000, "metrics": {"train-rmse": 0.07815144705009427, "valid-rmse": 0.08968309822070308}}
PROGRESS {"tag": "M_backtest_gap42", "iter": 1701, "total": 8000, "metrics": {"train-rmse": 0.07782774101294454, "valid-rmse": 0.08965107163751262}}
PROGRESS {"tag": "M_backtest_gap42", "iter": 1751, "total": 8000, "metrics": {"train-rmse": 0.07747898059112567, "valid-rmse": 0.08963886920385838}}
PROGRESS {"tag": "M_backtest_gap42", "iter": 1801, "total": 8000, "metrics": {"train-rmse": 0.07718572553763788, "valid-rmse": 0.08954489125732366}}
PROGRESS {"tag": "M_backtest_gap42", "iter": 1851, "total": 8000, "metrics": {"train-rmse": 0.07691503073784633, "valid-rmse": 0.0895417115305986}}
PROGRESS {"tag": "M_backtest_gap42", "iter": 1901, "total": 8000, "metrics": {"train-rmse": 0.07663935069178883, "valid-rmse": 0.0895136661039553}}
PROGRESS {"tag": "M_backtest_gap42", "iter": 1951, "total": 8000, "metrics": {"train-rmse": 0.07636817632580753, "valid-rmse": 0.08949273710134228}}
PROGRESS {"tag": "M_backtest_gap42", "iter": 2001, "total": 8000, "metrics": {"train-rmse": 0.0760682071121894, "valid-rmse": 0.08947476122863067}}
PROGRESS {"tag": "M_backtest_gap42", "iter": 2051, "total": 8000, "metrics": {"train-rmse": 0.07578968768541262, "valid-rmse": 0.08937396197878753}}
PROGRESS {"tag": "M_backtest_gap42", "iter": 2101, "total": 8000, "metrics": {"train-rmse": 0.07553008441266386, "valid-rmse": 0.08934644074320054}}
PROGRESS {"tag": "M_backtest_gap42", "iter": 2151, "total": 8000, "metrics": {"train-rmse": 0.0752721473916466, "valid-rmse": 0.08926755625802485}}
PROGRESS {"tag": "M_backtest_gap42", "iter": 2201, "total": 8000, "metrics": {"train-rmse": 0.0750201996354845, "valid-rmse": 0.0892704845160285}}
PROGRESS {"tag": "M_backtest_gap42", "iter": 2251, "total": 8000, "metrics": {"train-rmse": 0.07475698110676153, "valid-rmse": 0.08926439432240531}}
PROGRESS {"tag": "M_backtest_gap42", "iter": 2301, "total": 8000, "metrics": {"train-rmse": 0.07447914420496339, "valid-rmse": 0.08926928655706148}}
PROGRESS {"tag": "M_backtest_gap42", "iter": 2351, "total": 8000, "metrics": {"train-rmse": 0.07423048842468147, "valid-rmse": 0.08923520155045594}}
PROGRESS {"tag": "M_backtest_gap42", "iter": 2401, "total": 8000, "metrics": {"train-rmse": 0.07398521987348844, "valid-rmse": 0.08932575280509174}}
PROGRESS {"tag": "M_backtest_gap42", "iter": 2451, "total": 8000, "metrics": {"train-rmse": 0.0737402335502332, "valid-rmse": 0.08933138060497149}}
PROGRESS {"tag": "M_backtest_gap42", "iter": 2501, "total": 8000, "metrics": {"train-rmse": 0.07350822427078134, "valid-rmse": 0.08932181815678454}}
DONE {"tag": "M_backtest_gap42", "best_iteration": 2347, "best_score": 0.08922908591307162, "seconds": 503.5}
WORKER_DONE {"device": "cuda:0", "jobs": 1}
PROGRESS {"tag": "M_backtest_gap21_alt", "iter": 1, "total": 8000, "metrics": {"train-rmse": 0.2898555044389154, "valid-rmse": 0.26996440078005235}}
PROGRESS {"tag": "M_backtest_gap21_alt", "iter": 51, "total": 8000, "metrics": {"train-rmse": 0.12016352576936642, "valid-rmse": 0.09805776552099152}}
PROGRESS {"tag": "M_backtest_gap21_alt", "iter": 101, "total": 8000, "metrics": {"train-rmse": 0.10410274599124, "valid-rmse": 0.09365173960024255}}
PROGRESS {"tag": "M_backtest_gap21_alt", "iter": 151, "total": 8000, "metrics": {"train-rmse": 0.09693726935885236, "valid-rmse": 0.09202695396896766}}
PROGRESS {"tag": "M_backtest_gap21_alt", "iter": 201, "total": 8000, "metrics": {"train-rmse": 0.09296773521150174, "valid-rmse": 0.09100405621551177}}
PROGRESS {"tag": "M_backtest_gap21_alt", "iter": 251, "total": 8000, "metrics": {"train-rmse": 0.09017771558515578, "valid-rmse": 0.09041745369492453}}
PROGRESS {"tag": "M_backtest_gap21_alt", "iter": 301, "total": 8000, "metrics": {"train-rmse": 0.0879897134846769, "valid-rmse": 0.0899212710598004}}
PROGRESS {"tag": "M_backtest_gap21_alt", "iter": 351, "total": 8000, "metrics": {"train-rmse": 0.08613452343517244, "valid-rmse": 0.08948857356916028}}
PROGRESS {"tag": "M_backtest_gap21_alt", "iter": 401, "total": 8000, "metrics": {"train-rmse": 0.08469163857311203, "valid-rmse": 0.08918555656675027}}
PROGRESS {"tag": "M_backtest_gap21_alt", "iter": 451, "total": 8000, "metrics": {"train-rmse": 0.08342715730362692, "valid-rmse": 0.08901642137697621}}
PROGRESS {"tag": "M_backtest_gap21_alt", "iter": 501, "total": 8000, "metrics": {"train-rmse": 0.08232437776014515, "valid-rmse": 0.08886106260869485}}
PROGRESS {"tag": "M_backtest_gap21_alt", "iter": 551, "total": 8000, "metrics": {"train-rmse": 0.08123723462580543, "valid-rmse": 0.08888480805483341}}
PROGRESS {"tag": "M_backtest_gap21_alt", "iter": 601, "total": 8000, "metrics": {"train-rmse": 0.08030795381140024, "valid-rmse": 0.08877541146388658}}
PROGRESS {"tag": "M_backtest_gap21_alt", "iter": 651, "total": 8000, "metrics": {"train-rmse": 0.0794107510096221, "valid-rmse": 0.08856237524640496}}
PROGRESS {"tag": "M_backtest_gap21_alt", "iter": 701, "total": 8000, "metrics": {"train-rmse": 0.07864153008392102, "valid-rmse": 0.08836777875551215}}
PROGRESS {"tag": "M_backtest_gap21_alt", "iter": 751, "total": 8000, "metrics": {"train-rmse": 0.07789227181242735, "valid-rmse": 0.0882965964625992}}
PROGRESS {"tag": "M_backtest_gap21_alt", "iter": 801, "total": 8000, "metrics": {"train-rmse": 0.07717498725242347, "valid-rmse": 0.088283243383807}}
PROGRESS {"tag": "M_backtest_gap21_alt", "iter": 851, "total": 8000, "metrics": {"train-rmse": 0.07648865487602234, "valid-rmse": 0.08822452796615915}}
PROGRESS {"tag": "M_backtest_gap21_alt", "iter": 901, "total": 8000, "metrics": {"train-rmse": 0.0758217180825933, "valid-rmse": 0.08817216394628168}}
PROGRESS {"tag": "M_backtest_gap21_alt", "iter": 951, "total": 8000, "metrics": {"train-rmse": 0.07519785183446459, "valid-rmse": 0.08817478369059582}}
PROGRESS {"tag": "M_backtest_gap21_alt", "iter": 1001, "total": 8000, "metrics": {"train-rmse": 0.07459406138436799, "valid-rmse": 0.08820320951736874}}
PROGRESS {"tag": "M_backtest_gap21_alt", "iter": 1051, "total": 8000, "metrics": {"train-rmse": 0.07400386544377333, "valid-rmse": 0.08826359417354507}}
PROGRESS {"tag": "M_backtest_gap21_alt", "iter": 1101, "total": 8000, "metrics": {"train-rmse": 0.07344990627205544, "valid-rmse": 0.08829539955237946}}
DONE {"tag": "M_backtest_gap21_alt", "best_iteration": 928, "best_score": 0.08815728261876042, "seconds": 427.9}
WORKER_DONE {"device": "cuda:0", "jobs": 1}
PROGRESS {"tag": "M_backtest_gap28_alt", "iter": 1, "total": 8000, "metrics": {"train-rmse": 0.2943224261087459, "valid-rmse": 0.2724998590096661}}
PROGRESS {"tag": "M_backtest_gap28_alt", "iter": 51, "total": 8000, "metrics": {"train-rmse": 0.12152882424505436, "valid-rmse": 0.09847917611863094}}
PROGRESS {"tag": "M_backtest_gap28_alt", "iter": 101, "total": 8000, "metrics": {"train-rmse": 0.10472630859460103, "valid-rmse": 0.09394986899774975}}
PROGRESS {"tag": "M_backtest_gap28_alt", "iter": 151, "total": 8000, "metrics": {"train-rmse": 0.09751123167724657, "valid-rmse": 0.0918548073801855}}
PROGRESS {"tag": "M_backtest_gap28_alt", "iter": 201, "total": 8000, "metrics": {"train-rmse": 0.09345773893594188, "valid-rmse": 0.09111377767390416}}
PROGRESS {"tag": "M_backtest_gap28_alt", "iter": 251, "total": 8000, "metrics": {"train-rmse": 0.09063329999590158, "valid-rmse": 0.09038634895112949}}
PROGRESS {"tag": "M_backtest_gap28_alt", "iter": 301, "total": 8000, "metrics": {"train-rmse": 0.08838744244302399, "valid-rmse": 0.0899709939361805}}
PROGRESS {"tag": "M_backtest_gap28_alt", "iter": 351, "total": 8000, "metrics": {"train-rmse": 0.08655709571582935, "valid-rmse": 0.08971488382713187}}
PROGRESS {"tag": "M_backtest_gap28_alt", "iter": 401, "total": 8000, "metrics": {"train-rmse": 0.08502882455609205, "valid-rmse": 0.08940036292231598}}
PROGRESS {"tag": "M_backtest_gap28_alt", "iter": 451, "total": 8000, "metrics": {"train-rmse": 0.08370011182663875, "valid-rmse": 0.08918284700186746}}
PROGRESS {"tag": "M_backtest_gap28_alt", "iter": 501, "total": 8000, "metrics": {"train-rmse": 0.08258517347092932, "valid-rmse": 0.08907731935833257}}
PROGRESS {"tag": "M_backtest_gap28_alt", "iter": 551, "total": 8000, "metrics": {"train-rmse": 0.08146550142314489, "valid-rmse": 0.08912175240708496}}
PROGRESS {"tag": "M_backtest_gap28_alt", "iter": 601, "total": 8000, "metrics": {"train-rmse": 0.08048146994575797, "valid-rmse": 0.08908268140902591}}
PROGRESS {"tag": "M_backtest_gap28_alt", "iter": 651, "total": 8000, "metrics": {"train-rmse": 0.07961955763655394, "valid-rmse": 0.08902900286074607}}
PROGRESS {"tag": "M_backtest_gap28_alt", "iter": 701, "total": 8000, "metrics": {"train-rmse": 0.07884977099289293, "valid-rmse": 0.08894310527798217}}
PROGRESS {"tag": "M_backtest_gap28_alt", "iter": 751, "total": 8000, "metrics": {"train-rmse": 0.07810460863742565, "valid-rmse": 0.08888376950006457}}
PROGRESS {"tag": "M_backtest_gap28_alt", "iter": 801, "total": 8000, "metrics": {"train-rmse": 0.07736349881767515, "valid-rmse": 0.08874347463385361}}
PROGRESS {"tag": "M_backtest_gap28_alt", "iter": 851, "total": 8000, "metrics": {"train-rmse": 0.0766980399818783, "valid-rmse": 0.08873409550708508}}
PROGRESS {"tag": "M_backtest_gap28_alt", "iter": 901, "total": 8000, "metrics": {"train-rmse": 0.07604745139770937, "valid-rmse": 0.08885774674241236}}
PROGRESS {"tag": "M_backtest_gap28_alt", "iter": 951, "total": 8000, "metrics": {"train-rmse": 0.07541316960415957, "valid-rmse": 0.08885173752221054}}
PROGRESS {"tag": "M_backtest_gap28_alt", "iter": 1001, "total": 8000, "metrics": {"train-rmse": 0.07481197730957549, "valid-rmse": 0.08885644267547735}}
DONE {"tag": "M_backtest_gap28_alt", "best_iteration": 837, "best_score": 0.08871486451856174, "seconds": 395.5}
WORKER_DONE {"device": "cuda:0", "jobs": 1}
PROGRESS {"tag": "A_backtest_weighted", "iter": 1, "total": 8000, "metrics": {"train-rmse": 0.4150785806472232, "valid-rmse": 0.41418877621833855}}
PROGRESS {"tag": "A_backtest_weighted", "iter": 26, "total": 8000, "metrics": {"train-rmse": 0.2707113127629995, "valid-rmse": 0.27089028061182974}}
PROGRESS {"tag": "A_backtest_weighted", "iter": 51, "total": 8000, "metrics": {"train-rmse": 0.18828559729235023, "valid-rmse": 0.1868727053934557}}
PROGRESS {"tag": "A_backtest_weighted", "iter": 76, "total": 8000, "metrics": {"train-rmse": 0.14394059197618908, "valid-rmse": 0.1414433477960862}}
PROGRESS {"tag": "A_backtest_weighted", "iter": 101, "total": 8000, "metrics": {"train-rmse": 0.12090234947307775, "valid-rmse": 0.11751878623211176}}
PROGRESS {"tag": "A_backtest_weighted", "iter": 126, "total": 8000, "metrics": {"train-rmse": 0.10886988192852289, "valid-rmse": 0.1052840666029479}}
PROGRESS {"tag": "A_backtest_weighted", "iter": 151, "total": 8000, "metrics": {"train-rmse": 0.10212942311572763, "valid-rmse": 0.09906775915556373}}
PROGRESS {"tag": "A_backtest_weighted", "iter": 176, "total": 8000, "metrics": {"train-rmse": 0.09787860664759014, "valid-rmse": 0.09563525201195594}}
PROGRESS {"tag": "A_backtest_weighted", "iter": 201, "total": 8000, "metrics": {"train-rmse": 0.09484987003676539, "valid-rmse": 0.09369339262893973}}
PROGRESS {"tag": "A_backtest_weighted", "iter": 226, "total": 8000, "metrics": {"train-rmse": 0.09233863174943102, "valid-rmse": 0.09251740502382302}}
PROGRESS {"tag": "A_backtest_weighted", "iter": 251, "total": 8000, "metrics": {"train-rmse": 0.09030862033794389, "valid-rmse": 0.0916280349675721}}
PROGRESS {"tag": "A_backtest_weighted", "iter": 276, "total": 8000, "metrics": {"train-rmse": 0.08857459816738245, "valid-rmse": 0.09113784398414644}}
PROGRESS {"tag": "A_backtest_weighted", "iter": 301, "total": 8000, "metrics": {"train-rmse": 0.08713248835999646, "valid-rmse": 0.09064027211762625}}
PROGRESS {"tag": "A_backtest_weighted", "iter": 326, "total": 8000, "metrics": {"train-rmse": 0.08570800323598081, "valid-rmse": 0.09027044851160419}}
PROGRESS {"tag": "A_backtest_weighted", "iter": 351, "total": 8000, "metrics": {"train-rmse": 0.08449035158065604, "valid-rmse": 0.09000653341553451}}
PROGRESS {"tag": "A_backtest_weighted", "iter": 376, "total": 8000, "metrics": {"train-rmse": 0.08334450206571227, "valid-rmse": 0.08969853277618597}}
PROGRESS {"tag": "A_backtest_weighted", "iter": 401, "total": 8000, "metrics": {"train-rmse": 0.08235816211148872, "valid-rmse": 0.08948021519281596}}
PROGRESS {"tag": "A_backtest_weighted", "iter": 426, "total": 8000, "metrics": {"train-rmse": 0.08152658711147877, "valid-rmse": 0.08928125432398827}}
PROGRESS {"tag": "A_backtest_weighted", "iter": 451, "total": 8000, "metrics": {"train-rmse": 0.08070460891319646, "valid-rmse": 0.08918587956443876}}
PROGRESS {"tag": "A_backtest_weighted", "iter": 476, "total": 8000, "metrics": {"train-rmse": 0.08000738005779492, "valid-rmse": 0.08907872234003499}}
PROGRESS {"tag": "A_backtest_weighted", "iter": 501, "total": 8000, "metrics": {"train-rmse": 0.07928152807622701, "valid-rmse": 0.08894535283918911}}
PROGRESS {"tag": "A_backtest_weighted", "iter": 526, "total": 8000, "metrics": {"train-rmse": 0.07856849060037663, "valid-rmse": 0.08884056217744299}}
PROGRESS {"tag": "A_backtest_weighted", "iter": 551, "total": 8000, "metrics": {"train-rmse": 0.07793154172350852, "valid-rmse": 0.08877916239182025}}
PROGRESS {"tag": "A_backtest_weighted", "iter": 576, "total": 8000, "metrics": {"train-rmse": 0.07740265869429255, "valid-rmse": 0.08874320509792308}}
PROGRESS {"tag": "A_backtest_weighted", "iter": 601, "total": 8000, "metrics": {"train-rmse": 0.07685477554615944, "valid-rmse": 0.08859651315017568}}
PROGRESS {"tag": "A_backtest_weighted", "iter": 626, "total": 8000, "metrics": {"train-rmse": 0.07639494993112322, "valid-rmse": 0.0884690242059325}}
PROGRESS {"tag": "A_backtest_weighted", "iter": 651, "total": 8000, "metrics": {"train-rmse": 0.07595397120465133, "valid-rmse": 0.08833924612346804}}
PROGRESS {"tag": "A_backtest_weighted", "iter": 676, "total": 8000, "metrics": {"train-rmse": 0.07558035087338325, "valid-rmse": 0.08831097845505746}}
PROGRESS {"tag": "A_backtest_weighted", "iter": 701, "total": 8000, "metrics": {"train-rmse": 0.07513996741533549, "valid-rmse": 0.08835090844803778}}
PROGRESS {"tag": "A_backtest_weighted", "iter": 726, "total": 8000, "metrics": {"train-rmse": 0.07473341608859371, "valid-rmse": 0.08825501857224796}}
PROGRESS {"tag": "A_backtest_weighted", "iter": 751, "total": 8000, "metrics": {"train-rmse": 0.07433896158663174, "valid-rmse": 0.08830583491830908}}
PROGRESS {"tag": "A_backtest_weighted", "iter": 776, "total": 8000, "metrics": {"train-rmse": 0.07396942525095225, "valid-rmse": 0.08826044264472471}}
PROGRESS {"tag": "A_backtest_weighted", "iter": 801, "total": 8000, "metrics": {"train-rmse": 0.07363716493386302, "valid-rmse": 0.08831033659284382}}
PROGRESS {"tag": "A_backtest_weighted", "iter": 826, "total": 8000, "metrics": {"train-rmse": 0.07332614638781902, "valid-rmse": 0.08827267007736592}}
PROGRESS {"tag": "A_backtest_weighted", "iter": 851, "total": 8000, "metrics": {"train-rmse": 0.07302224917242502, "valid-rmse": 0.08827912101305344}}
PROGRESS {"tag": "A_backtest_weighted", "iter": 876, "total": 8000, "metrics": {"train-rmse": 0.07267220521352169, "valid-rmse": 0.08824642540504118}}
PROGRESS {"tag": "A_backtest_weighted", "iter": 901, "total": 8000, "metrics": {"train-rmse": 0.07234049959499916, "valid-rmse": 0.08819192892874961}}
PROGRESS {"tag": "A_backtest_weighted", "iter": 926, "total": 8000, "metrics": {"train-rmse": 0.07202667107525089, "valid-rmse": 0.08817206155231369}}
PROGRESS {"tag": "A_backtest_weighted", "iter": 951, "total": 8000, "metrics": {"train-rmse": 0.07171191191548906, "valid-rmse": 0.08816572107207661}}
PROGRESS {"tag": "A_backtest_weighted", "iter": 976, "total": 8000, "metrics": {"train-rmse": 0.07139087088707621, "valid-rmse": 0.08814493725042433}}
PROGRESS {"tag": "A_backtest_weighted", "iter": 1001, "total": 8000, "metrics": {"train-rmse": 0.07108900726087139, "valid-rmse": 0.08809431885274183}}
PROGRESS {"tag": "A_backtest_weighted", "iter": 1026, "total": 8000, "metrics": {"train-rmse": 0.07082654968005911, "valid-rmse": 0.08827879925229376}}
PROGRESS {"tag": "A_backtest_weighted", "iter": 1051, "total": 8000, "metrics": {"train-rmse": 0.07055464545510194, "valid-rmse": 0.08835168506697012}}
PROGRESS {"tag": "A_backtest_weighted", "iter": 1076, "total": 8000, "metrics": {"train-rmse": 0.07030827937616241, "valid-rmse": 0.08830950724987174}}
PROGRESS {"tag": "A_backtest_weighted", "iter": 1101, "total": 8000, "metrics": {"train-rmse": 0.07002440343449601, "valid-rmse": 0.08831527307212575}}
PROGRESS {"tag": "A_backtest_weighted", "iter": 1126, "total": 8000, "metrics": {"train-rmse": 0.06974414690359436, "valid-rmse": 0.08836704949448121}}
PROGRESS {"tag": "A_backtest_weighted", "iter": 1151, "total": 8000, "metrics": {"train-rmse": 0.06946477856645233, "valid-rmse": 0.08834958961488171}}
PROGRESS {"tag": "A_backtest_weighted", "iter": 1176, "total": 8000, "metrics": {"train-rmse": 0.06919144812900031, "valid-rmse": 0.0883542810086129}}
PROGRESS {"tag": "A_backtest_weighted", "iter": 1201, "total": 8000, "metrics": {"train-rmse": 0.06889285531360026, "valid-rmse": 0.08832489452123198}}
PROGRESS {"tag": "A_backtest_weighted", "iter": 1226, "total": 8000, "metrics": {"train-rmse": 0.06865414526353723, "valid-rmse": 0.08833589228170048}}
PROGRESS {"tag": "A_backtest_weighted", "iter": 1251, "total": 8000, "metrics": {"train-rmse": 0.06839877961113827, "valid-rmse": 0.08834360041781418}}
PROGRESS {"tag": "A_backtest_weighted", "iter": 1276, "total": 8000, "metrics": {"train-rmse": 0.06812768720900712, "valid-rmse": 0.08840408348376608}}
PROGRESS {"tag": "A_backtest_weighted", "iter": 1301, "total": 8000, "metrics": {"train-rmse": 0.06787994254746224, "valid-rmse": 0.08841555444163678}}
DONE {"tag": "A_backtest_weighted", "best_iteration": 1011, "best_score": 0.0880465670367322, "seconds": 73.9}
WORKER_DONE {"device": "cuda:0", "jobs": 1}
PROGRESS {"tag": "A_backtest_unweighted", "iter": 1, "total": 8000, "metrics": {"train-rmse": 0.4168403381394853, "valid-rmse": 0.4145359468825239}}
PROGRESS {"tag": "A_backtest_unweighted", "iter": 26, "total": 8000, "metrics": {"train-rmse": 0.2716523984712655, "valid-rmse": 0.27120650709829863}}
PROGRESS {"tag": "A_backtest_unweighted", "iter": 51, "total": 8000, "metrics": {"train-rmse": 0.18877619783713587, "valid-rmse": 0.1878220217648554}}
PROGRESS {"tag": "A_backtest_unweighted", "iter": 76, "total": 8000, "metrics": {"train-rmse": 0.14424537024287398, "valid-rmse": 0.14258995496856322}}
PROGRESS {"tag": "A_backtest_unweighted", "iter": 101, "total": 8000, "metrics": {"train-rmse": 0.12101790827779604, "valid-rmse": 0.11871785924814782}}
PROGRESS {"tag": "A_backtest_unweighted", "iter": 126, "total": 8000, "metrics": {"train-rmse": 0.10882744921192684, "valid-rmse": 0.10647470955907903}}
PROGRESS {"tag": "A_backtest_unweighted", "iter": 151, "total": 8000, "metrics": {"train-rmse": 0.10192358392268633, "valid-rmse": 0.09996118113298819}}
PROGRESS {"tag": "A_backtest_unweighted", "iter": 176, "total": 8000, "metrics": {"train-rmse": 0.09760314435699964, "valid-rmse": 0.09653958777965005}}
PROGRESS {"tag": "A_backtest_unweighted", "iter": 201, "total": 8000, "metrics": {"train-rmse": 0.09451329155622226, "valid-rmse": 0.09463009130392064}}
PROGRESS {"tag": "A_backtest_unweighted", "iter": 226, "total": 8000, "metrics": {"train-rmse": 0.09203744408846719, "valid-rmse": 0.09353642881543286}}
PROGRESS {"tag": "A_backtest_unweighted", "iter": 251, "total": 8000, "metrics": {"train-rmse": 0.08995468526077526, "valid-rmse": 0.09267477477271288}}
PROGRESS {"tag": "A_backtest_unweighted", "iter": 276, "total": 8000, "metrics": {"train-rmse": 0.08813606462760326, "valid-rmse": 0.0920934165462608}}
PROGRESS {"tag": "A_backtest_unweighted", "iter": 301, "total": 8000, "metrics": {"train-rmse": 0.08647412408282507, "valid-rmse": 0.09167559840861528}}
PROGRESS {"tag": "A_backtest_unweighted", "iter": 326, "total": 8000, "metrics": {"train-rmse": 0.08505115509973982, "valid-rmse": 0.09131376193890771}}
PROGRESS {"tag": "A_backtest_unweighted", "iter": 351, "total": 8000, "metrics": {"train-rmse": 0.08384706551105126, "valid-rmse": 0.09092987908613546}}
PROGRESS {"tag": "A_backtest_unweighted", "iter": 376, "total": 8000, "metrics": {"train-rmse": 0.08285693335338579, "valid-rmse": 0.09062306510209892}}
PROGRESS {"tag": "A_backtest_unweighted", "iter": 401, "total": 8000, "metrics": {"train-rmse": 0.08185780225200118, "valid-rmse": 0.0902596931337663}}
PROGRESS {"tag": "A_backtest_unweighted", "iter": 426, "total": 8000, "metrics": {"train-rmse": 0.08095139373026364, "valid-rmse": 0.09011116411244373}}
PROGRESS {"tag": "A_backtest_unweighted", "iter": 451, "total": 8000, "metrics": {"train-rmse": 0.08016280208031493, "valid-rmse": 0.09002184680546887}}
PROGRESS {"tag": "A_backtest_unweighted", "iter": 476, "total": 8000, "metrics": {"train-rmse": 0.07953587544955022, "valid-rmse": 0.08990429505133457}}
PROGRESS {"tag": "A_backtest_unweighted", "iter": 501, "total": 8000, "metrics": {"train-rmse": 0.07879766325838589, "valid-rmse": 0.08989111478494097}}
PROGRESS {"tag": "A_backtest_unweighted", "iter": 526, "total": 8000, "metrics": {"train-rmse": 0.0781315198917175, "valid-rmse": 0.08981557661744004}}
PROGRESS {"tag": "A_backtest_unweighted", "iter": 551, "total": 8000, "metrics": {"train-rmse": 0.07748564381234303, "valid-rmse": 0.0896962708728371}}
PROGRESS {"tag": "A_backtest_unweighted", "iter": 576, "total": 8000, "metrics": {"train-rmse": 0.07696085063316793, "valid-rmse": 0.08962344335718891}}
PROGRESS {"tag": "A_backtest_unweighted", "iter": 601, "total": 8000, "metrics": {"train-rmse": 0.0763763909738642, "valid-rmse": 0.08954347666303387}}
PROGRESS {"tag": "A_backtest_unweighted", "iter": 626, "total": 8000, "metrics": {"train-rmse": 0.07587725788991041, "valid-rmse": 0.08953587570558016}}
PROGRESS {"tag": "A_backtest_unweighted", "iter": 651, "total": 8000, "metrics": {"train-rmse": 0.07540342821148893, "valid-rmse": 0.08966409141632711}}
PROGRESS {"tag": "A_backtest_unweighted", "iter": 676, "total": 8000, "metrics": {"train-rmse": 0.07499806185655856, "valid-rmse": 0.08959388247242443}}
PROGRESS {"tag": "A_backtest_unweighted", "iter": 701, "total": 8000, "metrics": {"train-rmse": 0.07452015149843334, "valid-rmse": 0.08955356406541932}}
PROGRESS {"tag": "A_backtest_unweighted", "iter": 726, "total": 8000, "metrics": {"train-rmse": 0.07412209182381785, "valid-rmse": 0.08958530275949213}}
PROGRESS {"tag": "A_backtest_unweighted", "iter": 751, "total": 8000, "metrics": {"train-rmse": 0.07370150583519536, "valid-rmse": 0.08955504020374203}}
PROGRESS {"tag": "A_backtest_unweighted", "iter": 776, "total": 8000, "metrics": {"train-rmse": 0.07330152221301532, "valid-rmse": 0.08945686016425296}}
PROGRESS {"tag": "A_backtest_unweighted", "iter": 801, "total": 8000, "metrics": {"train-rmse": 0.07289560747906526, "valid-rmse": 0.08943511070286594}}
PROGRESS {"tag": "A_backtest_unweighted", "iter": 826, "total": 8000, "metrics": {"train-rmse": 0.07247258731404817, "valid-rmse": 0.08934525345646926}}
PROGRESS {"tag": "A_backtest_unweighted", "iter": 851, "total": 8000, "metrics": {"train-rmse": 0.07215228270577904, "valid-rmse": 0.08926609353617243}}
PROGRESS {"tag": "A_backtest_unweighted", "iter": 876, "total": 8000, "metrics": {"train-rmse": 0.0717958053146946, "valid-rmse": 0.08921537417598868}}
PROGRESS {"tag": "A_backtest_unweighted", "iter": 901, "total": 8000, "metrics": {"train-rmse": 0.07146120728787975, "valid-rmse": 0.08922041129532682}}
PROGRESS {"tag": "A_backtest_unweighted", "iter": 926, "total": 8000, "metrics": {"train-rmse": 0.07108164636987978, "valid-rmse": 0.08914139153595377}}
PROGRESS {"tag": "A_backtest_unweighted", "iter": 951, "total": 8000, "metrics": {"train-rmse": 0.07071877067851695, "valid-rmse": 0.08912124226934709}}
PROGRESS {"tag": "A_backtest_unweighted", "iter": 976, "total": 8000, "metrics": {"train-rmse": 0.0703773080026254, "valid-rmse": 0.08914697991679653}}
PROGRESS {"tag": "A_backtest_unweighted", "iter": 1001, "total": 8000, "metrics": {"train-rmse": 0.07008566276104392, "valid-rmse": 0.08915902291409174}}
PROGRESS {"tag": "A_backtest_unweighted", "iter": 1026, "total": 8000, "metrics": {"train-rmse": 0.06978246469649513, "valid-rmse": 0.08919798771379292}}
PROGRESS {"tag": "A_backtest_unweighted", "iter": 1051, "total": 8000, "metrics": {"train-rmse": 0.06949951783608524, "valid-rmse": 0.08923161301479227}}
PROGRESS {"tag": "A_backtest_unweighted", "iter": 1076, "total": 8000, "metrics": {"train-rmse": 0.06924248808465071, "valid-rmse": 0.08917263762158781}}
PROGRESS {"tag": "A_backtest_unweighted", "iter": 1101, "total": 8000, "metrics": {"train-rmse": 0.06896049288029069, "valid-rmse": 0.08911153508479211}}
PROGRESS {"tag": "A_backtest_unweighted", "iter": 1126, "total": 8000, "metrics": {"train-rmse": 0.0686855249340936, "valid-rmse": 0.08905663194635004}}
PROGRESS {"tag": "A_backtest_unweighted", "iter": 1151, "total": 8000, "metrics": {"train-rmse": 0.06839449098469302, "valid-rmse": 0.08904707835872348}}
PROGRESS {"tag": "A_backtest_unweighted", "iter": 1176, "total": 8000, "metrics": {"train-rmse": 0.06810160560779022, "valid-rmse": 0.08903042142961982}}
PROGRESS {"tag": "A_backtest_unweighted", "iter": 1201, "total": 8000, "metrics": {"train-rmse": 0.06781567332245755, "valid-rmse": 0.08897051407428057}}
PROGRESS {"tag": "A_backtest_unweighted", "iter": 1226, "total": 8000, "metrics": {"train-rmse": 0.06756185886001985, "valid-rmse": 0.08892658869195458}}
PROGRESS {"tag": "A_backtest_unweighted", "iter": 1251, "total": 8000, "metrics": {"train-rmse": 0.06730888374910497, "valid-rmse": 0.08892668306868644}}
PROGRESS {"tag": "A_backtest_unweighted", "iter": 1276, "total": 8000, "metrics": {"train-rmse": 0.0670640377701353, "valid-rmse": 0.08890530152102366}}
PROGRESS {"tag": "A_backtest_unweighted", "iter": 1301, "total": 8000, "metrics": {"train-rmse": 0.06681845881661862, "valid-rmse": 0.08889230874524079}}
PROGRESS {"tag": "A_backtest_unweighted", "iter": 1326, "total": 8000, "metrics": {"train-rmse": 0.06658317544324259, "valid-rmse": 0.08885908761423013}}
PROGRESS {"tag": "A_backtest_unweighted", "iter": 1351, "total": 8000, "metrics": {"train-rmse": 0.06634668040100346, "valid-rmse": 0.08886972404158007}}
PROGRESS {"tag": "A_backtest_unweighted", "iter": 1376, "total": 8000, "metrics": {"train-rmse": 0.06611526724599562, "valid-rmse": 0.08881939727745382}}
PROGRESS {"tag": "A_backtest_unweighted", "iter": 1401, "total": 8000, "metrics": {"train-rmse": 0.065894936601912, "valid-rmse": 0.08881062342602022}}
PROGRESS {"tag": "A_backtest_unweighted", "iter": 1426, "total": 8000, "metrics": {"train-rmse": 0.06568086058555313, "valid-rmse": 0.08879132774037603}}
PROGRESS {"tag": "A_backtest_unweighted", "iter": 1451, "total": 8000, "metrics": {"train-rmse": 0.0654582204978105, "valid-rmse": 0.08879182956809116}}
PROGRESS {"tag": "A_backtest_unweighted", "iter": 1476, "total": 8000, "metrics": {"train-rmse": 0.06523240342914995, "valid-rmse": 0.08878129847878284}}
PROGRESS {"tag": "A_backtest_unweighted", "iter": 1501, "total": 8000, "metrics": {"train-rmse": 0.0650060475927132, "valid-rmse": 0.08878600318342032}}
PROGRESS {"tag": "A_backtest_unweighted", "iter": 1526, "total": 8000, "metrics": {"train-rmse": 0.06481348336942891, "valid-rmse": 0.08880798201615607}}
PROGRESS {"tag": "A_backtest_unweighted", "iter": 1551, "total": 8000, "metrics": {"train-rmse": 0.06458803222223714, "valid-rmse": 0.08879665392207162}}
PROGRESS {"tag": "A_backtest_unweighted", "iter": 1576, "total": 8000, "metrics": {"train-rmse": 0.06437297996774169, "valid-rmse": 0.08884962441613457}}
PROGRESS {"tag": "A_backtest_unweighted", "iter": 1601, "total": 8000, "metrics": {"train-rmse": 0.06415618725720783, "valid-rmse": 0.08886112784090916}}
PROGRESS {"tag": "A_backtest_unweighted", "iter": 1626, "total": 8000, "metrics": {"train-rmse": 0.063944628999852, "valid-rmse": 0.08888662757071455}}
PROGRESS {"tag": "A_backtest_unweighted", "iter": 1651, "total": 8000, "metrics": {"train-rmse": 0.0637507868083626, "valid-rmse": 0.0889011728194883}}
PROGRESS {"tag": "A_backtest_unweighted", "iter": 1676, "total": 8000, "metrics": {"train-rmse": 0.06355116597374572, "valid-rmse": 0.08895908295532395}}
PROGRESS {"tag": "A_backtest_unweighted", "iter": 1701, "total": 8000, "metrics": {"train-rmse": 0.06336641596808687, "valid-rmse": 0.08896334688626596}}
PROGRESS {"tag": "A_backtest_unweighted", "iter": 1726, "total": 8000, "metrics": {"train-rmse": 0.06317310844527996, "valid-rmse": 0.08888442500331828}}
PROGRESS {"tag": "A_backtest_unweighted", "iter": 1751, "total": 8000, "metrics": {"train-rmse": 0.06297631384535825, "valid-rmse": 0.08887113998218629}}
DONE {"tag": "A_backtest_unweighted", "best_iteration": 1469, "best_score": 0.08875032732866518, "seconds": 96.4}
WORKER_DONE {"device": "cuda:0", "jobs": 1}
PROGRESS {"tag": "P_backtest", "iter": 1, "total": 8000, "metrics": {"train-rmse": 0.38690169265231483, "valid-rmse": 0.3768848364116576}}
PROGRESS {"tag": "P_backtest", "iter": 51, "total": 8000, "metrics": {"train-rmse": 0.16893888488811915, "valid-rmse": 0.16265164503978294}}
PROGRESS {"tag": "P_backtest", "iter": 101, "total": 8000, "metrics": {"train-rmse": 0.12418781501571644, "valid-rmse": 0.12451931716134294}}
PROGRESS {"tag": "P_backtest", "iter": 151, "total": 8000, "metrics": {"train-rmse": 0.1104549277737622, "valid-rmse": 0.11318580804194113}}
PROGRESS {"tag": "P_backtest", "iter": 201, "total": 8000, "metrics": {"train-rmse": 0.10457343448283275, "valid-rmse": 0.10897545999479909}}
PROGRESS {"tag": "P_backtest", "iter": 251, "total": 8000, "metrics": {"train-rmse": 0.10081239149702077, "valid-rmse": 0.10588095564726815}}
PROGRESS {"tag": "P_backtest", "iter": 301, "total": 8000, "metrics": {"train-rmse": 0.09826117757592359, "valid-rmse": 0.10438030235260537}}
PROGRESS {"tag": "P_backtest", "iter": 351, "total": 8000, "metrics": {"train-rmse": 0.09619960271893646, "valid-rmse": 0.1030455363023922}}
PROGRESS {"tag": "P_backtest", "iter": 401, "total": 8000, "metrics": {"train-rmse": 0.09457164442650717, "valid-rmse": 0.10216796242314208}}
PROGRESS {"tag": "P_backtest", "iter": 451, "total": 8000, "metrics": {"train-rmse": 0.09314621167075075, "valid-rmse": 0.1014005913668353}}
PROGRESS {"tag": "P_backtest", "iter": 501, "total": 8000, "metrics": {"train-rmse": 0.09190139258753813, "valid-rmse": 0.10075107509712927}}
PROGRESS {"tag": "P_backtest", "iter": 551, "total": 8000, "metrics": {"train-rmse": 0.09087148830375087, "valid-rmse": 0.10023486191117018}}
PROGRESS {"tag": "P_backtest", "iter": 601, "total": 8000, "metrics": {"train-rmse": 0.0898864694577326, "valid-rmse": 0.09980086075136292}}
PROGRESS {"tag": "P_backtest", "iter": 651, "total": 8000, "metrics": {"train-rmse": 0.0890215858172022, "valid-rmse": 0.0992768767567421}}
PROGRESS {"tag": "P_backtest", "iter": 701, "total": 8000, "metrics": {"train-rmse": 0.08827706647929033, "valid-rmse": 0.09895881659572618}}
PROGRESS {"tag": "P_backtest", "iter": 751, "total": 8000, "metrics": {"train-rmse": 0.08761210819976314, "valid-rmse": 0.0986083123167637}}
PROGRESS {"tag": "P_backtest", "iter": 801, "total": 8000, "metrics": {"train-rmse": 0.08691442870925305, "valid-rmse": 0.09833019545365015}}
PROGRESS {"tag": "P_backtest", "iter": 851, "total": 8000, "metrics": {"train-rmse": 0.08625307094359004, "valid-rmse": 0.09801630379291414}}
PROGRESS {"tag": "P_backtest", "iter": 901, "total": 8000, "metrics": {"train-rmse": 0.08564975502381371, "valid-rmse": 0.09772140959026616}}
PROGRESS {"tag": "P_backtest", "iter": 951, "total": 8000, "metrics": {"train-rmse": 0.08510818653138663, "valid-rmse": 0.0975991596579026}}
PROGRESS {"tag": "P_backtest", "iter": 1001, "total": 8000, "metrics": {"train-rmse": 0.08458927192722346, "valid-rmse": 0.09723002110496058}}
PROGRESS {"tag": "P_backtest", "iter": 1051, "total": 8000, "metrics": {"train-rmse": 0.0840761950719925, "valid-rmse": 0.09706752023237832}}
PROGRESS {"tag": "P_backtest", "iter": 1101, "total": 8000, "metrics": {"train-rmse": 0.08361564831073075, "valid-rmse": 0.09692289882598601}}
PROGRESS {"tag": "P_backtest", "iter": 1151, "total": 8000, "metrics": {"train-rmse": 0.08316627547409065, "valid-rmse": 0.09667411926008194}}
PROGRESS {"tag": "P_backtest", "iter": 1201, "total": 8000, "metrics": {"train-rmse": 0.08268789441913672, "valid-rmse": 0.09652918499540897}}
PROGRESS {"tag": "P_backtest", "iter": 1251, "total": 8000, "metrics": {"train-rmse": 0.08223555060300525, "valid-rmse": 0.09632420507602081}}
PROGRESS {"tag": "P_backtest", "iter": 1301, "total": 8000, "metrics": {"train-rmse": 0.0818006595911411, "valid-rmse": 0.09622034437542841}}
PROGRESS {"tag": "P_backtest", "iter": 1351, "total": 8000, "metrics": {"train-rmse": 0.08138609587349716, "valid-rmse": 0.09605932349068474}}
PROGRESS {"tag": "P_backtest", "iter": 1401, "total": 8000, "metrics": {"train-rmse": 0.08101918110234482, "valid-rmse": 0.09586989113238091}}
PROGRESS {"tag": "P_backtest", "iter": 1451, "total": 8000, "metrics": {"train-rmse": 0.08065737842613563, "valid-rmse": 0.09574902774991081}}
PROGRESS {"tag": "P_backtest", "iter": 1501, "total": 8000, "metrics": {"train-rmse": 0.08032548735031839, "valid-rmse": 0.0956746684388879}}
PROGRESS {"tag": "P_backtest", "iter": 1551, "total": 8000, "metrics": {"train-rmse": 0.0799466054267199, "valid-rmse": 0.09556633535957704}}
PROGRESS {"tag": "P_backtest", "iter": 1601, "total": 8000, "metrics": {"train-rmse": 0.07963674508666965, "valid-rmse": 0.09543857773730334}}
PROGRESS {"tag": "P_backtest", "iter": 1651, "total": 8000, "metrics": {"train-rmse": 0.07933145093910801, "valid-rmse": 0.09532986761946591}}
PROGRESS {"tag": "P_backtest", "iter": 1701, "total": 8000, "metrics": {"train-rmse": 0.07900738210220802, "valid-rmse": 0.09526815258716648}}
PROGRESS {"tag": "P_backtest", "iter": 1751, "total": 8000, "metrics": {"train-rmse": 0.0787092880431908, "valid-rmse": 0.09521554747671365}}
PROGRESS {"tag": "P_backtest", "iter": 1801, "total": 8000, "metrics": {"train-rmse": 0.07840398994307432, "valid-rmse": 0.09513779303603141}}
PROGRESS {"tag": "P_backtest", "iter": 1851, "total": 8000, "metrics": {"train-rmse": 0.07812830785909569, "valid-rmse": 0.09508054358460885}}
PROGRESS {"tag": "P_backtest", "iter": 1901, "total": 8000, "metrics": {"train-rmse": 0.0778252789416062, "valid-rmse": 0.09498292718781517}}
PROGRESS {"tag": "P_backtest", "iter": 1951, "total": 8000, "metrics": {"train-rmse": 0.07754238349444259, "valid-rmse": 0.09489735980035574}}
PROGRESS {"tag": "P_backtest", "iter": 2001, "total": 8000, "metrics": {"train-rmse": 0.07725082611518469, "valid-rmse": 0.09487326436202459}}
PROGRESS {"tag": "P_backtest", "iter": 2051, "total": 8000, "metrics": {"train-rmse": 0.07698123636082599, "valid-rmse": 0.09486105888883443}}
PROGRESS {"tag": "P_backtest", "iter": 2101, "total": 8000, "metrics": {"train-rmse": 0.07671446390618548, "valid-rmse": 0.09481273628751878}}
PROGRESS {"tag": "P_backtest", "iter": 2151, "total": 8000, "metrics": {"train-rmse": 0.07646022173089301, "valid-rmse": 0.09472967698861098}}
PROGRESS {"tag": "P_backtest", "iter": 2201, "total": 8000, "metrics": {"train-rmse": 0.076232498139209, "valid-rmse": 0.09468012674071383}}
PROGRESS {"tag": "P_backtest", "iter": 2251, "total": 8000, "metrics": {"train-rmse": 0.07598868313988096, "valid-rmse": 0.09469484592967173}}
PROGRESS {"tag": "P_backtest", "iter": 2301, "total": 8000, "metrics": {"train-rmse": 0.07572765728048791, "valid-rmse": 0.09466488620255316}}
PROGRESS {"tag": "P_backtest", "iter": 2351, "total": 8000, "metrics": {"train-rmse": 0.07546627961404916, "valid-rmse": 0.09460605873109858}}
PROGRESS {"tag": "P_backtest", "iter": 2401, "total": 8000, "metrics": {"train-rmse": 0.0752447701894617, "valid-rmse": 0.09451290609341167}}
PROGRESS {"tag": "P_backtest", "iter": 2451, "total": 8000, "metrics": {"train-rmse": 0.07502619558113914, "valid-rmse": 0.09445357801261182}}
PROGRESS {"tag": "P_backtest", "iter": 2501, "total": 8000, "metrics": {"train-rmse": 0.07479092676471046, "valid-rmse": 0.09441573147127105}}
PROGRESS {"tag": "P_backtest", "iter": 2551, "total": 8000, "metrics": {"train-rmse": 0.07456713968208595, "valid-rmse": 0.0944442211535321}}
PROGRESS {"tag": "P_backtest", "iter": 2601, "total": 8000, "metrics": {"train-rmse": 0.07435346973312235, "valid-rmse": 0.09442329214306935}}
PROGRESS {"tag": "P_backtest", "iter": 2651, "total": 8000, "metrics": {"train-rmse": 0.0741496076888062, "valid-rmse": 0.0944318031285616}}
PROGRESS {"tag": "P_backtest", "iter": 2701, "total": 8000, "metrics": {"train-rmse": 0.07390954399295002, "valid-rmse": 0.09440962684023174}}
DONE {"tag": "P_backtest", "best_iteration": 2516, "best_score": 0.09438652810099261, "seconds": 308.8}
WORKER_DONE {"device": "cuda:0", "jobs": 1}
PROGRESS {"tag": "K_valid_gap42", "iter": 0, "total": 1814, "metrics": {}}
PROGRESS {"tag": "K_valid_gap42", "iter": 1814, "total": 1814, "metrics": {}}
DONE {"tag": "K_valid_gap42", "best_iteration": 1813, "best_score": NaN, "seconds": 381.4}
WORKER_DONE {"device": "cuda:0", "jobs": 1}
PROGRESS {"tag": "K_final_gap42", "iter": 0, "total": 1995, "metrics": {}}
PROGRESS {"tag": "K_final_gap42", "iter": 1995, "total": 1995, "metrics": {}}
DONE {"tag": "K_final_gap42", "best_iteration": 1994, "best_score": NaN, "seconds": 455.0}
WORKER_DONE {"device": "cuda:0", "jobs": 1}
PROGRESS {"tag": "P_valid", "iter": 1, "total": 2517, "metrics": {"train-rmse": 0.3886167193767865, "valid-rmse": 0.3648208356382329}}
PROGRESS {"tag": "P_valid", "iter": 51, "total": 2517, "metrics": {"train-rmse": 0.16711925436596006, "valid-rmse": 0.16314353591791012}}
PROGRESS {"tag": "P_valid", "iter": 101, "total": 2517, "metrics": {"train-rmse": 0.13244722870162595, "valid-rmse": 0.13174836978502527}}
PROGRESS {"tag": "P_valid", "iter": 151, "total": 2517, "metrics": {"train-rmse": 0.11500259263275223, "valid-rmse": 0.11766651293611445}}
PROGRESS {"tag": "P_valid", "iter": 201, "total": 2517, "metrics": {"train-rmse": 0.10755868652692778, "valid-rmse": 0.11280504496912976}}
PROGRESS {"tag": "P_valid", "iter": 251, "total": 2517, "metrics": {"train-rmse": 0.10320103335182478, "valid-rmse": 0.11011466676936207}}
PROGRESS {"tag": "P_valid", "iter": 301, "total": 2517, "metrics": {"train-rmse": 0.09938271953366849, "valid-rmse": 0.10858042142529861}}
PROGRESS {"tag": "P_valid", "iter": 351, "total": 2517, "metrics": {"train-rmse": 0.09626584381549434, "valid-rmse": 0.1054042685887594}}
PROGRESS {"tag": "P_valid", "iter": 401, "total": 2517, "metrics": {"train-rmse": 0.09470908433156956, "valid-rmse": 0.10446420437067704}}
PROGRESS {"tag": "P_valid", "iter": 451, "total": 2517, "metrics": {"train-rmse": 0.09333905128418969, "valid-rmse": 0.10395825002255887}}
PROGRESS {"tag": "P_valid", "iter": 501, "total": 2517, "metrics": {"train-rmse": 0.09215343144666478, "valid-rmse": 0.10340461240823524}}
PROGRESS {"tag": "P_valid", "iter": 551, "total": 2517, "metrics": {"train-rmse": 0.09105775375975936, "valid-rmse": 0.10303478356165333}}
PROGRESS {"tag": "P_valid", "iter": 601, "total": 2517, "metrics": {"train-rmse": 0.09016630865662562, "valid-rmse": 0.10273181636672214}}
PROGRESS {"tag": "P_valid", "iter": 651, "total": 2517, "metrics": {"train-rmse": 0.08930700628316092, "valid-rmse": 0.10254403866405787}}
PROGRESS {"tag": "P_valid", "iter": 701, "total": 2517, "metrics": {"train-rmse": 0.08856065248817768, "valid-rmse": 0.102313406367444}}
PROGRESS {"tag": "P_valid", "iter": 751, "total": 2517, "metrics": {"train-rmse": 0.08775449826912404, "valid-rmse": 0.10202146540424292}}
PROGRESS {"tag": "P_valid", "iter": 801, "total": 2517, "metrics": {"train-rmse": 0.08706481593538994, "valid-rmse": 0.10177946044933799}}
PROGRESS {"tag": "P_valid", "iter": 851, "total": 2517, "metrics": {"train-rmse": 0.08639350852913799, "valid-rmse": 0.10154131119531715}}
PROGRESS {"tag": "P_valid", "iter": 901, "total": 2517, "metrics": {"train-rmse": 0.08575378246677937, "valid-rmse": 0.1013123223093126}}
PROGRESS {"tag": "P_valid", "iter": 951, "total": 2517, "metrics": {"train-rmse": 0.08517090053792792, "valid-rmse": 0.10156114000218593}}
PROGRESS {"tag": "P_valid", "iter": 1001, "total": 2517, "metrics": {"train-rmse": 0.08460004756593482, "valid-rmse": 0.10121317334083345}}
PROGRESS {"tag": "P_valid", "iter": 1051, "total": 2517, "metrics": {"train-rmse": 0.08410304800103761, "valid-rmse": 0.10123631143868123}}
PROGRESS {"tag": "P_valid", "iter": 1101, "total": 2517, "metrics": {"train-rmse": 0.08362535969598553, "valid-rmse": 0.1010672558402716}}
PROGRESS {"tag": "P_valid", "iter": 1151, "total": 2517, "metrics": {"train-rmse": 0.08318006013606627, "valid-rmse": 0.10097815810479949}}
PROGRESS {"tag": "P_valid", "iter": 1201, "total": 2517, "metrics": {"train-rmse": 0.08271824658167545, "valid-rmse": 0.10091430263386961}}
PROGRESS {"tag": "P_valid", "iter": 1251, "total": 2517, "metrics": {"train-rmse": 0.08229681139729005, "valid-rmse": 0.10098655472155747}}
PROGRESS {"tag": "P_valid", "iter": 1301, "total": 2517, "metrics": {"train-rmse": 0.0818995490005587, "valid-rmse": 0.10089255130355548}}
PROGRESS {"tag": "P_valid", "iter": 1351, "total": 2517, "metrics": {"train-rmse": 0.08151033595187643, "valid-rmse": 0.1008377348401134}}
PROGRESS {"tag": "P_valid", "iter": 1401, "total": 2517, "metrics": {"train-rmse": 0.08114572519905607, "valid-rmse": 0.10074041463115158}}
PROGRESS {"tag": "P_valid", "iter": 1451, "total": 2517, "metrics": {"train-rmse": 0.08079176002353677, "valid-rmse": 0.10057805527014353}}
PROGRESS {"tag": "P_valid", "iter": 1501, "total": 2517, "metrics": {"train-rmse": 0.08044638754311403, "valid-rmse": 0.10055744481789827}}
PROGRESS {"tag": "P_valid", "iter": 1551, "total": 2517, "metrics": {"train-rmse": 0.0800879952869468, "valid-rmse": 0.10048767155396814}}
PROGRESS {"tag": "P_valid", "iter": 1601, "total": 2517, "metrics": {"train-rmse": 0.07974028724092626, "valid-rmse": 0.10036729179693538}}
PROGRESS {"tag": "P_valid", "iter": 1651, "total": 2517, "metrics": {"train-rmse": 0.07943531383127381, "valid-rmse": 0.10030406685019361}}
PROGRESS {"tag": "P_valid", "iter": 1701, "total": 2517, "metrics": {"train-rmse": 0.07911211894363095, "valid-rmse": 0.10006022136054851}}
PROGRESS {"tag": "P_valid", "iter": 1751, "total": 2517, "metrics": {"train-rmse": 0.07882005299521547, "valid-rmse": 0.10005775982366741}}
PROGRESS {"tag": "P_valid", "iter": 1801, "total": 2517, "metrics": {"train-rmse": 0.07852491600209814, "valid-rmse": 0.10000260530913511}}
PROGRESS {"tag": "P_valid", "iter": 1851, "total": 2517, "metrics": {"train-rmse": 0.07825012727104542, "valid-rmse": 0.0999821835803848}}
PROGRESS {"tag": "P_valid", "iter": 1901, "total": 2517, "metrics": {"train-rmse": 0.07795190665075812, "valid-rmse": 0.09989290381912108}}
PROGRESS {"tag": "P_valid", "iter": 1951, "total": 2517, "metrics": {"train-rmse": 0.07766737392532502, "valid-rmse": 0.09993848893456557}}
PROGRESS {"tag": "P_valid", "iter": 2001, "total": 2517, "metrics": {"train-rmse": 0.07741571598577035, "valid-rmse": 0.09991470263973656}}
PROGRESS {"tag": "P_valid", "iter": 2051, "total": 2517, "metrics": {"train-rmse": 0.07714163842686352, "valid-rmse": 0.0999805501660922}}
PROGRESS {"tag": "P_valid", "iter": 2101, "total": 2517, "metrics": {"train-rmse": 0.076870452383476, "valid-rmse": 0.10008566024750921}}
PROGRESS {"tag": "P_valid", "iter": 2151, "total": 2517, "metrics": {"train-rmse": 0.07663431386253708, "valid-rmse": 0.0999354249203703}}
PROGRESS {"tag": "P_valid", "iter": 2201, "total": 2517, "metrics": {"train-rmse": 0.07640836347669323, "valid-rmse": 0.09974306517878766}}
PROGRESS {"tag": "P_valid", "iter": 2251, "total": 2517, "metrics": {"train-rmse": 0.07616097536775536, "valid-rmse": 0.09983833170440236}}
PROGRESS {"tag": "P_valid", "iter": 2301, "total": 2517, "metrics": {"train-rmse": 0.07591113729693569, "valid-rmse": 0.09979030352787494}}
PROGRESS {"tag": "P_valid", "iter": 2351, "total": 2517, "metrics": {"train-rmse": 0.0756751617368316, "valid-rmse": 0.09975883930021602}}
PROGRESS {"tag": "P_valid", "iter": 2401, "total": 2517, "metrics": {"train-rmse": 0.07543237103868473, "valid-rmse": 0.0997608110213783}}
PROGRESS {"tag": "P_valid", "iter": 2451, "total": 2517, "metrics": {"train-rmse": 0.07522036441359284, "valid-rmse": 0.09980729807373627}}
PROGRESS {"tag": "P_valid", "iter": 2501, "total": 2517, "metrics": {"train-rmse": 0.07499019385546482, "valid-rmse": 0.10001226924767889}}
PROGRESS {"tag": "P_valid", "iter": 2517, "total": 2517, "metrics": {"train-rmse": 0.07490820842817793, "valid-rmse": 0.09998198573824267}}
DONE {"tag": "P_valid", "best_iteration": 2516, "best_score": NaN, "seconds": 230.9}
WORKER_DONE {"device": "cuda:0", "jobs": 1}
PROGRESS {"tag": "M_valid_gap42", "iter": 1, "total": 2348, "metrics": {"train-rmse": 0.3011317904995689, "valid-rmse": 0.2623061512133975}}
PROGRESS {"tag": "M_valid_gap42", "iter": 51, "total": 2348, "metrics": {"train-rmse": 0.13394194016483327, "valid-rmse": 0.10592761737602728}}
PROGRESS {"tag": "M_valid_gap42", "iter": 101, "total": 2348, "metrics": {"train-rmse": 0.1139730212647142, "valid-rmse": 0.09995751950466192}}
PROGRESS {"tag": "M_valid_gap42", "iter": 151, "total": 2348, "metrics": {"train-rmse": 0.10605418866020111, "valid-rmse": 0.09818540252370175}}
PROGRESS {"tag": "M_valid_gap42", "iter": 201, "total": 2348, "metrics": {"train-rmse": 0.10165487008557, "valid-rmse": 0.09697969533733881}}
PROGRESS {"tag": "M_valid_gap42", "iter": 251, "total": 2348, "metrics": {"train-rmse": 0.09869975530420756, "valid-rmse": 0.09648209730745344}}
PROGRESS {"tag": "M_valid_gap42", "iter": 301, "total": 2348, "metrics": {"train-rmse": 0.09645570874136448, "valid-rmse": 0.09592933242135677}}
PROGRESS {"tag": "M_valid_gap42", "iter": 351, "total": 2348, "metrics": {"train-rmse": 0.09453195806685917, "valid-rmse": 0.09566045512247177}}
PROGRESS {"tag": "M_valid_gap42", "iter": 401, "total": 2348, "metrics": {"train-rmse": 0.09303233770909997, "valid-rmse": 0.09550492634250832}}
PROGRESS {"tag": "M_valid_gap42", "iter": 451, "total": 2348, "metrics": {"train-rmse": 0.0916836580715438, "valid-rmse": 0.09509487128172828}}
PROGRESS {"tag": "M_valid_gap42", "iter": 501, "total": 2348, "metrics": {"train-rmse": 0.09045861501808432, "valid-rmse": 0.09482938553585671}}
PROGRESS {"tag": "M_valid_gap42", "iter": 551, "total": 2348, "metrics": {"train-rmse": 0.08940233449819522, "valid-rmse": 0.09507438898289568}}
PROGRESS {"tag": "M_valid_gap42", "iter": 601, "total": 2348, "metrics": {"train-rmse": 0.08851354632553061, "valid-rmse": 0.09494608105568457}}
PROGRESS {"tag": "M_valid_gap42", "iter": 651, "total": 2348, "metrics": {"train-rmse": 0.08768848995991958, "valid-rmse": 0.09497368143518634}}
PROGRESS {"tag": "M_valid_gap42", "iter": 701, "total": 2348, "metrics": {"train-rmse": 0.08690669087850679, "valid-rmse": 0.09487128904363278}}
PROGRESS {"tag": "M_valid_gap42", "iter": 751, "total": 2348, "metrics": {"train-rmse": 0.08621508493739818, "valid-rmse": 0.09512629721249014}}
PROGRESS {"tag": "M_valid_gap42", "iter": 801, "total": 2348, "metrics": {"train-rmse": 0.0855504954364267, "valid-rmse": 0.09515502373810794}}
PROGRESS {"tag": "M_valid_gap42", "iter": 851, "total": 2348, "metrics": {"train-rmse": 0.08493914074619581, "valid-rmse": 0.09510307887672147}}
PROGRESS {"tag": "M_valid_gap42", "iter": 901, "total": 2348, "metrics": {"train-rmse": 0.08434125455441387, "valid-rmse": 0.0950943942240899}}
PROGRESS {"tag": "M_valid_gap42", "iter": 951, "total": 2348, "metrics": {"train-rmse": 0.08380850529348777, "valid-rmse": 0.09503051560737583}}
PROGRESS {"tag": "M_valid_gap42", "iter": 1001, "total": 2348, "metrics": {"train-rmse": 0.08326282030607364, "valid-rmse": 0.09501428965155706}}
PROGRESS {"tag": "M_valid_gap42", "iter": 1051, "total": 2348, "metrics": {"train-rmse": 0.08272988105473363, "valid-rmse": 0.09497972178074615}}
PROGRESS {"tag": "M_valid_gap42", "iter": 1101, "total": 2348, "metrics": {"train-rmse": 0.08226564915849784, "valid-rmse": 0.09494040274278492}}
PROGRESS {"tag": "M_valid_gap42", "iter": 1151, "total": 2348, "metrics": {"train-rmse": 0.08183913521153618, "valid-rmse": 0.09501424881923368}}
PROGRESS {"tag": "M_valid_gap42", "iter": 1201, "total": 2348, "metrics": {"train-rmse": 0.081407522260392, "valid-rmse": 0.09507038566653907}}
PROGRESS {"tag": "M_valid_gap42", "iter": 1251, "total": 2348, "metrics": {"train-rmse": 0.08096009666561498, "valid-rmse": 0.09543708408281033}}
PROGRESS {"tag": "M_valid_gap42", "iter": 1301, "total": 2348, "metrics": {"train-rmse": 0.0805393841979567, "valid-rmse": 0.09540194694721509}}
PROGRESS {"tag": "M_valid_gap42", "iter": 1351, "total": 2348, "metrics": {"train-rmse": 0.08017406108529085, "valid-rmse": 0.0953747500170422}}
PROGRESS {"tag": "M_valid_gap42", "iter": 1401, "total": 2348, "metrics": {"train-rmse": 0.0797499285621526, "valid-rmse": 0.09534951690501255}}
PROGRESS {"tag": "M_valid_gap42", "iter": 1451, "total": 2348, "metrics": {"train-rmse": 0.07937142734815575, "valid-rmse": 0.09542400329950534}}
PROGRESS {"tag": "M_valid_gap42", "iter": 1501, "total": 2348, "metrics": {"train-rmse": 0.07901581950092447, "valid-rmse": 0.09541948915649491}}
PROGRESS {"tag": "M_valid_gap42", "iter": 1551, "total": 2348, "metrics": {"train-rmse": 0.07869960461438492, "valid-rmse": 0.09547284444758415}}
PROGRESS {"tag": "M_valid_gap42", "iter": 1601, "total": 2348, "metrics": {"train-rmse": 0.07836390278318095, "valid-rmse": 0.09552792840124952}}
PROGRESS {"tag": "M_valid_gap42", "iter": 1651, "total": 2348, "metrics": {"train-rmse": 0.07803460385260692, "valid-rmse": 0.0955168652503453}}
PROGRESS {"tag": "M_valid_gap42", "iter": 1701, "total": 2348, "metrics": {"train-rmse": 0.07771420721129652, "valid-rmse": 0.09555927310038989}}
PROGRESS {"tag": "M_valid_gap42", "iter": 1751, "total": 2348, "metrics": {"train-rmse": 0.07740140248429819, "valid-rmse": 0.09553634623539906}}
PROGRESS {"tag": "M_valid_gap42", "iter": 1801, "total": 2348, "metrics": {"train-rmse": 0.07710500043102432, "valid-rmse": 0.09553608476476515}}
PROGRESS {"tag": "M_valid_gap42", "iter": 1851, "total": 2348, "metrics": {"train-rmse": 0.07680703047152106, "valid-rmse": 0.09556665255851297}}
PROGRESS {"tag": "M_valid_gap42", "iter": 1901, "total": 2348, "metrics": {"train-rmse": 0.07652266305245564, "valid-rmse": 0.09559861657292447}}
PROGRESS {"tag": "M_valid_gap42", "iter": 1951, "total": 2348, "metrics": {"train-rmse": 0.07621491681071275, "valid-rmse": 0.09554642139234021}}
PROGRESS {"tag": "M_valid_gap42", "iter": 2001, "total": 2348, "metrics": {"train-rmse": 0.07594283480820536, "valid-rmse": 0.09555609632237187}}
PROGRESS {"tag": "M_valid_gap42", "iter": 2051, "total": 2348, "metrics": {"train-rmse": 0.07567346491097147, "valid-rmse": 0.09557031753084211}}
PROGRESS {"tag": "M_valid_gap42", "iter": 2101, "total": 2348, "metrics": {"train-rmse": 0.07540794583571249, "valid-rmse": 0.0955592209747338}}
PROGRESS {"tag": "M_valid_gap42", "iter": 2151, "total": 2348, "metrics": {"train-rmse": 0.07515519542504075, "valid-rmse": 0.09557039209924392}}
PROGRESS {"tag": "M_valid_gap42", "iter": 2201, "total": 2348, "metrics": {"train-rmse": 0.0749058403871116, "valid-rmse": 0.09577828720266943}}
PROGRESS {"tag": "M_valid_gap42", "iter": 2251, "total": 2348, "metrics": {"train-rmse": 0.07465693397933286, "valid-rmse": 0.09579078209289098}}
PROGRESS {"tag": "M_valid_gap42", "iter": 2301, "total": 2348, "metrics": {"train-rmse": 0.07440546415331233, "valid-rmse": 0.09579724708997218}}
PROGRESS {"tag": "M_valid_gap42", "iter": 2348, "total": 2348, "metrics": {"train-rmse": 0.0741852722332393, "valid-rmse": 0.09587764394477571}}
DONE {"tag": "M_valid_gap42", "best_iteration": 2347, "best_score": NaN, "seconds": 235.4}
WORKER_DONE {"device": "cuda:0", "jobs": 1}
PROGRESS {"tag": "K_valid_gap14", "iter": 0, "total": 1588, "metrics": {}}
PROGRESS {"tag": "K_valid_gap14", "iter": 1588, "total": 1588, "metrics": {}}
DONE {"tag": "K_valid_gap14", "best_iteration": 1587, "best_score": NaN, "seconds": 457.4}
WORKER_DONE {"device": "cuda:0", "jobs": 1}
PROGRESS {"tag": "M_final_gap28", "iter": 1, "total": 2238, "metrics": {"train-rmse": 0.2949652870142362}}
PROGRESS {"tag": "M_final_gap28", "iter": 51, "total": 2238, "metrics": {"train-rmse": 0.12893449797633996}}
PROGRESS {"tag": "M_final_gap28", "iter": 101, "total": 2238, "metrics": {"train-rmse": 0.11217529932003967}}
PROGRESS {"tag": "M_final_gap28", "iter": 151, "total": 2238, "metrics": {"train-rmse": 0.10457977770366954}}
PROGRESS {"tag": "M_final_gap28", "iter": 201, "total": 2238, "metrics": {"train-rmse": 0.10032532877026122}}
PROGRESS {"tag": "M_final_gap28", "iter": 251, "total": 2238, "metrics": {"train-rmse": 0.09747488465839015}}
PROGRESS {"tag": "M_final_gap28", "iter": 301, "total": 2238, "metrics": {"train-rmse": 0.0952553643719717}}
PROGRESS {"tag": "M_final_gap28", "iter": 351, "total": 2238, "metrics": {"train-rmse": 0.09338884694806521}}
PROGRESS {"tag": "M_final_gap28", "iter": 401, "total": 2238, "metrics": {"train-rmse": 0.09187968819298478}}
PROGRESS {"tag": "M_final_gap28", "iter": 451, "total": 2238, "metrics": {"train-rmse": 0.09062022906638702}}
PROGRESS {"tag": "M_final_gap28", "iter": 501, "total": 2238, "metrics": {"train-rmse": 0.08951922795357514}}
PROGRESS {"tag": "M_final_gap28", "iter": 551, "total": 2238, "metrics": {"train-rmse": 0.08850435535061722}}
PROGRESS {"tag": "M_final_gap28", "iter": 601, "total": 2238, "metrics": {"train-rmse": 0.0876644390821509}}
PROGRESS {"tag": "M_final_gap28", "iter": 651, "total": 2238, "metrics": {"train-rmse": 0.08686020710105187}}
PROGRESS {"tag": "M_final_gap28", "iter": 701, "total": 2238, "metrics": {"train-rmse": 0.08619000396552859}}
PROGRESS {"tag": "M_final_gap28", "iter": 751, "total": 2238, "metrics": {"train-rmse": 0.08547568081622862}}
PROGRESS {"tag": "M_final_gap28", "iter": 801, "total": 2238, "metrics": {"train-rmse": 0.08486425846703564}}
PROGRESS {"tag": "M_final_gap28", "iter": 851, "total": 2238, "metrics": {"train-rmse": 0.08425907232149989}}
PROGRESS {"tag": "M_final_gap28", "iter": 901, "total": 2238, "metrics": {"train-rmse": 0.08367118882899083}}
PROGRESS {"tag": "M_final_gap28", "iter": 951, "total": 2238, "metrics": {"train-rmse": 0.08310519010938842}}
PROGRESS {"tag": "M_final_gap28", "iter": 1001, "total": 2238, "metrics": {"train-rmse": 0.08261674201703081}}
PROGRESS {"tag": "M_final_gap28", "iter": 1051, "total": 2238, "metrics": {"train-rmse": 0.0821522908882926}}
PROGRESS {"tag": "M_final_gap28", "iter": 1101, "total": 2238, "metrics": {"train-rmse": 0.08170495065774118}}
PROGRESS {"tag": "M_final_gap28", "iter": 1151, "total": 2238, "metrics": {"train-rmse": 0.08128081636863978}}
PROGRESS {"tag": "M_final_gap28", "iter": 1201, "total": 2238, "metrics": {"train-rmse": 0.08090129429176258}}
PROGRESS {"tag": "M_final_gap28", "iter": 1251, "total": 2238, "metrics": {"train-rmse": 0.08051312474385601}}
PROGRESS {"tag": "M_final_gap28", "iter": 1301, "total": 2238, "metrics": {"train-rmse": 0.08014195598924641}}
PROGRESS {"tag": "M_final_gap28", "iter": 1351, "total": 2238, "metrics": {"train-rmse": 0.07975306876188548}}
PROGRESS {"tag": "M_final_gap28", "iter": 1401, "total": 2238, "metrics": {"train-rmse": 0.07939207806069223}}
PROGRESS {"tag": "M_final_gap28", "iter": 1451, "total": 2238, "metrics": {"train-rmse": 0.07902831766332621}}
PROGRESS {"tag": "M_final_gap28", "iter": 1501, "total": 2238, "metrics": {"train-rmse": 0.07868262925248323}}
PROGRESS {"tag": "M_final_gap28", "iter": 1551, "total": 2238, "metrics": {"train-rmse": 0.07834926911196467}}
PROGRESS {"tag": "M_final_gap28", "iter": 1601, "total": 2238, "metrics": {"train-rmse": 0.07802962279827909}}
PROGRESS {"tag": "M_final_gap28", "iter": 1651, "total": 2238, "metrics": {"train-rmse": 0.07772416630229355}}
PROGRESS {"tag": "M_final_gap28", "iter": 1701, "total": 2238, "metrics": {"train-rmse": 0.07743511949492884}}
PROGRESS {"tag": "M_final_gap28", "iter": 1751, "total": 2238, "metrics": {"train-rmse": 0.07713885873791511}}
PROGRESS {"tag": "M_final_gap28", "iter": 1801, "total": 2238, "metrics": {"train-rmse": 0.07683782766538025}}
PROGRESS {"tag": "M_final_gap28", "iter": 1851, "total": 2238, "metrics": {"train-rmse": 0.07654152329801851}}
PROGRESS {"tag": "M_final_gap28", "iter": 1901, "total": 2238, "metrics": {"train-rmse": 0.07627005244617194}}
PROGRESS {"tag": "M_final_gap28", "iter": 1951, "total": 2238, "metrics": {"train-rmse": 0.07601594280599987}}
PROGRESS {"tag": "M_final_gap28", "iter": 2001, "total": 2238, "metrics": {"train-rmse": 0.0757608671853601}}
PROGRESS {"tag": "M_final_gap28", "iter": 2051, "total": 2238, "metrics": {"train-rmse": 0.07550483868047216}}
PROGRESS {"tag": "M_final_gap28", "iter": 2101, "total": 2238, "metrics": {"train-rmse": 0.07525686941199106}}
PROGRESS {"tag": "M_final_gap28", "iter": 2151, "total": 2238, "metrics": {"train-rmse": 0.07500594842200967}}
PROGRESS {"tag": "M_final_gap28", "iter": 2201, "total": 2238, "metrics": {"train-rmse": 0.0747497001866046}}
PROGRESS {"tag": "M_final_gap28", "iter": 2238, "total": 2238, "metrics": {"train-rmse": 0.0745506676579853}}
DONE {"tag": "M_final_gap28", "best_iteration": 2237, "best_score": NaN, "seconds": 382.0}
WORKER_DONE {"device": "cuda:0", "jobs": 1}
PROGRESS {"tag": "M_valid_gap28", "iter": 1, "total": 2035, "metrics": {"train-rmse": 0.295997782175717, "valid-rmse": 0.2635388864312988}}
PROGRESS {"tag": "M_valid_gap28", "iter": 51, "total": 2035, "metrics": {"train-rmse": 0.12975725210580077, "valid-rmse": 0.10519898219908544}}
PROGRESS {"tag": "M_valid_gap28", "iter": 101, "total": 2035, "metrics": {"train-rmse": 0.11299353782856254, "valid-rmse": 0.09956167834794746}}
PROGRESS {"tag": "M_valid_gap28", "iter": 151, "total": 2035, "metrics": {"train-rmse": 0.10508033363260706, "valid-rmse": 0.09796357202853688}}
PROGRESS {"tag": "M_valid_gap28", "iter": 201, "total": 2035, "metrics": {"train-rmse": 0.10071473626685086, "valid-rmse": 0.09698770955865263}}
PROGRESS {"tag": "M_valid_gap28", "iter": 251, "total": 2035, "metrics": {"train-rmse": 0.09788128457839394, "valid-rmse": 0.09664669919267449}}
PROGRESS {"tag": "M_valid_gap28", "iter": 301, "total": 2035, "metrics": {"train-rmse": 0.09563330090543752, "valid-rmse": 0.09619175354305382}}
PROGRESS {"tag": "M_valid_gap28", "iter": 351, "total": 2035, "metrics": {"train-rmse": 0.09388324758947873, "valid-rmse": 0.0960317485921821}}
PROGRESS {"tag": "M_valid_gap28", "iter": 401, "total": 2035, "metrics": {"train-rmse": 0.09247011592254725, "valid-rmse": 0.09582188770322163}}
PROGRESS {"tag": "M_valid_gap28", "iter": 451, "total": 2035, "metrics": {"train-rmse": 0.09114251122203532, "valid-rmse": 0.09559813701032353}}
PROGRESS {"tag": "M_valid_gap28", "iter": 501, "total": 2035, "metrics": {"train-rmse": 0.09003259756548217, "valid-rmse": 0.09536392091086146}}
PROGRESS {"tag": "M_valid_gap28", "iter": 551, "total": 2035, "metrics": {"train-rmse": 0.08909941869496062, "valid-rmse": 0.0954281982358961}}
PROGRESS {"tag": "M_valid_gap28", "iter": 601, "total": 2035, "metrics": {"train-rmse": 0.0881960624495582, "valid-rmse": 0.09532612114655072}}
PROGRESS {"tag": "M_valid_gap28", "iter": 651, "total": 2035, "metrics": {"train-rmse": 0.08731463327156887, "valid-rmse": 0.09523014177761335}}
PROGRESS {"tag": "M_valid_gap28", "iter": 701, "total": 2035, "metrics": {"train-rmse": 0.08658340906974592, "valid-rmse": 0.09515745772354783}}
PROGRESS {"tag": "M_valid_gap28", "iter": 751, "total": 2035, "metrics": {"train-rmse": 0.08588054171599416, "valid-rmse": 0.09518705377842411}}
PROGRESS {"tag": "M_valid_gap28", "iter": 801, "total": 2035, "metrics": {"train-rmse": 0.0851716535086834, "valid-rmse": 0.0951760431970508}}
PROGRESS {"tag": "M_valid_gap28", "iter": 851, "total": 2035, "metrics": {"train-rmse": 0.08456088973477612, "valid-rmse": 0.09509304792162737}}
PROGRESS {"tag": "M_valid_gap28", "iter": 901, "total": 2035, "metrics": {"train-rmse": 0.08398005256353488, "valid-rmse": 0.09527298437372517}}
PROGRESS {"tag": "M_valid_gap28", "iter": 951, "total": 2035, "metrics": {"train-rmse": 0.08344727038335444, "valid-rmse": 0.09517304430010444}}
PROGRESS {"tag": "M_valid_gap28", "iter": 1001, "total": 2035, "metrics": {"train-rmse": 0.08295376547606274, "valid-rmse": 0.09511265536848752}}
PROGRESS {"tag": "M_valid_gap28", "iter": 1051, "total": 2035, "metrics": {"train-rmse": 0.08246628566250883, "valid-rmse": 0.09509606185974012}}
PROGRESS {"tag": "M_valid_gap28", "iter": 1101, "total": 2035, "metrics": {"train-rmse": 0.08196414872024477, "valid-rmse": 0.09501497628846356}}
PROGRESS {"tag": "M_valid_gap28", "iter": 1151, "total": 2035, "metrics": {"train-rmse": 0.08150340617701592, "valid-rmse": 0.09492664471195006}}
PROGRESS {"tag": "M_valid_gap28", "iter": 1201, "total": 2035, "metrics": {"train-rmse": 0.08109203738378307, "valid-rmse": 0.09507605330406001}}
PROGRESS {"tag": "M_valid_gap28", "iter": 1251, "total": 2035, "metrics": {"train-rmse": 0.08067124319146969, "valid-rmse": 0.09533490694460427}}
PROGRESS {"tag": "M_valid_gap28", "iter": 1301, "total": 2035, "metrics": {"train-rmse": 0.08027642041630217, "valid-rmse": 0.09554422705332118}}
PROGRESS {"tag": "M_valid_gap28", "iter": 1351, "total": 2035, "metrics": {"train-rmse": 0.0799011764434378, "valid-rmse": 0.09553439790213765}}
PROGRESS {"tag": "M_valid_gap28", "iter": 1401, "total": 2035, "metrics": {"train-rmse": 0.07952277228523888, "valid-rmse": 0.09557282325555846}}
PROGRESS {"tag": "M_valid_gap28", "iter": 1451, "total": 2035, "metrics": {"train-rmse": 0.07919181128294948, "valid-rmse": 0.09555455518246368}}
PROGRESS {"tag": "M_valid_gap28", "iter": 1501, "total": 2035, "metrics": {"train-rmse": 0.07884157422544186, "valid-rmse": 0.09551567722710483}}
PROGRESS {"tag": "M_valid_gap28", "iter": 1551, "total": 2035, "metrics": {"train-rmse": 0.07852562901569968, "valid-rmse": 0.09549215596542637}}
PROGRESS {"tag": "M_valid_gap28", "iter": 1601, "total": 2035, "metrics": {"train-rmse": 0.07818313886134273, "valid-rmse": 0.09553910497105995}}
PROGRESS {"tag": "M_valid_gap28", "iter": 1651, "total": 2035, "metrics": {"train-rmse": 0.07783881329313068, "valid-rmse": 0.09557081304377273}}
PROGRESS {"tag": "M_valid_gap28", "iter": 1701, "total": 2035, "metrics": {"train-rmse": 0.07750183634702296, "valid-rmse": 0.09547479403575575}}
PROGRESS {"tag": "M_valid_gap28", "iter": 1751, "total": 2035, "metrics": {"train-rmse": 0.07721214341903294, "valid-rmse": 0.09549184258190854}}
PROGRESS {"tag": "M_valid_gap28", "iter": 1801, "total": 2035, "metrics": {"train-rmse": 0.0769239053711261, "valid-rmse": 0.0955298337586287}}
PROGRESS {"tag": "M_valid_gap28", "iter": 1851, "total": 2035, "metrics": {"train-rmse": 0.07664952928010849, "valid-rmse": 0.09552144761329515}}
PROGRESS {"tag": "M_valid_gap28", "iter": 1901, "total": 2035, "metrics": {"train-rmse": 0.07637079407802154, "valid-rmse": 0.09551961306868548}}
PROGRESS {"tag": "M_valid_gap28", "iter": 1951, "total": 2035, "metrics": {"train-rmse": 0.07608719142161756, "valid-rmse": 0.09549034807657517}}
PROGRESS {"tag": "M_valid_gap28", "iter": 2001, "total": 2035, "metrics": {"train-rmse": 0.0758116133756818, "valid-rmse": 0.09547263938990296}}
PROGRESS {"tag": "M_valid_gap28", "iter": 2035, "total": 2035, "metrics": {"train-rmse": 0.07563594223259223, "valid-rmse": 0.09547464697135655}}
DONE {"tag": "M_valid_gap28", "best_iteration": 2034, "best_score": NaN, "seconds": 405.7}
WORKER_DONE {"device": "cuda:0", "jobs": 1}
PROGRESS {"tag": "M_valid_gap14", "iter": 1, "total": 1965, "metrics": {"train-rmse": 0.28921332463938254, "valid-rmse": 0.2597010429062229}}
PROGRESS {"tag": "M_valid_gap14", "iter": 51, "total": 1965, "metrics": {"train-rmse": 0.12361510421720222, "valid-rmse": 0.10185531717303431}}
PROGRESS {"tag": "M_valid_gap14", "iter": 101, "total": 1965, "metrics": {"train-rmse": 0.11044333890189346, "valid-rmse": 0.09667209413482312}}
PROGRESS {"tag": "M_valid_gap14", "iter": 151, "total": 1965, "metrics": {"train-rmse": 0.10334528125380792, "valid-rmse": 0.09435567398271776}}
PROGRESS {"tag": "M_valid_gap14", "iter": 201, "total": 1965, "metrics": {"train-rmse": 0.09915245229168723, "valid-rmse": 0.0930891131578168}}
PROGRESS {"tag": "M_valid_gap14", "iter": 251, "total": 1965, "metrics": {"train-rmse": 0.09638757188138723, "valid-rmse": 0.09247046264227325}}
PROGRESS {"tag": "M_valid_gap14", "iter": 301, "total": 1965, "metrics": {"train-rmse": 0.09438164025567414, "valid-rmse": 0.09200944368127582}}
PROGRESS {"tag": "M_valid_gap14", "iter": 351, "total": 1965, "metrics": {"train-rmse": 0.09275620827489828, "valid-rmse": 0.09175880465545484}}
PROGRESS {"tag": "M_valid_gap14", "iter": 401, "total": 1965, "metrics": {"train-rmse": 0.09136333778451336, "valid-rmse": 0.09168242800975739}}
PROGRESS {"tag": "M_valid_gap14", "iter": 451, "total": 1965, "metrics": {"train-rmse": 0.09015240187070928, "valid-rmse": 0.09133214389480858}}
PROGRESS {"tag": "M_valid_gap14", "iter": 501, "total": 1965, "metrics": {"train-rmse": 0.08908113988725218, "valid-rmse": 0.09118211352871325}}
PROGRESS {"tag": "M_valid_gap14", "iter": 551, "total": 1965, "metrics": {"train-rmse": 0.0880852730108945, "valid-rmse": 0.09122892777324909}}
PROGRESS {"tag": "M_valid_gap14", "iter": 601, "total": 1965, "metrics": {"train-rmse": 0.08726833723050953, "valid-rmse": 0.09108274622430404}}
PROGRESS {"tag": "M_valid_gap14", "iter": 651, "total": 1965, "metrics": {"train-rmse": 0.0864679527422594, "valid-rmse": 0.09089713234764801}}
PROGRESS {"tag": "M_valid_gap14", "iter": 701, "total": 1965, "metrics": {"train-rmse": 0.08577590826353902, "valid-rmse": 0.0907053089376956}}
PROGRESS {"tag": "M_valid_gap14", "iter": 751, "total": 1965, "metrics": {"train-rmse": 0.08512025380627423, "valid-rmse": 0.09056880111978112}}
PROGRESS {"tag": "M_valid_gap14", "iter": 801, "total": 1965, "metrics": {"train-rmse": 0.08453127068591704, "valid-rmse": 0.09050703386510517}}
PROGRESS {"tag": "M_valid_gap14", "iter": 851, "total": 1965, "metrics": {"train-rmse": 0.08398013350691602, "valid-rmse": 0.0904577222074814}}
PROGRESS {"tag": "M_valid_gap14", "iter": 901, "total": 1965, "metrics": {"train-rmse": 0.08338064876446381, "valid-rmse": 0.0905097368153242}}
PROGRESS {"tag": "M_valid_gap14", "iter": 951, "total": 1965, "metrics": {"train-rmse": 0.08284963460742364, "valid-rmse": 0.09052021985307875}}
PROGRESS {"tag": "M_valid_gap14", "iter": 1001, "total": 1965, "metrics": {"train-rmse": 0.08237600622101397, "valid-rmse": 0.0904427987106449}}
PROGRESS {"tag": "M_valid_gap14", "iter": 1051, "total": 1965, "metrics": {"train-rmse": 0.08191476407369262, "valid-rmse": 0.0903916652256792}}
PROGRESS {"tag": "M_valid_gap14", "iter": 1101, "total": 1965, "metrics": {"train-rmse": 0.0814909925404352, "valid-rmse": 0.09032265308950725}}
PROGRESS {"tag": "M_valid_gap14", "iter": 1151, "total": 1965, "metrics": {"train-rmse": 0.08108251211841586, "valid-rmse": 0.09021165354663542}}
PROGRESS {"tag": "M_valid_gap14", "iter": 1201, "total": 1965, "metrics": {"train-rmse": 0.08066060841563512, "valid-rmse": 0.09024950721367732}}
PROGRESS {"tag": "M_valid_gap14", "iter": 1251, "total": 1965, "metrics": {"train-rmse": 0.08027780991963163, "valid-rmse": 0.09020737171390429}}
PROGRESS {"tag": "M_valid_gap14", "iter": 1301, "total": 1965, "metrics": {"train-rmse": 0.07990339333616152, "valid-rmse": 0.09021260378554857}}
PROGRESS {"tag": "M_valid_gap14", "iter": 1351, "total": 1965, "metrics": {"train-rmse": 0.07954140155643655, "valid-rmse": 0.09020115690445153}}
PROGRESS {"tag": "M_valid_gap14", "iter": 1401, "total": 1965, "metrics": {"train-rmse": 0.07919252604210937, "valid-rmse": 0.09019979377495596}}
PROGRESS {"tag": "M_valid_gap14", "iter": 1451, "total": 1965, "metrics": {"train-rmse": 0.07883522211503122, "valid-rmse": 0.09022787821659692}}
PROGRESS {"tag": "M_valid_gap14", "iter": 1501, "total": 1965, "metrics": {"train-rmse": 0.07850738279973414, "valid-rmse": 0.09020515934837549}}
PROGRESS {"tag": "M_valid_gap14", "iter": 1551, "total": 1965, "metrics": {"train-rmse": 0.07818584817945312, "valid-rmse": 0.0901478690943071}}
PROGRESS {"tag": "M_valid_gap14", "iter": 1601, "total": 1965, "metrics": {"train-rmse": 0.0778627886018275, "valid-rmse": 0.09015446050030901}}
PROGRESS {"tag": "M_valid_gap14", "iter": 1651, "total": 1965, "metrics": {"train-rmse": 0.0775593667013066, "valid-rmse": 0.09015198010389967}}
PROGRESS {"tag": "M_valid_gap14", "iter": 1701, "total": 1965, "metrics": {"train-rmse": 0.07726577448108274, "valid-rmse": 0.09018033659748065}}
PROGRESS {"tag": "M_valid_gap14", "iter": 1751, "total": 1965, "metrics": {"train-rmse": 0.07698843035901991, "valid-rmse": 0.09012520326393951}}
PROGRESS {"tag": "M_valid_gap14", "iter": 1801, "total": 1965, "metrics": {"train-rmse": 0.07671265888545198, "valid-rmse": 0.09012964689892028}}
PROGRESS {"tag": "M_valid_gap14", "iter": 1851, "total": 1965, "metrics": {"train-rmse": 0.07644295488006453, "valid-rmse": 0.09010620756464606}}
PROGRESS {"tag": "M_valid_gap14", "iter": 1901, "total": 1965, "metrics": {"train-rmse": 0.07616659315490366, "valid-rmse": 0.09013057941643729}}
PROGRESS {"tag": "M_valid_gap14", "iter": 1951, "total": 1965, "metrics": {"train-rmse": 0.07588570505916188, "valid-rmse": 0.09011133380222933}}
PROGRESS {"tag": "M_valid_gap14", "iter": 1965, "total": 1965, "metrics": {"train-rmse": 0.07581042410904704, "valid-rmse": 0.09006192044832996}}
DONE {"tag": "M_valid_gap14", "best_iteration": 1964, "best_score": NaN, "seconds": 396.8}
WORKER_DONE {"device": "cuda:0", "jobs": 1}
PROGRESS {"tag": "M_final_gap7", "iter": 1, "total": 1562, "metrics": {"train-rmse": 0.28639349885743004}}
PROGRESS {"tag": "M_final_gap7", "iter": 51, "total": 1562, "metrics": {"train-rmse": 0.11938382968007291}}
PROGRESS {"tag": "M_final_gap7", "iter": 101, "total": 1562, "metrics": {"train-rmse": 0.1080914295040642}}
PROGRESS {"tag": "M_final_gap7", "iter": 151, "total": 1562, "metrics": {"train-rmse": 0.10175257954520943}}
PROGRESS {"tag": "M_final_gap7", "iter": 201, "total": 1562, "metrics": {"train-rmse": 0.09805222514436415}}
PROGRESS {"tag": "M_final_gap7", "iter": 251, "total": 1562, "metrics": {"train-rmse": 0.09544201673363964}}
PROGRESS {"tag": "M_final_gap7", "iter": 301, "total": 1562, "metrics": {"train-rmse": 0.0934617980576666}}
PROGRESS {"tag": "M_final_gap7", "iter": 351, "total": 1562, "metrics": {"train-rmse": 0.09189841213111241}}
PROGRESS {"tag": "M_final_gap7", "iter": 401, "total": 1562, "metrics": {"train-rmse": 0.09065890819856133}}
PROGRESS {"tag": "M_final_gap7", "iter": 451, "total": 1562, "metrics": {"train-rmse": 0.08946633681726518}}
PROGRESS {"tag": "M_final_gap7", "iter": 501, "total": 1562, "metrics": {"train-rmse": 0.08836799423584202}}
PROGRESS {"tag": "M_final_gap7", "iter": 551, "total": 1562, "metrics": {"train-rmse": 0.08747863597523774}}
PROGRESS {"tag": "M_final_gap7", "iter": 601, "total": 1562, "metrics": {"train-rmse": 0.08670522295112604}}
PROGRESS {"tag": "M_final_gap7", "iter": 651, "total": 1562, "metrics": {"train-rmse": 0.08601711571643465}}
PROGRESS {"tag": "M_final_gap7", "iter": 701, "total": 1562, "metrics": {"train-rmse": 0.08531766739406532}}
PROGRESS {"tag": "M_final_gap7", "iter": 751, "total": 1562, "metrics": {"train-rmse": 0.08474551548920262}}
PROGRESS {"tag": "M_final_gap7", "iter": 801, "total": 1562, "metrics": {"train-rmse": 0.08414531635957045}}
PROGRESS {"tag": "M_final_gap7", "iter": 851, "total": 1562, "metrics": {"train-rmse": 0.0836084088256663}}
PROGRESS {"tag": "M_final_gap7", "iter": 901, "total": 1562, "metrics": {"train-rmse": 0.08310024985912318}}
PROGRESS {"tag": "M_final_gap7", "iter": 951, "total": 1562, "metrics": {"train-rmse": 0.08261162878597338}}
PROGRESS {"tag": "M_final_gap7", "iter": 1001, "total": 1562, "metrics": {"train-rmse": 0.08215409133267607}}
PROGRESS {"tag": "M_final_gap7", "iter": 1051, "total": 1562, "metrics": {"train-rmse": 0.08172366674567996}}
PROGRESS {"tag": "M_final_gap7", "iter": 1101, "total": 1562, "metrics": {"train-rmse": 0.08130958269639495}}
PROGRESS {"tag": "M_final_gap7", "iter": 1151, "total": 1562, "metrics": {"train-rmse": 0.08089956614098513}}
PROGRESS {"tag": "M_final_gap7", "iter": 1201, "total": 1562, "metrics": {"train-rmse": 0.08054066345700751}}
PROGRESS {"tag": "M_final_gap7", "iter": 1251, "total": 1562, "metrics": {"train-rmse": 0.08014663088198846}}
PROGRESS {"tag": "M_final_gap7", "iter": 1301, "total": 1562, "metrics": {"train-rmse": 0.07979678834563049}}
PROGRESS {"tag": "M_final_gap7", "iter": 1351, "total": 1562, "metrics": {"train-rmse": 0.07944592082650041}}
PROGRESS {"tag": "M_final_gap7", "iter": 1401, "total": 1562, "metrics": {"train-rmse": 0.07908024968650895}}
PROGRESS {"tag": "M_final_gap7", "iter": 1451, "total": 1562, "metrics": {"train-rmse": 0.0787550015337963}}
PROGRESS {"tag": "M_final_gap7", "iter": 1501, "total": 1562, "metrics": {"train-rmse": 0.0784288011172572}}
PROGRESS {"tag": "M_final_gap7", "iter": 1551, "total": 1562, "metrics": {"train-rmse": 0.07811023089423323}}
PROGRESS {"tag": "M_final_gap7", "iter": 1562, "total": 1562, "metrics": {"train-rmse": 0.07804792039680712}}
DONE {"tag": "M_final_gap7", "best_iteration": 1561, "best_score": NaN, "seconds": 319.5}
WORKER_DONE {"device": "cuda:0", "jobs": 1}
PROGRESS {"tag": "C_final_seed42", "iter": 1, "total": 1113, "metrics": {"train-rmse": 0.41415775402589805}}
PROGRESS {"tag": "C_final_seed42", "iter": 26, "total": 1113, "metrics": {"train-rmse": 0.27009283710200216}}
PROGRESS {"tag": "C_final_seed42", "iter": 51, "total": 1113, "metrics": {"train-rmse": 0.1876733916979523}}
PROGRESS {"tag": "C_final_seed42", "iter": 76, "total": 1113, "metrics": {"train-rmse": 0.14325273043914688}}
PROGRESS {"tag": "C_final_seed42", "iter": 101, "total": 1113, "metrics": {"train-rmse": 0.12019642456036628}}
PROGRESS {"tag": "C_final_seed42", "iter": 126, "total": 1113, "metrics": {"train-rmse": 0.10804569284180611}}
PROGRESS {"tag": "C_final_seed42", "iter": 151, "total": 1113, "metrics": {"train-rmse": 0.1013482648480354}}
PROGRESS {"tag": "C_final_seed42", "iter": 176, "total": 1113, "metrics": {"train-rmse": 0.09707938973316495}}
PROGRESS {"tag": "C_final_seed42", "iter": 201, "total": 1113, "metrics": {"train-rmse": 0.09404615697181852}}
PROGRESS {"tag": "C_final_seed42", "iter": 226, "total": 1113, "metrics": {"train-rmse": 0.09159651774919422}}
PROGRESS {"tag": "C_final_seed42", "iter": 251, "total": 1113, "metrics": {"train-rmse": 0.08962888197242218}}
PROGRESS {"tag": "C_final_seed42", "iter": 276, "total": 1113, "metrics": {"train-rmse": 0.08796715415641938}}
PROGRESS {"tag": "C_final_seed42", "iter": 301, "total": 1113, "metrics": {"train-rmse": 0.08651559628206992}}
PROGRESS {"tag": "C_final_seed42", "iter": 326, "total": 1113, "metrics": {"train-rmse": 0.08514677384182008}}
PROGRESS {"tag": "C_final_seed42", "iter": 351, "total": 1113, "metrics": {"train-rmse": 0.08404319043273421}}
PROGRESS {"tag": "C_final_seed42", "iter": 376, "total": 1113, "metrics": {"train-rmse": 0.08302601814542045}}
PROGRESS {"tag": "C_final_seed42", "iter": 401, "total": 1113, "metrics": {"train-rmse": 0.08209578133291844}}
PROGRESS {"tag": "C_final_seed42", "iter": 426, "total": 1113, "metrics": {"train-rmse": 0.0812681863136998}}
PROGRESS {"tag": "C_final_seed42", "iter": 451, "total": 1113, "metrics": {"train-rmse": 0.08052010303334935}}
PROGRESS {"tag": "C_final_seed42", "iter": 476, "total": 1113, "metrics": {"train-rmse": 0.0797767062351565}}
PROGRESS {"tag": "C_final_seed42", "iter": 501, "total": 1113, "metrics": {"train-rmse": 0.07921167105193282}}
PROGRESS {"tag": "C_final_seed42", "iter": 526, "total": 1113, "metrics": {"train-rmse": 0.07861518385537708}}
PROGRESS {"tag": "C_final_seed42", "iter": 551, "total": 1113, "metrics": {"train-rmse": 0.07795330204564899}}
PROGRESS {"tag": "C_final_seed42", "iter": 576, "total": 1113, "metrics": {"train-rmse": 0.07741307852437854}}
PROGRESS {"tag": "C_final_seed42", "iter": 601, "total": 1113, "metrics": {"train-rmse": 0.07687315790844287}}
PROGRESS {"tag": "C_final_seed42", "iter": 626, "total": 1113, "metrics": {"train-rmse": 0.07641251341145915}}
PROGRESS {"tag": "C_final_seed42", "iter": 651, "total": 1113, "metrics": {"train-rmse": 0.07599203094274747}}
PROGRESS {"tag": "C_final_seed42", "iter": 676, "total": 1113, "metrics": {"train-rmse": 0.07557748542505663}}
PROGRESS {"tag": "C_final_seed42", "iter": 701, "total": 1113, "metrics": {"train-rmse": 0.07514898064415348}}
PROGRESS {"tag": "C_final_seed42", "iter": 726, "total": 1113, "metrics": {"train-rmse": 0.07475164363825965}}
PROGRESS {"tag": "C_final_seed42", "iter": 751, "total": 1113, "metrics": {"train-rmse": 0.07437120301873804}}
PROGRESS {"tag": "C_final_seed42", "iter": 776, "total": 1113, "metrics": {"train-rmse": 0.07394711445666602}}
PROGRESS {"tag": "C_final_seed42", "iter": 801, "total": 1113, "metrics": {"train-rmse": 0.07359381986967681}}
PROGRESS {"tag": "C_final_seed42", "iter": 826, "total": 1113, "metrics": {"train-rmse": 0.0732617195804062}}
PROGRESS {"tag": "C_final_seed42", "iter": 851, "total": 1113, "metrics": {"train-rmse": 0.07288342185532001}}
PROGRESS {"tag": "C_final_seed42", "iter": 876, "total": 1113, "metrics": {"train-rmse": 0.0725828815239066}}
PROGRESS {"tag": "C_final_seed42", "iter": 901, "total": 1113, "metrics": {"train-rmse": 0.07226168896433036}}
PROGRESS {"tag": "C_final_seed42", "iter": 926, "total": 1113, "metrics": {"train-rmse": 0.07193245719672547}}
PROGRESS {"tag": "C_final_seed42", "iter": 951, "total": 1113, "metrics": {"train-rmse": 0.07165930398743635}}
PROGRESS {"tag": "C_final_seed42", "iter": 976, "total": 1113, "metrics": {"train-rmse": 0.07135825017850068}}
PROGRESS {"tag": "C_final_seed42", "iter": 1001, "total": 1113, "metrics": {"train-rmse": 0.07109144018733184}}
PROGRESS {"tag": "C_final_seed42", "iter": 1026, "total": 1113, "metrics": {"train-rmse": 0.07083329623301596}}
PROGRESS {"tag": "C_final_seed42", "iter": 1051, "total": 1113, "metrics": {"train-rmse": 0.07054043266410633}}
PROGRESS {"tag": "C_final_seed42", "iter": 1076, "total": 1113, "metrics": {"train-rmse": 0.07024462863660022}}
PROGRESS {"tag": "C_final_seed42", "iter": 1101, "total": 1113, "metrics": {"train-rmse": 0.06996238890875348}}
PROGRESS {"tag": "C_final_seed42", "iter": 1113, "total": 1113, "metrics": {"train-rmse": 0.06981848342624211}}
DONE {"tag": "C_final_seed42", "best_iteration": 1112, "best_score": NaN, "seconds": 97.3}
WORKER_DONE {"device": "cuda:0", "jobs": 1}
PROGRESS {"tag": "C_final_seed43", "iter": 1, "total": 1113, "metrics": {"train-rmse": 0.4141375818855541}}
PROGRESS {"tag": "C_final_seed43", "iter": 26, "total": 1113, "metrics": {"train-rmse": 0.2699859139158021}}
PROGRESS {"tag": "C_final_seed43", "iter": 51, "total": 1113, "metrics": {"train-rmse": 0.18776351905144836}}
PROGRESS {"tag": "C_final_seed43", "iter": 76, "total": 1113, "metrics": {"train-rmse": 0.143258692197614}}
PROGRESS {"tag": "C_final_seed43", "iter": 101, "total": 1113, "metrics": {"train-rmse": 0.12015710679405912}}
PROGRESS {"tag": "C_final_seed43", "iter": 126, "total": 1113, "metrics": {"train-rmse": 0.10809382206468714}}
PROGRESS {"tag": "C_final_seed43", "iter": 151, "total": 1113, "metrics": {"train-rmse": 0.10144993416727113}}
PROGRESS {"tag": "C_final_seed43", "iter": 176, "total": 1113, "metrics": {"train-rmse": 0.09709427664591905}}
PROGRESS {"tag": "C_final_seed43", "iter": 201, "total": 1113, "metrics": {"train-rmse": 0.09415990450964842}}
PROGRESS {"tag": "C_final_seed43", "iter": 226, "total": 1113, "metrics": {"train-rmse": 0.09170496463550568}}
PROGRESS {"tag": "C_final_seed43", "iter": 251, "total": 1113, "metrics": {"train-rmse": 0.08975487939312414}}
PROGRESS {"tag": "C_final_seed43", "iter": 276, "total": 1113, "metrics": {"train-rmse": 0.08809897370376055}}
PROGRESS {"tag": "C_final_seed43", "iter": 301, "total": 1113, "metrics": {"train-rmse": 0.08662750309164771}}
PROGRESS {"tag": "C_final_seed43", "iter": 326, "total": 1113, "metrics": {"train-rmse": 0.0852528681933547}}
PROGRESS {"tag": "C_final_seed43", "iter": 351, "total": 1113, "metrics": {"train-rmse": 0.08413937195155369}}
PROGRESS {"tag": "C_final_seed43", "iter": 376, "total": 1113, "metrics": {"train-rmse": 0.08315259118023635}}
PROGRESS {"tag": "C_final_seed43", "iter": 401, "total": 1113, "metrics": {"train-rmse": 0.08225288943849025}}
PROGRESS {"tag": "C_final_seed43", "iter": 426, "total": 1113, "metrics": {"train-rmse": 0.08143956132037296}}
PROGRESS {"tag": "C_final_seed43", "iter": 451, "total": 1113, "metrics": {"train-rmse": 0.08059574427500718}}
PROGRESS {"tag": "C_final_seed43", "iter": 476, "total": 1113, "metrics": {"train-rmse": 0.07993228978507738}}
PROGRESS {"tag": "C_final_seed43", "iter": 501, "total": 1113, "metrics": {"train-rmse": 0.07925948170558561}}
PROGRESS {"tag": "C_final_seed43", "iter": 526, "total": 1113, "metrics": {"train-rmse": 0.07862553584221185}}
PROGRESS {"tag": "C_final_seed43", "iter": 551, "total": 1113, "metrics": {"train-rmse": 0.07799900288138585}}
PROGRESS {"tag": "C_final_seed43", "iter": 576, "total": 1113, "metrics": {"train-rmse": 0.07752452517308121}}
PROGRESS {"tag": "C_final_seed43", "iter": 601, "total": 1113, "metrics": {"train-rmse": 0.0769447634091806}}
PROGRESS {"tag": "C_final_seed43", "iter": 626, "total": 1113, "metrics": {"train-rmse": 0.07650202090635187}}
PROGRESS {"tag": "C_final_seed43", "iter": 651, "total": 1113, "metrics": {"train-rmse": 0.07605094384265398}}
PROGRESS {"tag": "C_final_seed43", "iter": 676, "total": 1113, "metrics": {"train-rmse": 0.07561056460659421}}
PROGRESS {"tag": "C_final_seed43", "iter": 701, "total": 1113, "metrics": {"train-rmse": 0.07519820156808942}}
PROGRESS {"tag": "C_final_seed43", "iter": 726, "total": 1113, "metrics": {"train-rmse": 0.07476548627612206}}
PROGRESS {"tag": "C_final_seed43", "iter": 751, "total": 1113, "metrics": {"train-rmse": 0.07439507534537208}}
PROGRESS {"tag": "C_final_seed43", "iter": 776, "total": 1113, "metrics": {"train-rmse": 0.07401845164103471}}
PROGRESS {"tag": "C_final_seed43", "iter": 801, "total": 1113, "metrics": {"train-rmse": 0.0736461264855462}}
PROGRESS {"tag": "C_final_seed43", "iter": 826, "total": 1113, "metrics": {"train-rmse": 0.07327838056984072}}
PROGRESS {"tag": "C_final_seed43", "iter": 851, "total": 1113, "metrics": {"train-rmse": 0.07295159699225842}}
PROGRESS {"tag": "C_final_seed43", "iter": 876, "total": 1113, "metrics": {"train-rmse": 0.07263111480792492}}
PROGRESS {"tag": "C_final_seed43", "iter": 901, "total": 1113, "metrics": {"train-rmse": 0.07231825644508762}}
PROGRESS {"tag": "C_final_seed43", "iter": 926, "total": 1113, "metrics": {"train-rmse": 0.07199304211421216}}
PROGRESS {"tag": "C_final_seed43", "iter": 951, "total": 1113, "metrics": {"train-rmse": 0.07168084120809608}}
PROGRESS {"tag": "C_final_seed43", "iter": 976, "total": 1113, "metrics": {"train-rmse": 0.07138233857843887}}
PROGRESS {"tag": "C_final_seed43", "iter": 1001, "total": 1113, "metrics": {"train-rmse": 0.07109479268751387}}
PROGRESS {"tag": "C_final_seed43", "iter": 1026, "total": 1113, "metrics": {"train-rmse": 0.07078155509397853}}
PROGRESS {"tag": "C_final_seed43", "iter": 1051, "total": 1113, "metrics": {"train-rmse": 0.07048611640460672}}
PROGRESS {"tag": "C_final_seed43", "iter": 1076, "total": 1113, "metrics": {"train-rmse": 0.07021341085608125}}
PROGRESS {"tag": "C_final_seed43", "iter": 1101, "total": 1113, "metrics": {"train-rmse": 0.06995038232456474}}
PROGRESS {"tag": "C_final_seed43", "iter": 1113, "total": 1113, "metrics": {"train-rmse": 0.06979669527290343}}
DONE {"tag": "C_final_seed43", "best_iteration": 1112, "best_score": NaN, "seconds": 94.3}
WORKER_DONE {"device": "cuda:0", "jobs": 1}
PROGRESS {"tag": "C_final_seed45", "iter": 1, "total": 1113, "metrics": {"train-rmse": 0.41419729652789056}}
PROGRESS {"tag": "C_final_seed45", "iter": 26, "total": 1113, "metrics": {"train-rmse": 0.26995539248058553}}
PROGRESS {"tag": "C_final_seed45", "iter": 51, "total": 1113, "metrics": {"train-rmse": 0.18784082381057163}}
PROGRESS {"tag": "C_final_seed45", "iter": 76, "total": 1113, "metrics": {"train-rmse": 0.14332919634788513}}
PROGRESS {"tag": "C_final_seed45", "iter": 101, "total": 1113, "metrics": {"train-rmse": 0.12013932888467864}}
PROGRESS {"tag": "C_final_seed45", "iter": 126, "total": 1113, "metrics": {"train-rmse": 0.10808306229842206}}
PROGRESS {"tag": "C_final_seed45", "iter": 151, "total": 1113, "metrics": {"train-rmse": 0.10132339904611751}}
PROGRESS {"tag": "C_final_seed45", "iter": 176, "total": 1113, "metrics": {"train-rmse": 0.09701729661995816}}
PROGRESS {"tag": "C_final_seed45", "iter": 201, "total": 1113, "metrics": {"train-rmse": 0.09391411485560072}}
PROGRESS {"tag": "C_final_seed45", "iter": 226, "total": 1113, "metrics": {"train-rmse": 0.09145802952078474}}
PROGRESS {"tag": "C_final_seed45", "iter": 251, "total": 1113, "metrics": {"train-rmse": 0.08952272729577954}}
PROGRESS {"tag": "C_final_seed45", "iter": 276, "total": 1113, "metrics": {"train-rmse": 0.08785648845643462}}
PROGRESS {"tag": "C_final_seed45", "iter": 301, "total": 1113, "metrics": {"train-rmse": 0.08636484546875232}}
PROGRESS {"tag": "C_final_seed45", "iter": 326, "total": 1113, "metrics": {"train-rmse": 0.08512002946271412}}
PROGRESS {"tag": "C_final_seed45", "iter": 351, "total": 1113, "metrics": {"train-rmse": 0.08402293487621866}}
PROGRESS {"tag": "C_final_seed45", "iter": 376, "total": 1113, "metrics": {"train-rmse": 0.08293524421517565}}
PROGRESS {"tag": "C_final_seed45", "iter": 401, "total": 1113, "metrics": {"train-rmse": 0.08201986535817404}}
PROGRESS {"tag": "C_final_seed45", "iter": 426, "total": 1113, "metrics": {"train-rmse": 0.08122496427078299}}
PROGRESS {"tag": "C_final_seed45", "iter": 451, "total": 1113, "metrics": {"train-rmse": 0.08048403000325666}}
PROGRESS {"tag": "C_final_seed45", "iter": 476, "total": 1113, "metrics": {"train-rmse": 0.07975325740418733}}
PROGRESS {"tag": "C_final_seed45", "iter": 501, "total": 1113, "metrics": {"train-rmse": 0.07912957707339109}}
PROGRESS {"tag": "C_final_seed45", "iter": 526, "total": 1113, "metrics": {"train-rmse": 0.07853573050006585}}
PROGRESS {"tag": "C_final_seed45", "iter": 551, "total": 1113, "metrics": {"train-rmse": 0.07798076125425635}}
PROGRESS {"tag": "C_final_seed45", "iter": 576, "total": 1113, "metrics": {"train-rmse": 0.07741643466031657}}
PROGRESS {"tag": "C_final_seed45", "iter": 601, "total": 1113, "metrics": {"train-rmse": 0.07692875197629309}}
PROGRESS {"tag": "C_final_seed45", "iter": 626, "total": 1113, "metrics": {"train-rmse": 0.07648763805143655}}
PROGRESS {"tag": "C_final_seed45", "iter": 651, "total": 1113, "metrics": {"train-rmse": 0.07599683741907891}}
PROGRESS {"tag": "C_final_seed45", "iter": 676, "total": 1113, "metrics": {"train-rmse": 0.07557878192681024}}
PROGRESS {"tag": "C_final_seed45", "iter": 701, "total": 1113, "metrics": {"train-rmse": 0.07518231684687723}}
PROGRESS {"tag": "C_final_seed45", "iter": 726, "total": 1113, "metrics": {"train-rmse": 0.07476857623882782}}
PROGRESS {"tag": "C_final_seed45", "iter": 751, "total": 1113, "metrics": {"train-rmse": 0.07437551049316549}}
PROGRESS {"tag": "C_final_seed45", "iter": 776, "total": 1113, "metrics": {"train-rmse": 0.07402472101683426}}
PROGRESS {"tag": "C_final_seed45", "iter": 801, "total": 1113, "metrics": {"train-rmse": 0.07368784781446212}}
PROGRESS {"tag": "C_final_seed45", "iter": 826, "total": 1113, "metrics": {"train-rmse": 0.07337205438780581}}
PROGRESS {"tag": "C_final_seed45", "iter": 851, "total": 1113, "metrics": {"train-rmse": 0.07299361977744466}}
PROGRESS {"tag": "C_final_seed45", "iter": 876, "total": 1113, "metrics": {"train-rmse": 0.07268473227265891}}
PROGRESS {"tag": "C_final_seed45", "iter": 901, "total": 1113, "metrics": {"train-rmse": 0.07236619226672225}}
PROGRESS {"tag": "C_final_seed45", "iter": 926, "total": 1113, "metrics": {"train-rmse": 0.07201970519286327}}
PROGRESS {"tag": "C_final_seed45", "iter": 951, "total": 1113, "metrics": {"train-rmse": 0.0717294509831574}}
PROGRESS {"tag": "C_final_seed45", "iter": 976, "total": 1113, "metrics": {"train-rmse": 0.07139663448115635}}
PROGRESS {"tag": "C_final_seed45", "iter": 1001, "total": 1113, "metrics": {"train-rmse": 0.07107828532608082}}
PROGRESS {"tag": "C_final_seed45", "iter": 1026, "total": 1113, "metrics": {"train-rmse": 0.07076883024241519}}
PROGRESS {"tag": "C_final_seed45", "iter": 1051, "total": 1113, "metrics": {"train-rmse": 0.07048708637472807}}
PROGRESS {"tag": "C_final_seed45", "iter": 1076, "total": 1113, "metrics": {"train-rmse": 0.0702186362707915}}
PROGRESS {"tag": "C_final_seed45", "iter": 1101, "total": 1113, "metrics": {"train-rmse": 0.06993723235248991}}
PROGRESS {"tag": "C_final_seed45", "iter": 1113, "total": 1113, "metrics": {"train-rmse": 0.06982930087971953}}
DONE {"tag": "C_final_seed45", "best_iteration": 1112, "best_score": NaN, "seconds": 100.8}
WORKER_DONE {"device": "cuda:0", "jobs": 1}
PROGRESS {"tag": "B_valid_seed42", "iter": 1, "total": 1012, "metrics": {"train-rmse": 0.41617200904017987, "valid-rmse": 0.3959647741777778}}
PROGRESS {"tag": "B_valid_seed42", "iter": 26, "total": 1012, "metrics": {"train-rmse": 0.27118486783051454, "valid-rmse": 0.2550848284203123}}
PROGRESS {"tag": "B_valid_seed42", "iter": 51, "total": 1012, "metrics": {"train-rmse": 0.18830947100345377, "valid-rmse": 0.17694063050410003}}
PROGRESS {"tag": "B_valid_seed42", "iter": 76, "total": 1012, "metrics": {"train-rmse": 0.14370621820779647, "valid-rmse": 0.13606731970616615}}
PROGRESS {"tag": "B_valid_seed42", "iter": 101, "total": 1012, "metrics": {"train-rmse": 0.1205476002412891, "valid-rmse": 0.1160038724361562}}
PROGRESS {"tag": "B_valid_seed42", "iter": 126, "total": 1012, "metrics": {"train-rmse": 0.10844553205348265, "valid-rmse": 0.10612622936132471}}
PROGRESS {"tag": "B_valid_seed42", "iter": 151, "total": 1012, "metrics": {"train-rmse": 0.10171600153335697, "valid-rmse": 0.10121286414522673}}
PROGRESS {"tag": "B_valid_seed42", "iter": 176, "total": 1012, "metrics": {"train-rmse": 0.09745814703526541, "valid-rmse": 0.09835922087446836}}
PROGRESS {"tag": "B_valid_seed42", "iter": 201, "total": 1012, "metrics": {"train-rmse": 0.09433211905950165, "valid-rmse": 0.09665740252700297}}
PROGRESS {"tag": "B_valid_seed42", "iter": 226, "total": 1012, "metrics": {"train-rmse": 0.09189556457244731, "valid-rmse": 0.09562895979827188}}
PROGRESS {"tag": "B_valid_seed42", "iter": 251, "total": 1012, "metrics": {"train-rmse": 0.089947582940409, "valid-rmse": 0.09499799365559197}}
PROGRESS {"tag": "B_valid_seed42", "iter": 276, "total": 1012, "metrics": {"train-rmse": 0.08827569616054416, "valid-rmse": 0.09469462415732047}}
PROGRESS {"tag": "B_valid_seed42", "iter": 301, "total": 1012, "metrics": {"train-rmse": 0.08679953996593325, "valid-rmse": 0.09442024555701402}}
PROGRESS {"tag": "B_valid_seed42", "iter": 326, "total": 1012, "metrics": {"train-rmse": 0.08535469151633611, "valid-rmse": 0.09390771434437396}}
PROGRESS {"tag": "B_valid_seed42", "iter": 351, "total": 1012, "metrics": {"train-rmse": 0.08425024664316476, "valid-rmse": 0.09357175144213202}}
PROGRESS {"tag": "B_valid_seed42", "iter": 376, "total": 1012, "metrics": {"train-rmse": 0.08328033158834686, "valid-rmse": 0.09348783173197896}}
PROGRESS {"tag": "B_valid_seed42", "iter": 401, "total": 1012, "metrics": {"train-rmse": 0.0823171159340098, "valid-rmse": 0.09319478273613638}}
PROGRESS {"tag": "B_valid_seed42", "iter": 426, "total": 1012, "metrics": {"train-rmse": 0.081461078594889, "valid-rmse": 0.09306760421140975}}
PROGRESS {"tag": "B_valid_seed42", "iter": 451, "total": 1012, "metrics": {"train-rmse": 0.08071285793218466, "valid-rmse": 0.09293893988566602}}
PROGRESS {"tag": "B_valid_seed42", "iter": 476, "total": 1012, "metrics": {"train-rmse": 0.07996212273592808, "valid-rmse": 0.09288692212210654}}
PROGRESS {"tag": "B_valid_seed42", "iter": 501, "total": 1012, "metrics": {"train-rmse": 0.07925646043658847, "valid-rmse": 0.09277786376448842}}
PROGRESS {"tag": "B_valid_seed42", "iter": 526, "total": 1012, "metrics": {"train-rmse": 0.07863701647534362, "valid-rmse": 0.09267473080863614}}
PROGRESS {"tag": "B_valid_seed42", "iter": 551, "total": 1012, "metrics": {"train-rmse": 0.0780047262303068, "valid-rmse": 0.09264108313560623}}
PROGRESS {"tag": "B_valid_seed42", "iter": 576, "total": 1012, "metrics": {"train-rmse": 0.07741288839622036, "valid-rmse": 0.09257608106000513}}
PROGRESS {"tag": "B_valid_seed42", "iter": 601, "total": 1012, "metrics": {"train-rmse": 0.07690409771135907, "valid-rmse": 0.0925121995115545}}
PROGRESS {"tag": "B_valid_seed42", "iter": 626, "total": 1012, "metrics": {"train-rmse": 0.07648247838018522, "valid-rmse": 0.09256565681485071}}
PROGRESS {"tag": "B_valid_seed42", "iter": 651, "total": 1012, "metrics": {"train-rmse": 0.07602242916526182, "valid-rmse": 0.09259329636396255}}
PROGRESS {"tag": "B_valid_seed42", "iter": 676, "total": 1012, "metrics": {"train-rmse": 0.07557696981880543, "valid-rmse": 0.09255731381128922}}
PROGRESS {"tag": "B_valid_seed42", "iter": 701, "total": 1012, "metrics": {"train-rmse": 0.0751980500422938, "valid-rmse": 0.09255741334788972}}
PROGRESS {"tag": "B_valid_seed42", "iter": 726, "total": 1012, "metrics": {"train-rmse": 0.07477966434458515, "valid-rmse": 0.09252540971245332}}
PROGRESS {"tag": "B_valid_seed42", "iter": 751, "total": 1012, "metrics": {"train-rmse": 0.07436888579537301, "valid-rmse": 0.09253619693283537}}
PROGRESS {"tag": "B_valid_seed42", "iter": 776, "total": 1012, "metrics": {"train-rmse": 0.07401350037980432, "valid-rmse": 0.09279861610440764}}
PROGRESS {"tag": "B_valid_seed42", "iter": 801, "total": 1012, "metrics": {"train-rmse": 0.07362846827965909, "valid-rmse": 0.09285964768986757}}
PROGRESS {"tag": "B_valid_seed42", "iter": 826, "total": 1012, "metrics": {"train-rmse": 0.07325883634465025, "valid-rmse": 0.09288029154798745}}
PROGRESS {"tag": "B_valid_seed42", "iter": 851, "total": 1012, "metrics": {"train-rmse": 0.07292625905634213, "valid-rmse": 0.09289280808321257}}
PROGRESS {"tag": "B_valid_seed42", "iter": 876, "total": 1012, "metrics": {"train-rmse": 0.07258394354679386, "valid-rmse": 0.09273502053186745}}
PROGRESS {"tag": "B_valid_seed42", "iter": 901, "total": 1012, "metrics": {"train-rmse": 0.07224501239970542, "valid-rmse": 0.09269414067044368}}
PROGRESS {"tag": "B_valid_seed42", "iter": 926, "total": 1012, "metrics": {"train-rmse": 0.07192270893100093, "valid-rmse": 0.09265458904306224}}
PROGRESS {"tag": "B_valid_seed42", "iter": 951, "total": 1012, "metrics": {"train-rmse": 0.07162847954355397, "valid-rmse": 0.09256563117620067}}
PROGRESS {"tag": "B_valid_seed42", "iter": 976, "total": 1012, "metrics": {"train-rmse": 0.07131489003624918, "valid-rmse": 0.09254445443243}}
PROGRESS {"tag": "B_valid_seed42", "iter": 1001, "total": 1012, "metrics": {"train-rmse": 0.07104732684745789, "valid-rmse": 0.0925462672322007}}
PROGRESS {"tag": "B_valid_seed42", "iter": 1012, "total": 1012, "metrics": {"train-rmse": 0.07091918326907325, "valid-rmse": 0.092554348753356}}
DONE {"tag": "B_valid_seed42", "best_iteration": 1011, "best_score": NaN, "seconds": 95.1}
WORKER_DONE {"device": "cuda:0", "jobs": 1}
PROGRESS {"tag": "B_valid_seed45", "iter": 1, "total": 1012, "metrics": {"train-rmse": 0.41621215797256117, "valid-rmse": 0.39602056768885074}}
PROGRESS {"tag": "B_valid_seed45", "iter": 26, "total": 1012, "metrics": {"train-rmse": 0.2710843852912639, "valid-rmse": 0.25558187309326863}}
PROGRESS {"tag": "B_valid_seed45", "iter": 51, "total": 1012, "metrics": {"train-rmse": 0.1885294928623684, "valid-rmse": 0.1773039539325378}}
PROGRESS {"tag": "B_valid_seed45", "iter": 76, "total": 1012, "metrics": {"train-rmse": 0.14387612648797365, "valid-rmse": 0.13636773816888947}}
PROGRESS {"tag": "B_valid_seed45", "iter": 101, "total": 1012, "metrics": {"train-rmse": 0.12066571959546762, "valid-rmse": 0.11590849068640154}}
PROGRESS {"tag": "B_valid_seed45", "iter": 126, "total": 1012, "metrics": {"train-rmse": 0.10854368475330767, "valid-rmse": 0.10578874613993042}}
PROGRESS {"tag": "B_valid_seed45", "iter": 151, "total": 1012, "metrics": {"train-rmse": 0.10176738314367188, "valid-rmse": 0.10070163466604082}}
PROGRESS {"tag": "B_valid_seed45", "iter": 176, "total": 1012, "metrics": {"train-rmse": 0.09744464793315835, "valid-rmse": 0.09803010797668502}}
PROGRESS {"tag": "B_valid_seed45", "iter": 201, "total": 1012, "metrics": {"train-rmse": 0.09430028900750788, "valid-rmse": 0.09635271433908357}}
PROGRESS {"tag": "B_valid_seed45", "iter": 226, "total": 1012, "metrics": {"train-rmse": 0.09189945401741008, "valid-rmse": 0.09527351819391956}}
PROGRESS {"tag": "B_valid_seed45", "iter": 251, "total": 1012, "metrics": {"train-rmse": 0.08995488773336825, "valid-rmse": 0.09441580495723212}}
PROGRESS {"tag": "B_valid_seed45", "iter": 276, "total": 1012, "metrics": {"train-rmse": 0.08831946979419139, "valid-rmse": 0.09408960983654069}}
PROGRESS {"tag": "B_valid_seed45", "iter": 301, "total": 1012, "metrics": {"train-rmse": 0.08669213380024098, "valid-rmse": 0.09363210520722776}}
PROGRESS {"tag": "B_valid_seed45", "iter": 326, "total": 1012, "metrics": {"train-rmse": 0.08538939142399353, "valid-rmse": 0.09343522772458725}}
PROGRESS {"tag": "B_valid_seed45", "iter": 351, "total": 1012, "metrics": {"train-rmse": 0.08427059347751488, "valid-rmse": 0.09319158661529939}}
PROGRESS {"tag": "B_valid_seed45", "iter": 376, "total": 1012, "metrics": {"train-rmse": 0.08329175147639398, "valid-rmse": 0.09286948476910845}}
PROGRESS {"tag": "B_valid_seed45", "iter": 401, "total": 1012, "metrics": {"train-rmse": 0.08233717865338323, "valid-rmse": 0.09252500595980895}}
PROGRESS {"tag": "B_valid_seed45", "iter": 426, "total": 1012, "metrics": {"train-rmse": 0.08154136847336985, "valid-rmse": 0.09229729538904773}}
PROGRESS {"tag": "B_valid_seed45", "iter": 451, "total": 1012, "metrics": {"train-rmse": 0.08076342272514145, "valid-rmse": 0.09225010375862591}}
PROGRESS {"tag": "B_valid_seed45", "iter": 476, "total": 1012, "metrics": {"train-rmse": 0.07999297394853834, "valid-rmse": 0.09217893073730843}}
PROGRESS {"tag": "B_valid_seed45", "iter": 501, "total": 1012, "metrics": {"train-rmse": 0.07933526907126315, "valid-rmse": 0.09205425632631628}}
PROGRESS {"tag": "B_valid_seed45", "iter": 526, "total": 1012, "metrics": {"train-rmse": 0.07867132717892038, "valid-rmse": 0.09197596301730152}}
PROGRESS {"tag": "B_valid_seed45", "iter": 551, "total": 1012, "metrics": {"train-rmse": 0.07814232533888987, "valid-rmse": 0.09188778552205916}}
PROGRESS {"tag": "B_valid_seed45", "iter": 576, "total": 1012, "metrics": {"train-rmse": 0.07758303845337386, "valid-rmse": 0.0917648800964768}}
PROGRESS {"tag": "B_valid_seed45", "iter": 601, "total": 1012, "metrics": {"train-rmse": 0.07709307720768202, "valid-rmse": 0.09162684461043273}}
PROGRESS {"tag": "B_valid_seed45", "iter": 626, "total": 1012, "metrics": {"train-rmse": 0.07661100880741954, "valid-rmse": 0.09163413721901428}}
PROGRESS {"tag": "B_valid_seed45", "iter": 651, "total": 1012, "metrics": {"train-rmse": 0.07616195009433108, "valid-rmse": 0.0915307859309481}}
PROGRESS {"tag": "B_valid_seed45", "iter": 676, "total": 1012, "metrics": {"train-rmse": 0.07574737453211126, "valid-rmse": 0.09150582601175491}}
PROGRESS {"tag": "B_valid_seed45", "iter": 701, "total": 1012, "metrics": {"train-rmse": 0.07527148896956906, "valid-rmse": 0.09153453725074409}}
PROGRESS {"tag": "B_valid_seed45", "iter": 726, "total": 1012, "metrics": {"train-rmse": 0.07484355016500788, "valid-rmse": 0.09143912490629491}}
PROGRESS {"tag": "B_valid_seed45", "iter": 751, "total": 1012, "metrics": {"train-rmse": 0.07444018704610718, "valid-rmse": 0.09138212917927309}}
PROGRESS {"tag": "B_valid_seed45", "iter": 776, "total": 1012, "metrics": {"train-rmse": 0.07408909878327523, "valid-rmse": 0.09141441947912299}}
PROGRESS {"tag": "B_valid_seed45", "iter": 801, "total": 1012, "metrics": {"train-rmse": 0.0736599820123887, "valid-rmse": 0.09131946544107923}}
PROGRESS {"tag": "B_valid_seed45", "iter": 826, "total": 1012, "metrics": {"train-rmse": 0.0732887827211393, "valid-rmse": 0.09121468835310109}}
PROGRESS {"tag": "B_valid_seed45", "iter": 851, "total": 1012, "metrics": {"train-rmse": 0.07298316449173788, "valid-rmse": 0.09124201331538752}}
PROGRESS {"tag": "B_valid_seed45", "iter": 876, "total": 1012, "metrics": {"train-rmse": 0.07262163612713995, "valid-rmse": 0.09127073196509404}}
PROGRESS {"tag": "B_valid_seed45", "iter": 901, "total": 1012, "metrics": {"train-rmse": 0.07231451948301135, "valid-rmse": 0.09128921337602972}}
PROGRESS {"tag": "B_valid_seed45", "iter": 926, "total": 1012, "metrics": {"train-rmse": 0.0719817112992944, "valid-rmse": 0.09123428240392766}}
PROGRESS {"tag": "B_valid_seed45", "iter": 951, "total": 1012, "metrics": {"train-rmse": 0.07164749765389794, "valid-rmse": 0.09116413681321403}}
PROGRESS {"tag": "B_valid_seed45", "iter": 976, "total": 1012, "metrics": {"train-rmse": 0.07136081023184104, "valid-rmse": 0.09117536594398061}}
PROGRESS {"tag": "B_valid_seed45", "iter": 1001, "total": 1012, "metrics": {"train-rmse": 0.07109270453723858, "valid-rmse": 0.09118993824835156}}
PROGRESS {"tag": "B_valid_seed45", "iter": 1012, "total": 1012, "metrics": {"train-rmse": 0.07092004376421121, "valid-rmse": 0.09119567099852693}}
DONE {"tag": "B_valid_seed45", "best_iteration": 1011, "best_score": NaN, "seconds": 49.6}
WORKER_DONE {"device": "cuda:0", "jobs": 1}
